patient_id,condition,task,electrode,file_path,prop_above_pos,prop_below_neg,high_activity,sample_idx,cluster_kmeans_rawds,silhouette,cluster_kmeans_rawds_ranked
EL030,audio,LM,A_L10,\\nasac-m2.unige.ch\m-HumanNeuronLab\ANALYSIS\FLM\Analysis_LoraFanda\01_FBM_Analysis\outputs\04_ersp_LM_RAWONLY\EL030\LM\ERSP_matrix\audio\EL030_audio_WM_ERSP_A_L10_TN.npy,0.0969509043927648,0.0159948320413436,True,0,2,0.16062865,2
EL030,audio,LM,A_L11,\\nasac-m2.unige.ch\m-HumanNeuronLab\ANALYSIS\FLM\Analysis_LoraFanda\01_FBM_Analysis\outputs\04_ersp_LM_RAWONLY\EL030\LM\ERSP_matrix\audio\EL030_audio_WM_ERSP_A_L11_TN.npy,0.1170801033591731,0.0187338501291989,True,1,2,0.16778113,2
EL030,audio,LM,A_L12,\\nasac-m2.unige.ch\m-HumanNeuronLab\ANALYSIS\FLM\Analysis_LoraFanda\01_FBM_Analysis\outputs\04_ersp_LM_RAWONLY\EL030\LM\ERSP_matrix\audio\EL030_audio_WM_ERSP_A_L12_TN.npy,0.1331266149870801,0.0309819121447028,True,2,2,0.16813478,2
EL030,audio,LM,A_L13,\\nasac-m2.unige.ch\m-HumanNeuronLab\ANALYSIS\FLM\Analysis_LoraFanda\01_FBM_Analysis\outputs\04_ersp_LM_RAWONLY\EL030\LM\ERSP_matrix\audio\EL030_audio_WM_ERSP_A_L13_TN.npy,0.1636434108527131,0.0608527131782945,True,3,2,0.17372607,2
EL030,audio,LM,A_L14,\\nasac-m2.unige.ch\m-HumanNeuronLab\ANALYSIS\FLM\Analysis_LoraFanda\01_FBM_Analysis\outputs\04_ersp_LM_RAWONLY\EL030\LM\ERSP_matrix\audio\EL030_audio_WM_ERSP_A_L14_TN.npy,0.1555038759689922,0.0640310077519379,True,4,2,0.18830112,2
EL030,audio,LM,A_L15,\\nasac-m2.unige.ch\m-HumanNeuronLab\ANALYSIS\FLM\Analysis_LoraFanda\01_FBM_Analysis\outputs\04_ersp_LM_RAWONLY\EL030\LM\ERSP_matrix\audio\EL030_audio_WM_ERSP_A_L15_TN.npy,0.1565374677002584,0.0564082687338501,True,5,2,0.18734859,2
EL030,audio,LM,A_L2,\\nasac-m2.unige.ch\m-HumanNeuronLab\ANALYSIS\FLM\Analysis_LoraFanda\01_FBM_Analysis\outputs\04_ersp_LM_RAWONLY\EL030\LM\ERSP_matrix\audio\EL030_audio_WM_ERSP_A_L2_TN.npy,0.0236175710594315,0.0034625322997416,True,6,9,0.10273577,9
EL030,audio,LM,A_L3,\\nasac-m2.unige.ch\m-HumanNeuronLab\ANALYSIS\FLM\Analysis_LoraFanda\01_FBM_Analysis\outputs\04_ersp_LM_RAWONLY\EL030\LM\ERSP_matrix\audio\EL030_audio_WM_ERSP_A_L3_TN.npy,0.0390697674418604,0.0041085271317829,True,7,2,-0.0017683771,2
EL030,audio,LM,A_L4,\\nasac-m2.unige.ch\m-HumanNeuronLab\ANALYSIS\FLM\Analysis_LoraFanda\01_FBM_Analysis\outputs\04_ersp_LM_RAWONLY\EL030\LM\ERSP_matrix\audio\EL030_audio_WM_ERSP_A_L4_TN.npy,0.047829457364341,0.0050645994832041,True,8,2,-0.03694154,2
EL030,audio,LM,A_L5,\\nasac-m2.unige.ch\m-HumanNeuronLab\ANALYSIS\FLM\Analysis_LoraFanda\01_FBM_Analysis\outputs\04_ersp_LM_RAWONLY\EL030\LM\ERSP_matrix\audio\EL030_audio_WM_ERSP_A_L5_TN.npy,0.0450387596899224,0.0074418604651162,True,9,2,0.02274335,2
EL030,audio,LM,A_L6,\\nasac-m2.unige.ch\m-HumanNeuronLab\ANALYSIS\FLM\Analysis_LoraFanda\01_FBM_Analysis\outputs\04_ersp_LM_RAWONLY\EL030\LM\ERSP_matrix\audio\EL030_audio_WM_ERSP_A_L6_TN.npy,0.0614211886304909,0.0046511627906976,True,10,2,0.043688092,2
EL030,audio,LM,A_L7,\\nasac-m2.unige.ch\m-HumanNeuronLab\ANALYSIS\FLM\Analysis_LoraFanda\01_FBM_Analysis\outputs\04_ersp_LM_RAWONLY\EL030\LM\ERSP_matrix\audio\EL030_audio_WM_ERSP_A_L7_TN.npy,0.0790697674418604,0.0062015503875968,True,11,2,0.069601804,2
EL030,audio,LM,A_L8,\\nasac-m2.unige.ch\m-HumanNeuronLab\ANALYSIS\FLM\Analysis_LoraFanda\01_FBM_Analysis\outputs\04_ersp_LM_RAWONLY\EL030\LM\ERSP_matrix\audio\EL030_audio_WM_ERSP_A_L8_TN.npy,0.0902842377260981,0.0100775193798449,True,12,2,0.14316162,2
EL030,audio,LM,A_L9,\\nasac-m2.unige.ch\m-HumanNeuronLab\ANALYSIS\FLM\Analysis_LoraFanda\01_FBM_Analysis\outputs\04_ersp_LM_RAWONLY\EL030\LM\ERSP_matrix\audio\EL030_audio_WM_ERSP_A_L9_TN.npy,0.0956847545219638,0.015219638242894,True,13,2,0.17014243,2
EL030,audio,LM,A_R11,\\nasac-m2.unige.ch\m-HumanNeuronLab\ANALYSIS\FLM\Analysis_LoraFanda\01_FBM_Analysis\outputs\04_ersp_LM_RAWONLY\EL030\LM\ERSP_matrix\audio\EL030_audio_WM_ERSP_A_R11_TN.npy,0.027829457364341,0.0100516795865633,True,14,2,0.045366574,2
EL030,audio,LM,A_R12,\\nasac-m2.unige.ch\m-HumanNeuronLab\ANALYSIS\FLM\Analysis_LoraFanda\01_FBM_Analysis\outputs\04_ersp_LM_RAWONLY\EL030\LM\ERSP_matrix\audio\EL030_audio_WM_ERSP_A_R12_TN.npy,0.0373385012919896,0.0196899224806201,True,15,2,0.15503784,2
EL030,audio,LM,A_R13,\\nasac-m2.unige.ch\m-HumanNeuronLab\ANALYSIS\FLM\Analysis_LoraFanda\01_FBM_Analysis\outputs\04_ersp_LM_RAWONLY\EL030\LM\ERSP_matrix\audio\EL030_audio_WM_ERSP_A_R13_TN.npy,0.0716537467700258,0.0639793281653746,True,16,2,0.108010694,2
EL030,audio,LM,A_R14,\\nasac-m2.unige.ch\m-HumanNeuronLab\ANALYSIS\FLM\Analysis_LoraFanda\01_FBM_Analysis\outputs\04_ersp_LM_RAWONLY\EL030\LM\ERSP_matrix\audio\EL030_audio_WM_ERSP_A_R14_TN.npy,0.0776744186046511,0.1736950904392764,True,17,6,0.016674403,6
EL030,audio,LM,A_R15,\\nasac-m2.unige.ch\m-HumanNeuronLab\ANALYSIS\FLM\Analysis_LoraFanda\01_FBM_Analysis\outputs\04_ersp_LM_RAWONLY\EL030\LM\ERSP_matrix\audio\EL030_audio_WM_ERSP_A_R15_TN.npy,0.079250645994832,0.1756072351421188,True,18,6,0.023456976,6
EL030,audio,LM,aH_L10,\\nasac-m2.unige.ch\m-HumanNeuronLab\ANALYSIS\FLM\Analysis_LoraFanda\01_FBM_Analysis\outputs\04_ersp_LM_RAWONLY\EL030\LM\ERSP_matrix\audio\EL030_audio_WM_ERSP_aH_L10_TN.npy,0.0916279069767441,0.0110594315245478,True,19,2,0.09271766,2
EL030,audio,LM,aH_L11,\\nasac-m2.unige.ch\m-HumanNeuronLab\ANALYSIS\FLM\Analysis_LoraFanda\01_FBM_Analysis\outputs\04_ersp_LM_RAWONLY\EL030\LM\ERSP_matrix\audio\EL030_audio_WM_ERSP_aH_L11_TN.npy,0.1367441860465116,0.0253746770025839,True,20,2,0.13794656,2
EL030,audio,LM,aH_L12,\\nasac-m2.unige.ch\m-HumanNeuronLab\ANALYSIS\FLM\Analysis_LoraFanda\01_FBM_Analysis\outputs\04_ersp_LM_RAWONLY\EL030\LM\ERSP_matrix\audio\EL030_audio_WM_ERSP_aH_L12_TN.npy,0.1228682170542635,0.0241602067183462,True,21,2,0.15817249,2
EL030,audio,LM,aH_L1,\\nasac-m2.unige.ch\m-HumanNeuronLab\ANALYSIS\FLM\Analysis_LoraFanda\01_FBM_Analysis\outputs\04_ersp_LM_RAWONLY\EL030\LM\ERSP_matrix\audio\EL030_audio_WM_ERSP_aH_L1_TN.npy,0.0211369509043927,0.0033074935400516,True,22,5,0.00027307894,5
EL030,audio,LM,aH_L2,\\nasac-m2.unige.ch\m-HumanNeuronLab\ANALYSIS\FLM\Analysis_LoraFanda\01_FBM_Analysis\outputs\04_ersp_LM_RAWONLY\EL030\LM\ERSP_matrix\audio\EL030_audio_WM_ERSP_aH_L2_TN.npy,0.0237726098191214,0.0031266149870801,True,23,9,0.07076653,9
EL030,audio,LM,aH_L3,\\nasac-m2.unige.ch\m-HumanNeuronLab\ANALYSIS\FLM\Analysis_LoraFanda\01_FBM_Analysis\outputs\04_ersp_LM_RAWONLY\EL030\LM\ERSP_matrix\audio\EL030_audio_WM_ERSP_aH_L3_TN.npy,0.0229198966408268,0.0049354005167958,True,24,9,0.12590879,9
EL030,audio,LM,aH_L4,\\nasac-m2.unige.ch\m-HumanNeuronLab\ANALYSIS\FLM\Analysis_LoraFanda\01_FBM_Analysis\outputs\04_ersp_LM_RAWONLY\EL030\LM\ERSP_matrix\audio\EL030_audio_WM_ERSP_aH_L4_TN.npy,0.0498708010335917,0.0046511627906976,True,25,2,-0.070928395,2
EL030,audio,LM,aH_L5,\\nasac-m2.unige.ch\m-HumanNeuronLab\ANALYSIS\FLM\Analysis_LoraFanda\01_FBM_Analysis\outputs\04_ersp_LM_RAWONLY\EL030\LM\ERSP_matrix\audio\EL030_audio_WM_ERSP_aH_L5_TN.npy,0.0441085271317829,0.0063824289405684,True,26,2,-0.008421905,2
EL030,audio,LM,aH_L6,\\nasac-m2.unige.ch\m-HumanNeuronLab\ANALYSIS\FLM\Analysis_LoraFanda\01_FBM_Analysis\outputs\04_ersp_LM_RAWONLY\EL030\LM\ERSP_matrix\audio\EL030_audio_WM_ERSP_aH_L6_TN.npy,0.0642894056847545,0.005297157622739,True,27,2,-0.00909211,2
EL030,audio,LM,aH_L7,\\nasac-m2.unige.ch\m-HumanNeuronLab\ANALYSIS\FLM\Analysis_LoraFanda\01_FBM_Analysis\outputs\04_ersp_LM_RAWONLY\EL030\LM\ERSP_matrix\audio\EL030_audio_WM_ERSP_aH_L7_TN.npy,0.0775710594315245,0.0074677002583979,True,28,2,0.002263337,2
EL030,audio,LM,aH_L8,\\nasac-m2.unige.ch\m-HumanNeuronLab\ANALYSIS\FLM\Analysis_LoraFanda\01_FBM_Analysis\outputs\04_ersp_LM_RAWONLY\EL030\LM\ERSP_matrix\audio\EL030_audio_WM_ERSP_aH_L8_TN.npy,0.0634883720930232,0.0089664082687338,True,29,2,-0.0119988695,2
EL030,audio,LM,aH_L9,\\nasac-m2.unige.ch\m-HumanNeuronLab\ANALYSIS\FLM\Analysis_LoraFanda\01_FBM_Analysis\outputs\04_ersp_LM_RAWONLY\EL030\LM\ERSP_matrix\audio\EL030_audio_WM_ERSP_aH_L9_TN.npy,0.0619121447028423,0.0098708010335917,True,30,2,0.07326471,2
EL030,audio,LM,aH_R11,\\nasac-m2.unige.ch\m-HumanNeuronLab\ANALYSIS\FLM\Analysis_LoraFanda\01_FBM_Analysis\outputs\04_ersp_LM_RAWONLY\EL030\LM\ERSP_matrix\audio\EL030_audio_WM_ERSP_aH_R11_TN.npy,0.0278036175710594,0.0047803617571059,True,31,0,0.087532334,0
EL030,audio,LM,aH_R13,\\nasac-m2.unige.ch\m-HumanNeuronLab\ANALYSIS\FLM\Analysis_LoraFanda\01_FBM_Analysis\outputs\04_ersp_LM_RAWONLY\EL030\LM\ERSP_matrix\audio\EL030_audio_WM_ERSP_aH_R13_TN.npy,0.0324289405684754,0.0073901808785529,True,32,2,0.057895917,2
EL030,audio,LM,aH_R14,\\nasac-m2.unige.ch\m-HumanNeuronLab\ANALYSIS\FLM\Analysis_LoraFanda\01_FBM_Analysis\outputs\04_ersp_LM_RAWONLY\EL030\LM\ERSP_matrix\audio\EL030_audio_WM_ERSP_aH_R14_TN.npy,0.0531266149870801,0.030594315245478,True,33,2,0.2046827,2
EL030,audio,LM,aH_R15,\\nasac-m2.unige.ch\m-HumanNeuronLab\ANALYSIS\FLM\Analysis_LoraFanda\01_FBM_Analysis\outputs\04_ersp_LM_RAWONLY\EL030\LM\ERSP_matrix\audio\EL030_audio_WM_ERSP_aH_R15_TN.npy,0.0314987080103359,0.0296382428940568,True,34,2,0.1764707,2
EL030,audio,LM,EntG_R12,\\nasac-m2.unige.ch\m-HumanNeuronLab\ANALYSIS\FLM\Analysis_LoraFanda\01_FBM_Analysis\outputs\04_ersp_LM_RAWONLY\EL030\LM\ERSP_matrix\audio\EL030_audio_WM_ERSP_EntG_R12_TN.npy,0.0233333333333333,0.0064341085271317,True,35,0,0.033626106,0
EL030,audio,LM,EntG_R13,\\nasac-m2.unige.ch\m-HumanNeuronLab\ANALYSIS\FLM\Analysis_LoraFanda\01_FBM_Analysis\outputs\04_ersp_LM_RAWONLY\EL030\LM\ERSP_matrix\audio\EL030_audio_WM_ERSP_EntG_R13_TN.npy,0.0210852713178294,0.0121188630490956,True,36,0,0.04204735,0
EL030,audio,LM,EntG_R14,\\nasac-m2.unige.ch\m-HumanNeuronLab\ANALYSIS\FLM\Analysis_LoraFanda\01_FBM_Analysis\outputs\04_ersp_LM_RAWONLY\EL030\LM\ERSP_matrix\audio\EL030_audio_WM_ERSP_EntG_R14_TN.npy,0.0240051679586563,0.0135142118863049,True,37,2,0.12964378,2
EL030,audio,LM,EntG_R15,\\nasac-m2.unige.ch\m-HumanNeuronLab\ANALYSIS\FLM\Analysis_LoraFanda\01_FBM_Analysis\outputs\04_ersp_LM_RAWONLY\EL030\LM\ERSP_matrix\audio\EL030_audio_WM_ERSP_EntG_R15_TN.npy,0.0207235142118863,0.0386821705426356,True,38,2,0.17380115,2
EL030,audio,LM,pH_R10,\\nasac-m2.unige.ch\m-HumanNeuronLab\ANALYSIS\FLM\Analysis_LoraFanda\01_FBM_Analysis\outputs\04_ersp_LM_RAWONLY\EL030\LM\ERSP_matrix\audio\EL030_audio_WM_ERSP_pH_R10_TN.npy,0.0268733850129198,0.013953488372093,True,39,2,0.09622746,2
EL030,audio,LM,pH_R9,\\nasac-m2.unige.ch\m-HumanNeuronLab\ANALYSIS\FLM\Analysis_LoraFanda\01_FBM_Analysis\outputs\04_ersp_LM_RAWONLY\EL030\LM\ERSP_matrix\audio\EL030_audio_WM_ERSP_pH_R9_TN.npy,0.0200258397932816,0.0042118863049095,True,40,2,-0.06529962,2
EL030,audio,LM,pHG_R11,\\nasac-m2.unige.ch\m-HumanNeuronLab\ANALYSIS\FLM\Analysis_LoraFanda\01_FBM_Analysis\outputs\04_ersp_LM_RAWONLY\EL030\LM\ERSP_matrix\audio\EL030_audio_WM_ERSP_pHG_R11_TN.npy,0.0255555555555555,0.0091989664082687,True,41,2,-0.068865426,2
EL030,audio,LM,pHG_R12,\\nasac-m2.unige.ch\m-HumanNeuronLab\ANALYSIS\FLM\Analysis_LoraFanda\01_FBM_Analysis\outputs\04_ersp_LM_RAWONLY\EL030\LM\ERSP_matrix\audio\EL030_audio_WM_ERSP_pHG_R12_TN.npy,0.0876227390180878,0.0149354005167958,True,42,2,-0.007940837,2
EL030,audio,LM,pHG_R13,\\nasac-m2.unige.ch\m-HumanNeuronLab\ANALYSIS\FLM\Analysis_LoraFanda\01_FBM_Analysis\outputs\04_ersp_LM_RAWONLY\EL030\LM\ERSP_matrix\audio\EL030_audio_WM_ERSP_pHG_R13_TN.npy,0.12656330749354,0.0248062015503875,True,43,2,0.061161015,2
EL030,audio,LM,pHG_R14,\\nasac-m2.unige.ch\m-HumanNeuronLab\ANALYSIS\FLM\Analysis_LoraFanda\01_FBM_Analysis\outputs\04_ersp_LM_RAWONLY\EL030\LM\ERSP_matrix\audio\EL030_audio_WM_ERSP_pHG_R14_TN.npy,0.1254521963824289,0.0263824289405684,True,44,2,0.07333536,2
EL030,audio,LM,pHG_R15,\\nasac-m2.unige.ch\m-HumanNeuronLab\ANALYSIS\FLM\Analysis_LoraFanda\01_FBM_Analysis\outputs\04_ersp_LM_RAWONLY\EL030\LM\ERSP_matrix\audio\EL030_audio_WM_ERSP_pHG_R15_TN.npy,0.1112144702842377,0.0194573643410852,True,45,2,0.03809487,2
EL030,picture,LM,A_L10,\\nasac-m2.unige.ch\m-HumanNeuronLab\ANALYSIS\FLM\Analysis_LoraFanda\01_FBM_Analysis\outputs\04_ersp_LM_RAWONLY\EL030\LM\ERSP_matrix\picture\EL030_picture_WM_ERSP_A_L10_TN.npy,0.0593023255813953,0.0016795865633074,True,46,8,0.02097094,8
EL030,picture,LM,A_L11,\\nasac-m2.unige.ch\m-HumanNeuronLab\ANALYSIS\FLM\Analysis_LoraFanda\01_FBM_Analysis\outputs\04_ersp_LM_RAWONLY\EL030\LM\ERSP_matrix\picture\EL030_picture_WM_ERSP_A_L11_TN.npy,0.0604651162790697,0.0006976744186046,True,47,8,-0.024785966,8
EL030,picture,LM,A_L12,\\nasac-m2.unige.ch\m-HumanNeuronLab\ANALYSIS\FLM\Analysis_LoraFanda\01_FBM_Analysis\outputs\04_ersp_LM_RAWONLY\EL030\LM\ERSP_matrix\picture\EL030_picture_WM_ERSP_A_L12_TN.npy,0.0841085271317829,0.0007751937984496,True,48,8,-0.00476123,8
EL030,picture,LM,A_L13,\\nasac-m2.unige.ch\m-HumanNeuronLab\ANALYSIS\FLM\Analysis_LoraFanda\01_FBM_Analysis\outputs\04_ersp_LM_RAWONLY\EL030\LM\ERSP_matrix\picture\EL030_picture_WM_ERSP_A_L13_TN.npy,0.1647803617571059,0.0010077519379844,True,49,8,0.11228295,8
EL030,picture,LM,A_L14,\\nasac-m2.unige.ch\m-HumanNeuronLab\ANALYSIS\FLM\Analysis_LoraFanda\01_FBM_Analysis\outputs\04_ersp_LM_RAWONLY\EL030\LM\ERSP_matrix\picture\EL030_picture_WM_ERSP_A_L14_TN.npy,0.1641602067183462,0.0006459948320413,True,50,8,0.11280986,8
EL030,picture,LM,A_L15,\\nasac-m2.unige.ch\m-HumanNeuronLab\ANALYSIS\FLM\Analysis_LoraFanda\01_FBM_Analysis\outputs\04_ersp_LM_RAWONLY\EL030\LM\ERSP_matrix\picture\EL030_picture_WM_ERSP_A_L15_TN.npy,0.1662273901808785,0.000516795865633,True,51,8,0.117503986,8
EL030,picture,LM,A_L2,\\nasac-m2.unige.ch\m-HumanNeuronLab\ANALYSIS\FLM\Analysis_LoraFanda\01_FBM_Analysis\outputs\04_ersp_LM_RAWONLY\EL030\LM\ERSP_matrix\picture\EL030_picture_WM_ERSP_A_L2_TN.npy,0.0205426356589147,0.0016279069767441,True,52,5,0.055171948,5
EL030,picture,LM,A_L3,\\nasac-m2.unige.ch\m-HumanNeuronLab\ANALYSIS\FLM\Analysis_LoraFanda\01_FBM_Analysis\outputs\04_ersp_LM_RAWONLY\EL030\LM\ERSP_matrix\picture\EL030_picture_WM_ERSP_A_L3_TN.npy,0.0312144702842377,0.0005426356589147,True,53,5,0.051071875,5
EL030,picture,LM,A_L4,\\nasac-m2.unige.ch\m-HumanNeuronLab\ANALYSIS\FLM\Analysis_LoraFanda\01_FBM_Analysis\outputs\04_ersp_LM_RAWONLY\EL030\LM\ERSP_matrix\picture\EL030_picture_WM_ERSP_A_L4_TN.npy,0.0251937984496124,0.0007235142118863,True,54,5,0.025644766,5
EL030,picture,LM,A_L5,\\nasac-m2.unige.ch\m-HumanNeuronLab\ANALYSIS\FLM\Analysis_LoraFanda\01_FBM_Analysis\outputs\04_ersp_LM_RAWONLY\EL030\LM\ERSP_matrix\picture\EL030_picture_WM_ERSP_A_L5_TN.npy,0.0298191214470284,0.0002842377260981,True,55,8,-0.019702991,8
EL030,picture,LM,A_L6,\\nasac-m2.unige.ch\m-HumanNeuronLab\ANALYSIS\FLM\Analysis_LoraFanda\01_FBM_Analysis\outputs\04_ersp_LM_RAWONLY\EL030\LM\ERSP_matrix\picture\EL030_picture_WM_ERSP_A_L6_TN.npy,0.0361757105943152,0.0009819121447028,True,56,8,-0.0013894114,8
EL030,picture,LM,A_L7,\\nasac-m2.unige.ch\m-HumanNeuronLab\ANALYSIS\FLM\Analysis_LoraFanda\01_FBM_Analysis\outputs\04_ersp_LM_RAWONLY\EL030\LM\ERSP_matrix\picture\EL030_picture_WM_ERSP_A_L7_TN.npy,0.0535400516795865,0.0002325581395348,True,57,8,0.05188435,8
EL030,picture,LM,A_L8,\\nasac-m2.unige.ch\m-HumanNeuronLab\ANALYSIS\FLM\Analysis_LoraFanda\01_FBM_Analysis\outputs\04_ersp_LM_RAWONLY\EL030\LM\ERSP_matrix\picture\EL030_picture_WM_ERSP_A_L8_TN.npy,0.045142118863049,0.0010077519379844,True,58,8,0.01363925,8
EL030,picture,LM,A_L9,\\nasac-m2.unige.ch\m-HumanNeuronLab\ANALYSIS\FLM\Analysis_LoraFanda\01_FBM_Analysis\outputs\04_ersp_LM_RAWONLY\EL030\LM\ERSP_matrix\picture\EL030_picture_WM_ERSP_A_L9_TN.npy,0.0587338501291989,0.0002325581395348,True,59,8,0.024092613,8
EL030,picture,LM,A_R13,\\nasac-m2.unige.ch\m-HumanNeuronLab\ANALYSIS\FLM\Analysis_LoraFanda\01_FBM_Analysis\outputs\04_ersp_LM_RAWONLY\EL030\LM\ERSP_matrix\picture\EL030_picture_WM_ERSP_A_R13_TN.npy,0.0281136950904392,0.06656330749354,True,60,6,0.0029944486,6
EL030,picture,LM,A_R14,\\nasac-m2.unige.ch\m-HumanNeuronLab\ANALYSIS\FLM\Analysis_LoraFanda\01_FBM_Analysis\outputs\04_ersp_LM_RAWONLY\EL030\LM\ERSP_matrix\picture\EL030_picture_WM_ERSP_A_R14_TN.npy,0.0326614987080103,0.1178811369509044,True,61,6,0.091179565,6
EL030,picture,LM,A_R15,\\nasac-m2.unige.ch\m-HumanNeuronLab\ANALYSIS\FLM\Analysis_LoraFanda\01_FBM_Analysis\outputs\04_ersp_LM_RAWONLY\EL030\LM\ERSP_matrix\picture\EL030_picture_WM_ERSP_A_R15_TN.npy,0.0337467700258397,0.1265116279069767,True,62,6,0.10700998,6
EL030,picture,LM,A_R1,\\nasac-m2.unige.ch\m-HumanNeuronLab\ANALYSIS\FLM\Analysis_LoraFanda\01_FBM_Analysis\outputs\04_ersp_LM_RAWONLY\EL030\LM\ERSP_matrix\picture\EL030_picture_WM_ERSP_A_R1_TN.npy,0.0256589147286821,0.000594315245478,True,63,5,0.09274067,5
EL030,picture,LM,A_R5,\\nasac-m2.unige.ch\m-HumanNeuronLab\ANALYSIS\FLM\Analysis_LoraFanda\01_FBM_Analysis\outputs\04_ersp_LM_RAWONLY\EL030\LM\ERSP_matrix\picture\EL030_picture_WM_ERSP_A_R5_TN.npy,0.0219638242894056,0.0007751937984496,True,64,5,0.09717315,5
EL030,picture,LM,aH_L10,\\nasac-m2.unige.ch\m-HumanNeuronLab\ANALYSIS\FLM\Analysis_LoraFanda\01_FBM_Analysis\outputs\04_ersp_LM_RAWONLY\EL030\LM\ERSP_matrix\picture\EL030_picture_WM_ERSP_aH_L10_TN.npy,0.0775193798449612,0.0001550387596899,True,65,8,0.025315814,8
EL030,picture,LM,aH_L11,\\nasac-m2.unige.ch\m-HumanNeuronLab\ANALYSIS\FLM\Analysis_LoraFanda\01_FBM_Analysis\outputs\04_ersp_LM_RAWONLY\EL030\LM\ERSP_matrix\picture\EL030_picture_WM_ERSP_aH_L11_TN.npy,0.1800775193798449,0.0008527131782945,True,66,8,0.12528884,8
EL030,picture,LM,aH_L12,\\nasac-m2.unige.ch\m-HumanNeuronLab\ANALYSIS\FLM\Analysis_LoraFanda\01_FBM_Analysis\outputs\04_ersp_LM_RAWONLY\EL030\LM\ERSP_matrix\picture\EL030_picture_WM_ERSP_aH_L12_TN.npy,0.1264082687338501,0.0002583979328165,True,67,8,0.16650563,8
EL030,picture,LM,aH_L1,\\nasac-m2.unige.ch\m-HumanNeuronLab\ANALYSIS\FLM\Analysis_LoraFanda\01_FBM_Analysis\outputs\04_ersp_LM_RAWONLY\EL030\LM\ERSP_matrix\picture\EL030_picture_WM_ERSP_aH_L1_TN.npy,0.0201808785529715,0.0005426356589147,True,68,5,0.099635445,5
EL030,picture,LM,aH_L2,\\nasac-m2.unige.ch\m-HumanNeuronLab\ANALYSIS\FLM\Analysis_LoraFanda\01_FBM_Analysis\outputs\04_ersp_LM_RAWONLY\EL030\LM\ERSP_matrix\picture\EL030_picture_WM_ERSP_aH_L2_TN.npy,0.0236175710594315,0.0004392764857881,True,69,5,0.06411412,5
EL030,picture,LM,aH_L4,\\nasac-m2.unige.ch\m-HumanNeuronLab\ANALYSIS\FLM\Analysis_LoraFanda\01_FBM_Analysis\outputs\04_ersp_LM_RAWONLY\EL030\LM\ERSP_matrix\picture\EL030_picture_WM_ERSP_aH_L4_TN.npy,0.0328423772609819,0.0004392764857881,True,70,8,-0.038576256,8
EL030,picture,LM,aH_L5,\\nasac-m2.unige.ch\m-HumanNeuronLab\ANALYSIS\FLM\Analysis_LoraFanda\01_FBM_Analysis\outputs\04_ersp_LM_RAWONLY\EL030\LM\ERSP_matrix\picture\EL030_picture_WM_ERSP_aH_L5_TN.npy,0.0388630490956072,0.0005426356589147,True,71,0,0.013845606,0
EL030,picture,LM,aH_L6,\\nasac-m2.unige.ch\m-HumanNeuronLab\ANALYSIS\FLM\Analysis_LoraFanda\01_FBM_Analysis\outputs\04_ersp_LM_RAWONLY\EL030\LM\ERSP_matrix\picture\EL030_picture_WM_ERSP_aH_L6_TN.npy,0.0504909560723514,0.0002067183462532,True,72,8,0.0118739195,8
EL030,picture,LM,aH_L7,\\nasac-m2.unige.ch\m-HumanNeuronLab\ANALYSIS\FLM\Analysis_LoraFanda\01_FBM_Analysis\outputs\04_ersp_LM_RAWONLY\EL030\LM\ERSP_matrix\picture\EL030_picture_WM_ERSP_aH_L7_TN.npy,0.0475452196382428,0.0001550387596899,True,73,8,0.05577171,8
EL030,picture,LM,aH_L8,\\nasac-m2.unige.ch\m-HumanNeuronLab\ANALYSIS\FLM\Analysis_LoraFanda\01_FBM_Analysis\outputs\04_ersp_LM_RAWONLY\EL030\LM\ERSP_matrix\picture\EL030_picture_WM_ERSP_aH_L8_TN.npy,0.0317054263565891,0.0006459948320413,True,74,8,-0.011416851,8
EL030,picture,LM,aH_L9,\\nasac-m2.unige.ch\m-HumanNeuronLab\ANALYSIS\FLM\Analysis_LoraFanda\01_FBM_Analysis\outputs\04_ersp_LM_RAWONLY\EL030\LM\ERSP_matrix\picture\EL030_picture_WM_ERSP_aH_L9_TN.npy,0.0317571059431524,0.0001550387596899,True,75,8,-0.056217764,8
EL030,picture,LM,aH_R10,\\nasac-m2.unige.ch\m-HumanNeuronLab\ANALYSIS\FLM\Analysis_LoraFanda\01_FBM_Analysis\outputs\04_ersp_LM_RAWONLY\EL030\LM\ERSP_matrix\picture\EL030_picture_WM_ERSP_aH_R10_TN.npy,0.0208268733850129,0.0009560723514211,True,76,0,0.025132898,0
EL030,picture,LM,aH_R11,\\nasac-m2.unige.ch\m-HumanNeuronLab\ANALYSIS\FLM\Analysis_LoraFanda\01_FBM_Analysis\outputs\04_ersp_LM_RAWONLY\EL030\LM\ERSP_matrix\picture\EL030_picture_WM_ERSP_aH_R11_TN.npy,0.0304909560723514,0.0008010335917312,True,77,0,0.1379937,0
EL030,picture,LM,aH_R12,\\nasac-m2.unige.ch\m-HumanNeuronLab\ANALYSIS\FLM\Analysis_LoraFanda\01_FBM_Analysis\outputs\04_ersp_LM_RAWONLY\EL030\LM\ERSP_matrix\picture\EL030_picture_WM_ERSP_aH_R12_TN.npy,0.0207235142118863,0.000516795865633,True,78,0,0.056024477,0
EL030,picture,LM,aH_R13,\\nasac-m2.unige.ch\m-HumanNeuronLab\ANALYSIS\FLM\Analysis_LoraFanda\01_FBM_Analysis\outputs\04_ersp_LM_RAWONLY\EL030\LM\ERSP_matrix\picture\EL030_picture_WM_ERSP_aH_R13_TN.npy,0.0206201550387596,0.0009302325581395,True,79,0,0.0710363,0
EL030,picture,LM,aH_R1,\\nasac-m2.unige.ch\m-HumanNeuronLab\ANALYSIS\FLM\Analysis_LoraFanda\01_FBM_Analysis\outputs\04_ersp_LM_RAWONLY\EL030\LM\ERSP_matrix\picture\EL030_picture_WM_ERSP_aH_R1_TN.npy,0.0217054263565891,0.0004392764857881,True,80,5,0.051655725,5
EL030,picture,LM,EntG_R12,\\nasac-m2.unige.ch\m-HumanNeuronLab\ANALYSIS\FLM\Analysis_LoraFanda\01_FBM_Analysis\outputs\04_ersp_LM_RAWONLY\EL030\LM\ERSP_matrix\picture\EL030_picture_WM_ERSP_EntG_R12_TN.npy,0.0233074935400516,0.0013695090439276,True,81,0,0.09954167,0
EL030,picture,LM,EntG_R1,\\nasac-m2.unige.ch\m-HumanNeuronLab\ANALYSIS\FLM\Analysis_LoraFanda\01_FBM_Analysis\outputs\04_ersp_LM_RAWONLY\EL030\LM\ERSP_matrix\picture\EL030_picture_WM_ERSP_EntG_R1_TN.npy,0.0208268733850129,0.0002325581395348,True,82,5,0.08185996,5
EL030,picture,LM,EntG_R2,\\nasac-m2.unige.ch\m-HumanNeuronLab\ANALYSIS\FLM\Analysis_LoraFanda\01_FBM_Analysis\outputs\04_ersp_LM_RAWONLY\EL030\LM\ERSP_matrix\picture\EL030_picture_WM_ERSP_EntG_R2_TN.npy,0.0241602067183462,5.167958656330749e-05,True,83,5,0.08817948,5
EL030,picture,LM,EntG_R4,\\nasac-m2.unige.ch\m-HumanNeuronLab\ANALYSIS\FLM\Analysis_LoraFanda\01_FBM_Analysis\outputs\04_ersp_LM_RAWONLY\EL030\LM\ERSP_matrix\picture\EL030_picture_WM_ERSP_EntG_R4_TN.npy,0.0263824289405684,0.0010335917312661,True,84,5,0.090899095,5
EL030,picture,LM,EntG_R5,\\nasac-m2.unige.ch\m-HumanNeuronLab\ANALYSIS\FLM\Analysis_LoraFanda\01_FBM_Analysis\outputs\04_ersp_LM_RAWONLY\EL030\LM\ERSP_matrix\picture\EL030_picture_WM_ERSP_EntG_R5_TN.npy,0.0272609819121447,0.0003359173126614,True,85,5,0.074488185,5
EL030,picture,LM,EntG_R6,\\nasac-m2.unige.ch\m-HumanNeuronLab\ANALYSIS\FLM\Analysis_LoraFanda\01_FBM_Analysis\outputs\04_ersp_LM_RAWONLY\EL030\LM\ERSP_matrix\picture\EL030_picture_WM_ERSP_EntG_R6_TN.npy,0.0275193798449612,0.0009819121447028,True,86,1,-0.10774583,1
EL030,picture,LM,EntG_R7,\\nasac-m2.unige.ch\m-HumanNeuronLab\ANALYSIS\FLM\Analysis_LoraFanda\01_FBM_Analysis\outputs\04_ersp_LM_RAWONLY\EL030\LM\ERSP_matrix\picture\EL030_picture_WM_ERSP_EntG_R7_TN.npy,0.0820413436692506,0.0031266149870801,True,87,1,0.013245358,1
EL030,picture,LM,EntG_R8,\\nasac-m2.unige.ch\m-HumanNeuronLab\ANALYSIS\FLM\Analysis_LoraFanda\01_FBM_Analysis\outputs\04_ersp_LM_RAWONLY\EL030\LM\ERSP_matrix\picture\EL030_picture_WM_ERSP_EntG_R8_TN.npy,0.0946511627906976,0.0020413436692506,True,88,1,0.069477215,1
EL030,picture,LM,pH_R10,\\nasac-m2.unige.ch\m-HumanNeuronLab\ANALYSIS\FLM\Analysis_LoraFanda\01_FBM_Analysis\outputs\04_ersp_LM_RAWONLY\EL030\LM\ERSP_matrix\picture\EL030_picture_WM_ERSP_pH_R10_TN.npy,0.0271834625322997,0.0001808785529715,True,89,0,0.106310405,0
EL030,picture,LM,pH_R8,\\nasac-m2.unige.ch\m-HumanNeuronLab\ANALYSIS\FLM\Analysis_LoraFanda\01_FBM_Analysis\outputs\04_ersp_LM_RAWONLY\EL030\LM\ERSP_matrix\picture\EL030_picture_WM_ERSP_pH_R8_TN.npy,0.0208785529715762,0.000594315245478,True,90,0,0.036466938,0
EL030,picture,LM,pH_R9,\\nasac-m2.unige.ch\m-HumanNeuronLab\ANALYSIS\FLM\Analysis_LoraFanda\01_FBM_Analysis\outputs\04_ersp_LM_RAWONLY\EL030\LM\ERSP_matrix\picture\EL030_picture_WM_ERSP_pH_R9_TN.npy,0.0272609819121447,0.0003359173126614,True,91,0,0.12498208,0
EL030,picture,LM,pHG_R11,\\nasac-m2.unige.ch\m-HumanNeuronLab\ANALYSIS\FLM\Analysis_LoraFanda\01_FBM_Analysis\outputs\04_ersp_LM_RAWONLY\EL030\LM\ERSP_matrix\picture\EL030_picture_WM_ERSP_pHG_R11_TN.npy,0.0203617571059431,0.0057105943152454,True,92,7,0.077839285,7
EL030,picture,LM,pHG_R12,\\nasac-m2.unige.ch\m-HumanNeuronLab\ANALYSIS\FLM\Analysis_LoraFanda\01_FBM_Analysis\outputs\04_ersp_LM_RAWONLY\EL030\LM\ERSP_matrix\picture\EL030_picture_WM_ERSP_pHG_R12_TN.npy,0.0639018087855297,0.005219638242894,True,93,7,0.025192741,7
EL030,picture,LM,pHG_R13,\\nasac-m2.unige.ch\m-HumanNeuronLab\ANALYSIS\FLM\Analysis_LoraFanda\01_FBM_Analysis\outputs\04_ersp_LM_RAWONLY\EL030\LM\ERSP_matrix\picture\EL030_picture_WM_ERSP_pHG_R13_TN.npy,0.1110852713178294,0.0021188630490956,True,94,9,0.04729517,9
EL030,picture,LM,pHG_R14,\\nasac-m2.unige.ch\m-HumanNeuronLab\ANALYSIS\FLM\Analysis_LoraFanda\01_FBM_Analysis\outputs\04_ersp_LM_RAWONLY\EL030\LM\ERSP_matrix\picture\EL030_picture_WM_ERSP_pHG_R14_TN.npy,0.1065374677002584,0.0016020671834625,True,95,8,-0.025567176,8
EL030,picture,LM,pHG_R15,\\nasac-m2.unige.ch\m-HumanNeuronLab\ANALYSIS\FLM\Analysis_LoraFanda\01_FBM_Analysis\outputs\04_ersp_LM_RAWONLY\EL030\LM\ERSP_matrix\picture\EL030_picture_WM_ERSP_pHG_R15_TN.npy,0.1081653746770025,0.0003100775193798,True,96,8,0.010354406,8
EL030,picture,LM,pHG_R1,\\nasac-m2.unige.ch\m-HumanNeuronLab\ANALYSIS\FLM\Analysis_LoraFanda\01_FBM_Analysis\outputs\04_ersp_LM_RAWONLY\EL030\LM\ERSP_matrix\picture\EL030_picture_WM_ERSP_pHG_R1_TN.npy,0.054547803617571,0.0097674418604651,True,97,1,-0.018305542,1
EL030,picture,LM,pHG_R2,\\nasac-m2.unige.ch\m-HumanNeuronLab\ANALYSIS\FLM\Analysis_LoraFanda\01_FBM_Analysis\outputs\04_ersp_LM_RAWONLY\EL030\LM\ERSP_matrix\picture\EL030_picture_WM_ERSP_pHG_R2_TN.npy,0.0941860465116279,0.0045994832041343,True,98,1,0.08589074,1
EL030,picture,LM,pHG_R3,\\nasac-m2.unige.ch\m-HumanNeuronLab\ANALYSIS\FLM\Analysis_LoraFanda\01_FBM_Analysis\outputs\04_ersp_LM_RAWONLY\EL030\LM\ERSP_matrix\picture\EL030_picture_WM_ERSP_pHG_R3_TN.npy,0.0663307493540051,0.0042635658914728,True,99,1,0.027883062,1
EL030,picture,LM,pHG_R4,\\nasac-m2.unige.ch\m-HumanNeuronLab\ANALYSIS\FLM\Analysis_LoraFanda\01_FBM_Analysis\outputs\04_ersp_LM_RAWONLY\EL030\LM\ERSP_matrix\picture\EL030_picture_WM_ERSP_pHG_R4_TN.npy,0.0274418604651162,0.0062015503875968,True,100,7,0.030504122,7
EL030,picture,LM,pHG_R6,\\nasac-m2.unige.ch\m-HumanNeuronLab\ANALYSIS\FLM\Analysis_LoraFanda\01_FBM_Analysis\outputs\04_ersp_LM_RAWONLY\EL030\LM\ERSP_matrix\picture\EL030_picture_WM_ERSP_pHG_R6_TN.npy,0.0295607235142118,0.0006201550387596,True,101,5,0.11012012,5
EL030,picture,LM,pHG_R7,\\nasac-m2.unige.ch\m-HumanNeuronLab\ANALYSIS\FLM\Analysis_LoraFanda\01_FBM_Analysis\outputs\04_ersp_LM_RAWONLY\EL030\LM\ERSP_matrix\picture\EL030_picture_WM_ERSP_pHG_R7_TN.npy,0.0204651162790697,0.0010077519379844,True,102,5,0.05650968,5
EL030,reading,LM,A_L10,\\nasac-m2.unige.ch\m-HumanNeuronLab\ANALYSIS\FLM\Analysis_LoraFanda\01_FBM_Analysis\outputs\04_ersp_LM_RAWONLY\EL030\LM\ERSP_matrix\reading\EL030_reading_WM_ERSP_A_L10_TN.npy,0.1,0.0038501291989664,True,103,9,0.09928594,9
EL030,reading,LM,A_L11,\\nasac-m2.unige.ch\m-HumanNeuronLab\ANALYSIS\FLM\Analysis_LoraFanda\01_FBM_Analysis\outputs\04_ersp_LM_RAWONLY\EL030\LM\ERSP_matrix\reading\EL030_reading_WM_ERSP_A_L11_TN.npy,0.0863049095607235,0.0055813953488372,True,104,9,0.1456026,9
EL030,reading,LM,A_L12,\\nasac-m2.unige.ch\m-HumanNeuronLab\ANALYSIS\FLM\Analysis_LoraFanda\01_FBM_Analysis\outputs\04_ersp_LM_RAWONLY\EL030\LM\ERSP_matrix\reading\EL030_reading_WM_ERSP_A_L12_TN.npy,0.1101808785529715,0.0057881136950904,True,105,9,0.12996115,9
EL030,reading,LM,A_L13,\\nasac-m2.unige.ch\m-HumanNeuronLab\ANALYSIS\FLM\Analysis_LoraFanda\01_FBM_Analysis\outputs\04_ersp_LM_RAWONLY\EL030\LM\ERSP_matrix\reading\EL030_reading_WM_ERSP_A_L13_TN.npy,0.1576744186046511,0.0053488372093023,True,106,9,0.04290671,9
EL030,reading,LM,A_L14,\\nasac-m2.unige.ch\m-HumanNeuronLab\ANALYSIS\FLM\Analysis_LoraFanda\01_FBM_Analysis\outputs\04_ersp_LM_RAWONLY\EL030\LM\ERSP_matrix\reading\EL030_reading_WM_ERSP_A_L14_TN.npy,0.1769250645994832,0.0017312661498708,True,107,8,0.028367052,8
EL030,reading,LM,A_L15,\\nasac-m2.unige.ch\m-HumanNeuronLab\ANALYSIS\FLM\Analysis_LoraFanda\01_FBM_Analysis\outputs\04_ersp_LM_RAWONLY\EL030\LM\ERSP_matrix\reading\EL030_reading_WM_ERSP_A_L15_TN.npy,0.1512144702842377,0.0027906976744186,True,108,8,-0.008665778,8
EL030,reading,LM,A_L1,\\nasac-m2.unige.ch\m-HumanNeuronLab\ANALYSIS\FLM\Analysis_LoraFanda\01_FBM_Analysis\outputs\04_ersp_LM_RAWONLY\EL030\LM\ERSP_matrix\reading\EL030_reading_WM_ERSP_A_L1_TN.npy,0.0413178294573643,0.0036175710594315,True,109,9,0.08677654,9
EL030,reading,LM,A_L2,\\nasac-m2.unige.ch\m-HumanNeuronLab\ANALYSIS\FLM\Analysis_LoraFanda\01_FBM_Analysis\outputs\04_ersp_LM_RAWONLY\EL030\LM\ERSP_matrix\reading\EL030_reading_WM_ERSP_A_L2_TN.npy,0.0541602067183462,0.0020930232558139,True,110,9,0.0471518,9
EL030,reading,LM,A_L3,\\nasac-m2.unige.ch\m-HumanNeuronLab\ANALYSIS\FLM\Analysis_LoraFanda\01_FBM_Analysis\outputs\04_ersp_LM_RAWONLY\EL030\LM\ERSP_matrix\reading\EL030_reading_WM_ERSP_A_L3_TN.npy,0.0524289405684754,0.0047286821705426,True,111,9,0.032134056,9
EL030,reading,LM,A_L4,\\nasac-m2.unige.ch\m-HumanNeuronLab\ANALYSIS\FLM\Analysis_LoraFanda\01_FBM_Analysis\outputs\04_ersp_LM_RAWONLY\EL030\LM\ERSP_matrix\reading\EL030_reading_WM_ERSP_A_L4_TN.npy,0.0473643410852713,0.0036434108527131,True,112,9,0.038741164,9
EL030,reading,LM,A_L5,\\nasac-m2.unige.ch\m-HumanNeuronLab\ANALYSIS\FLM\Analysis_LoraFanda\01_FBM_Analysis\outputs\04_ersp_LM_RAWONLY\EL030\LM\ERSP_matrix\reading\EL030_reading_WM_ERSP_A_L5_TN.npy,0.0587855297157622,0.0029198966408268,True,113,9,0.064604044,9
EL030,reading,LM,A_L6,\\nasac-m2.unige.ch\m-HumanNeuronLab\ANALYSIS\FLM\Analysis_LoraFanda\01_FBM_Analysis\outputs\04_ersp_LM_RAWONLY\EL030\LM\ERSP_matrix\reading\EL030_reading_WM_ERSP_A_L6_TN.npy,0.0589664082687338,0.0031007751937984,True,114,9,0.088734716,9
EL030,reading,LM,A_L7,\\nasac-m2.unige.ch\m-HumanNeuronLab\ANALYSIS\FLM\Analysis_LoraFanda\01_FBM_Analysis\outputs\04_ersp_LM_RAWONLY\EL030\LM\ERSP_matrix\reading\EL030_reading_WM_ERSP_A_L7_TN.npy,0.0758397932816537,0.0029457364341085,True,115,9,0.07463267,9
EL030,reading,LM,A_L8,\\nasac-m2.unige.ch\m-HumanNeuronLab\ANALYSIS\FLM\Analysis_LoraFanda\01_FBM_Analysis\outputs\04_ersp_LM_RAWONLY\EL030\LM\ERSP_matrix\reading\EL030_reading_WM_ERSP_A_L8_TN.npy,0.0623514211886304,0.0062015503875968,True,116,9,0.10483887,9
EL030,reading,LM,A_L9,\\nasac-m2.unige.ch\m-HumanNeuronLab\ANALYSIS\FLM\Analysis_LoraFanda\01_FBM_Analysis\outputs\04_ersp_LM_RAWONLY\EL030\LM\ERSP_matrix\reading\EL030_reading_WM_ERSP_A_L9_TN.npy,0.085968992248062,0.0049354005167958,True,117,9,0.09521646,9
EL030,reading,LM,A_R11,\\nasac-m2.unige.ch\m-HumanNeuronLab\ANALYSIS\FLM\Analysis_LoraFanda\01_FBM_Analysis\outputs\04_ersp_LM_RAWONLY\EL030\LM\ERSP_matrix\reading\EL030_reading_WM_ERSP_A_R11_TN.npy,0.029250645994832,0.0062790697674418,True,118,5,0.06836031,5
EL030,reading,LM,A_R12,\\nasac-m2.unige.ch\m-HumanNeuronLab\ANALYSIS\FLM\Analysis_LoraFanda\01_FBM_Analysis\outputs\04_ersp_LM_RAWONLY\EL030\LM\ERSP_matrix\reading\EL030_reading_WM_ERSP_A_R12_TN.npy,0.037312661498708,0.0065374677002583,True,119,5,0.04624451,5
EL030,reading,LM,A_R13,\\nasac-m2.unige.ch\m-HumanNeuronLab\ANALYSIS\FLM\Analysis_LoraFanda\01_FBM_Analysis\outputs\04_ersp_LM_RAWONLY\EL030\LM\ERSP_matrix\reading\EL030_reading_WM_ERSP_A_R13_TN.npy,0.0617829457364341,0.0103359173126615,True,120,0,0.05360856,0
EL030,reading,LM,A_R14,\\nasac-m2.unige.ch\m-HumanNeuronLab\ANALYSIS\FLM\Analysis_LoraFanda\01_FBM_Analysis\outputs\04_ersp_LM_RAWONLY\EL030\LM\ERSP_matrix\reading\EL030_reading_WM_ERSP_A_R14_TN.npy,0.083953488372093,0.0082687338501291,True,121,0,0.024374327,0
EL030,reading,LM,A_R15,\\nasac-m2.unige.ch\m-HumanNeuronLab\ANALYSIS\FLM\Analysis_LoraFanda\01_FBM_Analysis\outputs\04_ersp_LM_RAWONLY\EL030\LM\ERSP_matrix\reading\EL030_reading_WM_ERSP_A_R15_TN.npy,0.0803100775193798,0.0067958656330749,True,122,0,0.015057868,0
EL030,reading,LM,A_R1,\\nasac-m2.unige.ch\m-HumanNeuronLab\ANALYSIS\FLM\Analysis_LoraFanda\01_FBM_Analysis\outputs\04_ersp_LM_RAWONLY\EL030\LM\ERSP_matrix\reading\EL030_reading_WM_ERSP_A_R1_TN.npy,0.0293540051679586,0.0088888888888888,True,123,7,0.030060338,7
EL030,reading,LM,A_R4,\\nasac-m2.unige.ch\m-HumanNeuronLab\ANALYSIS\FLM\Analysis_LoraFanda\01_FBM_Analysis\outputs\04_ersp_LM_RAWONLY\EL030\LM\ERSP_matrix\reading\EL030_reading_WM_ERSP_A_R4_TN.npy,0.0201550387596899,0.0058656330749354,True,124,7,0.027779192,7
EL030,reading,LM,aH_L10,\\nasac-m2.unige.ch\m-HumanNeuronLab\ANALYSIS\FLM\Analysis_LoraFanda\01_FBM_Analysis\outputs\04_ersp_LM_RAWONLY\EL030\LM\ERSP_matrix\reading\EL030_reading_WM_ERSP_aH_L10_TN.npy,0.0644961240310077,0.006640826873385,True,125,9,0.14751767,9
EL030,reading,LM,aH_L11,\\nasac-m2.unige.ch\m-HumanNeuronLab\ANALYSIS\FLM\Analysis_LoraFanda\01_FBM_Analysis\outputs\04_ersp_LM_RAWONLY\EL030\LM\ERSP_matrix\reading\EL030_reading_WM_ERSP_aH_L11_TN.npy,0.0876227390180878,0.0107235142118863,True,126,9,0.09262607,9
EL030,reading,LM,aH_L12,\\nasac-m2.unige.ch\m-HumanNeuronLab\ANALYSIS\FLM\Analysis_LoraFanda\01_FBM_Analysis\outputs\04_ersp_LM_RAWONLY\EL030\LM\ERSP_matrix\reading\EL030_reading_WM_ERSP_aH_L12_TN.npy,0.1350645994832041,0.0017312661498708,True,127,8,0.014349459,8
EL030,reading,LM,aH_L1,\\nasac-m2.unige.ch\m-HumanNeuronLab\ANALYSIS\FLM\Analysis_LoraFanda\01_FBM_Analysis\outputs\04_ersp_LM_RAWONLY\EL030\LM\ERSP_matrix\reading\EL030_reading_WM_ERSP_aH_L1_TN.npy,0.0437467700258397,0.0052454780361757,True,128,5,0.028843593,5
EL030,reading,LM,aH_L2,\\nasac-m2.unige.ch\m-HumanNeuronLab\ANALYSIS\FLM\Analysis_LoraFanda\01_FBM_Analysis\outputs\04_ersp_LM_RAWONLY\EL030\LM\ERSP_matrix\reading\EL030_reading_WM_ERSP_aH_L2_TN.npy,0.0317054263565891,0.003875968992248,True,129,9,0.03763031,9
EL030,reading,LM,aH_L3,\\nasac-m2.unige.ch\m-HumanNeuronLab\ANALYSIS\FLM\Analysis_LoraFanda\01_FBM_Analysis\outputs\04_ersp_LM_RAWONLY\EL030\LM\ERSP_matrix\reading\EL030_reading_WM_ERSP_aH_L3_TN.npy,0.0218087855297157,0.0068733850129198,True,130,9,0.06462524,9
EL030,reading,LM,aH_L4,\\nasac-m2.unige.ch\m-HumanNeuronLab\ANALYSIS\FLM\Analysis_LoraFanda\01_FBM_Analysis\outputs\04_ersp_LM_RAWONLY\EL030\LM\ERSP_matrix\reading\EL030_reading_WM_ERSP_aH_L4_TN.npy,0.0391214470284237,0.0050387596899224,True,131,9,0.05547837,9
EL030,reading,LM,aH_L5,\\nasac-m2.unige.ch\m-HumanNeuronLab\ANALYSIS\FLM\Analysis_LoraFanda\01_FBM_Analysis\outputs\04_ersp_LM_RAWONLY\EL030\LM\ERSP_matrix\reading\EL030_reading_WM_ERSP_aH_L5_TN.npy,0.0349870801033591,0.0062790697674418,True,132,9,0.07287662,9
EL030,reading,LM,aH_L6,\\nasac-m2.unige.ch\m-HumanNeuronLab\ANALYSIS\FLM\Analysis_LoraFanda\01_FBM_Analysis\outputs\04_ersp_LM_RAWONLY\EL030\LM\ERSP_matrix\reading\EL030_reading_WM_ERSP_aH_L6_TN.npy,0.0710594315245478,0.0028682170542635,True,133,9,0.08596575,9
EL030,reading,LM,aH_L7,\\nasac-m2.unige.ch\m-HumanNeuronLab\ANALYSIS\FLM\Analysis_LoraFanda\01_FBM_Analysis\outputs\04_ersp_LM_RAWONLY\EL030\LM\ERSP_matrix\reading\EL030_reading_WM_ERSP_aH_L7_TN.npy,0.06984496124031,0.0044444444444444,True,134,9,0.10926084,9
EL030,reading,LM,aH_L8,\\nasac-m2.unige.ch\m-HumanNeuronLab\ANALYSIS\FLM\Analysis_LoraFanda\01_FBM_Analysis\outputs\04_ersp_LM_RAWONLY\EL030\LM\ERSP_matrix\reading\EL030_reading_WM_ERSP_aH_L8_TN.npy,0.0648320413436692,0.0038501291989664,True,135,9,0.10406469,9
EL030,reading,LM,aH_L9,\\nasac-m2.unige.ch\m-HumanNeuronLab\ANALYSIS\FLM\Analysis_LoraFanda\01_FBM_Analysis\outputs\04_ersp_LM_RAWONLY\EL030\LM\ERSP_matrix\reading\EL030_reading_WM_ERSP_aH_L9_TN.npy,0.049328165374677,0.0047803617571059,True,136,9,0.11924531,9
EL030,reading,LM,aH_R10,\\nasac-m2.unige.ch\m-HumanNeuronLab\ANALYSIS\FLM\Analysis_LoraFanda\01_FBM_Analysis\outputs\04_ersp_LM_RAWONLY\EL030\LM\ERSP_matrix\reading\EL030_reading_WM_ERSP_aH_R10_TN.npy,0.0341602067183462,0.0061498708010335,True,137,0,0.1649964,0
EL030,reading,LM,aH_R11,\\nasac-m2.unige.ch\m-HumanNeuronLab\ANALYSIS\FLM\Analysis_LoraFanda\01_FBM_Analysis\outputs\04_ersp_LM_RAWONLY\EL030\LM\ERSP_matrix\reading\EL030_reading_WM_ERSP_aH_R11_TN.npy,0.0247286821705426,0.0066925064599483,True,138,0,0.06896383,0
EL030,reading,LM,aH_R12,\\nasac-m2.unige.ch\m-HumanNeuronLab\ANALYSIS\FLM\Analysis_LoraFanda\01_FBM_Analysis\outputs\04_ersp_LM_RAWONLY\EL030\LM\ERSP_matrix\reading\EL030_reading_WM_ERSP_aH_R12_TN.npy,0.0352454780361757,0.0047803617571059,True,139,0,0.1680337,0
EL030,reading,LM,aH_R13,\\nasac-m2.unige.ch\m-HumanNeuronLab\ANALYSIS\FLM\Analysis_LoraFanda\01_FBM_Analysis\outputs\04_ersp_LM_RAWONLY\EL030\LM\ERSP_matrix\reading\EL030_reading_WM_ERSP_aH_R13_TN.npy,0.0534366925064599,0.0044186046511627,True,140,0,0.1562635,0
EL030,reading,LM,aH_R14,\\nasac-m2.unige.ch\m-HumanNeuronLab\ANALYSIS\FLM\Analysis_LoraFanda\01_FBM_Analysis\outputs\04_ersp_LM_RAWONLY\EL030\LM\ERSP_matrix\reading\EL030_reading_WM_ERSP_aH_R14_TN.npy,0.0719121447028423,0.0075710594315245,True,141,0,0.008470296,0
EL030,reading,LM,aH_R15,\\nasac-m2.unige.ch\m-HumanNeuronLab\ANALYSIS\FLM\Analysis_LoraFanda\01_FBM_Analysis\outputs\04_ersp_LM_RAWONLY\EL030\LM\ERSP_matrix\reading\EL030_reading_WM_ERSP_aH_R15_TN.npy,0.0714987080103359,0.0043152454780361,True,142,0,-0.02366627,0
EL030,reading,LM,EntG_R10,\\nasac-m2.unige.ch\m-HumanNeuronLab\ANALYSIS\FLM\Analysis_LoraFanda\01_FBM_Analysis\outputs\04_ersp_LM_RAWONLY\EL030\LM\ERSP_matrix\reading\EL030_reading_WM_ERSP_EntG_R10_TN.npy,0.024547803617571,0.0068217054263565,True,143,0,0.05579122,0
EL030,reading,LM,EntG_R11,\\nasac-m2.unige.ch\m-HumanNeuronLab\ANALYSIS\FLM\Analysis_LoraFanda\01_FBM_Analysis\outputs\04_ersp_LM_RAWONLY\EL030\LM\ERSP_matrix\reading\EL030_reading_WM_ERSP_EntG_R11_TN.npy,0.0230232558139534,0.0065116279069767,True,144,0,0.0016819681,0
EL030,reading,LM,EntG_R12,\\nasac-m2.unige.ch\m-HumanNeuronLab\ANALYSIS\FLM\Analysis_LoraFanda\01_FBM_Analysis\outputs\04_ersp_LM_RAWONLY\EL030\LM\ERSP_matrix\reading\EL030_reading_WM_ERSP_EntG_R12_TN.npy,0.0321705426356589,0.0059431524547803,True,145,0,0.091392644,0
EL030,reading,LM,EntG_R13,\\nasac-m2.unige.ch\m-HumanNeuronLab\ANALYSIS\FLM\Analysis_LoraFanda\01_FBM_Analysis\outputs\04_ersp_LM_RAWONLY\EL030\LM\ERSP_matrix\reading\EL030_reading_WM_ERSP_EntG_R13_TN.npy,0.0309043927648578,0.0062015503875968,True,146,0,0.12529184,0
EL030,reading,LM,EntG_R14,\\nasac-m2.unige.ch\m-HumanNeuronLab\ANALYSIS\FLM\Analysis_LoraFanda\01_FBM_Analysis\outputs\04_ersp_LM_RAWONLY\EL030\LM\ERSP_matrix\reading\EL030_reading_WM_ERSP_EntG_R14_TN.npy,0.0327906976744186,0.0085271317829457,True,147,0,0.08830865,0
EL030,reading,LM,EntG_R15,\\nasac-m2.unige.ch\m-HumanNeuronLab\ANALYSIS\FLM\Analysis_LoraFanda\01_FBM_Analysis\outputs\04_ersp_LM_RAWONLY\EL030\LM\ERSP_matrix\reading\EL030_reading_WM_ERSP_EntG_R15_TN.npy,0.0552454780361757,0.0041602067183462,True,148,0,0.014858982,0
EL030,reading,LM,EntG_R16,\\nasac-m2.unige.ch\m-HumanNeuronLab\ANALYSIS\FLM\Analysis_LoraFanda\01_FBM_Analysis\outputs\04_ersp_LM_RAWONLY\EL030\LM\ERSP_matrix\reading\EL030_reading_WM_ERSP_EntG_R16_TN.npy,0.0563307493540051,0.001860465116279,True,149,9,0.062074378,9
EL030,reading,LM,EntG_R17,\\nasac-m2.unige.ch\m-HumanNeuronLab\ANALYSIS\FLM\Analysis_LoraFanda\01_FBM_Analysis\outputs\04_ersp_LM_RAWONLY\EL030\LM\ERSP_matrix\reading\EL030_reading_WM_ERSP_EntG_R17_TN.npy,0.0602067183462532,0.0014211886304909,True,150,8,-0.060021933,8
EL030,reading,LM,EntG_R1,\\nasac-m2.unige.ch\m-HumanNeuronLab\ANALYSIS\FLM\Analysis_LoraFanda\01_FBM_Analysis\outputs\04_ersp_LM_RAWONLY\EL030\LM\ERSP_matrix\reading\EL030_reading_WM_ERSP_EntG_R1_TN.npy,0.0421188630490956,0.0026873385012919,True,151,0,-0.029913908,0
EL030,reading,LM,EntG_R2,\\nasac-m2.unige.ch\m-HumanNeuronLab\ANALYSIS\FLM\Analysis_LoraFanda\01_FBM_Analysis\outputs\04_ersp_LM_RAWONLY\EL030\LM\ERSP_matrix\reading\EL030_reading_WM_ERSP_EntG_R2_TN.npy,0.0417571059431524,0.0021188630490956,True,152,5,0.0638983,5
EL030,reading,LM,EntG_R3,\\nasac-m2.unige.ch\m-HumanNeuronLab\ANALYSIS\FLM\Analysis_LoraFanda\01_FBM_Analysis\outputs\04_ersp_LM_RAWONLY\EL030\LM\ERSP_matrix\reading\EL030_reading_WM_ERSP_EntG_R3_TN.npy,0.0448320413436692,0.0024289405684754,True,153,5,0.053407952,5
EL030,reading,LM,EntG_R4,\\nasac-m2.unige.ch\m-HumanNeuronLab\ANALYSIS\FLM\Analysis_LoraFanda\01_FBM_Analysis\outputs\04_ersp_LM_RAWONLY\EL030\LM\ERSP_matrix\reading\EL030_reading_WM_ERSP_EntG_R4_TN.npy,0.0477519379844961,0.0027131782945736,True,154,5,0.09185534,5
EL030,reading,LM,EntG_R5,\\nasac-m2.unige.ch\m-HumanNeuronLab\ANALYSIS\FLM\Analysis_LoraFanda\01_FBM_Analysis\outputs\04_ersp_LM_RAWONLY\EL030\LM\ERSP_matrix\reading\EL030_reading_WM_ERSP_EntG_R5_TN.npy,0.031266149870801,0.003953488372093,True,155,5,0.058570713,5
EL030,reading,LM,EntG_R6,\\nasac-m2.unige.ch\m-HumanNeuronLab\ANALYSIS\FLM\Analysis_LoraFanda\01_FBM_Analysis\outputs\04_ersp_LM_RAWONLY\EL030\LM\ERSP_matrix\reading\EL030_reading_WM_ERSP_EntG_R6_TN.npy,0.0245994832041343,0.0024547803617571,True,156,5,0.092731126,5
EL030,reading,LM,EntG_R9,\\nasac-m2.unige.ch\m-HumanNeuronLab\ANALYSIS\FLM\Analysis_LoraFanda\01_FBM_Analysis\outputs\04_ersp_LM_RAWONLY\EL030\LM\ERSP_matrix\reading\EL030_reading_WM_ERSP_EntG_R9_TN.npy,0.0224547803617571,0.0031266149870801,True,157,5,0.094429016,5
EL030,reading,LM,pH_R10,\\nasac-m2.unige.ch\m-HumanNeuronLab\ANALYSIS\FLM\Analysis_LoraFanda\01_FBM_Analysis\outputs\04_ersp_LM_RAWONLY\EL030\LM\ERSP_matrix\reading\EL030_reading_WM_ERSP_pH_R10_TN.npy,0.0609302325581395,0.0056847545219638,True,158,0,0.049359944,0
EL030,reading,LM,pH_R11,\\nasac-m2.unige.ch\m-HumanNeuronLab\ANALYSIS\FLM\Analysis_LoraFanda\01_FBM_Analysis\outputs\04_ersp_LM_RAWONLY\EL030\LM\ERSP_matrix\reading\EL030_reading_WM_ERSP_pH_R11_TN.npy,0.068656330749354,0.0027390180878552,True,159,9,0.13866596,9
EL030,reading,LM,pH_R12,\\nasac-m2.unige.ch\m-HumanNeuronLab\ANALYSIS\FLM\Analysis_LoraFanda\01_FBM_Analysis\outputs\04_ersp_LM_RAWONLY\EL030\LM\ERSP_matrix\reading\EL030_reading_WM_ERSP_pH_R12_TN.npy,0.0704392764857881,0.0015762273901808,True,160,9,0.1064699,9
EL030,reading,LM,pH_R6,\\nasac-m2.unige.ch\m-HumanNeuronLab\ANALYSIS\FLM\Analysis_LoraFanda\01_FBM_Analysis\outputs\04_ersp_LM_RAWONLY\EL030\LM\ERSP_matrix\reading\EL030_reading_WM_ERSP_pH_R6_TN.npy,0.0249870801033591,0.0038242894056847,True,161,5,0.068099685,5
EL030,reading,LM,pH_R8,\\nasac-m2.unige.ch\m-HumanNeuronLab\ANALYSIS\FLM\Analysis_LoraFanda\01_FBM_Analysis\outputs\04_ersp_LM_RAWONLY\EL030\LM\ERSP_matrix\reading\EL030_reading_WM_ERSP_pH_R8_TN.npy,0.0274160206718346,0.0029974160206718,True,162,0,0.007818875,0
EL030,reading,LM,pH_R9,\\nasac-m2.unige.ch\m-HumanNeuronLab\ANALYSIS\FLM\Analysis_LoraFanda\01_FBM_Analysis\outputs\04_ersp_LM_RAWONLY\EL030\LM\ERSP_matrix\reading\EL030_reading_WM_ERSP_pH_R9_TN.npy,0.040671834625323,0.005142118863049,True,163,0,0.09101234,0
EL030,reading,LM,pHG_R10,\\nasac-m2.unige.ch\m-HumanNeuronLab\ANALYSIS\FLM\Analysis_LoraFanda\01_FBM_Analysis\outputs\04_ersp_LM_RAWONLY\EL030\LM\ERSP_matrix\reading\EL030_reading_WM_ERSP_pHG_R10_TN.npy,0.0257364341085271,0.0108527131782945,True,164,7,0.008831488,7
EL030,reading,LM,pHG_R11,\\nasac-m2.unige.ch\m-HumanNeuronLab\ANALYSIS\FLM\Analysis_LoraFanda\01_FBM_Analysis\outputs\04_ersp_LM_RAWONLY\EL030\LM\ERSP_matrix\reading\EL030_reading_WM_ERSP_pHG_R11_TN.npy,0.0628682170542635,0.0158397932816537,True,165,9,0.032410033,9
EL030,reading,LM,pHG_R12,\\nasac-m2.unige.ch\m-HumanNeuronLab\ANALYSIS\FLM\Analysis_LoraFanda\01_FBM_Analysis\outputs\04_ersp_LM_RAWONLY\EL030\LM\ERSP_matrix\reading\EL030_reading_WM_ERSP_pHG_R12_TN.npy,0.1543669250645994,0.019250645994832,True,166,9,0.09136208,9
EL030,reading,LM,pHG_R13,\\nasac-m2.unige.ch\m-HumanNeuronLab\ANALYSIS\FLM\Analysis_LoraFanda\01_FBM_Analysis\outputs\04_ersp_LM_RAWONLY\EL030\LM\ERSP_matrix\reading\EL030_reading_WM_ERSP_pHG_R13_TN.npy,0.2037726098191214,0.0191472868217054,True,167,9,0.10015003,9
EL030,reading,LM,pHG_R14,\\nasac-m2.unige.ch\m-HumanNeuronLab\ANALYSIS\FLM\Analysis_LoraFanda\01_FBM_Analysis\outputs\04_ersp_LM_RAWONLY\EL030\LM\ERSP_matrix\reading\EL030_reading_WM_ERSP_pHG_R14_TN.npy,0.2035917312661498,0.0131524547803617,True,168,9,0.10017015,9
EL030,reading,LM,pHG_R15,\\nasac-m2.unige.ch\m-HumanNeuronLab\ANALYSIS\FLM\Analysis_LoraFanda\01_FBM_Analysis\outputs\04_ersp_LM_RAWONLY\EL030\LM\ERSP_matrix\reading\EL030_reading_WM_ERSP_pHG_R15_TN.npy,0.2132299741602067,0.0060206718346253,True,169,9,0.08109093,9
EL030,reading,LM,pHG_R3,\\nasac-m2.unige.ch\m-HumanNeuronLab\ANALYSIS\FLM\Analysis_LoraFanda\01_FBM_Analysis\outputs\04_ersp_LM_RAWONLY\EL030\LM\ERSP_matrix\reading\EL030_reading_WM_ERSP_pHG_R3_TN.npy,0.0210077519379844,0.0064599483204134,True,170,7,-0.025163619,7
EL033,audio,LM,A_L12,\\nasac-m2.unige.ch\m-HumanNeuronLab\ANALYSIS\FLM\Analysis_LoraFanda\01_FBM_Analysis\outputs\04_ersp_LM_RAWONLY\EL033\LM\ERSP_matrix\audio\EL033_audio_WM_ERSP_A_L12_TN.npy,0.0160206718346253,0.0485271317829457,True,171,10,0.2337369,10
EL033,audio,LM,A_L1,\\nasac-m2.unige.ch\m-HumanNeuronLab\ANALYSIS\FLM\Analysis_LoraFanda\01_FBM_Analysis\outputs\04_ersp_LM_RAWONLY\EL033\LM\ERSP_matrix\audio\EL033_audio_WM_ERSP_A_L1_TN.npy,0.0327131782945736,0.0051937984496124,True,172,10,0.06374801,10
EL033,audio,LM,A_L4,\\nasac-m2.unige.ch\m-HumanNeuronLab\ANALYSIS\FLM\Analysis_LoraFanda\01_FBM_Analysis\outputs\04_ersp_LM_RAWONLY\EL033\LM\ERSP_matrix\audio\EL033_audio_WM_ERSP_A_L4_TN.npy,0.0231266149870801,0.0070025839793281,True,173,10,0.22598447,10
EL033,audio,LM,A_L5,\\nasac-m2.unige.ch\m-HumanNeuronLab\ANALYSIS\FLM\Analysis_LoraFanda\01_FBM_Analysis\outputs\04_ersp_LM_RAWONLY\EL033\LM\ERSP_matrix\audio\EL033_audio_WM_ERSP_A_L5_TN.npy,0.0249354005167958,0.0111627906976744,True,174,10,0.32398942,10
EL033,audio,LM,A_L6,\\nasac-m2.unige.ch\m-HumanNeuronLab\ANALYSIS\FLM\Analysis_LoraFanda\01_FBM_Analysis\outputs\04_ersp_LM_RAWONLY\EL033\LM\ERSP_matrix\audio\EL033_audio_WM_ERSP_A_L6_TN.npy,0.0251162790697674,0.017235142118863,True,175,10,0.32360324,10
EL033,audio,LM,A_L8,\\nasac-m2.unige.ch\m-HumanNeuronLab\ANALYSIS\FLM\Analysis_LoraFanda\01_FBM_Analysis\outputs\04_ersp_LM_RAWONLY\EL033\LM\ERSP_matrix\audio\EL033_audio_WM_ERSP_A_L8_TN.npy,0.0271317829457364,0.0200516795865633,True,176,10,0.34747955,10
EL033,audio,LM,A_R12,\\nasac-m2.unige.ch\m-HumanNeuronLab\ANALYSIS\FLM\Analysis_LoraFanda\01_FBM_Analysis\outputs\04_ersp_LM_RAWONLY\EL033\LM\ERSP_matrix\audio\EL033_audio_WM_ERSP_A_R12_TN.npy,0.0494056847545219,0.0100775193798449,True,177,10,0.35560235,10
EL033,audio,LM,aH_L10,\\nasac-m2.unige.ch\m-HumanNeuronLab\ANALYSIS\FLM\Analysis_LoraFanda\01_FBM_Analysis\outputs\04_ersp_LM_RAWONLY\EL033\LM\ERSP_matrix\audio\EL033_audio_WM_ERSP_aH_L10_TN.npy,0.0342635658914728,0.0277777777777777,True,178,10,0.3598111,10
EL033,audio,LM,aH_L11,\\nasac-m2.unige.ch\m-HumanNeuronLab\ANALYSIS\FLM\Analysis_LoraFanda\01_FBM_Analysis\outputs\04_ersp_LM_RAWONLY\EL033\LM\ERSP_matrix\audio\EL033_audio_WM_ERSP_aH_L11_TN.npy,0.0694056847545219,0.0560723514211886,True,179,10,0.22036178,10
EL033,audio,LM,aH_L2,\\nasac-m2.unige.ch\m-HumanNeuronLab\ANALYSIS\FLM\Analysis_LoraFanda\01_FBM_Analysis\outputs\04_ersp_LM_RAWONLY\EL033\LM\ERSP_matrix\audio\EL033_audio_WM_ERSP_aH_L2_TN.npy,0.0222997416020671,0.0055038759689922,True,180,10,0.18271375,10
EL033,audio,LM,aH_L3,\\nasac-m2.unige.ch\m-HumanNeuronLab\ANALYSIS\FLM\Analysis_LoraFanda\01_FBM_Analysis\outputs\04_ersp_LM_RAWONLY\EL033\LM\ERSP_matrix\audio\EL033_audio_WM_ERSP_aH_L3_TN.npy,0.0250904392764857,0.0064599483204134,True,181,10,0.28402805,10
EL033,audio,LM,aH_L4,\\nasac-m2.unige.ch\m-HumanNeuronLab\ANALYSIS\FLM\Analysis_LoraFanda\01_FBM_Analysis\outputs\04_ersp_LM_RAWONLY\EL033\LM\ERSP_matrix\audio\EL033_audio_WM_ERSP_aH_L4_TN.npy,0.0322997416020671,0.0114987080103359,True,182,10,0.31872776,10
EL033,audio,LM,aH_L5,\\nasac-m2.unige.ch\m-HumanNeuronLab\ANALYSIS\FLM\Analysis_LoraFanda\01_FBM_Analysis\outputs\04_ersp_LM_RAWONLY\EL033\LM\ERSP_matrix\audio\EL033_audio_WM_ERSP_aH_L5_TN.npy,0.0297416020671834,0.0093540051679586,True,183,10,0.35061923,10
EL033,audio,LM,aH_L6,\\nasac-m2.unige.ch\m-HumanNeuronLab\ANALYSIS\FLM\Analysis_LoraFanda\01_FBM_Analysis\outputs\04_ersp_LM_RAWONLY\EL033\LM\ERSP_matrix\audio\EL033_audio_WM_ERSP_aH_L6_TN.npy,0.0326356589147286,0.00984496124031,True,184,10,0.29825187,10
EL033,audio,LM,aH_L7,\\nasac-m2.unige.ch\m-HumanNeuronLab\ANALYSIS\FLM\Analysis_LoraFanda\01_FBM_Analysis\outputs\04_ersp_LM_RAWONLY\EL033\LM\ERSP_matrix\audio\EL033_audio_WM_ERSP_aH_L7_TN.npy,0.0335917312661498,0.0156589147286821,True,185,10,0.4062861,10
EL033,audio,LM,aH_L8,\\nasac-m2.unige.ch\m-HumanNeuronLab\ANALYSIS\FLM\Analysis_LoraFanda\01_FBM_Analysis\outputs\04_ersp_LM_RAWONLY\EL033\LM\ERSP_matrix\audio\EL033_audio_WM_ERSP_aH_L8_TN.npy,0.0307235142118863,0.0188113695090439,True,186,10,0.42232788,10
EL033,audio,LM,aH_L9,\\nasac-m2.unige.ch\m-HumanNeuronLab\ANALYSIS\FLM\Analysis_LoraFanda\01_FBM_Analysis\outputs\04_ersp_LM_RAWONLY\EL033\LM\ERSP_matrix\audio\EL033_audio_WM_ERSP_aH_L9_TN.npy,0.0281395348837209,0.0180361757105943,True,187,10,0.39223292,10
EL033,audio,LM,aH_R10,\\nasac-m2.unige.ch\m-HumanNeuronLab\ANALYSIS\FLM\Analysis_LoraFanda\01_FBM_Analysis\outputs\04_ersp_LM_RAWONLY\EL033\LM\ERSP_matrix\audio\EL033_audio_WM_ERSP_aH_R10_TN.npy,0.0278811369509043,0.0069767441860465,True,188,10,0.18415429,10
EL033,audio,LM,aH_R11,\\nasac-m2.unige.ch\m-HumanNeuronLab\ANALYSIS\FLM\Analysis_LoraFanda\01_FBM_Analysis\outputs\04_ersp_LM_RAWONLY\EL033\LM\ERSP_matrix\audio\EL033_audio_WM_ERSP_aH_R11_TN.npy,0.0250129198966408,0.0116279069767441,True,189,10,0.20696133,10
EL033,audio,LM,aH_R12,\\nasac-m2.unige.ch\m-HumanNeuronLab\ANALYSIS\FLM\Analysis_LoraFanda\01_FBM_Analysis\outputs\04_ersp_LM_RAWONLY\EL033\LM\ERSP_matrix\audio\EL033_audio_WM_ERSP_aH_R12_TN.npy,0.0426873385012919,0.024470284237726,True,190,10,0.40534633,10
EL033,audio,LM,aH_R9,\\nasac-m2.unige.ch\m-HumanNeuronLab\ANALYSIS\FLM\Analysis_LoraFanda\01_FBM_Analysis\outputs\04_ersp_LM_RAWONLY\EL033\LM\ERSP_matrix\audio\EL033_audio_WM_ERSP_aH_R9_TN.npy,0.0241602067183462,0.0130232558139534,True,191,10,0.2526212,10
EL033,audio,LM,EntG_R11,\\nasac-m2.unige.ch\m-HumanNeuronLab\ANALYSIS\FLM\Analysis_LoraFanda\01_FBM_Analysis\outputs\04_ersp_LM_RAWONLY\EL033\LM\ERSP_matrix\audio\EL033_audio_WM_ERSP_EntG_R11_TN.npy,0.0361757105943152,0.0133074935400516,True,192,10,0.31035003,10
EL033,audio,LM,PHG_R11,\\nasac-m2.unige.ch\m-HumanNeuronLab\ANALYSIS\FLM\Analysis_LoraFanda\01_FBM_Analysis\outputs\04_ersp_LM_RAWONLY\EL033\LM\ERSP_matrix\audio\EL033_audio_WM_ERSP_PHG_R11_TN.npy,0.0243669250645994,0.0204651162790697,True,193,10,0.38137257,10
EL033,audio,LM,PHG_R12,\\nasac-m2.unige.ch\m-HumanNeuronLab\ANALYSIS\FLM\Analysis_LoraFanda\01_FBM_Analysis\outputs\04_ersp_LM_RAWONLY\EL033\LM\ERSP_matrix\audio\EL033_audio_WM_ERSP_PHG_R12_TN.npy,0.0621705426356589,0.036485788113695,True,194,10,0.3900166,10
EL033,picture,LM,A_L11,\\nasac-m2.unige.ch\m-HumanNeuronLab\ANALYSIS\FLM\Analysis_LoraFanda\01_FBM_Analysis\outputs\04_ersp_LM_RAWONLY\EL033\LM\ERSP_matrix\picture\EL033_picture_WM_ERSP_A_L11_TN.npy,0.0575968992248062,0.0007493540051679,True,195,8,-0.040172737,8
EL033,picture,LM,A_L12,\\nasac-m2.unige.ch\m-HumanNeuronLab\ANALYSIS\FLM\Analysis_LoraFanda\01_FBM_Analysis\outputs\04_ersp_LM_RAWONLY\EL033\LM\ERSP_matrix\picture\EL033_picture_WM_ERSP_A_L12_TN.npy,0.0502842377260981,0.001266149870801,True,196,8,-0.03324738,8
EL033,picture,LM,A_L1,\\nasac-m2.unige.ch\m-HumanNeuronLab\ANALYSIS\FLM\Analysis_LoraFanda\01_FBM_Analysis\outputs\04_ersp_LM_RAWONLY\EL033\LM\ERSP_matrix\picture\EL033_picture_WM_ERSP_A_L1_TN.npy,0.0845219638242894,0.0001808785529715,True,197,8,0.06809501,8
EL033,picture,LM,A_L2,\\nasac-m2.unige.ch\m-HumanNeuronLab\ANALYSIS\FLM\Analysis_LoraFanda\01_FBM_Analysis\outputs\04_ersp_LM_RAWONLY\EL033\LM\ERSP_matrix\picture\EL033_picture_WM_ERSP_A_L2_TN.npy,0.0482687338501292,0.0002325581395348,True,198,8,0.04827027,8
EL033,picture,LM,A_L3,\\nasac-m2.unige.ch\m-HumanNeuronLab\ANALYSIS\FLM\Analysis_LoraFanda\01_FBM_Analysis\outputs\04_ersp_LM_RAWONLY\EL033\LM\ERSP_matrix\picture\EL033_picture_WM_ERSP_A_L3_TN.npy,0.0540051679586563,0.0001291989664082,True,199,8,0.031325065,8
EL033,picture,LM,A_L4,\\nasac-m2.unige.ch\m-HumanNeuronLab\ANALYSIS\FLM\Analysis_LoraFanda\01_FBM_Analysis\outputs\04_ersp_LM_RAWONLY\EL033\LM\ERSP_matrix\picture\EL033_picture_WM_ERSP_A_L4_TN.npy,0.0736692506459948,0.0001033591731266,True,200,8,0.08246257,8
EL033,picture,LM,A_L5,\\nasac-m2.unige.ch\m-HumanNeuronLab\ANALYSIS\FLM\Analysis_LoraFanda\01_FBM_Analysis\outputs\04_ersp_LM_RAWONLY\EL033\LM\ERSP_matrix\picture\EL033_picture_WM_ERSP_A_L5_TN.npy,0.0837467700258397,0.0001033591731266,True,201,8,0.115779005,8
EL033,picture,LM,A_L6,\\nasac-m2.unige.ch\m-HumanNeuronLab\ANALYSIS\FLM\Analysis_LoraFanda\01_FBM_Analysis\outputs\04_ersp_LM_RAWONLY\EL033\LM\ERSP_matrix\picture\EL033_picture_WM_ERSP_A_L6_TN.npy,0.0810852713178294,0.0003617571059431,True,202,8,0.12509497,8
EL033,picture,LM,A_L8,\\nasac-m2.unige.ch\m-HumanNeuronLab\ANALYSIS\FLM\Analysis_LoraFanda\01_FBM_Analysis\outputs\04_ersp_LM_RAWONLY\EL033\LM\ERSP_matrix\picture\EL033_picture_WM_ERSP_A_L8_TN.npy,0.0886046511627907,0.0006976744186046,True,203,8,0.11588924,8
EL033,picture,LM,A_L9,\\nasac-m2.unige.ch\m-HumanNeuronLab\ANALYSIS\FLM\Analysis_LoraFanda\01_FBM_Analysis\outputs\04_ersp_LM_RAWONLY\EL033\LM\ERSP_matrix\picture\EL033_picture_WM_ERSP_A_L9_TN.npy,0.0664082687338501,0.0002067183462532,True,204,8,0.015892398,8
EL033,picture,LM,A_R10,\\nasac-m2.unige.ch\m-HumanNeuronLab\ANALYSIS\FLM\Analysis_LoraFanda\01_FBM_Analysis\outputs\04_ersp_LM_RAWONLY\EL033\LM\ERSP_matrix\picture\EL033_picture_WM_ERSP_A_R10_TN.npy,0.0439276485788113,0.0002842377260981,True,205,0,0.050183468,0
EL033,picture,LM,A_R11,\\nasac-m2.unige.ch\m-HumanNeuronLab\ANALYSIS\FLM\Analysis_LoraFanda\01_FBM_Analysis\outputs\04_ersp_LM_RAWONLY\EL033\LM\ERSP_matrix\picture\EL033_picture_WM_ERSP_A_R11_TN.npy,0.0295348837209302,0.0005684754521963,True,206,5,0.03351566,5
EL033,picture,LM,A_R12,\\nasac-m2.unige.ch\m-HumanNeuronLab\ANALYSIS\FLM\Analysis_LoraFanda\01_FBM_Analysis\outputs\04_ersp_LM_RAWONLY\EL033\LM\ERSP_matrix\picture\EL033_picture_WM_ERSP_A_R12_TN.npy,0.1311111111111111,0.0001808785529715,True,207,8,0.13279745,8
EL033,picture,LM,A_R1,\\nasac-m2.unige.ch\m-HumanNeuronLab\ANALYSIS\FLM\Analysis_LoraFanda\01_FBM_Analysis\outputs\04_ersp_LM_RAWONLY\EL033\LM\ERSP_matrix\picture\EL033_picture_WM_ERSP_A_R1_TN.npy,0.0219638242894056,0.0001033591731266,True,208,0,-0.016992662,0
EL033,picture,LM,A_R2,\\nasac-m2.unige.ch\m-HumanNeuronLab\ANALYSIS\FLM\Analysis_LoraFanda\01_FBM_Analysis\outputs\04_ersp_LM_RAWONLY\EL033\LM\ERSP_matrix\picture\EL033_picture_WM_ERSP_A_R2_TN.npy,0.0210594315245478,0.0003359173126614,True,209,0,-0.01865059,0
EL033,picture,LM,A_R3,\\nasac-m2.unige.ch\m-HumanNeuronLab\ANALYSIS\FLM\Analysis_LoraFanda\01_FBM_Analysis\outputs\04_ersp_LM_RAWONLY\EL033\LM\ERSP_matrix\picture\EL033_picture_WM_ERSP_A_R3_TN.npy,0.0311369509043927,0.0,True,210,8,-0.05540779,8
EL033,picture,LM,A_R4,\\nasac-m2.unige.ch\m-HumanNeuronLab\ANALYSIS\FLM\Analysis_LoraFanda\01_FBM_Analysis\outputs\04_ersp_LM_RAWONLY\EL033\LM\ERSP_matrix\picture\EL033_picture_WM_ERSP_A_R4_TN.npy,0.0271317829457364,0.0008010335917312,True,211,5,0.06421462,5
EL033,picture,LM,A_R5,\\nasac-m2.unige.ch\m-HumanNeuronLab\ANALYSIS\FLM\Analysis_LoraFanda\01_FBM_Analysis\outputs\04_ersp_LM_RAWONLY\EL033\LM\ERSP_matrix\picture\EL033_picture_WM_ERSP_A_R5_TN.npy,0.0641085271317829,0.0006459948320413,True,212,8,0.057008073,8
EL033,picture,LM,A_R7,\\nasac-m2.unige.ch\m-HumanNeuronLab\ANALYSIS\FLM\Analysis_LoraFanda\01_FBM_Analysis\outputs\04_ersp_LM_RAWONLY\EL033\LM\ERSP_matrix\picture\EL033_picture_WM_ERSP_A_R7_TN.npy,0.0508785529715762,0.0008527131782945,True,213,8,0.0024165462,8
EL033,picture,LM,A_R8,\\nasac-m2.unige.ch\m-HumanNeuronLab\ANALYSIS\FLM\Analysis_LoraFanda\01_FBM_Analysis\outputs\04_ersp_LM_RAWONLY\EL033\LM\ERSP_matrix\picture\EL033_picture_WM_ERSP_A_R8_TN.npy,0.0479586563307493,0.0009819121447028,True,214,8,0.015615788,8
EL033,picture,LM,A_R9,\\nasac-m2.unige.ch\m-HumanNeuronLab\ANALYSIS\FLM\Analysis_LoraFanda\01_FBM_Analysis\outputs\04_ersp_LM_RAWONLY\EL033\LM\ERSP_matrix\picture\EL033_picture_WM_ERSP_A_R9_TN.npy,0.0381136950904392,0.0002067183462532,True,215,8,-0.022553977,8
EL033,picture,LM,aH_L10,\\nasac-m2.unige.ch\m-HumanNeuronLab\ANALYSIS\FLM\Analysis_LoraFanda\01_FBM_Analysis\outputs\04_ersp_LM_RAWONLY\EL033\LM\ERSP_matrix\picture\EL033_picture_WM_ERSP_aH_L10_TN.npy,0.110594315245478,0.0001808785529715,True,216,8,0.11514446,8
EL033,picture,LM,aH_L11,\\nasac-m2.unige.ch\m-HumanNeuronLab\ANALYSIS\FLM\Analysis_LoraFanda\01_FBM_Analysis\outputs\04_ersp_LM_RAWONLY\EL033\LM\ERSP_matrix\picture\EL033_picture_WM_ERSP_aH_L11_TN.npy,0.1190956072351421,0.0003359173126614,True,217,8,0.12612318,8
EL033,picture,LM,aH_L1,\\nasac-m2.unige.ch\m-HumanNeuronLab\ANALYSIS\FLM\Analysis_LoraFanda\01_FBM_Analysis\outputs\04_ersp_LM_RAWONLY\EL033\LM\ERSP_matrix\picture\EL033_picture_WM_ERSP_aH_L1_TN.npy,0.0511369509043927,5.167958656330749e-05,True,218,0,0.015921107,0
EL033,picture,LM,aH_L2,\\nasac-m2.unige.ch\m-HumanNeuronLab\ANALYSIS\FLM\Analysis_LoraFanda\01_FBM_Analysis\outputs\04_ersp_LM_RAWONLY\EL033\LM\ERSP_matrix\picture\EL033_picture_WM_ERSP_aH_L2_TN.npy,0.069922480620155,0.0002325581395348,True,219,8,0.008568078,8
EL033,picture,LM,aH_L3,\\nasac-m2.unige.ch\m-HumanNeuronLab\ANALYSIS\FLM\Analysis_LoraFanda\01_FBM_Analysis\outputs\04_ersp_LM_RAWONLY\EL033\LM\ERSP_matrix\picture\EL033_picture_WM_ERSP_aH_L3_TN.npy,0.0914987080103359,0.0,True,220,8,0.079347655,8
EL033,picture,LM,aH_L4,\\nasac-m2.unige.ch\m-HumanNeuronLab\ANALYSIS\FLM\Analysis_LoraFanda\01_FBM_Analysis\outputs\04_ersp_LM_RAWONLY\EL033\LM\ERSP_matrix\picture\EL033_picture_WM_ERSP_aH_L4_TN.npy,0.0997416020671834,0.0002067183462532,True,221,8,0.13663863,8
EL033,picture,LM,aH_L5,\\nasac-m2.unige.ch\m-HumanNeuronLab\ANALYSIS\FLM\Analysis_LoraFanda\01_FBM_Analysis\outputs\04_ersp_LM_RAWONLY\EL033\LM\ERSP_matrix\picture\EL033_picture_WM_ERSP_aH_L5_TN.npy,0.0903617571059431,0.0003100775193798,True,222,8,0.07566121,8
EL033,picture,LM,aH_L6,\\nasac-m2.unige.ch\m-HumanNeuronLab\ANALYSIS\FLM\Analysis_LoraFanda\01_FBM_Analysis\outputs\04_ersp_LM_RAWONLY\EL033\LM\ERSP_matrix\picture\EL033_picture_WM_ERSP_aH_L6_TN.npy,0.0848320413436692,0.0001033591731266,True,223,8,0.06423326,8
EL033,picture,LM,aH_L7,\\nasac-m2.unige.ch\m-HumanNeuronLab\ANALYSIS\FLM\Analysis_LoraFanda\01_FBM_Analysis\outputs\04_ersp_LM_RAWONLY\EL033\LM\ERSP_matrix\picture\EL033_picture_WM_ERSP_aH_L7_TN.npy,0.1116020671834625,0.0002583979328165,True,224,8,0.14783673,8
EL033,picture,LM,aH_L8,\\nasac-m2.unige.ch\m-HumanNeuronLab\ANALYSIS\FLM\Analysis_LoraFanda\01_FBM_Analysis\outputs\04_ersp_LM_RAWONLY\EL033\LM\ERSP_matrix\picture\EL033_picture_WM_ERSP_aH_L8_TN.npy,0.0953746770025839,0.0001033591731266,True,225,8,0.10409908,8
EL033,picture,LM,aH_L9,\\nasac-m2.unige.ch\m-HumanNeuronLab\ANALYSIS\FLM\Analysis_LoraFanda\01_FBM_Analysis\outputs\04_ersp_LM_RAWONLY\EL033\LM\ERSP_matrix\picture\EL033_picture_WM_ERSP_aH_L9_TN.npy,0.0979328165374677,0.0005426356589147,True,226,8,0.0817045,8
EL033,picture,LM,aH_R10,\\nasac-m2.unige.ch\m-HumanNeuronLab\ANALYSIS\FLM\Analysis_LoraFanda\01_FBM_Analysis\outputs\04_ersp_LM_RAWONLY\EL033\LM\ERSP_matrix\picture\EL033_picture_WM_ERSP_aH_R10_TN.npy,0.0688372093023255,0.0007235142118863,True,227,0,0.12993342,0
EL033,picture,LM,aH_R11,\\nasac-m2.unige.ch\m-HumanNeuronLab\ANALYSIS\FLM\Analysis_LoraFanda\01_FBM_Analysis\outputs\04_ersp_LM_RAWONLY\EL033\LM\ERSP_matrix\picture\EL033_picture_WM_ERSP_aH_R11_TN.npy,0.057984496124031,0.0002067183462532,True,228,0,0.08400285,0
EL033,picture,LM,aH_R12,\\nasac-m2.unige.ch\m-HumanNeuronLab\ANALYSIS\FLM\Analysis_LoraFanda\01_FBM_Analysis\outputs\04_ersp_LM_RAWONLY\EL033\LM\ERSP_matrix\picture\EL033_picture_WM_ERSP_aH_R12_TN.npy,0.1213436692506459,0.0003875968992248,True,229,8,0.12515953,8
EL033,picture,LM,aH_R3,\\nasac-m2.unige.ch\m-HumanNeuronLab\ANALYSIS\FLM\Analysis_LoraFanda\01_FBM_Analysis\outputs\04_ersp_LM_RAWONLY\EL033\LM\ERSP_matrix\picture\EL033_picture_WM_ERSP_aH_R3_TN.npy,0.0254005167958656,0.0001033591731266,True,230,5,0.06137442,5
EL033,picture,LM,aH_R5,\\nasac-m2.unige.ch\m-HumanNeuronLab\ANALYSIS\FLM\Analysis_LoraFanda\01_FBM_Analysis\outputs\04_ersp_LM_RAWONLY\EL033\LM\ERSP_matrix\picture\EL033_picture_WM_ERSP_aH_R5_TN.npy,0.02,0.0100775193798449,True,231,7,0.13640654,7
EL033,picture,LM,aH_R6,\\nasac-m2.unige.ch\m-HumanNeuronLab\ANALYSIS\FLM\Analysis_LoraFanda\01_FBM_Analysis\outputs\04_ersp_LM_RAWONLY\EL033\LM\ERSP_matrix\picture\EL033_picture_WM_ERSP_aH_R6_TN.npy,0.0223255813953488,0.0003617571059431,True,232,5,0.08169874,5
EL033,picture,LM,aH_R7,\\nasac-m2.unige.ch\m-HumanNeuronLab\ANALYSIS\FLM\Analysis_LoraFanda\01_FBM_Analysis\outputs\04_ersp_LM_RAWONLY\EL033\LM\ERSP_matrix\picture\EL033_picture_WM_ERSP_aH_R7_TN.npy,0.0448320413436692,0.0003617571059431,True,233,0,0.0173291,0
EL033,picture,LM,aH_R9,\\nasac-m2.unige.ch\m-HumanNeuronLab\ANALYSIS\FLM\Analysis_LoraFanda\01_FBM_Analysis\outputs\04_ersp_LM_RAWONLY\EL033\LM\ERSP_matrix\picture\EL033_picture_WM_ERSP_aH_R9_TN.npy,0.0678036175710594,0.0002842377260981,True,234,0,0.09808573,0
EL033,picture,LM,EntG_R10,\\nasac-m2.unige.ch\m-HumanNeuronLab\ANALYSIS\FLM\Analysis_LoraFanda\01_FBM_Analysis\outputs\04_ersp_LM_RAWONLY\EL033\LM\ERSP_matrix\picture\EL033_picture_WM_ERSP_EntG_R10_TN.npy,0.0600516795865633,0.0003875968992248,True,235,0,0.030797807,0
EL033,picture,LM,EntG_R11,\\nasac-m2.unige.ch\m-HumanNeuronLab\ANALYSIS\FLM\Analysis_LoraFanda\01_FBM_Analysis\outputs\04_ersp_LM_RAWONLY\EL033\LM\ERSP_matrix\picture\EL033_picture_WM_ERSP_EntG_R11_TN.npy,0.095891472868217,0.0003359173126614,True,236,8,0.10078254,8
EL033,picture,LM,EntG_R1,\\nasac-m2.unige.ch\m-HumanNeuronLab\ANALYSIS\FLM\Analysis_LoraFanda\01_FBM_Analysis\outputs\04_ersp_LM_RAWONLY\EL033\LM\ERSP_matrix\picture\EL033_picture_WM_ERSP_EntG_R1_TN.npy,0.0304392764857881,0.0008268733850129,True,237,5,0.028285164,5
EL033,picture,LM,EntG_R2,\\nasac-m2.unige.ch\m-HumanNeuronLab\ANALYSIS\FLM\Analysis_LoraFanda\01_FBM_Analysis\outputs\04_ersp_LM_RAWONLY\EL033\LM\ERSP_matrix\picture\EL033_picture_WM_ERSP_EntG_R2_TN.npy,0.0247286821705426,0.0002842377260981,True,238,5,0.05424307,5
EL033,picture,LM,EntG_R3,\\nasac-m2.unige.ch\m-HumanNeuronLab\ANALYSIS\FLM\Analysis_LoraFanda\01_FBM_Analysis\outputs\04_ersp_LM_RAWONLY\EL033\LM\ERSP_matrix\picture\EL033_picture_WM_ERSP_EntG_R3_TN.npy,0.0434883720930232,0.0002583979328165,True,239,5,0.080914885,5
EL033,picture,LM,EntG_R5,\\nasac-m2.unige.ch\m-HumanNeuronLab\ANALYSIS\FLM\Analysis_LoraFanda\01_FBM_Analysis\outputs\04_ersp_LM_RAWONLY\EL033\LM\ERSP_matrix\picture\EL033_picture_WM_ERSP_EntG_R5_TN.npy,0.0224031007751937,0.0026873385012919,True,240,7,-0.01478487,7
EL033,picture,LM,EntG_R6,\\nasac-m2.unige.ch\m-HumanNeuronLab\ANALYSIS\FLM\Analysis_LoraFanda\01_FBM_Analysis\outputs\04_ersp_LM_RAWONLY\EL033\LM\ERSP_matrix\picture\EL033_picture_WM_ERSP_EntG_R6_TN.npy,0.0367700258397932,0.000516795865633,True,241,8,-0.028713627,8
EL033,picture,LM,EntG_R7,\\nasac-m2.unige.ch\m-HumanNeuronLab\ANALYSIS\FLM\Analysis_LoraFanda\01_FBM_Analysis\outputs\04_ersp_LM_RAWONLY\EL033\LM\ERSP_matrix\picture\EL033_picture_WM_ERSP_EntG_R7_TN.npy,0.0604909560723514,2.5839793281653743e-05,True,242,8,0.018652622,8
EL033,picture,LM,EntG_R8,\\nasac-m2.unige.ch\m-HumanNeuronLab\ANALYSIS\FLM\Analysis_LoraFanda\01_FBM_Analysis\outputs\04_ersp_LM_RAWONLY\EL033\LM\ERSP_matrix\picture\EL033_picture_WM_ERSP_EntG_R8_TN.npy,0.069250645994832,0.0002842377260981,True,243,0,0.02782803,0
EL033,picture,LM,EntG_R9,\\nasac-m2.unige.ch\m-HumanNeuronLab\ANALYSIS\FLM\Analysis_LoraFanda\01_FBM_Analysis\outputs\04_ersp_LM_RAWONLY\EL033\LM\ERSP_matrix\picture\EL033_picture_WM_ERSP_EntG_R9_TN.npy,0.0530232558139534,0.0001291989664082,True,244,0,0.09201926,0
EL033,picture,LM,pH_R2,\\nasac-m2.unige.ch\m-HumanNeuronLab\ANALYSIS\FLM\Analysis_LoraFanda\01_FBM_Analysis\outputs\04_ersp_LM_RAWONLY\EL033\LM\ERSP_matrix\picture\EL033_picture_WM_ERSP_pH_R2_TN.npy,0.0214987080103359,0.0008268733850129,True,245,7,0.03742788,7
EL033,picture,LM,pH_R3,\\nasac-m2.unige.ch\m-HumanNeuronLab\ANALYSIS\FLM\Analysis_LoraFanda\01_FBM_Analysis\outputs\04_ersp_LM_RAWONLY\EL033\LM\ERSP_matrix\picture\EL033_picture_WM_ERSP_pH_R3_TN.npy,0.0254263565891472,0.0029715762273901,True,246,7,0.04373148,7
EL033,picture,LM,pH_R4,\\nasac-m2.unige.ch\m-HumanNeuronLab\ANALYSIS\FLM\Analysis_LoraFanda\01_FBM_Analysis\outputs\04_ersp_LM_RAWONLY\EL033\LM\ERSP_matrix\picture\EL033_picture_WM_ERSP_pH_R4_TN.npy,0.0236175710594315,0.0072609819121447,True,247,7,0.07177654,7
EL033,picture,LM,pH_R7,\\nasac-m2.unige.ch\m-HumanNeuronLab\ANALYSIS\FLM\Analysis_LoraFanda\01_FBM_Analysis\outputs\04_ersp_LM_RAWONLY\EL033\LM\ERSP_matrix\picture\EL033_picture_WM_ERSP_pH_R7_TN.npy,0.0260206718346253,0.0006459948320413,True,248,7,0.034419283,7
EL033,picture,LM,PHG_R10,\\nasac-m2.unige.ch\m-HumanNeuronLab\ANALYSIS\FLM\Analysis_LoraFanda\01_FBM_Analysis\outputs\04_ersp_LM_RAWONLY\EL033\LM\ERSP_matrix\picture\EL033_picture_WM_ERSP_PHG_R10_TN.npy,0.0447545219638242,0.0009043927648578,True,249,5,0.048580363,5
EL033,picture,LM,PHG_R11,\\nasac-m2.unige.ch\m-HumanNeuronLab\ANALYSIS\FLM\Analysis_LoraFanda\01_FBM_Analysis\outputs\04_ersp_LM_RAWONLY\EL033\LM\ERSP_matrix\picture\EL033_picture_WM_ERSP_PHG_R11_TN.npy,0.1065116279069767,0.000516795865633,True,250,8,0.0857683,8
EL033,picture,LM,PHG_R12,\\nasac-m2.unige.ch\m-HumanNeuronLab\ANALYSIS\FLM\Analysis_LoraFanda\01_FBM_Analysis\outputs\04_ersp_LM_RAWONLY\EL033\LM\ERSP_matrix\picture\EL033_picture_WM_ERSP_PHG_R12_TN.npy,0.1494056847545219,0.0006976744186046,True,251,8,0.0658365,8
EL033,picture,LM,PHG_R5,\\nasac-m2.unige.ch\m-HumanNeuronLab\ANALYSIS\FLM\Analysis_LoraFanda\01_FBM_Analysis\outputs\04_ersp_LM_RAWONLY\EL033\LM\ERSP_matrix\picture\EL033_picture_WM_ERSP_PHG_R5_TN.npy,0.0245736434108527,0.0005684754521963,True,252,7,-0.034413226,7
EL033,picture,LM,PHG_R6,\\nasac-m2.unige.ch\m-HumanNeuronLab\ANALYSIS\FLM\Analysis_LoraFanda\01_FBM_Analysis\outputs\04_ersp_LM_RAWONLY\EL033\LM\ERSP_matrix\picture\EL033_picture_WM_ERSP_PHG_R6_TN.npy,0.0323514211886304,0.0,True,253,8,-0.052344184,8
EL033,picture,LM,PHG_R8,\\nasac-m2.unige.ch\m-HumanNeuronLab\ANALYSIS\FLM\Analysis_LoraFanda\01_FBM_Analysis\outputs\04_ersp_LM_RAWONLY\EL033\LM\ERSP_matrix\picture\EL033_picture_WM_ERSP_PHG_R8_TN.npy,0.0436175710594315,0.0002325581395348,True,254,8,-0.04447765,8
EL033,picture,LM,PHG_R9,\\nasac-m2.unige.ch\m-HumanNeuronLab\ANALYSIS\FLM\Analysis_LoraFanda\01_FBM_Analysis\outputs\04_ersp_LM_RAWONLY\EL033\LM\ERSP_matrix\picture\EL033_picture_WM_ERSP_PHG_R9_TN.npy,0.0273901808785529,0.0002842377260981,True,255,5,0.05270139,5
EL033,picture,LM,STG_R1,\\nasac-m2.unige.ch\m-HumanNeuronLab\ANALYSIS\FLM\Analysis_LoraFanda\01_FBM_Analysis\outputs\04_ersp_LM_RAWONLY\EL033\LM\ERSP_matrix\picture\EL033_picture_WM_ERSP_STG_R1_TN.npy,0.0309819121447028,0.0003100775193798,True,256,8,-0.04548331,8
EL033,picture,LM,STG_R6,\\nasac-m2.unige.ch\m-HumanNeuronLab\ANALYSIS\FLM\Analysis_LoraFanda\01_FBM_Analysis\outputs\04_ersp_LM_RAWONLY\EL033\LM\ERSP_matrix\picture\EL033_picture_WM_ERSP_STG_R6_TN.npy,0.0549612403100775,0.0007235142118863,True,257,8,-0.010825699,8
EL033,reading,LM,A_L11,\\nasac-m2.unige.ch\m-HumanNeuronLab\ANALYSIS\FLM\Analysis_LoraFanda\01_FBM_Analysis\outputs\04_ersp_LM_RAWONLY\EL033\LM\ERSP_matrix\reading\EL033_reading_WM_ERSP_A_L11_TN.npy,0.055813953488372,0.0030232558139534,True,258,8,-0.028238693,8
EL033,reading,LM,A_L12,\\nasac-m2.unige.ch\m-HumanNeuronLab\ANALYSIS\FLM\Analysis_LoraFanda\01_FBM_Analysis\outputs\04_ersp_LM_RAWONLY\EL033\LM\ERSP_matrix\reading\EL033_reading_WM_ERSP_A_L12_TN.npy,0.0784496124031007,0.0063049095607235,True,259,8,0.006714802,8
EL033,reading,LM,A_L1,\\nasac-m2.unige.ch\m-HumanNeuronLab\ANALYSIS\FLM\Analysis_LoraFanda\01_FBM_Analysis\outputs\04_ersp_LM_RAWONLY\EL033\LM\ERSP_matrix\reading\EL033_reading_WM_ERSP_A_L1_TN.npy,0.1042118863049095,0.0005426356589147,True,260,8,0.05721917,8
EL033,reading,LM,A_L2,\\nasac-m2.unige.ch\m-HumanNeuronLab\ANALYSIS\FLM\Analysis_LoraFanda\01_FBM_Analysis\outputs\04_ersp_LM_RAWONLY\EL033\LM\ERSP_matrix\reading\EL033_reading_WM_ERSP_A_L2_TN.npy,0.0497157622739018,0.0004909560723514,True,261,8,0.022526702,8
EL033,reading,LM,A_L3,\\nasac-m2.unige.ch\m-HumanNeuronLab\ANALYSIS\FLM\Analysis_LoraFanda\01_FBM_Analysis\outputs\04_ersp_LM_RAWONLY\EL033\LM\ERSP_matrix\reading\EL033_reading_WM_ERSP_A_L3_TN.npy,0.0327906976744186,0.0010077519379844,True,262,5,0.047441762,5
EL033,reading,LM,A_L4,\\nasac-m2.unige.ch\m-HumanNeuronLab\ANALYSIS\FLM\Analysis_LoraFanda\01_FBM_Analysis\outputs\04_ersp_LM_RAWONLY\EL033\LM\ERSP_matrix\reading\EL033_reading_WM_ERSP_A_L4_TN.npy,0.0721705426356589,0.000594315245478,True,263,8,0.09144081,8
EL033,reading,LM,A_L5,\\nasac-m2.unige.ch\m-HumanNeuronLab\ANALYSIS\FLM\Analysis_LoraFanda\01_FBM_Analysis\outputs\04_ersp_LM_RAWONLY\EL033\LM\ERSP_matrix\reading\EL033_reading_WM_ERSP_A_L5_TN.npy,0.0801291989664082,0.0008785529715762,True,264,8,0.08432822,8
EL033,reading,LM,A_L6,\\nasac-m2.unige.ch\m-HumanNeuronLab\ANALYSIS\FLM\Analysis_LoraFanda\01_FBM_Analysis\outputs\04_ersp_LM_RAWONLY\EL033\LM\ERSP_matrix\reading\EL033_reading_WM_ERSP_A_L6_TN.npy,0.0751937984496124,0.0012919896640826,True,265,8,0.1146362,8
EL033,reading,LM,A_L8,\\nasac-m2.unige.ch\m-HumanNeuronLab\ANALYSIS\FLM\Analysis_LoraFanda\01_FBM_Analysis\outputs\04_ersp_LM_RAWONLY\EL033\LM\ERSP_matrix\reading\EL033_reading_WM_ERSP_A_L8_TN.npy,0.0779586563307493,0.0020155038759689,True,266,8,0.11229931,8
EL033,reading,LM,A_L9,\\nasac-m2.unige.ch\m-HumanNeuronLab\ANALYSIS\FLM\Analysis_LoraFanda\01_FBM_Analysis\outputs\04_ersp_LM_RAWONLY\EL033\LM\ERSP_matrix\reading\EL033_reading_WM_ERSP_A_L9_TN.npy,0.0709819121447028,0.0008785529715762,True,267,8,0.018899266,8
EL033,reading,LM,A_R10,\\nasac-m2.unige.ch\m-HumanNeuronLab\ANALYSIS\FLM\Analysis_LoraFanda\01_FBM_Analysis\outputs\04_ersp_LM_RAWONLY\EL033\LM\ERSP_matrix\reading\EL033_reading_WM_ERSP_A_R10_TN.npy,0.0338501291989664,0.0008010335917312,True,268,0,0.06327079,0
EL033,reading,LM,A_R11,\\nasac-m2.unige.ch\m-HumanNeuronLab\ANALYSIS\FLM\Analysis_LoraFanda\01_FBM_Analysis\outputs\04_ersp_LM_RAWONLY\EL033\LM\ERSP_matrix\reading\EL033_reading_WM_ERSP_A_R11_TN.npy,0.0344702842377261,0.0005426356589147,True,269,0,0.051605776,0
EL033,reading,LM,A_R12,\\nasac-m2.unige.ch\m-HumanNeuronLab\ANALYSIS\FLM\Analysis_LoraFanda\01_FBM_Analysis\outputs\04_ersp_LM_RAWONLY\EL033\LM\ERSP_matrix\reading\EL033_reading_WM_ERSP_A_R12_TN.npy,0.1233074935400516,0.0012919896640826,True,270,8,0.08194167,8
EL033,reading,LM,A_R3,\\nasac-m2.unige.ch\m-HumanNeuronLab\ANALYSIS\FLM\Analysis_LoraFanda\01_FBM_Analysis\outputs\04_ersp_LM_RAWONLY\EL033\LM\ERSP_matrix\reading\EL033_reading_WM_ERSP_A_R3_TN.npy,0.0238501291989664,0.0008268733850129,True,271,5,0.086429946,5
EL033,reading,LM,A_R4,\\nasac-m2.unige.ch\m-HumanNeuronLab\ANALYSIS\FLM\Analysis_LoraFanda\01_FBM_Analysis\outputs\04_ersp_LM_RAWONLY\EL033\LM\ERSP_matrix\reading\EL033_reading_WM_ERSP_A_R4_TN.npy,0.0217571059431524,0.0011369509043927,True,272,5,0.091564156,5
EL033,reading,LM,A_R5,\\nasac-m2.unige.ch\m-HumanNeuronLab\ANALYSIS\FLM\Analysis_LoraFanda\01_FBM_Analysis\outputs\04_ersp_LM_RAWONLY\EL033\LM\ERSP_matrix\reading\EL033_reading_WM_ERSP_A_R5_TN.npy,0.0416020671834625,0.0010335917312661,True,273,8,-0.03415122,8
EL033,reading,LM,A_R7,\\nasac-m2.unige.ch\m-HumanNeuronLab\ANALYSIS\FLM\Analysis_LoraFanda\01_FBM_Analysis\outputs\04_ersp_LM_RAWONLY\EL033\LM\ERSP_matrix\reading\EL033_reading_WM_ERSP_A_R7_TN.npy,0.0350129198966408,0.0015245478036175,True,274,8,-0.02752318,8
EL033,reading,LM,A_R8,\\nasac-m2.unige.ch\m-HumanNeuronLab\ANALYSIS\FLM\Analysis_LoraFanda\01_FBM_Analysis\outputs\04_ersp_LM_RAWONLY\EL033\LM\ERSP_matrix\reading\EL033_reading_WM_ERSP_A_R8_TN.npy,0.0427131782945736,0.0010852713178294,True,275,8,-0.0042015673,8
EL033,reading,LM,A_R9,\\nasac-m2.unige.ch\m-HumanNeuronLab\ANALYSIS\FLM\Analysis_LoraFanda\01_FBM_Analysis\outputs\04_ersp_LM_RAWONLY\EL033\LM\ERSP_matrix\reading\EL033_reading_WM_ERSP_A_R9_TN.npy,0.0274677002583979,0.0006718346253229,True,276,5,0.04519705,5
EL033,reading,LM,aH_L10,\\nasac-m2.unige.ch\m-HumanNeuronLab\ANALYSIS\FLM\Analysis_LoraFanda\01_FBM_Analysis\outputs\04_ersp_LM_RAWONLY\EL033\LM\ERSP_matrix\reading\EL033_reading_WM_ERSP_aH_L10_TN.npy,0.0931524547803617,0.0048062015503875,True,277,8,0.040179446,8
EL033,reading,LM,aH_L11,\\nasac-m2.unige.ch\m-HumanNeuronLab\ANALYSIS\FLM\Analysis_LoraFanda\01_FBM_Analysis\outputs\04_ersp_LM_RAWONLY\EL033\LM\ERSP_matrix\reading\EL033_reading_WM_ERSP_aH_L11_TN.npy,0.1551162790697674,0.0139018087855297,True,278,8,0.088234834,8
EL033,reading,LM,aH_L1,\\nasac-m2.unige.ch\m-HumanNeuronLab\ANALYSIS\FLM\Analysis_LoraFanda\01_FBM_Analysis\outputs\04_ersp_LM_RAWONLY\EL033\LM\ERSP_matrix\reading\EL033_reading_WM_ERSP_aH_L1_TN.npy,0.0203359173126615,0.0006459948320413,True,279,0,-0.026434258,0
EL033,reading,LM,aH_L2,\\nasac-m2.unige.ch\m-HumanNeuronLab\ANALYSIS\FLM\Analysis_LoraFanda\01_FBM_Analysis\outputs\04_ersp_LM_RAWONLY\EL033\LM\ERSP_matrix\reading\EL033_reading_WM_ERSP_aH_L2_TN.npy,0.0502583979328165,0.0003617571059431,True,280,0,0.019600946,0
EL033,reading,LM,aH_L3,\\nasac-m2.unige.ch\m-HumanNeuronLab\ANALYSIS\FLM\Analysis_LoraFanda\01_FBM_Analysis\outputs\04_ersp_LM_RAWONLY\EL033\LM\ERSP_matrix\reading\EL033_reading_WM_ERSP_aH_L3_TN.npy,0.0836692506459948,0.0004134366925064,True,281,8,0.043596335,8
EL033,reading,LM,aH_L4,\\nasac-m2.unige.ch\m-HumanNeuronLab\ANALYSIS\FLM\Analysis_LoraFanda\01_FBM_Analysis\outputs\04_ersp_LM_RAWONLY\EL033\LM\ERSP_matrix\reading\EL033_reading_WM_ERSP_aH_L4_TN.npy,0.0886821705426356,0.0013178294573643,True,282,8,0.10412176,8
EL033,reading,LM,aH_L5,\\nasac-m2.unige.ch\m-HumanNeuronLab\ANALYSIS\FLM\Analysis_LoraFanda\01_FBM_Analysis\outputs\04_ersp_LM_RAWONLY\EL033\LM\ERSP_matrix\reading\EL033_reading_WM_ERSP_aH_L5_TN.npy,0.0781653746770025,0.0016537467700258,True,283,8,0.10813162,8
EL033,reading,LM,aH_L6,\\nasac-m2.unige.ch\m-HumanNeuronLab\ANALYSIS\FLM\Analysis_LoraFanda\01_FBM_Analysis\outputs\04_ersp_LM_RAWONLY\EL033\LM\ERSP_matrix\reading\EL033_reading_WM_ERSP_aH_L6_TN.npy,0.0608785529715762,0.0007751937984496,True,284,8,0.06431352,8
EL033,reading,LM,aH_L7,\\nasac-m2.unige.ch\m-HumanNeuronLab\ANALYSIS\FLM\Analysis_LoraFanda\01_FBM_Analysis\outputs\04_ersp_LM_RAWONLY\EL033\LM\ERSP_matrix\reading\EL033_reading_WM_ERSP_aH_L7_TN.npy,0.0870801033591731,0.0016279069767441,True,285,8,0.12195869,8
EL033,reading,LM,aH_L8,\\nasac-m2.unige.ch\m-HumanNeuronLab\ANALYSIS\FLM\Analysis_LoraFanda\01_FBM_Analysis\outputs\04_ersp_LM_RAWONLY\EL033\LM\ERSP_matrix\reading\EL033_reading_WM_ERSP_aH_L8_TN.npy,0.0749354005167958,0.0018346253229974,True,286,8,0.07435819,8
EL033,reading,LM,aH_L9,\\nasac-m2.unige.ch\m-HumanNeuronLab\ANALYSIS\FLM\Analysis_LoraFanda\01_FBM_Analysis\outputs\04_ersp_LM_RAWONLY\EL033\LM\ERSP_matrix\reading\EL033_reading_WM_ERSP_aH_L9_TN.npy,0.075968992248062,0.0022997416020671,True,287,8,0.036106028,8
EL033,reading,LM,aH_R10,\\nasac-m2.unige.ch\m-HumanNeuronLab\ANALYSIS\FLM\Analysis_LoraFanda\01_FBM_Analysis\outputs\04_ersp_LM_RAWONLY\EL033\LM\ERSP_matrix\reading\EL033_reading_WM_ERSP_aH_R10_TN.npy,0.0649612403100775,0.0010077519379844,True,288,0,0.16709572,0
EL033,reading,LM,aH_R11,\\nasac-m2.unige.ch\m-HumanNeuronLab\ANALYSIS\FLM\Analysis_LoraFanda\01_FBM_Analysis\outputs\04_ersp_LM_RAWONLY\EL033\LM\ERSP_matrix\reading\EL033_reading_WM_ERSP_aH_R11_TN.npy,0.0516279069767441,0.0039793281653746,True,289,0,0.10763993,0
EL033,reading,LM,aH_R12,\\nasac-m2.unige.ch\m-HumanNeuronLab\ANALYSIS\FLM\Analysis_LoraFanda\01_FBM_Analysis\outputs\04_ersp_LM_RAWONLY\EL033\LM\ERSP_matrix\reading\EL033_reading_WM_ERSP_aH_R12_TN.npy,0.1328165374677002,0.0023514211886304,True,290,8,0.06915334,8
EL033,reading,LM,aH_R3,\\nasac-m2.unige.ch\m-HumanNeuronLab\ANALYSIS\FLM\Analysis_LoraFanda\01_FBM_Analysis\outputs\04_ersp_LM_RAWONLY\EL033\LM\ERSP_matrix\reading\EL033_reading_WM_ERSP_aH_R3_TN.npy,0.0212144702842377,0.0006201550387596,True,291,5,0.08443446,5
EL033,reading,LM,aH_R7,\\nasac-m2.unige.ch\m-HumanNeuronLab\ANALYSIS\FLM\Analysis_LoraFanda\01_FBM_Analysis\outputs\04_ersp_LM_RAWONLY\EL033\LM\ERSP_matrix\reading\EL033_reading_WM_ERSP_aH_R7_TN.npy,0.0304651162790697,0.0005684754521963,True,292,0,0.047041554,0
EL033,reading,LM,aH_R8,\\nasac-m2.unige.ch\m-HumanNeuronLab\ANALYSIS\FLM\Analysis_LoraFanda\01_FBM_Analysis\outputs\04_ersp_LM_RAWONLY\EL033\LM\ERSP_matrix\reading\EL033_reading_WM_ERSP_aH_R8_TN.npy,0.0221188630490956,0.0008010335917312,True,293,0,-0.025614835,0
EL033,reading,LM,aH_R9,\\nasac-m2.unige.ch\m-HumanNeuronLab\ANALYSIS\FLM\Analysis_LoraFanda\01_FBM_Analysis\outputs\04_ersp_LM_RAWONLY\EL033\LM\ERSP_matrix\reading\EL033_reading_WM_ERSP_aH_R9_TN.npy,0.0566149870801033,0.0012403100775193,True,294,0,0.16059597,0
EL033,reading,LM,EntG_R10,\\nasac-m2.unige.ch\m-HumanNeuronLab\ANALYSIS\FLM\Analysis_LoraFanda\01_FBM_Analysis\outputs\04_ersp_LM_RAWONLY\EL033\LM\ERSP_matrix\reading\EL033_reading_WM_ERSP_EntG_R10_TN.npy,0.0430232558139534,0.0025581395348837,True,295,9,0.052032385,9
EL033,reading,LM,EntG_R11,\\nasac-m2.unige.ch\m-HumanNeuronLab\ANALYSIS\FLM\Analysis_LoraFanda\01_FBM_Analysis\outputs\04_ersp_LM_RAWONLY\EL033\LM\ERSP_matrix\reading\EL033_reading_WM_ERSP_EntG_R11_TN.npy,0.1040310077519379,0.0013436692506459,True,296,8,0.08879875,8
EL033,reading,LM,EntG_R1,\\nasac-m2.unige.ch\m-HumanNeuronLab\ANALYSIS\FLM\Analysis_LoraFanda\01_FBM_Analysis\outputs\04_ersp_LM_RAWONLY\EL033\LM\ERSP_matrix\reading\EL033_reading_WM_ERSP_EntG_R1_TN.npy,0.0270801033591731,0.0007493540051679,True,297,5,0.052832413,5
EL033,reading,LM,EntG_R2,\\nasac-m2.unige.ch\m-HumanNeuronLab\ANALYSIS\FLM\Analysis_LoraFanda\01_FBM_Analysis\outputs\04_ersp_LM_RAWONLY\EL033\LM\ERSP_matrix\reading\EL033_reading_WM_ERSP_EntG_R2_TN.npy,0.0229715762273901,0.0003617571059431,True,298,5,0.037402853,5
EL033,reading,LM,EntG_R3,\\nasac-m2.unige.ch\m-HumanNeuronLab\ANALYSIS\FLM\Analysis_LoraFanda\01_FBM_Analysis\outputs\04_ersp_LM_RAWONLY\EL033\LM\ERSP_matrix\reading\EL033_reading_WM_ERSP_EntG_R3_TN.npy,0.0216279069767441,0.0008785529715762,True,299,5,0.08775808,5
EL033,reading,LM,EntG_R6,\\nasac-m2.unige.ch\m-HumanNeuronLab\ANALYSIS\FLM\Analysis_LoraFanda\01_FBM_Analysis\outputs\04_ersp_LM_RAWONLY\EL033\LM\ERSP_matrix\reading\EL033_reading_WM_ERSP_EntG_R6_TN.npy,0.0256072351421188,0.0010077519379844,True,300,0,0.034829862,0
EL033,reading,LM,EntG_R7,\\nasac-m2.unige.ch\m-HumanNeuronLab\ANALYSIS\FLM\Analysis_LoraFanda\01_FBM_Analysis\outputs\04_ersp_LM_RAWONLY\EL033\LM\ERSP_matrix\reading\EL033_reading_WM_ERSP_EntG_R7_TN.npy,0.0574677002583979,0.0013178294573643,True,301,0,0.11596351,0
EL033,reading,LM,EntG_R8,\\nasac-m2.unige.ch\m-HumanNeuronLab\ANALYSIS\FLM\Analysis_LoraFanda\01_FBM_Analysis\outputs\04_ersp_LM_RAWONLY\EL033\LM\ERSP_matrix\reading\EL033_reading_WM_ERSP_EntG_R8_TN.npy,0.0516020671834625,0.0014470284237726,True,302,0,0.10745334,0
EL033,reading,LM,EntG_R9,\\nasac-m2.unige.ch\m-HumanNeuronLab\ANALYSIS\FLM\Analysis_LoraFanda\01_FBM_Analysis\outputs\04_ersp_LM_RAWONLY\EL033\LM\ERSP_matrix\reading\EL033_reading_WM_ERSP_EntG_R9_TN.npy,0.0355297157622739,0.0020930232558139,True,303,0,0.042086184,0
EL033,reading,LM,PHG_R10,\\nasac-m2.unige.ch\m-HumanNeuronLab\ANALYSIS\FLM\Analysis_LoraFanda\01_FBM_Analysis\outputs\04_ersp_LM_RAWONLY\EL033\LM\ERSP_matrix\reading\EL033_reading_WM_ERSP_PHG_R10_TN.npy,0.0323255813953488,0.0012144702842377,True,304,5,0.010875542,5
EL033,reading,LM,PHG_R11,\\nasac-m2.unige.ch\m-HumanNeuronLab\ANALYSIS\FLM\Analysis_LoraFanda\01_FBM_Analysis\outputs\04_ersp_LM_RAWONLY\EL033\LM\ERSP_matrix\reading\EL033_reading_WM_ERSP_PHG_R11_TN.npy,0.111266149870801,0.0015245478036175,True,305,8,0.05744404,8
EL033,reading,LM,PHG_R12,\\nasac-m2.unige.ch\m-HumanNeuronLab\ANALYSIS\FLM\Analysis_LoraFanda\01_FBM_Analysis\outputs\04_ersp_LM_RAWONLY\EL033\LM\ERSP_matrix\reading\EL033_reading_WM_ERSP_PHG_R12_TN.npy,0.1850645994832041,0.0055038759689922,True,306,8,0.09076945,8
EL033,reading,LM,PHG_R1,\\nasac-m2.unige.ch\m-HumanNeuronLab\ANALYSIS\FLM\Analysis_LoraFanda\01_FBM_Analysis\outputs\04_ersp_LM_RAWONLY\EL033\LM\ERSP_matrix\reading\EL033_reading_WM_ERSP_PHG_R1_TN.npy,0.0244961240310077,0.0005684754521963,True,307,0,0.04754762,0
EL033,reading,LM,PHG_R6,\\nasac-m2.unige.ch\m-HumanNeuronLab\ANALYSIS\FLM\Analysis_LoraFanda\01_FBM_Analysis\outputs\04_ersp_LM_RAWONLY\EL033\LM\ERSP_matrix\reading\EL033_reading_WM_ERSP_PHG_R6_TN.npy,0.0263565891472868,0.000594315245478,True,308,0,-0.017895712,0
EL033,reading,LM,PHG_R8,\\nasac-m2.unige.ch\m-HumanNeuronLab\ANALYSIS\FLM\Analysis_LoraFanda\01_FBM_Analysis\outputs\04_ersp_LM_RAWONLY\EL033\LM\ERSP_matrix\reading\EL033_reading_WM_ERSP_PHG_R8_TN.npy,0.0453229974160206,0.0006976744186046,True,309,0,0.11051322,0
EL033,reading,LM,PHG_R9,\\nasac-m2.unige.ch\m-HumanNeuronLab\ANALYSIS\FLM\Analysis_LoraFanda\01_FBM_Analysis\outputs\04_ersp_LM_RAWONLY\EL033\LM\ERSP_matrix\reading\EL033_reading_WM_ERSP_PHG_R9_TN.npy,0.0241602067183462,0.001188630490956,True,310,0,0.056195334,0
EL033,reading,LM,STG_R1,\\nasac-m2.unige.ch\m-HumanNeuronLab\ANALYSIS\FLM\Analysis_LoraFanda\01_FBM_Analysis\outputs\04_ersp_LM_RAWONLY\EL033\LM\ERSP_matrix\reading\EL033_reading_WM_ERSP_STG_R1_TN.npy,0.028656330749354,0.0008785529715762,True,311,5,0.0727495,5
EL033,reading,LM,STG_R6,\\nasac-m2.unige.ch\m-HumanNeuronLab\ANALYSIS\FLM\Analysis_LoraFanda\01_FBM_Analysis\outputs\04_ersp_LM_RAWONLY\EL033\LM\ERSP_matrix\reading\EL033_reading_WM_ERSP_STG_R6_TN.npy,0.037312661498708,0.0010594315245478,True,312,0,-0.02314735,0
EL035,audio,LM,aI_R5,\\nasac-m2.unige.ch\m-HumanNeuronLab\ANALYSIS\FLM\Analysis_LoraFanda\01_FBM_Analysis\outputs\04_ersp_LM_RAWONLY\EL035\LM\ERSP_matrix\audio\EL035_audio_WM_ERSP_aI_R5_TN.npy,0.0362790697674418,0.0004651162790697,True,313,5,0.062438063,5
EL035,audio,LM,pI_R5,\\nasac-m2.unige.ch\m-HumanNeuronLab\ANALYSIS\FLM\Analysis_LoraFanda\01_FBM_Analysis\outputs\04_ersp_LM_RAWONLY\EL035\LM\ERSP_matrix\audio\EL035_audio_WM_ERSP_pI_R5_TN.npy,0.0299483204134366,0.0002067183462532,True,314,3,-0.07949066,3
EL035,audio,LM,pI_R6,\\nasac-m2.unige.ch\m-HumanNeuronLab\ANALYSIS\FLM\Analysis_LoraFanda\01_FBM_Analysis\outputs\04_ersp_LM_RAWONLY\EL035\LM\ERSP_matrix\audio\EL035_audio_WM_ERSP_pI_R6_TN.npy,0.0236692506459948,0.0005684754521963,True,315,3,-0.0752097,3
EL035,audio,LM,TTG_R1,\\nasac-m2.unige.ch\m-HumanNeuronLab\ANALYSIS\FLM\Analysis_LoraFanda\01_FBM_Analysis\outputs\04_ersp_LM_RAWONLY\EL035\LM\ERSP_matrix\audio\EL035_audio_WM_ERSP_TTG_R1_TN.npy,0.1726614987080103,0.0047545219638242,True,316,3,0.12251514,3
EL035,audio,LM,TTG_R2,\\nasac-m2.unige.ch\m-HumanNeuronLab\ANALYSIS\FLM\Analysis_LoraFanda\01_FBM_Analysis\outputs\04_ersp_LM_RAWONLY\EL035\LM\ERSP_matrix\audio\EL035_audio_WM_ERSP_TTG_R2_TN.npy,0.1464082687338501,0.0031524547803617,True,317,3,0.15119468,3
EL035,audio,LM,TTG_R3,\\nasac-m2.unige.ch\m-HumanNeuronLab\ANALYSIS\FLM\Analysis_LoraFanda\01_FBM_Analysis\outputs\04_ersp_LM_RAWONLY\EL035\LM\ERSP_matrix\audio\EL035_audio_WM_ERSP_TTG_R3_TN.npy,0.1344444444444444,0.0033850129198966,True,318,3,0.16866851,3
EL035,audio,LM,TTG_R4,\\nasac-m2.unige.ch\m-HumanNeuronLab\ANALYSIS\FLM\Analysis_LoraFanda\01_FBM_Analysis\outputs\04_ersp_LM_RAWONLY\EL035\LM\ERSP_matrix\audio\EL035_audio_WM_ERSP_TTG_R4_TN.npy,0.2186821705426356,0.0054521963824289,True,319,3,0.09222105,3
EL035,audio,LM,TTG_R5,\\nasac-m2.unige.ch\m-HumanNeuronLab\ANALYSIS\FLM\Analysis_LoraFanda\01_FBM_Analysis\outputs\04_ersp_LM_RAWONLY\EL035\LM\ERSP_matrix\audio\EL035_audio_WM_ERSP_TTG_R5_TN.npy,0.164625322997416,0.0093798449612403,True,320,3,0.113217816,3
EL035,audio,LM,TTG_R6,\\nasac-m2.unige.ch\m-HumanNeuronLab\ANALYSIS\FLM\Analysis_LoraFanda\01_FBM_Analysis\outputs\04_ersp_LM_RAWONLY\EL035\LM\ERSP_matrix\audio\EL035_audio_WM_ERSP_TTG_R6_TN.npy,0.0917054263565891,0.0134883720930232,True,321,3,0.19338347,3
EL035,audio,LM,TTG_R7,\\nasac-m2.unige.ch\m-HumanNeuronLab\ANALYSIS\FLM\Analysis_LoraFanda\01_FBM_Analysis\outputs\04_ersp_LM_RAWONLY\EL035\LM\ERSP_matrix\audio\EL035_audio_WM_ERSP_TTG_R7_TN.npy,0.0287338501291989,0.0006459948320413,True,322,3,-0.025035907,3
EL035,picture,LM,A_L10,\\nasac-m2.unige.ch\m-HumanNeuronLab\ANALYSIS\FLM\Analysis_LoraFanda\01_FBM_Analysis\outputs\04_ersp_LM_RAWONLY\EL035\LM\ERSP_matrix\picture\EL035_picture_WM_ERSP_A_L10_TN.npy,0.0357364341085271,0.0004134366925064,True,323,0,0.1831683,0
EL035,picture,LM,A_L11,\\nasac-m2.unige.ch\m-HumanNeuronLab\ANALYSIS\FLM\Analysis_LoraFanda\01_FBM_Analysis\outputs\04_ersp_LM_RAWONLY\EL035\LM\ERSP_matrix\picture\EL035_picture_WM_ERSP_A_L11_TN.npy,0.0321447028423772,0.0001550387596899,True,324,0,0.10776203,0
EL035,picture,LM,A_L7,\\nasac-m2.unige.ch\m-HumanNeuronLab\ANALYSIS\FLM\Analysis_LoraFanda\01_FBM_Analysis\outputs\04_ersp_LM_RAWONLY\EL035\LM\ERSP_matrix\picture\EL035_picture_WM_ERSP_A_L7_TN.npy,0.0201808785529715,0.0004909560723514,True,325,5,0.07706901,5
EL035,picture,LM,A_L8,\\nasac-m2.unige.ch\m-HumanNeuronLab\ANALYSIS\FLM\Analysis_LoraFanda\01_FBM_Analysis\outputs\04_ersp_LM_RAWONLY\EL035\LM\ERSP_matrix\picture\EL035_picture_WM_ERSP_A_L8_TN.npy,0.0233333333333333,0.0004651162790697,True,326,0,0.03520405,0
EL035,picture,LM,A_L9,\\nasac-m2.unige.ch\m-HumanNeuronLab\ANALYSIS\FLM\Analysis_LoraFanda\01_FBM_Analysis\outputs\04_ersp_LM_RAWONLY\EL035\LM\ERSP_matrix\picture\EL035_picture_WM_ERSP_A_L9_TN.npy,0.0369250645994832,0.0002842377260981,True,327,0,0.16187501,0
EL035,picture,LM,A_R10,\\nasac-m2.unige.ch\m-HumanNeuronLab\ANALYSIS\FLM\Analysis_LoraFanda\01_FBM_Analysis\outputs\04_ersp_LM_RAWONLY\EL035\LM\ERSP_matrix\picture\EL035_picture_WM_ERSP_A_R10_TN.npy,0.0208527131782945,0.0004134366925064,True,328,5,0.06372969,5
EL035,picture,LM,A_R11,\\nasac-m2.unige.ch\m-HumanNeuronLab\ANALYSIS\FLM\Analysis_LoraFanda\01_FBM_Analysis\outputs\04_ersp_LM_RAWONLY\EL035\LM\ERSP_matrix\picture\EL035_picture_WM_ERSP_A_R11_TN.npy,0.0309302325581395,0.0001808785529715,True,329,0,0.029370768,0
EL035,picture,LM,A_R12,\\nasac-m2.unige.ch\m-HumanNeuronLab\ANALYSIS\FLM\Analysis_LoraFanda\01_FBM_Analysis\outputs\04_ersp_LM_RAWONLY\EL035\LM\ERSP_matrix\picture\EL035_picture_WM_ERSP_A_R12_TN.npy,0.0309043927648578,0.0003100775193798,True,330,0,-0.0029313369,0
EL035,picture,LM,aH_L10,\\nasac-m2.unige.ch\m-HumanNeuronLab\ANALYSIS\FLM\Analysis_LoraFanda\01_FBM_Analysis\outputs\04_ersp_LM_RAWONLY\EL035\LM\ERSP_matrix\picture\EL035_picture_WM_ERSP_aH_L10_TN.npy,0.0279586563307493,0.0004909560723514,True,331,0,0.10545107,0
EL035,picture,LM,aH_L11,\\nasac-m2.unige.ch\m-HumanNeuronLab\ANALYSIS\FLM\Analysis_LoraFanda\01_FBM_Analysis\outputs\04_ersp_LM_RAWONLY\EL035\LM\ERSP_matrix\picture\EL035_picture_WM_ERSP_aH_L11_TN.npy,0.0275968992248062,0.0001291989664082,True,332,0,0.10637035,0
EL035,picture,LM,aH_L12,\\nasac-m2.unige.ch\m-HumanNeuronLab\ANALYSIS\FLM\Analysis_LoraFanda\01_FBM_Analysis\outputs\04_ersp_LM_RAWONLY\EL035\LM\ERSP_matrix\picture\EL035_picture_WM_ERSP_aH_L12_TN.npy,0.0267700258397932,0.0004392764857881,True,333,0,0.05751412,0
EL035,picture,LM,aH_L7,\\nasac-m2.unige.ch\m-HumanNeuronLab\ANALYSIS\FLM\Analysis_LoraFanda\01_FBM_Analysis\outputs\04_ersp_LM_RAWONLY\EL035\LM\ERSP_matrix\picture\EL035_picture_WM_ERSP_aH_L7_TN.npy,0.0267958656330749,0.0001808785529715,True,334,0,0.033748563,0
EL035,picture,LM,aH_L9,\\nasac-m2.unige.ch\m-HumanNeuronLab\ANALYSIS\FLM\Analysis_LoraFanda\01_FBM_Analysis\outputs\04_ersp_LM_RAWONLY\EL035\LM\ERSP_matrix\picture\EL035_picture_WM_ERSP_aH_L9_TN.npy,0.0201808785529715,0.0004392764857881,True,335,0,0.048924644,0
EL035,picture,LM,aH_R10,\\nasac-m2.unige.ch\m-HumanNeuronLab\ANALYSIS\FLM\Analysis_LoraFanda\01_FBM_Analysis\outputs\04_ersp_LM_RAWONLY\EL035\LM\ERSP_matrix\picture\EL035_picture_WM_ERSP_aH_R10_TN.npy,0.027906976744186,7.751937984496124e-05,True,336,1,-0.09264223,1
EL035,picture,LM,aH_R11,\\nasac-m2.unige.ch\m-HumanNeuronLab\ANALYSIS\FLM\Analysis_LoraFanda\01_FBM_Analysis\outputs\04_ersp_LM_RAWONLY\EL035\LM\ERSP_matrix\picture\EL035_picture_WM_ERSP_aH_R11_TN.npy,0.0212144702842377,0.0001291989664082,True,337,5,0.09468502,5
EL035,picture,LM,aH_R12,\\nasac-m2.unige.ch\m-HumanNeuronLab\ANALYSIS\FLM\Analysis_LoraFanda\01_FBM_Analysis\outputs\04_ersp_LM_RAWONLY\EL035\LM\ERSP_matrix\picture\EL035_picture_WM_ERSP_aH_R12_TN.npy,0.0205426356589147,0.0003100775193798,True,338,5,0.109009005,5
EL035,picture,LM,aH_R3,\\nasac-m2.unige.ch\m-HumanNeuronLab\ANALYSIS\FLM\Analysis_LoraFanda\01_FBM_Analysis\outputs\04_ersp_LM_RAWONLY\EL035\LM\ERSP_matrix\picture\EL035_picture_WM_ERSP_aH_R3_TN.npy,0.0208010335917312,0.0,True,339,5,0.06463081,5
EL035,picture,LM,aH_R9,\\nasac-m2.unige.ch\m-HumanNeuronLab\ANALYSIS\FLM\Analysis_LoraFanda\01_FBM_Analysis\outputs\04_ersp_LM_RAWONLY\EL035\LM\ERSP_matrix\picture\EL035_picture_WM_ERSP_aH_R9_TN.npy,0.0408785529715762,0.0003100775193798,True,340,0,0.06616891,0
EL035,picture,LM,aI_R4,\\nasac-m2.unige.ch\m-HumanNeuronLab\ANALYSIS\FLM\Analysis_LoraFanda\01_FBM_Analysis\outputs\04_ersp_LM_RAWONLY\EL035\LM\ERSP_matrix\picture\EL035_picture_WM_ERSP_aI_R4_TN.npy,0.0276227390180878,7.751937984496124e-05,True,341,1,-0.030561812,1
EL035,picture,LM,aI_R5,\\nasac-m2.unige.ch\m-HumanNeuronLab\ANALYSIS\FLM\Analysis_LoraFanda\01_FBM_Analysis\outputs\04_ersp_LM_RAWONLY\EL035\LM\ERSP_matrix\picture\EL035_picture_WM_ERSP_aI_R5_TN.npy,0.0600516795865633,0.0003875968992248,True,342,1,0.041556604,1
EL035,picture,LM,EntG_R10,\\nasac-m2.unige.ch\m-HumanNeuronLab\ANALYSIS\FLM\Analysis_LoraFanda\01_FBM_Analysis\outputs\04_ersp_LM_RAWONLY\EL035\LM\ERSP_matrix\picture\EL035_picture_WM_ERSP_EntG_R10_TN.npy,0.0699741602067183,0.0003875968992248,True,343,1,-0.041935246,1
EL035,picture,LM,EntG_R11,\\nasac-m2.unige.ch\m-HumanNeuronLab\ANALYSIS\FLM\Analysis_LoraFanda\01_FBM_Analysis\outputs\04_ersp_LM_RAWONLY\EL035\LM\ERSP_matrix\picture\EL035_picture_WM_ERSP_EntG_R11_TN.npy,0.0610077519379844,0.0003359173126614,True,344,1,-0.036512494,1
EL035,picture,LM,EntG_R12,\\nasac-m2.unige.ch\m-HumanNeuronLab\ANALYSIS\FLM\Analysis_LoraFanda\01_FBM_Analysis\outputs\04_ersp_LM_RAWONLY\EL035\LM\ERSP_matrix\picture\EL035_picture_WM_ERSP_EntG_R12_TN.npy,0.0414987080103359,0.0006459948320413,True,345,0,0.030885966,0
EL035,picture,LM,EntG_R9,\\nasac-m2.unige.ch\m-HumanNeuronLab\ANALYSIS\FLM\Analysis_LoraFanda\01_FBM_Analysis\outputs\04_ersp_LM_RAWONLY\EL035\LM\ERSP_matrix\picture\EL035_picture_WM_ERSP_EntG_R9_TN.npy,0.0458656330749354,0.0001808785529715,True,346,0,0.0015531401,0
EL035,picture,LM,OF_R17,\\nasac-m2.unige.ch\m-HumanNeuronLab\ANALYSIS\FLM\Analysis_LoraFanda\01_FBM_Analysis\outputs\04_ersp_LM_RAWONLY\EL035\LM\ERSP_matrix\picture\EL035_picture_WM_ERSP_OF_R17_TN.npy,0.0201808785529715,0.0053746770025839,True,347,7,0.012339139,7
EL035,picture,LM,pH_R1,\\nasac-m2.unige.ch\m-HumanNeuronLab\ANALYSIS\FLM\Analysis_LoraFanda\01_FBM_Analysis\outputs\04_ersp_LM_RAWONLY\EL035\LM\ERSP_matrix\picture\EL035_picture_WM_ERSP_pH_R1_TN.npy,0.021937984496124,0.0,True,348,0,0.007712485,0
EL035,picture,LM,PHG_R11,\\nasac-m2.unige.ch\m-HumanNeuronLab\ANALYSIS\FLM\Analysis_LoraFanda\01_FBM_Analysis\outputs\04_ersp_LM_RAWONLY\EL035\LM\ERSP_matrix\picture\EL035_picture_WM_ERSP_PHG_R11_TN.npy,0.0274160206718346,0.0001291989664082,True,349,0,0.016156482,0
EL035,picture,LM,PHG_R12,\\nasac-m2.unige.ch\m-HumanNeuronLab\ANALYSIS\FLM\Analysis_LoraFanda\01_FBM_Analysis\outputs\04_ersp_LM_RAWONLY\EL035\LM\ERSP_matrix\picture\EL035_picture_WM_ERSP_PHG_R12_TN.npy,0.0277002583979328,2.5839793281653743e-05,True,350,0,-0.0026011236,0
EL035,picture,LM,TTG_R2,\\nasac-m2.unige.ch\m-HumanNeuronLab\ANALYSIS\FLM\Analysis_LoraFanda\01_FBM_Analysis\outputs\04_ersp_LM_RAWONLY\EL035\LM\ERSP_matrix\picture\EL035_picture_WM_ERSP_TTG_R2_TN.npy,0.0281653746770025,0.0009302325581395,True,351,7,0.035395704,7
EL035,picture,LM,TTG_R3,\\nasac-m2.unige.ch\m-HumanNeuronLab\ANALYSIS\FLM\Analysis_LoraFanda\01_FBM_Analysis\outputs\04_ersp_LM_RAWONLY\EL035\LM\ERSP_matrix\picture\EL035_picture_WM_ERSP_TTG_R3_TN.npy,0.023204134366925,0.0016020671834625,True,352,7,0.08363853,7
EL035,picture,LM,TTG_R4,\\nasac-m2.unige.ch\m-HumanNeuronLab\ANALYSIS\FLM\Analysis_LoraFanda\01_FBM_Analysis\outputs\04_ersp_LM_RAWONLY\EL035\LM\ERSP_matrix\picture\EL035_picture_WM_ERSP_TTG_R4_TN.npy,0.0416537467700258,0.0035917312661498,True,353,7,0.08133492,7
EL035,reading,LM,aH_L10,\\nasac-m2.unige.ch\m-HumanNeuronLab\ANALYSIS\FLM\Analysis_LoraFanda\01_FBM_Analysis\outputs\04_ersp_LM_RAWONLY\EL035\LM\ERSP_matrix\reading\EL035_reading_WM_ERSP_aH_L10_TN.npy,0.0222739018087855,0.0007235142118863,True,354,0,0.04362586,0
EL035,reading,LM,aH_L11,\\nasac-m2.unige.ch\m-HumanNeuronLab\ANALYSIS\FLM\Analysis_LoraFanda\01_FBM_Analysis\outputs\04_ersp_LM_RAWONLY\EL035\LM\ERSP_matrix\reading\EL035_reading_WM_ERSP_aH_L11_TN.npy,0.0218346253229974,0.0020155038759689,True,355,0,0.023850411,0
EL035,reading,LM,aI_R5,\\nasac-m2.unige.ch\m-HumanNeuronLab\ANALYSIS\FLM\Analysis_LoraFanda\01_FBM_Analysis\outputs\04_ersp_LM_RAWONLY\EL035\LM\ERSP_matrix\reading\EL035_reading_WM_ERSP_aI_R5_TN.npy,0.0393540051679586,0.0002067183462532,True,356,1,-0.02078713,1
EL035,reading,LM,TTG_R4,\\nasac-m2.unige.ch\m-HumanNeuronLab\ANALYSIS\FLM\Analysis_LoraFanda\01_FBM_Analysis\outputs\04_ersp_LM_RAWONLY\EL035\LM\ERSP_matrix\reading\EL035_reading_WM_ERSP_TTG_R4_TN.npy,0.0316020671834625,0.0003100775193798,True,357,7,-0.017893134,7
EL035,reading,LM,TTG_R5,\\nasac-m2.unige.ch\m-HumanNeuronLab\ANALYSIS\FLM\Analysis_LoraFanda\01_FBM_Analysis\outputs\04_ersp_LM_RAWONLY\EL035\LM\ERSP_matrix\reading\EL035_reading_WM_ERSP_TTG_R5_TN.npy,0.0207235142118863,0.0011627906976744,True,358,7,0.034296352,7
EL036,audio,LM,A_R10,\\nasac-m2.unige.ch\m-HumanNeuronLab\ANALYSIS\FLM\Analysis_LoraFanda\01_FBM_Analysis\outputs\04_ersp_LM_RAWONLY\EL036\LM\ERSP_matrix\audio\EL036_audio_WM_ERSP_A_R10_TN.npy,0.061266149870801,0.0042118863049095,True,359,9,0.15480845,9
EL036,audio,LM,A_R11,\\nasac-m2.unige.ch\m-HumanNeuronLab\ANALYSIS\FLM\Analysis_LoraFanda\01_FBM_Analysis\outputs\04_ersp_LM_RAWONLY\EL036\LM\ERSP_matrix\audio\EL036_audio_WM_ERSP_A_R11_TN.npy,0.2315762273901808,0.0061498708010335,True,360,8,-0.010385516,8
EL036,audio,LM,A_R8,\\nasac-m2.unige.ch\m-HumanNeuronLab\ANALYSIS\FLM\Analysis_LoraFanda\01_FBM_Analysis\outputs\04_ersp_LM_RAWONLY\EL036\LM\ERSP_matrix\audio\EL036_audio_WM_ERSP_A_R8_TN.npy,0.026640826873385,0.0008785529715762,True,361,5,0.072746575,5
EL036,audio,LM,A_R9,\\nasac-m2.unige.ch\m-HumanNeuronLab\ANALYSIS\FLM\Analysis_LoraFanda\01_FBM_Analysis\outputs\04_ersp_LM_RAWONLY\EL036\LM\ERSP_matrix\audio\EL036_audio_WM_ERSP_A_R9_TN.npy,0.0220930232558139,0.0016020671834625,True,362,5,0.0042743143,5
EL036,audio,LM,aH_R10,\\nasac-m2.unige.ch\m-HumanNeuronLab\ANALYSIS\FLM\Analysis_LoraFanda\01_FBM_Analysis\outputs\04_ersp_LM_RAWONLY\EL036\LM\ERSP_matrix\audio\EL036_audio_WM_ERSP_aH_R10_TN.npy,0.035297157622739,0.0029715762273901,True,363,9,0.08332872,9
EL036,audio,LM,nH_L1,\\nasac-m2.unige.ch\m-HumanNeuronLab\ANALYSIS\FLM\Analysis_LoraFanda\01_FBM_Analysis\outputs\04_ersp_LM_RAWONLY\EL036\LM\ERSP_matrix\audio\EL036_audio_WM_ERSP_nH_L1_TN.npy,0.0240826873385012,0.0010335917312661,True,364,9,0.03083272,9
EL036,audio,LM,nH_L2,\\nasac-m2.unige.ch\m-HumanNeuronLab\ANALYSIS\FLM\Analysis_LoraFanda\01_FBM_Analysis\outputs\04_ersp_LM_RAWONLY\EL036\LM\ERSP_matrix\audio\EL036_audio_WM_ERSP_nH_L2_TN.npy,0.0304909560723514,0.001266149870801,True,365,5,0.012199337,5
EL036,audio,LM,nH_L3,\\nasac-m2.unige.ch\m-HumanNeuronLab\ANALYSIS\FLM\Analysis_LoraFanda\01_FBM_Analysis\outputs\04_ersp_LM_RAWONLY\EL036\LM\ERSP_matrix\audio\EL036_audio_WM_ERSP_nH_L3_TN.npy,0.0201291989664082,0.0007751937984496,True,366,5,0.038638532,5
EL036,audio,LM,nH_L5,\\nasac-m2.unige.ch\m-HumanNeuronLab\ANALYSIS\FLM\Analysis_LoraFanda\01_FBM_Analysis\outputs\04_ersp_LM_RAWONLY\EL036\LM\ERSP_matrix\audio\EL036_audio_WM_ERSP_nH_L5_TN.npy,0.0275452196382428,0.0004651162790697,True,367,7,0.017954763,7
EL036,audio,LM,pfc_R9,\\nasac-m2.unige.ch\m-HumanNeuronLab\ANALYSIS\FLM\Analysis_LoraFanda\01_FBM_Analysis\outputs\04_ersp_LM_RAWONLY\EL036\LM\ERSP_matrix\audio\EL036_audio_WM_ERSP_pfc_R9_TN.npy,0.0543152454780361,0.0022997416020671,True,368,9,0.15985365,9
EL036,picture,LM,A_R10,\\nasac-m2.unige.ch\m-HumanNeuronLab\ANALYSIS\FLM\Analysis_LoraFanda\01_FBM_Analysis\outputs\04_ersp_LM_RAWONLY\EL036\LM\ERSP_matrix\picture\EL036_picture_WM_ERSP_A_R10_TN.npy,0.0289922480620155,0.0011111111111111,True,369,5,-0.0075814095,5
EL036,picture,LM,A_R11,\\nasac-m2.unige.ch\m-HumanNeuronLab\ANALYSIS\FLM\Analysis_LoraFanda\01_FBM_Analysis\outputs\04_ersp_LM_RAWONLY\EL036\LM\ERSP_matrix\picture\EL036_picture_WM_ERSP_A_R11_TN.npy,0.1584754521963824,0.0045736434108527,True,370,9,0.118734196,9
EL036,reading,LM,A_R10,\\nasac-m2.unige.ch\m-HumanNeuronLab\ANALYSIS\FLM\Analysis_LoraFanda\01_FBM_Analysis\outputs\04_ersp_LM_RAWONLY\EL036\LM\ERSP_matrix\reading\EL036_reading_WM_ERSP_A_R10_TN.npy,0.1029974160206718,0.0012144702842377,True,371,9,0.11513435,9
EL036,reading,LM,A_R11,\\nasac-m2.unige.ch\m-HumanNeuronLab\ANALYSIS\FLM\Analysis_LoraFanda\01_FBM_Analysis\outputs\04_ersp_LM_RAWONLY\EL036\LM\ERSP_matrix\reading\EL036_reading_WM_ERSP_A_R11_TN.npy,0.2234625322997416,0.0214728682170542,True,372,2,0.09514092,2
EL036,reading,LM,A_R6,\\nasac-m2.unige.ch\m-HumanNeuronLab\ANALYSIS\FLM\Analysis_LoraFanda\01_FBM_Analysis\outputs\04_ersp_LM_RAWONLY\EL036\LM\ERSP_matrix\reading\EL036_reading_WM_ERSP_A_R6_TN.npy,0.0241085271317829,0.0016020671834625,True,373,7,-0.025788251,7
EL036,reading,LM,A_R7,\\nasac-m2.unige.ch\m-HumanNeuronLab\ANALYSIS\FLM\Analysis_LoraFanda\01_FBM_Analysis\outputs\04_ersp_LM_RAWONLY\EL036\LM\ERSP_matrix\reading\EL036_reading_WM_ERSP_A_R7_TN.npy,0.0281912144702842,0.0009819121447028,True,374,5,0.031377096,5
EL036,reading,LM,A_R8,\\nasac-m2.unige.ch\m-HumanNeuronLab\ANALYSIS\FLM\Analysis_LoraFanda\01_FBM_Analysis\outputs\04_ersp_LM_RAWONLY\EL036\LM\ERSP_matrix\reading\EL036_reading_WM_ERSP_A_R8_TN.npy,0.0252713178294573,0.0008010335917312,True,375,5,0.008569466,5
EL036,reading,LM,A_R9,\\nasac-m2.unige.ch\m-HumanNeuronLab\ANALYSIS\FLM\Analysis_LoraFanda\01_FBM_Analysis\outputs\04_ersp_LM_RAWONLY\EL036\LM\ERSP_matrix\reading\EL036_reading_WM_ERSP_A_R9_TN.npy,0.0283204134366925,0.0020413436692506,True,376,9,0.08382044,9
EL036,reading,LM,aH_R10,\\nasac-m2.unige.ch\m-HumanNeuronLab\ANALYSIS\FLM\Analysis_LoraFanda\01_FBM_Analysis\outputs\04_ersp_LM_RAWONLY\EL036\LM\ERSP_matrix\reading\EL036_reading_WM_ERSP_aH_R10_TN.npy,0.0714470284237726,0.0031266149870801,True,377,9,0.12948488,9
EL036,reading,LM,aH_R1,\\nasac-m2.unige.ch\m-HumanNeuronLab\ANALYSIS\FLM\Analysis_LoraFanda\01_FBM_Analysis\outputs\04_ersp_LM_RAWONLY\EL036\LM\ERSP_matrix\reading\EL036_reading_WM_ERSP_aH_R1_TN.npy,0.0201808785529715,0.0006201550387596,True,378,5,0.0370479,5
EL036,reading,LM,aH_R2,\\nasac-m2.unige.ch\m-HumanNeuronLab\ANALYSIS\FLM\Analysis_LoraFanda\01_FBM_Analysis\outputs\04_ersp_LM_RAWONLY\EL036\LM\ERSP_matrix\reading\EL036_reading_WM_ERSP_aH_R2_TN.npy,0.0236692506459948,0.0008268733850129,True,379,0,-0.023428109,0
EL036,reading,LM,aH_R8,\\nasac-m2.unige.ch\m-HumanNeuronLab\ANALYSIS\FLM\Analysis_LoraFanda\01_FBM_Analysis\outputs\04_ersp_LM_RAWONLY\EL036\LM\ERSP_matrix\reading\EL036_reading_WM_ERSP_aH_R8_TN.npy,0.0262015503875969,0.0006718346253229,True,380,5,0.068162635,5
EL036,reading,LM,aH_R9,\\nasac-m2.unige.ch\m-HumanNeuronLab\ANALYSIS\FLM\Analysis_LoraFanda\01_FBM_Analysis\outputs\04_ersp_LM_RAWONLY\EL036\LM\ERSP_matrix\reading\EL036_reading_WM_ERSP_aH_R9_TN.npy,0.0322739018087855,0.0024806201550387,True,381,5,-0.0070776595,5
EL036,reading,LM,mH_R12,\\nasac-m2.unige.ch\m-HumanNeuronLab\ANALYSIS\FLM\Analysis_LoraFanda\01_FBM_Analysis\outputs\04_ersp_LM_RAWONLY\EL036\LM\ERSP_matrix\reading\EL036_reading_WM_ERSP_mH_R12_TN.npy,0.0489922480620155,0.0058656330749354,True,382,9,0.13576698,9
EL036,reading,LM,nH_L1,\\nasac-m2.unige.ch\m-HumanNeuronLab\ANALYSIS\FLM\Analysis_LoraFanda\01_FBM_Analysis\outputs\04_ersp_LM_RAWONLY\EL036\LM\ERSP_matrix\reading\EL036_reading_WM_ERSP_nH_L1_TN.npy,0.0227390180878552,0.0008785529715762,True,383,9,0.046667844,9
EL036,reading,LM,nH_L3,\\nasac-m2.unige.ch\m-HumanNeuronLab\ANALYSIS\FLM\Analysis_LoraFanda\01_FBM_Analysis\outputs\04_ersp_LM_RAWONLY\EL036\LM\ERSP_matrix\reading\EL036_reading_WM_ERSP_nH_L3_TN.npy,0.0221963824289405,0.0007235142118863,True,384,9,0.01885359,9
EL036,reading,LM,nH_L4,\\nasac-m2.unige.ch\m-HumanNeuronLab\ANALYSIS\FLM\Analysis_LoraFanda\01_FBM_Analysis\outputs\04_ersp_LM_RAWONLY\EL036\LM\ERSP_matrix\reading\EL036_reading_WM_ERSP_nH_L4_TN.npy,0.0214211886304909,0.0007493540051679,True,385,7,-0.048193812,7
EL036,reading,LM,nH_L5,\\nasac-m2.unige.ch\m-HumanNeuronLab\ANALYSIS\FLM\Analysis_LoraFanda\01_FBM_Analysis\outputs\04_ersp_LM_RAWONLY\EL036\LM\ERSP_matrix\reading\EL036_reading_WM_ERSP_nH_L5_TN.npy,0.021860465116279,0.0012144702842377,True,386,9,0.06391237,9
EL036,reading,LM,pfc_R9,\\nasac-m2.unige.ch\m-HumanNeuronLab\ANALYSIS\FLM\Analysis_LoraFanda\01_FBM_Analysis\outputs\04_ersp_LM_RAWONLY\EL036\LM\ERSP_matrix\reading\EL036_reading_WM_ERSP_pfc_R9_TN.npy,0.06656330749354,0.0037467700258397,True,387,9,0.18363833,9
EL037,audio,LM,aH_L11,\\nasac-m2.unige.ch\m-HumanNeuronLab\ANALYSIS\FLM\Analysis_LoraFanda\01_FBM_Analysis\outputs\04_ersp_LM_RAWONLY\EL037\LM\ERSP_matrix\audio\EL037_audio_WM_ERSP_aH_L11_TN.npy,0.030516795865633,0.0157881136950904,True,388,7,0.16701819,7
EL037,audio,LM,aH_L2,\\nasac-m2.unige.ch\m-HumanNeuronLab\ANALYSIS\FLM\Analysis_LoraFanda\01_FBM_Analysis\outputs\04_ersp_LM_RAWONLY\EL037\LM\ERSP_matrix\audio\EL037_audio_WM_ERSP_aH_L2_TN.npy,0.020671834625323,0.0066925064599483,True,389,7,0.04264277,7
EL037,audio,LM,aH_L4,\\nasac-m2.unige.ch\m-HumanNeuronLab\ANALYSIS\FLM\Analysis_LoraFanda\01_FBM_Analysis\outputs\04_ersp_LM_RAWONLY\EL037\LM\ERSP_matrix\audio\EL037_audio_WM_ERSP_aH_L4_TN.npy,0.0255555555555555,0.0081136950904392,True,390,7,0.09045099,7
EL037,audio,LM,aH_R2,\\nasac-m2.unige.ch\m-HumanNeuronLab\ANALYSIS\FLM\Analysis_LoraFanda\01_FBM_Analysis\outputs\04_ersp_LM_RAWONLY\EL037\LM\ERSP_matrix\audio\EL037_audio_WM_ERSP_aH_R2_TN.npy,0.0204134366925064,0.0024806201550387,True,391,5,0.1435841,5
EL037,audio,LM,aH_R3,\\nasac-m2.unige.ch\m-HumanNeuronLab\ANALYSIS\FLM\Analysis_LoraFanda\01_FBM_Analysis\outputs\04_ersp_LM_RAWONLY\EL037\LM\ERSP_matrix\audio\EL037_audio_WM_ERSP_aH_R3_TN.npy,0.0239018087855297,0.0061240310077519,True,392,5,0.06827639,5
EL037,audio,LM,aH_R4,\\nasac-m2.unige.ch\m-HumanNeuronLab\ANALYSIS\FLM\Analysis_LoraFanda\01_FBM_Analysis\outputs\04_ersp_LM_RAWONLY\EL037\LM\ERSP_matrix\audio\EL037_audio_WM_ERSP_aH_R4_TN.npy,0.0242118863049095,0.0034625322997416,True,393,5,0.07832809,5
EL037,audio,LM,aI_L8,\\nasac-m2.unige.ch\m-HumanNeuronLab\ANALYSIS\FLM\Analysis_LoraFanda\01_FBM_Analysis\outputs\04_ersp_LM_RAWONLY\EL037\LM\ERSP_matrix\audio\EL037_audio_WM_ERSP_aI_L8_TN.npy,0.0210594315245478,0.0035917312661498,True,394,7,0.06684174,7
EL037,audio,LM,EntG_L11,\\nasac-m2.unige.ch\m-HumanNeuronLab\ANALYSIS\FLM\Analysis_LoraFanda\01_FBM_Analysis\outputs\04_ersp_LM_RAWONLY\EL037\LM\ERSP_matrix\audio\EL037_audio_WM_ERSP_EntG_L11_TN.npy,0.005968992248062,0.0863565891472868,True,395,6,0.12244181,6
EL037,audio,LM,EntG_L4,\\nasac-m2.unige.ch\m-HumanNeuronLab\ANALYSIS\FLM\Analysis_LoraFanda\01_FBM_Analysis\outputs\04_ersp_LM_RAWONLY\EL037\LM\ERSP_matrix\audio\EL037_audio_WM_ERSP_EntG_L4_TN.npy,0.0225839793281653,0.0072868217054263,True,396,7,0.02802975,7
EL037,audio,LM,pH_L10,\\nasac-m2.unige.ch\m-HumanNeuronLab\ANALYSIS\FLM\Analysis_LoraFanda\01_FBM_Analysis\outputs\04_ersp_LM_RAWONLY\EL037\LM\ERSP_matrix\audio\EL037_audio_WM_ERSP_pH_L10_TN.npy,0.0239018087855297,0.0075968992248062,True,397,7,0.12783723,7
EL037,audio,LM,pH_L11,\\nasac-m2.unige.ch\m-HumanNeuronLab\ANALYSIS\FLM\Analysis_LoraFanda\01_FBM_Analysis\outputs\04_ersp_LM_RAWONLY\EL037\LM\ERSP_matrix\audio\EL037_audio_WM_ERSP_pH_L11_TN.npy,0.0314470284237726,0.0087338501291989,True,398,7,0.09950304,7
EL037,audio,LM,pH_L1,\\nasac-m2.unige.ch\m-HumanNeuronLab\ANALYSIS\FLM\Analysis_LoraFanda\01_FBM_Analysis\outputs\04_ersp_LM_RAWONLY\EL037\LM\ERSP_matrix\audio\EL037_audio_WM_ERSP_pH_L1_TN.npy,0.0391472868217054,0.0041602067183462,True,399,7,0.056763213,7
EL037,audio,LM,pH_L9,\\nasac-m2.unige.ch\m-HumanNeuronLab\ANALYSIS\FLM\Analysis_LoraFanda\01_FBM_Analysis\outputs\04_ersp_LM_RAWONLY\EL037\LM\ERSP_matrix\audio\EL037_audio_WM_ERSP_pH_L9_TN.npy,0.0201550387596899,0.0112144702842377,True,400,7,0.1492943,7
EL037,audio,LM,pH_R10,\\nasac-m2.unige.ch\m-HumanNeuronLab\ANALYSIS\FLM\Analysis_LoraFanda\01_FBM_Analysis\outputs\04_ersp_LM_RAWONLY\EL037\LM\ERSP_matrix\audio\EL037_audio_WM_ERSP_pH_R10_TN.npy,0.0240051679586563,0.0037726098191214,True,401,7,0.042252842,7
EL037,audio,LM,pH_R2,\\nasac-m2.unige.ch\m-HumanNeuronLab\ANALYSIS\FLM\Analysis_LoraFanda\01_FBM_Analysis\outputs\04_ersp_LM_RAWONLY\EL037\LM\ERSP_matrix\audio\EL037_audio_WM_ERSP_pH_R2_TN.npy,0.0307751937984496,0.0028940568475452,True,402,5,0.09191753,5
EL037,audio,LM,pH_R9,\\nasac-m2.unige.ch\m-HumanNeuronLab\ANALYSIS\FLM\Analysis_LoraFanda\01_FBM_Analysis\outputs\04_ersp_LM_RAWONLY\EL037\LM\ERSP_matrix\audio\EL037_audio_WM_ERSP_pH_R9_TN.npy,0.0220155038759689,0.004625322997416,True,403,7,0.13942586,7
EL037,picture,LM,aH_R10,\\nasac-m2.unige.ch\m-HumanNeuronLab\ANALYSIS\FLM\Analysis_LoraFanda\01_FBM_Analysis\outputs\04_ersp_LM_RAWONLY\EL037\LM\ERSP_matrix\picture\EL037_picture_WM_ERSP_aH_R10_TN.npy,0.0208010335917312,0.0019638242894056,True,404,5,0.038985595,5
EL037,picture,LM,aH_R11,\\nasac-m2.unige.ch\m-HumanNeuronLab\ANALYSIS\FLM\Analysis_LoraFanda\01_FBM_Analysis\outputs\04_ersp_LM_RAWONLY\EL037\LM\ERSP_matrix\picture\EL037_picture_WM_ERSP_aH_R11_TN.npy,0.0214728682170542,0.0036175710594315,True,405,0,-0.0077862674,0
EL037,picture,LM,aH_R9,\\nasac-m2.unige.ch\m-HumanNeuronLab\ANALYSIS\FLM\Analysis_LoraFanda\01_FBM_Analysis\outputs\04_ersp_LM_RAWONLY\EL037\LM\ERSP_matrix\picture\EL037_picture_WM_ERSP_aH_R9_TN.npy,0.0242118863049095,0.0017054263565891,True,406,5,0.048193727,5
EL037,picture,LM,aI_L10,\\nasac-m2.unige.ch\m-HumanNeuronLab\ANALYSIS\FLM\Analysis_LoraFanda\01_FBM_Analysis\outputs\04_ersp_LM_RAWONLY\EL037\LM\ERSP_matrix\picture\EL037_picture_WM_ERSP_aI_L10_TN.npy,0.0391214470284237,0.0048578811369509,True,407,7,0.05712084,7
EL037,picture,LM,aI_L8,\\nasac-m2.unige.ch\m-HumanNeuronLab\ANALYSIS\FLM\Analysis_LoraFanda\01_FBM_Analysis\outputs\04_ersp_LM_RAWONLY\EL037\LM\ERSP_matrix\picture\EL037_picture_WM_ERSP_aI_L8_TN.npy,0.0291989664082687,0.0037467700258397,True,408,7,0.122726895,7
EL037,picture,LM,pH_L1,\\nasac-m2.unige.ch\m-HumanNeuronLab\ANALYSIS\FLM\Analysis_LoraFanda\01_FBM_Analysis\outputs\04_ersp_LM_RAWONLY\EL037\LM\ERSP_matrix\picture\EL037_picture_WM_ERSP_pH_L1_TN.npy,0.0309043927648578,0.0089405684754521,True,409,4,0.019746432,4
EL037,picture,LM,pH_R10,\\nasac-m2.unige.ch\m-HumanNeuronLab\ANALYSIS\FLM\Analysis_LoraFanda\01_FBM_Analysis\outputs\04_ersp_LM_RAWONLY\EL037\LM\ERSP_matrix\picture\EL037_picture_WM_ERSP_pH_R10_TN.npy,0.0223255813953488,0.0017571059431524,True,410,5,0.07253233,5
EL037,picture,LM,pH_R11,\\nasac-m2.unige.ch\m-HumanNeuronLab\ANALYSIS\FLM\Analysis_LoraFanda\01_FBM_Analysis\outputs\04_ersp_LM_RAWONLY\EL037\LM\ERSP_matrix\picture\EL037_picture_WM_ERSP_pH_R11_TN.npy,0.027906976744186,0.0013695090439276,True,411,5,0.049012333,5
EL037,picture,LM,pH_R12,\\nasac-m2.unige.ch\m-HumanNeuronLab\ANALYSIS\FLM\Analysis_LoraFanda\01_FBM_Analysis\outputs\04_ersp_LM_RAWONLY\EL037\LM\ERSP_matrix\picture\EL037_picture_WM_ERSP_pH_R12_TN.npy,0.0621705426356589,0.0021447028423772,True,412,7,-0.020465117,7
EL037,picture,LM,pH_R8,\\nasac-m2.unige.ch\m-HumanNeuronLab\ANALYSIS\FLM\Analysis_LoraFanda\01_FBM_Analysis\outputs\04_ersp_LM_RAWONLY\EL037\LM\ERSP_matrix\picture\EL037_picture_WM_ERSP_pH_R8_TN.npy,0.0209043927648578,0.0042635658914728,True,413,7,0.0037640892,7
EL037,reading,LM,aH_L3,\\nasac-m2.unige.ch\m-HumanNeuronLab\ANALYSIS\FLM\Analysis_LoraFanda\01_FBM_Analysis\outputs\04_ersp_LM_RAWONLY\EL037\LM\ERSP_matrix\reading\EL037_reading_WM_ERSP_aH_L3_TN.npy,0.0309302325581395,0.0028940568475452,True,414,5,0.039267894,5
EL037,reading,LM,aH_R12,\\nasac-m2.unige.ch\m-HumanNeuronLab\ANALYSIS\FLM\Analysis_LoraFanda\01_FBM_Analysis\outputs\04_ersp_LM_RAWONLY\EL037\LM\ERSP_matrix\reading\EL037_reading_WM_ERSP_aH_R12_TN.npy,0.0079586563307493,0.0407235142118863,True,415,6,0.019433072,6
EL037,reading,LM,EntG_L11,\\nasac-m2.unige.ch\m-HumanNeuronLab\ANALYSIS\FLM\Analysis_LoraFanda\01_FBM_Analysis\outputs\04_ersp_LM_RAWONLY\EL037\LM\ERSP_matrix\reading\EL037_reading_WM_ERSP_EntG_L11_TN.npy,0.0045219638242894,0.0990439276485788,True,416,6,0.17701282,6
EL037,reading,LM,EntG_L1,\\nasac-m2.unige.ch\m-HumanNeuronLab\ANALYSIS\FLM\Analysis_LoraFanda\01_FBM_Analysis\outputs\04_ersp_LM_RAWONLY\EL037\LM\ERSP_matrix\reading\EL037_reading_WM_ERSP_EntG_L1_TN.npy,0.0290956072351421,0.0011627906976744,True,417,5,0.047630493,5
EL037,reading,LM,EntG_L2,\\nasac-m2.unige.ch\m-HumanNeuronLab\ANALYSIS\FLM\Analysis_LoraFanda\01_FBM_Analysis\outputs\04_ersp_LM_RAWONLY\EL037\LM\ERSP_matrix\reading\EL037_reading_WM_ERSP_EntG_L2_TN.npy,0.0372093023255813,0.0009302325581395,True,418,0,-0.0116397515,0
EL037,reading,LM,EntG_L3,\\nasac-m2.unige.ch\m-HumanNeuronLab\ANALYSIS\FLM\Analysis_LoraFanda\01_FBM_Analysis\outputs\04_ersp_LM_RAWONLY\EL037\LM\ERSP_matrix\reading\EL037_reading_WM_ERSP_EntG_L3_TN.npy,0.0364341085271317,0.0009819121447028,True,419,0,0.0009263622,0
EL037,reading,LM,EntG_L4,\\nasac-m2.unige.ch\m-HumanNeuronLab\ANALYSIS\FLM\Analysis_LoraFanda\01_FBM_Analysis\outputs\04_ersp_LM_RAWONLY\EL037\LM\ERSP_matrix\reading\EL037_reading_WM_ERSP_EntG_L4_TN.npy,0.0201808785529715,0.001860465116279,True,420,5,0.13882309,5
EL038,audio,LM,A_L10,\\nasac-m2.unige.ch\m-HumanNeuronLab\ANALYSIS\FLM\Analysis_LoraFanda\01_FBM_Analysis\outputs\04_ersp_LM_RAWONLY\EL038\LM\ERSP_matrix\audio\EL038_audio_WM_ERSP_A_L10_TN.npy,0.0331524547803617,0.0036692506459948,True,421,5,0.032950487,5
EL038,audio,LM,A_L11,\\nasac-m2.unige.ch\m-HumanNeuronLab\ANALYSIS\FLM\Analysis_LoraFanda\01_FBM_Analysis\outputs\04_ersp_LM_RAWONLY\EL038\LM\ERSP_matrix\audio\EL038_audio_WM_ERSP_A_L11_TN.npy,0.0389405684754521,0.0036175710594315,True,422,5,0.04672368,5
EL038,audio,LM,A_L12,\\nasac-m2.unige.ch\m-HumanNeuronLab\ANALYSIS\FLM\Analysis_LoraFanda\01_FBM_Analysis\outputs\04_ersp_LM_RAWONLY\EL038\LM\ERSP_matrix\audio\EL038_audio_WM_ERSP_A_L12_TN.npy,0.0354005167958656,0.0049354005167958,True,423,5,0.07197096,5
EL038,audio,LM,A_L1,\\nasac-m2.unige.ch\m-HumanNeuronLab\ANALYSIS\FLM\Analysis_LoraFanda\01_FBM_Analysis\outputs\04_ersp_LM_RAWONLY\EL038\LM\ERSP_matrix\audio\EL038_audio_WM_ERSP_A_L1_TN.npy,0.0415245478036175,0.0251162790697674,True,424,4,-0.028940821,4
EL038,audio,LM,A_L2,\\nasac-m2.unige.ch\m-HumanNeuronLab\ANALYSIS\FLM\Analysis_LoraFanda\01_FBM_Analysis\outputs\04_ersp_LM_RAWONLY\EL038\LM\ERSP_matrix\audio\EL038_audio_WM_ERSP_A_L2_TN.npy,0.0429457364341085,0.0049612403100775,True,425,5,0.04534593,5
EL038,audio,LM,A_L3,\\nasac-m2.unige.ch\m-HumanNeuronLab\ANALYSIS\FLM\Analysis_LoraFanda\01_FBM_Analysis\outputs\04_ersp_LM_RAWONLY\EL038\LM\ERSP_matrix\audio\EL038_audio_WM_ERSP_A_L3_TN.npy,0.0203100775193798,0.0043152454780361,True,426,5,0.045444578,5
EL038,audio,LM,A_L8,\\nasac-m2.unige.ch\m-HumanNeuronLab\ANALYSIS\FLM\Analysis_LoraFanda\01_FBM_Analysis\outputs\04_ersp_LM_RAWONLY\EL038\LM\ERSP_matrix\audio\EL038_audio_WM_ERSP_A_L8_TN.npy,0.0376485788113695,0.0024806201550387,True,427,5,0.06439734,5
EL038,audio,LM,A_L9,\\nasac-m2.unige.ch\m-HumanNeuronLab\ANALYSIS\FLM\Analysis_LoraFanda\01_FBM_Analysis\outputs\04_ersp_LM_RAWONLY\EL038\LM\ERSP_matrix\audio\EL038_audio_WM_ERSP_A_L9_TN.npy,0.0273643410852713,0.0047803617571059,True,428,5,0.055990804,5
EL038,audio,LM,aH_L10,\\nasac-m2.unige.ch\m-HumanNeuronLab\ANALYSIS\FLM\Analysis_LoraFanda\01_FBM_Analysis\outputs\04_ersp_LM_RAWONLY\EL038\LM\ERSP_matrix\audio\EL038_audio_WM_ERSP_aH_L10_TN.npy,0.020671834625323,0.0050904392764857,True,429,5,0.06272502,5
EL038,audio,LM,aH_L11,\\nasac-m2.unige.ch\m-HumanNeuronLab\ANALYSIS\FLM\Analysis_LoraFanda\01_FBM_Analysis\outputs\04_ersp_LM_RAWONLY\EL038\LM\ERSP_matrix\audio\EL038_audio_WM_ERSP_aH_L11_TN.npy,0.0370801033591731,0.002609819121447,True,430,5,0.11095558,5
EL038,audio,LM,aH_L12,\\nasac-m2.unige.ch\m-HumanNeuronLab\ANALYSIS\FLM\Analysis_LoraFanda\01_FBM_Analysis\outputs\04_ersp_LM_RAWONLY\EL038\LM\ERSP_matrix\audio\EL038_audio_WM_ERSP_aH_L12_TN.npy,0.0259431524547803,0.0033591731266149,True,431,5,0.1076465,5
EL038,audio,LM,aH_L13,\\nasac-m2.unige.ch\m-HumanNeuronLab\ANALYSIS\FLM\Analysis_LoraFanda\01_FBM_Analysis\outputs\04_ersp_LM_RAWONLY\EL038\LM\ERSP_matrix\audio\EL038_audio_WM_ERSP_aH_L13_TN.npy,0.0257622739018087,0.00328165374677,True,432,5,0.09281896,5
EL038,audio,LM,aH_L1,\\nasac-m2.unige.ch\m-HumanNeuronLab\ANALYSIS\FLM\Analysis_LoraFanda\01_FBM_Analysis\outputs\04_ersp_LM_RAWONLY\EL038\LM\ERSP_matrix\audio\EL038_audio_WM_ERSP_aH_L1_TN.npy,0.0327131782945736,0.0174418604651162,True,433,5,0.033196792,5
EL038,audio,LM,aH_L2,\\nasac-m2.unige.ch\m-HumanNeuronLab\ANALYSIS\FLM\Analysis_LoraFanda\01_FBM_Analysis\outputs\04_ersp_LM_RAWONLY\EL038\LM\ERSP_matrix\audio\EL038_audio_WM_ERSP_aH_L2_TN.npy,0.0242377260981912,0.0045736434108527,True,434,5,0.07305817,5
EL038,audio,LM,aH_L4,\\nasac-m2.unige.ch\m-HumanNeuronLab\ANALYSIS\FLM\Analysis_LoraFanda\01_FBM_Analysis\outputs\04_ersp_LM_RAWONLY\EL038\LM\ERSP_matrix\audio\EL038_audio_WM_ERSP_aH_L4_TN.npy,0.0250645994832041,0.0043927648578811,True,435,5,0.13254167,5
EL038,audio,LM,aH_L5,\\nasac-m2.unige.ch\m-HumanNeuronLab\ANALYSIS\FLM\Analysis_LoraFanda\01_FBM_Analysis\outputs\04_ersp_LM_RAWONLY\EL038\LM\ERSP_matrix\audio\EL038_audio_WM_ERSP_aH_L5_TN.npy,0.0258656330749354,0.0034883720930232,True,436,7,0.089956775,7
EL038,audio,LM,aH_L6,\\nasac-m2.unige.ch\m-HumanNeuronLab\ANALYSIS\FLM\Analysis_LoraFanda\01_FBM_Analysis\outputs\04_ersp_LM_RAWONLY\EL038\LM\ERSP_matrix\audio\EL038_audio_WM_ERSP_aH_L6_TN.npy,0.0228423772609819,0.0048062015503875,True,437,7,-0.011107123,7
EL038,audio,LM,aH_L7,\\nasac-m2.unige.ch\m-HumanNeuronLab\ANALYSIS\FLM\Analysis_LoraFanda\01_FBM_Analysis\outputs\04_ersp_LM_RAWONLY\EL038\LM\ERSP_matrix\audio\EL038_audio_WM_ERSP_aH_L7_TN.npy,0.0272093023255813,0.003204134366925,True,438,5,0.0776268,5
EL038,audio,LM,aH_L8,\\nasac-m2.unige.ch\m-HumanNeuronLab\ANALYSIS\FLM\Analysis_LoraFanda\01_FBM_Analysis\outputs\04_ersp_LM_RAWONLY\EL038\LM\ERSP_matrix\audio\EL038_audio_WM_ERSP_aH_L8_TN.npy,0.0421705426356589,0.0040826873385012,True,439,5,0.059382778,5
EL038,audio,LM,aH_L9,\\nasac-m2.unige.ch\m-HumanNeuronLab\ANALYSIS\FLM\Analysis_LoraFanda\01_FBM_Analysis\outputs\04_ersp_LM_RAWONLY\EL038\LM\ERSP_matrix\audio\EL038_audio_WM_ERSP_aH_L9_TN.npy,0.03328165374677,0.0042377260981912,True,440,5,0.038322195,5
EL038,audio,LM,aI_R10,\\nasac-m2.unige.ch\m-HumanNeuronLab\ANALYSIS\FLM\Analysis_LoraFanda\01_FBM_Analysis\outputs\04_ersp_LM_RAWONLY\EL038\LM\ERSP_matrix\audio\EL038_audio_WM_ERSP_aI_R10_TN.npy,0.0402583979328165,0.0036950904392764,True,441,1,-0.073763035,1
EL038,audio,LM,aI_R11,\\nasac-m2.unige.ch\m-HumanNeuronLab\ANALYSIS\FLM\Analysis_LoraFanda\01_FBM_Analysis\outputs\04_ersp_LM_RAWONLY\EL038\LM\ERSP_matrix\audio\EL038_audio_WM_ERSP_aI_R11_TN.npy,0.0372093023255813,0.0054263565891472,True,442,1,-0.040557932,1
EL038,audio,LM,aI_R14,\\nasac-m2.unige.ch\m-HumanNeuronLab\ANALYSIS\FLM\Analysis_LoraFanda\01_FBM_Analysis\outputs\04_ersp_LM_RAWONLY\EL038\LM\ERSP_matrix\audio\EL038_audio_WM_ERSP_aI_R14_TN.npy,0.0246770025839793,0.0025581395348837,True,443,5,0.032800157,5
EL038,audio,LM,aI_R3,\\nasac-m2.unige.ch\m-HumanNeuronLab\ANALYSIS\FLM\Analysis_LoraFanda\01_FBM_Analysis\outputs\04_ersp_LM_RAWONLY\EL038\LM\ERSP_matrix\audio\EL038_audio_WM_ERSP_aI_R3_TN.npy,0.0251679586563307,0.0022739018087855,True,444,5,0.06220213,5
EL038,audio,LM,aI_R4,\\nasac-m2.unige.ch\m-HumanNeuronLab\ANALYSIS\FLM\Analysis_LoraFanda\01_FBM_Analysis\outputs\04_ersp_LM_RAWONLY\EL038\LM\ERSP_matrix\audio\EL038_audio_WM_ERSP_aI_R4_TN.npy,0.0472609819121447,0.0016279069767441,True,445,5,0.048251074,5
EL038,audio,LM,aI_R7,\\nasac-m2.unige.ch\m-HumanNeuronLab\ANALYSIS\FLM\Analysis_LoraFanda\01_FBM_Analysis\outputs\04_ersp_LM_RAWONLY\EL038\LM\ERSP_matrix\audio\EL038_audio_WM_ERSP_aI_R7_TN.npy,0.0561757105943152,0.0039018087855297,True,446,1,-0.09535336,1
EL038,audio,LM,aI_R8,\\nasac-m2.unige.ch\m-HumanNeuronLab\ANALYSIS\FLM\Analysis_LoraFanda\01_FBM_Analysis\outputs\04_ersp_LM_RAWONLY\EL038\LM\ERSP_matrix\audio\EL038_audio_WM_ERSP_aI_R8_TN.npy,0.0306718346253229,0.0080103359173126,True,447,7,0.06757418,7
EL038,audio,LM,aI_R9,\\nasac-m2.unige.ch\m-HumanNeuronLab\ANALYSIS\FLM\Analysis_LoraFanda\01_FBM_Analysis\outputs\04_ersp_LM_RAWONLY\EL038\LM\ERSP_matrix\audio\EL038_audio_WM_ERSP_aI_R9_TN.npy,0.0272609819121447,0.0027648578811369,True,448,7,0.031982794,7
EL038,audio,LM,LinG_R3,\\nasac-m2.unige.ch\m-HumanNeuronLab\ANALYSIS\FLM\Analysis_LoraFanda\01_FBM_Analysis\outputs\04_ersp_LM_RAWONLY\EL038\LM\ERSP_matrix\audio\EL038_audio_WM_ERSP_LinG_R3_TN.npy,0.0214470284237726,0.0043669250645994,True,449,7,0.0055287653,7
EL038,audio,LM,LinG_R5,\\nasac-m2.unige.ch\m-HumanNeuronLab\ANALYSIS\FLM\Analysis_LoraFanda\01_FBM_Analysis\outputs\04_ersp_LM_RAWONLY\EL038\LM\ERSP_matrix\audio\EL038_audio_WM_ERSP_LinG_R5_TN.npy,0.0223255813953488,0.0121963824289405,True,450,7,0.11496495,7
EL038,audio,LM,LinG_R8,\\nasac-m2.unige.ch\m-HumanNeuronLab\ANALYSIS\FLM\Analysis_LoraFanda\01_FBM_Analysis\outputs\04_ersp_LM_RAWONLY\EL038\LM\ERSP_matrix\audio\EL038_audio_WM_ERSP_LinG_R8_TN.npy,0.0202325581395348,0.0049095607235142,True,451,7,-0.014708842,7
EL038,audio,LM,OF_R1,\\nasac-m2.unige.ch\m-HumanNeuronLab\ANALYSIS\FLM\Analysis_LoraFanda\01_FBM_Analysis\outputs\04_ersp_LM_RAWONLY\EL038\LM\ERSP_matrix\audio\EL038_audio_WM_ERSP_OF_R1_TN.npy,0.0201550387596899,0.0030490956072351,True,452,5,0.07109749,5
EL038,audio,LM,OF_R6,\\nasac-m2.unige.ch\m-HumanNeuronLab\ANALYSIS\FLM\Analysis_LoraFanda\01_FBM_Analysis\outputs\04_ersp_LM_RAWONLY\EL038\LM\ERSP_matrix\audio\EL038_audio_WM_ERSP_OF_R6_TN.npy,0.0280103359173126,0.0026356589147286,True,453,5,0.04344142,5
EL038,audio,LM,OF_R8,\\nasac-m2.unige.ch\m-HumanNeuronLab\ANALYSIS\FLM\Analysis_LoraFanda\01_FBM_Analysis\outputs\04_ersp_LM_RAWONLY\EL038\LM\ERSP_matrix\audio\EL038_audio_WM_ERSP_OF_R8_TN.npy,0.0225064599483204,0.0072609819121447,True,454,7,0.06194846,7
EL038,audio,LM,OF_R9,\\nasac-m2.unige.ch\m-HumanNeuronLab\ANALYSIS\FLM\Analysis_LoraFanda\01_FBM_Analysis\outputs\04_ersp_LM_RAWONLY\EL038\LM\ERSP_matrix\audio\EL038_audio_WM_ERSP_OF_R9_TN.npy,0.0270542635658914,0.0071059431524547,True,455,7,0.081959315,7
EL038,audio,LM,pH_L10,\\nasac-m2.unige.ch\m-HumanNeuronLab\ANALYSIS\FLM\Analysis_LoraFanda\01_FBM_Analysis\outputs\04_ersp_LM_RAWONLY\EL038\LM\ERSP_matrix\audio\EL038_audio_WM_ERSP_pH_L10_TN.npy,0.0237467700258397,0.0040826873385012,True,456,5,0.094928704,5
EL038,audio,LM,pH_L11,\\nasac-m2.unige.ch\m-HumanNeuronLab\ANALYSIS\FLM\Analysis_LoraFanda\01_FBM_Analysis\outputs\04_ersp_LM_RAWONLY\EL038\LM\ERSP_matrix\audio\EL038_audio_WM_ERSP_pH_L11_TN.npy,0.023875968992248,0.0037726098191214,True,457,5,0.07586019,5
EL038,audio,LM,pH_L13,\\nasac-m2.unige.ch\m-HumanNeuronLab\ANALYSIS\FLM\Analysis_LoraFanda\01_FBM_Analysis\outputs\04_ersp_LM_RAWONLY\EL038\LM\ERSP_matrix\audio\EL038_audio_WM_ERSP_pH_L13_TN.npy,0.0386046511627906,0.0083979328165374,True,458,7,0.10361232,7
EL038,audio,LM,pH_L1,\\nasac-m2.unige.ch\m-HumanNeuronLab\ANALYSIS\FLM\Analysis_LoraFanda\01_FBM_Analysis\outputs\04_ersp_LM_RAWONLY\EL038\LM\ERSP_matrix\audio\EL038_audio_WM_ERSP_pH_L1_TN.npy,0.0287855297157622,0.0026873385012919,True,459,5,0.08979897,5
EL038,audio,LM,pH_L2,\\nasac-m2.unige.ch\m-HumanNeuronLab\ANALYSIS\FLM\Analysis_LoraFanda\01_FBM_Analysis\outputs\04_ersp_LM_RAWONLY\EL038\LM\ERSP_matrix\audio\EL038_audio_WM_ERSP_pH_L2_TN.npy,0.0248837209302325,0.0051162790697674,True,460,7,0.022483284,7
EL038,audio,LM,pH_L3,\\nasac-m2.unige.ch\m-HumanNeuronLab\ANALYSIS\FLM\Analysis_LoraFanda\01_FBM_Analysis\outputs\04_ersp_LM_RAWONLY\EL038\LM\ERSP_matrix\audio\EL038_audio_WM_ERSP_pH_L3_TN.npy,0.0215503875968992,0.0025839793281653,True,461,7,0.030259408,7
EL038,audio,LM,pH_L4,\\nasac-m2.unige.ch\m-HumanNeuronLab\ANALYSIS\FLM\Analysis_LoraFanda\01_FBM_Analysis\outputs\04_ersp_LM_RAWONLY\EL038\LM\ERSP_matrix\audio\EL038_audio_WM_ERSP_pH_L4_TN.npy,0.0239018087855297,0.0038501291989664,True,462,7,-0.012267924,7
EL038,audio,LM,pH_L9,\\nasac-m2.unige.ch\m-HumanNeuronLab\ANALYSIS\FLM\Analysis_LoraFanda\01_FBM_Analysis\outputs\04_ersp_LM_RAWONLY\EL038\LM\ERSP_matrix\audio\EL038_audio_WM_ERSP_pH_L9_TN.npy,0.0303617571059431,0.0031524547803617,True,463,5,0.054874685,5
EL038,audio,LM,pH_R6,\\nasac-m2.unige.ch\m-HumanNeuronLab\ANALYSIS\FLM\Analysis_LoraFanda\01_FBM_Analysis\outputs\04_ersp_LM_RAWONLY\EL038\LM\ERSP_matrix\audio\EL038_audio_WM_ERSP_pH_R6_TN.npy,0.0233333333333333,0.0055297157622739,True,464,7,0.04402639,7
EL038,picture,LM,A_L1,\\nasac-m2.unige.ch\m-HumanNeuronLab\ANALYSIS\FLM\Analysis_LoraFanda\01_FBM_Analysis\outputs\04_ersp_LM_RAWONLY\EL038\LM\ERSP_matrix\picture\EL038_picture_WM_ERSP_A_L1_TN.npy,0.1501550387596899,0.0014470284237726,True,465,8,-0.021491624,8
EL038,picture,LM,A_L8,\\nasac-m2.unige.ch\m-HumanNeuronLab\ANALYSIS\FLM\Analysis_LoraFanda\01_FBM_Analysis\outputs\04_ersp_LM_RAWONLY\EL038\LM\ERSP_matrix\picture\EL038_picture_WM_ERSP_A_L8_TN.npy,0.0314728682170542,0.0006459948320413,True,466,7,-0.036711425,7
EL038,picture,LM,aH_L4,\\nasac-m2.unige.ch\m-HumanNeuronLab\ANALYSIS\FLM\Analysis_LoraFanda\01_FBM_Analysis\outputs\04_ersp_LM_RAWONLY\EL038\LM\ERSP_matrix\picture\EL038_picture_WM_ERSP_aH_L4_TN.npy,0.021860465116279,0.0001033591731266,True,467,0,0.0005641357,0
EL038,picture,LM,aH_L6,\\nasac-m2.unige.ch\m-HumanNeuronLab\ANALYSIS\FLM\Analysis_LoraFanda\01_FBM_Analysis\outputs\04_ersp_LM_RAWONLY\EL038\LM\ERSP_matrix\picture\EL038_picture_WM_ERSP_aH_L6_TN.npy,0.040671834625323,0.0058656330749354,True,468,7,0.071367785,7
EL038,picture,LM,aH_L7,\\nasac-m2.unige.ch\m-HumanNeuronLab\ANALYSIS\FLM\Analysis_LoraFanda\01_FBM_Analysis\outputs\04_ersp_LM_RAWONLY\EL038\LM\ERSP_matrix\picture\EL038_picture_WM_ERSP_aH_L7_TN.npy,0.0274418604651162,0.0020671834625322,True,469,7,0.15836608,7
EL038,picture,LM,aH_L8,\\nasac-m2.unige.ch\m-HumanNeuronLab\ANALYSIS\FLM\Analysis_LoraFanda\01_FBM_Analysis\outputs\04_ersp_LM_RAWONLY\EL038\LM\ERSP_matrix\picture\EL038_picture_WM_ERSP_aH_L8_TN.npy,0.0225581395348837,0.0010077519379844,True,470,7,0.11011179,7
EL038,picture,LM,aI_R10,\\nasac-m2.unige.ch\m-HumanNeuronLab\ANALYSIS\FLM\Analysis_LoraFanda\01_FBM_Analysis\outputs\04_ersp_LM_RAWONLY\EL038\LM\ERSP_matrix\picture\EL038_picture_WM_ERSP_aI_R10_TN.npy,0.0306201550387596,0.0016279069767441,True,471,7,0.087773114,7
EL038,picture,LM,aI_R11,\\nasac-m2.unige.ch\m-HumanNeuronLab\ANALYSIS\FLM\Analysis_LoraFanda\01_FBM_Analysis\outputs\04_ersp_LM_RAWONLY\EL038\LM\ERSP_matrix\picture\EL038_picture_WM_ERSP_aI_R11_TN.npy,0.0213953488372093,0.0015503875968992,True,472,7,0.006323879,7
EL038,picture,LM,aI_R4,\\nasac-m2.unige.ch\m-HumanNeuronLab\ANALYSIS\FLM\Analysis_LoraFanda\01_FBM_Analysis\outputs\04_ersp_LM_RAWONLY\EL038\LM\ERSP_matrix\picture\EL038_picture_WM_ERSP_aI_R4_TN.npy,0.0302842377260981,0.0017829457364341,True,473,7,0.027927114,7
EL038,picture,LM,aI_R7,\\nasac-m2.unige.ch\m-HumanNeuronLab\ANALYSIS\FLM\Analysis_LoraFanda\01_FBM_Analysis\outputs\04_ersp_LM_RAWONLY\EL038\LM\ERSP_matrix\picture\EL038_picture_WM_ERSP_aI_R7_TN.npy,0.0407235142118863,0.0064082687338501,True,474,7,0.11193231,7
EL038,picture,LM,aI_R8,\\nasac-m2.unige.ch\m-HumanNeuronLab\ANALYSIS\FLM\Analysis_LoraFanda\01_FBM_Analysis\outputs\04_ersp_LM_RAWONLY\EL038\LM\ERSP_matrix\picture\EL038_picture_WM_ERSP_aI_R8_TN.npy,0.04984496124031,0.0120930232558139,True,475,4,-0.023485852,4
EL038,picture,LM,LinG_R7,\\nasac-m2.unige.ch\m-HumanNeuronLab\ANALYSIS\FLM\Analysis_LoraFanda\01_FBM_Analysis\outputs\04_ersp_LM_RAWONLY\EL038\LM\ERSP_matrix\picture\EL038_picture_WM_ERSP_LinG_R7_TN.npy,0.0204134366925064,0.0289922480620155,True,476,4,0.13478926,4
EL038,picture,LM,OF_R16,\\nasac-m2.unige.ch\m-HumanNeuronLab\ANALYSIS\FLM\Analysis_LoraFanda\01_FBM_Analysis\outputs\04_ersp_LM_RAWONLY\EL038\LM\ERSP_matrix\picture\EL038_picture_WM_ERSP_OF_R16_TN.npy,0.0243152454780361,0.0010852713178294,True,477,7,0.09799046,7
EL038,picture,LM,OF_R6,\\nasac-m2.unige.ch\m-HumanNeuronLab\ANALYSIS\FLM\Analysis_LoraFanda\01_FBM_Analysis\outputs\04_ersp_LM_RAWONLY\EL038\LM\ERSP_matrix\picture\EL038_picture_WM_ERSP_OF_R6_TN.npy,0.0380878552971576,0.0024806201550387,True,478,7,0.08497212,7
EL038,picture,LM,OF_R7,\\nasac-m2.unige.ch\m-HumanNeuronLab\ANALYSIS\FLM\Analysis_LoraFanda\01_FBM_Analysis\outputs\04_ersp_LM_RAWONLY\EL038\LM\ERSP_matrix\picture\EL038_picture_WM_ERSP_OF_R7_TN.npy,0.0373643410852713,0.0054005167958656,True,479,7,0.14395678,7
EL038,picture,LM,OF_R8,\\nasac-m2.unige.ch\m-HumanNeuronLab\ANALYSIS\FLM\Analysis_LoraFanda\01_FBM_Analysis\outputs\04_ersp_LM_RAWONLY\EL038\LM\ERSP_matrix\picture\EL038_picture_WM_ERSP_OF_R8_TN.npy,0.0304651162790697,0.0062790697674418,True,480,7,0.1263942,7
EL038,picture,LM,OF_R9,\\nasac-m2.unige.ch\m-HumanNeuronLab\ANALYSIS\FLM\Analysis_LoraFanda\01_FBM_Analysis\outputs\04_ersp_LM_RAWONLY\EL038\LM\ERSP_matrix\picture\EL038_picture_WM_ERSP_OF_R9_TN.npy,0.0276744186046511,0.0064341085271317,True,481,7,0.12325846,7
EL038,reading,LM,A_L1,\\nasac-m2.unige.ch\m-HumanNeuronLab\ANALYSIS\FLM\Analysis_LoraFanda\01_FBM_Analysis\outputs\04_ersp_LM_RAWONLY\EL038\LM\ERSP_matrix\reading\EL038_reading_WM_ERSP_A_L1_TN.npy,0.1170542635658914,0.0103617571059431,True,482,2,-0.032305617,2
EL038,reading,LM,A_L8,\\nasac-m2.unige.ch\m-HumanNeuronLab\ANALYSIS\FLM\Analysis_LoraFanda\01_FBM_Analysis\outputs\04_ersp_LM_RAWONLY\EL038\LM\ERSP_matrix\reading\EL038_reading_WM_ERSP_A_L8_TN.npy,0.0217054263565891,0.0063565891472868,True,483,5,-0.0069308192,5
EL038,reading,LM,aH_L1,\\nasac-m2.unige.ch\m-HumanNeuronLab\ANALYSIS\FLM\Analysis_LoraFanda\01_FBM_Analysis\outputs\04_ersp_LM_RAWONLY\EL038\LM\ERSP_matrix\reading\EL038_reading_WM_ERSP_aH_L1_TN.npy,0.0095348837209302,0.0600258397932816,True,484,6,0.12371485,6
EL038,reading,LM,aH_L4,\\nasac-m2.unige.ch\m-HumanNeuronLab\ANALYSIS\FLM\Analysis_LoraFanda\01_FBM_Analysis\outputs\04_ersp_LM_RAWONLY\EL038\LM\ERSP_matrix\reading\EL038_reading_WM_ERSP_aH_L4_TN.npy,0.0206976744186046,0.0009560723514211,True,485,5,0.03363162,5
EL038,reading,LM,aI_R7,\\nasac-m2.unige.ch\m-HumanNeuronLab\ANALYSIS\FLM\Analysis_LoraFanda\01_FBM_Analysis\outputs\04_ersp_LM_RAWONLY\EL038\LM\ERSP_matrix\reading\EL038_reading_WM_ERSP_aI_R7_TN.npy,0.0271059431524547,0.0125839793281653,True,486,7,0.043129534,7
EL038,reading,LM,aI_R8,\\nasac-m2.unige.ch\m-HumanNeuronLab\ANALYSIS\FLM\Analysis_LoraFanda\01_FBM_Analysis\outputs\04_ersp_LM_RAWONLY\EL038\LM\ERSP_matrix\reading\EL038_reading_WM_ERSP_aI_R8_TN.npy,0.0277777777777777,0.0196124031007751,True,487,4,0.116421804,4
EL038,reading,LM,pH_L4,\\nasac-m2.unige.ch\m-HumanNeuronLab\ANALYSIS\FLM\Analysis_LoraFanda\01_FBM_Analysis\outputs\04_ersp_LM_RAWONLY\EL038\LM\ERSP_matrix\reading\EL038_reading_WM_ERSP_pH_L4_TN.npy,0.0224547803617571,0.0022222222222222,True,488,5,0.106265135,5
EL038,reading,LM,pH_R11,\\nasac-m2.unige.ch\m-HumanNeuronLab\ANALYSIS\FLM\Analysis_LoraFanda\01_FBM_Analysis\outputs\04_ersp_LM_RAWONLY\EL038\LM\ERSP_matrix\reading\EL038_reading_WM_ERSP_pH_R11_TN.npy,0.0213953488372093,0.0030749354005167,True,489,9,0.055221364,9
EL040,audio,LM,aH_L11,\\nasac-m2.unige.ch\m-HumanNeuronLab\ANALYSIS\FLM\Analysis_LoraFanda\01_FBM_Analysis\outputs\04_ersp_LM_RAWONLY\EL040\LM\ERSP_matrix\audio\EL040_audio_WM_ERSP_aH_L11_TN.npy,0.0878036175710594,0.0004392764857881,True,490,8,0.087801956,8
EL040,audio,LM,aH_L12,\\nasac-m2.unige.ch\m-HumanNeuronLab\ANALYSIS\FLM\Analysis_LoraFanda\01_FBM_Analysis\outputs\04_ersp_LM_RAWONLY\EL040\LM\ERSP_matrix\audio\EL040_audio_WM_ERSP_aH_L12_TN.npy,0.1060981912144702,0.0010594315245478,True,491,8,0.07947789,8
EL040,audio,LM,aH_L7,\\nasac-m2.unige.ch\m-HumanNeuronLab\ANALYSIS\FLM\Analysis_LoraFanda\01_FBM_Analysis\outputs\04_ersp_LM_RAWONLY\EL040\LM\ERSP_matrix\audio\EL040_audio_WM_ERSP_aH_L7_TN.npy,0.0336175710594315,0.0004909560723514,True,492,5,0.034883782,5
EL040,audio,LM,aH_L8,\\nasac-m2.unige.ch\m-HumanNeuronLab\ANALYSIS\FLM\Analysis_LoraFanda\01_FBM_Analysis\outputs\04_ersp_LM_RAWONLY\EL040\LM\ERSP_matrix\audio\EL040_audio_WM_ERSP_aH_L8_TN.npy,0.0329457364341085,0.0002067183462532,True,493,5,0.040962264,5
EL040,audio,LM,aH_L9,\\nasac-m2.unige.ch\m-HumanNeuronLab\ANALYSIS\FLM\Analysis_LoraFanda\01_FBM_Analysis\outputs\04_ersp_LM_RAWONLY\EL040\LM\ERSP_matrix\audio\EL040_audio_WM_ERSP_aH_L9_TN.npy,0.0455813953488372,0.0003359173126614,True,494,5,0.049700644,5
EL040,audio,LM,aH_R13,\\nasac-m2.unige.ch\m-HumanNeuronLab\ANALYSIS\FLM\Analysis_LoraFanda\01_FBM_Analysis\outputs\04_ersp_LM_RAWONLY\EL040\LM\ERSP_matrix\audio\EL040_audio_WM_ERSP_aH_R13_TN.npy,0.0491989664082687,0.0083720930232558,True,495,2,-0.042667013,2
EL040,audio,LM,aH_R6,\\nasac-m2.unige.ch\m-HumanNeuronLab\ANALYSIS\FLM\Analysis_LoraFanda\01_FBM_Analysis\outputs\04_ersp_LM_RAWONLY\EL040\LM\ERSP_matrix\audio\EL040_audio_WM_ERSP_aH_R6_TN.npy,0.0238242894056847,0.0004651162790697,True,496,7,0.055023402,7
EL040,audio,LM,aH_R7,\\nasac-m2.unige.ch\m-HumanNeuronLab\ANALYSIS\FLM\Analysis_LoraFanda\01_FBM_Analysis\outputs\04_ersp_LM_RAWONLY\EL040\LM\ERSP_matrix\audio\EL040_audio_WM_ERSP_aH_R7_TN.npy,0.0246511627906976,0.0008527131782945,True,497,7,0.033041567,7
EL040,audio,LM,FP_R1,\\nasac-m2.unige.ch\m-HumanNeuronLab\ANALYSIS\FLM\Analysis_LoraFanda\01_FBM_Analysis\outputs\04_ersp_LM_RAWONLY\EL040\LM\ERSP_matrix\audio\EL040_audio_WM_ERSP_FP_R1_TN.npy,0.0238242894056847,0.002532299741602,True,498,5,0.07235983,5
EL040,audio,LM,iNH_R17,\\nasac-m2.unige.ch\m-HumanNeuronLab\ANALYSIS\FLM\Analysis_LoraFanda\01_FBM_Analysis\outputs\04_ersp_LM_RAWONLY\EL040\LM\ERSP_matrix\audio\EL040_audio_WM_ERSP_iNH_R17_TN.npy,0.0212919896640826,0.0004909560723514,True,499,7,0.023092914,7
EL040,audio,LM,iNH_R18,\\nasac-m2.unige.ch\m-HumanNeuronLab\ANALYSIS\FLM\Analysis_LoraFanda\01_FBM_Analysis\outputs\04_ersp_LM_RAWONLY\EL040\LM\ERSP_matrix\audio\EL040_audio_WM_ERSP_iNH_R18_TN.npy,0.0456847545219638,0.0003617571059431,True,500,9,0.0824974,9
EL040,audio,LM,OF_R1,\\nasac-m2.unige.ch\m-HumanNeuronLab\ANALYSIS\FLM\Analysis_LoraFanda\01_FBM_Analysis\outputs\04_ersp_LM_RAWONLY\EL040\LM\ERSP_matrix\audio\EL040_audio_WM_ERSP_OF_R1_TN.npy,0.021266149870801,0.0007235142118863,True,501,5,0.084360525,5
EL040,audio,LM,pH_R11,\\nasac-m2.unige.ch\m-HumanNeuronLab\ANALYSIS\FLM\Analysis_LoraFanda\01_FBM_Analysis\outputs\04_ersp_LM_RAWONLY\EL040\LM\ERSP_matrix\audio\EL040_audio_WM_ERSP_pH_R11_TN.npy,0.0296899224806201,0.0003875968992248,True,502,5,0.064972974,5
EL040,audio,LM,pH_R12,\\nasac-m2.unige.ch\m-HumanNeuronLab\ANALYSIS\FLM\Analysis_LoraFanda\01_FBM_Analysis\outputs\04_ersp_LM_RAWONLY\EL040\LM\ERSP_matrix\audio\EL040_audio_WM_ERSP_pH_R12_TN.npy,0.0521705426356589,0.0007751937984496,True,503,9,0.033481352,9
EL040,audio,LM,pH_R13,\\nasac-m2.unige.ch\m-HumanNeuronLab\ANALYSIS\FLM\Analysis_LoraFanda\01_FBM_Analysis\outputs\04_ersp_LM_RAWONLY\EL040\LM\ERSP_matrix\audio\EL040_audio_WM_ERSP_pH_R13_TN.npy,0.1135400516795865,0.0001550387596899,True,504,8,-0.029112851,8
EL040,audio,LM,pH_R14,\\nasac-m2.unige.ch\m-HumanNeuronLab\ANALYSIS\FLM\Analysis_LoraFanda\01_FBM_Analysis\outputs\04_ersp_LM_RAWONLY\EL040\LM\ERSP_matrix\audio\EL040_audio_WM_ERSP_pH_R14_TN.npy,0.2137209302325581,0.0034366925064599,True,505,8,0.03452648,8
EL040,audio,LM,PHG_R12,\\nasac-m2.unige.ch\m-HumanNeuronLab\ANALYSIS\FLM\Analysis_LoraFanda\01_FBM_Analysis\outputs\04_ersp_LM_RAWONLY\EL040\LM\ERSP_matrix\audio\EL040_audio_WM_ERSP_PHG_R12_TN.npy,0.029922480620155,0.0020155038759689,True,506,9,0.05615506,9
EL040,audio,LM,pPVH_L16,\\nasac-m2.unige.ch\m-HumanNeuronLab\ANALYSIS\FLM\Analysis_LoraFanda\01_FBM_Analysis\outputs\04_ersp_LM_RAWONLY\EL040\LM\ERSP_matrix\audio\EL040_audio_WM_ERSP_pPVH_L16_TN.npy,0.0544444444444444,0.0006718346253229,True,507,8,-0.013071498,8
EL040,audio,LM,STG_R10,\\nasac-m2.unige.ch\m-HumanNeuronLab\ANALYSIS\FLM\Analysis_LoraFanda\01_FBM_Analysis\outputs\04_ersp_LM_RAWONLY\EL040\LM\ERSP_matrix\audio\EL040_audio_WM_ERSP_STG_R10_TN.npy,0.0778552971576227,0.001188630490956,True,508,9,0.15765835,9
EL040,audio,LM,STG_R3,\\nasac-m2.unige.ch\m-HumanNeuronLab\ANALYSIS\FLM\Analysis_LoraFanda\01_FBM_Analysis\outputs\04_ersp_LM_RAWONLY\EL040\LM\ERSP_matrix\audio\EL040_audio_WM_ERSP_STG_R3_TN.npy,0.049328165374677,0.0003617571059431,True,509,3,0.05513948,3
EL040,audio,LM,STG_R4,\\nasac-m2.unige.ch\m-HumanNeuronLab\ANALYSIS\FLM\Analysis_LoraFanda\01_FBM_Analysis\outputs\04_ersp_LM_RAWONLY\EL040\LM\ERSP_matrix\audio\EL040_audio_WM_ERSP_STG_R4_TN.npy,0.043953488372093,0.0001550387596899,True,510,3,-0.0067621474,3
EL040,audio,LM,STG_R5,\\nasac-m2.unige.ch\m-HumanNeuronLab\ANALYSIS\FLM\Analysis_LoraFanda\01_FBM_Analysis\outputs\04_ersp_LM_RAWONLY\EL040\LM\ERSP_matrix\audio\EL040_audio_WM_ERSP_STG_R5_TN.npy,0.0383462532299741,0.0005684754521963,True,511,7,0.053699885,7
EL040,audio,LM,STG_R6,\\nasac-m2.unige.ch\m-HumanNeuronLab\ANALYSIS\FLM\Analysis_LoraFanda\01_FBM_Analysis\outputs\04_ersp_LM_RAWONLY\EL040\LM\ERSP_matrix\audio\EL040_audio_WM_ERSP_STG_R6_TN.npy,0.0330232558139534,0.000516795865633,True,512,7,0.0583486,7
EL040,audio,LM,STG_R7,\\nasac-m2.unige.ch\m-HumanNeuronLab\ANALYSIS\FLM\Analysis_LoraFanda\01_FBM_Analysis\outputs\04_ersp_LM_RAWONLY\EL040\LM\ERSP_matrix\audio\EL040_audio_WM_ERSP_STG_R7_TN.npy,0.0309043927648578,0.0006718346253229,True,513,7,0.035071213,7
EL040,picture,LM,aH_L11,\\nasac-m2.unige.ch\m-HumanNeuronLab\ANALYSIS\FLM\Analysis_LoraFanda\01_FBM_Analysis\outputs\04_ersp_LM_RAWONLY\EL040\LM\ERSP_matrix\picture\EL040_picture_WM_ERSP_aH_L11_TN.npy,0.0989922480620155,0.0006976744186046,True,514,8,0.06673759,8
EL040,picture,LM,aH_L12,\\nasac-m2.unige.ch\m-HumanNeuronLab\ANALYSIS\FLM\Analysis_LoraFanda\01_FBM_Analysis\outputs\04_ersp_LM_RAWONLY\EL040\LM\ERSP_matrix\picture\EL040_picture_WM_ERSP_aH_L12_TN.npy,0.1321188630490956,0.001188630490956,True,515,8,0.09805846,8
EL040,picture,LM,aH_L7,\\nasac-m2.unige.ch\m-HumanNeuronLab\ANALYSIS\FLM\Analysis_LoraFanda\01_FBM_Analysis\outputs\04_ersp_LM_RAWONLY\EL040\LM\ERSP_matrix\picture\EL040_picture_WM_ERSP_aH_L7_TN.npy,0.0248062015503875,0.0004651162790697,True,516,5,0.036298845,5
EL040,picture,LM,aH_L8,\\nasac-m2.unige.ch\m-HumanNeuronLab\ANALYSIS\FLM\Analysis_LoraFanda\01_FBM_Analysis\outputs\04_ersp_LM_RAWONLY\EL040\LM\ERSP_matrix\picture\EL040_picture_WM_ERSP_aH_L8_TN.npy,0.0295865633074935,0.0005684754521963,True,517,5,0.052781,5
EL040,picture,LM,aH_L9,\\nasac-m2.unige.ch\m-HumanNeuronLab\ANALYSIS\FLM\Analysis_LoraFanda\01_FBM_Analysis\outputs\04_ersp_LM_RAWONLY\EL040\LM\ERSP_matrix\picture\EL040_picture_WM_ERSP_aH_L9_TN.npy,0.0413953488372093,0.0009560723514211,True,518,0,-0.0014245156,0
EL040,picture,LM,aH_R12,\\nasac-m2.unige.ch\m-HumanNeuronLab\ANALYSIS\FLM\Analysis_LoraFanda\01_FBM_Analysis\outputs\04_ersp_LM_RAWONLY\EL040\LM\ERSP_matrix\picture\EL040_picture_WM_ERSP_aH_R12_TN.npy,0.0332299741602067,0.0005684754521963,True,519,9,0.029927785,9
EL040,picture,LM,aH_R13,\\nasac-m2.unige.ch\m-HumanNeuronLab\ANALYSIS\FLM\Analysis_LoraFanda\01_FBM_Analysis\outputs\04_ersp_LM_RAWONLY\EL040\LM\ERSP_matrix\picture\EL040_picture_WM_ERSP_aH_R13_TN.npy,0.0742118863049095,0.0013953488372093,True,520,8,-0.06062727,8
EL040,picture,LM,FP_R1,\\nasac-m2.unige.ch\m-HumanNeuronLab\ANALYSIS\FLM\Analysis_LoraFanda\01_FBM_Analysis\outputs\04_ersp_LM_RAWONLY\EL040\LM\ERSP_matrix\picture\EL040_picture_WM_ERSP_FP_R1_TN.npy,0.0220413436692506,0.0014728682170542,True,521,0,0.017633809,0
EL040,picture,LM,iNH_R17,\\nasac-m2.unige.ch\m-HumanNeuronLab\ANALYSIS\FLM\Analysis_LoraFanda\01_FBM_Analysis\outputs\04_ersp_LM_RAWONLY\EL040\LM\ERSP_matrix\picture\EL040_picture_WM_ERSP_iNH_R17_TN.npy,0.0554521963824289,0.0010077519379844,True,522,1,-0.07024394,1
EL040,picture,LM,iNH_R18,\\nasac-m2.unige.ch\m-HumanNeuronLab\ANALYSIS\FLM\Analysis_LoraFanda\01_FBM_Analysis\outputs\04_ersp_LM_RAWONLY\EL040\LM\ERSP_matrix\picture\EL040_picture_WM_ERSP_iNH_R18_TN.npy,0.0763824289405684,0.0016279069767441,True,523,1,-0.040894356,1
EL040,picture,LM,iPVH_R2,\\nasac-m2.unige.ch\m-HumanNeuronLab\ANALYSIS\FLM\Analysis_LoraFanda\01_FBM_Analysis\outputs\04_ersp_LM_RAWONLY\EL040\LM\ERSP_matrix\picture\EL040_picture_WM_ERSP_iPVH_R2_TN.npy,0.0207493540051679,0.0005426356589147,True,524,5,0.10185597,5
EL040,picture,LM,pH_R12,\\nasac-m2.unige.ch\m-HumanNeuronLab\ANALYSIS\FLM\Analysis_LoraFanda\01_FBM_Analysis\outputs\04_ersp_LM_RAWONLY\EL040\LM\ERSP_matrix\picture\EL040_picture_WM_ERSP_pH_R12_TN.npy,0.0262273901808785,0.0031266149870801,True,525,5,-0.013389524,5
EL040,picture,LM,pH_R13,\\nasac-m2.unige.ch\m-HumanNeuronLab\ANALYSIS\FLM\Analysis_LoraFanda\01_FBM_Analysis\outputs\04_ersp_LM_RAWONLY\EL040\LM\ERSP_matrix\picture\EL040_picture_WM_ERSP_pH_R13_TN.npy,0.0560723514211886,0.0017571059431524,True,526,9,0.07270344,9
EL040,picture,LM,pH_R14,\\nasac-m2.unige.ch\m-HumanNeuronLab\ANALYSIS\FLM\Analysis_LoraFanda\01_FBM_Analysis\outputs\04_ersp_LM_RAWONLY\EL040\LM\ERSP_matrix\picture\EL040_picture_WM_ERSP_pH_R14_TN.npy,0.1235658914728682,0.007235142118863,True,527,2,-0.03660724,2
EL040,picture,LM,PHG_R12,\\nasac-m2.unige.ch\m-HumanNeuronLab\ANALYSIS\FLM\Analysis_LoraFanda\01_FBM_Analysis\outputs\04_ersp_LM_RAWONLY\EL040\LM\ERSP_matrix\picture\EL040_picture_WM_ERSP_PHG_R12_TN.npy,0.0326614987080103,0.0027906976744186,True,528,9,0.061340775,9
EL040,picture,LM,pPVH_L16,\\nasac-m2.unige.ch\m-HumanNeuronLab\ANALYSIS\FLM\Analysis_LoraFanda\01_FBM_Analysis\outputs\04_ersp_LM_RAWONLY\EL040\LM\ERSP_matrix\picture\EL040_picture_WM_ERSP_pPVH_L16_TN.npy,0.061937984496124,0.000594315245478,True,529,8,0.005412787,8
EL040,picture,LM,STG_R10,\\nasac-m2.unige.ch\m-HumanNeuronLab\ANALYSIS\FLM\Analysis_LoraFanda\01_FBM_Analysis\outputs\04_ersp_LM_RAWONLY\EL040\LM\ERSP_matrix\picture\EL040_picture_WM_ERSP_STG_R10_TN.npy,0.0389664082687338,0.0081912144702842,True,530,2,-0.017499609,2
EL040,reading,LM,aH_L11,\\nasac-m2.unige.ch\m-HumanNeuronLab\ANALYSIS\FLM\Analysis_LoraFanda\01_FBM_Analysis\outputs\04_ersp_LM_RAWONLY\EL040\LM\ERSP_matrix\reading\EL040_reading_WM_ERSP_aH_L11_TN.npy,0.1134625322997416,0.0021705426356589,True,531,8,0.0035804268,8
EL040,reading,LM,aH_L12,\\nasac-m2.unige.ch\m-HumanNeuronLab\ANALYSIS\FLM\Analysis_LoraFanda\01_FBM_Analysis\outputs\04_ersp_LM_RAWONLY\EL040\LM\ERSP_matrix\reading\EL040_reading_WM_ERSP_aH_L12_TN.npy,0.1504909560723514,0.0019121447028423,True,532,8,0.059427116,8
EL040,reading,LM,aH_L7,\\nasac-m2.unige.ch\m-HumanNeuronLab\ANALYSIS\FLM\Analysis_LoraFanda\01_FBM_Analysis\outputs\04_ersp_LM_RAWONLY\EL040\LM\ERSP_matrix\reading\EL040_reading_WM_ERSP_aH_L7_TN.npy,0.0348320413436692,0.0012144702842377,True,533,5,0.045197994,5
EL040,reading,LM,aH_L8,\\nasac-m2.unige.ch\m-HumanNeuronLab\ANALYSIS\FLM\Analysis_LoraFanda\01_FBM_Analysis\outputs\04_ersp_LM_RAWONLY\EL040\LM\ERSP_matrix\reading\EL040_reading_WM_ERSP_aH_L8_TN.npy,0.0408010335917312,0.0014211886304909,True,534,0,-0.0037208013,0
EL040,reading,LM,aH_L9,\\nasac-m2.unige.ch\m-HumanNeuronLab\ANALYSIS\FLM\Analysis_LoraFanda\01_FBM_Analysis\outputs\04_ersp_LM_RAWONLY\EL040\LM\ERSP_matrix\reading\EL040_reading_WM_ERSP_aH_L9_TN.npy,0.0316795865633074,0.0014728682170542,True,535,0,0.03622497,0
EL040,reading,LM,aH_R13,\\nasac-m2.unige.ch\m-HumanNeuronLab\ANALYSIS\FLM\Analysis_LoraFanda\01_FBM_Analysis\outputs\04_ersp_LM_RAWONLY\EL040\LM\ERSP_matrix\reading\EL040_reading_WM_ERSP_aH_R13_TN.npy,0.0067958656330749,0.0453488372093023,True,536,6,0.12997204,6
EL040,reading,LM,FP_R1,\\nasac-m2.unige.ch\m-HumanNeuronLab\ANALYSIS\FLM\Analysis_LoraFanda\01_FBM_Analysis\outputs\04_ersp_LM_RAWONLY\EL040\LM\ERSP_matrix\reading\EL040_reading_WM_ERSP_FP_R1_TN.npy,0.0260465116279069,0.0037984496124031,True,537,5,0.10237794,5
EL040,reading,LM,FP_R5,\\nasac-m2.unige.ch\m-HumanNeuronLab\ANALYSIS\FLM\Analysis_LoraFanda\01_FBM_Analysis\outputs\04_ersp_LM_RAWONLY\EL040\LM\ERSP_matrix\reading\EL040_reading_WM_ERSP_FP_R5_TN.npy,0.0206459948320413,0.0015245478036175,True,538,5,0.1462905,5
EL040,reading,LM,iNH_R17,\\nasac-m2.unige.ch\m-HumanNeuronLab\ANALYSIS\FLM\Analysis_LoraFanda\01_FBM_Analysis\outputs\04_ersp_LM_RAWONLY\EL040\LM\ERSP_matrix\reading\EL040_reading_WM_ERSP_iNH_R17_TN.npy,0.0413178294573643,0.0017054263565891,True,539,9,0.036807466,9
EL040,reading,LM,iNH_R18,\\nasac-m2.unige.ch\m-HumanNeuronLab\ANALYSIS\FLM\Analysis_LoraFanda\01_FBM_Analysis\outputs\04_ersp_LM_RAWONLY\EL040\LM\ERSP_matrix\reading\EL040_reading_WM_ERSP_iNH_R18_TN.npy,0.074547803617571,0.0024806201550387,True,540,9,0.113523275,9
EL040,reading,LM,iPVH_R1,\\nasac-m2.unige.ch\m-HumanNeuronLab\ANALYSIS\FLM\Analysis_LoraFanda\01_FBM_Analysis\outputs\04_ersp_LM_RAWONLY\EL040\LM\ERSP_matrix\reading\EL040_reading_WM_ERSP_iPVH_R1_TN.npy,0.0268992248062015,0.0013953488372093,True,541,1,-0.06428978,1
EL040,reading,LM,iPVH_R2,\\nasac-m2.unige.ch\m-HumanNeuronLab\ANALYSIS\FLM\Analysis_LoraFanda\01_FBM_Analysis\outputs\04_ersp_LM_RAWONLY\EL040\LM\ERSP_matrix\reading\EL040_reading_WM_ERSP_iPVH_R2_TN.npy,0.0308010335917312,0.0013953488372093,True,542,7,0.024427509,7
EL040,reading,LM,OF_R7,\\nasac-m2.unige.ch\m-HumanNeuronLab\ANALYSIS\FLM\Analysis_LoraFanda\01_FBM_Analysis\outputs\04_ersp_LM_RAWONLY\EL040\LM\ERSP_matrix\reading\EL040_reading_WM_ERSP_OF_R7_TN.npy,0.0228682170542635,0.0014728682170542,True,543,5,0.05051013,5
EL040,reading,LM,pH_R10,\\nasac-m2.unige.ch\m-HumanNeuronLab\ANALYSIS\FLM\Analysis_LoraFanda\01_FBM_Analysis\outputs\04_ersp_LM_RAWONLY\EL040\LM\ERSP_matrix\reading\EL040_reading_WM_ERSP_pH_R10_TN.npy,0.023953488372093,0.0028682170542635,True,544,9,0.08095891,9
EL040,reading,LM,pH_R11,\\nasac-m2.unige.ch\m-HumanNeuronLab\ANALYSIS\FLM\Analysis_LoraFanda\01_FBM_Analysis\outputs\04_ersp_LM_RAWONLY\EL040\LM\ERSP_matrix\reading\EL040_reading_WM_ERSP_pH_R11_TN.npy,0.0281653746770025,0.0036434108527131,True,545,9,0.13993636,9
EL040,reading,LM,pH_R12,\\nasac-m2.unige.ch\m-HumanNeuronLab\ANALYSIS\FLM\Analysis_LoraFanda\01_FBM_Analysis\outputs\04_ersp_LM_RAWONLY\EL040\LM\ERSP_matrix\reading\EL040_reading_WM_ERSP_pH_R12_TN.npy,0.059173126614987,0.0021188630490956,True,546,9,0.18391855,9
EL040,reading,LM,pH_R13,\\nasac-m2.unige.ch\m-HumanNeuronLab\ANALYSIS\FLM\Analysis_LoraFanda\01_FBM_Analysis\outputs\04_ersp_LM_RAWONLY\EL040\LM\ERSP_matrix\reading\EL040_reading_WM_ERSP_pH_R13_TN.npy,0.1097674418604651,0.0067183462532299,True,547,9,0.09315362,9
EL040,reading,LM,pH_R14,\\nasac-m2.unige.ch\m-HumanNeuronLab\ANALYSIS\FLM\Analysis_LoraFanda\01_FBM_Analysis\outputs\04_ersp_LM_RAWONLY\EL040\LM\ERSP_matrix\reading\EL040_reading_WM_ERSP_pH_R14_TN.npy,0.190516795865633,0.0198708010335917,True,548,2,0.037583765,2
EL040,reading,LM,PHG_R12,\\nasac-m2.unige.ch\m-HumanNeuronLab\ANALYSIS\FLM\Analysis_LoraFanda\01_FBM_Analysis\outputs\04_ersp_LM_RAWONLY\EL040\LM\ERSP_matrix\reading\EL040_reading_WM_ERSP_PHG_R12_TN.npy,0.0290956072351421,0.0047286821705426,True,549,9,0.089244045,9
EL040,reading,LM,pPVH_L16,\\nasac-m2.unige.ch\m-HumanNeuronLab\ANALYSIS\FLM\Analysis_LoraFanda\01_FBM_Analysis\outputs\04_ersp_LM_RAWONLY\EL040\LM\ERSP_matrix\reading\EL040_reading_WM_ERSP_pPVH_L16_TN.npy,0.0597416020671834,0.003204134366925,True,550,9,0.09680841,9
EL040,reading,LM,STG_R10,\\nasac-m2.unige.ch\m-HumanNeuronLab\ANALYSIS\FLM\Analysis_LoraFanda\01_FBM_Analysis\outputs\04_ersp_LM_RAWONLY\EL040\LM\ERSP_matrix\reading\EL040_reading_WM_ERSP_STG_R10_TN.npy,0.0323772609819121,0.0142635658914728,True,551,2,0.008411266,2
EL042,audio,LM,A_L3,\\nasac-m2.unige.ch\m-HumanNeuronLab\ANALYSIS\FLM\Analysis_LoraFanda\01_FBM_Analysis\outputs\04_ersp_LM_RAWONLY\EL042\LM\ERSP_matrix\audio\EL042_audio_WM_ERSP_A_L3_TN.npy,0.0243927648578811,0.0040051679586563,True,552,3,0.075315386,3
EL042,audio,LM,A_L5,\\nasac-m2.unige.ch\m-HumanNeuronLab\ANALYSIS\FLM\Analysis_LoraFanda\01_FBM_Analysis\outputs\04_ersp_LM_RAWONLY\EL042\LM\ERSP_matrix\audio\EL042_audio_WM_ERSP_A_L5_TN.npy,0.0325839793281653,0.0054005167958656,True,553,3,0.152182,3
EL042,audio,LM,A_L6,\\nasac-m2.unige.ch\m-HumanNeuronLab\ANALYSIS\FLM\Analysis_LoraFanda\01_FBM_Analysis\outputs\04_ersp_LM_RAWONLY\EL042\LM\ERSP_matrix\audio\EL042_audio_WM_ERSP_A_L6_TN.npy,0.0275193798449612,0.0051162790697674,True,554,3,0.13749368,3
EL042,audio,LM,A_L7,\\nasac-m2.unige.ch\m-HumanNeuronLab\ANALYSIS\FLM\Analysis_LoraFanda\01_FBM_Analysis\outputs\04_ersp_LM_RAWONLY\EL042\LM\ERSP_matrix\audio\EL042_audio_WM_ERSP_A_L7_TN.npy,0.0253746770025839,0.0041860465116279,True,555,3,0.16630813,3
EL042,audio,LM,A_L8,\\nasac-m2.unige.ch\m-HumanNeuronLab\ANALYSIS\FLM\Analysis_LoraFanda\01_FBM_Analysis\outputs\04_ersp_LM_RAWONLY\EL042\LM\ERSP_matrix\audio\EL042_audio_WM_ERSP_A_L8_TN.npy,0.0249095607235142,0.0029715762273901,True,556,3,0.11313749,3
EL042,audio,LM,A_L9,\\nasac-m2.unige.ch\m-HumanNeuronLab\ANALYSIS\FLM\Analysis_LoraFanda\01_FBM_Analysis\outputs\04_ersp_LM_RAWONLY\EL042\LM\ERSP_matrix\audio\EL042_audio_WM_ERSP_A_L9_TN.npy,0.0239276485788113,0.0022222222222222,True,557,3,0.07918682,3
EL042,audio,LM,A_R12,\\nasac-m2.unige.ch\m-HumanNeuronLab\ANALYSIS\FLM\Analysis_LoraFanda\01_FBM_Analysis\outputs\04_ersp_LM_RAWONLY\EL042\LM\ERSP_matrix\audio\EL042_audio_WM_ERSP_A_R12_TN.npy,0.0296899224806201,0.0029974160206718,True,558,3,0.067728065,3
EL042,audio,LM,A_R4,\\nasac-m2.unige.ch\m-HumanNeuronLab\ANALYSIS\FLM\Analysis_LoraFanda\01_FBM_Analysis\outputs\04_ersp_LM_RAWONLY\EL042\LM\ERSP_matrix\audio\EL042_audio_WM_ERSP_A_R4_TN.npy,0.0213953488372093,0.0068733850129198,True,559,3,0.16260092,3
EL042,audio,LM,A_R5,\\nasac-m2.unige.ch\m-HumanNeuronLab\ANALYSIS\FLM\Analysis_LoraFanda\01_FBM_Analysis\outputs\04_ersp_LM_RAWONLY\EL042\LM\ERSP_matrix\audio\EL042_audio_WM_ERSP_A_R5_TN.npy,0.0290180878552971,0.005297157622739,True,560,3,0.15808173,3
EL042,audio,LM,A_R6,\\nasac-m2.unige.ch\m-HumanNeuronLab\ANALYSIS\FLM\Analysis_LoraFanda\01_FBM_Analysis\outputs\04_ersp_LM_RAWONLY\EL042\LM\ERSP_matrix\audio\EL042_audio_WM_ERSP_A_R6_TN.npy,0.0280103359173126,0.0032299741602067,True,561,3,0.09134262,3
EL042,audio,LM,A_R7,\\nasac-m2.unige.ch\m-HumanNeuronLab\ANALYSIS\FLM\Analysis_LoraFanda\01_FBM_Analysis\outputs\04_ersp_LM_RAWONLY\EL042\LM\ERSP_matrix\audio\EL042_audio_WM_ERSP_A_R7_TN.npy,0.0313436692506459,0.0012403100775193,True,562,3,-0.045049373,3
EL042,audio,LM,A_R8,\\nasac-m2.unige.ch\m-HumanNeuronLab\ANALYSIS\FLM\Analysis_LoraFanda\01_FBM_Analysis\outputs\04_ersp_LM_RAWONLY\EL042\LM\ERSP_matrix\audio\EL042_audio_WM_ERSP_A_R8_TN.npy,0.028656330749354,0.0006976744186046,True,563,0,0.05425382,0
EL042,audio,LM,aH_R10,\\nasac-m2.unige.ch\m-HumanNeuronLab\ANALYSIS\FLM\Analysis_LoraFanda\01_FBM_Analysis\outputs\04_ersp_LM_RAWONLY\EL042\LM\ERSP_matrix\audio\EL042_audio_WM_ERSP_aH_R10_TN.npy,0.0357881136950904,0.0003100775193798,True,564,0,0.0942499,0
EL042,audio,LM,aH_R11,\\nasac-m2.unige.ch\m-HumanNeuronLab\ANALYSIS\FLM\Analysis_LoraFanda\01_FBM_Analysis\outputs\04_ersp_LM_RAWONLY\EL042\LM\ERSP_matrix\audio\EL042_audio_WM_ERSP_aH_R11_TN.npy,0.0422997416020671,0.0008785529715762,True,565,0,0.10664273,0
EL042,audio,LM,aH_R7,\\nasac-m2.unige.ch\m-HumanNeuronLab\ANALYSIS\FLM\Analysis_LoraFanda\01_FBM_Analysis\outputs\04_ersp_LM_RAWONLY\EL042\LM\ERSP_matrix\audio\EL042_audio_WM_ERSP_aH_R7_TN.npy,0.0241602067183462,0.0004909560723514,True,566,3,-0.07714087,3
EL042,audio,LM,aH_R8,\\nasac-m2.unige.ch\m-HumanNeuronLab\ANALYSIS\FLM\Analysis_LoraFanda\01_FBM_Analysis\outputs\04_ersp_LM_RAWONLY\EL042\LM\ERSP_matrix\audio\EL042_audio_WM_ERSP_aH_R8_TN.npy,0.0268217054263565,0.0003617571059431,True,567,0,0.06029639,0
EL042,audio,LM,aH_R9,\\nasac-m2.unige.ch\m-HumanNeuronLab\ANALYSIS\FLM\Analysis_LoraFanda\01_FBM_Analysis\outputs\04_ersp_LM_RAWONLY\EL042\LM\ERSP_matrix\audio\EL042_audio_WM_ERSP_aH_R9_TN.npy,0.0310852713178294,0.0002067183462532,True,568,0,0.10626021,0
EL042,audio,LM,aI_R10,\\nasac-m2.unige.ch\m-HumanNeuronLab\ANALYSIS\FLM\Analysis_LoraFanda\01_FBM_Analysis\outputs\04_ersp_LM_RAWONLY\EL042\LM\ERSP_matrix\audio\EL042_audio_WM_ERSP_aI_R10_TN.npy,0.0353229974160206,0.006485788113695,True,569,3,0.19381437,3
EL042,audio,LM,aI_R11,\\nasac-m2.unige.ch\m-HumanNeuronLab\ANALYSIS\FLM\Analysis_LoraFanda\01_FBM_Analysis\outputs\04_ersp_LM_RAWONLY\EL042\LM\ERSP_matrix\audio\EL042_audio_WM_ERSP_aI_R11_TN.npy,0.0230490956072351,0.0037726098191214,True,570,3,0.123615704,3
EL042,audio,LM,aI_R12,\\nasac-m2.unige.ch\m-HumanNeuronLab\ANALYSIS\FLM\Analysis_LoraFanda\01_FBM_Analysis\outputs\04_ersp_LM_RAWONLY\EL042\LM\ERSP_matrix\audio\EL042_audio_WM_ERSP_aI_R12_TN.npy,0.021188630490956,0.0015762273901808,True,571,3,0.08405513,3
EL042,audio,LM,aI_R1,\\nasac-m2.unige.ch\m-HumanNeuronLab\ANALYSIS\FLM\Analysis_LoraFanda\01_FBM_Analysis\outputs\04_ersp_LM_RAWONLY\EL042\LM\ERSP_matrix\audio\EL042_audio_WM_ERSP_aI_R1_TN.npy,0.030594315245478,0.0090180878552971,True,572,3,0.22275928,3
EL042,audio,LM,aI_R2,\\nasac-m2.unige.ch\m-HumanNeuronLab\ANALYSIS\FLM\Analysis_LoraFanda\01_FBM_Analysis\outputs\04_ersp_LM_RAWONLY\EL042\LM\ERSP_matrix\audio\EL042_audio_WM_ERSP_aI_R2_TN.npy,0.031860465116279,0.0095865633074935,True,573,3,0.23931904,3
EL042,audio,LM,aI_R3,\\nasac-m2.unige.ch\m-HumanNeuronLab\ANALYSIS\FLM\Analysis_LoraFanda\01_FBM_Analysis\outputs\04_ersp_LM_RAWONLY\EL042\LM\ERSP_matrix\audio\EL042_audio_WM_ERSP_aI_R3_TN.npy,0.0223255813953488,0.0076227390180878,True,574,3,0.16461524,3
EL042,audio,LM,aI_R7,\\nasac-m2.unige.ch\m-HumanNeuronLab\ANALYSIS\FLM\Analysis_LoraFanda\01_FBM_Analysis\outputs\04_ersp_LM_RAWONLY\EL042\LM\ERSP_matrix\audio\EL042_audio_WM_ERSP_aI_R7_TN.npy,0.0294056847545219,0.0078552971576227,True,575,3,0.20780827,3
EL042,audio,LM,aI_R8,\\nasac-m2.unige.ch\m-HumanNeuronLab\ANALYSIS\FLM\Analysis_LoraFanda\01_FBM_Analysis\outputs\04_ersp_LM_RAWONLY\EL042\LM\ERSP_matrix\audio\EL042_audio_WM_ERSP_aI_R8_TN.npy,0.0254263565891472,0.0081395348837209,True,576,3,0.2151645,3
EL042,audio,LM,aI_R9,\\nasac-m2.unige.ch\m-HumanNeuronLab\ANALYSIS\FLM\Analysis_LoraFanda\01_FBM_Analysis\outputs\04_ersp_LM_RAWONLY\EL042\LM\ERSP_matrix\audio\EL042_audio_WM_ERSP_aI_R9_TN.npy,0.0363307493540051,0.0081395348837209,True,577,3,0.2214809,3
EL042,audio,LM,EntG_R10,\\nasac-m2.unige.ch\m-HumanNeuronLab\ANALYSIS\FLM\Analysis_LoraFanda\01_FBM_Analysis\outputs\04_ersp_LM_RAWONLY\EL042\LM\ERSP_matrix\audio\EL042_audio_WM_ERSP_EntG_R10_TN.npy,0.037984496124031,0.0035917312661498,True,578,3,0.07130331,3
EL042,audio,LM,EntG_R2,\\nasac-m2.unige.ch\m-HumanNeuronLab\ANALYSIS\FLM\Analysis_LoraFanda\01_FBM_Analysis\outputs\04_ersp_LM_RAWONLY\EL042\LM\ERSP_matrix\audio\EL042_audio_WM_ERSP_EntG_R2_TN.npy,0.0214211886304909,0.0088372093023255,True,579,7,0.075443774,7
EL042,audio,LM,EntG_R3,\\nasac-m2.unige.ch\m-HumanNeuronLab\ANALYSIS\FLM\Analysis_LoraFanda\01_FBM_Analysis\outputs\04_ersp_LM_RAWONLY\EL042\LM\ERSP_matrix\audio\EL042_audio_WM_ERSP_EntG_R3_TN.npy,0.0224031007751937,0.007906976744186,True,580,3,-0.022896195,3
EL042,audio,LM,EntG_R6,\\nasac-m2.unige.ch\m-HumanNeuronLab\ANALYSIS\FLM\Analysis_LoraFanda\01_FBM_Analysis\outputs\04_ersp_LM_RAWONLY\EL042\LM\ERSP_matrix\audio\EL042_audio_WM_ERSP_EntG_R6_TN.npy,0.0263307493540051,0.0006718346253229,True,581,0,0.07753316,0
EL042,audio,LM,EntG_R7,\\nasac-m2.unige.ch\m-HumanNeuronLab\ANALYSIS\FLM\Analysis_LoraFanda\01_FBM_Analysis\outputs\04_ersp_LM_RAWONLY\EL042\LM\ERSP_matrix\audio\EL042_audio_WM_ERSP_EntG_R7_TN.npy,0.0556589147286821,0.0001033591731266,True,582,0,0.20830657,0
EL042,audio,LM,EntG_R8,\\nasac-m2.unige.ch\m-HumanNeuronLab\ANALYSIS\FLM\Analysis_LoraFanda\01_FBM_Analysis\outputs\04_ersp_LM_RAWONLY\EL042\LM\ERSP_matrix\audio\EL042_audio_WM_ERSP_EntG_R8_TN.npy,0.0381395348837209,0.0006459948320413,True,583,0,0.16825423,0
EL042,audio,LM,EntG_R9,\\nasac-m2.unige.ch\m-HumanNeuronLab\ANALYSIS\FLM\Analysis_LoraFanda\01_FBM_Analysis\outputs\04_ersp_LM_RAWONLY\EL042\LM\ERSP_matrix\audio\EL042_audio_WM_ERSP_EntG_R9_TN.npy,0.0261757105943152,0.0006718346253229,True,584,0,0.11415323,0
EL042,audio,LM,OF_R10,\\nasac-m2.unige.ch\m-HumanNeuronLab\ANALYSIS\FLM\Analysis_LoraFanda\01_FBM_Analysis\outputs\04_ersp_LM_RAWONLY\EL042\LM\ERSP_matrix\audio\EL042_audio_WM_ERSP_OF_R10_TN.npy,0.0225581395348837,0.0010852713178294,True,585,3,0.038413864,3
EL042,audio,LM,OF_R11,\\nasac-m2.unige.ch\m-HumanNeuronLab\ANALYSIS\FLM\Analysis_LoraFanda\01_FBM_Analysis\outputs\04_ersp_LM_RAWONLY\EL042\LM\ERSP_matrix\audio\EL042_audio_WM_ERSP_OF_R11_TN.npy,0.0275968992248062,0.0004134366925064,True,586,3,0.03710603,3
EL042,audio,LM,OF_R8,\\nasac-m2.unige.ch\m-HumanNeuronLab\ANALYSIS\FLM\Analysis_LoraFanda\01_FBM_Analysis\outputs\04_ersp_LM_RAWONLY\EL042\LM\ERSP_matrix\audio\EL042_audio_WM_ERSP_OF_R8_TN.npy,0.024625322997416,0.0006459948320413,True,587,3,-0.048315823,3
EL042,audio,LM,STG_R2,\\nasac-m2.unige.ch\m-HumanNeuronLab\ANALYSIS\FLM\Analysis_LoraFanda\01_FBM_Analysis\outputs\04_ersp_LM_RAWONLY\EL042\LM\ERSP_matrix\audio\EL042_audio_WM_ERSP_STG_R2_TN.npy,0.0461498708010335,0.0032558139534883,True,588,3,0.17808574,3
EL042,audio,LM,STG_R4,\\nasac-m2.unige.ch\m-HumanNeuronLab\ANALYSIS\FLM\Analysis_LoraFanda\01_FBM_Analysis\outputs\04_ersp_LM_RAWONLY\EL042\LM\ERSP_matrix\audio\EL042_audio_WM_ERSP_STG_R4_TN.npy,0.0798191214470284,0.0143927648578811,True,589,3,0.21683544,3
EL042,audio,LM,STG_R5,\\nasac-m2.unige.ch\m-HumanNeuronLab\ANALYSIS\FLM\Analysis_LoraFanda\01_FBM_Analysis\outputs\04_ersp_LM_RAWONLY\EL042\LM\ERSP_matrix\audio\EL042_audio_WM_ERSP_STG_R5_TN.npy,0.0863049095607235,0.0173385012919896,True,590,3,0.24132869,3
EL042,audio,LM,STG_R6,\\nasac-m2.unige.ch\m-HumanNeuronLab\ANALYSIS\FLM\Analysis_LoraFanda\01_FBM_Analysis\outputs\04_ersp_LM_RAWONLY\EL042\LM\ERSP_matrix\audio\EL042_audio_WM_ERSP_STG_R6_TN.npy,0.1095090439276485,0.0220155038759689,True,591,3,0.21867016,3
EL042,audio,LM,STG_R9,\\nasac-m2.unige.ch\m-HumanNeuronLab\ANALYSIS\FLM\Analysis_LoraFanda\01_FBM_Analysis\outputs\04_ersp_LM_RAWONLY\EL042\LM\ERSP_matrix\audio\EL042_audio_WM_ERSP_STG_R9_TN.npy,0.0581395348837209,0.0122739018087855,True,592,3,0.27142453,3
EL042,picture,LM,A_L11,\\nasac-m2.unige.ch\m-HumanNeuronLab\ANALYSIS\FLM\Analysis_LoraFanda\01_FBM_Analysis\outputs\04_ersp_LM_RAWONLY\EL042\LM\ERSP_matrix\picture\EL042_picture_WM_ERSP_A_L11_TN.npy,0.0304134366925064,0.0004909560723514,True,593,0,0.09546543,0
EL042,picture,LM,A_L12,\\nasac-m2.unige.ch\m-HumanNeuronLab\ANALYSIS\FLM\Analysis_LoraFanda\01_FBM_Analysis\outputs\04_ersp_LM_RAWONLY\EL042\LM\ERSP_matrix\picture\EL042_picture_WM_ERSP_A_L12_TN.npy,0.0239018087855297,0.0004651162790697,True,594,0,0.06080101,0
EL042,picture,LM,A_L7,\\nasac-m2.unige.ch\m-HumanNeuronLab\ANALYSIS\FLM\Analysis_LoraFanda\01_FBM_Analysis\outputs\04_ersp_LM_RAWONLY\EL042\LM\ERSP_matrix\picture\EL042_picture_WM_ERSP_A_L7_TN.npy,0.0200516795865633,0.0018863049095607,True,595,5,0.06658541,5
EL042,picture,LM,A_L8,\\nasac-m2.unige.ch\m-HumanNeuronLab\ANALYSIS\FLM\Analysis_LoraFanda\01_FBM_Analysis\outputs\04_ersp_LM_RAWONLY\EL042\LM\ERSP_matrix\picture\EL042_picture_WM_ERSP_A_L8_TN.npy,0.0243152454780361,0.0006718346253229,True,596,0,-0.00028764742,0
EL042,picture,LM,A_L9,\\nasac-m2.unige.ch\m-HumanNeuronLab\ANALYSIS\FLM\Analysis_LoraFanda\01_FBM_Analysis\outputs\04_ersp_LM_RAWONLY\EL042\LM\ERSP_matrix\picture\EL042_picture_WM_ERSP_A_L9_TN.npy,0.025813953488372,0.0010852713178294,True,597,0,0.042094354,0
EL042,picture,LM,A_R12,\\nasac-m2.unige.ch\m-HumanNeuronLab\ANALYSIS\FLM\Analysis_LoraFanda\01_FBM_Analysis\outputs\04_ersp_LM_RAWONLY\EL042\LM\ERSP_matrix\picture\EL042_picture_WM_ERSP_A_R12_TN.npy,0.0271317829457364,0.0014987080103359,True,598,0,0.0020385727,0
EL042,picture,LM,A_R6,\\nasac-m2.unige.ch\m-HumanNeuronLab\ANALYSIS\FLM\Analysis_LoraFanda\01_FBM_Analysis\outputs\04_ersp_LM_RAWONLY\EL042\LM\ERSP_matrix\picture\EL042_picture_WM_ERSP_A_R6_TN.npy,0.020594315245478,0.0015762273901808,True,599,5,0.0362635,5
EL042,picture,LM,A_R7,\\nasac-m2.unige.ch\m-HumanNeuronLab\ANALYSIS\FLM\Analysis_LoraFanda\01_FBM_Analysis\outputs\04_ersp_LM_RAWONLY\EL042\LM\ERSP_matrix\picture\EL042_picture_WM_ERSP_A_R7_TN.npy,0.0258656330749354,0.0004651162790697,True,600,0,0.05719977,0
EL042,picture,LM,A_R8,\\nasac-m2.unige.ch\m-HumanNeuronLab\ANALYSIS\FLM\Analysis_LoraFanda\01_FBM_Analysis\outputs\04_ersp_LM_RAWONLY\EL042\LM\ERSP_matrix\picture\EL042_picture_WM_ERSP_A_R8_TN.npy,0.0290180878552971,0.0003617571059431,True,601,0,0.12911023,0
EL042,picture,LM,A_R9,\\nasac-m2.unige.ch\m-HumanNeuronLab\ANALYSIS\FLM\Analysis_LoraFanda\01_FBM_Analysis\outputs\04_ersp_LM_RAWONLY\EL042\LM\ERSP_matrix\picture\EL042_picture_WM_ERSP_A_R9_TN.npy,0.0269509043927648,0.0006459948320413,True,602,0,0.12894586,0
EL042,picture,LM,aH_L10,\\nasac-m2.unige.ch\m-HumanNeuronLab\ANALYSIS\FLM\Analysis_LoraFanda\01_FBM_Analysis\outputs\04_ersp_LM_RAWONLY\EL042\LM\ERSP_matrix\picture\EL042_picture_WM_ERSP_aH_L10_TN.npy,0.0208268733850129,0.0008268733850129,True,603,0,0.065318,0
EL042,picture,LM,aH_L11,\\nasac-m2.unige.ch\m-HumanNeuronLab\ANALYSIS\FLM\Analysis_LoraFanda\01_FBM_Analysis\outputs\04_ersp_LM_RAWONLY\EL042\LM\ERSP_matrix\picture\EL042_picture_WM_ERSP_aH_L11_TN.npy,0.0231782945736434,0.0005684754521963,True,604,0,0.0181534,0
EL042,picture,LM,aH_R10,\\nasac-m2.unige.ch\m-HumanNeuronLab\ANALYSIS\FLM\Analysis_LoraFanda\01_FBM_Analysis\outputs\04_ersp_LM_RAWONLY\EL042\LM\ERSP_matrix\picture\EL042_picture_WM_ERSP_aH_R10_TN.npy,0.0334625322997416,0.0007751937984496,True,605,0,0.102395736,0
EL042,picture,LM,aH_R11,\\nasac-m2.unige.ch\m-HumanNeuronLab\ANALYSIS\FLM\Analysis_LoraFanda\01_FBM_Analysis\outputs\04_ersp_LM_RAWONLY\EL042\LM\ERSP_matrix\picture\EL042_picture_WM_ERSP_aH_R11_TN.npy,0.0415245478036175,0.0007235142118863,True,606,0,0.13191219,0
EL042,picture,LM,aH_R12,\\nasac-m2.unige.ch\m-HumanNeuronLab\ANALYSIS\FLM\Analysis_LoraFanda\01_FBM_Analysis\outputs\04_ersp_LM_RAWONLY\EL042\LM\ERSP_matrix\picture\EL042_picture_WM_ERSP_aH_R12_TN.npy,0.0207751937984496,0.0015762273901808,True,607,5,0.03616062,5
EL042,picture,LM,aH_R1,\\nasac-m2.unige.ch\m-HumanNeuronLab\ANALYSIS\FLM\Analysis_LoraFanda\01_FBM_Analysis\outputs\04_ersp_LM_RAWONLY\EL042\LM\ERSP_matrix\picture\EL042_picture_WM_ERSP_aH_R1_TN.npy,0.0237984496124031,0.0003875968992248,True,608,5,0.060939148,5
EL042,picture,LM,aH_R5,\\nasac-m2.unige.ch\m-HumanNeuronLab\ANALYSIS\FLM\Analysis_LoraFanda\01_FBM_Analysis\outputs\04_ersp_LM_RAWONLY\EL042\LM\ERSP_matrix\picture\EL042_picture_WM_ERSP_aH_R5_TN.npy,0.0339018087855297,0.0006459948320413,True,609,1,-0.113465495,1
EL042,picture,LM,aH_R7,\\nasac-m2.unige.ch\m-HumanNeuronLab\ANALYSIS\FLM\Analysis_LoraFanda\01_FBM_Analysis\outputs\04_ersp_LM_RAWONLY\EL042\LM\ERSP_matrix\picture\EL042_picture_WM_ERSP_aH_R7_TN.npy,0.0223255813953488,0.0003359173126614,True,610,5,0.03659654,5
EL042,picture,LM,aH_R8,\\nasac-m2.unige.ch\m-HumanNeuronLab\ANALYSIS\FLM\Analysis_LoraFanda\01_FBM_Analysis\outputs\04_ersp_LM_RAWONLY\EL042\LM\ERSP_matrix\picture\EL042_picture_WM_ERSP_aH_R8_TN.npy,0.0219896640826873,0.0008010335917312,True,611,0,0.023917463,0
EL042,picture,LM,aH_R9,\\nasac-m2.unige.ch\m-HumanNeuronLab\ANALYSIS\FLM\Analysis_LoraFanda\01_FBM_Analysis\outputs\04_ersp_LM_RAWONLY\EL042\LM\ERSP_matrix\picture\EL042_picture_WM_ERSP_aH_R9_TN.npy,0.0254263565891472,0.0003359173126614,True,612,0,0.09217237,0
EL042,picture,LM,aI_R17,\\nasac-m2.unige.ch\m-HumanNeuronLab\ANALYSIS\FLM\Analysis_LoraFanda\01_FBM_Analysis\outputs\04_ersp_LM_RAWONLY\EL042\LM\ERSP_matrix\picture\EL042_picture_WM_ERSP_aI_R17_TN.npy,0.0366925064599483,0.0004651162790697,True,613,0,0.116373114,0
EL042,picture,LM,aI_R18,\\nasac-m2.unige.ch\m-HumanNeuronLab\ANALYSIS\FLM\Analysis_LoraFanda\01_FBM_Analysis\outputs\04_ersp_LM_RAWONLY\EL042\LM\ERSP_matrix\picture\EL042_picture_WM_ERSP_aI_R18_TN.npy,0.0437726098191214,0.0007235142118863,True,614,0,0.13661735,0
EL042,picture,LM,EntG_R10,\\nasac-m2.unige.ch\m-HumanNeuronLab\ANALYSIS\FLM\Analysis_LoraFanda\01_FBM_Analysis\outputs\04_ersp_LM_RAWONLY\EL042\LM\ERSP_matrix\picture\EL042_picture_WM_ERSP_EntG_R10_TN.npy,0.0355297157622739,0.0005684754521963,True,615,0,0.051539477,0
EL042,picture,LM,EntG_R5,\\nasac-m2.unige.ch\m-HumanNeuronLab\ANALYSIS\FLM\Analysis_LoraFanda\01_FBM_Analysis\outputs\04_ersp_LM_RAWONLY\EL042\LM\ERSP_matrix\picture\EL042_picture_WM_ERSP_EntG_R5_TN.npy,0.0229457364341085,0.0009819121447028,True,616,0,-0.0041619656,0
EL042,picture,LM,EntG_R6,\\nasac-m2.unige.ch\m-HumanNeuronLab\ANALYSIS\FLM\Analysis_LoraFanda\01_FBM_Analysis\outputs\04_ersp_LM_RAWONLY\EL042\LM\ERSP_matrix\picture\EL042_picture_WM_ERSP_EntG_R6_TN.npy,0.0201808785529715,0.0010335917312661,True,617,0,0.041213613,0
EL042,picture,LM,EntG_R7,\\nasac-m2.unige.ch\m-HumanNeuronLab\ANALYSIS\FLM\Analysis_LoraFanda\01_FBM_Analysis\outputs\04_ersp_LM_RAWONLY\EL042\LM\ERSP_matrix\picture\EL042_picture_WM_ERSP_EntG_R7_TN.npy,0.057906976744186,0.0004392764857881,True,618,0,0.18487309,0
EL042,picture,LM,EntG_R8,\\nasac-m2.unige.ch\m-HumanNeuronLab\ANALYSIS\FLM\Analysis_LoraFanda\01_FBM_Analysis\outputs\04_ersp_LM_RAWONLY\EL042\LM\ERSP_matrix\picture\EL042_picture_WM_ERSP_EntG_R8_TN.npy,0.0414470284237726,0.000516795865633,True,619,0,0.17726676,0
EL042,picture,LM,EntG_R9,\\nasac-m2.unige.ch\m-HumanNeuronLab\ANALYSIS\FLM\Analysis_LoraFanda\01_FBM_Analysis\outputs\04_ersp_LM_RAWONLY\EL042\LM\ERSP_matrix\picture\EL042_picture_WM_ERSP_EntG_R9_TN.npy,0.0273385012919896,0.0005426356589147,True,620,0,0.08028817,0
EL042,picture,LM,pH_R11,\\nasac-m2.unige.ch\m-HumanNeuronLab\ANALYSIS\FLM\Analysis_LoraFanda\01_FBM_Analysis\outputs\04_ersp_LM_RAWONLY\EL042\LM\ERSP_matrix\picture\EL042_picture_WM_ERSP_pH_R11_TN.npy,0.0225839793281653,0.0022739018087855,True,621,5,0.024367401,5
EL042,picture,LM,pH_R12,\\nasac-m2.unige.ch\m-HumanNeuronLab\ANALYSIS\FLM\Analysis_LoraFanda\01_FBM_Analysis\outputs\04_ersp_LM_RAWONLY\EL042\LM\ERSP_matrix\picture\EL042_picture_WM_ERSP_pH_R12_TN.npy,0.0313436692506459,0.0005426356589147,True,622,0,0.04881037,0
EL042,picture,LM,STG_R5,\\nasac-m2.unige.ch\m-HumanNeuronLab\ANALYSIS\FLM\Analysis_LoraFanda\01_FBM_Analysis\outputs\04_ersp_LM_RAWONLY\EL042\LM\ERSP_matrix\picture\EL042_picture_WM_ERSP_STG_R5_TN.npy,0.0340826873385012,0.0142635658914728,True,623,7,0.06729398,7
EL042,picture,LM,STG_R6,\\nasac-m2.unige.ch\m-HumanNeuronLab\ANALYSIS\FLM\Analysis_LoraFanda\01_FBM_Analysis\outputs\04_ersp_LM_RAWONLY\EL042\LM\ERSP_matrix\picture\EL042_picture_WM_ERSP_STG_R6_TN.npy,0.0660465116279069,0.0134625322997416,True,624,7,0.080697104,7
EL042,reading,LM,A_L12,\\nasac-m2.unige.ch\m-HumanNeuronLab\ANALYSIS\FLM\Analysis_LoraFanda\01_FBM_Analysis\outputs\04_ersp_LM_RAWONLY\EL042\LM\ERSP_matrix\reading\EL042_reading_WM_ERSP_A_L12_TN.npy,0.0202842377260981,0.0034883720930232,True,625,5,0.07728164,5
EL042,reading,LM,A_R7,\\nasac-m2.unige.ch\m-HumanNeuronLab\ANALYSIS\FLM\Analysis_LoraFanda\01_FBM_Analysis\outputs\04_ersp_LM_RAWONLY\EL042\LM\ERSP_matrix\reading\EL042_reading_WM_ERSP_A_R7_TN.npy,0.0228165374677002,0.0019121447028423,True,626,0,-0.018944249,0
EL042,reading,LM,A_R8,\\nasac-m2.unige.ch\m-HumanNeuronLab\ANALYSIS\FLM\Analysis_LoraFanda\01_FBM_Analysis\outputs\04_ersp_LM_RAWONLY\EL042\LM\ERSP_matrix\reading\EL042_reading_WM_ERSP_A_R8_TN.npy,0.0231782945736434,0.0014728682170542,True,627,0,0.06455881,0
EL042,reading,LM,A_R9,\\nasac-m2.unige.ch\m-HumanNeuronLab\ANALYSIS\FLM\Analysis_LoraFanda\01_FBM_Analysis\outputs\04_ersp_LM_RAWONLY\EL042\LM\ERSP_matrix\reading\EL042_reading_WM_ERSP_A_R9_TN.npy,0.0233074935400516,0.0017571059431524,True,628,0,0.06090742,0
EL042,reading,LM,aH_L10,\\nasac-m2.unige.ch\m-HumanNeuronLab\ANALYSIS\FLM\Analysis_LoraFanda\01_FBM_Analysis\outputs\04_ersp_LM_RAWONLY\EL042\LM\ERSP_matrix\reading\EL042_reading_WM_ERSP_aH_L10_TN.npy,0.0214211886304909,0.0008527131782945,True,629,0,0.03203624,0
EL042,reading,LM,aH_R10,\\nasac-m2.unige.ch\m-HumanNeuronLab\ANALYSIS\FLM\Analysis_LoraFanda\01_FBM_Analysis\outputs\04_ersp_LM_RAWONLY\EL042\LM\ERSP_matrix\reading\EL042_reading_WM_ERSP_aH_R10_TN.npy,0.0532558139534883,0.0006201550387596,True,630,0,0.14539012,0
EL042,reading,LM,aH_R11,\\nasac-m2.unige.ch\m-HumanNeuronLab\ANALYSIS\FLM\Analysis_LoraFanda\01_FBM_Analysis\outputs\04_ersp_LM_RAWONLY\EL042\LM\ERSP_matrix\reading\EL042_reading_WM_ERSP_aH_R11_TN.npy,0.0688372093023255,0.0007235142118863,True,631,0,0.15495077,0
EL042,reading,LM,aH_R12,\\nasac-m2.unige.ch\m-HumanNeuronLab\ANALYSIS\FLM\Analysis_LoraFanda\01_FBM_Analysis\outputs\04_ersp_LM_RAWONLY\EL042\LM\ERSP_matrix\reading\EL042_reading_WM_ERSP_aH_R12_TN.npy,0.0254005167958656,0.0010852713178294,True,632,0,-0.0069844797,0
EL042,reading,LM,aH_R2,\\nasac-m2.unige.ch\m-HumanNeuronLab\ANALYSIS\FLM\Analysis_LoraFanda\01_FBM_Analysis\outputs\04_ersp_LM_RAWONLY\EL042\LM\ERSP_matrix\reading\EL042_reading_WM_ERSP_aH_R2_TN.npy,0.0254780361757105,0.0005426356589147,True,633,0,0.025582373,0
EL042,reading,LM,aH_R9,\\nasac-m2.unige.ch\m-HumanNeuronLab\ANALYSIS\FLM\Analysis_LoraFanda\01_FBM_Analysis\outputs\04_ersp_LM_RAWONLY\EL042\LM\ERSP_matrix\reading\EL042_reading_WM_ERSP_aH_R9_TN.npy,0.0325839793281653,0.0005426356589147,True,634,0,0.10702482,0
EL042,reading,LM,aI_R17,\\nasac-m2.unige.ch\m-HumanNeuronLab\ANALYSIS\FLM\Analysis_LoraFanda\01_FBM_Analysis\outputs\04_ersp_LM_RAWONLY\EL042\LM\ERSP_matrix\reading\EL042_reading_WM_ERSP_aI_R17_TN.npy,0.0253746770025839,0.0021188630490956,True,635,0,0.02379794,0
EL042,reading,LM,aI_R18,\\nasac-m2.unige.ch\m-HumanNeuronLab\ANALYSIS\FLM\Analysis_LoraFanda\01_FBM_Analysis\outputs\04_ersp_LM_RAWONLY\EL042\LM\ERSP_matrix\reading\EL042_reading_WM_ERSP_aI_R18_TN.npy,0.0402842377260981,0.0017829457364341,True,636,0,0.096953005,0
EL042,reading,LM,EntG_R10,\\nasac-m2.unige.ch\m-HumanNeuronLab\ANALYSIS\FLM\Analysis_LoraFanda\01_FBM_Analysis\outputs\04_ersp_LM_RAWONLY\EL042\LM\ERSP_matrix\reading\EL042_reading_WM_ERSP_EntG_R10_TN.npy,0.032532299741602,0.0021447028423772,True,637,5,0.0379697,5
EL042,reading,LM,EntG_R3,\\nasac-m2.unige.ch\m-HumanNeuronLab\ANALYSIS\FLM\Analysis_LoraFanda\01_FBM_Analysis\outputs\04_ersp_LM_RAWONLY\EL042\LM\ERSP_matrix\reading\EL042_reading_WM_ERSP_EntG_R3_TN.npy,0.0268992248062015,0.0044444444444444,True,638,7,0.07789183,7
EL042,reading,LM,EntG_R5,\\nasac-m2.unige.ch\m-HumanNeuronLab\ANALYSIS\FLM\Analysis_LoraFanda\01_FBM_Analysis\outputs\04_ersp_LM_RAWONLY\EL042\LM\ERSP_matrix\reading\EL042_reading_WM_ERSP_EntG_R5_TN.npy,0.0242377260981912,0.0013953488372093,True,639,5,0.08314358,5
EL042,reading,LM,EntG_R6,\\nasac-m2.unige.ch\m-HumanNeuronLab\ANALYSIS\FLM\Analysis_LoraFanda\01_FBM_Analysis\outputs\04_ersp_LM_RAWONLY\EL042\LM\ERSP_matrix\reading\EL042_reading_WM_ERSP_EntG_R6_TN.npy,0.0233074935400516,0.0023772609819121,True,640,0,0.0075934725,0
EL042,reading,LM,EntG_R7,\\nasac-m2.unige.ch\m-HumanNeuronLab\ANALYSIS\FLM\Analysis_LoraFanda\01_FBM_Analysis\outputs\04_ersp_LM_RAWONLY\EL042\LM\ERSP_matrix\reading\EL042_reading_WM_ERSP_EntG_R7_TN.npy,0.0633591731266149,0.0007493540051679,True,641,0,0.16924568,0
EL042,reading,LM,EntG_R8,\\nasac-m2.unige.ch\m-HumanNeuronLab\ANALYSIS\FLM\Analysis_LoraFanda\01_FBM_Analysis\outputs\04_ersp_LM_RAWONLY\EL042\LM\ERSP_matrix\reading\EL042_reading_WM_ERSP_EntG_R8_TN.npy,0.0467183462532299,0.0007235142118863,True,642,0,0.16427787,0
EL042,reading,LM,EntG_R9,\\nasac-m2.unige.ch\m-HumanNeuronLab\ANALYSIS\FLM\Analysis_LoraFanda\01_FBM_Analysis\outputs\04_ersp_LM_RAWONLY\EL042\LM\ERSP_matrix\reading\EL042_reading_WM_ERSP_EntG_R9_TN.npy,0.0297157622739018,0.0012403100775193,True,643,0,0.07887189,0
EL042,reading,LM,pH_R14,\\nasac-m2.unige.ch\m-HumanNeuronLab\ANALYSIS\FLM\Analysis_LoraFanda\01_FBM_Analysis\outputs\04_ersp_LM_RAWONLY\EL042\LM\ERSP_matrix\reading\EL042_reading_WM_ERSP_pH_R14_TN.npy,0.0285271317829457,0.000594315245478,True,644,0,0.022575462,0
EL042,reading,LM,STG_R4,\\nasac-m2.unige.ch\m-HumanNeuronLab\ANALYSIS\FLM\Analysis_LoraFanda\01_FBM_Analysis\outputs\04_ersp_LM_RAWONLY\EL042\LM\ERSP_matrix\reading\EL042_reading_WM_ERSP_STG_R4_TN.npy,0.0228165374677002,0.0141860465116279,True,645,4,0.036112513,4
EL042,reading,LM,STG_R5,\\nasac-m2.unige.ch\m-HumanNeuronLab\ANALYSIS\FLM\Analysis_LoraFanda\01_FBM_Analysis\outputs\04_ersp_LM_RAWONLY\EL042\LM\ERSP_matrix\reading\EL042_reading_WM_ERSP_STG_R5_TN.npy,0.0205684754521963,0.0190439276485788,True,646,4,0.07450366,4
EL042,reading,LM,STG_R6,\\nasac-m2.unige.ch\m-HumanNeuronLab\ANALYSIS\FLM\Analysis_LoraFanda\01_FBM_Analysis\outputs\04_ersp_LM_RAWONLY\EL042\LM\ERSP_matrix\reading\EL042_reading_WM_ERSP_STG_R6_TN.npy,0.0314987080103359,0.0226873385012919,True,647,4,0.1065767,4
EL043,audio,LM,A2,\\nasac-m2.unige.ch\m-HumanNeuronLab\ANALYSIS\FLM\Analysis_LoraFanda\01_FBM_Analysis\outputs\04_ersp_LM_RAWONLY\EL043\LM\ERSP_matrix\audio\EL043_audio_WM_ERSP_A2_TN.npy,0.0218346253229974,0.0048062015503875,True,648,5,0.08554689,5
EL043,audio,LM,A3,\\nasac-m2.unige.ch\m-HumanNeuronLab\ANALYSIS\FLM\Analysis_LoraFanda\01_FBM_Analysis\outputs\04_ersp_LM_RAWONLY\EL043\LM\ERSP_matrix\audio\EL043_audio_WM_ERSP_A3_TN.npy,0.0249354005167958,0.005142118863049,True,649,5,0.116284564,5
EL043,audio,LM,A4,\\nasac-m2.unige.ch\m-HumanNeuronLab\ANALYSIS\FLM\Analysis_LoraFanda\01_FBM_Analysis\outputs\04_ersp_LM_RAWONLY\EL043\LM\ERSP_matrix\audio\EL043_audio_WM_ERSP_A4_TN.npy,0.0356072351421188,0.0037209302325581,True,650,5,0.11739674,5
EL043,audio,LM,Hip1,\\nasac-m2.unige.ch\m-HumanNeuronLab\ANALYSIS\FLM\Analysis_LoraFanda\01_FBM_Analysis\outputs\04_ersp_LM_RAWONLY\EL043\LM\ERSP_matrix\audio\EL043_audio_WM_ERSP_Hip1_TN.npy,0.0312919896640826,0.0037726098191214,True,651,5,0.13103703,5
EL043,audio,LM,Hip2,\\nasac-m2.unige.ch\m-HumanNeuronLab\ANALYSIS\FLM\Analysis_LoraFanda\01_FBM_Analysis\outputs\04_ersp_LM_RAWONLY\EL043\LM\ERSP_matrix\audio\EL043_audio_WM_ERSP_Hip2_TN.npy,0.0276485788113695,0.0053488372093023,True,652,5,0.08812023,5
EL043,audio,LM,Hip7,\\nasac-m2.unige.ch\m-HumanNeuronLab\ANALYSIS\FLM\Analysis_LoraFanda\01_FBM_Analysis\outputs\04_ersp_LM_RAWONLY\EL043\LM\ERSP_matrix\audio\EL043_audio_WM_ERSP_Hip7_TN.npy,0.0314470284237726,0.0550645994832041,True,653,2,0.1566282,2
EL043,audio,LM,iSMG11,\\nasac-m2.unige.ch\m-HumanNeuronLab\ANALYSIS\FLM\Analysis_LoraFanda\01_FBM_Analysis\outputs\04_ersp_LM_RAWONLY\EL043\LM\ERSP_matrix\audio\EL043_audio_WM_ERSP_iSMG11_TN.npy,0.0234366925064599,0.0106459948320413,True,654,5,0.044719115,5
EL043,audio,LM,iSMG13,\\nasac-m2.unige.ch\m-HumanNeuronLab\ANALYSIS\FLM\Analysis_LoraFanda\01_FBM_Analysis\outputs\04_ersp_LM_RAWONLY\EL043\LM\ERSP_matrix\audio\EL043_audio_WM_ERSP_iSMG13_TN.npy,0.0272868217054263,0.0162532299741602,True,655,7,0.030923128,7
EL043,audio,LM,iSMG14,\\nasac-m2.unige.ch\m-HumanNeuronLab\ANALYSIS\FLM\Analysis_LoraFanda\01_FBM_Analysis\outputs\04_ersp_LM_RAWONLY\EL043\LM\ERSP_matrix\audio\EL043_audio_WM_ERSP_iSMG14_TN.npy,0.0270542635658914,0.0147545219638242,True,656,7,-0.00079400674,7
EL043,audio,LM,iSMG1,\\nasac-m2.unige.ch\m-HumanNeuronLab\ANALYSIS\FLM\Analysis_LoraFanda\01_FBM_Analysis\outputs\04_ersp_LM_RAWONLY\EL043\LM\ERSP_matrix\audio\EL043_audio_WM_ERSP_iSMG1_TN.npy,0.0608010335917312,0.0051937984496124,True,657,1,-0.055792823,1
EL043,audio,LM,iSMG2,\\nasac-m2.unige.ch\m-HumanNeuronLab\ANALYSIS\FLM\Analysis_LoraFanda\01_FBM_Analysis\outputs\04_ersp_LM_RAWONLY\EL043\LM\ERSP_matrix\audio\EL043_audio_WM_ERSP_iSMG2_TN.npy,0.0989664082687338,0.0071059431524547,True,658,1,-4.3743104e-05,1
EL043,audio,LM,iSMG3,\\nasac-m2.unige.ch\m-HumanNeuronLab\ANALYSIS\FLM\Analysis_LoraFanda\01_FBM_Analysis\outputs\04_ersp_LM_RAWONLY\EL043\LM\ERSP_matrix\audio\EL043_audio_WM_ERSP_iSMG3_TN.npy,0.2624031007751938,0.0074160206718346,True,659,1,0.11388932,1
EL043,audio,LM,iSMG9,\\nasac-m2.unige.ch\m-HumanNeuronLab\ANALYSIS\FLM\Analysis_LoraFanda\01_FBM_Analysis\outputs\04_ersp_LM_RAWONLY\EL043\LM\ERSP_matrix\audio\EL043_audio_WM_ERSP_iSMG9_TN.npy,0.0213953488372093,0.0159948320413436,True,660,7,0.10513552,7
EL043,audio,LM,ITG10,\\nasac-m2.unige.ch\m-HumanNeuronLab\ANALYSIS\FLM\Analysis_LoraFanda\01_FBM_Analysis\outputs\04_ersp_LM_RAWONLY\EL043\LM\ERSP_matrix\audio\EL043_audio_WM_ERSP_ITG10_TN.npy,0.0075452196382428,0.0524031007751938,True,661,6,0.041858975,6
EL043,audio,LM,ITG3,\\nasac-m2.unige.ch\m-HumanNeuronLab\ANALYSIS\FLM\Analysis_LoraFanda\01_FBM_Analysis\outputs\04_ersp_LM_RAWONLY\EL043\LM\ERSP_matrix\audio\EL043_audio_WM_ERSP_ITG3_TN.npy,0.020671834625323,0.0054005167958656,True,662,7,0.03815501,7
EL043,audio,LM,ITG4,\\nasac-m2.unige.ch\m-HumanNeuronLab\ANALYSIS\FLM\Analysis_LoraFanda\01_FBM_Analysis\outputs\04_ersp_LM_RAWONLY\EL043\LM\ERSP_matrix\audio\EL043_audio_WM_ERSP_ITG4_TN.npy,0.0435658914728682,0.0029715762273901,True,663,1,-0.1271578,1
EL043,audio,LM,LinG6,\\nasac-m2.unige.ch\m-HumanNeuronLab\ANALYSIS\FLM\Analysis_LoraFanda\01_FBM_Analysis\outputs\04_ersp_LM_RAWONLY\EL043\LM\ERSP_matrix\audio\EL043_audio_WM_ERSP_LinG6_TN.npy,0.0222480620155038,0.0103875968992248,True,664,7,0.108444765,7
EL043,audio,LM,LinG7,\\nasac-m2.unige.ch\m-HumanNeuronLab\ANALYSIS\FLM\Analysis_LoraFanda\01_FBM_Analysis\outputs\04_ersp_LM_RAWONLY\EL043\LM\ERSP_matrix\audio\EL043_audio_WM_ERSP_LinG7_TN.npy,0.0238501291989664,0.0087855297157622,True,665,7,-0.02333661,7
EL043,audio,LM,LinG8,\\nasac-m2.unige.ch\m-HumanNeuronLab\ANALYSIS\FLM\Analysis_LoraFanda\01_FBM_Analysis\outputs\04_ersp_LM_RAWONLY\EL043\LM\ERSP_matrix\audio\EL043_audio_WM_ERSP_LinG8_TN.npy,0.0250129198966408,0.0104392764857881,True,666,7,0.035855237,7
EL043,audio,LM,pIns1,\\nasac-m2.unige.ch\m-HumanNeuronLab\ANALYSIS\FLM\Analysis_LoraFanda\01_FBM_Analysis\outputs\04_ersp_LM_RAWONLY\EL043\LM\ERSP_matrix\audio\EL043_audio_WM_ERSP_pIns1_TN.npy,0.0221963824289405,0.0101291989664082,True,667,5,0.07737624,5
EL043,audio,LM,pIns7,\\nasac-m2.unige.ch\m-HumanNeuronLab\ANALYSIS\FLM\Analysis_LoraFanda\01_FBM_Analysis\outputs\04_ersp_LM_RAWONLY\EL043\LM\ERSP_matrix\audio\EL043_audio_WM_ERSP_pIns7_TN.npy,0.0239793281653746,0.004547803617571,True,668,5,0.097469874,5
EL043,audio,LM,sSMG11,\\nasac-m2.unige.ch\m-HumanNeuronLab\ANALYSIS\FLM\Analysis_LoraFanda\01_FBM_Analysis\outputs\04_ersp_LM_RAWONLY\EL043\LM\ERSP_matrix\audio\EL043_audio_WM_ERSP_sSMG11_TN.npy,0.0244186046511627,0.004625322997416,True,669,5,0.053925835,5
EL043,audio,LM,sSMG1,\\nasac-m2.unige.ch\m-HumanNeuronLab\ANALYSIS\FLM\Analysis_LoraFanda\01_FBM_Analysis\outputs\04_ersp_LM_RAWONLY\EL043\LM\ERSP_matrix\audio\EL043_audio_WM_ERSP_sSMG1_TN.npy,0.0218863049095607,0.0070542635658914,True,670,5,0.13514493,5
EL043,audio,LM,sSMG4,\\nasac-m2.unige.ch\m-HumanNeuronLab\ANALYSIS\FLM\Analysis_LoraFanda\01_FBM_Analysis\outputs\04_ersp_LM_RAWONLY\EL043\LM\ERSP_matrix\audio\EL043_audio_WM_ERSP_sSMG4_TN.npy,0.0283720930232558,0.0039276485788113,True,671,5,0.06560652,5
EL043,audio,LM,STG2,\\nasac-m2.unige.ch\m-HumanNeuronLab\ANALYSIS\FLM\Analysis_LoraFanda\01_FBM_Analysis\outputs\04_ersp_LM_RAWONLY\EL043\LM\ERSP_matrix\audio\EL043_audio_WM_ERSP_STG2_TN.npy,0.1151162790697674,0.0032299741602067,True,672,1,-0.019637538,1
EL043,audio,LM,STG3,\\nasac-m2.unige.ch\m-HumanNeuronLab\ANALYSIS\FLM\Analysis_LoraFanda\01_FBM_Analysis\outputs\04_ersp_LM_RAWONLY\EL043\LM\ERSP_matrix\audio\EL043_audio_WM_ERSP_STG3_TN.npy,0.0655297157622739,0.0040826873385012,True,673,1,-0.025246652,1
EL043,audio,LM,STG4,\\nasac-m2.unige.ch\m-HumanNeuronLab\ANALYSIS\FLM\Analysis_LoraFanda\01_FBM_Analysis\outputs\04_ersp_LM_RAWONLY\EL043\LM\ERSP_matrix\audio\EL043_audio_WM_ERSP_STG4_TN.npy,0.0598191214470284,0.0026873385012919,True,674,1,-0.020302119,1
EL043,audio,LM,STG6,\\nasac-m2.unige.ch\m-HumanNeuronLab\ANALYSIS\FLM\Analysis_LoraFanda\01_FBM_Analysis\outputs\04_ersp_LM_RAWONLY\EL043\LM\ERSP_matrix\audio\EL043_audio_WM_ERSP_STG6_TN.npy,0.0336434108527131,0.0058397932816537,True,675,7,-0.027450522,7
EL043,picture,LM,Hip1,\\nasac-m2.unige.ch\m-HumanNeuronLab\ANALYSIS\FLM\Analysis_LoraFanda\01_FBM_Analysis\outputs\04_ersp_LM_RAWONLY\EL043\LM\ERSP_matrix\picture\EL043_picture_WM_ERSP_Hip1_TN.npy,0.0208527131782945,0.0020930232558139,True,676,7,-0.005394156,7
EL043,picture,LM,Hip7,\\nasac-m2.unige.ch\m-HumanNeuronLab\ANALYSIS\FLM\Analysis_LoraFanda\01_FBM_Analysis\outputs\04_ersp_LM_RAWONLY\EL043\LM\ERSP_matrix\picture\EL043_picture_WM_ERSP_Hip7_TN.npy,0.0244961240310077,0.0268475452196382,True,677,2,0.09261126,2
EL043,picture,LM,IOG4,\\nasac-m2.unige.ch\m-HumanNeuronLab\ANALYSIS\FLM\Analysis_LoraFanda\01_FBM_Analysis\outputs\04_ersp_LM_RAWONLY\EL043\LM\ERSP_matrix\picture\EL043_picture_WM_ERSP_IOG4_TN.npy,0.0345736434108527,0.0027390180878552,True,678,7,0.027934907,7
EL043,picture,LM,IOG5,\\nasac-m2.unige.ch\m-HumanNeuronLab\ANALYSIS\FLM\Analysis_LoraFanda\01_FBM_Analysis\outputs\04_ersp_LM_RAWONLY\EL043\LM\ERSP_matrix\picture\EL043_picture_WM_ERSP_IOG5_TN.npy,0.0727131782945736,0.0022480620155038,True,679,1,0.020784838,1
EL043,picture,LM,IOG6,\\nasac-m2.unige.ch\m-HumanNeuronLab\ANALYSIS\FLM\Analysis_LoraFanda\01_FBM_Analysis\outputs\04_ersp_LM_RAWONLY\EL043\LM\ERSP_matrix\picture\EL043_picture_WM_ERSP_IOG6_TN.npy,0.1009043927648578,0.0023514211886304,True,680,1,0.06292017,1
EL043,picture,LM,IOG7,\\nasac-m2.unige.ch\m-HumanNeuronLab\ANALYSIS\FLM\Analysis_LoraFanda\01_FBM_Analysis\outputs\04_ersp_LM_RAWONLY\EL043\LM\ERSP_matrix\picture\EL043_picture_WM_ERSP_IOG7_TN.npy,0.1085529715762273,0.0046511627906976,True,681,1,0.03465996,1
EL043,picture,LM,IOG8,\\nasac-m2.unige.ch\m-HumanNeuronLab\ANALYSIS\FLM\Analysis_LoraFanda\01_FBM_Analysis\outputs\04_ersp_LM_RAWONLY\EL043\LM\ERSP_matrix\picture\EL043_picture_WM_ERSP_IOG8_TN.npy,0.0851162790697674,0.004547803617571,True,682,1,0.010553876,1
EL043,picture,LM,iSMG2,\\nasac-m2.unige.ch\m-HumanNeuronLab\ANALYSIS\FLM\Analysis_LoraFanda\01_FBM_Analysis\outputs\04_ersp_LM_RAWONLY\EL043\LM\ERSP_matrix\picture\EL043_picture_WM_ERSP_iSMG2_TN.npy,0.0360981912144702,0.0037209302325581,True,683,9,0.042284384,9
EL043,picture,LM,iSMG3,\\nasac-m2.unige.ch\m-HumanNeuronLab\ANALYSIS\FLM\Analysis_LoraFanda\01_FBM_Analysis\outputs\04_ersp_LM_RAWONLY\EL043\LM\ERSP_matrix\picture\EL043_picture_WM_ERSP_iSMG3_TN.npy,0.1176485788113695,0.0051162790697674,True,684,8,-0.02611798,8
EL043,picture,LM,ITG4,\\nasac-m2.unige.ch\m-HumanNeuronLab\ANALYSIS\FLM\Analysis_LoraFanda\01_FBM_Analysis\outputs\04_ersp_LM_RAWONLY\EL043\LM\ERSP_matrix\picture\EL043_picture_WM_ERSP_ITG4_TN.npy,0.0308527131782945,0.0029974160206718,True,685,5,0.05512886,5
EL043,picture,LM,LinG6,\\nasac-m2.unige.ch\m-HumanNeuronLab\ANALYSIS\FLM\Analysis_LoraFanda\01_FBM_Analysis\outputs\04_ersp_LM_RAWONLY\EL043\LM\ERSP_matrix\picture\EL043_picture_WM_ERSP_LinG6_TN.npy,0.0204909560723514,0.0074677002583979,True,686,7,-0.008477574,7
EL043,picture,LM,sSMG10,\\nasac-m2.unige.ch\m-HumanNeuronLab\ANALYSIS\FLM\Analysis_LoraFanda\01_FBM_Analysis\outputs\04_ersp_LM_RAWONLY\EL043\LM\ERSP_matrix\picture\EL043_picture_WM_ERSP_sSMG10_TN.npy,0.0244186046511627,0.0085271317829457,True,687,7,0.074917704,7
EL043,picture,LM,sSMG8,\\nasac-m2.unige.ch\m-HumanNeuronLab\ANALYSIS\FLM\Analysis_LoraFanda\01_FBM_Analysis\outputs\04_ersp_LM_RAWONLY\EL043\LM\ERSP_matrix\picture\EL043_picture_WM_ERSP_sSMG8_TN.npy,0.0203359173126615,0.0065116279069767,True,688,7,0.021025876,7
EL043,picture,LM,sSMG9,\\nasac-m2.unige.ch\m-HumanNeuronLab\ANALYSIS\FLM\Analysis_LoraFanda\01_FBM_Analysis\outputs\04_ersp_LM_RAWONLY\EL043\LM\ERSP_matrix\picture\EL043_picture_WM_ERSP_sSMG9_TN.npy,0.0265891472868217,0.004625322997416,True,689,7,0.040242705,7
EL043,reading,LM,Hip7,\\nasac-m2.unige.ch\m-HumanNeuronLab\ANALYSIS\FLM\Analysis_LoraFanda\01_FBM_Analysis\outputs\04_ersp_LM_RAWONLY\EL043\LM\ERSP_matrix\reading\EL043_reading_WM_ERSP_Hip7_TN.npy,0.0035917312661498,0.1162532299741602,True,690,6,0.24020417,6
EL043,reading,LM,IOG1,\\nasac-m2.unige.ch\m-HumanNeuronLab\ANALYSIS\FLM\Analysis_LoraFanda\01_FBM_Analysis\outputs\04_ersp_LM_RAWONLY\EL043\LM\ERSP_matrix\reading\EL043_reading_WM_ERSP_IOG1_TN.npy,0.032609819121447,0.0068992248062015,True,691,7,-0.005524596,7
EL043,reading,LM,IOG2,\\nasac-m2.unige.ch\m-HumanNeuronLab\ANALYSIS\FLM\Analysis_LoraFanda\01_FBM_Analysis\outputs\04_ersp_LM_RAWONLY\EL043\LM\ERSP_matrix\reading\EL043_reading_WM_ERSP_IOG2_TN.npy,0.029173126614987,0.0078552971576227,True,692,5,0.07586248,5
EL043,reading,LM,IOG3,\\nasac-m2.unige.ch\m-HumanNeuronLab\ANALYSIS\FLM\Analysis_LoraFanda\01_FBM_Analysis\outputs\04_ersp_LM_RAWONLY\EL043\LM\ERSP_matrix\reading\EL043_reading_WM_ERSP_IOG3_TN.npy,0.0203100775193798,0.0090439276485788,True,693,5,0.09673639,5
EL043,reading,LM,IOG4,\\nasac-m2.unige.ch\m-HumanNeuronLab\ANALYSIS\FLM\Analysis_LoraFanda\01_FBM_Analysis\outputs\04_ersp_LM_RAWONLY\EL043\LM\ERSP_matrix\reading\EL043_reading_WM_ERSP_IOG4_TN.npy,0.0360723514211886,0.0089922480620155,True,694,5,0.053361833,5
EL043,reading,LM,IOG5,\\nasac-m2.unige.ch\m-HumanNeuronLab\ANALYSIS\FLM\Analysis_LoraFanda\01_FBM_Analysis\outputs\04_ersp_LM_RAWONLY\EL043\LM\ERSP_matrix\reading\EL043_reading_WM_ERSP_IOG5_TN.npy,0.0606718346253229,0.0095090439276485,True,695,3,-0.0333325,3
EL043,reading,LM,IOG6,\\nasac-m2.unige.ch\m-HumanNeuronLab\ANALYSIS\FLM\Analysis_LoraFanda\01_FBM_Analysis\outputs\04_ersp_LM_RAWONLY\EL043\LM\ERSP_matrix\reading\EL043_reading_WM_ERSP_IOG6_TN.npy,0.0732558139534883,0.0090956072351421,True,696,3,0.054564074,3
EL043,reading,LM,IOG7,\\nasac-m2.unige.ch\m-HumanNeuronLab\ANALYSIS\FLM\Analysis_LoraFanda\01_FBM_Analysis\outputs\04_ersp_LM_RAWONLY\EL043\LM\ERSP_matrix\reading\EL043_reading_WM_ERSP_IOG7_TN.npy,0.0864341085271317,0.0100516795865633,True,697,3,0.045766503,3
EL043,reading,LM,IOG8,\\nasac-m2.unige.ch\m-HumanNeuronLab\ANALYSIS\FLM\Analysis_LoraFanda\01_FBM_Analysis\outputs\04_ersp_LM_RAWONLY\EL043\LM\ERSP_matrix\reading\EL043_reading_WM_ERSP_IOG8_TN.npy,0.0502325581395348,0.0102842377260981,True,698,3,-0.020407068,3
EL043,reading,LM,iSMG2,\\nasac-m2.unige.ch\m-HumanNeuronLab\ANALYSIS\FLM\Analysis_LoraFanda\01_FBM_Analysis\outputs\04_ersp_LM_RAWONLY\EL043\LM\ERSP_matrix\reading\EL043_reading_WM_ERSP_iSMG2_TN.npy,0.0454263565891472,0.0067958656330749,True,699,9,0.082415804,9
EL043,reading,LM,iSMG3,\\nasac-m2.unige.ch\m-HumanNeuronLab\ANALYSIS\FLM\Analysis_LoraFanda\01_FBM_Analysis\outputs\04_ersp_LM_RAWONLY\EL043\LM\ERSP_matrix\reading\EL043_reading_WM_ERSP_iSMG3_TN.npy,0.0921705426356589,0.003204134366925,True,700,1,-0.065844916,1
EL043,reading,LM,ITG10,\\nasac-m2.unige.ch\m-HumanNeuronLab\ANALYSIS\FLM\Analysis_LoraFanda\01_FBM_Analysis\outputs\04_ersp_LM_RAWONLY\EL043\LM\ERSP_matrix\reading\EL043_reading_WM_ERSP_ITG10_TN.npy,0.0022739018087855,0.0571059431524547,True,701,6,0.1786838,6
EL043,reading,LM,ITG3,\\nasac-m2.unige.ch\m-HumanNeuronLab\ANALYSIS\FLM\Analysis_LoraFanda\01_FBM_Analysis\outputs\04_ersp_LM_RAWONLY\EL043\LM\ERSP_matrix\reading\EL043_reading_WM_ERSP_ITG3_TN.npy,0.0249870801033591,0.0038242894056847,True,702,5,0.13771011,5
EL043,reading,LM,ITG4,\\nasac-m2.unige.ch\m-HumanNeuronLab\ANALYSIS\FLM\Analysis_LoraFanda\01_FBM_Analysis\outputs\04_ersp_LM_RAWONLY\EL043\LM\ERSP_matrix\reading\EL043_reading_WM_ERSP_ITG4_TN.npy,0.0587338501291989,0.0047028423772609,True,703,1,-0.0011811798,1
EL044,audio,LM,P10,\\nasac-m2.unige.ch\m-HumanNeuronLab\ANALYSIS\FLM\Analysis_LoraFanda\01_FBM_Analysis\outputs\04_ersp_LM_RAWONLY\EL044\LM\ERSP_matrix\audio\EL044_audio_CAR_ERSP_P10_TN.npy,0.0032558139534883,0.1147803617571059,True,704,6,0.056770135,6
EL044,audio,LM,P4,\\nasac-m2.unige.ch\m-HumanNeuronLab\ANALYSIS\FLM\Analysis_LoraFanda\01_FBM_Analysis\outputs\04_ersp_LM_RAWONLY\EL044\LM\ERSP_matrix\audio\EL044_audio_CAR_ERSP_P4_TN.npy,0.008501291989664,0.0493798449612403,True,705,10,0.073403396,10
EL044,audio,LM,Pa10,\\nasac-m2.unige.ch\m-HumanNeuronLab\ANALYSIS\FLM\Analysis_LoraFanda\01_FBM_Analysis\outputs\04_ersp_LM_RAWONLY\EL044\LM\ERSP_matrix\audio\EL044_audio_CAR_ERSP_Pa10_TN.npy,0.0323255813953488,0.0156589147286821,True,706,7,0.14986342,7
EL044,audio,LM,Pa12,\\nasac-m2.unige.ch\m-HumanNeuronLab\ANALYSIS\FLM\Analysis_LoraFanda\01_FBM_Analysis\outputs\04_ersp_LM_RAWONLY\EL044\LM\ERSP_matrix\audio\EL044_audio_CAR_ERSP_Pa12_TN.npy,0.0249870801033591,0.0095865633074935,True,707,5,0.07061202,5
EL044,audio,LM,Pa13,\\nasac-m2.unige.ch\m-HumanNeuronLab\ANALYSIS\FLM\Analysis_LoraFanda\01_FBM_Analysis\outputs\04_ersp_LM_RAWONLY\EL044\LM\ERSP_matrix\audio\EL044_audio_CAR_ERSP_Pa13_TN.npy,0.0252454780361757,0.0104651162790697,True,708,5,0.062720075,5
EL044,audio,LM,Pa14,\\nasac-m2.unige.ch\m-HumanNeuronLab\ANALYSIS\FLM\Analysis_LoraFanda\01_FBM_Analysis\outputs\04_ersp_LM_RAWONLY\EL044\LM\ERSP_matrix\audio\EL044_audio_CAR_ERSP_Pa14_TN.npy,0.0289147286821705,0.0085271317829457,True,709,5,0.06001492,5
EL044,audio,LM,Pa15,\\nasac-m2.unige.ch\m-HumanNeuronLab\ANALYSIS\FLM\Analysis_LoraFanda\01_FBM_Analysis\outputs\04_ersp_LM_RAWONLY\EL044\LM\ERSP_matrix\audio\EL044_audio_CAR_ERSP_Pa15_TN.npy,0.0266666666666666,0.0127390180878552,True,710,7,0.042516876,7
EL044,audio,LM,Pa16,\\nasac-m2.unige.ch\m-HumanNeuronLab\ANALYSIS\FLM\Analysis_LoraFanda\01_FBM_Analysis\outputs\04_ersp_LM_RAWONLY\EL044\LM\ERSP_matrix\audio\EL044_audio_CAR_ERSP_Pa16_TN.npy,0.0476744186046511,0.0084754521963824,True,711,7,0.03463461,7
EL044,audio,LM,Pa18,\\nasac-m2.unige.ch\m-HumanNeuronLab\ANALYSIS\FLM\Analysis_LoraFanda\01_FBM_Analysis\outputs\04_ersp_LM_RAWONLY\EL044\LM\ERSP_matrix\audio\EL044_audio_CAR_ERSP_Pa18_TN.npy,0.0211369509043927,0.0119638242894056,True,712,7,0.10016709,7
EL044,audio,LM,Pa19,\\nasac-m2.unige.ch\m-HumanNeuronLab\ANALYSIS\FLM\Analysis_LoraFanda\01_FBM_Analysis\outputs\04_ersp_LM_RAWONLY\EL044\LM\ERSP_matrix\audio\EL044_audio_CAR_ERSP_Pa19_TN.npy,0.0344186046511627,0.0081395348837209,True,713,7,0.06653639,7
EL044,audio,LM,Pa20,\\nasac-m2.unige.ch\m-HumanNeuronLab\ANALYSIS\FLM\Analysis_LoraFanda\01_FBM_Analysis\outputs\04_ersp_LM_RAWONLY\EL044\LM\ERSP_matrix\audio\EL044_audio_CAR_ERSP_Pa20_TN.npy,0.0320155038759689,0.0127648578811369,True,714,7,0.06854321,7
EL044,audio,LM,Pa21,\\nasac-m2.unige.ch\m-HumanNeuronLab\ANALYSIS\FLM\Analysis_LoraFanda\01_FBM_Analysis\outputs\04_ersp_LM_RAWONLY\EL044\LM\ERSP_matrix\audio\EL044_audio_CAR_ERSP_Pa21_TN.npy,0.0270801033591731,0.0096640826873385,True,715,5,0.12661383,5
EL044,audio,LM,Pa22,\\nasac-m2.unige.ch\m-HumanNeuronLab\ANALYSIS\FLM\Analysis_LoraFanda\01_FBM_Analysis\outputs\04_ersp_LM_RAWONLY\EL044\LM\ERSP_matrix\audio\EL044_audio_CAR_ERSP_Pa22_TN.npy,0.0266925064599483,0.0116537467700258,True,716,7,0.0271534,7
EL044,audio,LM,Pa23,\\nasac-m2.unige.ch\m-HumanNeuronLab\ANALYSIS\FLM\Analysis_LoraFanda\01_FBM_Analysis\outputs\04_ersp_LM_RAWONLY\EL044\LM\ERSP_matrix\audio\EL044_audio_CAR_ERSP_Pa23_TN.npy,0.0260206718346253,0.0129457364341085,True,717,7,0.0008995462,7
EL044,audio,LM,Pa24,\\nasac-m2.unige.ch\m-HumanNeuronLab\ANALYSIS\FLM\Analysis_LoraFanda\01_FBM_Analysis\outputs\04_ersp_LM_RAWONLY\EL044\LM\ERSP_matrix\audio\EL044_audio_CAR_ERSP_Pa24_TN.npy,0.0301033591731266,0.0092764857881136,True,718,5,0.12630837,5
EL044,audio,LM,Pa25,\\nasac-m2.unige.ch\m-HumanNeuronLab\ANALYSIS\FLM\Analysis_LoraFanda\01_FBM_Analysis\outputs\04_ersp_LM_RAWONLY\EL044\LM\ERSP_matrix\audio\EL044_audio_CAR_ERSP_Pa25_TN.npy,0.0355813953488372,0.0080103359173126,True,719,7,0.0149451215,7
EL044,audio,LM,Pa27,\\nasac-m2.unige.ch\m-HumanNeuronLab\ANALYSIS\FLM\Analysis_LoraFanda\01_FBM_Analysis\outputs\04_ersp_LM_RAWONLY\EL044\LM\ERSP_matrix\audio\EL044_audio_CAR_ERSP_Pa27_TN.npy,0.0288888888888888,0.0141860465116279,True,720,7,0.1336128,7
EL044,audio,LM,Pa28,\\nasac-m2.unige.ch\m-HumanNeuronLab\ANALYSIS\FLM\Analysis_LoraFanda\01_FBM_Analysis\outputs\04_ersp_LM_RAWONLY\EL044\LM\ERSP_matrix\audio\EL044_audio_CAR_ERSP_Pa28_TN.npy,0.0295348837209302,0.0117054263565891,True,721,7,0.08375191,7
EL044,audio,LM,Pa29,\\nasac-m2.unige.ch\m-HumanNeuronLab\ANALYSIS\FLM\Analysis_LoraFanda\01_FBM_Analysis\outputs\04_ersp_LM_RAWONLY\EL044\LM\ERSP_matrix\audio\EL044_audio_CAR_ERSP_Pa29_TN.npy,0.0219896640826873,0.0121963824289405,True,722,7,0.024937844,7
EL044,audio,LM,Pa2,\\nasac-m2.unige.ch\m-HumanNeuronLab\ANALYSIS\FLM\Analysis_LoraFanda\01_FBM_Analysis\outputs\04_ersp_LM_RAWONLY\EL044\LM\ERSP_matrix\audio\EL044_audio_CAR_ERSP_Pa2_TN.npy,0.0290956072351421,0.0099741602067183,True,723,7,0.12904085,7
EL044,audio,LM,Pa30,\\nasac-m2.unige.ch\m-HumanNeuronLab\ANALYSIS\FLM\Analysis_LoraFanda\01_FBM_Analysis\outputs\04_ersp_LM_RAWONLY\EL044\LM\ERSP_matrix\audio\EL044_audio_CAR_ERSP_Pa30_TN.npy,0.0309043927648578,0.0108268733850129,True,724,7,0.0995045,7
EL044,audio,LM,Pa31,\\nasac-m2.unige.ch\m-HumanNeuronLab\ANALYSIS\FLM\Analysis_LoraFanda\01_FBM_Analysis\outputs\04_ersp_LM_RAWONLY\EL044\LM\ERSP_matrix\audio\EL044_audio_CAR_ERSP_Pa31_TN.npy,0.0264082687338501,0.0122997416020671,True,725,7,0.10329789,7
EL044,audio,LM,Pa32,\\nasac-m2.unige.ch\m-HumanNeuronLab\ANALYSIS\FLM\Analysis_LoraFanda\01_FBM_Analysis\outputs\04_ersp_LM_RAWONLY\EL044\LM\ERSP_matrix\audio\EL044_audio_CAR_ERSP_Pa32_TN.npy,0.0254005167958656,0.0089405684754521,True,726,5,0.07165714,5
EL044,audio,LM,Pa33,\\nasac-m2.unige.ch\m-HumanNeuronLab\ANALYSIS\FLM\Analysis_LoraFanda\01_FBM_Analysis\outputs\04_ersp_LM_RAWONLY\EL044\LM\ERSP_matrix\audio\EL044_audio_CAR_ERSP_Pa33_TN.npy,0.0281395348837209,0.0107493540051679,True,727,7,-0.011192113,7
EL044,audio,LM,Pa34,\\nasac-m2.unige.ch\m-HumanNeuronLab\ANALYSIS\FLM\Analysis_LoraFanda\01_FBM_Analysis\outputs\04_ersp_LM_RAWONLY\EL044\LM\ERSP_matrix\audio\EL044_audio_CAR_ERSP_Pa34_TN.npy,0.0250129198966408,0.0112144702842377,True,728,7,0.0893798,7
EL044,audio,LM,Pa35,\\nasac-m2.unige.ch\m-HumanNeuronLab\ANALYSIS\FLM\Analysis_LoraFanda\01_FBM_Analysis\outputs\04_ersp_LM_RAWONLY\EL044\LM\ERSP_matrix\audio\EL044_audio_CAR_ERSP_Pa35_TN.npy,0.0313953488372093,0.0137726098191214,True,729,7,0.12578179,7
EL044,audio,LM,Pa36,\\nasac-m2.unige.ch\m-HumanNeuronLab\ANALYSIS\FLM\Analysis_LoraFanda\01_FBM_Analysis\outputs\04_ersp_LM_RAWONLY\EL044\LM\ERSP_matrix\audio\EL044_audio_CAR_ERSP_Pa36_TN.npy,0.0204392764857881,0.0103875968992248,True,730,7,0.050827853,7
EL044,audio,LM,Pa38,\\nasac-m2.unige.ch\m-HumanNeuronLab\ANALYSIS\FLM\Analysis_LoraFanda\01_FBM_Analysis\outputs\04_ersp_LM_RAWONLY\EL044\LM\ERSP_matrix\audio\EL044_audio_CAR_ERSP_Pa38_TN.npy,0.0416020671834625,0.0095090439276485,True,731,7,0.09499077,7
EL044,audio,LM,Pa39,\\nasac-m2.unige.ch\m-HumanNeuronLab\ANALYSIS\FLM\Analysis_LoraFanda\01_FBM_Analysis\outputs\04_ersp_LM_RAWONLY\EL044\LM\ERSP_matrix\audio\EL044_audio_CAR_ERSP_Pa39_TN.npy,0.0312144702842377,0.0103617571059431,True,732,7,0.068583354,7
EL044,audio,LM,Pa3,\\nasac-m2.unige.ch\m-HumanNeuronLab\ANALYSIS\FLM\Analysis_LoraFanda\01_FBM_Analysis\outputs\04_ersp_LM_RAWONLY\EL044\LM\ERSP_matrix\audio\EL044_audio_CAR_ERSP_Pa3_TN.npy,0.0366925064599483,0.0070284237726098,True,733,7,0.024098406,7
EL044,audio,LM,Pa40,\\nasac-m2.unige.ch\m-HumanNeuronLab\ANALYSIS\FLM\Analysis_LoraFanda\01_FBM_Analysis\outputs\04_ersp_LM_RAWONLY\EL044\LM\ERSP_matrix\audio\EL044_audio_CAR_ERSP_Pa40_TN.npy,0.0356330749354005,0.0080361757105943,True,734,5,0.12214404,5
EL044,audio,LM,Pa41,\\nasac-m2.unige.ch\m-HumanNeuronLab\ANALYSIS\FLM\Analysis_LoraFanda\01_FBM_Analysis\outputs\04_ersp_LM_RAWONLY\EL044\LM\ERSP_matrix\audio\EL044_audio_CAR_ERSP_Pa41_TN.npy,0.0319121447028423,0.008578811369509,True,735,7,-0.006459373,7
EL044,audio,LM,Pa42,\\nasac-m2.unige.ch\m-HumanNeuronLab\ANALYSIS\FLM\Analysis_LoraFanda\01_FBM_Analysis\outputs\04_ersp_LM_RAWONLY\EL044\LM\ERSP_matrix\audio\EL044_audio_CAR_ERSP_Pa42_TN.npy,0.024547803617571,0.00984496124031,True,736,7,0.072610855,7
EL044,audio,LM,Pa43,\\nasac-m2.unige.ch\m-HumanNeuronLab\ANALYSIS\FLM\Analysis_LoraFanda\01_FBM_Analysis\outputs\04_ersp_LM_RAWONLY\EL044\LM\ERSP_matrix\audio\EL044_audio_CAR_ERSP_Pa43_TN.npy,0.039328165374677,0.010516795865633,True,737,7,0.036636133,7
EL044,audio,LM,Pa45,\\nasac-m2.unige.ch\m-HumanNeuronLab\ANALYSIS\FLM\Analysis_LoraFanda\01_FBM_Analysis\outputs\04_ersp_LM_RAWONLY\EL044\LM\ERSP_matrix\audio\EL044_audio_CAR_ERSP_Pa45_TN.npy,0.0265374677002584,0.0117829457364341,True,738,7,-0.004247158,7
EL044,audio,LM,Pa46,\\nasac-m2.unige.ch\m-HumanNeuronLab\ANALYSIS\FLM\Analysis_LoraFanda\01_FBM_Analysis\outputs\04_ersp_LM_RAWONLY\EL044\LM\ERSP_matrix\audio\EL044_audio_CAR_ERSP_Pa46_TN.npy,0.0302067183462532,0.0089405684754521,True,739,5,0.05096814,5
EL044,audio,LM,Pa47,\\nasac-m2.unige.ch\m-HumanNeuronLab\ANALYSIS\FLM\Analysis_LoraFanda\01_FBM_Analysis\outputs\04_ersp_LM_RAWONLY\EL044\LM\ERSP_matrix\audio\EL044_audio_CAR_ERSP_Pa47_TN.npy,0.0284754521963824,0.0105684754521963,True,740,7,0.001203928,7
EL044,audio,LM,Pa49,\\nasac-m2.unige.ch\m-HumanNeuronLab\ANALYSIS\FLM\Analysis_LoraFanda\01_FBM_Analysis\outputs\04_ersp_LM_RAWONLY\EL044\LM\ERSP_matrix\audio\EL044_audio_CAR_ERSP_Pa49_TN.npy,0.021188630490956,0.0121188630490956,True,741,7,-0.012855851,7
EL044,audio,LM,Pa4,\\nasac-m2.unige.ch\m-HumanNeuronLab\ANALYSIS\FLM\Analysis_LoraFanda\01_FBM_Analysis\outputs\04_ersp_LM_RAWONLY\EL044\LM\ERSP_matrix\audio\EL044_audio_CAR_ERSP_Pa4_TN.npy,0.0264341085271317,0.0082428940568475,True,742,7,-0.019735785,7
EL044,audio,LM,Pa50,\\nasac-m2.unige.ch\m-HumanNeuronLab\ANALYSIS\FLM\Analysis_LoraFanda\01_FBM_Analysis\outputs\04_ersp_LM_RAWONLY\EL044\LM\ERSP_matrix\audio\EL044_audio_CAR_ERSP_Pa50_TN.npy,0.0349095607235142,0.0120155038759689,True,743,5,0.03849761,5
EL044,audio,LM,Pa52,\\nasac-m2.unige.ch\m-HumanNeuronLab\ANALYSIS\FLM\Analysis_LoraFanda\01_FBM_Analysis\outputs\04_ersp_LM_RAWONLY\EL044\LM\ERSP_matrix\audio\EL044_audio_CAR_ERSP_Pa52_TN.npy,0.0244444444444444,0.0131007751937984,True,744,5,0.072470054,5
EL044,audio,LM,Pa54,\\nasac-m2.unige.ch\m-HumanNeuronLab\ANALYSIS\FLM\Analysis_LoraFanda\01_FBM_Analysis\outputs\04_ersp_LM_RAWONLY\EL044\LM\ERSP_matrix\audio\EL044_audio_CAR_ERSP_Pa54_TN.npy,0.0278552971576227,0.0106201550387596,True,745,5,0.1207784,5
EL044,audio,LM,Pa55,\\nasac-m2.unige.ch\m-HumanNeuronLab\ANALYSIS\FLM\Analysis_LoraFanda\01_FBM_Analysis\outputs\04_ersp_LM_RAWONLY\EL044\LM\ERSP_matrix\audio\EL044_audio_CAR_ERSP_Pa55_TN.npy,0.0288113695090439,0.0109302325581395,True,746,5,0.06352548,5
EL044,audio,LM,Pa57,\\nasac-m2.unige.ch\m-HumanNeuronLab\ANALYSIS\FLM\Analysis_LoraFanda\01_FBM_Analysis\outputs\04_ersp_LM_RAWONLY\EL044\LM\ERSP_matrix\audio\EL044_audio_CAR_ERSP_Pa57_TN.npy,0.0355297157622739,0.0085271317829457,True,747,7,-0.03135907,7
EL044,audio,LM,Pa58,\\nasac-m2.unige.ch\m-HumanNeuronLab\ANALYSIS\FLM\Analysis_LoraFanda\01_FBM_Analysis\outputs\04_ersp_LM_RAWONLY\EL044\LM\ERSP_matrix\audio\EL044_audio_CAR_ERSP_Pa58_TN.npy,0.0338501291989664,0.0087855297157622,True,748,5,0.07762293,5
EL044,audio,LM,Pa59,\\nasac-m2.unige.ch\m-HumanNeuronLab\ANALYSIS\FLM\Analysis_LoraFanda\01_FBM_Analysis\outputs\04_ersp_LM_RAWONLY\EL044\LM\ERSP_matrix\audio\EL044_audio_CAR_ERSP_Pa59_TN.npy,0.0334883720930232,0.0056072351421188,True,749,5,0.13237426,5
EL044,audio,LM,Pa5,\\nasac-m2.unige.ch\m-HumanNeuronLab\ANALYSIS\FLM\Analysis_LoraFanda\01_FBM_Analysis\outputs\04_ersp_LM_RAWONLY\EL044\LM\ERSP_matrix\audio\EL044_audio_CAR_ERSP_Pa5_TN.npy,0.0258656330749354,0.0100775193798449,True,750,5,0.048012562,5
EL044,audio,LM,Pa61,\\nasac-m2.unige.ch\m-HumanNeuronLab\ANALYSIS\FLM\Analysis_LoraFanda\01_FBM_Analysis\outputs\04_ersp_LM_RAWONLY\EL044\LM\ERSP_matrix\audio\EL044_audio_CAR_ERSP_Pa61_TN.npy,0.0321963824289405,0.0096899224806201,True,751,5,0.104562186,5
EL044,audio,LM,Pa62,\\nasac-m2.unige.ch\m-HumanNeuronLab\ANALYSIS\FLM\Analysis_LoraFanda\01_FBM_Analysis\outputs\04_ersp_LM_RAWONLY\EL044\LM\ERSP_matrix\audio\EL044_audio_CAR_ERSP_Pa62_TN.npy,0.025813953488372,0.0098708010335917,True,752,5,0.1467225,5
EL044,audio,LM,Pa6,\\nasac-m2.unige.ch\m-HumanNeuronLab\ANALYSIS\FLM\Analysis_LoraFanda\01_FBM_Analysis\outputs\04_ersp_LM_RAWONLY\EL044\LM\ERSP_matrix\audio\EL044_audio_CAR_ERSP_Pa6_TN.npy,0.0213953488372093,0.0121963824289405,True,753,7,0.009775428,7
EL044,audio,LM,Pa7,\\nasac-m2.unige.ch\m-HumanNeuronLab\ANALYSIS\FLM\Analysis_LoraFanda\01_FBM_Analysis\outputs\04_ersp_LM_RAWONLY\EL044\LM\ERSP_matrix\audio\EL044_audio_CAR_ERSP_Pa7_TN.npy,0.0300258397932816,0.0175193798449612,True,754,7,0.07336724,7
EL044,audio,LM,Pa8,\\nasac-m2.unige.ch\m-HumanNeuronLab\ANALYSIS\FLM\Analysis_LoraFanda\01_FBM_Analysis\outputs\04_ersp_LM_RAWONLY\EL044\LM\ERSP_matrix\audio\EL044_audio_CAR_ERSP_Pa8_TN.npy,0.0337209302325581,0.0112403100775193,True,755,7,0.0376899,7
EL044,audio,LM,Pa9,\\nasac-m2.unige.ch\m-HumanNeuronLab\ANALYSIS\FLM\Analysis_LoraFanda\01_FBM_Analysis\outputs\04_ersp_LM_RAWONLY\EL044\LM\ERSP_matrix\audio\EL044_audio_CAR_ERSP_Pa9_TN.npy,0.0338242894056847,0.0156589147286821,True,756,7,0.16376646,7
EL044,audio,LM,postP5,\\nasac-m2.unige.ch\m-HumanNeuronLab\ANALYSIS\FLM\Analysis_LoraFanda\01_FBM_Analysis\outputs\04_ersp_LM_RAWONLY\EL044\LM\ERSP_matrix\audio\EL044_audio_CAR_ERSP_postP5_TN.npy,0.0286304909560723,0.0171834625322997,True,757,7,0.133037,7
EL044,audio,LM,postP6,\\nasac-m2.unige.ch\m-HumanNeuronLab\ANALYSIS\FLM\Analysis_LoraFanda\01_FBM_Analysis\outputs\04_ersp_LM_RAWONLY\EL044\LM\ERSP_matrix\audio\EL044_audio_CAR_ERSP_postP6_TN.npy,0.0292248062015503,0.013953488372093,True,758,7,0.046336588,7
EL044,audio,LM,postP7,\\nasac-m2.unige.ch\m-HumanNeuronLab\ANALYSIS\FLM\Analysis_LoraFanda\01_FBM_Analysis\outputs\04_ersp_LM_RAWONLY\EL044\LM\ERSP_matrix\audio\EL044_audio_CAR_ERSP_postP7_TN.npy,0.0476744186046511,0.0072609819121447,True,759,7,0.040297072,7
EL044,audio,LM,postP8,\\nasac-m2.unige.ch\m-HumanNeuronLab\ANALYSIS\FLM\Analysis_LoraFanda\01_FBM_Analysis\outputs\04_ersp_LM_RAWONLY\EL044\LM\ERSP_matrix\audio\EL044_audio_CAR_ERSP_postP8_TN.npy,0.0316020671834625,0.0107235142118863,True,760,7,0.110012546,7
EL044,audio,LM,postP9,\\nasac-m2.unige.ch\m-HumanNeuronLab\ANALYSIS\FLM\Analysis_LoraFanda\01_FBM_Analysis\outputs\04_ersp_LM_RAWONLY\EL044\LM\ERSP_matrix\audio\EL044_audio_CAR_ERSP_postP9_TN.npy,0.0421963824289405,0.0072093023255813,True,761,5,0.05410743,5
EL044,audio,LM,T17,\\nasac-m2.unige.ch\m-HumanNeuronLab\ANALYSIS\FLM\Analysis_LoraFanda\01_FBM_Analysis\outputs\04_ersp_LM_RAWONLY\EL044\LM\ERSP_matrix\audio\EL044_audio_CAR_ERSP_T17_TN.npy,0.0350129198966408,0.0063824289405684,True,762,5,0.0675975,5
EL044,audio,LM,T18,\\nasac-m2.unige.ch\m-HumanNeuronLab\ANALYSIS\FLM\Analysis_LoraFanda\01_FBM_Analysis\outputs\04_ersp_LM_RAWONLY\EL044\LM\ERSP_matrix\audio\EL044_audio_CAR_ERSP_T18_TN.npy,0.0368475452196382,0.0101291989664082,True,763,5,0.09732227,5
EL044,audio,LM,T20,\\nasac-m2.unige.ch\m-HumanNeuronLab\ANALYSIS\FLM\Analysis_LoraFanda\01_FBM_Analysis\outputs\04_ersp_LM_RAWONLY\EL044\LM\ERSP_matrix\audio\EL044_audio_CAR_ERSP_T20_TN.npy,0.0468992248062015,0.0117571059431524,True,764,7,0.105536245,7
EL044,audio,LM,T22,\\nasac-m2.unige.ch\m-HumanNeuronLab\ANALYSIS\FLM\Analysis_LoraFanda\01_FBM_Analysis\outputs\04_ersp_LM_RAWONLY\EL044\LM\ERSP_matrix\audio\EL044_audio_CAR_ERSP_T22_TN.npy,0.0409819121447028,0.0096124031007751,True,765,7,0.020705633,7
EL044,audio,LM,T23,\\nasac-m2.unige.ch\m-HumanNeuronLab\ANALYSIS\FLM\Analysis_LoraFanda\01_FBM_Analysis\outputs\04_ersp_LM_RAWONLY\EL044\LM\ERSP_matrix\audio\EL044_audio_CAR_ERSP_T23_TN.npy,0.0725064599483204,0.0071834625322997,True,766,1,-0.06832643,1
EL044,audio,LM,T24,\\nasac-m2.unige.ch\m-HumanNeuronLab\ANALYSIS\FLM\Analysis_LoraFanda\01_FBM_Analysis\outputs\04_ersp_LM_RAWONLY\EL044\LM\ERSP_matrix\audio\EL044_audio_CAR_ERSP_T24_TN.npy,0.0742118863049095,0.0084237726098191,True,767,7,0.0809337,7
EL044,audio,LM,T26,\\nasac-m2.unige.ch\m-HumanNeuronLab\ANALYSIS\FLM\Analysis_LoraFanda\01_FBM_Analysis\outputs\04_ersp_LM_RAWONLY\EL044\LM\ERSP_matrix\audio\EL044_audio_CAR_ERSP_T26_TN.npy,0.0241860465116279,0.0070025839793281,True,768,7,0.026522081,7
EL044,audio,LM,T27,\\nasac-m2.unige.ch\m-HumanNeuronLab\ANALYSIS\FLM\Analysis_LoraFanda\01_FBM_Analysis\outputs\04_ersp_LM_RAWONLY\EL044\LM\ERSP_matrix\audio\EL044_audio_CAR_ERSP_T27_TN.npy,0.0335142118863049,0.0086304909560723,True,769,7,0.107328475,7
EL044,audio,LM,T28,\\nasac-m2.unige.ch\m-HumanNeuronLab\ANALYSIS\FLM\Analysis_LoraFanda\01_FBM_Analysis\outputs\04_ersp_LM_RAWONLY\EL044\LM\ERSP_matrix\audio\EL044_audio_CAR_ERSP_T28_TN.npy,0.055142118863049,0.0080878552971576,True,770,7,0.06482613,7
EL044,audio,LM,T29,\\nasac-m2.unige.ch\m-HumanNeuronLab\ANALYSIS\FLM\Analysis_LoraFanda\01_FBM_Analysis\outputs\04_ersp_LM_RAWONLY\EL044\LM\ERSP_matrix\audio\EL044_audio_CAR_ERSP_T29_TN.npy,0.0778036175710594,0.0059431524547803,True,771,1,-0.07851097,1
EL044,audio,LM,T30,\\nasac-m2.unige.ch\m-HumanNeuronLab\ANALYSIS\FLM\Analysis_LoraFanda\01_FBM_Analysis\outputs\04_ersp_LM_RAWONLY\EL044\LM\ERSP_matrix\audio\EL044_audio_CAR_ERSP_T30_TN.npy,0.1104651162790697,0.0070801033591731,True,772,1,-0.02678766,1
EL044,audio,LM,T31,\\nasac-m2.unige.ch\m-HumanNeuronLab\ANALYSIS\FLM\Analysis_LoraFanda\01_FBM_Analysis\outputs\04_ersp_LM_RAWONLY\EL044\LM\ERSP_matrix\audio\EL044_audio_CAR_ERSP_T31_TN.npy,0.0459948320413436,0.0060206718346253,True,773,5,0.035651542,5
EL044,audio,LM,T32,\\nasac-m2.unige.ch\m-HumanNeuronLab\ANALYSIS\FLM\Analysis_LoraFanda\01_FBM_Analysis\outputs\04_ersp_LM_RAWONLY\EL044\LM\ERSP_matrix\audio\EL044_audio_CAR_ERSP_T32_TN.npy,0.059250645994832,0.0045219638242894,True,774,5,0.08875656,5
EL044,audio,LM,T33,\\nasac-m2.unige.ch\m-HumanNeuronLab\ANALYSIS\FLM\Analysis_LoraFanda\01_FBM_Analysis\outputs\04_ersp_LM_RAWONLY\EL044\LM\ERSP_matrix\audio\EL044_audio_CAR_ERSP_T33_TN.npy,0.05984496124031,0.0113178294573643,True,775,7,0.09640665,7
EL044,audio,LM,T34,\\nasac-m2.unige.ch\m-HumanNeuronLab\ANALYSIS\FLM\Analysis_LoraFanda\01_FBM_Analysis\outputs\04_ersp_LM_RAWONLY\EL044\LM\ERSP_matrix\audio\EL044_audio_CAR_ERSP_T34_TN.npy,0.0414211886304909,0.0081136950904392,True,776,7,0.11040367,7
EL044,audio,LM,T35,\\nasac-m2.unige.ch\m-HumanNeuronLab\ANALYSIS\FLM\Analysis_LoraFanda\01_FBM_Analysis\outputs\04_ersp_LM_RAWONLY\EL044\LM\ERSP_matrix\audio\EL044_audio_CAR_ERSP_T35_TN.npy,0.0628165374677002,0.005297157622739,True,777,1,-0.07492712,1
EL044,audio,LM,T36,\\nasac-m2.unige.ch\m-HumanNeuronLab\ANALYSIS\FLM\Analysis_LoraFanda\01_FBM_Analysis\outputs\04_ersp_LM_RAWONLY\EL044\LM\ERSP_matrix\audio\EL044_audio_CAR_ERSP_T36_TN.npy,0.1381912144702842,0.0076485788113695,True,778,1,0.04482274,1
EL044,audio,LM,T37,\\nasac-m2.unige.ch\m-HumanNeuronLab\ANALYSIS\FLM\Analysis_LoraFanda\01_FBM_Analysis\outputs\04_ersp_LM_RAWONLY\EL044\LM\ERSP_matrix\audio\EL044_audio_CAR_ERSP_T37_TN.npy,0.1630232558139535,0.0028165374677002,True,779,1,0.13005276,1
EL044,audio,LM,T38,\\nasac-m2.unige.ch\m-HumanNeuronLab\ANALYSIS\FLM\Analysis_LoraFanda\01_FBM_Analysis\outputs\04_ersp_LM_RAWONLY\EL044\LM\ERSP_matrix\audio\EL044_audio_CAR_ERSP_T38_TN.npy,0.2311111111111111,0.0047545219638242,True,780,1,0.15113328,1
EL044,audio,LM,T40,\\nasac-m2.unige.ch\m-HumanNeuronLab\ANALYSIS\FLM\Analysis_LoraFanda\01_FBM_Analysis\outputs\04_ersp_LM_RAWONLY\EL044\LM\ERSP_matrix\audio\EL044_audio_CAR_ERSP_T40_TN.npy,0.0304651162790697,0.0188888888888888,True,781,9,0.021151975,9
EL044,audio,LM,T41,\\nasac-m2.unige.ch\m-HumanNeuronLab\ANALYSIS\FLM\Analysis_LoraFanda\01_FBM_Analysis\outputs\04_ersp_LM_RAWONLY\EL044\LM\ERSP_matrix\audio\EL044_audio_CAR_ERSP_T41_TN.npy,0.0390956072351421,0.0086304909560723,True,782,7,0.15214851,7
EL044,audio,LM,T42,\\nasac-m2.unige.ch\m-HumanNeuronLab\ANALYSIS\FLM\Analysis_LoraFanda\01_FBM_Analysis\outputs\04_ersp_LM_RAWONLY\EL044\LM\ERSP_matrix\audio\EL044_audio_CAR_ERSP_T42_TN.npy,0.0480361757105943,0.007906976744186,True,783,7,0.12331877,7
EL044,audio,LM,T43,\\nasac-m2.unige.ch\m-HumanNeuronLab\ANALYSIS\FLM\Analysis_LoraFanda\01_FBM_Analysis\outputs\04_ersp_LM_RAWONLY\EL044\LM\ERSP_matrix\audio\EL044_audio_CAR_ERSP_T43_TN.npy,0.055813953488372,0.0052454780361757,True,784,7,-0.025771482,7
EL044,audio,LM,T44,\\nasac-m2.unige.ch\m-HumanNeuronLab\ANALYSIS\FLM\Analysis_LoraFanda\01_FBM_Analysis\outputs\04_ersp_LM_RAWONLY\EL044\LM\ERSP_matrix\audio\EL044_audio_CAR_ERSP_T44_TN.npy,0.0508268733850129,0.0089922480620155,True,785,7,0.08217908,7
EL044,audio,LM,T45,\\nasac-m2.unige.ch\m-HumanNeuronLab\ANALYSIS\FLM\Analysis_LoraFanda\01_FBM_Analysis\outputs\04_ersp_LM_RAWONLY\EL044\LM\ERSP_matrix\audio\EL044_audio_CAR_ERSP_T45_TN.npy,0.0928940568475452,0.0035142118863049,True,786,1,0.008126936,1
EL044,audio,LM,T46,\\nasac-m2.unige.ch\m-HumanNeuronLab\ANALYSIS\FLM\Analysis_LoraFanda\01_FBM_Analysis\outputs\04_ersp_LM_RAWONLY\EL044\LM\ERSP_matrix\audio\EL044_audio_CAR_ERSP_T46_TN.npy,0.2306976744186046,0.0034366925064599,True,787,1,0.15099871,1
EL044,audio,LM,T47,\\nasac-m2.unige.ch\m-HumanNeuronLab\ANALYSIS\FLM\Analysis_LoraFanda\01_FBM_Analysis\outputs\04_ersp_LM_RAWONLY\EL044\LM\ERSP_matrix\audio\EL044_audio_CAR_ERSP_T47_TN.npy,0.0458656330749354,0.0102067183462532,True,788,7,0.07841858,7
EL044,audio,LM,T48,\\nasac-m2.unige.ch\m-HumanNeuronLab\ANALYSIS\FLM\Analysis_LoraFanda\01_FBM_Analysis\outputs\04_ersp_LM_RAWONLY\EL044\LM\ERSP_matrix\audio\EL044_audio_CAR_ERSP_T48_TN.npy,0.0484237726098191,0.0113436692506459,True,789,7,0.12352391,7
EL044,audio,LM,T49,\\nasac-m2.unige.ch\m-HumanNeuronLab\ANALYSIS\FLM\Analysis_LoraFanda\01_FBM_Analysis\outputs\04_ersp_LM_RAWONLY\EL044\LM\ERSP_matrix\audio\EL044_audio_CAR_ERSP_T49_TN.npy,0.0554263565891472,0.0101808785529715,True,790,7,0.14958689,7
EL044,audio,LM,T50,\\nasac-m2.unige.ch\m-HumanNeuronLab\ANALYSIS\FLM\Analysis_LoraFanda\01_FBM_Analysis\outputs\04_ersp_LM_RAWONLY\EL044\LM\ERSP_matrix\audio\EL044_audio_CAR_ERSP_T50_TN.npy,0.0595090439276485,0.0142118863049095,True,791,7,0.12388638,7
EL044,audio,LM,T51,\\nasac-m2.unige.ch\m-HumanNeuronLab\ANALYSIS\FLM\Analysis_LoraFanda\01_FBM_Analysis\outputs\04_ersp_LM_RAWONLY\EL044\LM\ERSP_matrix\audio\EL044_audio_CAR_ERSP_T51_TN.npy,0.1198966408268733,0.0038242894056847,True,792,1,0.122596756,1
EL044,audio,LM,T52,\\nasac-m2.unige.ch\m-HumanNeuronLab\ANALYSIS\FLM\Analysis_LoraFanda\01_FBM_Analysis\outputs\04_ersp_LM_RAWONLY\EL044\LM\ERSP_matrix\audio\EL044_audio_CAR_ERSP_T52_TN.npy,0.0864082687338501,0.0054521963824289,True,793,1,0.035681963,1
EL044,audio,LM,T53,\\nasac-m2.unige.ch\m-HumanNeuronLab\ANALYSIS\FLM\Analysis_LoraFanda\01_FBM_Analysis\outputs\04_ersp_LM_RAWONLY\EL044\LM\ERSP_matrix\audio\EL044_audio_CAR_ERSP_T53_TN.npy,0.0614470284237726,0.0089664082687338,True,794,7,0.09137102,7
EL044,audio,LM,T54,\\nasac-m2.unige.ch\m-HumanNeuronLab\ANALYSIS\FLM\Analysis_LoraFanda\01_FBM_Analysis\outputs\04_ersp_LM_RAWONLY\EL044\LM\ERSP_matrix\audio\EL044_audio_CAR_ERSP_T54_TN.npy,0.0330749354005167,0.0078552971576227,True,795,7,0.13241471,7
EL044,audio,LM,T55,\\nasac-m2.unige.ch\m-HumanNeuronLab\ANALYSIS\FLM\Analysis_LoraFanda\01_FBM_Analysis\outputs\04_ersp_LM_RAWONLY\EL044\LM\ERSP_matrix\audio\EL044_audio_CAR_ERSP_T55_TN.npy,0.0464599483204134,0.0116537467700258,True,796,7,0.17130902,7
EL044,audio,LM,T56,\\nasac-m2.unige.ch\m-HumanNeuronLab\ANALYSIS\FLM\Analysis_LoraFanda\01_FBM_Analysis\outputs\04_ersp_LM_RAWONLY\EL044\LM\ERSP_matrix\audio\EL044_audio_CAR_ERSP_T56_TN.npy,0.0300258397932816,0.0158397932816537,True,797,7,0.12935552,7
EL044,audio,LM,T58,\\nasac-m2.unige.ch\m-HumanNeuronLab\ANALYSIS\FLM\Analysis_LoraFanda\01_FBM_Analysis\outputs\04_ersp_LM_RAWONLY\EL044\LM\ERSP_matrix\audio\EL044_audio_CAR_ERSP_T58_TN.npy,0.0817312661498708,0.0116537467700258,True,798,1,-0.050448738,1
EL044,audio,LM,T59,\\nasac-m2.unige.ch\m-HumanNeuronLab\ANALYSIS\FLM\Analysis_LoraFanda\01_FBM_Analysis\outputs\04_ersp_LM_RAWONLY\EL044\LM\ERSP_matrix\audio\EL044_audio_CAR_ERSP_T59_TN.npy,0.1311627906976744,0.0075710594315245,True,799,1,0.013860909,1
EL044,audio,LM,T60,\\nasac-m2.unige.ch\m-HumanNeuronLab\ANALYSIS\FLM\Analysis_LoraFanda\01_FBM_Analysis\outputs\04_ersp_LM_RAWONLY\EL044\LM\ERSP_matrix\audio\EL044_audio_CAR_ERSP_T60_TN.npy,0.0560206718346253,0.0080878552971576,True,800,7,0.092563294,7
EL044,audio,LM,T61,\\nasac-m2.unige.ch\m-HumanNeuronLab\ANALYSIS\FLM\Analysis_LoraFanda\01_FBM_Analysis\outputs\04_ersp_LM_RAWONLY\EL044\LM\ERSP_matrix\audio\EL044_audio_CAR_ERSP_T61_TN.npy,0.0567958656330749,0.0101808785529715,True,801,7,0.13213575,7
EL044,audio,LM,T62,\\nasac-m2.unige.ch\m-HumanNeuronLab\ANALYSIS\FLM\Analysis_LoraFanda\01_FBM_Analysis\outputs\04_ersp_LM_RAWONLY\EL044\LM\ERSP_matrix\audio\EL044_audio_CAR_ERSP_T62_TN.npy,0.0281136950904392,0.0114211886304909,True,802,7,0.16071592,7
EL044,audio,LM,T63,\\nasac-m2.unige.ch\m-HumanNeuronLab\ANALYSIS\FLM\Analysis_LoraFanda\01_FBM_Analysis\outputs\04_ersp_LM_RAWONLY\EL044\LM\ERSP_matrix\audio\EL044_audio_CAR_ERSP_T63_TN.npy,0.0613953488372093,0.0072868217054263,True,803,7,0.10089292,7
EL044,audio,LM,T64,\\nasac-m2.unige.ch\m-HumanNeuronLab\ANALYSIS\FLM\Analysis_LoraFanda\01_FBM_Analysis\outputs\04_ersp_LM_RAWONLY\EL044\LM\ERSP_matrix\audio\EL044_audio_CAR_ERSP_T64_TN.npy,0.085891472868217,0.0035917312661498,True,804,1,-0.044200182,1
EL044,audio,LM,T7,\\nasac-m2.unige.ch\m-HumanNeuronLab\ANALYSIS\FLM\Analysis_LoraFanda\01_FBM_Analysis\outputs\04_ersp_LM_RAWONLY\EL044\LM\ERSP_matrix\audio\EL044_audio_CAR_ERSP_T7_TN.npy,0.0082687338501291,0.0408785529715762,True,805,10,0.07691323,10
EL044,audio,LM,T8,\\nasac-m2.unige.ch\m-HumanNeuronLab\ANALYSIS\FLM\Analysis_LoraFanda\01_FBM_Analysis\outputs\04_ersp_LM_RAWONLY\EL044\LM\ERSP_matrix\audio\EL044_audio_CAR_ERSP_T8_TN.npy,0.0045994832041343,0.05328165374677,True,806,6,0.046881102,6
EL045,audio,LM,A_L10,\\nasac-m2.unige.ch\m-HumanNeuronLab\ANALYSIS\FLM\Analysis_LoraFanda\01_FBM_Analysis\outputs\04_ersp_LM_RAWONLY\EL045\LM\ERSP_matrix\audio\EL045_audio_WM_ERSP_A_L10_TN.npy,0.107906976744186,0.0192764857881136,True,807,9,0.080713734,9
EL045,audio,LM,A_L11,\\nasac-m2.unige.ch\m-HumanNeuronLab\ANALYSIS\FLM\Analysis_LoraFanda\01_FBM_Analysis\outputs\04_ersp_LM_RAWONLY\EL045\LM\ERSP_matrix\audio\EL045_audio_WM_ERSP_A_L11_TN.npy,0.2653488372093023,0.0488372093023255,True,808,9,0.050326563,9
EL045,audio,LM,A_L8,\\nasac-m2.unige.ch\m-HumanNeuronLab\ANALYSIS\FLM\Analysis_LoraFanda\01_FBM_Analysis\outputs\04_ersp_LM_RAWONLY\EL045\LM\ERSP_matrix\audio\EL045_audio_WM_ERSP_A_L8_TN.npy,0.0356072351421188,0.0215762273901808,True,809,9,0.101572886,9
EL045,audio,LM,A_L9,\\nasac-m2.unige.ch\m-HumanNeuronLab\ANALYSIS\FLM\Analysis_LoraFanda\01_FBM_Analysis\outputs\04_ersp_LM_RAWONLY\EL045\LM\ERSP_matrix\audio\EL045_audio_WM_ERSP_A_L9_TN.npy,0.0614470284237726,0.0201550387596899,True,810,9,0.091959216,9
EL045,audio,LM,A_R12,\\nasac-m2.unige.ch\m-HumanNeuronLab\ANALYSIS\FLM\Analysis_LoraFanda\01_FBM_Analysis\outputs\04_ersp_LM_RAWONLY\EL045\LM\ERSP_matrix\audio\EL045_audio_WM_ERSP_A_R12_TN.npy,0.0242118863049095,0.001937984496124,True,811,9,0.091519274,9
EL045,audio,LM,A_R14,\\nasac-m2.unige.ch\m-HumanNeuronLab\ANALYSIS\FLM\Analysis_LoraFanda\01_FBM_Analysis\outputs\04_ersp_LM_RAWONLY\EL045\LM\ERSP_matrix\audio\EL045_audio_WM_ERSP_A_R14_TN.npy,0.0574935400516795,0.0056847545219638,True,812,9,0.109197706,9
EL045,audio,LM,A_R4,\\nasac-m2.unige.ch\m-HumanNeuronLab\ANALYSIS\FLM\Analysis_LoraFanda\01_FBM_Analysis\outputs\04_ersp_LM_RAWONLY\EL045\LM\ERSP_matrix\audio\EL045_audio_WM_ERSP_A_R4_TN.npy,0.0222997416020671,0.0026356589147286,True,813,5,0.045685645,5
EL045,audio,LM,A_R6,\\nasac-m2.unige.ch\m-HumanNeuronLab\ANALYSIS\FLM\Analysis_LoraFanda\01_FBM_Analysis\outputs\04_ersp_LM_RAWONLY\EL045\LM\ERSP_matrix\audio\EL045_audio_WM_ERSP_A_R6_TN.npy,0.0220413436692506,0.0017054263565891,True,814,5,0.003555617,5
EL045,audio,LM,A_R7,\\nasac-m2.unige.ch\m-HumanNeuronLab\ANALYSIS\FLM\Analysis_LoraFanda\01_FBM_Analysis\outputs\04_ersp_LM_RAWONLY\EL045\LM\ERSP_matrix\audio\EL045_audio_WM_ERSP_A_R7_TN.npy,0.0245219638242894,0.0044444444444444,True,815,9,0.088302076,9
EL045,audio,LM,aH_L11,\\nasac-m2.unige.ch\m-HumanNeuronLab\ANALYSIS\FLM\Analysis_LoraFanda\01_FBM_Analysis\outputs\04_ersp_LM_RAWONLY\EL045\LM\ERSP_matrix\audio\EL045_audio_WM_ERSP_aH_L11_TN.npy,0.021188630490956,0.0012919896640826,True,816,9,0.05304612,9
EL045,audio,LM,aH_L12,\\nasac-m2.unige.ch\m-HumanNeuronLab\ANALYSIS\FLM\Analysis_LoraFanda\01_FBM_Analysis\outputs\04_ersp_LM_RAWONLY\EL045\LM\ERSP_matrix\audio\EL045_audio_WM_ERSP_aH_L12_TN.npy,0.0808010335917312,0.0043669250645994,True,817,9,0.1620403,9
EL045,audio,LM,aH_R10,\\nasac-m2.unige.ch\m-HumanNeuronLab\ANALYSIS\FLM\Analysis_LoraFanda\01_FBM_Analysis\outputs\04_ersp_LM_RAWONLY\EL045\LM\ERSP_matrix\audio\EL045_audio_WM_ERSP_aH_R10_TN.npy,0.0216279069767441,0.006485788113695,True,818,9,0.07890623,9
EL045,audio,LM,aH_R11,\\nasac-m2.unige.ch\m-HumanNeuronLab\ANALYSIS\FLM\Analysis_LoraFanda\01_FBM_Analysis\outputs\04_ersp_LM_RAWONLY\EL045\LM\ERSP_matrix\audio\EL045_audio_WM_ERSP_aH_R11_TN.npy,0.0324289405684754,0.0058397932816537,True,819,9,0.112416536,9
EL045,audio,LM,aH_R12,\\nasac-m2.unige.ch\m-HumanNeuronLab\ANALYSIS\FLM\Analysis_LoraFanda\01_FBM_Analysis\outputs\04_ersp_LM_RAWONLY\EL045\LM\ERSP_matrix\audio\EL045_audio_WM_ERSP_aH_R12_TN.npy,0.0778552971576227,0.0082170542635658,True,820,9,0.052019328,9
EL045,audio,LM,aH_R13,\\nasac-m2.unige.ch\m-HumanNeuronLab\ANALYSIS\FLM\Analysis_LoraFanda\01_FBM_Analysis\outputs\04_ersp_LM_RAWONLY\EL045\LM\ERSP_matrix\audio\EL045_audio_WM_ERSP_aH_R13_TN.npy,0.1123255813953488,0.0246770025839793,True,821,9,0.09736397,9
EL045,audio,LM,aH_R5,\\nasac-m2.unige.ch\m-HumanNeuronLab\ANALYSIS\FLM\Analysis_LoraFanda\01_FBM_Analysis\outputs\04_ersp_LM_RAWONLY\EL045\LM\ERSP_matrix\audio\EL045_audio_WM_ERSP_aH_R5_TN.npy,0.038501291989664,0.0015762273901808,True,822,5,0.039038558,5
EL045,audio,LM,aH_R6,\\nasac-m2.unige.ch\m-HumanNeuronLab\ANALYSIS\FLM\Analysis_LoraFanda\01_FBM_Analysis\outputs\04_ersp_LM_RAWONLY\EL045\LM\ERSP_matrix\audio\EL045_audio_WM_ERSP_aH_R6_TN.npy,0.0282428940568475,0.0029198966408268,True,823,5,0.03554,5
EL045,audio,LM,aH_R7,\\nasac-m2.unige.ch\m-HumanNeuronLab\ANALYSIS\FLM\Analysis_LoraFanda\01_FBM_Analysis\outputs\04_ersp_LM_RAWONLY\EL045\LM\ERSP_matrix\audio\EL045_audio_WM_ERSP_aH_R7_TN.npy,0.0313953488372093,0.0015503875968992,True,824,9,0.05165719,9
EL045,audio,LM,aH_R9,\\nasac-m2.unige.ch\m-HumanNeuronLab\ANALYSIS\FLM\Analysis_LoraFanda\01_FBM_Analysis\outputs\04_ersp_LM_RAWONLY\EL045\LM\ERSP_matrix\audio\EL045_audio_WM_ERSP_aH_R9_TN.npy,0.034625322997416,0.003875968992248,True,825,9,0.072767794,9
EL045,audio,LM,EntG_L10,\\nasac-m2.unige.ch\m-HumanNeuronLab\ANALYSIS\FLM\Analysis_LoraFanda\01_FBM_Analysis\outputs\04_ersp_LM_RAWONLY\EL045\LM\ERSP_matrix\audio\EL045_audio_WM_ERSP_EntG_L10_TN.npy,0.0460723514211886,0.0546511627906976,True,826,2,0.040837247,2
EL045,audio,LM,EntG_L11,\\nasac-m2.unige.ch\m-HumanNeuronLab\ANALYSIS\FLM\Analysis_LoraFanda\01_FBM_Analysis\outputs\04_ersp_LM_RAWONLY\EL045\LM\ERSP_matrix\audio\EL045_audio_WM_ERSP_EntG_L11_TN.npy,0.1240826873385013,0.0870025839793281,True,827,2,0.03880502,2
EL045,audio,LM,EntG_L4,\\nasac-m2.unige.ch\m-HumanNeuronLab\ANALYSIS\FLM\Analysis_LoraFanda\01_FBM_Analysis\outputs\04_ersp_LM_RAWONLY\EL045\LM\ERSP_matrix\audio\EL045_audio_WM_ERSP_EntG_L4_TN.npy,0.026640826873385,0.0198966408268733,True,828,9,0.10783293,9
EL045,audio,LM,EntG_L5,\\nasac-m2.unige.ch\m-HumanNeuronLab\ANALYSIS\FLM\Analysis_LoraFanda\01_FBM_Analysis\outputs\04_ersp_LM_RAWONLY\EL045\LM\ERSP_matrix\audio\EL045_audio_WM_ERSP_EntG_L5_TN.npy,0.0336692506459948,0.015891472868217,True,829,9,0.10357295,9
EL045,audio,LM,EntG_L6,\\nasac-m2.unige.ch\m-HumanNeuronLab\ANALYSIS\FLM\Analysis_LoraFanda\01_FBM_Analysis\outputs\04_ersp_LM_RAWONLY\EL045\LM\ERSP_matrix\audio\EL045_audio_WM_ERSP_EntG_L6_TN.npy,0.0253229974160206,0.0172868217054263,True,830,9,0.09502603,9
EL045,audio,LM,EntG_L8,\\nasac-m2.unige.ch\m-HumanNeuronLab\ANALYSIS\FLM\Analysis_LoraFanda\01_FBM_Analysis\outputs\04_ersp_LM_RAWONLY\EL045\LM\ERSP_matrix\audio\EL045_audio_WM_ERSP_EntG_L8_TN.npy,0.0304134366925064,0.0320930232558139,True,831,2,0.037070084,2
EL045,audio,LM,EntG_L9,\\nasac-m2.unige.ch\m-HumanNeuronLab\ANALYSIS\FLM\Analysis_LoraFanda\01_FBM_Analysis\outputs\04_ersp_LM_RAWONLY\EL045\LM\ERSP_matrix\audio\EL045_audio_WM_ERSP_EntG_L9_TN.npy,0.0435142118863049,0.0567183462532299,True,832,2,0.06092367,2
EL045,audio,LM,pH_L11,\\nasac-m2.unige.ch\m-HumanNeuronLab\ANALYSIS\FLM\Analysis_LoraFanda\01_FBM_Analysis\outputs\04_ersp_LM_RAWONLY\EL045\LM\ERSP_matrix\audio\EL045_audio_WM_ERSP_pH_L11_TN.npy,0.0227906976744186,0.001188630490956,True,833,5,0.058357738,5
EL045,audio,LM,pH_L12,\\nasac-m2.unige.ch\m-HumanNeuronLab\ANALYSIS\FLM\Analysis_LoraFanda\01_FBM_Analysis\outputs\04_ersp_LM_RAWONLY\EL045\LM\ERSP_matrix\audio\EL045_audio_WM_ERSP_pH_L12_TN.npy,0.0211369509043927,0.0011111111111111,True,834,5,0.007595107,5
EL045,audio,LM,pH_L13,\\nasac-m2.unige.ch\m-HumanNeuronLab\ANALYSIS\FLM\Analysis_LoraFanda\01_FBM_Analysis\outputs\04_ersp_LM_RAWONLY\EL045\LM\ERSP_matrix\audio\EL045_audio_WM_ERSP_pH_L13_TN.npy,0.0462273901808785,0.0017312661498708,True,835,7,-0.028850399,7
EL045,audio,LM,pH_L14,\\nasac-m2.unige.ch\m-HumanNeuronLab\ANALYSIS\FLM\Analysis_LoraFanda\01_FBM_Analysis\outputs\04_ersp_LM_RAWONLY\EL045\LM\ERSP_matrix\audio\EL045_audio_WM_ERSP_pH_L14_TN.npy,0.0571317829457364,0.0005684754521963,True,836,9,0.07345145,9
EL045,audio,LM,pH_L15,\\nasac-m2.unige.ch\m-HumanNeuronLab\ANALYSIS\FLM\Analysis_LoraFanda\01_FBM_Analysis\outputs\04_ersp_LM_RAWONLY\EL045\LM\ERSP_matrix\audio\EL045_audio_WM_ERSP_pH_L15_TN.npy,0.1819638242894057,0.0043927648578811,True,837,9,0.10820495,9
EL045,audio,LM,PlaT_L2,\\nasac-m2.unige.ch\m-HumanNeuronLab\ANALYSIS\FLM\Analysis_LoraFanda\01_FBM_Analysis\outputs\04_ersp_LM_RAWONLY\EL045\LM\ERSP_matrix\audio\EL045_audio_WM_ERSP_PlaT_L2_TN.npy,0.097312661498708,0.0211369509043927,True,838,8,0.037655327,8
EL045,audio,LM,PlaT_L5,\\nasac-m2.unige.ch\m-HumanNeuronLab\ANALYSIS\FLM\Analysis_LoraFanda\01_FBM_Analysis\outputs\04_ersp_LM_RAWONLY\EL045\LM\ERSP_matrix\audio\EL045_audio_WM_ERSP_PlaT_L5_TN.npy,0.0643669250645994,0.0086304909560723,True,839,9,0.0904008,9
EL045,audio,LM,PlaT_L6,\\nasac-m2.unige.ch\m-HumanNeuronLab\ANALYSIS\FLM\Analysis_LoraFanda\01_FBM_Analysis\outputs\04_ersp_LM_RAWONLY\EL045\LM\ERSP_matrix\audio\EL045_audio_WM_ERSP_PlaT_L6_TN.npy,0.1008268733850129,0.0223772609819121,True,840,9,0.13232598,9
EL045,audio,LM,STG_L1,\\nasac-m2.unige.ch\m-HumanNeuronLab\ANALYSIS\FLM\Analysis_LoraFanda\01_FBM_Analysis\outputs\04_ersp_LM_RAWONLY\EL045\LM\ERSP_matrix\audio\EL045_audio_WM_ERSP_STG_L1_TN.npy,0.043204134366925,0.006640826873385,True,841,7,0.011837912,7
EL045,audio,LM,STG_L2,\\nasac-m2.unige.ch\m-HumanNeuronLab\ANALYSIS\FLM\Analysis_LoraFanda\01_FBM_Analysis\outputs\04_ersp_LM_RAWONLY\EL045\LM\ERSP_matrix\audio\EL045_audio_WM_ERSP_STG_L2_TN.npy,0.0259173126614987,0.0056330749354005,True,842,7,0.016317181,7
EL045,audio,LM,STG_L3,\\nasac-m2.unige.ch\m-HumanNeuronLab\ANALYSIS\FLM\Analysis_LoraFanda\01_FBM_Analysis\outputs\04_ersp_LM_RAWONLY\EL045\LM\ERSP_matrix\audio\EL045_audio_WM_ERSP_STG_L3_TN.npy,0.0448320413436692,0.0016020671834625,True,843,1,-0.051642578,1
EL045,audio,LM,STG_L4,\\nasac-m2.unige.ch\m-HumanNeuronLab\ANALYSIS\FLM\Analysis_LoraFanda\01_FBM_Analysis\outputs\04_ersp_LM_RAWONLY\EL045\LM\ERSP_matrix\audio\EL045_audio_WM_ERSP_STG_L4_TN.npy,0.0404392764857881,0.0049612403100775,True,844,1,-0.015661726,1
EL045,audio,LM,STG_L5,\\nasac-m2.unige.ch\m-HumanNeuronLab\ANALYSIS\FLM\Analysis_LoraFanda\01_FBM_Analysis\outputs\04_ersp_LM_RAWONLY\EL045\LM\ERSP_matrix\audio\EL045_audio_WM_ERSP_STG_L5_TN.npy,0.021266149870801,0.0046511627906976,True,845,5,0.048646558,5
EL045,audio,LM,STG_L6,\\nasac-m2.unige.ch\m-HumanNeuronLab\ANALYSIS\FLM\Analysis_LoraFanda\01_FBM_Analysis\outputs\04_ersp_LM_RAWONLY\EL045\LM\ERSP_matrix\audio\EL045_audio_WM_ERSP_STG_L6_TN.npy,0.0422480620155038,0.0023255813953488,True,846,5,0.07663018,5
EL045,audio,LM,STG_L7,\\nasac-m2.unige.ch\m-HumanNeuronLab\ANALYSIS\FLM\Analysis_LoraFanda\01_FBM_Analysis\outputs\04_ersp_LM_RAWONLY\EL045\LM\ERSP_matrix\audio\EL045_audio_WM_ERSP_STG_L7_TN.npy,0.029328165374677,0.0084754521963824,True,847,5,0.03853877,5
EL045,audio,LM,STG_L9,\\nasac-m2.unige.ch\m-HumanNeuronLab\ANALYSIS\FLM\Analysis_LoraFanda\01_FBM_Analysis\outputs\04_ersp_LM_RAWONLY\EL045\LM\ERSP_matrix\audio\EL045_audio_WM_ERSP_STG_L9_TN.npy,0.1029198966408268,0.0151937984496124,True,848,9,0.14180759,9
EL045,audio,LM,TTG_L1,\\nasac-m2.unige.ch\m-HumanNeuronLab\ANALYSIS\FLM\Analysis_LoraFanda\01_FBM_Analysis\outputs\04_ersp_LM_RAWONLY\EL045\LM\ERSP_matrix\audio\EL045_audio_WM_ERSP_TTG_L1_TN.npy,0.035968992248062,0.0043152454780361,True,849,7,-0.015604498,7
EL045,audio,LM,TTG_L2,\\nasac-m2.unige.ch\m-HumanNeuronLab\ANALYSIS\FLM\Analysis_LoraFanda\01_FBM_Analysis\outputs\04_ersp_LM_RAWONLY\EL045\LM\ERSP_matrix\audio\EL045_audio_WM_ERSP_TTG_L2_TN.npy,0.0319638242894056,0.0017054263565891,True,850,5,0.076508485,5
EL045,audio,LM,TTG_L3,\\nasac-m2.unige.ch\m-HumanNeuronLab\ANALYSIS\FLM\Analysis_LoraFanda\01_FBM_Analysis\outputs\04_ersp_LM_RAWONLY\EL045\LM\ERSP_matrix\audio\EL045_audio_WM_ERSP_TTG_L3_TN.npy,0.0300516795865633,0.0015245478036175,True,851,5,0.07131452,5
EL045,audio,LM,TTG_L4,\\nasac-m2.unige.ch\m-HumanNeuronLab\ANALYSIS\FLM\Analysis_LoraFanda\01_FBM_Analysis\outputs\04_ersp_LM_RAWONLY\EL045\LM\ERSP_matrix\audio\EL045_audio_WM_ERSP_TTG_L4_TN.npy,0.0423255813953488,0.002609819121447,True,852,1,-0.057354085,1
EL045,audio,LM,TTG_L5,\\nasac-m2.unige.ch\m-HumanNeuronLab\ANALYSIS\FLM\Analysis_LoraFanda\01_FBM_Analysis\outputs\04_ersp_LM_RAWONLY\EL045\LM\ERSP_matrix\audio\EL045_audio_WM_ERSP_TTG_L5_TN.npy,0.1289922480620155,0.0030749354005167,True,853,1,0.10230501,1
EL045,audio,LM,TTG_L6,\\nasac-m2.unige.ch\m-HumanNeuronLab\ANALYSIS\FLM\Analysis_LoraFanda\01_FBM_Analysis\outputs\04_ersp_LM_RAWONLY\EL045\LM\ERSP_matrix\audio\EL045_audio_WM_ERSP_TTG_L6_TN.npy,0.0336950904392764,0.0030232558139534,True,854,7,0.057143938,7
EL045,picture,LM,A_L10,\\nasac-m2.unige.ch\m-HumanNeuronLab\ANALYSIS\FLM\Analysis_LoraFanda\01_FBM_Analysis\outputs\04_ersp_LM_RAWONLY\EL045\LM\ERSP_matrix\picture\EL045_picture_WM_ERSP_A_L10_TN.npy,0.0851421188630491,0.0258656330749354,True,855,2,0.11212949,2
EL045,picture,LM,A_L11,\\nasac-m2.unige.ch\m-HumanNeuronLab\ANALYSIS\FLM\Analysis_LoraFanda\01_FBM_Analysis\outputs\04_ersp_LM_RAWONLY\EL045\LM\ERSP_matrix\picture\EL045_picture_WM_ERSP_A_L11_TN.npy,0.2031266149870801,0.064547803617571,True,856,2,0.14324789,2
EL045,picture,LM,A_L1,\\nasac-m2.unige.ch\m-HumanNeuronLab\ANALYSIS\FLM\Analysis_LoraFanda\01_FBM_Analysis\outputs\04_ersp_LM_RAWONLY\EL045\LM\ERSP_matrix\picture\EL045_picture_WM_ERSP_A_L1_TN.npy,0.0353229974160206,0.0040568475452196,True,857,5,0.06632734,5
EL045,picture,LM,A_L2,\\nasac-m2.unige.ch\m-HumanNeuronLab\ANALYSIS\FLM\Analysis_LoraFanda\01_FBM_Analysis\outputs\04_ersp_LM_RAWONLY\EL045\LM\ERSP_matrix\picture\EL045_picture_WM_ERSP_A_L2_TN.npy,0.0293798449612403,0.0047286821705426,True,858,5,0.0747393,5
EL045,picture,LM,A_L3,\\nasac-m2.unige.ch\m-HumanNeuronLab\ANALYSIS\FLM\Analysis_LoraFanda\01_FBM_Analysis\outputs\04_ersp_LM_RAWONLY\EL045\LM\ERSP_matrix\picture\EL045_picture_WM_ERSP_A_L3_TN.npy,0.0314470284237726,0.0073643410852713,True,859,5,0.04282952,5
EL045,picture,LM,A_L4,\\nasac-m2.unige.ch\m-HumanNeuronLab\ANALYSIS\FLM\Analysis_LoraFanda\01_FBM_Analysis\outputs\04_ersp_LM_RAWONLY\EL045\LM\ERSP_matrix\picture\EL045_picture_WM_ERSP_A_L4_TN.npy,0.0319638242894056,0.0100258397932816,True,860,5,0.02474153,5
EL045,picture,LM,A_L5,\\nasac-m2.unige.ch\m-HumanNeuronLab\ANALYSIS\FLM\Analysis_LoraFanda\01_FBM_Analysis\outputs\04_ersp_LM_RAWONLY\EL045\LM\ERSP_matrix\picture\EL045_picture_WM_ERSP_A_L5_TN.npy,0.0267441860465116,0.0074160206718346,True,861,5,0.005241061,5
EL045,picture,LM,A_L6,\\nasac-m2.unige.ch\m-HumanNeuronLab\ANALYSIS\FLM\Analysis_LoraFanda\01_FBM_Analysis\outputs\04_ersp_LM_RAWONLY\EL045\LM\ERSP_matrix\picture\EL045_picture_WM_ERSP_A_L6_TN.npy,0.0302325581395348,0.0071834625322997,True,862,9,0.077001005,9
EL045,picture,LM,A_L8,\\nasac-m2.unige.ch\m-HumanNeuronLab\ANALYSIS\FLM\Analysis_LoraFanda\01_FBM_Analysis\outputs\04_ersp_LM_RAWONLY\EL045\LM\ERSP_matrix\picture\EL045_picture_WM_ERSP_A_L8_TN.npy,0.0390439276485788,0.0097416020671834,True,863,2,-0.027322114,2
EL045,picture,LM,A_L9,\\nasac-m2.unige.ch\m-HumanNeuronLab\ANALYSIS\FLM\Analysis_LoraFanda\01_FBM_Analysis\outputs\04_ersp_LM_RAWONLY\EL045\LM\ERSP_matrix\picture\EL045_picture_WM_ERSP_A_L9_TN.npy,0.0516795865633074,0.0165374677002583,True,864,2,0.04371408,2
EL045,picture,LM,A_R12,\\nasac-m2.unige.ch\m-HumanNeuronLab\ANALYSIS\FLM\Analysis_LoraFanda\01_FBM_Analysis\outputs\04_ersp_LM_RAWONLY\EL045\LM\ERSP_matrix\picture\EL045_picture_WM_ERSP_A_R12_TN.npy,0.0221963824289405,0.006485788113695,True,865,9,0.084275484,9
EL045,picture,LM,A_R14,\\nasac-m2.unige.ch\m-HumanNeuronLab\ANALYSIS\FLM\Analysis_LoraFanda\01_FBM_Analysis\outputs\04_ersp_LM_RAWONLY\EL045\LM\ERSP_matrix\picture\EL045_picture_WM_ERSP_A_R14_TN.npy,0.1073643410852713,0.0117571059431524,True,866,2,0.070813894,2
EL045,picture,LM,A_R1,\\nasac-m2.unige.ch\m-HumanNeuronLab\ANALYSIS\FLM\Analysis_LoraFanda\01_FBM_Analysis\outputs\04_ersp_LM_RAWONLY\EL045\LM\ERSP_matrix\picture\EL045_picture_WM_ERSP_A_R1_TN.npy,0.0285271317829457,0.000516795865633,True,867,0,-0.012898985,0
EL045,picture,LM,A_R4,\\nasac-m2.unige.ch\m-HumanNeuronLab\ANALYSIS\FLM\Analysis_LoraFanda\01_FBM_Analysis\outputs\04_ersp_LM_RAWONLY\EL045\LM\ERSP_matrix\picture\EL045_picture_WM_ERSP_A_R4_TN.npy,0.0249354005167958,0.0019121447028423,True,868,9,0.021867163,9
EL045,picture,LM,A_R5,\\nasac-m2.unige.ch\m-HumanNeuronLab\ANALYSIS\FLM\Analysis_LoraFanda\01_FBM_Analysis\outputs\04_ersp_LM_RAWONLY\EL045\LM\ERSP_matrix\picture\EL045_picture_WM_ERSP_A_R5_TN.npy,0.0297932816537467,0.001266149870801,True,869,5,0.03585059,5
EL045,picture,LM,A_R6,\\nasac-m2.unige.ch\m-HumanNeuronLab\ANALYSIS\FLM\Analysis_LoraFanda\01_FBM_Analysis\outputs\04_ersp_LM_RAWONLY\EL045\LM\ERSP_matrix\picture\EL045_picture_WM_ERSP_A_R6_TN.npy,0.0319121447028423,0.0018863049095607,True,870,9,0.07341795,9
EL045,picture,LM,A_R7,\\nasac-m2.unige.ch\m-HumanNeuronLab\ANALYSIS\FLM\Analysis_LoraFanda\01_FBM_Analysis\outputs\04_ersp_LM_RAWONLY\EL045\LM\ERSP_matrix\picture\EL045_picture_WM_ERSP_A_R7_TN.npy,0.0310852713178294,0.0065374677002583,True,871,2,-0.008254085,2
EL045,picture,LM,aH_L11,\\nasac-m2.unige.ch\m-HumanNeuronLab\ANALYSIS\FLM\Analysis_LoraFanda\01_FBM_Analysis\outputs\04_ersp_LM_RAWONLY\EL045\LM\ERSP_matrix\picture\EL045_picture_WM_ERSP_aH_L11_TN.npy,0.0251937984496124,0.0014987080103359,True,872,5,-0.008581329,5
EL045,picture,LM,aH_L12,\\nasac-m2.unige.ch\m-HumanNeuronLab\ANALYSIS\FLM\Analysis_LoraFanda\01_FBM_Analysis\outputs\04_ersp_LM_RAWONLY\EL045\LM\ERSP_matrix\picture\EL045_picture_WM_ERSP_aH_L12_TN.npy,0.0741343669250646,0.0021188630490956,True,873,2,-0.07262732,2
EL045,picture,LM,aH_R10,\\nasac-m2.unige.ch\m-HumanNeuronLab\ANALYSIS\FLM\Analysis_LoraFanda\01_FBM_Analysis\outputs\04_ersp_LM_RAWONLY\EL045\LM\ERSP_matrix\picture\EL045_picture_WM_ERSP_aH_R10_TN.npy,0.0402067183462532,0.0070801033591731,True,874,2,0.026077468,2
EL045,picture,LM,aH_R11,\\nasac-m2.unige.ch\m-HumanNeuronLab\ANALYSIS\FLM\Analysis_LoraFanda\01_FBM_Analysis\outputs\04_ersp_LM_RAWONLY\EL045\LM\ERSP_matrix\picture\EL045_picture_WM_ERSP_aH_R11_TN.npy,0.0383979328165374,0.009173126614987,True,875,2,0.00131199,2
EL045,picture,LM,aH_R12,\\nasac-m2.unige.ch\m-HumanNeuronLab\ANALYSIS\FLM\Analysis_LoraFanda\01_FBM_Analysis\outputs\04_ersp_LM_RAWONLY\EL045\LM\ERSP_matrix\picture\EL045_picture_WM_ERSP_aH_R12_TN.npy,0.0766149870801033,0.0120930232558139,True,876,2,0.10995744,2
EL045,picture,LM,aH_R13,\\nasac-m2.unige.ch\m-HumanNeuronLab\ANALYSIS\FLM\Analysis_LoraFanda\01_FBM_Analysis\outputs\04_ersp_LM_RAWONLY\EL045\LM\ERSP_matrix\picture\EL045_picture_WM_ERSP_aH_R13_TN.npy,0.1370801033591731,0.0242377260981912,True,877,2,0.15599157,2
EL045,picture,LM,aH_R5,\\nasac-m2.unige.ch\m-HumanNeuronLab\ANALYSIS\FLM\Analysis_LoraFanda\01_FBM_Analysis\outputs\04_ersp_LM_RAWONLY\EL045\LM\ERSP_matrix\picture\EL045_picture_WM_ERSP_aH_R5_TN.npy,0.0209560723514211,0.0021447028423772,True,878,9,0.04697502,9
EL045,picture,LM,aH_R6,\\nasac-m2.unige.ch\m-HumanNeuronLab\ANALYSIS\FLM\Analysis_LoraFanda\01_FBM_Analysis\outputs\04_ersp_LM_RAWONLY\EL045\LM\ERSP_matrix\picture\EL045_picture_WM_ERSP_aH_R6_TN.npy,0.0308785529715762,0.0018087855297157,True,879,9,0.07094662,9
EL045,picture,LM,aH_R7,\\nasac-m2.unige.ch\m-HumanNeuronLab\ANALYSIS\FLM\Analysis_LoraFanda\01_FBM_Analysis\outputs\04_ersp_LM_RAWONLY\EL045\LM\ERSP_matrix\picture\EL045_picture_WM_ERSP_aH_R7_TN.npy,0.0337209302325581,0.0047545219638242,True,880,2,-0.02640512,2
EL045,picture,LM,aH_R9,\\nasac-m2.unige.ch\m-HumanNeuronLab\ANALYSIS\FLM\Analysis_LoraFanda\01_FBM_Analysis\outputs\04_ersp_LM_RAWONLY\EL045\LM\ERSP_matrix\picture\EL045_picture_WM_ERSP_aH_R9_TN.npy,0.0409043927648578,0.0101033591731266,True,881,2,0.028873488,2
EL045,picture,LM,EntG_L10,\\nasac-m2.unige.ch\m-HumanNeuronLab\ANALYSIS\FLM\Analysis_LoraFanda\01_FBM_Analysis\outputs\04_ersp_LM_RAWONLY\EL045\LM\ERSP_matrix\picture\EL045_picture_WM_ERSP_EntG_L10_TN.npy,0.0471834625322997,0.067906976744186,True,882,2,0.14291665,2
EL045,picture,LM,EntG_L11,\\nasac-m2.unige.ch\m-HumanNeuronLab\ANALYSIS\FLM\Analysis_LoraFanda\01_FBM_Analysis\outputs\04_ersp_LM_RAWONLY\EL045\LM\ERSP_matrix\picture\EL045_picture_WM_ERSP_EntG_L11_TN.npy,0.1265374677002584,0.1315245478036175,True,883,2,0.20902035,2
EL045,picture,LM,EntG_L1,\\nasac-m2.unige.ch\m-HumanNeuronLab\ANALYSIS\FLM\Analysis_LoraFanda\01_FBM_Analysis\outputs\04_ersp_LM_RAWONLY\EL045\LM\ERSP_matrix\picture\EL045_picture_WM_ERSP_EntG_L1_TN.npy,0.0202583979328165,0.0063307493540051,True,884,5,0.01402393,5
EL045,picture,LM,EntG_L2,\\nasac-m2.unige.ch\m-HumanNeuronLab\ANALYSIS\FLM\Analysis_LoraFanda\01_FBM_Analysis\outputs\04_ersp_LM_RAWONLY\EL045\LM\ERSP_matrix\picture\EL045_picture_WM_ERSP_EntG_L2_TN.npy,0.0404134366925064,0.0102325581395348,True,885,0,-0.019258134,0
EL045,picture,LM,EntG_L3,\\nasac-m2.unige.ch\m-HumanNeuronLab\ANALYSIS\FLM\Analysis_LoraFanda\01_FBM_Analysis\outputs\04_ersp_LM_RAWONLY\EL045\LM\ERSP_matrix\picture\EL045_picture_WM_ERSP_EntG_L3_TN.npy,0.0261240310077519,0.0062790697674418,True,886,5,0.003327094,5
EL045,picture,LM,EntG_L4,\\nasac-m2.unige.ch\m-HumanNeuronLab\ANALYSIS\FLM\Analysis_LoraFanda\01_FBM_Analysis\outputs\04_ersp_LM_RAWONLY\EL045\LM\ERSP_matrix\picture\EL045_picture_WM_ERSP_EntG_L4_TN.npy,0.0410594315245478,0.0133333333333333,True,887,2,0.004689146,2
EL045,picture,LM,EntG_L5,\\nasac-m2.unige.ch\m-HumanNeuronLab\ANALYSIS\FLM\Analysis_LoraFanda\01_FBM_Analysis\outputs\04_ersp_LM_RAWONLY\EL045\LM\ERSP_matrix\picture\EL045_picture_WM_ERSP_EntG_L5_TN.npy,0.0301808785529715,0.0177777777777777,True,888,2,0.05771663,2
EL045,picture,LM,EntG_L6,\\nasac-m2.unige.ch\m-HumanNeuronLab\ANALYSIS\FLM\Analysis_LoraFanda\01_FBM_Analysis\outputs\04_ersp_LM_RAWONLY\EL045\LM\ERSP_matrix\picture\EL045_picture_WM_ERSP_EntG_L6_TN.npy,0.0243927648578811,0.0175710594315245,True,889,2,0.07420527,2
EL045,picture,LM,EntG_L7,\\nasac-m2.unige.ch\m-HumanNeuronLab\ANALYSIS\FLM\Analysis_LoraFanda\01_FBM_Analysis\outputs\04_ersp_LM_RAWONLY\EL045\LM\ERSP_matrix\picture\EL045_picture_WM_ERSP_EntG_L7_TN.npy,0.0230232558139534,0.0270284237726098,True,890,2,0.127232,2
EL045,picture,LM,EntG_L8,\\nasac-m2.unige.ch\m-HumanNeuronLab\ANALYSIS\FLM\Analysis_LoraFanda\01_FBM_Analysis\outputs\04_ersp_LM_RAWONLY\EL045\LM\ERSP_matrix\picture\EL045_picture_WM_ERSP_EntG_L8_TN.npy,0.0309819121447028,0.0367441860465116,True,891,2,0.11977446,2
EL045,picture,LM,EntG_L9,\\nasac-m2.unige.ch\m-HumanNeuronLab\ANALYSIS\FLM\Analysis_LoraFanda\01_FBM_Analysis\outputs\04_ersp_LM_RAWONLY\EL045\LM\ERSP_matrix\picture\EL045_picture_WM_ERSP_EntG_L9_TN.npy,0.0389664082687338,0.0580878552971576,True,892,2,0.1084676,2
EL045,picture,LM,pH_L10,\\nasac-m2.unige.ch\m-HumanNeuronLab\ANALYSIS\FLM\Analysis_LoraFanda\01_FBM_Analysis\outputs\04_ersp_LM_RAWONLY\EL045\LM\ERSP_matrix\picture\EL045_picture_WM_ERSP_pH_L10_TN.npy,0.0236950904392764,0.0010594315245478,True,893,7,-0.037268218,7
EL045,picture,LM,pH_L12,\\nasac-m2.unige.ch\m-HumanNeuronLab\ANALYSIS\FLM\Analysis_LoraFanda\01_FBM_Analysis\outputs\04_ersp_LM_RAWONLY\EL045\LM\ERSP_matrix\picture\EL045_picture_WM_ERSP_pH_L12_TN.npy,0.0211111111111111,0.0024806201550387,True,894,9,0.016727764,9
EL045,picture,LM,pH_L13,\\nasac-m2.unige.ch\m-HumanNeuronLab\ANALYSIS\FLM\Analysis_LoraFanda\01_FBM_Analysis\outputs\04_ersp_LM_RAWONLY\EL045\LM\ERSP_matrix\picture\EL045_picture_WM_ERSP_pH_L13_TN.npy,0.0308268733850129,0.0020671834625322,True,895,7,-0.029508164,7
EL045,picture,LM,pH_L14,\\nasac-m2.unige.ch\m-HumanNeuronLab\ANALYSIS\FLM\Analysis_LoraFanda\01_FBM_Analysis\outputs\04_ersp_LM_RAWONLY\EL045\LM\ERSP_matrix\picture\EL045_picture_WM_ERSP_pH_L14_TN.npy,0.0412144702842377,0.0011111111111111,True,896,9,0.11709744,9
EL045,picture,LM,pH_L15,\\nasac-m2.unige.ch\m-HumanNeuronLab\ANALYSIS\FLM\Analysis_LoraFanda\01_FBM_Analysis\outputs\04_ersp_LM_RAWONLY\EL045\LM\ERSP_matrix\picture\EL045_picture_WM_ERSP_pH_L15_TN.npy,0.1441085271317829,0.0048837209302325,True,897,2,0.019835798,2
EL045,picture,LM,pH_L5,\\nasac-m2.unige.ch\m-HumanNeuronLab\ANALYSIS\FLM\Analysis_LoraFanda\01_FBM_Analysis\outputs\04_ersp_LM_RAWONLY\EL045\LM\ERSP_matrix\picture\EL045_picture_WM_ERSP_pH_L5_TN.npy,0.0272093023255813,0.0010077519379844,True,898,7,0.0075264894,7
EL045,picture,LM,pH_L6,\\nasac-m2.unige.ch\m-HumanNeuronLab\ANALYSIS\FLM\Analysis_LoraFanda\01_FBM_Analysis\outputs\04_ersp_LM_RAWONLY\EL045\LM\ERSP_matrix\picture\EL045_picture_WM_ERSP_pH_L6_TN.npy,0.0201808785529715,0.0010852713178294,True,899,7,0.084008455,7
EL045,picture,LM,PlaT_L1,\\nasac-m2.unige.ch\m-HumanNeuronLab\ANALYSIS\FLM\Analysis_LoraFanda\01_FBM_Analysis\outputs\04_ersp_LM_RAWONLY\EL045\LM\ERSP_matrix\picture\EL045_picture_WM_ERSP_PlaT_L1_TN.npy,0.0320930232558139,0.0024289405684754,True,900,9,0.050277267,9
EL045,picture,LM,PlaT_L2,\\nasac-m2.unige.ch\m-HumanNeuronLab\ANALYSIS\FLM\Analysis_LoraFanda\01_FBM_Analysis\outputs\04_ersp_LM_RAWONLY\EL045\LM\ERSP_matrix\picture\EL045_picture_WM_ERSP_PlaT_L2_TN.npy,0.0290439276485788,0.0067958656330749,True,901,0,-0.00866299,0
EL045,picture,LM,PlaT_L4,\\nasac-m2.unige.ch\m-HumanNeuronLab\ANALYSIS\FLM\Analysis_LoraFanda\01_FBM_Analysis\outputs\04_ersp_LM_RAWONLY\EL045\LM\ERSP_matrix\picture\EL045_picture_WM_ERSP_PlaT_L4_TN.npy,0.028578811369509,0.0080361757105943,True,902,0,-0.008954869,0
EL045,picture,LM,PlaT_L5,\\nasac-m2.unige.ch\m-HumanNeuronLab\ANALYSIS\FLM\Analysis_LoraFanda\01_FBM_Analysis\outputs\04_ersp_LM_RAWONLY\EL045\LM\ERSP_matrix\picture\EL045_picture_WM_ERSP_PlaT_L5_TN.npy,0.082532299741602,0.0038242894056847,True,903,9,0.10951223,9
EL045,picture,LM,PlaT_L6,\\nasac-m2.unige.ch\m-HumanNeuronLab\ANALYSIS\FLM\Analysis_LoraFanda\01_FBM_Analysis\outputs\04_ersp_LM_RAWONLY\EL045\LM\ERSP_matrix\picture\EL045_picture_WM_ERSP_PlaT_L6_TN.npy,0.1133850129198966,0.0061240310077519,True,904,2,-0.042961664,2
EL045,picture,LM,STG_L1,\\nasac-m2.unige.ch\m-HumanNeuronLab\ANALYSIS\FLM\Analysis_LoraFanda\01_FBM_Analysis\outputs\04_ersp_LM_RAWONLY\EL045\LM\ERSP_matrix\picture\EL045_picture_WM_ERSP_STG_L1_TN.npy,0.0562532299741602,0.0045736434108527,True,905,9,0.05150759,9
EL045,picture,LM,STG_L2,\\nasac-m2.unige.ch\m-HumanNeuronLab\ANALYSIS\FLM\Analysis_LoraFanda\01_FBM_Analysis\outputs\04_ersp_LM_RAWONLY\EL045\LM\ERSP_matrix\picture\EL045_picture_WM_ERSP_STG_L2_TN.npy,0.0302842377260981,0.0047286821705426,True,906,7,0.0712845,7
EL045,picture,LM,STG_L3,\\nasac-m2.unige.ch\m-HumanNeuronLab\ANALYSIS\FLM\Analysis_LoraFanda\01_FBM_Analysis\outputs\04_ersp_LM_RAWONLY\EL045\LM\ERSP_matrix\picture\EL045_picture_WM_ERSP_STG_L3_TN.npy,0.0682687338501292,0.0010335917312661,True,907,1,-0.019312074,1
EL045,picture,LM,STG_L4,\\nasac-m2.unige.ch\m-HumanNeuronLab\ANALYSIS\FLM\Analysis_LoraFanda\01_FBM_Analysis\outputs\04_ersp_LM_RAWONLY\EL045\LM\ERSP_matrix\picture\EL045_picture_WM_ERSP_STG_L4_TN.npy,0.0387596899224806,0.0029198966408268,True,908,7,0.0836074,7
EL045,picture,LM,STG_L5,\\nasac-m2.unige.ch\m-HumanNeuronLab\ANALYSIS\FLM\Analysis_LoraFanda\01_FBM_Analysis\outputs\04_ersp_LM_RAWONLY\EL045\LM\ERSP_matrix\picture\EL045_picture_WM_ERSP_STG_L5_TN.npy,0.021937984496124,0.0011111111111111,True,909,7,0.073639326,7
EL045,picture,LM,STG_L6,\\nasac-m2.unige.ch\m-HumanNeuronLab\ANALYSIS\FLM\Analysis_LoraFanda\01_FBM_Analysis\outputs\04_ersp_LM_RAWONLY\EL045\LM\ERSP_matrix\picture\EL045_picture_WM_ERSP_STG_L6_TN.npy,0.0322222222222222,0.0042118863049095,True,910,7,0.04693117,7
EL045,picture,LM,STG_L7,\\nasac-m2.unige.ch\m-HumanNeuronLab\ANALYSIS\FLM\Analysis_LoraFanda\01_FBM_Analysis\outputs\04_ersp_LM_RAWONLY\EL045\LM\ERSP_matrix\picture\EL045_picture_WM_ERSP_STG_L7_TN.npy,0.035891472868217,0.0055038759689922,True,911,7,-0.0020417564,7
EL045,picture,LM,STG_L8,\\nasac-m2.unige.ch\m-HumanNeuronLab\ANALYSIS\FLM\Analysis_LoraFanda\01_FBM_Analysis\outputs\04_ersp_LM_RAWONLY\EL045\LM\ERSP_matrix\picture\EL045_picture_WM_ERSP_STG_L8_TN.npy,0.0265116279069767,0.0034366925064599,True,912,7,-0.027323453,7
EL045,picture,LM,STG_L9,\\nasac-m2.unige.ch\m-HumanNeuronLab\ANALYSIS\FLM\Analysis_LoraFanda\01_FBM_Analysis\outputs\04_ersp_LM_RAWONLY\EL045\LM\ERSP_matrix\picture\EL045_picture_WM_ERSP_STG_L9_TN.npy,0.0971059431524547,0.005297157622739,True,913,2,-0.06478859,2
EL045,picture,LM,TTG_L1,\\nasac-m2.unige.ch\m-HumanNeuronLab\ANALYSIS\FLM\Analysis_LoraFanda\01_FBM_Analysis\outputs\04_ersp_LM_RAWONLY\EL045\LM\ERSP_matrix\picture\EL045_picture_WM_ERSP_TTG_L1_TN.npy,0.0358397932816537,0.0007493540051679,True,914,5,0.09240394,5
EL045,picture,LM,TTG_L2,\\nasac-m2.unige.ch\m-HumanNeuronLab\ANALYSIS\FLM\Analysis_LoraFanda\01_FBM_Analysis\outputs\04_ersp_LM_RAWONLY\EL045\LM\ERSP_matrix\picture\EL045_picture_WM_ERSP_TTG_L2_TN.npy,0.049250645994832,0.0008527131782945,True,915,5,0.053665865,5
EL045,picture,LM,TTG_L3,\\nasac-m2.unige.ch\m-HumanNeuronLab\ANALYSIS\FLM\Analysis_LoraFanda\01_FBM_Analysis\outputs\04_ersp_LM_RAWONLY\EL045\LM\ERSP_matrix\picture\EL045_picture_WM_ERSP_TTG_L3_TN.npy,0.0482428940568475,0.0017054263565891,True,916,5,0.010269909,5
EL045,picture,LM,TTG_L4,\\nasac-m2.unige.ch\m-HumanNeuronLab\ANALYSIS\FLM\Analysis_LoraFanda\01_FBM_Analysis\outputs\04_ersp_LM_RAWONLY\EL045\LM\ERSP_matrix\picture\EL045_picture_WM_ERSP_TTG_L4_TN.npy,0.0715503875968992,0.001937984496124,True,917,8,-0.011903146,8
EL045,picture,LM,TTG_L5,\\nasac-m2.unige.ch\m-HumanNeuronLab\ANALYSIS\FLM\Analysis_LoraFanda\01_FBM_Analysis\outputs\04_ersp_LM_RAWONLY\EL045\LM\ERSP_matrix\picture\EL045_picture_WM_ERSP_TTG_L5_TN.npy,0.1269250645994832,0.0010335917312661,True,918,8,0.01855283,8
EL045,picture,LM,TTG_L6,\\nasac-m2.unige.ch\m-HumanNeuronLab\ANALYSIS\FLM\Analysis_LoraFanda\01_FBM_Analysis\outputs\04_ersp_LM_RAWONLY\EL045\LM\ERSP_matrix\picture\EL045_picture_WM_ERSP_TTG_L6_TN.npy,0.0751421188630491,0.0053746770025839,True,919,9,0.07530992,9
EL045,picture,LM,TTG_L7,\\nasac-m2.unige.ch\m-HumanNeuronLab\ANALYSIS\FLM\Analysis_LoraFanda\01_FBM_Analysis\outputs\04_ersp_LM_RAWONLY\EL045\LM\ERSP_matrix\picture\EL045_picture_WM_ERSP_TTG_L7_TN.npy,0.0451679586563307,0.007312661498708,True,920,9,0.08043906,9
EL045,picture,LM,TTG_L8,\\nasac-m2.unige.ch\m-HumanNeuronLab\ANALYSIS\FLM\Analysis_LoraFanda\01_FBM_Analysis\outputs\04_ersp_LM_RAWONLY\EL045\LM\ERSP_matrix\picture\EL045_picture_WM_ERSP_TTG_L8_TN.npy,0.0385271317829457,0.0047028423772609,True,921,9,0.05653715,9
EL045,reading,LM,A_L10,\\nasac-m2.unige.ch\m-HumanNeuronLab\ANALYSIS\FLM\Analysis_LoraFanda\01_FBM_Analysis\outputs\04_ersp_LM_RAWONLY\EL045\LM\ERSP_matrix\reading\EL045_reading_WM_ERSP_A_L10_TN.npy,0.0544961240310077,0.0209302325581395,True,922,2,0.10922778,2
EL045,reading,LM,A_L11,\\nasac-m2.unige.ch\m-HumanNeuronLab\ANALYSIS\FLM\Analysis_LoraFanda\01_FBM_Analysis\outputs\04_ersp_LM_RAWONLY\EL045\LM\ERSP_matrix\reading\EL045_reading_WM_ERSP_A_L11_TN.npy,0.1401550387596899,0.0358397932816537,True,923,2,0.12702778,2
EL045,reading,LM,A_L1,\\nasac-m2.unige.ch\m-HumanNeuronLab\ANALYSIS\FLM\Analysis_LoraFanda\01_FBM_Analysis\outputs\04_ersp_LM_RAWONLY\EL045\LM\ERSP_matrix\reading\EL045_reading_WM_ERSP_A_L1_TN.npy,0.0241085271317829,0.0154780361757105,True,924,7,-0.029481098,7
EL045,reading,LM,A_L5,\\nasac-m2.unige.ch\m-HumanNeuronLab\ANALYSIS\FLM\Analysis_LoraFanda\01_FBM_Analysis\outputs\04_ersp_LM_RAWONLY\EL045\LM\ERSP_matrix\reading\EL045_reading_WM_ERSP_A_L5_TN.npy,0.0212403100775193,0.0168733850129198,True,925,2,-0.06801524,2
EL045,reading,LM,A_L6,\\nasac-m2.unige.ch\m-HumanNeuronLab\ANALYSIS\FLM\Analysis_LoraFanda\01_FBM_Analysis\outputs\04_ersp_LM_RAWONLY\EL045\LM\ERSP_matrix\reading\EL045_reading_WM_ERSP_A_L6_TN.npy,0.0277260981912144,0.0281912144702842,True,926,2,0.044303406,2
EL045,reading,LM,A_L8,\\nasac-m2.unige.ch\m-HumanNeuronLab\ANALYSIS\FLM\Analysis_LoraFanda\01_FBM_Analysis\outputs\04_ersp_LM_RAWONLY\EL045\LM\ERSP_matrix\reading\EL045_reading_WM_ERSP_A_L8_TN.npy,0.027829457364341,0.0322997416020671,True,927,2,0.11120967,2
EL045,reading,LM,A_L9,\\nasac-m2.unige.ch\m-HumanNeuronLab\ANALYSIS\FLM\Analysis_LoraFanda\01_FBM_Analysis\outputs\04_ersp_LM_RAWONLY\EL045\LM\ERSP_matrix\reading\EL045_reading_WM_ERSP_A_L9_TN.npy,0.0384754521963824,0.0302325581395348,True,928,2,0.12677623,2
EL045,reading,LM,A_R12,\\nasac-m2.unige.ch\m-HumanNeuronLab\ANALYSIS\FLM\Analysis_LoraFanda\01_FBM_Analysis\outputs\04_ersp_LM_RAWONLY\EL045\LM\ERSP_matrix\reading\EL045_reading_WM_ERSP_A_R12_TN.npy,0.0299483204134366,0.0043152454780361,True,929,9,0.100575134,9
EL045,reading,LM,A_R14,\\nasac-m2.unige.ch\m-HumanNeuronLab\ANALYSIS\FLM\Analysis_LoraFanda\01_FBM_Analysis\outputs\04_ersp_LM_RAWONLY\EL045\LM\ERSP_matrix\reading\EL045_reading_WM_ERSP_A_R14_TN.npy,0.0455038759689922,0.0053488372093023,True,930,2,-0.044214655,2
EL045,reading,LM,A_R4,\\nasac-m2.unige.ch\m-HumanNeuronLab\ANALYSIS\FLM\Analysis_LoraFanda\01_FBM_Analysis\outputs\04_ersp_LM_RAWONLY\EL045\LM\ERSP_matrix\reading\EL045_reading_WM_ERSP_A_R4_TN.npy,0.0396382428940568,0.0029198966408268,True,931,9,0.0868794,9
EL045,reading,LM,A_R5,\\nasac-m2.unige.ch\m-HumanNeuronLab\ANALYSIS\FLM\Analysis_LoraFanda\01_FBM_Analysis\outputs\04_ersp_LM_RAWONLY\EL045\LM\ERSP_matrix\reading\EL045_reading_WM_ERSP_A_R5_TN.npy,0.0354263565891472,0.0014987080103359,True,932,9,0.02320386,9
EL045,reading,LM,A_R6,\\nasac-m2.unige.ch\m-HumanNeuronLab\ANALYSIS\FLM\Analysis_LoraFanda\01_FBM_Analysis\outputs\04_ersp_LM_RAWONLY\EL045\LM\ERSP_matrix\reading\EL045_reading_WM_ERSP_A_R6_TN.npy,0.0418346253229974,0.0021963824289405,True,933,9,0.10494235,9
EL045,reading,LM,A_R7,\\nasac-m2.unige.ch\m-HumanNeuronLab\ANALYSIS\FLM\Analysis_LoraFanda\01_FBM_Analysis\outputs\04_ersp_LM_RAWONLY\EL045\LM\ERSP_matrix\reading\EL045_reading_WM_ERSP_A_R7_TN.npy,0.0530490956072351,0.0070025839793281,True,934,2,-0.0338572,2
EL045,reading,LM,aH_L11,\\nasac-m2.unige.ch\m-HumanNeuronLab\ANALYSIS\FLM\Analysis_LoraFanda\01_FBM_Analysis\outputs\04_ersp_LM_RAWONLY\EL045\LM\ERSP_matrix\reading\EL045_reading_WM_ERSP_aH_L11_TN.npy,0.0474418604651162,0.0007235142118863,True,935,9,0.023745678,9
EL045,reading,LM,aH_L12,\\nasac-m2.unige.ch\m-HumanNeuronLab\ANALYSIS\FLM\Analysis_LoraFanda\01_FBM_Analysis\outputs\04_ersp_LM_RAWONLY\EL045\LM\ERSP_matrix\reading\EL045_reading_WM_ERSP_aH_L12_TN.npy,0.1240826873385013,0.0022222222222222,True,936,8,-0.016977856,8
EL045,reading,LM,aH_R10,\\nasac-m2.unige.ch\m-HumanNeuronLab\ANALYSIS\FLM\Analysis_LoraFanda\01_FBM_Analysis\outputs\04_ersp_LM_RAWONLY\EL045\LM\ERSP_matrix\reading\EL045_reading_WM_ERSP_aH_R10_TN.npy,0.0372093023255813,0.0049612403100775,True,937,2,-0.015421148,2
EL045,reading,LM,aH_R11,\\nasac-m2.unige.ch\m-HumanNeuronLab\ANALYSIS\FLM\Analysis_LoraFanda\01_FBM_Analysis\outputs\04_ersp_LM_RAWONLY\EL045\LM\ERSP_matrix\reading\EL045_reading_WM_ERSP_aH_R11_TN.npy,0.0496382428940568,0.0065374677002583,True,938,2,-0.011596475,2
EL045,reading,LM,aH_R12,\\nasac-m2.unige.ch\m-HumanNeuronLab\ANALYSIS\FLM\Analysis_LoraFanda\01_FBM_Analysis\outputs\04_ersp_LM_RAWONLY\EL045\LM\ERSP_matrix\reading\EL045_reading_WM_ERSP_aH_R12_TN.npy,0.0542118863049095,0.0107751937984496,True,939,2,0.07375252,2
EL045,reading,LM,aH_R13,\\nasac-m2.unige.ch\m-HumanNeuronLab\ANALYSIS\FLM\Analysis_LoraFanda\01_FBM_Analysis\outputs\04_ersp_LM_RAWONLY\EL045\LM\ERSP_matrix\reading\EL045_reading_WM_ERSP_aH_R13_TN.npy,0.0731782945736434,0.0103617571059431,True,940,2,0.07163058,2
EL045,reading,LM,aH_R1,\\nasac-m2.unige.ch\m-HumanNeuronLab\ANALYSIS\FLM\Analysis_LoraFanda\01_FBM_Analysis\outputs\04_ersp_LM_RAWONLY\EL045\LM\ERSP_matrix\reading\EL045_reading_WM_ERSP_aH_R1_TN.npy,0.0238501291989664,0.0014987080103359,True,941,5,0.034117956,5
EL045,reading,LM,aH_R4,\\nasac-m2.unige.ch\m-HumanNeuronLab\ANALYSIS\FLM\Analysis_LoraFanda\01_FBM_Analysis\outputs\04_ersp_LM_RAWONLY\EL045\LM\ERSP_matrix\reading\EL045_reading_WM_ERSP_aH_R4_TN.npy,0.0277519379844961,0.0024547803617571,True,942,5,-0.009542026,5
EL045,reading,LM,aH_R5,\\nasac-m2.unige.ch\m-HumanNeuronLab\ANALYSIS\FLM\Analysis_LoraFanda\01_FBM_Analysis\outputs\04_ersp_LM_RAWONLY\EL045\LM\ERSP_matrix\reading\EL045_reading_WM_ERSP_aH_R5_TN.npy,0.0392248062015503,0.0023255813953488,True,943,5,-0.010603198,5
EL045,reading,LM,aH_R6,\\nasac-m2.unige.ch\m-HumanNeuronLab\ANALYSIS\FLM\Analysis_LoraFanda\01_FBM_Analysis\outputs\04_ersp_LM_RAWONLY\EL045\LM\ERSP_matrix\reading\EL045_reading_WM_ERSP_aH_R6_TN.npy,0.0543152454780361,0.0040051679586563,True,944,2,-0.056317903,2
EL045,reading,LM,aH_R7,\\nasac-m2.unige.ch\m-HumanNeuronLab\ANALYSIS\FLM\Analysis_LoraFanda\01_FBM_Analysis\outputs\04_ersp_LM_RAWONLY\EL045\LM\ERSP_matrix\reading\EL045_reading_WM_ERSP_aH_R7_TN.npy,0.0614728682170542,0.005142118863049,True,945,9,0.11149775,9
EL045,reading,LM,aH_R9,\\nasac-m2.unige.ch\m-HumanNeuronLab\ANALYSIS\FLM\Analysis_LoraFanda\01_FBM_Analysis\outputs\04_ersp_LM_RAWONLY\EL045\LM\ERSP_matrix\reading\EL045_reading_WM_ERSP_aH_R9_TN.npy,0.0502325581395348,0.0081912144702842,True,946,2,0.05416265,2
EL045,reading,LM,EntG_L10,\\nasac-m2.unige.ch\m-HumanNeuronLab\ANALYSIS\FLM\Analysis_LoraFanda\01_FBM_Analysis\outputs\04_ersp_LM_RAWONLY\EL045\LM\ERSP_matrix\reading\EL045_reading_WM_ERSP_EntG_L10_TN.npy,0.0404392764857881,0.0965374677002584,True,947,2,0.11917254,2
EL045,reading,LM,EntG_L11,\\nasac-m2.unige.ch\m-HumanNeuronLab\ANALYSIS\FLM\Analysis_LoraFanda\01_FBM_Analysis\outputs\04_ersp_LM_RAWONLY\EL045\LM\ERSP_matrix\reading\EL045_reading_WM_ERSP_EntG_L11_TN.npy,0.081860465116279,0.1386821705426356,True,948,2,0.1304999,2
EL045,reading,LM,EntG_L1,\\nasac-m2.unige.ch\m-HumanNeuronLab\ANALYSIS\FLM\Analysis_LoraFanda\01_FBM_Analysis\outputs\04_ersp_LM_RAWONLY\EL045\LM\ERSP_matrix\reading\EL045_reading_WM_ERSP_EntG_L1_TN.npy,0.0347286821705426,0.0092248062015503,True,949,9,0.048603103,9
EL045,reading,LM,EntG_L2,\\nasac-m2.unige.ch\m-HumanNeuronLab\ANALYSIS\FLM\Analysis_LoraFanda\01_FBM_Analysis\outputs\04_ersp_LM_RAWONLY\EL045\LM\ERSP_matrix\reading\EL045_reading_WM_ERSP_EntG_L2_TN.npy,0.0444186046511627,0.019922480620155,True,950,2,-0.020443296,2
EL045,reading,LM,EntG_L3,\\nasac-m2.unige.ch\m-HumanNeuronLab\ANALYSIS\FLM\Analysis_LoraFanda\01_FBM_Analysis\outputs\04_ersp_LM_RAWONLY\EL045\LM\ERSP_matrix\reading\EL045_reading_WM_ERSP_EntG_L3_TN.npy,0.0260981912144702,0.0219121447028423,True,951,2,0.006658612,2
EL045,reading,LM,EntG_L4,\\nasac-m2.unige.ch\m-HumanNeuronLab\ANALYSIS\FLM\Analysis_LoraFanda\01_FBM_Analysis\outputs\04_ersp_LM_RAWONLY\EL045\LM\ERSP_matrix\reading\EL045_reading_WM_ERSP_EntG_L4_TN.npy,0.0359173126614987,0.0288630490956072,True,952,2,0.07521194,2
EL045,reading,LM,EntG_L5,\\nasac-m2.unige.ch\m-HumanNeuronLab\ANALYSIS\FLM\Analysis_LoraFanda\01_FBM_Analysis\outputs\04_ersp_LM_RAWONLY\EL045\LM\ERSP_matrix\reading\EL045_reading_WM_ERSP_EntG_L5_TN.npy,0.0353229974160206,0.0345736434108527,True,953,2,0.1373912,2
EL045,reading,LM,EntG_L6,\\nasac-m2.unige.ch\m-HumanNeuronLab\ANALYSIS\FLM\Analysis_LoraFanda\01_FBM_Analysis\outputs\04_ersp_LM_RAWONLY\EL045\LM\ERSP_matrix\reading\EL045_reading_WM_ERSP_EntG_L6_TN.npy,0.0246770025839793,0.0369767441860465,True,954,2,0.10941459,2
EL045,reading,LM,EntG_L7,\\nasac-m2.unige.ch\m-HumanNeuronLab\ANALYSIS\FLM\Analysis_LoraFanda\01_FBM_Analysis\outputs\04_ersp_LM_RAWONLY\EL045\LM\ERSP_matrix\reading\EL045_reading_WM_ERSP_EntG_L7_TN.npy,0.0258656330749354,0.0476485788113695,True,955,2,0.14266296,2
EL045,reading,LM,EntG_L8,\\nasac-m2.unige.ch\m-HumanNeuronLab\ANALYSIS\FLM\Analysis_LoraFanda\01_FBM_Analysis\outputs\04_ersp_LM_RAWONLY\EL045\LM\ERSP_matrix\reading\EL045_reading_WM_ERSP_EntG_L8_TN.npy,0.0344961240310077,0.0657881136950904,True,956,2,0.15793015,2
EL045,reading,LM,EntG_L9,\\nasac-m2.unige.ch\m-HumanNeuronLab\ANALYSIS\FLM\Analysis_LoraFanda\01_FBM_Analysis\outputs\04_ersp_LM_RAWONLY\EL045\LM\ERSP_matrix\reading\EL045_reading_WM_ERSP_EntG_L9_TN.npy,0.0470284237726098,0.0921188630490956,True,957,2,0.14602934,2
EL045,reading,LM,pH_L10,\\nasac-m2.unige.ch\m-HumanNeuronLab\ANALYSIS\FLM\Analysis_LoraFanda\01_FBM_Analysis\outputs\04_ersp_LM_RAWONLY\EL045\LM\ERSP_matrix\reading\EL045_reading_WM_ERSP_pH_L10_TN.npy,0.0334108527131782,0.0016020671834625,True,958,5,0.05334583,5
EL045,reading,LM,pH_L11,\\nasac-m2.unige.ch\m-HumanNeuronLab\ANALYSIS\FLM\Analysis_LoraFanda\01_FBM_Analysis\outputs\04_ersp_LM_RAWONLY\EL045\LM\ERSP_matrix\reading\EL045_reading_WM_ERSP_pH_L11_TN.npy,0.0350645994832041,0.0020930232558139,True,959,5,0.08505199,5
EL045,reading,LM,pH_L12,\\nasac-m2.unige.ch\m-HumanNeuronLab\ANALYSIS\FLM\Analysis_LoraFanda\01_FBM_Analysis\outputs\04_ersp_LM_RAWONLY\EL045\LM\ERSP_matrix\reading\EL045_reading_WM_ERSP_pH_L12_TN.npy,0.0404909560723514,0.0020155038759689,True,960,5,0.06984493,5
EL045,reading,LM,pH_L13,\\nasac-m2.unige.ch\m-HumanNeuronLab\ANALYSIS\FLM\Analysis_LoraFanda\01_FBM_Analysis\outputs\04_ersp_LM_RAWONLY\EL045\LM\ERSP_matrix\reading\EL045_reading_WM_ERSP_pH_L13_TN.npy,0.0476744186046511,0.0013953488372093,True,961,5,0.070644855,5
EL045,reading,LM,pH_L14,\\nasac-m2.unige.ch\m-HumanNeuronLab\ANALYSIS\FLM\Analysis_LoraFanda\01_FBM_Analysis\outputs\04_ersp_LM_RAWONLY\EL045\LM\ERSP_matrix\reading\EL045_reading_WM_ERSP_pH_L14_TN.npy,0.0595865633074935,0.0013178294573643,True,962,5,0.04806102,5
EL045,reading,LM,pH_L15,\\nasac-m2.unige.ch\m-HumanNeuronLab\ANALYSIS\FLM\Analysis_LoraFanda\01_FBM_Analysis\outputs\04_ersp_LM_RAWONLY\EL045\LM\ERSP_matrix\reading\EL045_reading_WM_ERSP_pH_L15_TN.npy,0.1119121447028423,0.0013178294573643,True,963,9,0.0631723,9
EL045,reading,LM,pH_L5,\\nasac-m2.unige.ch\m-HumanNeuronLab\ANALYSIS\FLM\Analysis_LoraFanda\01_FBM_Analysis\outputs\04_ersp_LM_RAWONLY\EL045\LM\ERSP_matrix\reading\EL045_reading_WM_ERSP_pH_L5_TN.npy,0.021266149870801,0.0003359173126614,True,964,5,0.08130937,5
EL045,reading,LM,pH_L9,\\nasac-m2.unige.ch\m-HumanNeuronLab\ANALYSIS\FLM\Analysis_LoraFanda\01_FBM_Analysis\outputs\04_ersp_LM_RAWONLY\EL045\LM\ERSP_matrix\reading\EL045_reading_WM_ERSP_pH_L9_TN.npy,0.0219638242894056,0.0016279069767441,True,965,5,0.056672443,5
EL045,reading,LM,PlaT_L2,\\nasac-m2.unige.ch\m-HumanNeuronLab\ANALYSIS\FLM\Analysis_LoraFanda\01_FBM_Analysis\outputs\04_ersp_LM_RAWONLY\EL045\LM\ERSP_matrix\reading\EL045_reading_WM_ERSP_PlaT_L2_TN.npy,0.0930232558139534,0.0303100775193798,True,966,8,0.03726602,8
EL045,reading,LM,PlaT_L3,\\nasac-m2.unige.ch\m-HumanNeuronLab\ANALYSIS\FLM\Analysis_LoraFanda\01_FBM_Analysis\outputs\04_ersp_LM_RAWONLY\EL045\LM\ERSP_matrix\reading\EL045_reading_WM_ERSP_PlaT_L3_TN.npy,0.0327648578811369,0.0317312661498708,True,967,5,0.006178605,5
EL045,reading,LM,PlaT_L4,\\nasac-m2.unige.ch\m-HumanNeuronLab\ANALYSIS\FLM\Analysis_LoraFanda\01_FBM_Analysis\outputs\04_ersp_LM_RAWONLY\EL045\LM\ERSP_matrix\reading\EL045_reading_WM_ERSP_PlaT_L4_TN.npy,0.0353746770025839,0.0322480620155038,True,968,9,0.011951735,9
EL045,reading,LM,PlaT_L5,\\nasac-m2.unige.ch\m-HumanNeuronLab\ANALYSIS\FLM\Analysis_LoraFanda\01_FBM_Analysis\outputs\04_ersp_LM_RAWONLY\EL045\LM\ERSP_matrix\reading\EL045_reading_WM_ERSP_PlaT_L5_TN.npy,0.0635400516795865,0.0067958656330749,True,969,9,0.060270783,9
EL045,reading,LM,PlaT_L6,\\nasac-m2.unige.ch\m-HumanNeuronLab\ANALYSIS\FLM\Analysis_LoraFanda\01_FBM_Analysis\outputs\04_ersp_LM_RAWONLY\EL045\LM\ERSP_matrix\reading\EL045_reading_WM_ERSP_PlaT_L6_TN.npy,0.0531007751937984,0.0184237726098191,True,970,2,-0.019570226,2
EL045,reading,LM,STG_L1,\\nasac-m2.unige.ch\m-HumanNeuronLab\ANALYSIS\FLM\Analysis_LoraFanda\01_FBM_Analysis\outputs\04_ersp_LM_RAWONLY\EL045\LM\ERSP_matrix\reading\EL045_reading_WM_ERSP_STG_L1_TN.npy,0.0422222222222222,0.009250645994832,True,971,9,0.10776186,9
EL045,reading,LM,STG_L2,\\nasac-m2.unige.ch\m-HumanNeuronLab\ANALYSIS\FLM\Analysis_LoraFanda\01_FBM_Analysis\outputs\04_ersp_LM_RAWONLY\EL045\LM\ERSP_matrix\reading\EL045_reading_WM_ERSP_STG_L2_TN.npy,0.0328682170542635,0.0098966408268733,True,972,7,0.06843858,7
EL045,reading,LM,STG_L3,\\nasac-m2.unige.ch\m-HumanNeuronLab\ANALYSIS\FLM\Analysis_LoraFanda\01_FBM_Analysis\outputs\04_ersp_LM_RAWONLY\EL045\LM\ERSP_matrix\reading\EL045_reading_WM_ERSP_STG_L3_TN.npy,0.0531266149870801,0.0066149870801033,True,973,7,0.11375082,7
EL045,reading,LM,STG_L4,\\nasac-m2.unige.ch\m-HumanNeuronLab\ANALYSIS\FLM\Analysis_LoraFanda\01_FBM_Analysis\outputs\04_ersp_LM_RAWONLY\EL045\LM\ERSP_matrix\reading\EL045_reading_WM_ERSP_STG_L4_TN.npy,0.0656330749354005,0.0033074935400516,True,974,3,0.010518929,3
EL045,reading,LM,STG_L5,\\nasac-m2.unige.ch\m-HumanNeuronLab\ANALYSIS\FLM\Analysis_LoraFanda\01_FBM_Analysis\outputs\04_ersp_LM_RAWONLY\EL045\LM\ERSP_matrix\reading\EL045_reading_WM_ERSP_STG_L5_TN.npy,0.030594315245478,0.0086304909560723,True,975,7,0.07359058,7
EL045,reading,LM,STG_L6,\\nasac-m2.unige.ch\m-HumanNeuronLab\ANALYSIS\FLM\Analysis_LoraFanda\01_FBM_Analysis\outputs\04_ersp_LM_RAWONLY\EL045\LM\ERSP_matrix\reading\EL045_reading_WM_ERSP_STG_L6_TN.npy,0.0382687338501292,0.0112403100775193,True,976,7,-0.000793222,7
EL045,reading,LM,STG_L9,\\nasac-m2.unige.ch\m-HumanNeuronLab\ANALYSIS\FLM\Analysis_LoraFanda\01_FBM_Analysis\outputs\04_ersp_LM_RAWONLY\EL045\LM\ERSP_matrix\reading\EL045_reading_WM_ERSP_STG_L9_TN.npy,0.0668992248062015,0.0170801033591731,True,977,9,0.07488376,9
EL045,reading,LM,TTG_L2,\\nasac-m2.unige.ch\m-HumanNeuronLab\ANALYSIS\FLM\Analysis_LoraFanda\01_FBM_Analysis\outputs\04_ersp_LM_RAWONLY\EL045\LM\ERSP_matrix\reading\EL045_reading_WM_ERSP_TTG_L2_TN.npy,0.0301291989664082,0.0050904392764857,True,978,9,0.065774694,9
EL045,reading,LM,TTG_L3,\\nasac-m2.unige.ch\m-HumanNeuronLab\ANALYSIS\FLM\Analysis_LoraFanda\01_FBM_Analysis\outputs\04_ersp_LM_RAWONLY\EL045\LM\ERSP_matrix\reading\EL045_reading_WM_ERSP_TTG_L3_TN.npy,0.0302842377260981,0.0088888888888888,True,979,9,0.06703482,9
EL045,reading,LM,TTG_L4,\\nasac-m2.unige.ch\m-HumanNeuronLab\ANALYSIS\FLM\Analysis_LoraFanda\01_FBM_Analysis\outputs\04_ersp_LM_RAWONLY\EL045\LM\ERSP_matrix\reading\EL045_reading_WM_ERSP_TTG_L4_TN.npy,0.0350645994832041,0.0131266149870801,True,980,9,0.07069411,9
EL045,reading,LM,TTG_L5,\\nasac-m2.unige.ch\m-HumanNeuronLab\ANALYSIS\FLM\Analysis_LoraFanda\01_FBM_Analysis\outputs\04_ersp_LM_RAWONLY\EL045\LM\ERSP_matrix\reading\EL045_reading_WM_ERSP_TTG_L5_TN.npy,0.0785529715762273,0.0068992248062015,True,981,2,-0.037948526,2
PAT_2868,audio,LM,FOP3,\\nasac-m2.unige.ch\m-HumanNeuronLab\ANALYSIS\FLM\Analysis_LoraFanda\01_FBM_Analysis\outputs\04_ersp_LM_RAWONLY\PAT_2868\LM\ERSP_matrix\audio\PAT_2868_audio_WM_ERSP_FOP3_TN.npy,0.02656330749354,0.0013436692506459,True,982,7,-0.016002981,7
PAT_2868,audio,LM,FOP4,\\nasac-m2.unige.ch\m-HumanNeuronLab\ANALYSIS\FLM\Analysis_LoraFanda\01_FBM_Analysis\outputs\04_ersp_LM_RAWONLY\PAT_2868\LM\ERSP_matrix\audio\PAT_2868_audio_WM_ERSP_FOP4_TN.npy,0.0314470284237726,0.0015503875968992,True,983,9,0.06288221,9
PAT_2868,audio,LM,FOP5,\\nasac-m2.unige.ch\m-HumanNeuronLab\ANALYSIS\FLM\Analysis_LoraFanda\01_FBM_Analysis\outputs\04_ersp_LM_RAWONLY\PAT_2868\LM\ERSP_matrix\audio\PAT_2868_audio_WM_ERSP_FOP5_TN.npy,0.0322480620155038,0.0056589147286821,True,984,9,0.05436094,9
PAT_2868,reading,LM,POS4,\\nasac-m2.unige.ch\m-HumanNeuronLab\ANALYSIS\FLM\Analysis_LoraFanda\01_FBM_Analysis\outputs\04_ersp_LM_RAWONLY\PAT_2868\LM\ERSP_matrix\reading\PAT_2868_reading_WM_ERSP_POS4_TN.npy,0.020594315245478,0.0002067183462532,True,985,5,0.047923964,5
PAT_2868,reading,LM,POS7,\\nasac-m2.unige.ch\m-HumanNeuronLab\ANALYSIS\FLM\Analysis_LoraFanda\01_FBM_Analysis\outputs\04_ersp_LM_RAWONLY\PAT_2868\LM\ERSP_matrix\reading\PAT_2868_reading_WM_ERSP_POS7_TN.npy,0.0206976744186046,0.0001291989664082,True,986,5,0.03881051,5
PAT_2868,reading,LM,PPS5,\\nasac-m2.unige.ch\m-HumanNeuronLab\ANALYSIS\FLM\Analysis_LoraFanda\01_FBM_Analysis\outputs\04_ersp_LM_RAWONLY\PAT_2868\LM\ERSP_matrix\reading\PAT_2868_reading_WM_ERSP_PPS5_TN.npy,0.0258656330749354,0.0002842377260981,True,987,0,0.005602783,0
PAT_3066,audio,LM,CAG12,\\nasac-m2.unige.ch\m-HumanNeuronLab\ANALYSIS\FLM\Analysis_LoraFanda\01_FBM_Analysis\outputs\04_ersp_LM_RAWONLY\PAT_3066\LM\ERSP_matrix\audio\PAT_3066_audio_WM_ERSP_CAG12_TN.npy,0.0208268733850129,0.0034366925064599,True,988,7,0.0041429424,7
PAT_3066,audio,LM,CAG5,\\nasac-m2.unige.ch\m-HumanNeuronLab\ANALYSIS\FLM\Analysis_LoraFanda\01_FBM_Analysis\outputs\04_ersp_LM_RAWONLY\PAT_3066\LM\ERSP_matrix\audio\PAT_3066_audio_WM_ERSP_CAG5_TN.npy,0.0202583979328165,0.0021447028423772,True,989,5,0.14316787,5
PAT_3066,audio,LM,HAD12,\\nasac-m2.unige.ch\m-HumanNeuronLab\ANALYSIS\FLM\Analysis_LoraFanda\01_FBM_Analysis\outputs\04_ersp_LM_RAWONLY\PAT_3066\LM\ERSP_matrix\audio\PAT_3066_audio_WM_ERSP_HAD12_TN.npy,0.0098191214470284,0.0421963824289405,True,990,10,0.055638094,10
PAT_3066,audio,LM,HAD1,\\nasac-m2.unige.ch\m-HumanNeuronLab\ANALYSIS\FLM\Analysis_LoraFanda\01_FBM_Analysis\outputs\04_ersp_LM_RAWONLY\PAT_3066\LM\ERSP_matrix\audio\PAT_3066_audio_WM_ERSP_HAD1_TN.npy,0.0210852713178294,0.003204134366925,True,991,5,0.12300227,5
PAT_3066,audio,LM,HAD2,\\nasac-m2.unige.ch\m-HumanNeuronLab\ANALYSIS\FLM\Analysis_LoraFanda\01_FBM_Analysis\outputs\04_ersp_LM_RAWONLY\PAT_3066\LM\ERSP_matrix\audio\PAT_3066_audio_WM_ERSP_HAD2_TN.npy,0.0203100775193798,0.0033850129198966,True,992,5,0.12530433,5
PAT_3066,audio,LM,HAD5,\\nasac-m2.unige.ch\m-HumanNeuronLab\ANALYSIS\FLM\Analysis_LoraFanda\01_FBM_Analysis\outputs\04_ersp_LM_RAWONLY\PAT_3066\LM\ERSP_matrix\audio\PAT_3066_audio_WM_ERSP_HAD5_TN.npy,0.0232558139534883,0.0087338501291989,True,993,5,0.0679376,5
PAT_3066,audio,LM,HAG1,\\nasac-m2.unige.ch\m-HumanNeuronLab\ANALYSIS\FLM\Analysis_LoraFanda\01_FBM_Analysis\outputs\04_ersp_LM_RAWONLY\PAT_3066\LM\ERSP_matrix\audio\PAT_3066_audio_WM_ERSP_HAG1_TN.npy,0.0211627906976744,0.0039018087855297,True,994,5,0.08142501,5
PAT_3066,audio,LM,HAG2,\\nasac-m2.unige.ch\m-HumanNeuronLab\ANALYSIS\FLM\Analysis_LoraFanda\01_FBM_Analysis\outputs\04_ersp_LM_RAWONLY\PAT_3066\LM\ERSP_matrix\audio\PAT_3066_audio_WM_ERSP_HAG2_TN.npy,0.0312919896640826,0.0017571059431524,True,995,5,0.070485674,5
PAT_3066,audio,LM,IAG7,\\nasac-m2.unige.ch\m-HumanNeuronLab\ANALYSIS\FLM\Analysis_LoraFanda\01_FBM_Analysis\outputs\04_ersp_LM_RAWONLY\PAT_3066\LM\ERSP_matrix\audio\PAT_3066_audio_WM_ERSP_IAG7_TN.npy,0.0244186046511627,0.0021705426356589,True,996,5,0.09040159,5
PAT_3066,audio,LM,IMG10,\\nasac-m2.unige.ch\m-HumanNeuronLab\ANALYSIS\FLM\Analysis_LoraFanda\01_FBM_Analysis\outputs\04_ersp_LM_RAWONLY\PAT_3066\LM\ERSP_matrix\audio\PAT_3066_audio_WM_ERSP_IMG10_TN.npy,0.0389922480620155,0.0044186046511627,True,997,7,0.04455032,7
PAT_3066,audio,LM,IMG11,\\nasac-m2.unige.ch\m-HumanNeuronLab\ANALYSIS\FLM\Analysis_LoraFanda\01_FBM_Analysis\outputs\04_ersp_LM_RAWONLY\PAT_3066\LM\ERSP_matrix\audio\PAT_3066_audio_WM_ERSP_IMG11_TN.npy,0.024625322997416,0.0081136950904392,True,998,7,0.06297881,7
PAT_3066,audio,LM,IMG12,\\nasac-m2.unige.ch\m-HumanNeuronLab\ANALYSIS\FLM\Analysis_LoraFanda\01_FBM_Analysis\outputs\04_ersp_LM_RAWONLY\PAT_3066\LM\ERSP_matrix\audio\PAT_3066_audio_WM_ERSP_IMG12_TN.npy,0.0208527131782945,0.0060206718346253,True,999,7,-0.0043483134,7
PAT_3066,audio,LM,IMG13,\\nasac-m2.unige.ch\m-HumanNeuronLab\ANALYSIS\FLM\Analysis_LoraFanda\01_FBM_Analysis\outputs\04_ersp_LM_RAWONLY\PAT_3066\LM\ERSP_matrix\audio\PAT_3066_audio_WM_ERSP_IMG13_TN.npy,0.0262015503875969,0.0036692506459948,True,1000,5,0.038855355,5
PAT_3066,audio,LM,IMG15,\\nasac-m2.unige.ch\m-HumanNeuronLab\ANALYSIS\FLM\Analysis_LoraFanda\01_FBM_Analysis\outputs\04_ersp_LM_RAWONLY\PAT_3066\LM\ERSP_matrix\audio\PAT_3066_audio_WM_ERSP_IMG15_TN.npy,0.0319121447028423,0.0028940568475452,True,1001,5,0.041953273,5
PAT_3066,audio,LM,IMG16,\\nasac-m2.unige.ch\m-HumanNeuronLab\ANALYSIS\FLM\Analysis_LoraFanda\01_FBM_Analysis\outputs\04_ersp_LM_RAWONLY\PAT_3066\LM\ERSP_matrix\audio\PAT_3066_audio_WM_ERSP_IMG16_TN.npy,0.0229974160206718,0.0034366925064599,True,1002,5,0.0993156,5
PAT_3066,audio,LM,IMG17,\\nasac-m2.unige.ch\m-HumanNeuronLab\ANALYSIS\FLM\Analysis_LoraFanda\01_FBM_Analysis\outputs\04_ersp_LM_RAWONLY\PAT_3066\LM\ERSP_matrix\audio\PAT_3066_audio_WM_ERSP_IMG17_TN.npy,0.0483204134366925,0.0024289405684754,True,1003,5,0.10720169,5
PAT_3066,audio,LM,IMG5,\\nasac-m2.unige.ch\m-HumanNeuronLab\ANALYSIS\FLM\Analysis_LoraFanda\01_FBM_Analysis\outputs\04_ersp_LM_RAWONLY\PAT_3066\LM\ERSP_matrix\audio\PAT_3066_audio_WM_ERSP_IMG5_TN.npy,0.0246770025839793,0.0023255813953488,True,1004,7,-0.013797218,7
PAT_3066,audio,LM,PPG3,\\nasac-m2.unige.ch\m-HumanNeuronLab\ANALYSIS\FLM\Analysis_LoraFanda\01_FBM_Analysis\outputs\04_ersp_LM_RAWONLY\PAT_3066\LM\ERSP_matrix\audio\PAT_3066_audio_WM_ERSP_PPG3_TN.npy,0.0227131782945736,0.0045994832041343,True,1005,7,0.028083125,7
PAT_3066,audio,LM,PPG4,\\nasac-m2.unige.ch\m-HumanNeuronLab\ANALYSIS\FLM\Analysis_LoraFanda\01_FBM_Analysis\outputs\04_ersp_LM_RAWONLY\PAT_3066\LM\ERSP_matrix\audio\PAT_3066_audio_WM_ERSP_PPG4_TN.npy,0.0214470284237726,0.0045736434108527,True,1006,7,0.008227412,7
PAT_3066,audio,LM,STG3,\\nasac-m2.unige.ch\m-HumanNeuronLab\ANALYSIS\FLM\Analysis_LoraFanda\01_FBM_Analysis\outputs\04_ersp_LM_RAWONLY\PAT_3066\LM\ERSP_matrix\audio\PAT_3066_audio_WM_ERSP_STG3_TN.npy,0.0278036175710594,0.0066925064599483,True,1007,3,-0.017724786,3
PAT_3066,audio,LM,STG4,\\nasac-m2.unige.ch\m-HumanNeuronLab\ANALYSIS\FLM\Analysis_LoraFanda\01_FBM_Analysis\outputs\04_ersp_LM_RAWONLY\PAT_3066\LM\ERSP_matrix\audio\PAT_3066_audio_WM_ERSP_STG4_TN.npy,0.0331524547803617,0.010516795865633,True,1008,3,0.0863594,3
PAT_3066,audio,LM,STG5,\\nasac-m2.unige.ch\m-HumanNeuronLab\ANALYSIS\FLM\Analysis_LoraFanda\01_FBM_Analysis\outputs\04_ersp_LM_RAWONLY\PAT_3066\LM\ERSP_matrix\audio\PAT_3066_audio_WM_ERSP_STG5_TN.npy,0.0208527131782945,0.0148578811369509,True,1009,3,0.018597037,3
PAT_3066,audio,LM,STG6,\\nasac-m2.unige.ch\m-HumanNeuronLab\ANALYSIS\FLM\Analysis_LoraFanda\01_FBM_Analysis\outputs\04_ersp_LM_RAWONLY\PAT_3066\LM\ERSP_matrix\audio\PAT_3066_audio_WM_ERSP_STG6_TN.npy,0.0229198966408268,0.015142118863049,True,1010,3,0.019210476,3
PAT_3066,audio,LM,STG7,\\nasac-m2.unige.ch\m-HumanNeuronLab\ANALYSIS\FLM\Analysis_LoraFanda\01_FBM_Analysis\outputs\04_ersp_LM_RAWONLY\PAT_3066\LM\ERSP_matrix\audio\PAT_3066_audio_WM_ERSP_STG7_TN.npy,0.0256847545219638,0.0116795865633074,True,1011,3,-0.032334644,3
PAT_3066,audio,LM,STG8,\\nasac-m2.unige.ch\m-HumanNeuronLab\ANALYSIS\FLM\Analysis_LoraFanda\01_FBM_Analysis\outputs\04_ersp_LM_RAWONLY\PAT_3066\LM\ERSP_matrix\audio\PAT_3066_audio_WM_ERSP_STG8_TN.npy,0.0228165374677002,0.0079328165374677,True,1012,5,0.093426,5
PAT_3066,picture,LM,HPD2,\\nasac-m2.unige.ch\m-HumanNeuronLab\ANALYSIS\FLM\Analysis_LoraFanda\01_FBM_Analysis\outputs\04_ersp_LM_RAWONLY\PAT_3066\LM\ERSP_matrix\picture\PAT_3066_picture_WM_ERSP_HPD2_TN.npy,0.0225581395348837,0.0004909560723514,True,1013,0,-0.025184384,0
PAT_3066,reading,LM,CAG6,\\nasac-m2.unige.ch\m-HumanNeuronLab\ANALYSIS\FLM\Analysis_LoraFanda\01_FBM_Analysis\outputs\04_ersp_LM_RAWONLY\PAT_3066\LM\ERSP_matrix\reading\PAT_3066_reading_WM_ERSP_CAG6_TN.npy,0.0206201550387596,0.0005684754521963,True,1014,5,0.08579565,5
PAT_3066,reading,LM,FOG14,\\nasac-m2.unige.ch\m-HumanNeuronLab\ANALYSIS\FLM\Analysis_LoraFanda\01_FBM_Analysis\outputs\04_ersp_LM_RAWONLY\PAT_3066\LM\ERSP_matrix\reading\PAT_3066_reading_WM_ERSP_FOG14_TN.npy,0.0547545219638242,0.0012144702842377,True,1015,9,0.09331946,9
PAT_3066,reading,LM,IMG11,\\nasac-m2.unige.ch\m-HumanNeuronLab\ANALYSIS\FLM\Analysis_LoraFanda\01_FBM_Analysis\outputs\04_ersp_LM_RAWONLY\PAT_3066\LM\ERSP_matrix\reading\PAT_3066_reading_WM_ERSP_IMG11_TN.npy,0.0260465116279069,0.0237984496124031,True,1016,4,0.21360146,4
PAT_3066,reading,LM,IMG17,\\nasac-m2.unige.ch\m-HumanNeuronLab\ANALYSIS\FLM\Analysis_LoraFanda\01_FBM_Analysis\outputs\04_ersp_LM_RAWONLY\PAT_3066\LM\ERSP_matrix\reading\PAT_3066_reading_WM_ERSP_IMG17_TN.npy,0.0416020671834625,0.0011369509043927,True,1017,7,0.047779433,7
PAT_3301,picture,LM,AG10,\\nasac-m2.unige.ch\m-HumanNeuronLab\ANALYSIS\FLM\Analysis_LoraFanda\01_FBM_Analysis\outputs\04_ersp_LM_RAWONLY\PAT_3301\LM\ERSP_matrix\picture\PAT_3301_picture_WM_ERSP_AG10_TN.npy,0.0695090439276485,0.0004651162790697,True,1018,8,-0.016625365,8
PAT_3301,picture,LM,AG2,\\nasac-m2.unige.ch\m-HumanNeuronLab\ANALYSIS\FLM\Analysis_LoraFanda\01_FBM_Analysis\outputs\04_ersp_LM_RAWONLY\PAT_3301\LM\ERSP_matrix\picture\PAT_3301_picture_WM_ERSP_AG2_TN.npy,0.0259173126614987,0.0020155038759689,True,1019,5,0.0011687309,5
PAT_3301,picture,LM,AG3,\\nasac-m2.unige.ch\m-HumanNeuronLab\ANALYSIS\FLM\Analysis_LoraFanda\01_FBM_Analysis\outputs\04_ersp_LM_RAWONLY\PAT_3301\LM\ERSP_matrix\picture\PAT_3301_picture_WM_ERSP_AG3_TN.npy,0.0324031007751937,0.0004909560723514,True,1020,5,0.029097429,5
PAT_3301,picture,LM,AG5,\\nasac-m2.unige.ch\m-HumanNeuronLab\ANALYSIS\FLM\Analysis_LoraFanda\01_FBM_Analysis\outputs\04_ersp_LM_RAWONLY\PAT_3301\LM\ERSP_matrix\picture\PAT_3301_picture_WM_ERSP_AG5_TN.npy,0.0702842377260982,0.0017829457364341,True,1021,9,0.08748313,9
PAT_3301,picture,LM,AG7,\\nasac-m2.unige.ch\m-HumanNeuronLab\ANALYSIS\FLM\Analysis_LoraFanda\01_FBM_Analysis\outputs\04_ersp_LM_RAWONLY\PAT_3301\LM\ERSP_matrix\picture\PAT_3301_picture_WM_ERSP_AG7_TN.npy,0.0567700258397932,0.0004909560723514,True,1022,9,0.12626141,9
PAT_3301,picture,LM,AG8,\\nasac-m2.unige.ch\m-HumanNeuronLab\ANALYSIS\FLM\Analysis_LoraFanda\01_FBM_Analysis\outputs\04_ersp_LM_RAWONLY\PAT_3301\LM\ERSP_matrix\picture\PAT_3301_picture_WM_ERSP_AG8_TN.npy,0.0532299741602067,0.0007235142118863,True,1023,9,0.12671936,9
PAT_3301,picture,LM,AG9,\\nasac-m2.unige.ch\m-HumanNeuronLab\ANALYSIS\FLM\Analysis_LoraFanda\01_FBM_Analysis\outputs\04_ersp_LM_RAWONLY\PAT_3301\LM\ERSP_matrix\picture\PAT_3301_picture_WM_ERSP_AG9_TN.npy,0.060516795865633,0.0006201550387596,True,1024,8,-0.036316004,8
PAT_3301,picture,LM,CAG11,\\nasac-m2.unige.ch\m-HumanNeuronLab\ANALYSIS\FLM\Analysis_LoraFanda\01_FBM_Analysis\outputs\04_ersp_LM_RAWONLY\PAT_3301\LM\ERSP_matrix\picture\PAT_3301_picture_WM_ERSP_CAG11_TN.npy,0.0240051679586563,0.0015762273901808,True,1025,7,0.046777382,7
PAT_3301,picture,LM,CAG12,\\nasac-m2.unige.ch\m-HumanNeuronLab\ANALYSIS\FLM\Analysis_LoraFanda\01_FBM_Analysis\outputs\04_ersp_LM_RAWONLY\PAT_3301\LM\ERSP_matrix\picture\PAT_3301_picture_WM_ERSP_CAG12_TN.npy,0.0224031007751937,0.0020413436692506,True,1026,7,0.03715278,7
PAT_3301,picture,LM,CPD11,\\nasac-m2.unige.ch\m-HumanNeuronLab\ANALYSIS\FLM\Analysis_LoraFanda\01_FBM_Analysis\outputs\04_ersp_LM_RAWONLY\PAT_3301\LM\ERSP_matrix\picture\PAT_3301_picture_WM_ERSP_CPD11_TN.npy,0.0544444444444444,0.0033591731266149,True,1027,7,0.08914708,7
PAT_3301,picture,LM,CPD12,\\nasac-m2.unige.ch\m-HumanNeuronLab\ANALYSIS\FLM\Analysis_LoraFanda\01_FBM_Analysis\outputs\04_ersp_LM_RAWONLY\PAT_3301\LM\ERSP_matrix\picture\PAT_3301_picture_WM_ERSP_CPD12_TN.npy,0.0536434108527131,0.0057364341085271,True,1028,7,0.050411824,7
PAT_3301,picture,LM,CPD13,\\nasac-m2.unige.ch\m-HumanNeuronLab\ANALYSIS\FLM\Analysis_LoraFanda\01_FBM_Analysis\outputs\04_ersp_LM_RAWONLY\PAT_3301\LM\ERSP_matrix\picture\PAT_3301_picture_WM_ERSP_CPD13_TN.npy,0.0386821705426356,0.0060206718346253,True,1029,7,0.10718575,7
PAT_3301,picture,LM,CPD14,\\nasac-m2.unige.ch\m-HumanNeuronLab\ANALYSIS\FLM\Analysis_LoraFanda\01_FBM_Analysis\outputs\04_ersp_LM_RAWONLY\PAT_3301\LM\ERSP_matrix\picture\PAT_3301_picture_WM_ERSP_CPD14_TN.npy,0.0334883720930232,0.005297157622739,True,1030,7,0.113589235,7
PAT_3301,picture,LM,CPD15,\\nasac-m2.unige.ch\m-HumanNeuronLab\ANALYSIS\FLM\Analysis_LoraFanda\01_FBM_Analysis\outputs\04_ersp_LM_RAWONLY\PAT_3301\LM\ERSP_matrix\picture\PAT_3301_picture_WM_ERSP_CPD15_TN.npy,0.0213436692506459,0.0083979328165374,True,1031,7,0.10579233,7
PAT_3301,picture,LM,CPD2,\\nasac-m2.unige.ch\m-HumanNeuronLab\ANALYSIS\FLM\Analysis_LoraFanda\01_FBM_Analysis\outputs\04_ersp_LM_RAWONLY\PAT_3301\LM\ERSP_matrix\picture\PAT_3301_picture_WM_ERSP_CPD2_TN.npy,0.0251937984496124,0.0003359173126614,True,1032,5,0.058645282,5
PAT_3301,picture,LM,CPD4,\\nasac-m2.unige.ch\m-HumanNeuronLab\ANALYSIS\FLM\Analysis_LoraFanda\01_FBM_Analysis\outputs\04_ersp_LM_RAWONLY\PAT_3301\LM\ERSP_matrix\picture\PAT_3301_picture_WM_ERSP_CPD4_TN.npy,0.0214987080103359,0.0006459948320413,True,1033,5,0.053377487,5
PAT_3301,picture,LM,CPG10,\\nasac-m2.unige.ch\m-HumanNeuronLab\ANALYSIS\FLM\Analysis_LoraFanda\01_FBM_Analysis\outputs\04_ersp_LM_RAWONLY\PAT_3301\LM\ERSP_matrix\picture\PAT_3301_picture_WM_ERSP_CPG10_TN.npy,0.0468475452196382,0.0027648578811369,True,1034,8,-0.047091607,8
PAT_3301,picture,LM,CPG12,\\nasac-m2.unige.ch\m-HumanNeuronLab\ANALYSIS\FLM\Analysis_LoraFanda\01_FBM_Analysis\outputs\04_ersp_LM_RAWONLY\PAT_3301\LM\ERSP_matrix\picture\PAT_3301_picture_WM_ERSP_CPG12_TN.npy,0.0429457364341085,0.0018346253229974,True,1035,8,-0.04500443,8
PAT_3301,picture,LM,CPG8,\\nasac-m2.unige.ch\m-HumanNeuronLab\ANALYSIS\FLM\Analysis_LoraFanda\01_FBM_Analysis\outputs\04_ersp_LM_RAWONLY\PAT_3301\LM\ERSP_matrix\picture\PAT_3301_picture_WM_ERSP_CPG8_TN.npy,0.031937984496124,0.0013953488372093,True,1036,5,0.0017303776,5
PAT_3301,picture,LM,CPG9,\\nasac-m2.unige.ch\m-HumanNeuronLab\ANALYSIS\FLM\Analysis_LoraFanda\01_FBM_Analysis\outputs\04_ersp_LM_RAWONLY\PAT_3301\LM\ERSP_matrix\picture\PAT_3301_picture_WM_ERSP_CPG9_TN.npy,0.0457364341085271,0.0020155038759689,True,1037,8,-0.03350537,8
PAT_3301,picture,LM,FOD10,\\nasac-m2.unige.ch\m-HumanNeuronLab\ANALYSIS\FLM\Analysis_LoraFanda\01_FBM_Analysis\outputs\04_ersp_LM_RAWONLY\PAT_3301\LM\ERSP_matrix\picture\PAT_3301_picture_WM_ERSP_FOD10_TN.npy,0.0365116279069767,0.0006718346253229,True,1038,7,0.022337873,7
PAT_3301,picture,LM,FOD11,\\nasac-m2.unige.ch\m-HumanNeuronLab\ANALYSIS\FLM\Analysis_LoraFanda\01_FBM_Analysis\outputs\04_ersp_LM_RAWONLY\PAT_3301\LM\ERSP_matrix\picture\PAT_3301_picture_WM_ERSP_FOD11_TN.npy,0.0884237726098191,0.0003875968992248,True,1039,1,0.06490651,1
PAT_3301,picture,LM,FOD12,\\nasac-m2.unige.ch\m-HumanNeuronLab\ANALYSIS\FLM\Analysis_LoraFanda\01_FBM_Analysis\outputs\04_ersp_LM_RAWONLY\PAT_3301\LM\ERSP_matrix\picture\PAT_3301_picture_WM_ERSP_FOD12_TN.npy,0.0495090439276485,0.0004134366925064,True,1040,1,-0.017778343,1
PAT_3301,picture,LM,FOD4,\\nasac-m2.unige.ch\m-HumanNeuronLab\ANALYSIS\FLM\Analysis_LoraFanda\01_FBM_Analysis\outputs\04_ersp_LM_RAWONLY\PAT_3301\LM\ERSP_matrix\picture\PAT_3301_picture_WM_ERSP_FOD4_TN.npy,0.0383720930232558,0.0002583979328165,True,1041,1,-0.0899942,1
PAT_3301,picture,LM,FOD5,\\nasac-m2.unige.ch\m-HumanNeuronLab\ANALYSIS\FLM\Analysis_LoraFanda\01_FBM_Analysis\outputs\04_ersp_LM_RAWONLY\PAT_3301\LM\ERSP_matrix\picture\PAT_3301_picture_WM_ERSP_FOD5_TN.npy,0.027984496124031,0.0005684754521963,True,1042,5,0.07361649,5
PAT_3301,picture,LM,FOD8,\\nasac-m2.unige.ch\m-HumanNeuronLab\ANALYSIS\FLM\Analysis_LoraFanda\01_FBM_Analysis\outputs\04_ersp_LM_RAWONLY\PAT_3301\LM\ERSP_matrix\picture\PAT_3301_picture_WM_ERSP_FOD8_TN.npy,0.0228682170542635,0.0007493540051679,True,1043,7,-0.043174777,7
PAT_3301,picture,LM,FOD9,\\nasac-m2.unige.ch\m-HumanNeuronLab\ANALYSIS\FLM\Analysis_LoraFanda\01_FBM_Analysis\outputs\04_ersp_LM_RAWONLY\PAT_3301\LM\ERSP_matrix\picture\PAT_3301_picture_WM_ERSP_FOD9_TN.npy,0.0215762273901808,0.000516795865633,True,1044,7,-0.03160306,7
PAT_3301,picture,LM,FOG10,\\nasac-m2.unige.ch\m-HumanNeuronLab\ANALYSIS\FLM\Analysis_LoraFanda\01_FBM_Analysis\outputs\04_ersp_LM_RAWONLY\PAT_3301\LM\ERSP_matrix\picture\PAT_3301_picture_WM_ERSP_FOG10_TN.npy,0.0203359173126615,0.0027390180878552,True,1045,7,0.0015037353,7
PAT_3301,picture,LM,FOG14,\\nasac-m2.unige.ch\m-HumanNeuronLab\ANALYSIS\FLM\Analysis_LoraFanda\01_FBM_Analysis\outputs\04_ersp_LM_RAWONLY\PAT_3301\LM\ERSP_matrix\picture\PAT_3301_picture_WM_ERSP_FOG14_TN.npy,0.027157622739018,0.0017571059431524,True,1046,7,0.028584175,7
PAT_3301,picture,LM,FOG1,\\nasac-m2.unige.ch\m-HumanNeuronLab\ANALYSIS\FLM\Analysis_LoraFanda\01_FBM_Analysis\outputs\04_ersp_LM_RAWONLY\PAT_3301\LM\ERSP_matrix\picture\PAT_3301_picture_WM_ERSP_FOG1_TN.npy,0.0291472868217054,0.0004134366925064,True,1047,5,0.04919859,5
PAT_3301,picture,LM,FOG2,\\nasac-m2.unige.ch\m-HumanNeuronLab\ANALYSIS\FLM\Analysis_LoraFanda\01_FBM_Analysis\outputs\04_ersp_LM_RAWONLY\PAT_3301\LM\ERSP_matrix\picture\PAT_3301_picture_WM_ERSP_FOG2_TN.npy,0.0271317829457364,0.000594315245478,True,1048,5,0.033625297,5
PAT_3301,picture,LM,FOG3,\\nasac-m2.unige.ch\m-HumanNeuronLab\ANALYSIS\FLM\Analysis_LoraFanda\01_FBM_Analysis\outputs\04_ersp_LM_RAWONLY\PAT_3301\LM\ERSP_matrix\picture\PAT_3301_picture_WM_ERSP_FOG3_TN.npy,0.0201033591731266,0.0008785529715762,True,1049,5,0.033871084,5
PAT_3301,picture,LM,FOG4,\\nasac-m2.unige.ch\m-HumanNeuronLab\ANALYSIS\FLM\Analysis_LoraFanda\01_FBM_Analysis\outputs\04_ersp_LM_RAWONLY\PAT_3301\LM\ERSP_matrix\picture\PAT_3301_picture_WM_ERSP_FOG4_TN.npy,0.021937984496124,0.0009819121447028,True,1050,7,-0.019808715,7
PAT_3301,picture,LM,FOG5,\\nasac-m2.unige.ch\m-HumanNeuronLab\ANALYSIS\FLM\Analysis_LoraFanda\01_FBM_Analysis\outputs\04_ersp_LM_RAWONLY\PAT_3301\LM\ERSP_matrix\picture\PAT_3301_picture_WM_ERSP_FOG5_TN.npy,0.025891472868217,0.0024547803617571,True,1051,5,-0.00081958,5
PAT_3301,picture,LM,FOG9,\\nasac-m2.unige.ch\m-HumanNeuronLab\ANALYSIS\FLM\Analysis_LoraFanda\01_FBM_Analysis\outputs\04_ersp_LM_RAWONLY\PAT_3301\LM\ERSP_matrix\picture\PAT_3301_picture_WM_ERSP_FOG9_TN.npy,0.0226614987080103,0.0006718346253229,True,1052,7,0.009919247,7
PAT_3301,picture,LM,FPD10,\\nasac-m2.unige.ch\m-HumanNeuronLab\ANALYSIS\FLM\Analysis_LoraFanda\01_FBM_Analysis\outputs\04_ersp_LM_RAWONLY\PAT_3301\LM\ERSP_matrix\picture\PAT_3301_picture_WM_ERSP_FPD10_TN.npy,0.0203100775193798,0.0007493540051679,True,1053,5,0.06551829,5
PAT_3301,picture,LM,FPD2,\\nasac-m2.unige.ch\m-HumanNeuronLab\ANALYSIS\FLM\Analysis_LoraFanda\01_FBM_Analysis\outputs\04_ersp_LM_RAWONLY\PAT_3301\LM\ERSP_matrix\picture\PAT_3301_picture_WM_ERSP_FPD2_TN.npy,0.0241085271317829,0.0002067183462532,True,1054,9,0.02915069,9
PAT_3301,picture,LM,FPD3,\\nasac-m2.unige.ch\m-HumanNeuronLab\ANALYSIS\FLM\Analysis_LoraFanda\01_FBM_Analysis\outputs\04_ersp_LM_RAWONLY\PAT_3301\LM\ERSP_matrix\picture\PAT_3301_picture_WM_ERSP_FPD3_TN.npy,0.0202325581395348,0.0009560723514211,True,1055,5,0.0526521,5
PAT_3301,picture,LM,FPD4,\\nasac-m2.unige.ch\m-HumanNeuronLab\ANALYSIS\FLM\Analysis_LoraFanda\01_FBM_Analysis\outputs\04_ersp_LM_RAWONLY\PAT_3301\LM\ERSP_matrix\picture\PAT_3301_picture_WM_ERSP_FPD4_TN.npy,0.0436175710594315,0.0006976744186046,True,1056,0,0.015245099,0
PAT_3301,picture,LM,FPD6,\\nasac-m2.unige.ch\m-HumanNeuronLab\ANALYSIS\FLM\Analysis_LoraFanda\01_FBM_Analysis\outputs\04_ersp_LM_RAWONLY\PAT_3301\LM\ERSP_matrix\picture\PAT_3301_picture_WM_ERSP_FPD6_TN.npy,0.0210335917312661,0.0002842377260981,True,1057,9,0.029725762,9
PAT_3301,picture,LM,FPG9,\\nasac-m2.unige.ch\m-HumanNeuronLab\ANALYSIS\FLM\Analysis_LoraFanda\01_FBM_Analysis\outputs\04_ersp_LM_RAWONLY\PAT_3301\LM\ERSP_matrix\picture\PAT_3301_picture_WM_ERSP_FPG9_TN.npy,0.0232299741602067,0.000594315245478,True,1058,5,0.04318035,5
PAT_3301,picture,LM,IAD2,\\nasac-m2.unige.ch\m-HumanNeuronLab\ANALYSIS\FLM\Analysis_LoraFanda\01_FBM_Analysis\outputs\04_ersp_LM_RAWONLY\PAT_3301\LM\ERSP_matrix\picture\PAT_3301_picture_WM_ERSP_IAD2_TN.npy,0.0333591731266149,0.0010852713178294,True,1059,9,0.06057506,9
PAT_3301,picture,LM,IAG1,\\nasac-m2.unige.ch\m-HumanNeuronLab\ANALYSIS\FLM\Analysis_LoraFanda\01_FBM_Analysis\outputs\04_ersp_LM_RAWONLY\PAT_3301\LM\ERSP_matrix\picture\PAT_3301_picture_WM_ERSP_IAG1_TN.npy,0.0278811369509043,0.0003875968992248,True,1060,1,-0.11005259,1
PAT_3301,picture,LM,IAG2,\\nasac-m2.unige.ch\m-HumanNeuronLab\ANALYSIS\FLM\Analysis_LoraFanda\01_FBM_Analysis\outputs\04_ersp_LM_RAWONLY\PAT_3301\LM\ERSP_matrix\picture\PAT_3301_picture_WM_ERSP_IAG2_TN.npy,0.0316020671834625,0.0013953488372093,True,1061,1,-0.099388875,1
PAT_3301,picture,LM,IAG3,\\nasac-m2.unige.ch\m-HumanNeuronLab\ANALYSIS\FLM\Analysis_LoraFanda\01_FBM_Analysis\outputs\04_ersp_LM_RAWONLY\PAT_3301\LM\ERSP_matrix\picture\PAT_3301_picture_WM_ERSP_IAG3_TN.npy,0.0284496124031007,0.0003359173126614,True,1062,1,-0.06770066,1
PAT_3301,picture,LM,IAG4,\\nasac-m2.unige.ch\m-HumanNeuronLab\ANALYSIS\FLM\Analysis_LoraFanda\01_FBM_Analysis\outputs\04_ersp_LM_RAWONLY\PAT_3301\LM\ERSP_matrix\picture\PAT_3301_picture_WM_ERSP_IAG4_TN.npy,0.0325581395348837,0.0,True,1063,1,-0.030308302,1
PAT_3301,picture,LM,IMD10,\\nasac-m2.unige.ch\m-HumanNeuronLab\ANALYSIS\FLM\Analysis_LoraFanda\01_FBM_Analysis\outputs\04_ersp_LM_RAWONLY\PAT_3301\LM\ERSP_matrix\picture\PAT_3301_picture_WM_ERSP_IMD10_TN.npy,0.0530232558139534,0.0018087855297157,True,1064,7,0.004105184,7
PAT_3301,picture,LM,IMD12,\\nasac-m2.unige.ch\m-HumanNeuronLab\ANALYSIS\FLM\Analysis_LoraFanda\01_FBM_Analysis\outputs\04_ersp_LM_RAWONLY\PAT_3301\LM\ERSP_matrix\picture\PAT_3301_picture_WM_ERSP_IMD12_TN.npy,0.2386304909560723,0.0069250645994832,True,1065,1,-0.004799851,1
PAT_3301,picture,LM,IMD13,\\nasac-m2.unige.ch\m-HumanNeuronLab\ANALYSIS\FLM\Analysis_LoraFanda\01_FBM_Analysis\outputs\04_ersp_LM_RAWONLY\PAT_3301\LM\ERSP_matrix\picture\PAT_3301_picture_WM_ERSP_IMD13_TN.npy,0.1040568475452196,0.0085529715762273,True,1066,9,0.03925304,9
PAT_3301,picture,LM,IMD4,\\nasac-m2.unige.ch\m-HumanNeuronLab\ANALYSIS\FLM\Analysis_LoraFanda\01_FBM_Analysis\outputs\04_ersp_LM_RAWONLY\PAT_3301\LM\ERSP_matrix\picture\PAT_3301_picture_WM_ERSP_IMD4_TN.npy,0.0639793281653746,0.0004134366925064,True,1067,8,-0.04466385,8
PAT_3301,picture,LM,IMD5,\\nasac-m2.unige.ch\m-HumanNeuronLab\ANALYSIS\FLM\Analysis_LoraFanda\01_FBM_Analysis\outputs\04_ersp_LM_RAWONLY\PAT_3301\LM\ERSP_matrix\picture\PAT_3301_picture_WM_ERSP_IMD5_TN.npy,0.0703359173126615,0.0001291989664082,True,1068,8,0.05310275,8
PAT_3301,picture,LM,IMD6,\\nasac-m2.unige.ch\m-HumanNeuronLab\ANALYSIS\FLM\Analysis_LoraFanda\01_FBM_Analysis\outputs\04_ersp_LM_RAWONLY\PAT_3301\LM\ERSP_matrix\picture\PAT_3301_picture_WM_ERSP_IMD6_TN.npy,0.0548062015503875,2.5839793281653743e-05,True,1069,1,-0.09553092,1
PAT_3301,picture,LM,IMD7,\\nasac-m2.unige.ch\m-HumanNeuronLab\ANALYSIS\FLM\Analysis_LoraFanda\01_FBM_Analysis\outputs\04_ersp_LM_RAWONLY\PAT_3301\LM\ERSP_matrix\picture\PAT_3301_picture_WM_ERSP_IMD7_TN.npy,0.0510335917312661,0.0003875968992248,True,1070,8,-0.0013969693,8
PAT_3301,picture,LM,IMD9,\\nasac-m2.unige.ch\m-HumanNeuronLab\ANALYSIS\FLM\Analysis_LoraFanda\01_FBM_Analysis\outputs\04_ersp_LM_RAWONLY\PAT_3301\LM\ERSP_matrix\picture\PAT_3301_picture_WM_ERSP_IMD9_TN.npy,0.0269767441860465,0.0007235142118863,True,1071,7,-0.021786135,7
PAT_3301,picture,LM,IMG10,\\nasac-m2.unige.ch\m-HumanNeuronLab\ANALYSIS\FLM\Analysis_LoraFanda\01_FBM_Analysis\outputs\04_ersp_LM_RAWONLY\PAT_3301\LM\ERSP_matrix\picture\PAT_3301_picture_WM_ERSP_IMG10_TN.npy,0.0272093023255813,0.0020930232558139,True,1072,7,0.06428568,7
PAT_3301,picture,LM,IMG13,\\nasac-m2.unige.ch\m-HumanNeuronLab\ANALYSIS\FLM\Analysis_LoraFanda\01_FBM_Analysis\outputs\04_ersp_LM_RAWONLY\PAT_3301\LM\ERSP_matrix\picture\PAT_3301_picture_WM_ERSP_IMG13_TN.npy,0.0217829457364341,0.0007235142118863,True,1073,7,0.030295616,7
PAT_3301,picture,LM,IMG1,\\nasac-m2.unige.ch\m-HumanNeuronLab\ANALYSIS\FLM\Analysis_LoraFanda\01_FBM_Analysis\outputs\04_ersp_LM_RAWONLY\PAT_3301\LM\ERSP_matrix\picture\PAT_3301_picture_WM_ERSP_IMG1_TN.npy,0.027984496124031,0.0006201550387596,True,1074,8,-0.04039932,8
PAT_3301,picture,LM,IMG9,\\nasac-m2.unige.ch\m-HumanNeuronLab\ANALYSIS\FLM\Analysis_LoraFanda\01_FBM_Analysis\outputs\04_ersp_LM_RAWONLY\PAT_3301\LM\ERSP_matrix\picture\PAT_3301_picture_WM_ERSP_IMG9_TN.npy,0.031266149870801,0.0006201550387596,True,1075,5,0.03985453,5
PAT_3390,audio,LM,CPG10,\\nasac-m2.unige.ch\m-HumanNeuronLab\ANALYSIS\FLM\Analysis_LoraFanda\01_FBM_Analysis\outputs\04_ersp_LM_RAWONLY\PAT_3390\LM\ERSP_matrix\audio\PAT_3390_audio_WM_ERSP_CPG10_TN.npy,0.0577002583979328,0.0001291989664082,True,1076,8,-0.033349533,8
PAT_3390,audio,LM,CPG11,\\nasac-m2.unige.ch\m-HumanNeuronLab\ANALYSIS\FLM\Analysis_LoraFanda\01_FBM_Analysis\outputs\04_ersp_LM_RAWONLY\PAT_3390\LM\ERSP_matrix\audio\PAT_3390_audio_WM_ERSP_CPG11_TN.npy,0.066485788113695,0.0005684754521963,True,1077,8,-0.025189638,8
PAT_3390,audio,LM,CPG12,\\nasac-m2.unige.ch\m-HumanNeuronLab\ANALYSIS\FLM\Analysis_LoraFanda\01_FBM_Analysis\outputs\04_ersp_LM_RAWONLY\PAT_3390\LM\ERSP_matrix\audio\PAT_3390_audio_WM_ERSP_CPG12_TN.npy,0.0816279069767441,0.0008527131782945,True,1078,8,0.007159053,8
PAT_3390,audio,LM,CPG13,\\nasac-m2.unige.ch\m-HumanNeuronLab\ANALYSIS\FLM\Analysis_LoraFanda\01_FBM_Analysis\outputs\04_ersp_LM_RAWONLY\PAT_3390\LM\ERSP_matrix\audio\PAT_3390_audio_WM_ERSP_CPG13_TN.npy,0.0829715762273901,0.0004134366925064,True,1079,8,0.033252183,8
PAT_3390,audio,LM,CPG14,\\nasac-m2.unige.ch\m-HumanNeuronLab\ANALYSIS\FLM\Analysis_LoraFanda\01_FBM_Analysis\outputs\04_ersp_LM_RAWONLY\PAT_3390\LM\ERSP_matrix\audio\PAT_3390_audio_WM_ERSP_CPG14_TN.npy,0.0695348837209302,0.000516795865633,True,1080,8,0.033842035,8
PAT_3390,audio,LM,CPG15,\\nasac-m2.unige.ch\m-HumanNeuronLab\ANALYSIS\FLM\Analysis_LoraFanda\01_FBM_Analysis\outputs\04_ersp_LM_RAWONLY\PAT_3390\LM\ERSP_matrix\audio\PAT_3390_audio_WM_ERSP_CPG15_TN.npy,0.0591989664082687,0.0004651162790697,True,1081,8,0.03740744,8
PAT_3390,audio,LM,CPG9,\\nasac-m2.unige.ch\m-HumanNeuronLab\ANALYSIS\FLM\Analysis_LoraFanda\01_FBM_Analysis\outputs\04_ersp_LM_RAWONLY\PAT_3390\LM\ERSP_matrix\audio\PAT_3390_audio_WM_ERSP_CPG9_TN.npy,0.0284237726098191,0.000516795865633,True,1082,5,0.090614505,5
PAT_3390,audio,LM,TPG1,\\nasac-m2.unige.ch\m-HumanNeuronLab\ANALYSIS\FLM\Analysis_LoraFanda\01_FBM_Analysis\outputs\04_ersp_LM_RAWONLY\PAT_3390\LM\ERSP_matrix\audio\PAT_3390_audio_WM_ERSP_TPG1_TN.npy,0.0245994832041343,0.0004651162790697,True,1083,9,0.064844936,9
PAT_3390,audio,LM,TPG2,\\nasac-m2.unige.ch\m-HumanNeuronLab\ANALYSIS\FLM\Analysis_LoraFanda\01_FBM_Analysis\outputs\04_ersp_LM_RAWONLY\PAT_3390\LM\ERSP_matrix\audio\PAT_3390_audio_WM_ERSP_TPG2_TN.npy,0.0263307493540051,0.0003875968992248,True,1084,9,0.043421376,9
PAT_3390,picture,LM,CPG10,\\nasac-m2.unige.ch\m-HumanNeuronLab\ANALYSIS\FLM\Analysis_LoraFanda\01_FBM_Analysis\outputs\04_ersp_LM_RAWONLY\PAT_3390\LM\ERSP_matrix\picture\PAT_3390_picture_WM_ERSP_CPG10_TN.npy,0.0348578811369509,0.0004909560723514,True,1085,8,-0.046851162,8
PAT_3390,picture,LM,CPG11,\\nasac-m2.unige.ch\m-HumanNeuronLab\ANALYSIS\FLM\Analysis_LoraFanda\01_FBM_Analysis\outputs\04_ersp_LM_RAWONLY\PAT_3390\LM\ERSP_matrix\picture\PAT_3390_picture_WM_ERSP_CPG11_TN.npy,0.0565891472868217,0.0003100775193798,True,1086,8,0.0056843096,8
PAT_3390,picture,LM,CPG12,\\nasac-m2.unige.ch\m-HumanNeuronLab\ANALYSIS\FLM\Analysis_LoraFanda\01_FBM_Analysis\outputs\04_ersp_LM_RAWONLY\PAT_3390\LM\ERSP_matrix\picture\PAT_3390_picture_WM_ERSP_CPG12_TN.npy,0.0601291989664082,0.0001808785529715,True,1087,8,0.049390826,8
PAT_3390,picture,LM,CPG13,\\nasac-m2.unige.ch\m-HumanNeuronLab\ANALYSIS\FLM\Analysis_LoraFanda\01_FBM_Analysis\outputs\04_ersp_LM_RAWONLY\PAT_3390\LM\ERSP_matrix\picture\PAT_3390_picture_WM_ERSP_CPG13_TN.npy,0.0507493540051679,0.0003100775193798,True,1088,8,0.008121859,8
PAT_3390,picture,LM,CPG14,\\nasac-m2.unige.ch\m-HumanNeuronLab\ANALYSIS\FLM\Analysis_LoraFanda\01_FBM_Analysis\outputs\04_ersp_LM_RAWONLY\PAT_3390\LM\ERSP_matrix\picture\PAT_3390_picture_WM_ERSP_CPG14_TN.npy,0.0448837209302325,0.0004134366925064,True,1089,8,-0.020367753,8
PAT_3390,picture,LM,CPG15,\\nasac-m2.unige.ch\m-HumanNeuronLab\ANALYSIS\FLM\Analysis_LoraFanda\01_FBM_Analysis\outputs\04_ersp_LM_RAWONLY\PAT_3390\LM\ERSP_matrix\picture\PAT_3390_picture_WM_ERSP_CPG15_TN.npy,0.0332299741602067,0.0004392764857881,True,1090,8,-0.043504678,8
PAT_3390,picture,LM,CPG9,\\nasac-m2.unige.ch\m-HumanNeuronLab\ANALYSIS\FLM\Analysis_LoraFanda\01_FBM_Analysis\outputs\04_ersp_LM_RAWONLY\PAT_3390\LM\ERSP_matrix\picture\PAT_3390_picture_WM_ERSP_CPG9_TN.npy,0.0233333333333333,0.0001550387596899,True,1091,5,0.041337796,5
PAT_3390,picture,LM,TPG4,\\nasac-m2.unige.ch\m-HumanNeuronLab\ANALYSIS\FLM\Analysis_LoraFanda\01_FBM_Analysis\outputs\04_ersp_LM_RAWONLY\PAT_3390\LM\ERSP_matrix\picture\PAT_3390_picture_WM_ERSP_TPG4_TN.npy,0.0251162790697674,0.0023772609819121,True,1092,0,0.03352152,0
PAT_3390,picture,LM,TPG5,\\nasac-m2.unige.ch\m-HumanNeuronLab\ANALYSIS\FLM\Analysis_LoraFanda\01_FBM_Analysis\outputs\04_ersp_LM_RAWONLY\PAT_3390\LM\ERSP_matrix\picture\PAT_3390_picture_WM_ERSP_TPG5_TN.npy,0.0255813953488372,0.0030232558139534,True,1093,0,0.086430326,0
PAT_3390,reading,LM,CPG10,\\nasac-m2.unige.ch\m-HumanNeuronLab\ANALYSIS\FLM\Analysis_LoraFanda\01_FBM_Analysis\outputs\04_ersp_LM_RAWONLY\PAT_3390\LM\ERSP_matrix\reading\PAT_3390_reading_WM_ERSP_CPG10_TN.npy,0.0507751937984496,0.0006459948320413,True,1094,5,0.06030395,5
PAT_3390,reading,LM,CPG11,\\nasac-m2.unige.ch\m-HumanNeuronLab\ANALYSIS\FLM\Analysis_LoraFanda\01_FBM_Analysis\outputs\04_ersp_LM_RAWONLY\PAT_3390\LM\ERSP_matrix\reading\PAT_3390_reading_WM_ERSP_CPG11_TN.npy,0.0809302325581395,0.0005684754521963,True,1095,8,-0.013097646,8
PAT_3390,reading,LM,CPG12,\\nasac-m2.unige.ch\m-HumanNeuronLab\ANALYSIS\FLM\Analysis_LoraFanda\01_FBM_Analysis\outputs\04_ersp_LM_RAWONLY\PAT_3390\LM\ERSP_matrix\reading\PAT_3390_reading_WM_ERSP_CPG12_TN.npy,0.091860465116279,0.0004909560723514,True,1096,8,0.0061626914,8
PAT_3390,reading,LM,CPG13,\\nasac-m2.unige.ch\m-HumanNeuronLab\ANALYSIS\FLM\Analysis_LoraFanda\01_FBM_Analysis\outputs\04_ersp_LM_RAWONLY\PAT_3390\LM\ERSP_matrix\reading\PAT_3390_reading_WM_ERSP_CPG13_TN.npy,0.1005426356589147,0.0005684754521963,True,1097,8,-0.0075617074,8
PAT_3390,reading,LM,CPG14,\\nasac-m2.unige.ch\m-HumanNeuronLab\ANALYSIS\FLM\Analysis_LoraFanda\01_FBM_Analysis\outputs\04_ersp_LM_RAWONLY\PAT_3390\LM\ERSP_matrix\reading\PAT_3390_reading_WM_ERSP_CPG14_TN.npy,0.0939793281653746,0.0012403100775193,True,1098,3,-0.057185054,3
PAT_3390,reading,LM,CPG15,\\nasac-m2.unige.ch\m-HumanNeuronLab\ANALYSIS\FLM\Analysis_LoraFanda\01_FBM_Analysis\outputs\04_ersp_LM_RAWONLY\PAT_3390\LM\ERSP_matrix\reading\PAT_3390_reading_WM_ERSP_CPG15_TN.npy,0.0859173126614987,0.0016020671834625,True,1099,3,-0.027590996,3
PAT_3390,reading,LM,CPG7,\\nasac-m2.unige.ch\m-HumanNeuronLab\ANALYSIS\FLM\Analysis_LoraFanda\01_FBM_Analysis\outputs\04_ersp_LM_RAWONLY\PAT_3390\LM\ERSP_matrix\reading\PAT_3390_reading_WM_ERSP_CPG7_TN.npy,0.0216279069767441,0.0006459948320413,True,1100,5,0.08525138,5
PAT_3390,reading,LM,CPG9,\\nasac-m2.unige.ch\m-HumanNeuronLab\ANALYSIS\FLM\Analysis_LoraFanda\01_FBM_Analysis\outputs\04_ersp_LM_RAWONLY\PAT_3390\LM\ERSP_matrix\reading\PAT_3390_reading_WM_ERSP_CPG9_TN.npy,0.0268733850129198,0.0006459948320413,True,1101,5,0.08586976,5
PAT_3390,reading,LM,PHG12,\\nasac-m2.unige.ch\m-HumanNeuronLab\ANALYSIS\FLM\Analysis_LoraFanda\01_FBM_Analysis\outputs\04_ersp_LM_RAWONLY\PAT_3390\LM\ERSP_matrix\reading\PAT_3390_reading_WM_ERSP_PHG12_TN.npy,0.0714470284237726,0.0040826873385012,True,1102,2,-0.06487751,2
PAT_3415,audio,LM,GA1,\\nasac-m2.unige.ch\m-HumanNeuronLab\ANALYSIS\FLM\Analysis_LoraFanda\01_FBM_Analysis\outputs\04_ersp_LM_RAWONLY\PAT_3415\LM\ERSP_matrix\audio\PAT_3415_audio_WM_ERSP_GA1_TN.npy,0.057829457364341,0.0006201550387596,True,1103,8,-0.073154554,8
PAT_3415,audio,LM,GA2,\\nasac-m2.unige.ch\m-HumanNeuronLab\ANALYSIS\FLM\Analysis_LoraFanda\01_FBM_Analysis\outputs\04_ersp_LM_RAWONLY\PAT_3415\LM\ERSP_matrix\audio\PAT_3415_audio_WM_ERSP_GA2_TN.npy,0.0488113695090439,0.0008268733850129,True,1104,9,0.12838233,9
PAT_3415,audio,LM,GA3,\\nasac-m2.unige.ch\m-HumanNeuronLab\ANALYSIS\FLM\Analysis_LoraFanda\01_FBM_Analysis\outputs\04_ersp_LM_RAWONLY\PAT_3415\LM\ERSP_matrix\audio\PAT_3415_audio_WM_ERSP_GA3_TN.npy,0.064470284237726,0.0008010335917312,True,1105,8,-0.072061434,8
PAT_3415,audio,LM,GA4,\\nasac-m2.unige.ch\m-HumanNeuronLab\ANALYSIS\FLM\Analysis_LoraFanda\01_FBM_Analysis\outputs\04_ersp_LM_RAWONLY\PAT_3415\LM\ERSP_matrix\audio\PAT_3415_audio_WM_ERSP_GA4_TN.npy,0.0500775193798449,0.0016795865633074,True,1106,9,0.09037233,9
PAT_3415,audio,LM,GA5,\\nasac-m2.unige.ch\m-HumanNeuronLab\ANALYSIS\FLM\Analysis_LoraFanda\01_FBM_Analysis\outputs\04_ersp_LM_RAWONLY\PAT_3415\LM\ERSP_matrix\audio\PAT_3415_audio_WM_ERSP_GA5_TN.npy,0.0404651162790697,0.0013695090439276,True,1107,9,0.08861425,9
PAT_3415,audio,LM,GA6,\\nasac-m2.unige.ch\m-HumanNeuronLab\ANALYSIS\FLM\Analysis_LoraFanda\01_FBM_Analysis\outputs\04_ersp_LM_RAWONLY\PAT_3415\LM\ERSP_matrix\audio\PAT_3415_audio_WM_ERSP_GA6_TN.npy,0.0528423772609819,0.0008268733850129,True,1108,9,0.11201567,9
PAT_3415,audio,LM,GA7,\\nasac-m2.unige.ch\m-HumanNeuronLab\ANALYSIS\FLM\Analysis_LoraFanda\01_FBM_Analysis\outputs\04_ersp_LM_RAWONLY\PAT_3415\LM\ERSP_matrix\audio\PAT_3415_audio_WM_ERSP_GA7_TN.npy,0.0562273901808785,0.0007751937984496,True,1109,9,0.122428805,9
PAT_3415,audio,LM,GA8,\\nasac-m2.unige.ch\m-HumanNeuronLab\ANALYSIS\FLM\Analysis_LoraFanda\01_FBM_Analysis\outputs\04_ersp_LM_RAWONLY\PAT_3415\LM\ERSP_matrix\audio\PAT_3415_audio_WM_ERSP_GA8_TN.npy,0.0585529715762273,0.0002842377260981,True,1110,9,0.05027235,9
PAT_3415,audio,LM,GB1,\\nasac-m2.unige.ch\m-HumanNeuronLab\ANALYSIS\FLM\Analysis_LoraFanda\01_FBM_Analysis\outputs\04_ersp_LM_RAWONLY\PAT_3415\LM\ERSP_matrix\audio\PAT_3415_audio_WM_ERSP_GB1_TN.npy,0.0444961240310077,0.0028940568475452,True,1111,9,0.14393997,9
PAT_3415,audio,LM,GB2,\\nasac-m2.unige.ch\m-HumanNeuronLab\ANALYSIS\FLM\Analysis_LoraFanda\01_FBM_Analysis\outputs\04_ersp_LM_RAWONLY\PAT_3415\LM\ERSP_matrix\audio\PAT_3415_audio_WM_ERSP_GB2_TN.npy,0.0655038759689922,0.000516795865633,True,1112,9,0.113220185,9
PAT_3415,audio,LM,GB3,\\nasac-m2.unige.ch\m-HumanNeuronLab\ANALYSIS\FLM\Analysis_LoraFanda\01_FBM_Analysis\outputs\04_ersp_LM_RAWONLY\PAT_3415\LM\ERSP_matrix\audio\PAT_3415_audio_WM_ERSP_GB3_TN.npy,0.1724806201550387,7.751937984496124e-05,True,1113,8,0.10591957,8
PAT_3415,audio,LM,GB4,\\nasac-m2.unige.ch\m-HumanNeuronLab\ANALYSIS\FLM\Analysis_LoraFanda\01_FBM_Analysis\outputs\04_ersp_LM_RAWONLY\PAT_3415\LM\ERSP_matrix\audio\PAT_3415_audio_WM_ERSP_GB4_TN.npy,0.150516795865633,0.0005684754521963,True,1114,8,0.075243644,8
PAT_3415,audio,LM,GB5,\\nasac-m2.unige.ch\m-HumanNeuronLab\ANALYSIS\FLM\Analysis_LoraFanda\01_FBM_Analysis\outputs\04_ersp_LM_RAWONLY\PAT_3415\LM\ERSP_matrix\audio\PAT_3415_audio_WM_ERSP_GB5_TN.npy,0.046640826873385,0.0008785529715762,True,1115,9,0.06744575,9
PAT_3415,audio,LM,GB6,\\nasac-m2.unige.ch\m-HumanNeuronLab\ANALYSIS\FLM\Analysis_LoraFanda\01_FBM_Analysis\outputs\04_ersp_LM_RAWONLY\PAT_3415\LM\ERSP_matrix\audio\PAT_3415_audio_WM_ERSP_GB6_TN.npy,0.0526873385012919,0.0011369509043927,True,1116,9,0.13791938,9
PAT_3415,audio,LM,GB7,\\nasac-m2.unige.ch\m-HumanNeuronLab\ANALYSIS\FLM\Analysis_LoraFanda\01_FBM_Analysis\outputs\04_ersp_LM_RAWONLY\PAT_3415\LM\ERSP_matrix\audio\PAT_3415_audio_WM_ERSP_GB7_TN.npy,0.0352713178294573,0.0016279069767441,True,1117,9,0.14573841,9
PAT_3415,audio,LM,GB8,\\nasac-m2.unige.ch\m-HumanNeuronLab\ANALYSIS\FLM\Analysis_LoraFanda\01_FBM_Analysis\outputs\04_ersp_LM_RAWONLY\PAT_3415\LM\ERSP_matrix\audio\PAT_3415_audio_WM_ERSP_GB8_TN.npy,0.0597416020671834,0.001188630490956,True,1118,9,0.16207403,9
PAT_3415,audio,LM,GC1,\\nasac-m2.unige.ch\m-HumanNeuronLab\ANALYSIS\FLM\Analysis_LoraFanda\01_FBM_Analysis\outputs\04_ersp_LM_RAWONLY\PAT_3415\LM\ERSP_matrix\audio\PAT_3415_audio_WM_ERSP_GC1_TN.npy,0.0444961240310077,0.0006201550387596,True,1119,9,0.1223243,9
PAT_3415,audio,LM,GC2,\\nasac-m2.unige.ch\m-HumanNeuronLab\ANALYSIS\FLM\Analysis_LoraFanda\01_FBM_Analysis\outputs\04_ersp_LM_RAWONLY\PAT_3415\LM\ERSP_matrix\audio\PAT_3415_audio_WM_ERSP_GC2_TN.npy,0.0311627906976744,0.0011111111111111,True,1120,9,0.13059811,9
PAT_3415,audio,LM,GC3,\\nasac-m2.unige.ch\m-HumanNeuronLab\ANALYSIS\FLM\Analysis_LoraFanda\01_FBM_Analysis\outputs\04_ersp_LM_RAWONLY\PAT_3415\LM\ERSP_matrix\audio\PAT_3415_audio_WM_ERSP_GC3_TN.npy,0.0564082687338501,0.0010077519379844,True,1121,9,0.1624838,9
PAT_3415,audio,LM,GC4,\\nasac-m2.unige.ch\m-HumanNeuronLab\ANALYSIS\FLM\Analysis_LoraFanda\01_FBM_Analysis\outputs\04_ersp_LM_RAWONLY\PAT_3415\LM\ERSP_matrix\audio\PAT_3415_audio_WM_ERSP_GC4_TN.npy,0.0606718346253229,0.0009819121447028,True,1122,9,0.08519048,9
PAT_3415,audio,LM,GC5,\\nasac-m2.unige.ch\m-HumanNeuronLab\ANALYSIS\FLM\Analysis_LoraFanda\01_FBM_Analysis\outputs\04_ersp_LM_RAWONLY\PAT_3415\LM\ERSP_matrix\audio\PAT_3415_audio_WM_ERSP_GC5_TN.npy,0.0494056847545219,0.0022739018087855,True,1123,9,0.14687166,9
PAT_3415,audio,LM,GC6,\\nasac-m2.unige.ch\m-HumanNeuronLab\ANALYSIS\FLM\Analysis_LoraFanda\01_FBM_Analysis\outputs\04_ersp_LM_RAWONLY\PAT_3415\LM\ERSP_matrix\audio\PAT_3415_audio_WM_ERSP_GC6_TN.npy,0.0447286821705426,0.0036950904392764,True,1124,9,0.12541026,9
PAT_3415,audio,LM,GC7,\\nasac-m2.unige.ch\m-HumanNeuronLab\ANALYSIS\FLM\Analysis_LoraFanda\01_FBM_Analysis\outputs\04_ersp_LM_RAWONLY\PAT_3415\LM\ERSP_matrix\audio\PAT_3415_audio_WM_ERSP_GC7_TN.npy,0.0486304909560723,0.0014470284237726,True,1125,9,0.17969853,9
PAT_3415,audio,LM,GC8,\\nasac-m2.unige.ch\m-HumanNeuronLab\ANALYSIS\FLM\Analysis_LoraFanda\01_FBM_Analysis\outputs\04_ersp_LM_RAWONLY\PAT_3415\LM\ERSP_matrix\audio\PAT_3415_audio_WM_ERSP_GC8_TN.npy,0.0524806201550387,0.0011627906976744,True,1126,9,0.16047798,9
PAT_3415,audio,LM,GD1,\\nasac-m2.unige.ch\m-HumanNeuronLab\ANALYSIS\FLM\Analysis_LoraFanda\01_FBM_Analysis\outputs\04_ersp_LM_RAWONLY\PAT_3415\LM\ERSP_matrix\audio\PAT_3415_audio_WM_ERSP_GD1_TN.npy,0.05328165374677,0.0007493540051679,True,1127,9,0.09551792,9
PAT_3415,audio,LM,GD2,\\nasac-m2.unige.ch\m-HumanNeuronLab\ANALYSIS\FLM\Analysis_LoraFanda\01_FBM_Analysis\outputs\04_ersp_LM_RAWONLY\PAT_3415\LM\ERSP_matrix\audio\PAT_3415_audio_WM_ERSP_GD2_TN.npy,0.0264599483204134,0.0010594315245478,True,1128,9,0.13312376,9
PAT_3415,audio,LM,GD3,\\nasac-m2.unige.ch\m-HumanNeuronLab\ANALYSIS\FLM\Analysis_LoraFanda\01_FBM_Analysis\outputs\04_ersp_LM_RAWONLY\PAT_3415\LM\ERSP_matrix\audio\PAT_3415_audio_WM_ERSP_GD3_TN.npy,0.0668475452196382,0.0004909560723514,True,1129,9,0.15976413,9
PAT_3415,audio,LM,GD4,\\nasac-m2.unige.ch\m-HumanNeuronLab\ANALYSIS\FLM\Analysis_LoraFanda\01_FBM_Analysis\outputs\04_ersp_LM_RAWONLY\PAT_3415\LM\ERSP_matrix\audio\PAT_3415_audio_WM_ERSP_GD4_TN.npy,0.0408268733850129,0.0007751937984496,True,1130,9,0.112072825,9
PAT_3415,audio,LM,GD5,\\nasac-m2.unige.ch\m-HumanNeuronLab\ANALYSIS\FLM\Analysis_LoraFanda\01_FBM_Analysis\outputs\04_ersp_LM_RAWONLY\PAT_3415\LM\ERSP_matrix\audio\PAT_3415_audio_WM_ERSP_GD5_TN.npy,0.0404392764857881,0.0087338501291989,True,1131,7,-0.009336142,7
PAT_3415,audio,LM,GD6,\\nasac-m2.unige.ch\m-HumanNeuronLab\ANALYSIS\FLM\Analysis_LoraFanda\01_FBM_Analysis\outputs\04_ersp_LM_RAWONLY\PAT_3415\LM\ERSP_matrix\audio\PAT_3415_audio_WM_ERSP_GD6_TN.npy,0.045297157622739,0.0020671834625322,True,1132,9,0.13299492,9
PAT_3415,audio,LM,GD7,\\nasac-m2.unige.ch\m-HumanNeuronLab\ANALYSIS\FLM\Analysis_LoraFanda\01_FBM_Analysis\outputs\04_ersp_LM_RAWONLY\PAT_3415\LM\ERSP_matrix\audio\PAT_3415_audio_WM_ERSP_GD7_TN.npy,0.045813953488372,0.0009302325581395,True,1133,9,0.18335012,9
PAT_3415,audio,LM,GD8,\\nasac-m2.unige.ch\m-HumanNeuronLab\ANALYSIS\FLM\Analysis_LoraFanda\01_FBM_Analysis\outputs\04_ersp_LM_RAWONLY\PAT_3415\LM\ERSP_matrix\audio\PAT_3415_audio_WM_ERSP_GD8_TN.npy,0.0475710594315245,0.0012919896640826,True,1134,9,0.16940385,9
PAT_3415,audio,LM,GE1,\\nasac-m2.unige.ch\m-HumanNeuronLab\ANALYSIS\FLM\Analysis_LoraFanda\01_FBM_Analysis\outputs\04_ersp_LM_RAWONLY\PAT_3415\LM\ERSP_matrix\audio\PAT_3415_audio_WM_ERSP_GE1_TN.npy,0.0521963824289405,0.0010335917312661,True,1135,9,0.1687201,9
PAT_3415,audio,LM,GE2,\\nasac-m2.unige.ch\m-HumanNeuronLab\ANALYSIS\FLM\Analysis_LoraFanda\01_FBM_Analysis\outputs\04_ersp_LM_RAWONLY\PAT_3415\LM\ERSP_matrix\audio\PAT_3415_audio_WM_ERSP_GE2_TN.npy,0.0543669250645994,0.0010077519379844,True,1136,8,-0.06847361,8
PAT_3415,audio,LM,GE3,\\nasac-m2.unige.ch\m-HumanNeuronLab\ANALYSIS\FLM\Analysis_LoraFanda\01_FBM_Analysis\outputs\04_ersp_LM_RAWONLY\PAT_3415\LM\ERSP_matrix\audio\PAT_3415_audio_WM_ERSP_GE3_TN.npy,0.0740568475452196,0.0007751937984496,True,1137,8,-0.06676321,8
PAT_3415,audio,LM,GE4,\\nasac-m2.unige.ch\m-HumanNeuronLab\ANALYSIS\FLM\Analysis_LoraFanda\01_FBM_Analysis\outputs\04_ersp_LM_RAWONLY\PAT_3415\LM\ERSP_matrix\audio\PAT_3415_audio_WM_ERSP_GE4_TN.npy,0.0887338501291989,0.000516795865633,True,1138,8,0.033789918,8
PAT_3415,audio,LM,GE5,\\nasac-m2.unige.ch\m-HumanNeuronLab\ANALYSIS\FLM\Analysis_LoraFanda\01_FBM_Analysis\outputs\04_ersp_LM_RAWONLY\PAT_3415\LM\ERSP_matrix\audio\PAT_3415_audio_WM_ERSP_GE5_TN.npy,0.0491214470284237,0.00328165374677,True,1139,9,0.103262655,9
PAT_3415,audio,LM,GE6,\\nasac-m2.unige.ch\m-HumanNeuronLab\ANALYSIS\FLM\Analysis_LoraFanda\01_FBM_Analysis\outputs\04_ersp_LM_RAWONLY\PAT_3415\LM\ERSP_matrix\audio\PAT_3415_audio_WM_ERSP_GE6_TN.npy,0.0454263565891472,0.0013695090439276,True,1140,9,0.12973604,9
PAT_3415,audio,LM,GE7,\\nasac-m2.unige.ch\m-HumanNeuronLab\ANALYSIS\FLM\Analysis_LoraFanda\01_FBM_Analysis\outputs\04_ersp_LM_RAWONLY\PAT_3415\LM\ERSP_matrix\audio\PAT_3415_audio_WM_ERSP_GE7_TN.npy,0.0513695090439276,0.0010335917312661,True,1141,9,0.15663393,9
PAT_3415,audio,LM,GE8,\\nasac-m2.unige.ch\m-HumanNeuronLab\ANALYSIS\FLM\Analysis_LoraFanda\01_FBM_Analysis\outputs\04_ersp_LM_RAWONLY\PAT_3415\LM\ERSP_matrix\audio\PAT_3415_audio_WM_ERSP_GE8_TN.npy,0.0444444444444444,0.0008010335917312,True,1142,9,0.15339069,9
PAT_3415,audio,LM,GF1,\\nasac-m2.unige.ch\m-HumanNeuronLab\ANALYSIS\FLM\Analysis_LoraFanda\01_FBM_Analysis\outputs\04_ersp_LM_RAWONLY\PAT_3415\LM\ERSP_matrix\audio\PAT_3415_audio_WM_ERSP_GF1_TN.npy,0.0528682170542635,0.0019121447028423,True,1143,9,0.13959008,9
PAT_3415,audio,LM,GF2,\\nasac-m2.unige.ch\m-HumanNeuronLab\ANALYSIS\FLM\Analysis_LoraFanda\01_FBM_Analysis\outputs\04_ersp_LM_RAWONLY\PAT_3415\LM\ERSP_matrix\audio\PAT_3415_audio_WM_ERSP_GF2_TN.npy,0.061860465116279,0.0012144702842377,True,1144,9,0.08456906,9
PAT_3415,audio,LM,GF3,\\nasac-m2.unige.ch\m-HumanNeuronLab\ANALYSIS\FLM\Analysis_LoraFanda\01_FBM_Analysis\outputs\04_ersp_LM_RAWONLY\PAT_3415\LM\ERSP_matrix\audio\PAT_3415_audio_WM_ERSP_GF3_TN.npy,0.0672093023255814,0.0006718346253229,True,1145,9,0.048275184,9
PAT_3415,audio,LM,GF4,\\nasac-m2.unige.ch\m-HumanNeuronLab\ANALYSIS\FLM\Analysis_LoraFanda\01_FBM_Analysis\outputs\04_ersp_LM_RAWONLY\PAT_3415\LM\ERSP_matrix\audio\PAT_3415_audio_WM_ERSP_GF4_TN.npy,0.0557622739018087,0.0014211886304909,True,1146,9,0.170431,9
PAT_3415,audio,LM,GF5,\\nasac-m2.unige.ch\m-HumanNeuronLab\ANALYSIS\FLM\Analysis_LoraFanda\01_FBM_Analysis\outputs\04_ersp_LM_RAWONLY\PAT_3415\LM\ERSP_matrix\audio\PAT_3415_audio_WM_ERSP_GF5_TN.npy,0.0358397932816537,0.0013178294573643,True,1147,9,0.17085215,9
PAT_3415,audio,LM,GF6,\\nasac-m2.unige.ch\m-HumanNeuronLab\ANALYSIS\FLM\Analysis_LoraFanda\01_FBM_Analysis\outputs\04_ersp_LM_RAWONLY\PAT_3415\LM\ERSP_matrix\audio\PAT_3415_audio_WM_ERSP_GF6_TN.npy,0.0629715762273901,0.0020671834625322,True,1148,9,0.069912545,9
PAT_3415,audio,LM,GF7,\\nasac-m2.unige.ch\m-HumanNeuronLab\ANALYSIS\FLM\Analysis_LoraFanda\01_FBM_Analysis\outputs\04_ersp_LM_RAWONLY\PAT_3415\LM\ERSP_matrix\audio\PAT_3415_audio_WM_ERSP_GF7_TN.npy,0.0359948320413436,0.0020155038759689,True,1149,9,0.16720301,9
PAT_3415,audio,LM,GF8,\\nasac-m2.unige.ch\m-HumanNeuronLab\ANALYSIS\FLM\Analysis_LoraFanda\01_FBM_Analysis\outputs\04_ersp_LM_RAWONLY\PAT_3415\LM\ERSP_matrix\audio\PAT_3415_audio_WM_ERSP_GF8_TN.npy,0.045891472868217,0.0009043927648578,True,1150,9,0.16657391,9
PAT_3415,audio,LM,GG1,\\nasac-m2.unige.ch\m-HumanNeuronLab\ANALYSIS\FLM\Analysis_LoraFanda\01_FBM_Analysis\outputs\04_ersp_LM_RAWONLY\PAT_3415\LM\ERSP_matrix\audio\PAT_3415_audio_WM_ERSP_GG1_TN.npy,0.0558397932816537,0.0020155038759689,True,1151,9,0.15610485,9
PAT_3415,audio,LM,GG2,\\nasac-m2.unige.ch\m-HumanNeuronLab\ANALYSIS\FLM\Analysis_LoraFanda\01_FBM_Analysis\outputs\04_ersp_LM_RAWONLY\PAT_3415\LM\ERSP_matrix\audio\PAT_3415_audio_WM_ERSP_GG2_TN.npy,0.054625322997416,0.0010852713178294,True,1152,9,0.1508188,9
PAT_3415,audio,LM,GG3,\\nasac-m2.unige.ch\m-HumanNeuronLab\ANALYSIS\FLM\Analysis_LoraFanda\01_FBM_Analysis\outputs\04_ersp_LM_RAWONLY\PAT_3415\LM\ERSP_matrix\audio\PAT_3415_audio_WM_ERSP_GG3_TN.npy,0.0511369509043927,0.0011111111111111,True,1153,9,0.18368186,9
PAT_3415,audio,LM,GG4,\\nasac-m2.unige.ch\m-HumanNeuronLab\ANALYSIS\FLM\Analysis_LoraFanda\01_FBM_Analysis\outputs\04_ersp_LM_RAWONLY\PAT_3415\LM\ERSP_matrix\audio\PAT_3415_audio_WM_ERSP_GG4_TN.npy,0.0368733850129198,0.0013695090439276,True,1154,9,0.11300208,9
PAT_3415,audio,LM,GG5,\\nasac-m2.unige.ch\m-HumanNeuronLab\ANALYSIS\FLM\Analysis_LoraFanda\01_FBM_Analysis\outputs\04_ersp_LM_RAWONLY\PAT_3415\LM\ERSP_matrix\audio\PAT_3415_audio_WM_ERSP_GG5_TN.npy,0.0432558139534883,0.0012403100775193,True,1155,9,0.15964837,9
PAT_3415,audio,LM,GG6,\\nasac-m2.unige.ch\m-HumanNeuronLab\ANALYSIS\FLM\Analysis_LoraFanda\01_FBM_Analysis\outputs\04_ersp_LM_RAWONLY\PAT_3415\LM\ERSP_matrix\audio\PAT_3415_audio_WM_ERSP_GG6_TN.npy,0.0443152454780361,0.0007493540051679,True,1156,9,0.13650289,9
PAT_3415,audio,LM,GG7,\\nasac-m2.unige.ch\m-HumanNeuronLab\ANALYSIS\FLM\Analysis_LoraFanda\01_FBM_Analysis\outputs\04_ersp_LM_RAWONLY\PAT_3415\LM\ERSP_matrix\audio\PAT_3415_audio_WM_ERSP_GG7_TN.npy,0.0548062015503875,0.0008527131782945,True,1157,9,0.11090602,9
PAT_3415,audio,LM,GG8,\\nasac-m2.unige.ch\m-HumanNeuronLab\ANALYSIS\FLM\Analysis_LoraFanda\01_FBM_Analysis\outputs\04_ersp_LM_RAWONLY\PAT_3415\LM\ERSP_matrix\audio\PAT_3415_audio_WM_ERSP_GG8_TN.npy,0.0387080103359173,0.0007751937984496,True,1158,9,0.14570837,9
PAT_3415,audio,LM,GH1,\\nasac-m2.unige.ch\m-HumanNeuronLab\ANALYSIS\FLM\Analysis_LoraFanda\01_FBM_Analysis\outputs\04_ersp_LM_RAWONLY\PAT_3415\LM\ERSP_matrix\audio\PAT_3415_audio_WM_ERSP_GH1_TN.npy,0.0711369509043927,0.0034366925064599,True,1159,9,0.118565746,9
PAT_3415,audio,LM,GH2,\\nasac-m2.unige.ch\m-HumanNeuronLab\ANALYSIS\FLM\Analysis_LoraFanda\01_FBM_Analysis\outputs\04_ersp_LM_RAWONLY\PAT_3415\LM\ERSP_matrix\audio\PAT_3415_audio_WM_ERSP_GH2_TN.npy,0.049922480620155,0.0024806201550387,True,1160,9,0.1784116,9
PAT_3415,audio,LM,GH3,\\nasac-m2.unige.ch\m-HumanNeuronLab\ANALYSIS\FLM\Analysis_LoraFanda\01_FBM_Analysis\outputs\04_ersp_LM_RAWONLY\PAT_3415\LM\ERSP_matrix\audio\PAT_3415_audio_WM_ERSP_GH3_TN.npy,0.0518087855297157,0.0017312661498708,True,1161,9,0.1284446,9
PAT_3415,audio,LM,GH4,\\nasac-m2.unige.ch\m-HumanNeuronLab\ANALYSIS\FLM\Analysis_LoraFanda\01_FBM_Analysis\outputs\04_ersp_LM_RAWONLY\PAT_3415\LM\ERSP_matrix\audio\PAT_3415_audio_WM_ERSP_GH4_TN.npy,0.0342635658914728,0.001860465116279,True,1162,9,0.15579814,9
PAT_3415,audio,LM,GH5,\\nasac-m2.unige.ch\m-HumanNeuronLab\ANALYSIS\FLM\Analysis_LoraFanda\01_FBM_Analysis\outputs\04_ersp_LM_RAWONLY\PAT_3415\LM\ERSP_matrix\audio\PAT_3415_audio_WM_ERSP_GH5_TN.npy,0.0403617571059431,0.002532299741602,True,1163,9,0.10284031,9
PAT_3415,audio,LM,GH6,\\nasac-m2.unige.ch\m-HumanNeuronLab\ANALYSIS\FLM\Analysis_LoraFanda\01_FBM_Analysis\outputs\04_ersp_LM_RAWONLY\PAT_3415\LM\ERSP_matrix\audio\PAT_3415_audio_WM_ERSP_GH6_TN.npy,0.0481912144702842,0.0021447028423772,True,1164,9,0.20620304,9
PAT_3415,audio,LM,GH7,\\nasac-m2.unige.ch\m-HumanNeuronLab\ANALYSIS\FLM\Analysis_LoraFanda\01_FBM_Analysis\outputs\04_ersp_LM_RAWONLY\PAT_3415\LM\ERSP_matrix\audio\PAT_3415_audio_WM_ERSP_GH7_TN.npy,0.0443669250645994,0.0010852713178294,True,1165,9,0.16902845,9
PAT_3415,audio,LM,GH8,\\nasac-m2.unige.ch\m-HumanNeuronLab\ANALYSIS\FLM\Analysis_LoraFanda\01_FBM_Analysis\outputs\04_ersp_LM_RAWONLY\PAT_3415\LM\ERSP_matrix\audio\PAT_3415_audio_WM_ERSP_GH8_TN.npy,0.0413695090439276,0.0011111111111111,True,1166,9,0.15353057,9
PAT_3415,audio,LM,IMG10,\\nasac-m2.unige.ch\m-HumanNeuronLab\ANALYSIS\FLM\Analysis_LoraFanda\01_FBM_Analysis\outputs\04_ersp_LM_RAWONLY\PAT_3415\LM\ERSP_matrix\audio\PAT_3415_audio_WM_ERSP_IMG10_TN.npy,0.0633591731266149,0.0006718346253229,True,1167,9,0.113371015,9
PAT_3415,audio,LM,IMG11,\\nasac-m2.unige.ch\m-HumanNeuronLab\ANALYSIS\FLM\Analysis_LoraFanda\01_FBM_Analysis\outputs\04_ersp_LM_RAWONLY\PAT_3415\LM\ERSP_matrix\audio\PAT_3415_audio_WM_ERSP_IMG11_TN.npy,0.0596124031007751,0.0012144702842377,True,1168,9,0.161844,9
PAT_3415,audio,LM,IMG12,\\nasac-m2.unige.ch\m-HumanNeuronLab\ANALYSIS\FLM\Analysis_LoraFanda\01_FBM_Analysis\outputs\04_ersp_LM_RAWONLY\PAT_3415\LM\ERSP_matrix\audio\PAT_3415_audio_WM_ERSP_IMG12_TN.npy,0.0558656330749354,0.0010594315245478,True,1169,9,0.19199657,9
PAT_3415,audio,LM,IMG13,\\nasac-m2.unige.ch\m-HumanNeuronLab\ANALYSIS\FLM\Analysis_LoraFanda\01_FBM_Analysis\outputs\04_ersp_LM_RAWONLY\PAT_3415\LM\ERSP_matrix\audio\PAT_3415_audio_WM_ERSP_IMG13_TN.npy,0.0610077519379844,0.0007751937984496,True,1170,9,0.09770888,9
PAT_3415,audio,LM,IMG14,\\nasac-m2.unige.ch\m-HumanNeuronLab\ANALYSIS\FLM\Analysis_LoraFanda\01_FBM_Analysis\outputs\04_ersp_LM_RAWONLY\PAT_3415\LM\ERSP_matrix\audio\PAT_3415_audio_WM_ERSP_IMG14_TN.npy,0.0623772609819121,0.0007751937984496,True,1171,9,0.08092508,9
PAT_3415,audio,LM,IMG18,\\nasac-m2.unige.ch\m-HumanNeuronLab\ANALYSIS\FLM\Analysis_LoraFanda\01_FBM_Analysis\outputs\04_ersp_LM_RAWONLY\PAT_3415\LM\ERSP_matrix\audio\PAT_3415_audio_WM_ERSP_IMG18_TN.npy,0.0569250645994832,0.001188630490956,True,1172,9,0.15912728,9
PAT_3415,audio,LM,IMG1,\\nasac-m2.unige.ch\m-HumanNeuronLab\ANALYSIS\FLM\Analysis_LoraFanda\01_FBM_Analysis\outputs\04_ersp_LM_RAWONLY\PAT_3415\LM\ERSP_matrix\audio\PAT_3415_audio_WM_ERSP_IMG1_TN.npy,0.0563565891472868,0.0015762273901808,True,1173,9,0.14992361,9
PAT_3415,audio,LM,IMG2,\\nasac-m2.unige.ch\m-HumanNeuronLab\ANALYSIS\FLM\Analysis_LoraFanda\01_FBM_Analysis\outputs\04_ersp_LM_RAWONLY\PAT_3415\LM\ERSP_matrix\audio\PAT_3415_audio_WM_ERSP_IMG2_TN.npy,0.0536434108527131,0.0014211886304909,True,1174,9,0.13368662,9
PAT_3415,audio,LM,IMG3,\\nasac-m2.unige.ch\m-HumanNeuronLab\ANALYSIS\FLM\Analysis_LoraFanda\01_FBM_Analysis\outputs\04_ersp_LM_RAWONLY\PAT_3415\LM\ERSP_matrix\audio\PAT_3415_audio_WM_ERSP_IMG3_TN.npy,0.0531266149870801,0.0008527131782945,True,1175,9,0.1497448,9
PAT_3415,audio,LM,IMG4,\\nasac-m2.unige.ch\m-HumanNeuronLab\ANALYSIS\FLM\Analysis_LoraFanda\01_FBM_Analysis\outputs\04_ersp_LM_RAWONLY\PAT_3415\LM\ERSP_matrix\audio\PAT_3415_audio_WM_ERSP_IMG4_TN.npy,0.0532299741602067,0.0015762273901808,True,1176,9,0.17097375,9
PAT_3415,audio,LM,IMG5,\\nasac-m2.unige.ch\m-HumanNeuronLab\ANALYSIS\FLM\Analysis_LoraFanda\01_FBM_Analysis\outputs\04_ersp_LM_RAWONLY\PAT_3415\LM\ERSP_matrix\audio\PAT_3415_audio_WM_ERSP_IMG5_TN.npy,0.0554780361757105,0.0011369509043927,True,1177,9,0.16879995,9
PAT_3415,audio,LM,IMG6,\\nasac-m2.unige.ch\m-HumanNeuronLab\ANALYSIS\FLM\Analysis_LoraFanda\01_FBM_Analysis\outputs\04_ersp_LM_RAWONLY\PAT_3415\LM\ERSP_matrix\audio\PAT_3415_audio_WM_ERSP_IMG6_TN.npy,0.0673901808785529,0.0048837209302325,True,1178,9,0.12549958,9
PAT_3415,audio,LM,IMG7,\\nasac-m2.unige.ch\m-HumanNeuronLab\ANALYSIS\FLM\Analysis_LoraFanda\01_FBM_Analysis\outputs\04_ersp_LM_RAWONLY\PAT_3415\LM\ERSP_matrix\audio\PAT_3415_audio_WM_ERSP_IMG7_TN.npy,0.0591989664082687,0.0011369509043927,True,1179,9,0.16142535,9
PAT_3415,audio,LM,IMG9,\\nasac-m2.unige.ch\m-HumanNeuronLab\ANALYSIS\FLM\Analysis_LoraFanda\01_FBM_Analysis\outputs\04_ersp_LM_RAWONLY\PAT_3415\LM\ERSP_matrix\audio\PAT_3415_audio_WM_ERSP_IMG9_TN.npy,0.0528682170542635,0.0054005167958656,True,1180,9,0.15364392,9
PAT_3415,audio,LM,IPG11,\\nasac-m2.unige.ch\m-HumanNeuronLab\ANALYSIS\FLM\Analysis_LoraFanda\01_FBM_Analysis\outputs\04_ersp_LM_RAWONLY\PAT_3415\LM\ERSP_matrix\audio\PAT_3415_audio_WM_ERSP_IPG11_TN.npy,0.0694832041343669,0.0004134366925064,True,1181,9,0.09319086,9
PAT_3415,audio,LM,IPG14,\\nasac-m2.unige.ch\m-HumanNeuronLab\ANALYSIS\FLM\Analysis_LoraFanda\01_FBM_Analysis\outputs\04_ersp_LM_RAWONLY\PAT_3415\LM\ERSP_matrix\audio\PAT_3415_audio_WM_ERSP_IPG14_TN.npy,0.067906976744186,0.0006976744186046,True,1182,8,-0.05385587,8
PAT_3415,audio,LM,IPG16,\\nasac-m2.unige.ch\m-HumanNeuronLab\ANALYSIS\FLM\Analysis_LoraFanda\01_FBM_Analysis\outputs\04_ersp_LM_RAWONLY\PAT_3415\LM\ERSP_matrix\audio\PAT_3415_audio_WM_ERSP_IPG16_TN.npy,0.065891472868217,0.000594315245478,True,1183,9,0.093238585,9
PAT_3415,audio,LM,IPG17,\\nasac-m2.unige.ch\m-HumanNeuronLab\ANALYSIS\FLM\Analysis_LoraFanda\01_FBM_Analysis\outputs\04_ersp_LM_RAWONLY\PAT_3415\LM\ERSP_matrix\audio\PAT_3415_audio_WM_ERSP_IPG17_TN.npy,0.0730232558139534,0.0004651162790697,True,1184,9,0.08513682,9
PAT_3415,audio,LM,IPG1,\\nasac-m2.unige.ch\m-HumanNeuronLab\ANALYSIS\FLM\Analysis_LoraFanda\01_FBM_Analysis\outputs\04_ersp_LM_RAWONLY\PAT_3415\LM\ERSP_matrix\audio\PAT_3415_audio_WM_ERSP_IPG1_TN.npy,0.0647803617571059,0.0009302325581395,True,1185,9,0.1538266,9
PAT_3415,audio,LM,IPG2,\\nasac-m2.unige.ch\m-HumanNeuronLab\ANALYSIS\FLM\Analysis_LoraFanda\01_FBM_Analysis\outputs\04_ersp_LM_RAWONLY\PAT_3415\LM\ERSP_matrix\audio\PAT_3415_audio_WM_ERSP_IPG2_TN.npy,0.0599741602067183,0.0006201550387596,True,1186,9,0.13468464,9
PAT_3415,audio,LM,IPG3,\\nasac-m2.unige.ch\m-HumanNeuronLab\ANALYSIS\FLM\Analysis_LoraFanda\01_FBM_Analysis\outputs\04_ersp_LM_RAWONLY\PAT_3415\LM\ERSP_matrix\audio\PAT_3415_audio_WM_ERSP_IPG3_TN.npy,0.0615762273901808,0.0006459948320413,True,1187,9,0.12882549,9
PAT_3415,audio,LM,IPG4,\\nasac-m2.unige.ch\m-HumanNeuronLab\ANALYSIS\FLM\Analysis_LoraFanda\01_FBM_Analysis\outputs\04_ersp_LM_RAWONLY\PAT_3415\LM\ERSP_matrix\audio\PAT_3415_audio_WM_ERSP_IPG4_TN.npy,0.0686304909560723,0.0003100775193798,True,1188,9,0.10880852,9
PAT_3415,audio,LM,IPG5,\\nasac-m2.unige.ch\m-HumanNeuronLab\ANALYSIS\FLM\Analysis_LoraFanda\01_FBM_Analysis\outputs\04_ersp_LM_RAWONLY\PAT_3415\LM\ERSP_matrix\audio\PAT_3415_audio_WM_ERSP_IPG5_TN.npy,0.064547803617571,0.0008527131782945,True,1189,9,0.117136665,9
PAT_3415,audio,LM,IPG6,\\nasac-m2.unige.ch\m-HumanNeuronLab\ANALYSIS\FLM\Analysis_LoraFanda\01_FBM_Analysis\outputs\04_ersp_LM_RAWONLY\PAT_3415\LM\ERSP_matrix\audio\PAT_3415_audio_WM_ERSP_IPG6_TN.npy,0.0699483204134367,0.0003359173126614,True,1190,8,-0.06520396,8
PAT_3415,audio,LM,IPG7,\\nasac-m2.unige.ch\m-HumanNeuronLab\ANALYSIS\FLM\Analysis_LoraFanda\01_FBM_Analysis\outputs\04_ersp_LM_RAWONLY\PAT_3415\LM\ERSP_matrix\audio\PAT_3415_audio_WM_ERSP_IPG7_TN.npy,0.0648837209302325,0.0004392764857881,True,1191,8,-0.07090395,8
PAT_3415,audio,LM,IPG8,\\nasac-m2.unige.ch\m-HumanNeuronLab\ANALYSIS\FLM\Analysis_LoraFanda\01_FBM_Analysis\outputs\04_ersp_LM_RAWONLY\PAT_3415\LM\ERSP_matrix\audio\PAT_3415_audio_WM_ERSP_IPG8_TN.npy,0.071860465116279,0.0004651162790697,True,1192,8,-0.05589795,8
PAT_3415,audio,LM,IPG9,\\nasac-m2.unige.ch\m-HumanNeuronLab\ANALYSIS\FLM\Analysis_LoraFanda\01_FBM_Analysis\outputs\04_ersp_LM_RAWONLY\PAT_3415\LM\ERSP_matrix\audio\PAT_3415_audio_WM_ERSP_IPG9_TN.npy,0.0756072351421188,0.0007751937984496,True,1193,8,-0.054032084,8
PAT_3415,audio,LM,OI1,\\nasac-m2.unige.ch\m-HumanNeuronLab\ANALYSIS\FLM\Analysis_LoraFanda\01_FBM_Analysis\outputs\04_ersp_LM_RAWONLY\PAT_3415\LM\ERSP_matrix\audio\PAT_3415_audio_WM_ERSP_OI1_TN.npy,0.1175452196382429,0.0007493540051679,True,1194,1,-0.019085994,1
PAT_3415,audio,LM,OI2,\\nasac-m2.unige.ch\m-HumanNeuronLab\ANALYSIS\FLM\Analysis_LoraFanda\01_FBM_Analysis\outputs\04_ersp_LM_RAWONLY\PAT_3415\LM\ERSP_matrix\audio\PAT_3415_audio_WM_ERSP_OI2_TN.npy,0.0233074935400516,0.0130232558139534,True,1195,9,0.063375585,9
PAT_3415,audio,LM,OI3,\\nasac-m2.unige.ch\m-HumanNeuronLab\ANALYSIS\FLM\Analysis_LoraFanda\01_FBM_Analysis\outputs\04_ersp_LM_RAWONLY\PAT_3415\LM\ERSP_matrix\audio\PAT_3415_audio_WM_ERSP_OI3_TN.npy,0.055891472868217,0.0021447028423772,True,1196,9,0.08322677,9
PAT_3415,audio,LM,OI4,\\nasac-m2.unige.ch\m-HumanNeuronLab\ANALYSIS\FLM\Analysis_LoraFanda\01_FBM_Analysis\outputs\04_ersp_LM_RAWONLY\PAT_3415\LM\ERSP_matrix\audio\PAT_3415_audio_WM_ERSP_OI4_TN.npy,0.0850904392764857,0.0011111111111111,True,1197,1,-0.0713364,1
PAT_3415,audio,LM,OI5,\\nasac-m2.unige.ch\m-HumanNeuronLab\ANALYSIS\FLM\Analysis_LoraFanda\01_FBM_Analysis\outputs\04_ersp_LM_RAWONLY\PAT_3415\LM\ERSP_matrix\audio\PAT_3415_audio_WM_ERSP_OI5_TN.npy,0.0689664082687338,0.0028682170542635,True,1198,9,0.06686192,9
PAT_3415,audio,LM,OI6,\\nasac-m2.unige.ch\m-HumanNeuronLab\ANALYSIS\FLM\Analysis_LoraFanda\01_FBM_Analysis\outputs\04_ersp_LM_RAWONLY\PAT_3415\LM\ERSP_matrix\audio\PAT_3415_audio_WM_ERSP_OI6_TN.npy,0.0432558139534883,0.0015762273901808,True,1199,9,0.18210123,9
PAT_3415,audio,LM,OS1,\\nasac-m2.unige.ch\m-HumanNeuronLab\ANALYSIS\FLM\Analysis_LoraFanda\01_FBM_Analysis\outputs\04_ersp_LM_RAWONLY\PAT_3415\LM\ERSP_matrix\audio\PAT_3415_audio_WM_ERSP_OS1_TN.npy,0.2297157622739018,5.167958656330749e-05,True,1200,1,0.06413181,1
PAT_3415,audio,LM,OS2,\\nasac-m2.unige.ch\m-HumanNeuronLab\ANALYSIS\FLM\Analysis_LoraFanda\01_FBM_Analysis\outputs\04_ersp_LM_RAWONLY\PAT_3415\LM\ERSP_matrix\audio\PAT_3415_audio_WM_ERSP_OS2_TN.npy,0.1087855297157622,0.0016795865633074,True,1201,1,0.038808677,1
PAT_3415,audio,LM,OS3,\\nasac-m2.unige.ch\m-HumanNeuronLab\ANALYSIS\FLM\Analysis_LoraFanda\01_FBM_Analysis\outputs\04_ersp_LM_RAWONLY\PAT_3415\LM\ERSP_matrix\audio\PAT_3415_audio_WM_ERSP_OS3_TN.npy,0.0629715762273901,0.0056072351421188,True,1202,9,0.03841932,9
PAT_3415,audio,LM,OS4,\\nasac-m2.unige.ch\m-HumanNeuronLab\ANALYSIS\FLM\Analysis_LoraFanda\01_FBM_Analysis\outputs\04_ersp_LM_RAWONLY\PAT_3415\LM\ERSP_matrix\audio\PAT_3415_audio_WM_ERSP_OS4_TN.npy,0.0404651162790697,0.001188630490956,True,1203,9,0.08960065,9
PAT_3415,audio,LM,OS5,\\nasac-m2.unige.ch\m-HumanNeuronLab\ANALYSIS\FLM\Analysis_LoraFanda\01_FBM_Analysis\outputs\04_ersp_LM_RAWONLY\PAT_3415\LM\ERSP_matrix\audio\PAT_3415_audio_WM_ERSP_OS5_TN.npy,0.0357364341085271,0.0029457364341085,True,1204,9,0.16768864,9
PAT_3415,audio,LM,OS6,\\nasac-m2.unige.ch\m-HumanNeuronLab\ANALYSIS\FLM\Analysis_LoraFanda\01_FBM_Analysis\outputs\04_ersp_LM_RAWONLY\PAT_3415\LM\ERSP_matrix\audio\PAT_3415_audio_WM_ERSP_OS6_TN.npy,0.0375968992248062,0.0019896640826873,True,1205,9,0.16802527,9
PAT_3415,audio,LM,TA1,\\nasac-m2.unige.ch\m-HumanNeuronLab\ANALYSIS\FLM\Analysis_LoraFanda\01_FBM_Analysis\outputs\04_ersp_LM_RAWONLY\PAT_3415\LM\ERSP_matrix\audio\PAT_3415_audio_WM_ERSP_TA1_TN.npy,0.0471834625322997,0.0054521963824289,True,1206,9,0.097300455,9
PAT_3415,audio,LM,TA2,\\nasac-m2.unige.ch\m-HumanNeuronLab\ANALYSIS\FLM\Analysis_LoraFanda\01_FBM_Analysis\outputs\04_ersp_LM_RAWONLY\PAT_3415\LM\ERSP_matrix\audio\PAT_3415_audio_WM_ERSP_TA2_TN.npy,0.0538501291989664,0.0063824289405684,True,1207,9,0.12578091,9
PAT_3415,audio,LM,TA3,\\nasac-m2.unige.ch\m-HumanNeuronLab\ANALYSIS\FLM\Analysis_LoraFanda\01_FBM_Analysis\outputs\04_ersp_LM_RAWONLY\PAT_3415\LM\ERSP_matrix\audio\PAT_3415_audio_WM_ERSP_TA3_TN.npy,0.0541860465116279,0.0029715762273901,True,1208,9,0.1721288,9
PAT_3415,audio,LM,TA4,\\nasac-m2.unige.ch\m-HumanNeuronLab\ANALYSIS\FLM\Analysis_LoraFanda\01_FBM_Analysis\outputs\04_ersp_LM_RAWONLY\PAT_3415\LM\ERSP_matrix\audio\PAT_3415_audio_WM_ERSP_TA4_TN.npy,0.0548062015503875,0.0048320413436692,True,1209,9,0.13138063,9
PAT_3415,audio,LM,TA5,\\nasac-m2.unige.ch\m-HumanNeuronLab\ANALYSIS\FLM\Analysis_LoraFanda\01_FBM_Analysis\outputs\04_ersp_LM_RAWONLY\PAT_3415\LM\ERSP_matrix\audio\PAT_3415_audio_WM_ERSP_TA5_TN.npy,0.0540826873385012,0.0094315245478036,True,1210,2,-0.07570519,2
PAT_3415,audio,LM,TA6,\\nasac-m2.unige.ch\m-HumanNeuronLab\ANALYSIS\FLM\Analysis_LoraFanda\01_FBM_Analysis\outputs\04_ersp_LM_RAWONLY\PAT_3415\LM\ERSP_matrix\audio\PAT_3415_audio_WM_ERSP_TA6_TN.npy,0.0526356589147286,0.0143410852713178,True,1211,2,-0.03509314,2
PAT_3415,audio,LM,TM1,\\nasac-m2.unige.ch\m-HumanNeuronLab\ANALYSIS\FLM\Analysis_LoraFanda\01_FBM_Analysis\outputs\04_ersp_LM_RAWONLY\PAT_3415\LM\ERSP_matrix\audio\PAT_3415_audio_WM_ERSP_TM1_TN.npy,0.0492764857881136,0.0042118863049095,True,1212,9,0.12735389,9
PAT_3415,audio,LM,TM2,\\nasac-m2.unige.ch\m-HumanNeuronLab\ANALYSIS\FLM\Analysis_LoraFanda\01_FBM_Analysis\outputs\04_ersp_LM_RAWONLY\PAT_3415\LM\ERSP_matrix\audio\PAT_3415_audio_WM_ERSP_TM2_TN.npy,0.05328165374677,0.0049354005167958,True,1213,9,0.078479975,9
PAT_3415,audio,LM,TM3,\\nasac-m2.unige.ch\m-HumanNeuronLab\ANALYSIS\FLM\Analysis_LoraFanda\01_FBM_Analysis\outputs\04_ersp_LM_RAWONLY\PAT_3415\LM\ERSP_matrix\audio\PAT_3415_audio_WM_ERSP_TM3_TN.npy,0.0604909560723514,0.0031266149870801,True,1214,9,0.104665786,9
PAT_3415,audio,LM,TM4,\\nasac-m2.unige.ch\m-HumanNeuronLab\ANALYSIS\FLM\Analysis_LoraFanda\01_FBM_Analysis\outputs\04_ersp_LM_RAWONLY\PAT_3415\LM\ERSP_matrix\audio\PAT_3415_audio_WM_ERSP_TM4_TN.npy,0.0501033591731266,0.0018346253229974,True,1215,9,0.087933145,9
PAT_3415,audio,LM,TM5,\\nasac-m2.unige.ch\m-HumanNeuronLab\ANALYSIS\FLM\Analysis_LoraFanda\01_FBM_Analysis\outputs\04_ersp_LM_RAWONLY\PAT_3415\LM\ERSP_matrix\audio\PAT_3415_audio_WM_ERSP_TM5_TN.npy,0.039250645994832,0.0014728682170542,True,1216,9,0.10272321,9
PAT_3415,audio,LM,TM6,\\nasac-m2.unige.ch\m-HumanNeuronLab\ANALYSIS\FLM\Analysis_LoraFanda\01_FBM_Analysis\outputs\04_ersp_LM_RAWONLY\PAT_3415\LM\ERSP_matrix\audio\PAT_3415_audio_WM_ERSP_TM6_TN.npy,0.0585529715762273,0.0087338501291989,True,1217,2,-0.060110427,2
PAT_3415,audio,LM,TP1,\\nasac-m2.unige.ch\m-HumanNeuronLab\ANALYSIS\FLM\Analysis_LoraFanda\01_FBM_Analysis\outputs\04_ersp_LM_RAWONLY\PAT_3415\LM\ERSP_matrix\audio\PAT_3415_audio_WM_ERSP_TP1_TN.npy,0.0601291989664082,0.0009560723514211,True,1218,8,-0.045251057,8
PAT_3415,audio,LM,TP2,\\nasac-m2.unige.ch\m-HumanNeuronLab\ANALYSIS\FLM\Analysis_LoraFanda\01_FBM_Analysis\outputs\04_ersp_LM_RAWONLY\PAT_3415\LM\ERSP_matrix\audio\PAT_3415_audio_WM_ERSP_TP2_TN.npy,0.0665374677002584,0.001937984496124,True,1219,9,0.08532088,9
PAT_3415,audio,LM,TP3,\\nasac-m2.unige.ch\m-HumanNeuronLab\ANALYSIS\FLM\Analysis_LoraFanda\01_FBM_Analysis\outputs\04_ersp_LM_RAWONLY\PAT_3415\LM\ERSP_matrix\audio\PAT_3415_audio_WM_ERSP_TP3_TN.npy,0.0505426356589147,0.0026873385012919,True,1220,9,0.1613125,9
PAT_3415,audio,LM,TP4,\\nasac-m2.unige.ch\m-HumanNeuronLab\ANALYSIS\FLM\Analysis_LoraFanda\01_FBM_Analysis\outputs\04_ersp_LM_RAWONLY\PAT_3415\LM\ERSP_matrix\audio\PAT_3415_audio_WM_ERSP_TP4_TN.npy,0.0525839793281653,0.0026873385012919,True,1221,9,0.16581865,9
PAT_3415,audio,LM,TP5,\\nasac-m2.unige.ch\m-HumanNeuronLab\ANALYSIS\FLM\Analysis_LoraFanda\01_FBM_Analysis\outputs\04_ersp_LM_RAWONLY\PAT_3415\LM\ERSP_matrix\audio\PAT_3415_audio_WM_ERSP_TP5_TN.npy,0.0484237726098191,0.0024547803617571,True,1222,9,0.21804002,9
PAT_3415,audio,LM,TP6,\\nasac-m2.unige.ch\m-HumanNeuronLab\ANALYSIS\FLM\Analysis_LoraFanda\01_FBM_Analysis\outputs\04_ersp_LM_RAWONLY\PAT_3415\LM\ERSP_matrix\audio\PAT_3415_audio_WM_ERSP_TP6_TN.npy,0.0513436692506459,0.0030232558139534,True,1223,9,0.19931565,9
PAT_3415,picture,LM,GA1,\\nasac-m2.unige.ch\m-HumanNeuronLab\ANALYSIS\FLM\Analysis_LoraFanda\01_FBM_Analysis\outputs\04_ersp_LM_RAWONLY\PAT_3415\LM\ERSP_matrix\picture\PAT_3415_picture_WM_ERSP_GA1_TN.npy,0.0305426356589147,0.0010077519379844,True,1224,9,0.121208765,9
PAT_3415,picture,LM,GA2,\\nasac-m2.unige.ch\m-HumanNeuronLab\ANALYSIS\FLM\Analysis_LoraFanda\01_FBM_Analysis\outputs\04_ersp_LM_RAWONLY\PAT_3415\LM\ERSP_matrix\picture\PAT_3415_picture_WM_ERSP_GA2_TN.npy,0.0292764857881136,0.0014728682170542,True,1225,9,0.07282402,9
PAT_3415,picture,LM,GA3,\\nasac-m2.unige.ch\m-HumanNeuronLab\ANALYSIS\FLM\Analysis_LoraFanda\01_FBM_Analysis\outputs\04_ersp_LM_RAWONLY\PAT_3415\LM\ERSP_matrix\picture\PAT_3415_picture_WM_ERSP_GA3_TN.npy,0.0355555555555555,0.0008527131782945,True,1226,9,0.1606995,9
PAT_3415,picture,LM,GA4,\\nasac-m2.unige.ch\m-HumanNeuronLab\ANALYSIS\FLM\Analysis_LoraFanda\01_FBM_Analysis\outputs\04_ersp_LM_RAWONLY\PAT_3415\LM\ERSP_matrix\picture\PAT_3415_picture_WM_ERSP_GA4_TN.npy,0.0303100775193798,0.0007493540051679,True,1227,9,0.14749743,9
PAT_3415,picture,LM,GA5,\\nasac-m2.unige.ch\m-HumanNeuronLab\ANALYSIS\FLM\Analysis_LoraFanda\01_FBM_Analysis\outputs\04_ersp_LM_RAWONLY\PAT_3415\LM\ERSP_matrix\picture\PAT_3415_picture_WM_ERSP_GA5_TN.npy,0.030516795865633,0.0003617571059431,True,1228,9,0.12187629,9
PAT_3415,picture,LM,GA6,\\nasac-m2.unige.ch\m-HumanNeuronLab\ANALYSIS\FLM\Analysis_LoraFanda\01_FBM_Analysis\outputs\04_ersp_LM_RAWONLY\PAT_3415\LM\ERSP_matrix\picture\PAT_3415_picture_WM_ERSP_GA6_TN.npy,0.0449870801033591,0.0008010335917312,True,1229,9,0.092979394,9
PAT_3415,picture,LM,GA7,\\nasac-m2.unige.ch\m-HumanNeuronLab\ANALYSIS\FLM\Analysis_LoraFanda\01_FBM_Analysis\outputs\04_ersp_LM_RAWONLY\PAT_3415\LM\ERSP_matrix\picture\PAT_3415_picture_WM_ERSP_GA7_TN.npy,0.0547028423772609,0.0003875968992248,True,1230,0,-0.0420233,0
PAT_3415,picture,LM,GA8,\\nasac-m2.unige.ch\m-HumanNeuronLab\ANALYSIS\FLM\Analysis_LoraFanda\01_FBM_Analysis\outputs\04_ersp_LM_RAWONLY\PAT_3415\LM\ERSP_matrix\picture\PAT_3415_picture_WM_ERSP_GA8_TN.npy,0.030516795865633,0.0010594315245478,True,1231,9,0.14890935,9
PAT_3415,picture,LM,GB1,\\nasac-m2.unige.ch\m-HumanNeuronLab\ANALYSIS\FLM\Analysis_LoraFanda\01_FBM_Analysis\outputs\04_ersp_LM_RAWONLY\PAT_3415\LM\ERSP_matrix\picture\PAT_3415_picture_WM_ERSP_GB1_TN.npy,0.0237209302325581,0.0005684754521963,True,1232,9,0.12810709,9
PAT_3415,picture,LM,GB2,\\nasac-m2.unige.ch\m-HumanNeuronLab\ANALYSIS\FLM\Analysis_LoraFanda\01_FBM_Analysis\outputs\04_ersp_LM_RAWONLY\PAT_3415\LM\ERSP_matrix\picture\PAT_3415_picture_WM_ERSP_GB2_TN.npy,0.0349354005167958,0.0014470284237726,True,1233,9,0.12070992,9
PAT_3415,picture,LM,GB3,\\nasac-m2.unige.ch\m-HumanNeuronLab\ANALYSIS\FLM\Analysis_LoraFanda\01_FBM_Analysis\outputs\04_ersp_LM_RAWONLY\PAT_3415\LM\ERSP_matrix\picture\PAT_3415_picture_WM_ERSP_GB3_TN.npy,0.1422480620155038,2.5839793281653743e-05,True,1234,8,0.07693392,8
PAT_3415,picture,LM,GB4,\\nasac-m2.unige.ch\m-HumanNeuronLab\ANALYSIS\FLM\Analysis_LoraFanda\01_FBM_Analysis\outputs\04_ersp_LM_RAWONLY\PAT_3415\LM\ERSP_matrix\picture\PAT_3415_picture_WM_ERSP_GB4_TN.npy,0.0810852713178294,0.0001291989664082,True,1235,8,-0.03414797,8
PAT_3415,picture,LM,GB5,\\nasac-m2.unige.ch\m-HumanNeuronLab\ANALYSIS\FLM\Analysis_LoraFanda\01_FBM_Analysis\outputs\04_ersp_LM_RAWONLY\PAT_3415\LM\ERSP_matrix\picture\PAT_3415_picture_WM_ERSP_GB5_TN.npy,0.0229198966408268,0.0017054263565891,True,1236,9,0.15971734,9
PAT_3415,picture,LM,GB6,\\nasac-m2.unige.ch\m-HumanNeuronLab\ANALYSIS\FLM\Analysis_LoraFanda\01_FBM_Analysis\outputs\04_ersp_LM_RAWONLY\PAT_3415\LM\ERSP_matrix\picture\PAT_3415_picture_WM_ERSP_GB6_TN.npy,0.0287080103359173,0.0025064599483204,True,1237,9,0.08646178,9
PAT_3415,picture,LM,GB7,\\nasac-m2.unige.ch\m-HumanNeuronLab\ANALYSIS\FLM\Analysis_LoraFanda\01_FBM_Analysis\outputs\04_ersp_LM_RAWONLY\PAT_3415\LM\ERSP_matrix\picture\PAT_3415_picture_WM_ERSP_GB7_TN.npy,0.02328165374677,0.0007493540051679,True,1238,9,0.11291128,9
PAT_3415,picture,LM,GB8,\\nasac-m2.unige.ch\m-HumanNeuronLab\ANALYSIS\FLM\Analysis_LoraFanda\01_FBM_Analysis\outputs\04_ersp_LM_RAWONLY\PAT_3415\LM\ERSP_matrix\picture\PAT_3415_picture_WM_ERSP_GB8_TN.npy,0.0327390180878552,0.0011627906976744,True,1239,9,0.18184437,9
PAT_3415,picture,LM,GC1,\\nasac-m2.unige.ch\m-HumanNeuronLab\ANALYSIS\FLM\Analysis_LoraFanda\01_FBM_Analysis\outputs\04_ersp_LM_RAWONLY\PAT_3415\LM\ERSP_matrix\picture\PAT_3415_picture_WM_ERSP_GC1_TN.npy,0.0248578811369509,0.0005684754521963,True,1240,9,0.07009623,9
PAT_3415,picture,LM,GC2,\\nasac-m2.unige.ch\m-HumanNeuronLab\ANALYSIS\FLM\Analysis_LoraFanda\01_FBM_Analysis\outputs\04_ersp_LM_RAWONLY\PAT_3415\LM\ERSP_matrix\picture\PAT_3415_picture_WM_ERSP_GC2_TN.npy,0.0212403100775193,0.0008785529715762,True,1241,7,-0.009944377,7
PAT_3415,picture,LM,GC3,\\nasac-m2.unige.ch\m-HumanNeuronLab\ANALYSIS\FLM\Analysis_LoraFanda\01_FBM_Analysis\outputs\04_ersp_LM_RAWONLY\PAT_3415\LM\ERSP_matrix\picture\PAT_3415_picture_WM_ERSP_GC3_TN.npy,0.0294832041343669,0.0015762273901808,True,1242,9,0.14987412,9
PAT_3415,picture,LM,GC4,\\nasac-m2.unige.ch\m-HumanNeuronLab\ANALYSIS\FLM\Analysis_LoraFanda\01_FBM_Analysis\outputs\04_ersp_LM_RAWONLY\PAT_3415\LM\ERSP_matrix\picture\PAT_3415_picture_WM_ERSP_GC4_TN.npy,0.0295865633074935,0.0013953488372093,True,1243,9,0.15614729,9
PAT_3415,picture,LM,GC5,\\nasac-m2.unige.ch\m-HumanNeuronLab\ANALYSIS\FLM\Analysis_LoraFanda\01_FBM_Analysis\outputs\04_ersp_LM_RAWONLY\PAT_3415\LM\ERSP_matrix\picture\PAT_3415_picture_WM_ERSP_GC5_TN.npy,0.0320671834625322,0.0041602067183462,True,1244,7,-0.026929613,7
PAT_3415,picture,LM,GC6,\\nasac-m2.unige.ch\m-HumanNeuronLab\ANALYSIS\FLM\Analysis_LoraFanda\01_FBM_Analysis\outputs\04_ersp_LM_RAWONLY\PAT_3415\LM\ERSP_matrix\picture\PAT_3415_picture_WM_ERSP_GC6_TN.npy,0.0255813953488372,0.0101808785529715,True,1245,4,-0.04553597,4
PAT_3415,picture,LM,GC7,\\nasac-m2.unige.ch\m-HumanNeuronLab\ANALYSIS\FLM\Analysis_LoraFanda\01_FBM_Analysis\outputs\04_ersp_LM_RAWONLY\PAT_3415\LM\ERSP_matrix\picture\PAT_3415_picture_WM_ERSP_GC7_TN.npy,0.0281912144702842,0.0013436692506459,True,1246,9,0.10865978,9
PAT_3415,picture,LM,GC8,\\nasac-m2.unige.ch\m-HumanNeuronLab\ANALYSIS\FLM\Analysis_LoraFanda\01_FBM_Analysis\outputs\04_ersp_LM_RAWONLY\PAT_3415\LM\ERSP_matrix\picture\PAT_3415_picture_WM_ERSP_GC8_TN.npy,0.0295090439276485,0.0017054263565891,True,1247,9,0.17199045,9
PAT_3415,picture,LM,GD1,\\nasac-m2.unige.ch\m-HumanNeuronLab\ANALYSIS\FLM\Analysis_LoraFanda\01_FBM_Analysis\outputs\04_ersp_LM_RAWONLY\PAT_3415\LM\ERSP_matrix\picture\PAT_3415_picture_WM_ERSP_GD1_TN.npy,0.0267700258397932,0.001188630490956,True,1248,9,0.14006993,9
PAT_3415,picture,LM,GD3,\\nasac-m2.unige.ch\m-HumanNeuronLab\ANALYSIS\FLM\Analysis_LoraFanda\01_FBM_Analysis\outputs\04_ersp_LM_RAWONLY\PAT_3415\LM\ERSP_matrix\picture\PAT_3415_picture_WM_ERSP_GD3_TN.npy,0.0454780361757105,0.000516795865633,True,1249,9,0.14309369,9
PAT_3415,picture,LM,GD4,\\nasac-m2.unige.ch\m-HumanNeuronLab\ANALYSIS\FLM\Analysis_LoraFanda\01_FBM_Analysis\outputs\04_ersp_LM_RAWONLY\PAT_3415\LM\ERSP_matrix\picture\PAT_3415_picture_WM_ERSP_GD4_TN.npy,0.0377519379844961,0.0006201550387596,True,1250,9,0.028420892,9
PAT_3415,picture,LM,GD5,\\nasac-m2.unige.ch\m-HumanNeuronLab\ANALYSIS\FLM\Analysis_LoraFanda\01_FBM_Analysis\outputs\04_ersp_LM_RAWONLY\PAT_3415\LM\ERSP_matrix\picture\PAT_3415_picture_WM_ERSP_GD5_TN.npy,0.0253488372093023,0.0003875968992248,True,1251,9,0.045503173,9
PAT_3415,picture,LM,GD6,\\nasac-m2.unige.ch\m-HumanNeuronLab\ANALYSIS\FLM\Analysis_LoraFanda\01_FBM_Analysis\outputs\04_ersp_LM_RAWONLY\PAT_3415\LM\ERSP_matrix\picture\PAT_3415_picture_WM_ERSP_GD6_TN.npy,0.0235400516795865,0.0018863049095607,True,1252,9,0.15055208,9
PAT_3415,picture,LM,GD7,\\nasac-m2.unige.ch\m-HumanNeuronLab\ANALYSIS\FLM\Analysis_LoraFanda\01_FBM_Analysis\outputs\04_ersp_LM_RAWONLY\PAT_3415\LM\ERSP_matrix\picture\PAT_3415_picture_WM_ERSP_GD7_TN.npy,0.029328165374677,0.0013436692506459,True,1253,9,0.14689252,9
PAT_3415,picture,LM,GD8,\\nasac-m2.unige.ch\m-HumanNeuronLab\ANALYSIS\FLM\Analysis_LoraFanda\01_FBM_Analysis\outputs\04_ersp_LM_RAWONLY\PAT_3415\LM\ERSP_matrix\picture\PAT_3415_picture_WM_ERSP_GD8_TN.npy,0.0284496124031007,0.0007751937984496,True,1254,9,0.13145873,9
PAT_3415,picture,LM,GE1,\\nasac-m2.unige.ch\m-HumanNeuronLab\ANALYSIS\FLM\Analysis_LoraFanda\01_FBM_Analysis\outputs\04_ersp_LM_RAWONLY\PAT_3415\LM\ERSP_matrix\picture\PAT_3415_picture_WM_ERSP_GE1_TN.npy,0.0299741602067183,0.0014470284237726,True,1255,9,0.17038423,9
PAT_3415,picture,LM,GE2,\\nasac-m2.unige.ch\m-HumanNeuronLab\ANALYSIS\FLM\Analysis_LoraFanda\01_FBM_Analysis\outputs\04_ersp_LM_RAWONLY\PAT_3415\LM\ERSP_matrix\picture\PAT_3415_picture_WM_ERSP_GE2_TN.npy,0.0437467700258397,0.0005684754521963,True,1256,8,-0.0600637,8
PAT_3415,picture,LM,GE3,\\nasac-m2.unige.ch\m-HumanNeuronLab\ANALYSIS\FLM\Analysis_LoraFanda\01_FBM_Analysis\outputs\04_ersp_LM_RAWONLY\PAT_3415\LM\ERSP_matrix\picture\PAT_3415_picture_WM_ERSP_GE3_TN.npy,0.0502842377260981,0.0014987080103359,True,1257,9,0.13024831,9
PAT_3415,picture,LM,GE4,\\nasac-m2.unige.ch\m-HumanNeuronLab\ANALYSIS\FLM\Analysis_LoraFanda\01_FBM_Analysis\outputs\04_ersp_LM_RAWONLY\PAT_3415\LM\ERSP_matrix\picture\PAT_3415_picture_WM_ERSP_GE4_TN.npy,0.0615245478036175,0.0007751937984496,True,1258,8,-0.04272682,8
PAT_3415,picture,LM,GE5,\\nasac-m2.unige.ch\m-HumanNeuronLab\ANALYSIS\FLM\Analysis_LoraFanda\01_FBM_Analysis\outputs\04_ersp_LM_RAWONLY\PAT_3415\LM\ERSP_matrix\picture\PAT_3415_picture_WM_ERSP_GE5_TN.npy,0.030516795865633,0.0021188630490956,True,1259,9,0.12603186,9
PAT_3415,picture,LM,GE6,\\nasac-m2.unige.ch\m-HumanNeuronLab\ANALYSIS\FLM\Analysis_LoraFanda\01_FBM_Analysis\outputs\04_ersp_LM_RAWONLY\PAT_3415\LM\ERSP_matrix\picture\PAT_3415_picture_WM_ERSP_GE6_TN.npy,0.0272868217054263,0.0006459948320413,True,1260,9,0.15600754,9
PAT_3415,picture,LM,GE7,\\nasac-m2.unige.ch\m-HumanNeuronLab\ANALYSIS\FLM\Analysis_LoraFanda\01_FBM_Analysis\outputs\04_ersp_LM_RAWONLY\PAT_3415\LM\ERSP_matrix\picture\PAT_3415_picture_WM_ERSP_GE7_TN.npy,0.036485788113695,0.000516795865633,True,1261,9,0.13968164,9
PAT_3415,picture,LM,GE8,\\nasac-m2.unige.ch\m-HumanNeuronLab\ANALYSIS\FLM\Analysis_LoraFanda\01_FBM_Analysis\outputs\04_ersp_LM_RAWONLY\PAT_3415\LM\ERSP_matrix\picture\PAT_3415_picture_WM_ERSP_GE8_TN.npy,0.0292764857881136,0.0009819121447028,True,1262,9,0.16289186,9
PAT_3415,picture,LM,GF1,\\nasac-m2.unige.ch\m-HumanNeuronLab\ANALYSIS\FLM\Analysis_LoraFanda\01_FBM_Analysis\outputs\04_ersp_LM_RAWONLY\PAT_3415\LM\ERSP_matrix\picture\PAT_3415_picture_WM_ERSP_GF1_TN.npy,0.0320671834625322,0.0009302325581395,True,1263,9,0.16400935,9
PAT_3415,picture,LM,GF2,\\nasac-m2.unige.ch\m-HumanNeuronLab\ANALYSIS\FLM\Analysis_LoraFanda\01_FBM_Analysis\outputs\04_ersp_LM_RAWONLY\PAT_3415\LM\ERSP_matrix\picture\PAT_3415_picture_WM_ERSP_GF2_TN.npy,0.0390180878552971,0.0005426356589147,True,1264,9,0.11792592,9
PAT_3415,picture,LM,GF3,\\nasac-m2.unige.ch\m-HumanNeuronLab\ANALYSIS\FLM\Analysis_LoraFanda\01_FBM_Analysis\outputs\04_ersp_LM_RAWONLY\PAT_3415\LM\ERSP_matrix\picture\PAT_3415_picture_WM_ERSP_GF3_TN.npy,0.0428682170542635,0.0008268733850129,True,1265,9,0.16783117,9
PAT_3415,picture,LM,GF4,\\nasac-m2.unige.ch\m-HumanNeuronLab\ANALYSIS\FLM\Analysis_LoraFanda\01_FBM_Analysis\outputs\04_ersp_LM_RAWONLY\PAT_3415\LM\ERSP_matrix\picture\PAT_3415_picture_WM_ERSP_GF4_TN.npy,0.0359431524547803,0.001266149870801,True,1266,9,0.20379895,9
PAT_3415,picture,LM,GF6,\\nasac-m2.unige.ch\m-HumanNeuronLab\ANALYSIS\FLM\Analysis_LoraFanda\01_FBM_Analysis\outputs\04_ersp_LM_RAWONLY\PAT_3415\LM\ERSP_matrix\picture\PAT_3415_picture_WM_ERSP_GF6_TN.npy,0.0272609819121447,0.001266149870801,True,1267,9,0.1669685,9
PAT_3415,picture,LM,GF8,\\nasac-m2.unige.ch\m-HumanNeuronLab\ANALYSIS\FLM\Analysis_LoraFanda\01_FBM_Analysis\outputs\04_ersp_LM_RAWONLY\PAT_3415\LM\ERSP_matrix\picture\PAT_3415_picture_WM_ERSP_GF8_TN.npy,0.0286821705426356,0.0009043927648578,True,1268,9,0.15918617,9
PAT_3415,picture,LM,GG1,\\nasac-m2.unige.ch\m-HumanNeuronLab\ANALYSIS\FLM\Analysis_LoraFanda\01_FBM_Analysis\outputs\04_ersp_LM_RAWONLY\PAT_3415\LM\ERSP_matrix\picture\PAT_3415_picture_WM_ERSP_GG1_TN.npy,0.0328940568475452,0.0007235142118863,True,1269,9,0.15558967,9
PAT_3415,picture,LM,GG2,\\nasac-m2.unige.ch\m-HumanNeuronLab\ANALYSIS\FLM\Analysis_LoraFanda\01_FBM_Analysis\outputs\04_ersp_LM_RAWONLY\PAT_3415\LM\ERSP_matrix\picture\PAT_3415_picture_WM_ERSP_GG2_TN.npy,0.0331524547803617,0.0010335917312661,True,1270,9,0.15602404,9
PAT_3415,picture,LM,GG3,\\nasac-m2.unige.ch\m-HumanNeuronLab\ANALYSIS\FLM\Analysis_LoraFanda\01_FBM_Analysis\outputs\04_ersp_LM_RAWONLY\PAT_3415\LM\ERSP_matrix\picture\PAT_3415_picture_WM_ERSP_GG3_TN.npy,0.0308268733850129,0.0008527131782945,True,1271,9,0.18276963,9
PAT_3415,picture,LM,GG5,\\nasac-m2.unige.ch\m-HumanNeuronLab\ANALYSIS\FLM\Analysis_LoraFanda\01_FBM_Analysis\outputs\04_ersp_LM_RAWONLY\PAT_3415\LM\ERSP_matrix\picture\PAT_3415_picture_WM_ERSP_GG5_TN.npy,0.0253488372093023,0.0006459948320413,True,1272,9,0.12107454,9
PAT_3415,picture,LM,GG6,\\nasac-m2.unige.ch\m-HumanNeuronLab\ANALYSIS\FLM\Analysis_LoraFanda\01_FBM_Analysis\outputs\04_ersp_LM_RAWONLY\PAT_3415\LM\ERSP_matrix\picture\PAT_3415_picture_WM_ERSP_GG6_TN.npy,0.0256330749354005,0.0019121447028423,True,1273,9,0.14822902,9
PAT_3415,picture,LM,GG7,\\nasac-m2.unige.ch\m-HumanNeuronLab\ANALYSIS\FLM\Analysis_LoraFanda\01_FBM_Analysis\outputs\04_ersp_LM_RAWONLY\PAT_3415\LM\ERSP_matrix\picture\PAT_3415_picture_WM_ERSP_GG7_TN.npy,0.0329457364341085,0.0005426356589147,True,1274,9,0.10297764,9
PAT_3415,picture,LM,GH1,\\nasac-m2.unige.ch\m-HumanNeuronLab\ANALYSIS\FLM\Analysis_LoraFanda\01_FBM_Analysis\outputs\04_ersp_LM_RAWONLY\PAT_3415\LM\ERSP_matrix\picture\PAT_3415_picture_WM_ERSP_GH1_TN.npy,0.0276744186046511,0.0028682170542635,True,1275,9,0.13965814,9
PAT_3415,picture,LM,GH2,\\nasac-m2.unige.ch\m-HumanNeuronLab\ANALYSIS\FLM\Analysis_LoraFanda\01_FBM_Analysis\outputs\04_ersp_LM_RAWONLY\PAT_3415\LM\ERSP_matrix\picture\PAT_3415_picture_WM_ERSP_GH2_TN.npy,0.0277519379844961,0.0009043927648578,True,1276,9,0.14520063,9
PAT_3415,picture,LM,GH3,\\nasac-m2.unige.ch\m-HumanNeuronLab\ANALYSIS\FLM\Analysis_LoraFanda\01_FBM_Analysis\outputs\04_ersp_LM_RAWONLY\PAT_3415\LM\ERSP_matrix\picture\PAT_3415_picture_WM_ERSP_GH3_TN.npy,0.0226873385012919,0.0013953488372093,True,1277,9,0.16555364,9
PAT_3415,picture,LM,GH6,\\nasac-m2.unige.ch\m-HumanNeuronLab\ANALYSIS\FLM\Analysis_LoraFanda\01_FBM_Analysis\outputs\04_ersp_LM_RAWONLY\PAT_3415\LM\ERSP_matrix\picture\PAT_3415_picture_WM_ERSP_GH6_TN.npy,0.029328165374677,0.0023255813953488,True,1278,9,0.18933766,9
PAT_3415,picture,LM,GH7,\\nasac-m2.unige.ch\m-HumanNeuronLab\ANALYSIS\FLM\Analysis_LoraFanda\01_FBM_Analysis\outputs\04_ersp_LM_RAWONLY\PAT_3415\LM\ERSP_matrix\picture\PAT_3415_picture_WM_ERSP_GH7_TN.npy,0.0216795865633074,0.0012403100775193,True,1279,9,0.14800873,9
PAT_3415,picture,LM,GH8,\\nasac-m2.unige.ch\m-HumanNeuronLab\ANALYSIS\FLM\Analysis_LoraFanda\01_FBM_Analysis\outputs\04_ersp_LM_RAWONLY\PAT_3415\LM\ERSP_matrix\picture\PAT_3415_picture_WM_ERSP_GH8_TN.npy,0.0327648578811369,0.0004909560723514,True,1280,5,-0.012648578,5
PAT_3415,picture,LM,IMG10,\\nasac-m2.unige.ch\m-HumanNeuronLab\ANALYSIS\FLM\Analysis_LoraFanda\01_FBM_Analysis\outputs\04_ersp_LM_RAWONLY\PAT_3415\LM\ERSP_matrix\picture\PAT_3415_picture_WM_ERSP_IMG10_TN.npy,0.0356072351421188,0.0005426356589147,True,1281,9,0.19188444,9
PAT_3415,picture,LM,IMG11,\\nasac-m2.unige.ch\m-HumanNeuronLab\ANALYSIS\FLM\Analysis_LoraFanda\01_FBM_Analysis\outputs\04_ersp_LM_RAWONLY\PAT_3415\LM\ERSP_matrix\picture\PAT_3415_picture_WM_ERSP_IMG11_TN.npy,0.0330232558139534,0.0020930232558139,True,1282,9,0.19859703,9
PAT_3415,picture,LM,IMG12,\\nasac-m2.unige.ch\m-HumanNeuronLab\ANALYSIS\FLM\Analysis_LoraFanda\01_FBM_Analysis\outputs\04_ersp_LM_RAWONLY\PAT_3415\LM\ERSP_matrix\picture\PAT_3415_picture_WM_ERSP_IMG12_TN.npy,0.0324031007751937,0.0034108527131782,True,1283,9,0.16991983,9
PAT_3415,picture,LM,IMG13,\\nasac-m2.unige.ch\m-HumanNeuronLab\ANALYSIS\FLM\Analysis_LoraFanda\01_FBM_Analysis\outputs\04_ersp_LM_RAWONLY\PAT_3415\LM\ERSP_matrix\picture\PAT_3415_picture_WM_ERSP_IMG13_TN.npy,0.0345736434108527,0.0008785529715762,True,1284,9,0.1889313,9
PAT_3415,picture,LM,IMG14,\\nasac-m2.unige.ch\m-HumanNeuronLab\ANALYSIS\FLM\Analysis_LoraFanda\01_FBM_Analysis\outputs\04_ersp_LM_RAWONLY\PAT_3415\LM\ERSP_matrix\picture\PAT_3415_picture_WM_ERSP_IMG14_TN.npy,0.0323514211886304,0.0011111111111111,True,1285,9,0.20702353,9
PAT_3415,picture,LM,IMG18,\\nasac-m2.unige.ch\m-HumanNeuronLab\ANALYSIS\FLM\Analysis_LoraFanda\01_FBM_Analysis\outputs\04_ersp_LM_RAWONLY\PAT_3415\LM\ERSP_matrix\picture\PAT_3415_picture_WM_ERSP_IMG18_TN.npy,0.0313695090439276,0.0013953488372093,True,1286,9,0.20242153,9
PAT_3415,picture,LM,IMG1,\\nasac-m2.unige.ch\m-HumanNeuronLab\ANALYSIS\FLM\Analysis_LoraFanda\01_FBM_Analysis\outputs\04_ersp_LM_RAWONLY\PAT_3415\LM\ERSP_matrix\picture\PAT_3415_picture_WM_ERSP_IMG1_TN.npy,0.0320155038759689,0.0016795865633074,True,1287,9,0.20483717,9
PAT_3415,picture,LM,IMG2,\\nasac-m2.unige.ch\m-HumanNeuronLab\ANALYSIS\FLM\Analysis_LoraFanda\01_FBM_Analysis\outputs\04_ersp_LM_RAWONLY\PAT_3415\LM\ERSP_matrix\picture\PAT_3415_picture_WM_ERSP_IMG2_TN.npy,0.0316279069767441,0.0015503875968992,True,1288,9,0.18869628,9
PAT_3415,picture,LM,IMG3,\\nasac-m2.unige.ch\m-HumanNeuronLab\ANALYSIS\FLM\Analysis_LoraFanda\01_FBM_Analysis\outputs\04_ersp_LM_RAWONLY\PAT_3415\LM\ERSP_matrix\picture\PAT_3415_picture_WM_ERSP_IMG3_TN.npy,0.0372093023255813,0.0011369509043927,True,1289,9,0.19446926,9
PAT_3415,picture,LM,IMG4,\\nasac-m2.unige.ch\m-HumanNeuronLab\ANALYSIS\FLM\Analysis_LoraFanda\01_FBM_Analysis\outputs\04_ersp_LM_RAWONLY\PAT_3415\LM\ERSP_matrix\picture\PAT_3415_picture_WM_ERSP_IMG4_TN.npy,0.0346511627906976,0.0006718346253229,True,1290,9,0.20220396,9
PAT_3415,picture,LM,IMG5,\\nasac-m2.unige.ch\m-HumanNeuronLab\ANALYSIS\FLM\Analysis_LoraFanda\01_FBM_Analysis\outputs\04_ersp_LM_RAWONLY\PAT_3415\LM\ERSP_matrix\picture\PAT_3415_picture_WM_ERSP_IMG5_TN.npy,0.0337726098191214,0.0015503875968992,True,1291,9,0.19916452,9
PAT_3415,picture,LM,IMG6,\\nasac-m2.unige.ch\m-HumanNeuronLab\ANALYSIS\FLM\Analysis_LoraFanda\01_FBM_Analysis\outputs\04_ersp_LM_RAWONLY\PAT_3415\LM\ERSP_matrix\picture\PAT_3415_picture_WM_ERSP_IMG6_TN.npy,0.0377002583979328,0.0007493540051679,True,1292,9,0.16699378,9
PAT_3415,picture,LM,IMG7,\\nasac-m2.unige.ch\m-HumanNeuronLab\ANALYSIS\FLM\Analysis_LoraFanda\01_FBM_Analysis\outputs\04_ersp_LM_RAWONLY\PAT_3415\LM\ERSP_matrix\picture\PAT_3415_picture_WM_ERSP_IMG7_TN.npy,0.0387338501291989,0.0015245478036175,True,1293,9,0.13147728,9
PAT_3415,picture,LM,IMG9,\\nasac-m2.unige.ch\m-HumanNeuronLab\ANALYSIS\FLM\Analysis_LoraFanda\01_FBM_Analysis\outputs\04_ersp_LM_RAWONLY\PAT_3415\LM\ERSP_matrix\picture\PAT_3415_picture_WM_ERSP_IMG9_TN.npy,0.0319638242894056,0.0014470284237726,True,1294,9,0.19803849,9
PAT_3415,picture,LM,IPG11,\\nasac-m2.unige.ch\m-HumanNeuronLab\ANALYSIS\FLM\Analysis_LoraFanda\01_FBM_Analysis\outputs\04_ersp_LM_RAWONLY\PAT_3415\LM\ERSP_matrix\picture\PAT_3415_picture_WM_ERSP_IPG11_TN.npy,0.0388372093023255,0.0009302325581395,True,1295,9,0.16928852,9
PAT_3415,picture,LM,IPG14,\\nasac-m2.unige.ch\m-HumanNeuronLab\ANALYSIS\FLM\Analysis_LoraFanda\01_FBM_Analysis\outputs\04_ersp_LM_RAWONLY\PAT_3415\LM\ERSP_matrix\picture\PAT_3415_picture_WM_ERSP_IPG14_TN.npy,0.0385529715762273,0.001188630490956,True,1296,9,0.15904236,9
PAT_3415,picture,LM,IPG16,\\nasac-m2.unige.ch\m-HumanNeuronLab\ANALYSIS\FLM\Analysis_LoraFanda\01_FBM_Analysis\outputs\04_ersp_LM_RAWONLY\PAT_3415\LM\ERSP_matrix\picture\PAT_3415_picture_WM_ERSP_IPG16_TN.npy,0.0360981912144702,0.0014470284237726,True,1297,9,0.18229578,9
PAT_3415,picture,LM,IPG17,\\nasac-m2.unige.ch\m-HumanNeuronLab\ANALYSIS\FLM\Analysis_LoraFanda\01_FBM_Analysis\outputs\04_ersp_LM_RAWONLY\PAT_3415\LM\ERSP_matrix\picture\PAT_3415_picture_WM_ERSP_IPG17_TN.npy,0.0381912144702842,0.0004392764857881,True,1298,9,0.17159943,9
PAT_3415,picture,LM,IPG1,\\nasac-m2.unige.ch\m-HumanNeuronLab\ANALYSIS\FLM\Analysis_LoraFanda\01_FBM_Analysis\outputs\04_ersp_LM_RAWONLY\PAT_3415\LM\ERSP_matrix\picture\PAT_3415_picture_WM_ERSP_IPG1_TN.npy,0.0370025839793281,0.0009560723514211,True,1299,9,0.16106315,9
PAT_3415,picture,LM,IPG2,\\nasac-m2.unige.ch\m-HumanNeuronLab\ANALYSIS\FLM\Analysis_LoraFanda\01_FBM_Analysis\outputs\04_ersp_LM_RAWONLY\PAT_3415\LM\ERSP_matrix\picture\PAT_3415_picture_WM_ERSP_IPG2_TN.npy,0.0324547803617571,0.0008527131782945,True,1300,9,0.17370348,9
PAT_3415,picture,LM,IPG3,\\nasac-m2.unige.ch\m-HumanNeuronLab\ANALYSIS\FLM\Analysis_LoraFanda\01_FBM_Analysis\outputs\04_ersp_LM_RAWONLY\PAT_3415\LM\ERSP_matrix\picture\PAT_3415_picture_WM_ERSP_IPG3_TN.npy,0.0314211886304909,0.0031524547803617,True,1301,9,0.17819579,9
PAT_3415,picture,LM,IPG4,\\nasac-m2.unige.ch\m-HumanNeuronLab\ANALYSIS\FLM\Analysis_LoraFanda\01_FBM_Analysis\outputs\04_ersp_LM_RAWONLY\PAT_3415\LM\ERSP_matrix\picture\PAT_3415_picture_WM_ERSP_IPG4_TN.npy,0.0352713178294573,0.0016020671834625,True,1302,9,0.19837323,9
PAT_3415,picture,LM,IPG5,\\nasac-m2.unige.ch\m-HumanNeuronLab\ANALYSIS\FLM\Analysis_LoraFanda\01_FBM_Analysis\outputs\04_ersp_LM_RAWONLY\PAT_3415\LM\ERSP_matrix\picture\PAT_3415_picture_WM_ERSP_IPG5_TN.npy,0.0318863049095607,0.0013953488372093,True,1303,9,0.20636074,9
PAT_3415,picture,LM,IPG6,\\nasac-m2.unige.ch\m-HumanNeuronLab\ANALYSIS\FLM\Analysis_LoraFanda\01_FBM_Analysis\outputs\04_ersp_LM_RAWONLY\PAT_3415\LM\ERSP_matrix\picture\PAT_3415_picture_WM_ERSP_IPG6_TN.npy,0.0329198966408268,0.0019896640826873,True,1304,9,0.20131963,9
PAT_3415,picture,LM,IPG7,\\nasac-m2.unige.ch\m-HumanNeuronLab\ANALYSIS\FLM\Analysis_LoraFanda\01_FBM_Analysis\outputs\04_ersp_LM_RAWONLY\PAT_3415\LM\ERSP_matrix\picture\PAT_3415_picture_WM_ERSP_IPG7_TN.npy,0.0336434108527131,0.0013178294573643,True,1305,9,0.20756297,9
PAT_3415,picture,LM,IPG8,\\nasac-m2.unige.ch\m-HumanNeuronLab\ANALYSIS\FLM\Analysis_LoraFanda\01_FBM_Analysis\outputs\04_ersp_LM_RAWONLY\PAT_3415\LM\ERSP_matrix\picture\PAT_3415_picture_WM_ERSP_IPG8_TN.npy,0.0376485788113695,0.0008785529715762,True,1306,9,0.20670786,9
PAT_3415,picture,LM,IPG9,\\nasac-m2.unige.ch\m-HumanNeuronLab\ANALYSIS\FLM\Analysis_LoraFanda\01_FBM_Analysis\outputs\04_ersp_LM_RAWONLY\PAT_3415\LM\ERSP_matrix\picture\PAT_3415_picture_WM_ERSP_IPG9_TN.npy,0.0360206718346253,0.0014728682170542,True,1307,9,0.20630832,9
PAT_3415,picture,LM,OI1,\\nasac-m2.unige.ch\m-HumanNeuronLab\ANALYSIS\FLM\Analysis_LoraFanda\01_FBM_Analysis\outputs\04_ersp_LM_RAWONLY\PAT_3415\LM\ERSP_matrix\picture\PAT_3415_picture_WM_ERSP_OI1_TN.npy,0.1560723514211886,0.0078036175710594,True,1308,1,0.10461394,1
PAT_3415,picture,LM,OI2,\\nasac-m2.unige.ch\m-HumanNeuronLab\ANALYSIS\FLM\Analysis_LoraFanda\01_FBM_Analysis\outputs\04_ersp_LM_RAWONLY\PAT_3415\LM\ERSP_matrix\picture\PAT_3415_picture_WM_ERSP_OI2_TN.npy,0.0534108527131782,0.0039793281653746,True,1309,5,0.0851616,5
PAT_3415,picture,LM,OI3,\\nasac-m2.unige.ch\m-HumanNeuronLab\ANALYSIS\FLM\Analysis_LoraFanda\01_FBM_Analysis\outputs\04_ersp_LM_RAWONLY\PAT_3415\LM\ERSP_matrix\picture\PAT_3415_picture_WM_ERSP_OI3_TN.npy,0.0581395348837209,0.0142635658914728,True,1310,7,0.057030708,7
PAT_3415,picture,LM,OI4,\\nasac-m2.unige.ch\m-HumanNeuronLab\ANALYSIS\FLM\Analysis_LoraFanda\01_FBM_Analysis\outputs\04_ersp_LM_RAWONLY\PAT_3415\LM\ERSP_matrix\picture\PAT_3415_picture_WM_ERSP_OI4_TN.npy,0.1470801033591731,0.0045994832041343,True,1311,1,0.08472536,1
PAT_3415,picture,LM,OI5,\\nasac-m2.unige.ch\m-HumanNeuronLab\ANALYSIS\FLM\Analysis_LoraFanda\01_FBM_Analysis\outputs\04_ersp_LM_RAWONLY\PAT_3415\LM\ERSP_matrix\picture\PAT_3415_picture_WM_ERSP_OI5_TN.npy,0.1007235142118863,0.0017054263565891,True,1312,1,0.020571593,1
PAT_3415,picture,LM,OI6,\\nasac-m2.unige.ch\m-HumanNeuronLab\ANALYSIS\FLM\Analysis_LoraFanda\01_FBM_Analysis\outputs\04_ersp_LM_RAWONLY\PAT_3415\LM\ERSP_matrix\picture\PAT_3415_picture_WM_ERSP_OI6_TN.npy,0.0427390180878552,0.0006459948320413,True,1313,9,0.09321791,9
PAT_3415,picture,LM,OS1,\\nasac-m2.unige.ch\m-HumanNeuronLab\ANALYSIS\FLM\Analysis_LoraFanda\01_FBM_Analysis\outputs\04_ersp_LM_RAWONLY\PAT_3415\LM\ERSP_matrix\picture\PAT_3415_picture_WM_ERSP_OS1_TN.npy,0.3789664082687338,0.000516795865633,True,1314,1,0.058737498,1
PAT_3415,picture,LM,OS2,\\nasac-m2.unige.ch\m-HumanNeuronLab\ANALYSIS\FLM\Analysis_LoraFanda\01_FBM_Analysis\outputs\04_ersp_LM_RAWONLY\PAT_3415\LM\ERSP_matrix\picture\PAT_3415_picture_WM_ERSP_OS2_TN.npy,0.1582687338501292,0.0030232558139534,True,1315,1,0.057649206,1
PAT_3415,picture,LM,OS3,\\nasac-m2.unige.ch\m-HumanNeuronLab\ANALYSIS\FLM\Analysis_LoraFanda\01_FBM_Analysis\outputs\04_ersp_LM_RAWONLY\PAT_3415\LM\ERSP_matrix\picture\PAT_3415_picture_WM_ERSP_OS3_TN.npy,0.0927390180878553,0.0250387596899224,True,1316,7,0.062598854,7
PAT_3415,picture,LM,OS4,\\nasac-m2.unige.ch\m-HumanNeuronLab\ANALYSIS\FLM\Analysis_LoraFanda\01_FBM_Analysis\outputs\04_ersp_LM_RAWONLY\PAT_3415\LM\ERSP_matrix\picture\PAT_3415_picture_WM_ERSP_OS4_TN.npy,0.0239276485788113,0.0067700258397932,True,1317,7,-0.009942158,7
PAT_3415,picture,LM,OS5,\\nasac-m2.unige.ch\m-HumanNeuronLab\ANALYSIS\FLM\Analysis_LoraFanda\01_FBM_Analysis\outputs\04_ersp_LM_RAWONLY\PAT_3415\LM\ERSP_matrix\picture\PAT_3415_picture_WM_ERSP_OS5_TN.npy,0.0225064599483204,0.001188630490956,True,1318,9,0.070495635,9
PAT_3415,picture,LM,TA1,\\nasac-m2.unige.ch\m-HumanNeuronLab\ANALYSIS\FLM\Analysis_LoraFanda\01_FBM_Analysis\outputs\04_ersp_LM_RAWONLY\PAT_3415\LM\ERSP_matrix\picture\PAT_3415_picture_WM_ERSP_TA1_TN.npy,0.023953488372093,0.003953488372093,True,1319,9,0.118510835,9
PAT_3415,picture,LM,TA2,\\nasac-m2.unige.ch\m-HumanNeuronLab\ANALYSIS\FLM\Analysis_LoraFanda\01_FBM_Analysis\outputs\04_ersp_LM_RAWONLY\PAT_3415\LM\ERSP_matrix\picture\PAT_3415_picture_WM_ERSP_TA2_TN.npy,0.0304392764857881,0.0042635658914728,True,1320,9,0.13532493,9
PAT_3415,picture,LM,TA3,\\nasac-m2.unige.ch\m-HumanNeuronLab\ANALYSIS\FLM\Analysis_LoraFanda\01_FBM_Analysis\outputs\04_ersp_LM_RAWONLY\PAT_3415\LM\ERSP_matrix\picture\PAT_3415_picture_WM_ERSP_TA3_TN.npy,0.0328165374677002,0.0014987080103359,True,1321,9,0.141916,9
PAT_3415,picture,LM,TA4,\\nasac-m2.unige.ch\m-HumanNeuronLab\ANALYSIS\FLM\Analysis_LoraFanda\01_FBM_Analysis\outputs\04_ersp_LM_RAWONLY\PAT_3415\LM\ERSP_matrix\picture\PAT_3415_picture_WM_ERSP_TA4_TN.npy,0.0309819121447028,0.0015503875968992,True,1322,9,0.1377446,9
PAT_3415,picture,LM,TA5,\\nasac-m2.unige.ch\m-HumanNeuronLab\ANALYSIS\FLM\Analysis_LoraFanda\01_FBM_Analysis\outputs\04_ersp_LM_RAWONLY\PAT_3415\LM\ERSP_matrix\picture\PAT_3415_picture_WM_ERSP_TA5_TN.npy,0.0281136950904392,0.0035917312661498,True,1323,2,-0.08742469,2
PAT_3415,picture,LM,TA6,\\nasac-m2.unige.ch\m-HumanNeuronLab\ANALYSIS\FLM\Analysis_LoraFanda\01_FBM_Analysis\outputs\04_ersp_LM_RAWONLY\PAT_3415\LM\ERSP_matrix\picture\PAT_3415_picture_WM_ERSP_TA6_TN.npy,0.0294315245478036,0.0028940568475452,True,1324,2,-0.07367175,2
PAT_3415,picture,LM,TM1,\\nasac-m2.unige.ch\m-HumanNeuronLab\ANALYSIS\FLM\Analysis_LoraFanda\01_FBM_Analysis\outputs\04_ersp_LM_RAWONLY\PAT_3415\LM\ERSP_matrix\picture\PAT_3415_picture_WM_ERSP_TM1_TN.npy,0.0322222222222222,0.0009819121447028,True,1325,9,0.17472655,9
PAT_3415,picture,LM,TM2,\\nasac-m2.unige.ch\m-HumanNeuronLab\ANALYSIS\FLM\Analysis_LoraFanda\01_FBM_Analysis\outputs\04_ersp_LM_RAWONLY\PAT_3415\LM\ERSP_matrix\picture\PAT_3415_picture_WM_ERSP_TM2_TN.npy,0.0298191214470284,0.0009043927648578,True,1326,9,0.14926842,9
PAT_3415,picture,LM,TM3,\\nasac-m2.unige.ch\m-HumanNeuronLab\ANALYSIS\FLM\Analysis_LoraFanda\01_FBM_Analysis\outputs\04_ersp_LM_RAWONLY\PAT_3415\LM\ERSP_matrix\picture\PAT_3415_picture_WM_ERSP_TM3_TN.npy,0.0294056847545219,0.0021963824289405,True,1327,9,0.1672727,9
PAT_3415,picture,LM,TM4,\\nasac-m2.unige.ch\m-HumanNeuronLab\ANALYSIS\FLM\Analysis_LoraFanda\01_FBM_Analysis\outputs\04_ersp_LM_RAWONLY\PAT_3415\LM\ERSP_matrix\picture\PAT_3415_picture_WM_ERSP_TM4_TN.npy,0.0249612403100775,0.0041343669250645,True,1328,9,0.17091398,9
PAT_3415,picture,LM,TM5,\\nasac-m2.unige.ch\m-HumanNeuronLab\ANALYSIS\FLM\Analysis_LoraFanda\01_FBM_Analysis\outputs\04_ersp_LM_RAWONLY\PAT_3415\LM\ERSP_matrix\picture\PAT_3415_picture_WM_ERSP_TM5_TN.npy,0.0220413436692506,0.0012403100775193,True,1329,9,0.13129306,9
PAT_3415,picture,LM,TM6,\\nasac-m2.unige.ch\m-HumanNeuronLab\ANALYSIS\FLM\Analysis_LoraFanda\01_FBM_Analysis\outputs\04_ersp_LM_RAWONLY\PAT_3415\LM\ERSP_matrix\picture\PAT_3415_picture_WM_ERSP_TM6_TN.npy,0.028501291989664,0.0023514211886304,True,1330,2,-0.1045465,2
PAT_3415,picture,LM,TP1,\\nasac-m2.unige.ch\m-HumanNeuronLab\ANALYSIS\FLM\Analysis_LoraFanda\01_FBM_Analysis\outputs\04_ersp_LM_RAWONLY\PAT_3415\LM\ERSP_matrix\picture\PAT_3415_picture_WM_ERSP_TP1_TN.npy,0.0334366925064599,0.0010335917312661,True,1331,9,0.09682675,9
PAT_3415,picture,LM,TP2,\\nasac-m2.unige.ch\m-HumanNeuronLab\ANALYSIS\FLM\Analysis_LoraFanda\01_FBM_Analysis\outputs\04_ersp_LM_RAWONLY\PAT_3415\LM\ERSP_matrix\picture\PAT_3415_picture_WM_ERSP_TP2_TN.npy,0.0581136950904392,0.0024547803617571,True,1332,7,0.024525287,7
PAT_3415,picture,LM,TP3,\\nasac-m2.unige.ch\m-HumanNeuronLab\ANALYSIS\FLM\Analysis_LoraFanda\01_FBM_Analysis\outputs\04_ersp_LM_RAWONLY\PAT_3415\LM\ERSP_matrix\picture\PAT_3415_picture_WM_ERSP_TP3_TN.npy,0.0423514211886304,0.0010594315245478,True,1333,9,0.05201047,9
PAT_3415,picture,LM,TP4,\\nasac-m2.unige.ch\m-HumanNeuronLab\ANALYSIS\FLM\Analysis_LoraFanda\01_FBM_Analysis\outputs\04_ersp_LM_RAWONLY\PAT_3415\LM\ERSP_matrix\picture\PAT_3415_picture_WM_ERSP_TP4_TN.npy,0.040516795865633,0.0006459948320413,True,1334,9,0.054674488,9
PAT_3415,picture,LM,TP5,\\nasac-m2.unige.ch\m-HumanNeuronLab\ANALYSIS\FLM\Analysis_LoraFanda\01_FBM_Analysis\outputs\04_ersp_LM_RAWONLY\PAT_3415\LM\ERSP_matrix\picture\PAT_3415_picture_WM_ERSP_TP5_TN.npy,0.0344961240310077,0.0011627906976744,True,1335,9,0.14456668,9
PAT_3415,picture,LM,TP6,\\nasac-m2.unige.ch\m-HumanNeuronLab\ANALYSIS\FLM\Analysis_LoraFanda\01_FBM_Analysis\outputs\04_ersp_LM_RAWONLY\PAT_3415\LM\ERSP_matrix\picture\PAT_3415_picture_WM_ERSP_TP6_TN.npy,0.0448062015503875,0.0009819121447028,True,1336,9,0.08338124,9
PAT_3415,reading,LM,GA6,\\nasac-m2.unige.ch\m-HumanNeuronLab\ANALYSIS\FLM\Analysis_LoraFanda\01_FBM_Analysis\outputs\04_ersp_LM_RAWONLY\PAT_3415\LM\ERSP_matrix\reading\PAT_3415_reading_WM_ERSP_GA6_TN.npy,0.0201291989664082,0.0102842377260981,True,1337,2,0.022042627,2
PAT_3415,reading,LM,GA7,\\nasac-m2.unige.ch\m-HumanNeuronLab\ANALYSIS\FLM\Analysis_LoraFanda\01_FBM_Analysis\outputs\04_ersp_LM_RAWONLY\PAT_3415\LM\ERSP_matrix\reading\PAT_3415_reading_WM_ERSP_GA7_TN.npy,0.0236434108527131,0.0120671834625323,True,1338,2,0.031605404,2
PAT_3415,reading,LM,GB3,\\nasac-m2.unige.ch\m-HumanNeuronLab\ANALYSIS\FLM\Analysis_LoraFanda\01_FBM_Analysis\outputs\04_ersp_LM_RAWONLY\PAT_3415\LM\ERSP_matrix\reading\PAT_3415_reading_WM_ERSP_GB3_TN.npy,0.0716020671834625,0.0008268733850129,True,1339,1,0.03416544,1
PAT_3415,reading,LM,GB4,\\nasac-m2.unige.ch\m-HumanNeuronLab\ANALYSIS\FLM\Analysis_LoraFanda\01_FBM_Analysis\outputs\04_ersp_LM_RAWONLY\PAT_3415\LM\ERSP_matrix\reading\PAT_3415_reading_WM_ERSP_GB4_TN.npy,0.0480361757105943,0.007235142118863,True,1340,2,0.017725937,2
PAT_3415,reading,LM,GE4,\\nasac-m2.unige.ch\m-HumanNeuronLab\ANALYSIS\FLM\Analysis_LoraFanda\01_FBM_Analysis\outputs\04_ersp_LM_RAWONLY\PAT_3415\LM\ERSP_matrix\reading\PAT_3415_reading_WM_ERSP_GE4_TN.npy,0.035219638242894,0.005142118863049,True,1341,2,-0.06219303,2
PAT_3415,reading,LM,GH1,\\nasac-m2.unige.ch\m-HumanNeuronLab\ANALYSIS\FLM\Analysis_LoraFanda\01_FBM_Analysis\outputs\04_ersp_LM_RAWONLY\PAT_3415\LM\ERSP_matrix\reading\PAT_3415_reading_WM_ERSP_GH1_TN.npy,0.0155038759689922,0.062532299741602,True,1342,6,0.15119106,6
PAT_3415,reading,LM,OI1,\\nasac-m2.unige.ch\m-HumanNeuronLab\ANALYSIS\FLM\Analysis_LoraFanda\01_FBM_Analysis\outputs\04_ersp_LM_RAWONLY\PAT_3415\LM\ERSP_matrix\reading\PAT_3415_reading_WM_ERSP_OI1_TN.npy,0.0372093023255813,0.0181395348837209,True,1343,2,0.029892208,2
PAT_3415,reading,LM,OI2,\\nasac-m2.unige.ch\m-HumanNeuronLab\ANALYSIS\FLM\Analysis_LoraFanda\01_FBM_Analysis\outputs\04_ersp_LM_RAWONLY\PAT_3415\LM\ERSP_matrix\reading\PAT_3415_reading_WM_ERSP_OI2_TN.npy,0.007235142118863,0.0710077519379844,True,1344,6,0.093887895,6
PAT_3415,reading,LM,OI4,\\nasac-m2.unige.ch\m-HumanNeuronLab\ANALYSIS\FLM\Analysis_LoraFanda\01_FBM_Analysis\outputs\04_ersp_LM_RAWONLY\PAT_3415\LM\ERSP_matrix\reading\PAT_3415_reading_WM_ERSP_OI4_TN.npy,0.0295348837209302,0.0189664082687338,True,1345,2,-0.025420206,2
PAT_3415,reading,LM,OS1,\\nasac-m2.unige.ch\m-HumanNeuronLab\ANALYSIS\FLM\Analysis_LoraFanda\01_FBM_Analysis\outputs\04_ersp_LM_RAWONLY\PAT_3415\LM\ERSP_matrix\reading\PAT_3415_reading_WM_ERSP_OS1_TN.npy,0.2017312661498708,0.0047028423772609,True,1346,1,0.08591874,1
PAT_3415,reading,LM,OS2,\\nasac-m2.unige.ch\m-HumanNeuronLab\ANALYSIS\FLM\Analysis_LoraFanda\01_FBM_Analysis\outputs\04_ersp_LM_RAWONLY\PAT_3415\LM\ERSP_matrix\reading\PAT_3415_reading_WM_ERSP_OS2_TN.npy,0.0349612403100775,0.00656330749354,True,1347,5,0.065174624,5
PAT_3415,reading,LM,OS5,\\nasac-m2.unige.ch\m-HumanNeuronLab\ANALYSIS\FLM\Analysis_LoraFanda\01_FBM_Analysis\outputs\04_ersp_LM_RAWONLY\PAT_3415\LM\ERSP_matrix\reading\PAT_3415_reading_WM_ERSP_OS5_TN.npy,0.0057364341085271,0.0483204134366925,True,1348,6,0.07076807,6
PAT_3415,reading,LM,TA1,\\nasac-m2.unige.ch\m-HumanNeuronLab\ANALYSIS\FLM\Analysis_LoraFanda\01_FBM_Analysis\outputs\04_ersp_LM_RAWONLY\PAT_3415\LM\ERSP_matrix\reading\PAT_3415_reading_WM_ERSP_TA1_TN.npy,0.005813953488372,0.065968992248062,True,1349,6,0.21166307,6
PAT_3415,reading,LM,TA2,\\nasac-m2.unige.ch\m-HumanNeuronLab\ANALYSIS\FLM\Analysis_LoraFanda\01_FBM_Analysis\outputs\04_ersp_LM_RAWONLY\PAT_3415\LM\ERSP_matrix\reading\PAT_3415_reading_WM_ERSP_TA2_TN.npy,0.0075710594315245,0.0715245478036175,True,1350,6,0.18978131,6
PAT_3415,reading,LM,TA3,\\nasac-m2.unige.ch\m-HumanNeuronLab\ANALYSIS\FLM\Analysis_LoraFanda\01_FBM_Analysis\outputs\04_ersp_LM_RAWONLY\PAT_3415\LM\ERSP_matrix\reading\PAT_3415_reading_WM_ERSP_TA3_TN.npy,0.0054521963824289,0.0566149870801033,True,1351,6,0.17034243,6
PAT_3415,reading,LM,TA4,\\nasac-m2.unige.ch\m-HumanNeuronLab\ANALYSIS\FLM\Analysis_LoraFanda\01_FBM_Analysis\outputs\04_ersp_LM_RAWONLY\PAT_3415\LM\ERSP_matrix\reading\PAT_3415_reading_WM_ERSP_TA4_TN.npy,0.005891472868217,0.0773643410852713,True,1352,6,0.17641468,6
PAT_3415,reading,LM,TA5,\\nasac-m2.unige.ch\m-HumanNeuronLab\ANALYSIS\FLM\Analysis_LoraFanda\01_FBM_Analysis\outputs\04_ersp_LM_RAWONLY\PAT_3415\LM\ERSP_matrix\reading\PAT_3415_reading_WM_ERSP_TA5_TN.npy,0.0054005167958656,0.0987855297157622,True,1353,6,0.21062008,6
PAT_3415,reading,LM,TA6,\\nasac-m2.unige.ch\m-HumanNeuronLab\ANALYSIS\FLM\Analysis_LoraFanda\01_FBM_Analysis\outputs\04_ersp_LM_RAWONLY\PAT_3415\LM\ERSP_matrix\reading\PAT_3415_reading_WM_ERSP_TA6_TN.npy,0.0050645994832041,0.1125064599483204,True,1354,6,0.22836454,6
PAT_3415,reading,LM,TM1,\\nasac-m2.unige.ch\m-HumanNeuronLab\ANALYSIS\FLM\Analysis_LoraFanda\01_FBM_Analysis\outputs\04_ersp_LM_RAWONLY\PAT_3415\LM\ERSP_matrix\reading\PAT_3415_reading_WM_ERSP_TM1_TN.npy,0.0053746770025839,0.0733850129198966,True,1355,6,0.21922006,6
PAT_3415,reading,LM,TM2,\\nasac-m2.unige.ch\m-HumanNeuronLab\ANALYSIS\FLM\Analysis_LoraFanda\01_FBM_Analysis\outputs\04_ersp_LM_RAWONLY\PAT_3415\LM\ERSP_matrix\reading\PAT_3415_reading_WM_ERSP_TM2_TN.npy,0.0075193798449612,0.0628423772609819,True,1356,6,0.15764078,6
PAT_3415,reading,LM,TM3,\\nasac-m2.unige.ch\m-HumanNeuronLab\ANALYSIS\FLM\Analysis_LoraFanda\01_FBM_Analysis\outputs\04_ersp_LM_RAWONLY\PAT_3415\LM\ERSP_matrix\reading\PAT_3415_reading_WM_ERSP_TM3_TN.npy,0.0063565891472868,0.0589405684754522,True,1357,6,0.17115064,6
PAT_3415,reading,LM,TM6,\\nasac-m2.unige.ch\m-HumanNeuronLab\ANALYSIS\FLM\Analysis_LoraFanda\01_FBM_Analysis\outputs\04_ersp_LM_RAWONLY\PAT_3415\LM\ERSP_matrix\reading\PAT_3415_reading_WM_ERSP_TM6_TN.npy,0.0045994832041343,0.1104392764857881,True,1358,6,0.2155964,6
PAT_3415,reading,LM,TP4,\\nasac-m2.unige.ch\m-HumanNeuronLab\ANALYSIS\FLM\Analysis_LoraFanda\01_FBM_Analysis\outputs\04_ersp_LM_RAWONLY\PAT_3415\LM\ERSP_matrix\reading\PAT_3415_reading_WM_ERSP_TP4_TN.npy,0.0221705426356589,0.0353488372093023,True,1359,6,0.02363099,6
PAT_3415,reading,LM,TP6,\\nasac-m2.unige.ch\m-HumanNeuronLab\ANALYSIS\FLM\Analysis_LoraFanda\01_FBM_Analysis\outputs\04_ersp_LM_RAWONLY\PAT_3415\LM\ERSP_matrix\reading\PAT_3415_reading_WM_ERSP_TP6_TN.npy,0.0074418604651162,0.0402583979328165,True,1360,6,0.09335482,6
PAT_3455,audio,LM,AD5,\\nasac-m2.unige.ch\m-HumanNeuronLab\ANALYSIS\FLM\Analysis_LoraFanda\01_FBM_Analysis\outputs\04_ersp_LM_RAWONLY\PAT_3455\LM\ERSP_matrix\audio\PAT_3455_audio_WM_ERSP_AD5_TN.npy,0.013875968992248,0.0449612403100775,True,1361,6,0.18344063,6
PAT_3455,audio,LM,AD6,\\nasac-m2.unige.ch\m-HumanNeuronLab\ANALYSIS\FLM\Analysis_LoraFanda\01_FBM_Analysis\outputs\04_ersp_LM_RAWONLY\PAT_3455\LM\ERSP_matrix\audio\PAT_3455_audio_WM_ERSP_AD6_TN.npy,0.0069509043927648,0.0537209302325581,True,1362,6,0.22653246,6
PAT_3455,audio,LM,AD7,\\nasac-m2.unige.ch\m-HumanNeuronLab\ANALYSIS\FLM\Analysis_LoraFanda\01_FBM_Analysis\outputs\04_ersp_LM_RAWONLY\PAT_3455\LM\ERSP_matrix\audio\PAT_3455_audio_WM_ERSP_AD7_TN.npy,0.0043410852713178,0.0477777777777777,True,1363,6,0.23924927,6
PAT_3455,audio,LM,AD8,\\nasac-m2.unige.ch\m-HumanNeuronLab\ANALYSIS\FLM\Analysis_LoraFanda\01_FBM_Analysis\outputs\04_ersp_LM_RAWONLY\PAT_3455\LM\ERSP_matrix\audio\PAT_3455_audio_WM_ERSP_AD8_TN.npy,0.0065116279069767,0.0603359173126615,True,1364,6,0.25446373,6
PAT_3455,audio,LM,HAD10,\\nasac-m2.unige.ch\m-HumanNeuronLab\ANALYSIS\FLM\Analysis_LoraFanda\01_FBM_Analysis\outputs\04_ersp_LM_RAWONLY\PAT_3455\LM\ERSP_matrix\audio\PAT_3455_audio_WM_ERSP_HAD10_TN.npy,0.0066149870801033,0.1567183462532299,True,1365,6,0.27647468,6
PAT_3455,audio,LM,HAD8,\\nasac-m2.unige.ch\m-HumanNeuronLab\ANALYSIS\FLM\Analysis_LoraFanda\01_FBM_Analysis\outputs\04_ersp_LM_RAWONLY\PAT_3455\LM\ERSP_matrix\audio\PAT_3455_audio_WM_ERSP_HAD8_TN.npy,0.0066925064599483,0.0525064599483204,True,1366,6,0.2339721,6
PAT_3455,audio,LM,HAD9,\\nasac-m2.unige.ch\m-HumanNeuronLab\ANALYSIS\FLM\Analysis_LoraFanda\01_FBM_Analysis\outputs\04_ersp_LM_RAWONLY\PAT_3455\LM\ERSP_matrix\audio\PAT_3455_audio_WM_ERSP_HAD9_TN.npy,0.0089405684754521,0.0853229974160206,True,1367,6,0.25824526,6
PAT_3455,audio,LM,OTD1,\\nasac-m2.unige.ch\m-HumanNeuronLab\ANALYSIS\FLM\Analysis_LoraFanda\01_FBM_Analysis\outputs\04_ersp_LM_RAWONLY\PAT_3455\LM\ERSP_matrix\audio\PAT_3455_audio_WM_ERSP_OTD1_TN.npy,0.0356589147286821,0.0082687338501291,True,1368,3,0.03365974,3
PAT_3455,audio,LM,OTD2,\\nasac-m2.unige.ch\m-HumanNeuronLab\ANALYSIS\FLM\Analysis_LoraFanda\01_FBM_Analysis\outputs\04_ersp_LM_RAWONLY\PAT_3455\LM\ERSP_matrix\audio\PAT_3455_audio_WM_ERSP_OTD2_TN.npy,0.0536950904392764,0.0087855297157622,True,1369,3,0.10039076,3
PAT_3455,audio,LM,OTD3,\\nasac-m2.unige.ch\m-HumanNeuronLab\ANALYSIS\FLM\Analysis_LoraFanda\01_FBM_Analysis\outputs\04_ersp_LM_RAWONLY\PAT_3455\LM\ERSP_matrix\audio\PAT_3455_audio_WM_ERSP_OTD3_TN.npy,0.040594315245478,0.009250645994832,True,1370,3,0.085062705,3
PAT_3455,audio,LM,OTD6,\\nasac-m2.unige.ch\m-HumanNeuronLab\ANALYSIS\FLM\Analysis_LoraFanda\01_FBM_Analysis\outputs\04_ersp_LM_RAWONLY\PAT_3455\LM\ERSP_matrix\audio\PAT_3455_audio_WM_ERSP_OTD6_TN.npy,0.0324547803617571,0.0178811369509043,True,1371,3,0.1255304,3
PAT_3455,audio,LM,OTD7,\\nasac-m2.unige.ch\m-HumanNeuronLab\ANALYSIS\FLM\Analysis_LoraFanda\01_FBM_Analysis\outputs\04_ersp_LM_RAWONLY\PAT_3455\LM\ERSP_matrix\audio\PAT_3455_audio_WM_ERSP_OTD7_TN.npy,0.1139276485788113,0.0141343669250646,True,1372,3,0.20060796,3
PAT_3455,audio,LM,PHD9,\\nasac-m2.unige.ch\m-HumanNeuronLab\ANALYSIS\FLM\Analysis_LoraFanda\01_FBM_Analysis\outputs\04_ersp_LM_RAWONLY\PAT_3455\LM\ERSP_matrix\audio\PAT_3455_audio_WM_ERSP_PHD9_TN.npy,0.0040310077519379,0.0423772609819121,True,1373,6,0.20867755,6
PAT_3455,audio,LM,TOD12,\\nasac-m2.unige.ch\m-HumanNeuronLab\ANALYSIS\FLM\Analysis_LoraFanda\01_FBM_Analysis\outputs\04_ersp_LM_RAWONLY\PAT_3455\LM\ERSP_matrix\audio\PAT_3455_audio_WM_ERSP_TOD12_TN.npy,0.0117054263565891,0.0413953488372093,True,1374,6,0.13775545,6
PAT_3455,audio,LM,TSP2,\\nasac-m2.unige.ch\m-HumanNeuronLab\ANALYSIS\FLM\Analysis_LoraFanda\01_FBM_Analysis\outputs\04_ersp_LM_RAWONLY\PAT_3455\LM\ERSP_matrix\audio\PAT_3455_audio_WM_ERSP_TSP2_TN.npy,0.0207493540051679,0.0216279069767441,True,1375,6,0.054810923,6
PAT_3455,audio,LM,TSP7,\\nasac-m2.unige.ch\m-HumanNeuronLab\ANALYSIS\FLM\Analysis_LoraFanda\01_FBM_Analysis\outputs\04_ersp_LM_RAWONLY\PAT_3455\LM\ERSP_matrix\audio\PAT_3455_audio_WM_ERSP_TSP7_TN.npy,0.0227131782945736,0.0299741602067183,True,1376,6,0.059938636,6
PAT_3455,audio,LM,TSP8,\\nasac-m2.unige.ch\m-HumanNeuronLab\ANALYSIS\FLM\Analysis_LoraFanda\01_FBM_Analysis\outputs\04_ersp_LM_RAWONLY\PAT_3455\LM\ERSP_matrix\audio\PAT_3455_audio_WM_ERSP_TSP8_TN.npy,0.0230232558139534,0.0255813953488372,True,1377,6,0.07552388,6
PAT_3455,picture,LM,AD4,\\nasac-m2.unige.ch\m-HumanNeuronLab\ANALYSIS\FLM\Analysis_LoraFanda\01_FBM_Analysis\outputs\04_ersp_LM_RAWONLY\PAT_3455\LM\ERSP_matrix\picture\PAT_3455_picture_WM_ERSP_AD4_TN.npy,0.0227131782945736,0.0053229974160206,True,1378,9,0.029839275,9
PAT_3455,picture,LM,IMD1,\\nasac-m2.unige.ch\m-HumanNeuronLab\ANALYSIS\FLM\Analysis_LoraFanda\01_FBM_Analysis\outputs\04_ersp_LM_RAWONLY\PAT_3455\LM\ERSP_matrix\picture\PAT_3455_picture_WM_ERSP_IMD1_TN.npy,0.0250129198966408,0.0010594315245478,True,1379,5,-0.010644124,5
PAT_3455,picture,LM,OTD1,\\nasac-m2.unige.ch\m-HumanNeuronLab\ANALYSIS\FLM\Analysis_LoraFanda\01_FBM_Analysis\outputs\04_ersp_LM_RAWONLY\PAT_3455\LM\ERSP_matrix\picture\PAT_3455_picture_WM_ERSP_OTD1_TN.npy,0.0327131782945736,0.0017571059431524,True,1380,5,-0.0028738687,5
PAT_3455,picture,LM,OTD2,\\nasac-m2.unige.ch\m-HumanNeuronLab\ANALYSIS\FLM\Analysis_LoraFanda\01_FBM_Analysis\outputs\04_ersp_LM_RAWONLY\PAT_3455\LM\ERSP_matrix\picture\PAT_3455_picture_WM_ERSP_OTD2_TN.npy,0.0289405684754521,0.0026356589147286,True,1381,5,0.0028577037,5
PAT_3455,picture,LM,OTD3,\\nasac-m2.unige.ch\m-HumanNeuronLab\ANALYSIS\FLM\Analysis_LoraFanda\01_FBM_Analysis\outputs\04_ersp_LM_RAWONLY\PAT_3455\LM\ERSP_matrix\picture\PAT_3455_picture_WM_ERSP_OTD3_TN.npy,0.0213953488372093,0.0034108527131782,True,1382,5,0.036854945,5
PAT_3455,picture,LM,OTD6,\\nasac-m2.unige.ch\m-HumanNeuronLab\ANALYSIS\FLM\Analysis_LoraFanda\01_FBM_Analysis\outputs\04_ersp_LM_RAWONLY\PAT_3455\LM\ERSP_matrix\picture\PAT_3455_picture_WM_ERSP_OTD6_TN.npy,0.0202583979328165,0.006640826873385,True,1383,5,0.021336302,5
PAT_3455,picture,LM,OTD7,\\nasac-m2.unige.ch\m-HumanNeuronLab\ANALYSIS\FLM\Analysis_LoraFanda\01_FBM_Analysis\outputs\04_ersp_LM_RAWONLY\PAT_3455\LM\ERSP_matrix\picture\PAT_3455_picture_WM_ERSP_OTD7_TN.npy,0.0380620155038759,0.0070542635658914,True,1384,9,0.024622466,9
PAT_3455,picture,LM,PHD1,\\nasac-m2.unige.ch\m-HumanNeuronLab\ANALYSIS\FLM\Analysis_LoraFanda\01_FBM_Analysis\outputs\04_ersp_LM_RAWONLY\PAT_3455\LM\ERSP_matrix\picture\PAT_3455_picture_WM_ERSP_PHD1_TN.npy,0.0283204134366925,0.0053229974160206,True,1385,7,0.041287445,7
PAT_3455,picture,LM,PHD2,\\nasac-m2.unige.ch\m-HumanNeuronLab\ANALYSIS\FLM\Analysis_LoraFanda\01_FBM_Analysis\outputs\04_ersp_LM_RAWONLY\PAT_3455\LM\ERSP_matrix\picture\PAT_3455_picture_WM_ERSP_PHD2_TN.npy,0.0281395348837209,0.0070801033591731,True,1386,7,0.05683121,7
PAT_3455,picture,LM,TOD11,\\nasac-m2.unige.ch\m-HumanNeuronLab\ANALYSIS\FLM\Analysis_LoraFanda\01_FBM_Analysis\outputs\04_ersp_LM_RAWONLY\PAT_3455\LM\ERSP_matrix\picture\PAT_3455_picture_WM_ERSP_TOD11_TN.npy,0.0220155038759689,0.0036175710594315,True,1387,7,0.015060869,7
PAT_3455,picture,LM,TOD12,\\nasac-m2.unige.ch\m-HumanNeuronLab\ANALYSIS\FLM\Analysis_LoraFanda\01_FBM_Analysis\outputs\04_ersp_LM_RAWONLY\PAT_3455\LM\ERSP_matrix\picture\PAT_3455_picture_WM_ERSP_TOD12_TN.npy,0.0365891472868217,0.0067700258397932,True,1388,7,-0.021567972,7
PAT_3455,picture,LM,TOD7,\\nasac-m2.unige.ch\m-HumanNeuronLab\ANALYSIS\FLM\Analysis_LoraFanda\01_FBM_Analysis\outputs\04_ersp_LM_RAWONLY\PAT_3455\LM\ERSP_matrix\picture\PAT_3455_picture_WM_ERSP_TOD7_TN.npy,0.0237467700258397,0.006640826873385,True,1389,7,-0.0017239592,7
PAT_3455,picture,LM,TSP1,\\nasac-m2.unige.ch\m-HumanNeuronLab\ANALYSIS\FLM\Analysis_LoraFanda\01_FBM_Analysis\outputs\04_ersp_LM_RAWONLY\PAT_3455\LM\ERSP_matrix\picture\PAT_3455_picture_WM_ERSP_TSP1_TN.npy,0.0219896640826873,0.005297157622739,True,1390,2,-0.044648316,2
PAT_3455,picture,LM,TSP7,\\nasac-m2.unige.ch\m-HumanNeuronLab\ANALYSIS\FLM\Analysis_LoraFanda\01_FBM_Analysis\outputs\04_ersp_LM_RAWONLY\PAT_3455\LM\ERSP_matrix\picture\PAT_3455_picture_WM_ERSP_TSP7_TN.npy,0.0211369509043927,0.0105684754521963,True,1391,7,-0.021610584,7
PAT_3455,picture,LM,TSP8,\\nasac-m2.unige.ch\m-HumanNeuronLab\ANALYSIS\FLM\Analysis_LoraFanda\01_FBM_Analysis\outputs\04_ersp_LM_RAWONLY\PAT_3455\LM\ERSP_matrix\picture\PAT_3455_picture_WM_ERSP_TSP8_TN.npy,0.0227906976744186,0.0096382428940568,True,1392,7,-0.0129435845,7
PAT_3455,reading,LM,AD4,\\nasac-m2.unige.ch\m-HumanNeuronLab\ANALYSIS\FLM\Analysis_LoraFanda\01_FBM_Analysis\outputs\04_ersp_LM_RAWONLY\PAT_3455\LM\ERSP_matrix\reading\PAT_3455_reading_WM_ERSP_AD4_TN.npy,0.0176744186046511,0.054470284237726,True,1393,6,0.1638308,6
PAT_3455,reading,LM,AD5,\\nasac-m2.unige.ch\m-HumanNeuronLab\ANALYSIS\FLM\Analysis_LoraFanda\01_FBM_Analysis\outputs\04_ersp_LM_RAWONLY\PAT_3455\LM\ERSP_matrix\reading\PAT_3455_reading_WM_ERSP_AD5_TN.npy,0.013953488372093,0.0594832041343669,True,1394,6,0.21446788,6
PAT_3455,reading,LM,AD6,\\nasac-m2.unige.ch\m-HumanNeuronLab\ANALYSIS\FLM\Analysis_LoraFanda\01_FBM_Analysis\outputs\04_ersp_LM_RAWONLY\PAT_3455\LM\ERSP_matrix\reading\PAT_3455_reading_WM_ERSP_AD6_TN.npy,0.0085271317829457,0.0622222222222222,True,1395,6,0.21578477,6
PAT_3455,reading,LM,AD7,\\nasac-m2.unige.ch\m-HumanNeuronLab\ANALYSIS\FLM\Analysis_LoraFanda\01_FBM_Analysis\outputs\04_ersp_LM_RAWONLY\PAT_3455\LM\ERSP_matrix\reading\PAT_3455_reading_WM_ERSP_AD7_TN.npy,0.0044961240310077,0.0675452196382428,True,1396,6,0.24983554,6
PAT_3455,reading,LM,AD8,\\nasac-m2.unige.ch\m-HumanNeuronLab\ANALYSIS\FLM\Analysis_LoraFanda\01_FBM_Analysis\outputs\04_ersp_LM_RAWONLY\PAT_3455\LM\ERSP_matrix\reading\PAT_3455_reading_WM_ERSP_AD8_TN.npy,0.0042118863049095,0.0762532299741602,True,1397,6,0.29116586,6
PAT_3455,reading,LM,HAD10,\\nasac-m2.unige.ch\m-HumanNeuronLab\ANALYSIS\FLM\Analysis_LoraFanda\01_FBM_Analysis\outputs\04_ersp_LM_RAWONLY\PAT_3455\LM\ERSP_matrix\reading\PAT_3455_reading_WM_ERSP_HAD10_TN.npy,0.0035917312661498,0.1671317829457364,True,1398,6,0.33186477,6
PAT_3455,reading,LM,HAD4,\\nasac-m2.unige.ch\m-HumanNeuronLab\ANALYSIS\FLM\Analysis_LoraFanda\01_FBM_Analysis\outputs\04_ersp_LM_RAWONLY\PAT_3455\LM\ERSP_matrix\reading\PAT_3455_reading_WM_ERSP_HAD4_TN.npy,0.0118346253229974,0.0470284237726098,True,1399,6,0.18927252,6
PAT_3455,reading,LM,HAD5,\\nasac-m2.unige.ch\m-HumanNeuronLab\ANALYSIS\FLM\Analysis_LoraFanda\01_FBM_Analysis\outputs\04_ersp_LM_RAWONLY\PAT_3455\LM\ERSP_matrix\reading\PAT_3455_reading_WM_ERSP_HAD5_TN.npy,0.0090697674418604,0.04,True,1400,6,0.205964,6
PAT_3455,reading,LM,HAD6,\\nasac-m2.unige.ch\m-HumanNeuronLab\ANALYSIS\FLM\Analysis_LoraFanda\01_FBM_Analysis\outputs\04_ersp_LM_RAWONLY\PAT_3455\LM\ERSP_matrix\reading\PAT_3455_reading_WM_ERSP_HAD6_TN.npy,0.0067183462532299,0.0517829457364341,True,1401,6,0.2617194,6
PAT_3455,reading,LM,HAD7,\\nasac-m2.unige.ch\m-HumanNeuronLab\ANALYSIS\FLM\Analysis_LoraFanda\01_FBM_Analysis\outputs\04_ersp_LM_RAWONLY\PAT_3455\LM\ERSP_matrix\reading\PAT_3455_reading_WM_ERSP_HAD7_TN.npy,0.0048320413436692,0.049173126614987,True,1402,6,0.24025874,6
PAT_3455,reading,LM,HAD8,\\nasac-m2.unige.ch\m-HumanNeuronLab\ANALYSIS\FLM\Analysis_LoraFanda\01_FBM_Analysis\outputs\04_ersp_LM_RAWONLY\PAT_3455\LM\ERSP_matrix\reading\PAT_3455_reading_WM_ERSP_HAD8_TN.npy,0.0022997416020671,0.0609560723514211,True,1403,6,0.29836017,6
PAT_3455,reading,LM,HAD9,\\nasac-m2.unige.ch\m-HumanNeuronLab\ANALYSIS\FLM\Analysis_LoraFanda\01_FBM_Analysis\outputs\04_ersp_LM_RAWONLY\PAT_3455\LM\ERSP_matrix\reading\PAT_3455_reading_WM_ERSP_HAD9_TN.npy,0.0022480620155038,0.0857622739018087,True,1404,6,0.31799856,6
PAT_3455,reading,LM,HPD10,\\nasac-m2.unige.ch\m-HumanNeuronLab\ANALYSIS\FLM\Analysis_LoraFanda\01_FBM_Analysis\outputs\04_ersp_LM_RAWONLY\PAT_3455\LM\ERSP_matrix\reading\PAT_3455_reading_WM_ERSP_HPD10_TN.npy,0.0027648578811369,0.0494315245478036,True,1405,6,0.21384244,6
PAT_3455,reading,LM,HPD4,\\nasac-m2.unige.ch\m-HumanNeuronLab\ANALYSIS\FLM\Analysis_LoraFanda\01_FBM_Analysis\outputs\04_ersp_LM_RAWONLY\PAT_3455\LM\ERSP_matrix\reading\PAT_3455_reading_WM_ERSP_HPD4_TN.npy,0.00656330749354,0.0408785529715762,True,1406,6,0.22159971,6
PAT_3455,reading,LM,HPD6,\\nasac-m2.unige.ch\m-HumanNeuronLab\ANALYSIS\FLM\Analysis_LoraFanda\01_FBM_Analysis\outputs\04_ersp_LM_RAWONLY\PAT_3455\LM\ERSP_matrix\reading\PAT_3455_reading_WM_ERSP_HPD6_TN.npy,0.0040568475452196,0.0447803617571059,True,1407,6,0.21407022,6
PAT_3455,reading,LM,HPD8,\\nasac-m2.unige.ch\m-HumanNeuronLab\ANALYSIS\FLM\Analysis_LoraFanda\01_FBM_Analysis\outputs\04_ersp_LM_RAWONLY\PAT_3455\LM\ERSP_matrix\reading\PAT_3455_reading_WM_ERSP_HPD8_TN.npy,0.0019638242894056,0.0441085271317829,True,1408,6,0.19677268,6
PAT_3455,reading,LM,HPD9,\\nasac-m2.unige.ch\m-HumanNeuronLab\ANALYSIS\FLM\Analysis_LoraFanda\01_FBM_Analysis\outputs\04_ersp_LM_RAWONLY\PAT_3455\LM\ERSP_matrix\reading\PAT_3455_reading_WM_ERSP_HPD9_TN.npy,0.0018863049095607,0.0491989664082687,True,1409,6,0.20926274,6
PAT_3455,reading,LM,IPD10,\\nasac-m2.unige.ch\m-HumanNeuronLab\ANALYSIS\FLM\Analysis_LoraFanda\01_FBM_Analysis\outputs\04_ersp_LM_RAWONLY\PAT_3455\LM\ERSP_matrix\reading\PAT_3455_reading_WM_ERSP_IPD10_TN.npy,0.0347286821705426,0.0059431524547803,True,1410,7,0.10585897,7
PAT_3455,reading,LM,OTD1,\\nasac-m2.unige.ch\m-HumanNeuronLab\ANALYSIS\FLM\Analysis_LoraFanda\01_FBM_Analysis\outputs\04_ersp_LM_RAWONLY\PAT_3455\LM\ERSP_matrix\reading\PAT_3455_reading_WM_ERSP_OTD1_TN.npy,0.0294832041343669,0.0152454780361757,True,1411,7,0.01498338,7
PAT_3455,reading,LM,OTD2,\\nasac-m2.unige.ch\m-HumanNeuronLab\ANALYSIS\FLM\Analysis_LoraFanda\01_FBM_Analysis\outputs\04_ersp_LM_RAWONLY\PAT_3455\LM\ERSP_matrix\reading\PAT_3455_reading_WM_ERSP_OTD2_TN.npy,0.0249612403100775,0.0179328165374677,True,1412,7,0.024740597,7
PAT_3455,reading,LM,OTD7,\\nasac-m2.unige.ch\m-HumanNeuronLab\ANALYSIS\FLM\Analysis_LoraFanda\01_FBM_Analysis\outputs\04_ersp_LM_RAWONLY\PAT_3455\LM\ERSP_matrix\reading\PAT_3455_reading_WM_ERSP_OTD7_TN.npy,0.0234625322997416,0.0177002583979328,True,1413,7,0.041092616,7
PAT_3455,reading,LM,PHD10,\\nasac-m2.unige.ch\m-HumanNeuronLab\ANALYSIS\FLM\Analysis_LoraFanda\01_FBM_Analysis\outputs\04_ersp_LM_RAWONLY\PAT_3455\LM\ERSP_matrix\reading\PAT_3455_reading_WM_ERSP_PHD10_TN.npy,0.0034883720930232,0.0443410852713178,True,1414,6,0.23380831,6
PAT_3455,reading,LM,PHD7,\\nasac-m2.unige.ch\m-HumanNeuronLab\ANALYSIS\FLM\Analysis_LoraFanda\01_FBM_Analysis\outputs\04_ersp_LM_RAWONLY\PAT_3455\LM\ERSP_matrix\reading\PAT_3455_reading_WM_ERSP_PHD7_TN.npy,0.0065116279069767,0.0437984496124031,True,1415,6,0.17686318,6
PAT_3455,reading,LM,PHD8,\\nasac-m2.unige.ch\m-HumanNeuronLab\ANALYSIS\FLM\Analysis_LoraFanda\01_FBM_Analysis\outputs\04_ersp_LM_RAWONLY\PAT_3455\LM\ERSP_matrix\reading\PAT_3455_reading_WM_ERSP_PHD8_TN.npy,0.003204134366925,0.0483204134366925,True,1416,6,0.22886084,6
PAT_3455,reading,LM,PHD9,\\nasac-m2.unige.ch\m-HumanNeuronLab\ANALYSIS\FLM\Analysis_LoraFanda\01_FBM_Analysis\outputs\04_ersp_LM_RAWONLY\PAT_3455\LM\ERSP_matrix\reading\PAT_3455_reading_WM_ERSP_PHD9_TN.npy,0.0036434108527131,0.0569509043927648,True,1417,6,0.24035288,6
PAT_3455,reading,LM,TOD4,\\nasac-m2.unige.ch\m-HumanNeuronLab\ANALYSIS\FLM\Analysis_LoraFanda\01_FBM_Analysis\outputs\04_ersp_LM_RAWONLY\PAT_3455\LM\ERSP_matrix\reading\PAT_3455_reading_WM_ERSP_TOD4_TN.npy,0.0096899224806201,0.0405426356589147,True,1418,6,0.15548465,6
PAT_3455,reading,LM,TSP7,\\nasac-m2.unige.ch\m-HumanNeuronLab\ANALYSIS\FLM\Analysis_LoraFanda\01_FBM_Analysis\outputs\04_ersp_LM_RAWONLY\PAT_3455\LM\ERSP_matrix\reading\PAT_3455_reading_WM_ERSP_TSP7_TN.npy,0.0081912144702842,0.0513178294573643,True,1419,4,0.0067085517,4
PAT_3455,reading,LM,TSP8,\\nasac-m2.unige.ch\m-HumanNeuronLab\ANALYSIS\FLM\Analysis_LoraFanda\01_FBM_Analysis\outputs\04_ersp_LM_RAWONLY\PAT_3455\LM\ERSP_matrix\reading\PAT_3455_reading_WM_ERSP_TSP8_TN.npy,0.0080103359173126,0.0406459948320413,True,1420,6,0.14677587,6
PAT_3780,audio,LM,FLP10,\\nasac-m2.unige.ch\m-HumanNeuronLab\ANALYSIS\FLM\Analysis_LoraFanda\01_FBM_Analysis\outputs\04_ersp_LM_RAWONLY\PAT_3780\LM\ERSP_matrix\audio\PAT_3780_audio_WM_ERSP_FLP10_TN.npy,0.0225581395348837,0.0019896640826873,True,1421,7,0.013425166,7
PAT_3780,audio,LM,FLP9,\\nasac-m2.unige.ch\m-HumanNeuronLab\ANALYSIS\FLM\Analysis_LoraFanda\01_FBM_Analysis\outputs\04_ersp_LM_RAWONLY\PAT_3780\LM\ERSP_matrix\audio\PAT_3780_audio_WM_ERSP_FLP9_TN.npy,0.0203359173126615,0.0019121447028423,True,1422,7,-0.00047694525,7
PAT_3780,reading,LM,FAP1,\\nasac-m2.unige.ch\m-HumanNeuronLab\ANALYSIS\FLM\Analysis_LoraFanda\01_FBM_Analysis\outputs\04_ersp_LM_RAWONLY\PAT_3780\LM\ERSP_matrix\reading\PAT_3780_reading_WM_ERSP_FAP1_TN.npy,0.0293023255813953,0.0007751937984496,True,1423,1,-0.04633375,1
PAT_3780,reading,LM,FAP2,\\nasac-m2.unige.ch\m-HumanNeuronLab\ANALYSIS\FLM\Analysis_LoraFanda\01_FBM_Analysis\outputs\04_ersp_LM_RAWONLY\PAT_3780\LM\ERSP_matrix\reading\PAT_3780_reading_WM_ERSP_FAP2_TN.npy,0.0428940568475452,0.0002067183462532,True,1424,1,0.00055902585,1
PAT_3780,reading,LM,FAP3,\\nasac-m2.unige.ch\m-HumanNeuronLab\ANALYSIS\FLM\Analysis_LoraFanda\01_FBM_Analysis\outputs\04_ersp_LM_RAWONLY\PAT_3780\LM\ERSP_matrix\reading\PAT_3780_reading_WM_ERSP_FAP3_TN.npy,0.0344961240310077,0.0012144702842377,True,1425,1,-0.063047,1
PAT_3780,reading,LM,FAP4,\\nasac-m2.unige.ch\m-HumanNeuronLab\ANALYSIS\FLM\Analysis_LoraFanda\01_FBM_Analysis\outputs\04_ersp_LM_RAWONLY\PAT_3780\LM\ERSP_matrix\reading\PAT_3780_reading_WM_ERSP_FAP4_TN.npy,0.0347286821705426,0.0004392764857881,True,1426,1,-0.00821857,1
PAT_3780,reading,LM,FAP5,\\nasac-m2.unige.ch\m-HumanNeuronLab\ANALYSIS\FLM\Analysis_LoraFanda\01_FBM_Analysis\outputs\04_ersp_LM_RAWONLY\PAT_3780\LM\ERSP_matrix\reading\PAT_3780_reading_WM_ERSP_FAP5_TN.npy,0.0365891472868217,0.0004134366925064,True,1427,1,-0.028482702,1
PAT_3780,reading,LM,FAP6,\\nasac-m2.unige.ch\m-HumanNeuronLab\ANALYSIS\FLM\Analysis_LoraFanda\01_FBM_Analysis\outputs\04_ersp_LM_RAWONLY\PAT_3780\LM\ERSP_matrix\reading\PAT_3780_reading_WM_ERSP_FAP6_TN.npy,0.0227906976744186,0.0001808785529715,True,1428,1,-0.040056244,1
PAT_3780,reading,LM,FAP7,\\nasac-m2.unige.ch\m-HumanNeuronLab\ANALYSIS\FLM\Analysis_LoraFanda\01_FBM_Analysis\outputs\04_ersp_LM_RAWONLY\PAT_3780\LM\ERSP_matrix\reading\PAT_3780_reading_WM_ERSP_FAP7_TN.npy,0.0289664082687338,0.000594315245478,True,1429,1,-0.023911484,1
PAT_3780,reading,LM,FAP8,\\nasac-m2.unige.ch\m-HumanNeuronLab\ANALYSIS\FLM\Analysis_LoraFanda\01_FBM_Analysis\outputs\04_ersp_LM_RAWONLY\PAT_3780\LM\ERSP_matrix\reading\PAT_3780_reading_WM_ERSP_FAP8_TN.npy,0.0321705426356589,0.0009302325581395,True,1430,1,-0.039099984,1
PAT_3780,reading,LM,FLA1,\\nasac-m2.unige.ch\m-HumanNeuronLab\ANALYSIS\FLM\Analysis_LoraFanda\01_FBM_Analysis\outputs\04_ersp_LM_RAWONLY\PAT_3780\LM\ERSP_matrix\reading\PAT_3780_reading_WM_ERSP_FLA1_TN.npy,0.02984496124031,0.000516795865633,True,1431,1,0.0047028875,1
PAT_3780,reading,LM,FLA2,\\nasac-m2.unige.ch\m-HumanNeuronLab\ANALYSIS\FLM\Analysis_LoraFanda\01_FBM_Analysis\outputs\04_ersp_LM_RAWONLY\PAT_3780\LM\ERSP_matrix\reading\PAT_3780_reading_WM_ERSP_FLA2_TN.npy,0.03,0.0003617571059431,True,1432,1,-0.027919628,1
PAT_3780,reading,LM,FLA3,\\nasac-m2.unige.ch\m-HumanNeuronLab\ANALYSIS\FLM\Analysis_LoraFanda\01_FBM_Analysis\outputs\04_ersp_LM_RAWONLY\PAT_3780\LM\ERSP_matrix\reading\PAT_3780_reading_WM_ERSP_FLA3_TN.npy,0.0213695090439276,0.0001550387596899,True,1433,1,-0.09856839,1
PAT_3780,reading,LM,FLA4,\\nasac-m2.unige.ch\m-HumanNeuronLab\ANALYSIS\FLM\Analysis_LoraFanda\01_FBM_Analysis\outputs\04_ersp_LM_RAWONLY\PAT_3780\LM\ERSP_matrix\reading\PAT_3780_reading_WM_ERSP_FLA4_TN.npy,0.0224031007751937,0.000594315245478,True,1434,5,0.10214932,5
PAT_3780,reading,LM,FLA5,\\nasac-m2.unige.ch\m-HumanNeuronLab\ANALYSIS\FLM\Analysis_LoraFanda\01_FBM_Analysis\outputs\04_ersp_LM_RAWONLY\PAT_3780\LM\ERSP_matrix\reading\PAT_3780_reading_WM_ERSP_FLA5_TN.npy,0.0281653746770025,0.0001550387596899,True,1435,5,0.10487498,5
PAT_3780,reading,LM,FLA6,\\nasac-m2.unige.ch\m-HumanNeuronLab\ANALYSIS\FLM\Analysis_LoraFanda\01_FBM_Analysis\outputs\04_ersp_LM_RAWONLY\PAT_3780\LM\ERSP_matrix\reading\PAT_3780_reading_WM_ERSP_FLA6_TN.npy,0.049328165374677,0.0002067183462532,True,1436,1,-0.051955532,1
PAT_3780,reading,LM,FLA7,\\nasac-m2.unige.ch\m-HumanNeuronLab\ANALYSIS\FLM\Analysis_LoraFanda\01_FBM_Analysis\outputs\04_ersp_LM_RAWONLY\PAT_3780\LM\ERSP_matrix\reading\PAT_3780_reading_WM_ERSP_FLA7_TN.npy,0.0467441860465116,0.0002067183462532,True,1437,1,-0.026295649,1
PAT_3780,reading,LM,FLA8,\\nasac-m2.unige.ch\m-HumanNeuronLab\ANALYSIS\FLM\Analysis_LoraFanda\01_FBM_Analysis\outputs\04_ersp_LM_RAWONLY\PAT_3780\LM\ERSP_matrix\reading\PAT_3780_reading_WM_ERSP_FLA8_TN.npy,0.0859948320413436,0.0003100775193798,True,1438,1,0.053075545,1
PAT_3780,reading,LM,FLA9,\\nasac-m2.unige.ch\m-HumanNeuronLab\ANALYSIS\FLM\Analysis_LoraFanda\01_FBM_Analysis\outputs\04_ersp_LM_RAWONLY\PAT_3780\LM\ERSP_matrix\reading\PAT_3780_reading_WM_ERSP_FLA9_TN.npy,0.120594315245478,0.0001808785529715,True,1439,1,0.09182161,1
PAT_3780,reading,LM,FLP10,\\nasac-m2.unige.ch\m-HumanNeuronLab\ANALYSIS\FLM\Analysis_LoraFanda\01_FBM_Analysis\outputs\04_ersp_LM_RAWONLY\PAT_3780\LM\ERSP_matrix\reading\PAT_3780_reading_WM_ERSP_FLP10_TN.npy,0.0968992248062015,0.0003359173126614,True,1440,1,0.07783609,1
PAT_3780,reading,LM,FLP2,\\nasac-m2.unige.ch\m-HumanNeuronLab\ANALYSIS\FLM\Analysis_LoraFanda\01_FBM_Analysis\outputs\04_ersp_LM_RAWONLY\PAT_3780\LM\ERSP_matrix\reading\PAT_3780_reading_WM_ERSP_FLP2_TN.npy,0.0208010335917312,0.0001808785529715,True,1441,5,0.13995238,5
PAT_3780,reading,LM,FLP3,\\nasac-m2.unige.ch\m-HumanNeuronLab\ANALYSIS\FLM\Analysis_LoraFanda\01_FBM_Analysis\outputs\04_ersp_LM_RAWONLY\PAT_3780\LM\ERSP_matrix\reading\PAT_3780_reading_WM_ERSP_FLP3_TN.npy,0.0219121447028423,0.0004134366925064,True,1442,1,-0.09042469,1
PAT_3780,reading,LM,FLP4,\\nasac-m2.unige.ch\m-HumanNeuronLab\ANALYSIS\FLM\Analysis_LoraFanda\01_FBM_Analysis\outputs\04_ersp_LM_RAWONLY\PAT_3780\LM\ERSP_matrix\reading\PAT_3780_reading_WM_ERSP_FLP4_TN.npy,0.0346511627906976,0.0004392764857881,True,1443,1,-0.00776937,1
PAT_3780,reading,LM,FLP5,\\nasac-m2.unige.ch\m-HumanNeuronLab\ANALYSIS\FLM\Analysis_LoraFanda\01_FBM_Analysis\outputs\04_ersp_LM_RAWONLY\PAT_3780\LM\ERSP_matrix\reading\PAT_3780_reading_WM_ERSP_FLP5_TN.npy,0.0434883720930232,0.000594315245478,True,1444,1,-0.006397897,1
PAT_3780,reading,LM,FLP7,\\nasac-m2.unige.ch\m-HumanNeuronLab\ANALYSIS\FLM\Analysis_LoraFanda\01_FBM_Analysis\outputs\04_ersp_LM_RAWONLY\PAT_3780\LM\ERSP_matrix\reading\PAT_3780_reading_WM_ERSP_FLP7_TN.npy,0.0656847545219638,0.0004134366925064,True,1445,1,0.03870669,1
PAT_3780,reading,LM,FLP8,\\nasac-m2.unige.ch\m-HumanNeuronLab\ANALYSIS\FLM\Analysis_LoraFanda\01_FBM_Analysis\outputs\04_ersp_LM_RAWONLY\PAT_3780\LM\ERSP_matrix\reading\PAT_3780_reading_WM_ERSP_FLP8_TN.npy,0.0753746770025839,0.0004392764857881,True,1446,1,0.032271907,1
PAT_3780,reading,LM,FLP9,\\nasac-m2.unige.ch\m-HumanNeuronLab\ANALYSIS\FLM\Analysis_LoraFanda\01_FBM_Analysis\outputs\04_ersp_LM_RAWONLY\PAT_3780\LM\ERSP_matrix\reading\PAT_3780_reading_WM_ERSP_FLP9_TN.npy,0.0818863049095607,0.0003875968992248,True,1447,1,0.054028995,1
PAT_3780,reading,LM,FMA12,\\nasac-m2.unige.ch\m-HumanNeuronLab\ANALYSIS\FLM\Analysis_LoraFanda\01_FBM_Analysis\outputs\04_ersp_LM_RAWONLY\PAT_3780\LM\ERSP_matrix\reading\PAT_3780_reading_WM_ERSP_FMA12_TN.npy,0.0210335917312661,0.0004392764857881,True,1448,1,-0.113724396,1
PAT_3780,reading,LM,FMP10,\\nasac-m2.unige.ch\m-HumanNeuronLab\ANALYSIS\FLM\Analysis_LoraFanda\01_FBM_Analysis\outputs\04_ersp_LM_RAWONLY\PAT_3780\LM\ERSP_matrix\reading\PAT_3780_reading_WM_ERSP_FMP10_TN.npy,0.02,0.0008785529715762,True,1449,1,-0.06978309,1
PAT_3780,reading,LM,FMP11,\\nasac-m2.unige.ch\m-HumanNeuronLab\ANALYSIS\FLM\Analysis_LoraFanda\01_FBM_Analysis\outputs\04_ersp_LM_RAWONLY\PAT_3780\LM\ERSP_matrix\reading\PAT_3780_reading_WM_ERSP_FMP11_TN.npy,0.0269250645994832,0.0004392764857881,True,1450,1,-0.108609036,1
PAT_3780,reading,LM,FMP1,\\nasac-m2.unige.ch\m-HumanNeuronLab\ANALYSIS\FLM\Analysis_LoraFanda\01_FBM_Analysis\outputs\04_ersp_LM_RAWONLY\PAT_3780\LM\ERSP_matrix\reading\PAT_3780_reading_WM_ERSP_FMP1_TN.npy,0.0326614987080103,0.0002842377260981,True,1451,1,-0.06831563,1
PAT_3780,reading,LM,FMP2,\\nasac-m2.unige.ch\m-HumanNeuronLab\ANALYSIS\FLM\Analysis_LoraFanda\01_FBM_Analysis\outputs\04_ersp_LM_RAWONLY\PAT_3780\LM\ERSP_matrix\reading\PAT_3780_reading_WM_ERSP_FMP2_TN.npy,0.0247803617571059,0.0004134366925064,True,1452,1,-0.08195032,1
PAT_3780,reading,LM,FMP7,\\nasac-m2.unige.ch\m-HumanNeuronLab\ANALYSIS\FLM\Analysis_LoraFanda\01_FBM_Analysis\outputs\04_ersp_LM_RAWONLY\PAT_3780\LM\ERSP_matrix\reading\PAT_3780_reading_WM_ERSP_FMP7_TN.npy,0.030516795865633,0.0002842377260981,True,1453,1,-0.03810837,1
PAT_3780,reading,LM,FMP9,\\nasac-m2.unige.ch\m-HumanNeuronLab\ANALYSIS\FLM\Analysis_LoraFanda\01_FBM_Analysis\outputs\04_ersp_LM_RAWONLY\PAT_3780\LM\ERSP_matrix\reading\PAT_3780_reading_WM_ERSP_FMP9_TN.npy,0.0262532299741602,0.0002583979328165,True,1454,1,-0.11543959,1
PAT_3780,reading,LM,FSS10,\\nasac-m2.unige.ch\m-HumanNeuronLab\ANALYSIS\FLM\Analysis_LoraFanda\01_FBM_Analysis\outputs\04_ersp_LM_RAWONLY\PAT_3780\LM\ERSP_matrix\reading\PAT_3780_reading_WM_ERSP_FSS10_TN.npy,0.0400516795865633,0.0011369509043927,True,1455,1,-0.10333783,1
PAT_3780,reading,LM,FSS6,\\nasac-m2.unige.ch\m-HumanNeuronLab\ANALYSIS\FLM\Analysis_LoraFanda\01_FBM_Analysis\outputs\04_ersp_LM_RAWONLY\PAT_3780\LM\ERSP_matrix\reading\PAT_3780_reading_WM_ERSP_FSS6_TN.npy,0.0220413436692506,0.0005426356589147,True,1456,5,0.096050166,5
PAT_3780,reading,LM,FSS7,\\nasac-m2.unige.ch\m-HumanNeuronLab\ANALYSIS\FLM\Analysis_LoraFanda\01_FBM_Analysis\outputs\04_ersp_LM_RAWONLY\PAT_3780\LM\ERSP_matrix\reading\PAT_3780_reading_WM_ERSP_FSS7_TN.npy,0.0252713178294573,0.0008010335917312,True,1457,5,0.09241816,5
PAT_3780,reading,LM,FSS8,\\nasac-m2.unige.ch\m-HumanNeuronLab\ANALYSIS\FLM\Analysis_LoraFanda\01_FBM_Analysis\outputs\04_ersp_LM_RAWONLY\PAT_3780\LM\ERSP_matrix\reading\PAT_3780_reading_WM_ERSP_FSS8_TN.npy,0.0265891472868217,0.0002067183462532,True,1458,5,0.09951374,5
PAT_3780,reading,LM,FSS9,\\nasac-m2.unige.ch\m-HumanNeuronLab\ANALYSIS\FLM\Analysis_LoraFanda\01_FBM_Analysis\outputs\04_ersp_LM_RAWONLY\PAT_3780\LM\ERSP_matrix\reading\PAT_3780_reading_WM_ERSP_FSS9_TN.npy,0.0241343669250646,0.0004651162790697,True,1459,5,0.1253503,5
PAT_3780,reading,LM,HAG2,\\nasac-m2.unige.ch\m-HumanNeuronLab\ANALYSIS\FLM\Analysis_LoraFanda\01_FBM_Analysis\outputs\04_ersp_LM_RAWONLY\PAT_3780\LM\ERSP_matrix\reading\PAT_3780_reading_WM_ERSP_HAG2_TN.npy,0.0220413436692506,0.0010594315245478,True,1460,1,-0.08877035,1
PAT_3780,reading,LM,HAG3,\\nasac-m2.unige.ch\m-HumanNeuronLab\ANALYSIS\FLM\Analysis_LoraFanda\01_FBM_Analysis\outputs\04_ersp_LM_RAWONLY\PAT_3780\LM\ERSP_matrix\reading\PAT_3780_reading_WM_ERSP_HAG3_TN.npy,0.0278552971576227,0.0006201550387596,True,1461,1,-0.108026095,1
PAT_3780,reading,LM,TPG1,\\nasac-m2.unige.ch\m-HumanNeuronLab\ANALYSIS\FLM\Analysis_LoraFanda\01_FBM_Analysis\outputs\04_ersp_LM_RAWONLY\PAT_3780\LM\ERSP_matrix\reading\PAT_3780_reading_WM_ERSP_TPG1_TN.npy,0.077906976744186,0.0002325581395348,True,1462,1,0.12562358,1
PAT_3780,reading,LM,TPG2,\\nasac-m2.unige.ch\m-HumanNeuronLab\ANALYSIS\FLM\Analysis_LoraFanda\01_FBM_Analysis\outputs\04_ersp_LM_RAWONLY\PAT_3780\LM\ERSP_matrix\reading\PAT_3780_reading_WM_ERSP_TPG2_TN.npy,0.091188630490956,0.0002325581395348,True,1463,1,0.14552568,1
PAT_3780,reading,LM,TPG3,\\nasac-m2.unige.ch\m-HumanNeuronLab\ANALYSIS\FLM\Analysis_LoraFanda\01_FBM_Analysis\outputs\04_ersp_LM_RAWONLY\PAT_3780\LM\ERSP_matrix\reading\PAT_3780_reading_WM_ERSP_TPG3_TN.npy,0.0851162790697674,0.0001550387596899,True,1464,1,0.13830969,1
PAT_3780,reading,LM,TPG4,\\nasac-m2.unige.ch\m-HumanNeuronLab\ANALYSIS\FLM\Analysis_LoraFanda\01_FBM_Analysis\outputs\04_ersp_LM_RAWONLY\PAT_3780\LM\ERSP_matrix\reading\PAT_3780_reading_WM_ERSP_TPG4_TN.npy,0.0720671834625323,2.5839793281653743e-05,True,1465,1,0.12068666,1
PAT_3780,reading,LM,TPG5,\\nasac-m2.unige.ch\m-HumanNeuronLab\ANALYSIS\FLM\Analysis_LoraFanda\01_FBM_Analysis\outputs\04_ersp_LM_RAWONLY\PAT_3780\LM\ERSP_matrix\reading\PAT_3780_reading_WM_ERSP_TPG5_TN.npy,0.0797157622739018,0.0002067183462532,True,1466,1,0.10957902,1
PAT_3780,reading,LM,TPG6,\\nasac-m2.unige.ch\m-HumanNeuronLab\ANALYSIS\FLM\Analysis_LoraFanda\01_FBM_Analysis\outputs\04_ersp_LM_RAWONLY\PAT_3780\LM\ERSP_matrix\reading\PAT_3780_reading_WM_ERSP_TPG6_TN.npy,0.071860465116279,0.0007235142118863,True,1467,1,0.091794685,1
PAT_3780,reading,LM,TPG8,\\nasac-m2.unige.ch\m-HumanNeuronLab\ANALYSIS\FLM\Analysis_LoraFanda\01_FBM_Analysis\outputs\04_ersp_LM_RAWONLY\PAT_3780\LM\ERSP_matrix\reading\PAT_3780_reading_WM_ERSP_TPG8_TN.npy,0.055142118863049,0.0003875968992248,True,1468,1,0.061558623,1
PAT_3780,reading,LM,TPG9,\\nasac-m2.unige.ch\m-HumanNeuronLab\ANALYSIS\FLM\Analysis_LoraFanda\01_FBM_Analysis\outputs\04_ersp_LM_RAWONLY\PAT_3780\LM\ERSP_matrix\reading\PAT_3780_reading_WM_ERSP_TPG9_TN.npy,0.0564599483204134,0.0001550387596899,True,1469,1,0.040042706,1
PAT_3965,audio,LM,ad10,\\nasac-m2.unige.ch\m-HumanNeuronLab\ANALYSIS\FLM\Analysis_LoraFanda\01_FBM_Analysis\outputs\04_ersp_LM_RAWONLY\PAT_3965\LM\ERSP_matrix\audio\PAT_3965_audio_WM_ERSP_ad10_TN.npy,0.0044961240310077,0.2497932816537467,True,1470,6,0.2612813,6
PAT_3965,audio,LM,ad3,\\nasac-m2.unige.ch\m-HumanNeuronLab\ANALYSIS\FLM\Analysis_LoraFanda\01_FBM_Analysis\outputs\04_ersp_LM_RAWONLY\PAT_3965\LM\ERSP_matrix\audio\PAT_3965_audio_WM_ERSP_ad3_TN.npy,0.0040568475452196,0.0415762273901808,True,1471,6,0.11042988,6
PAT_3965,audio,LM,ad4,\\nasac-m2.unige.ch\m-HumanNeuronLab\ANALYSIS\FLM\Analysis_LoraFanda\01_FBM_Analysis\outputs\04_ersp_LM_RAWONLY\PAT_3965\LM\ERSP_matrix\audio\PAT_3965_audio_WM_ERSP_ad4_TN.npy,0.0031524547803617,0.0635917312661498,True,1472,6,0.16646503,6
PAT_3965,audio,LM,ad5,\\nasac-m2.unige.ch\m-HumanNeuronLab\ANALYSIS\FLM\Analysis_LoraFanda\01_FBM_Analysis\outputs\04_ersp_LM_RAWONLY\PAT_3965\LM\ERSP_matrix\audio\PAT_3965_audio_WM_ERSP_ad5_TN.npy,0.0051162790697674,0.0878811369509044,True,1473,6,0.19999133,6
PAT_3965,audio,LM,ad6,\\nasac-m2.unige.ch\m-HumanNeuronLab\ANALYSIS\FLM\Analysis_LoraFanda\01_FBM_Analysis\outputs\04_ersp_LM_RAWONLY\PAT_3965\LM\ERSP_matrix\audio\PAT_3965_audio_WM_ERSP_ad6_TN.npy,0.0077002583979328,0.1271576227390181,True,1474,6,0.21531719,6
PAT_3965,audio,LM,ad7,\\nasac-m2.unige.ch\m-HumanNeuronLab\ANALYSIS\FLM\Analysis_LoraFanda\01_FBM_Analysis\outputs\04_ersp_LM_RAWONLY\PAT_3965\LM\ERSP_matrix\audio\PAT_3965_audio_WM_ERSP_ad7_TN.npy,0.0128940568475452,0.1416279069767441,True,1475,6,0.207561,6
PAT_3965,audio,LM,ad8,\\nasac-m2.unige.ch\m-HumanNeuronLab\ANALYSIS\FLM\Analysis_LoraFanda\01_FBM_Analysis\outputs\04_ersp_LM_RAWONLY\PAT_3965\LM\ERSP_matrix\audio\PAT_3965_audio_WM_ERSP_ad8_TN.npy,0.0050387596899224,0.1942894056847545,True,1476,6,0.25929916,6
PAT_3965,audio,LM,ag10,\\nasac-m2.unige.ch\m-HumanNeuronLab\ANALYSIS\FLM\Analysis_LoraFanda\01_FBM_Analysis\outputs\04_ersp_LM_RAWONLY\PAT_3965\LM\ERSP_matrix\audio\PAT_3965_audio_WM_ERSP_ag10_TN.npy,0.0592764857881136,0.039250645994832,True,1477,2,0.13401583,2
PAT_3965,audio,LM,ag7,\\nasac-m2.unige.ch\m-HumanNeuronLab\ANALYSIS\FLM\Analysis_LoraFanda\01_FBM_Analysis\outputs\04_ersp_LM_RAWONLY\PAT_3965\LM\ERSP_matrix\audio\PAT_3965_audio_WM_ERSP_ag7_TN.npy,0.0229715762273901,0.0301291989664082,True,1478,2,0.12667581,2
PAT_3965,audio,LM,ag8,\\nasac-m2.unige.ch\m-HumanNeuronLab\ANALYSIS\FLM\Analysis_LoraFanda\01_FBM_Analysis\outputs\04_ersp_LM_RAWONLY\PAT_3965\LM\ERSP_matrix\audio\PAT_3965_audio_WM_ERSP_ag8_TN.npy,0.0277519379844961,0.0309043927648578,True,1479,2,0.117333725,2
PAT_3965,audio,LM,ag9,\\nasac-m2.unige.ch\m-HumanNeuronLab\ANALYSIS\FLM\Analysis_LoraFanda\01_FBM_Analysis\outputs\04_ersp_LM_RAWONLY\PAT_3965\LM\ERSP_matrix\audio\PAT_3965_audio_WM_ERSP_ag9_TN.npy,0.0393540051679586,0.0362532299741602,True,1480,2,0.11048678,2
PAT_3965,audio,LM,cad10,\\nasac-m2.unige.ch\m-HumanNeuronLab\ANALYSIS\FLM\Analysis_LoraFanda\01_FBM_Analysis\outputs\04_ersp_LM_RAWONLY\PAT_3965\LM\ERSP_matrix\audio\PAT_3965_audio_WM_ERSP_cad10_TN.npy,0.0021188630490956,0.0415762273901808,True,1481,6,0.2344747,6
PAT_3965,audio,LM,cad11,\\nasac-m2.unige.ch\m-HumanNeuronLab\ANALYSIS\FLM\Analysis_LoraFanda\01_FBM_Analysis\outputs\04_ersp_LM_RAWONLY\PAT_3965\LM\ERSP_matrix\audio\PAT_3965_audio_WM_ERSP_cad11_TN.npy,0.001188630490956,0.0473385012919896,True,1482,6,0.25232515,6
PAT_3965,audio,LM,cad12,\\nasac-m2.unige.ch\m-HumanNeuronLab\ANALYSIS\FLM\Analysis_LoraFanda\01_FBM_Analysis\outputs\04_ersp_LM_RAWONLY\PAT_3965\LM\ERSP_matrix\audio\PAT_3965_audio_WM_ERSP_cad12_TN.npy,0.0013953488372093,0.1270025839793281,True,1483,6,0.29959685,6
PAT_3965,audio,LM,cpg8,\\nasac-m2.unige.ch\m-HumanNeuronLab\ANALYSIS\FLM\Analysis_LoraFanda\01_FBM_Analysis\outputs\04_ersp_LM_RAWONLY\PAT_3965\LM\ERSP_matrix\audio\PAT_3965_audio_WM_ERSP_cpg8_TN.npy,0.0204909560723514,0.0010335917312661,True,1484,0,-0.00831086,0
PAT_3965,audio,LM,had10,\\nasac-m2.unige.ch\m-HumanNeuronLab\ANALYSIS\FLM\Analysis_LoraFanda\01_FBM_Analysis\outputs\04_ersp_LM_RAWONLY\PAT_3965\LM\ERSP_matrix\audio\PAT_3965_audio_WM_ERSP_had10_TN.npy,0.0002325581395348,0.1631524547803617,True,1485,6,0.27805692,6
PAT_3965,audio,LM,had5,\\nasac-m2.unige.ch\m-HumanNeuronLab\ANALYSIS\FLM\Analysis_LoraFanda\01_FBM_Analysis\outputs\04_ersp_LM_RAWONLY\PAT_3965\LM\ERSP_matrix\audio\PAT_3965_audio_WM_ERSP_had5_TN.npy,0.0042377260981912,0.0526614987080103,True,1486,6,0.10862008,6
PAT_3965,audio,LM,had6,\\nasac-m2.unige.ch\m-HumanNeuronLab\ANALYSIS\FLM\Analysis_LoraFanda\01_FBM_Analysis\outputs\04_ersp_LM_RAWONLY\PAT_3965\LM\ERSP_matrix\audio\PAT_3965_audio_WM_ERSP_had6_TN.npy,0.0041860465116279,0.0583720930232558,True,1487,6,0.13971579,6
PAT_3965,audio,LM,had8,\\nasac-m2.unige.ch\m-HumanNeuronLab\ANALYSIS\FLM\Analysis_LoraFanda\01_FBM_Analysis\outputs\04_ersp_LM_RAWONLY\PAT_3965\LM\ERSP_matrix\audio\PAT_3965_audio_WM_ERSP_had8_TN.npy,0.0002325581395348,0.0977777777777777,True,1488,6,0.24737236,6
PAT_3965,audio,LM,had9,\\nasac-m2.unige.ch\m-HumanNeuronLab\ANALYSIS\FLM\Analysis_LoraFanda\01_FBM_Analysis\outputs\04_ersp_LM_RAWONLY\PAT_3965\LM\ERSP_matrix\audio\PAT_3965_audio_WM_ERSP_had9_TN.npy,0.0001808785529715,0.1248837209302325,True,1489,6,0.26565206,6
PAT_3965,audio,LM,hag10,\\nasac-m2.unige.ch\m-HumanNeuronLab\ANALYSIS\FLM\Analysis_LoraFanda\01_FBM_Analysis\outputs\04_ersp_LM_RAWONLY\PAT_3965\LM\ERSP_matrix\audio\PAT_3965_audio_WM_ERSP_hag10_TN.npy,0.0358397932816537,0.0227906976744186,True,1490,2,0.035225455,2
PAT_3965,audio,LM,hag9,\\nasac-m2.unige.ch\m-HumanNeuronLab\ANALYSIS\FLM\Analysis_LoraFanda\01_FBM_Analysis\outputs\04_ersp_LM_RAWONLY\PAT_3965\LM\ERSP_matrix\audio\PAT_3965_audio_WM_ERSP_hag9_TN.npy,0.0203617571059431,0.0232299741602067,True,1491,2,0.056930814,2
PAT_3965,audio,LM,hpg11,\\nasac-m2.unige.ch\m-HumanNeuronLab\ANALYSIS\FLM\Analysis_LoraFanda\01_FBM_Analysis\outputs\04_ersp_LM_RAWONLY\PAT_3965\LM\ERSP_matrix\audio\PAT_3965_audio_WM_ERSP_hpg11_TN.npy,0.0201550387596899,0.0096899224806201,True,1492,7,0.073467806,7
PAT_3965,picture,LM,ad10,\\nasac-m2.unige.ch\m-HumanNeuronLab\ANALYSIS\FLM\Analysis_LoraFanda\01_FBM_Analysis\outputs\04_ersp_LM_RAWONLY\PAT_3965\LM\ERSP_matrix\picture\PAT_3965_picture_WM_ERSP_ad10_TN.npy,0.0025064599483204,0.1100258397932816,True,1493,6,0.24416864,6
PAT_3965,picture,LM,ad6,\\nasac-m2.unige.ch\m-HumanNeuronLab\ANALYSIS\FLM\Analysis_LoraFanda\01_FBM_Analysis\outputs\04_ersp_LM_RAWONLY\PAT_3965\LM\ERSP_matrix\picture\PAT_3965_picture_WM_ERSP_ad6_TN.npy,0.0033591731266149,0.0441860465116279,True,1494,6,0.16411844,6
PAT_3965,picture,LM,ad7,\\nasac-m2.unige.ch\m-HumanNeuronLab\ANALYSIS\FLM\Analysis_LoraFanda\01_FBM_Analysis\outputs\04_ersp_LM_RAWONLY\PAT_3965\LM\ERSP_matrix\picture\PAT_3965_picture_WM_ERSP_ad7_TN.npy,0.0029715762273901,0.0564341085271317,True,1495,6,0.19115643,6
PAT_3965,picture,LM,ad8,\\nasac-m2.unige.ch\m-HumanNeuronLab\ANALYSIS\FLM\Analysis_LoraFanda\01_FBM_Analysis\outputs\04_ersp_LM_RAWONLY\PAT_3965\LM\ERSP_matrix\picture\PAT_3965_picture_WM_ERSP_ad8_TN.npy,0.0024289405684754,0.0725064599483204,True,1496,6,0.24066457,6
PAT_3965,picture,LM,ag10,\\nasac-m2.unige.ch\m-HumanNeuronLab\ANALYSIS\FLM\Analysis_LoraFanda\01_FBM_Analysis\outputs\04_ersp_LM_RAWONLY\PAT_3965\LM\ERSP_matrix\picture\PAT_3965_picture_WM_ERSP_ag10_TN.npy,0.0735142118863049,0.0163565891472868,True,1497,2,0.1809048,2
PAT_3965,picture,LM,ag5,\\nasac-m2.unige.ch\m-HumanNeuronLab\ANALYSIS\FLM\Analysis_LoraFanda\01_FBM_Analysis\outputs\04_ersp_LM_RAWONLY\PAT_3965\LM\ERSP_matrix\picture\PAT_3965_picture_WM_ERSP_ag5_TN.npy,0.0214728682170542,0.0147286821705426,True,1498,2,0.1489398,2
PAT_3965,picture,LM,ag6,\\nasac-m2.unige.ch\m-HumanNeuronLab\ANALYSIS\FLM\Analysis_LoraFanda\01_FBM_Analysis\outputs\04_ersp_LM_RAWONLY\PAT_3965\LM\ERSP_matrix\picture\PAT_3965_picture_WM_ERSP_ag6_TN.npy,0.0248320413436692,0.012532299741602,True,1499,2,0.15336065,2
PAT_3965,picture,LM,ag7,\\nasac-m2.unige.ch\m-HumanNeuronLab\ANALYSIS\FLM\Analysis_LoraFanda\01_FBM_Analysis\outputs\04_ersp_LM_RAWONLY\PAT_3965\LM\ERSP_matrix\picture\PAT_3965_picture_WM_ERSP_ag7_TN.npy,0.0270025839793281,0.0154780361757105,True,1500,2,0.16711174,2
PAT_3965,picture,LM,ag8,\\nasac-m2.unige.ch\m-HumanNeuronLab\ANALYSIS\FLM\Analysis_LoraFanda\01_FBM_Analysis\outputs\04_ersp_LM_RAWONLY\PAT_3965\LM\ERSP_matrix\picture\PAT_3965_picture_WM_ERSP_ag8_TN.npy,0.0325839793281653,0.017984496124031,True,1501,2,0.18894124,2
PAT_3965,picture,LM,ag9,\\nasac-m2.unige.ch\m-HumanNeuronLab\ANALYSIS\FLM\Analysis_LoraFanda\01_FBM_Analysis\outputs\04_ersp_LM_RAWONLY\PAT_3965\LM\ERSP_matrix\picture\PAT_3965_picture_WM_ERSP_ag9_TN.npy,0.0427906976744186,0.0194315245478036,True,1502,2,0.19508564,2
PAT_3965,picture,LM,cad12,\\nasac-m2.unige.ch\m-HumanNeuronLab\ANALYSIS\FLM\Analysis_LoraFanda\01_FBM_Analysis\outputs\04_ersp_LM_RAWONLY\PAT_3965\LM\ERSP_matrix\picture\PAT_3965_picture_WM_ERSP_cad12_TN.npy,0.0002583979328165,0.1057622739018087,True,1503,6,0.23964125,6
PAT_3965,picture,LM,cag12,\\nasac-m2.unige.ch\m-HumanNeuronLab\ANALYSIS\FLM\Analysis_LoraFanda\01_FBM_Analysis\outputs\04_ersp_LM_RAWONLY\PAT_3965\LM\ERSP_matrix\picture\PAT_3965_picture_WM_ERSP_cag12_TN.npy,0.0216537467700258,0.0006718346253229,True,1504,9,0.0155483335,9
PAT_3965,picture,LM,had10,\\nasac-m2.unige.ch\m-HumanNeuronLab\ANALYSIS\FLM\Analysis_LoraFanda\01_FBM_Analysis\outputs\04_ersp_LM_RAWONLY\PAT_3965\LM\ERSP_matrix\picture\PAT_3965_picture_WM_ERSP_had10_TN.npy,0.0030490956072351,0.0530232558139534,True,1505,6,0.1851769,6
PAT_3965,picture,LM,had9,\\nasac-m2.unige.ch\m-HumanNeuronLab\ANALYSIS\FLM\Analysis_LoraFanda\01_FBM_Analysis\outputs\04_ersp_LM_RAWONLY\PAT_3965\LM\ERSP_matrix\picture\PAT_3965_picture_WM_ERSP_had9_TN.npy,0.0035142118863049,0.0435400516795865,True,1506,6,0.15239057,6
PAT_3965,picture,LM,hag10,\\nasac-m2.unige.ch\m-HumanNeuronLab\ANALYSIS\FLM\Analysis_LoraFanda\01_FBM_Analysis\outputs\04_ersp_LM_RAWONLY\PAT_3965\LM\ERSP_matrix\picture\PAT_3965_picture_WM_ERSP_hag10_TN.npy,0.0437984496124031,0.0066149870801033,True,1507,2,0.04390877,2
PAT_3965,picture,LM,hag9,\\nasac-m2.unige.ch\m-HumanNeuronLab\ANALYSIS\FLM\Analysis_LoraFanda\01_FBM_Analysis\outputs\04_ersp_LM_RAWONLY\PAT_3965\LM\ERSP_matrix\picture\PAT_3965_picture_WM_ERSP_hag9_TN.npy,0.0229457364341085,0.0068733850129198,True,1508,2,0.06436451,2
PAT_3965,reading,LM,ad10,\\nasac-m2.unige.ch\m-HumanNeuronLab\ANALYSIS\FLM\Analysis_LoraFanda\01_FBM_Analysis\outputs\04_ersp_LM_RAWONLY\PAT_3965\LM\ERSP_matrix\reading\PAT_3965_reading_WM_ERSP_ad10_TN.npy,0.0150387596899224,0.3363565891472868,True,1509,6,0.27061233,6
PAT_3965,reading,LM,ad3,\\nasac-m2.unige.ch\m-HumanNeuronLab\ANALYSIS\FLM\Analysis_LoraFanda\01_FBM_Analysis\outputs\04_ersp_LM_RAWONLY\PAT_3965\LM\ERSP_matrix\reading\PAT_3965_reading_WM_ERSP_ad3_TN.npy,0.0114470284237726,0.0784237726098191,True,1510,6,0.27422345,6
PAT_3965,reading,LM,ad4,\\nasac-m2.unige.ch\m-HumanNeuronLab\ANALYSIS\FLM\Analysis_LoraFanda\01_FBM_Analysis\outputs\04_ersp_LM_RAWONLY\PAT_3965\LM\ERSP_matrix\reading\PAT_3965_reading_WM_ERSP_ad4_TN.npy,0.015219638242894,0.1043410852713178,True,1511,6,0.27057362,6
PAT_3965,reading,LM,ad5,\\nasac-m2.unige.ch\m-HumanNeuronLab\ANALYSIS\FLM\Analysis_LoraFanda\01_FBM_Analysis\outputs\04_ersp_LM_RAWONLY\PAT_3965\LM\ERSP_matrix\reading\PAT_3965_reading_WM_ERSP_ad5_TN.npy,0.0074677002583979,0.142609819121447,True,1512,6,0.3245889,6
PAT_3965,reading,LM,ad6,\\nasac-m2.unige.ch\m-HumanNeuronLab\ANALYSIS\FLM\Analysis_LoraFanda\01_FBM_Analysis\outputs\04_ersp_LM_RAWONLY\PAT_3965\LM\ERSP_matrix\reading\PAT_3965_reading_WM_ERSP_ad6_TN.npy,0.0032299741602067,0.207312661498708,True,1513,6,0.33487186,6
PAT_3965,reading,LM,ad7,\\nasac-m2.unige.ch\m-HumanNeuronLab\ANALYSIS\FLM\Analysis_LoraFanda\01_FBM_Analysis\outputs\04_ersp_LM_RAWONLY\PAT_3965\LM\ERSP_matrix\reading\PAT_3965_reading_WM_ERSP_ad7_TN.npy,0.0034366925064599,0.245297157622739,True,1514,6,0.32499698,6
PAT_3965,reading,LM,ad8,\\nasac-m2.unige.ch\m-HumanNeuronLab\ANALYSIS\FLM\Analysis_LoraFanda\01_FBM_Analysis\outputs\04_ersp_LM_RAWONLY\PAT_3965\LM\ERSP_matrix\reading\PAT_3965_reading_WM_ERSP_ad8_TN.npy,0.0102325581395348,0.2901033591731266,True,1515,6,0.29912844,6
PAT_3965,reading,LM,ag10,\\nasac-m2.unige.ch\m-HumanNeuronLab\ANALYSIS\FLM\Analysis_LoraFanda\01_FBM_Analysis\outputs\04_ersp_LM_RAWONLY\PAT_3965\LM\ERSP_matrix\reading\PAT_3965_reading_WM_ERSP_ag10_TN.npy,0.0031782945736434,0.2608268733850129,True,1516,6,0.2672594,6
PAT_3965,reading,LM,ag1,\\nasac-m2.unige.ch\m-HumanNeuronLab\ANALYSIS\FLM\Analysis_LoraFanda\01_FBM_Analysis\outputs\04_ersp_LM_RAWONLY\PAT_3965\LM\ERSP_matrix\reading\PAT_3965_reading_WM_ERSP_ag1_TN.npy,0.0034625322997416,0.041860465116279,True,1517,6,0.098434724,6
PAT_3965,reading,LM,ag2,\\nasac-m2.unige.ch\m-HumanNeuronLab\ANALYSIS\FLM\Analysis_LoraFanda\01_FBM_Analysis\outputs\04_ersp_LM_RAWONLY\PAT_3965\LM\ERSP_matrix\reading\PAT_3965_reading_WM_ERSP_ag2_TN.npy,0.0041860465116279,0.0451937984496124,True,1518,6,0.12931821,6
PAT_3965,reading,LM,ag3,\\nasac-m2.unige.ch\m-HumanNeuronLab\ANALYSIS\FLM\Analysis_LoraFanda\01_FBM_Analysis\outputs\04_ersp_LM_RAWONLY\PAT_3965\LM\ERSP_matrix\reading\PAT_3965_reading_WM_ERSP_ag3_TN.npy,0.0108268733850129,0.0610852713178294,True,1519,6,0.21918419,6
PAT_3965,reading,LM,ag4,\\nasac-m2.unige.ch\m-HumanNeuronLab\ANALYSIS\FLM\Analysis_LoraFanda\01_FBM_Analysis\outputs\04_ersp_LM_RAWONLY\PAT_3965\LM\ERSP_matrix\reading\PAT_3965_reading_WM_ERSP_ag4_TN.npy,0.0046511627906976,0.1307235142118863,True,1520,6,0.3229316,6
PAT_3965,reading,LM,ag5,\\nasac-m2.unige.ch\m-HumanNeuronLab\ANALYSIS\FLM\Analysis_LoraFanda\01_FBM_Analysis\outputs\04_ersp_LM_RAWONLY\PAT_3965\LM\ERSP_matrix\reading\PAT_3965_reading_WM_ERSP_ag5_TN.npy,0.0043410852713178,0.1697157622739018,True,1521,6,0.32968786,6
PAT_3965,reading,LM,ag6,\\nasac-m2.unige.ch\m-HumanNeuronLab\ANALYSIS\FLM\Analysis_LoraFanda\01_FBM_Analysis\outputs\04_ersp_LM_RAWONLY\PAT_3965\LM\ERSP_matrix\reading\PAT_3965_reading_WM_ERSP_ag6_TN.npy,0.0031524547803617,0.1980878552971576,True,1522,6,0.3253416,6
PAT_3965,reading,LM,ag7,\\nasac-m2.unige.ch\m-HumanNeuronLab\ANALYSIS\FLM\Analysis_LoraFanda\01_FBM_Analysis\outputs\04_ersp_LM_RAWONLY\PAT_3965\LM\ERSP_matrix\reading\PAT_3965_reading_WM_ERSP_ag7_TN.npy,0.0017312661498708,0.2047803617571059,True,1523,6,0.31751588,6
PAT_3965,reading,LM,ag8,\\nasac-m2.unige.ch\m-HumanNeuronLab\ANALYSIS\FLM\Analysis_LoraFanda\01_FBM_Analysis\outputs\04_ersp_LM_RAWONLY\PAT_3965\LM\ERSP_matrix\reading\PAT_3965_reading_WM_ERSP_ag8_TN.npy,0.0029974160206718,0.2215762273901808,True,1524,6,0.3002734,6
PAT_3965,reading,LM,ag9,\\nasac-m2.unige.ch\m-HumanNeuronLab\ANALYSIS\FLM\Analysis_LoraFanda\01_FBM_Analysis\outputs\04_ersp_LM_RAWONLY\PAT_3965\LM\ERSP_matrix\reading\PAT_3965_reading_WM_ERSP_ag9_TN.npy,0.0022997416020671,0.2301033591731266,True,1525,6,0.28288838,6
PAT_3965,reading,LM,cad12,\\nasac-m2.unige.ch\m-HumanNeuronLab\ANALYSIS\FLM\Analysis_LoraFanda\01_FBM_Analysis\outputs\04_ersp_LM_RAWONLY\PAT_3965\LM\ERSP_matrix\reading\PAT_3965_reading_WM_ERSP_cad12_TN.npy,0.0019121447028423,0.0410852713178294,True,1526,6,0.20136553,6
PAT_3965,reading,LM,had10,\\nasac-m2.unige.ch\m-HumanNeuronLab\ANALYSIS\FLM\Analysis_LoraFanda\01_FBM_Analysis\outputs\04_ersp_LM_RAWONLY\PAT_3965\LM\ERSP_matrix\reading\PAT_3965_reading_WM_ERSP_had10_TN.npy,0.0137984496124031,0.2524031007751938,True,1527,6,0.28321946,6
PAT_3965,reading,LM,had4,\\nasac-m2.unige.ch\m-HumanNeuronLab\ANALYSIS\FLM\Analysis_LoraFanda\01_FBM_Analysis\outputs\04_ersp_LM_RAWONLY\PAT_3965\LM\ERSP_matrix\reading\PAT_3965_reading_WM_ERSP_had4_TN.npy,0.0058397932816537,0.0534625322997416,True,1528,6,0.23853317,6
PAT_3965,reading,LM,had5,\\nasac-m2.unige.ch\m-HumanNeuronLab\ANALYSIS\FLM\Analysis_LoraFanda\01_FBM_Analysis\outputs\04_ersp_LM_RAWONLY\PAT_3965\LM\ERSP_matrix\reading\PAT_3965_reading_WM_ERSP_had5_TN.npy,0.0056072351421188,0.0888630490956072,True,1529,6,0.28572136,6
PAT_3965,reading,LM,had6,\\nasac-m2.unige.ch\m-HumanNeuronLab\ANALYSIS\FLM\Analysis_LoraFanda\01_FBM_Analysis\outputs\04_ersp_LM_RAWONLY\PAT_3965\LM\ERSP_matrix\reading\PAT_3965_reading_WM_ERSP_had6_TN.npy,0.005891472868217,0.1190439276485788,True,1530,6,0.3132992,6
PAT_3965,reading,LM,had8,\\nasac-m2.unige.ch\m-HumanNeuronLab\ANALYSIS\FLM\Analysis_LoraFanda\01_FBM_Analysis\outputs\04_ersp_LM_RAWONLY\PAT_3965\LM\ERSP_matrix\reading\PAT_3965_reading_WM_ERSP_had8_TN.npy,0.0081395348837209,0.1929457364341085,True,1531,6,0.30629262,6
PAT_3965,reading,LM,had9,\\nasac-m2.unige.ch\m-HumanNeuronLab\ANALYSIS\FLM\Analysis_LoraFanda\01_FBM_Analysis\outputs\04_ersp_LM_RAWONLY\PAT_3965\LM\ERSP_matrix\reading\PAT_3965_reading_WM_ERSP_had9_TN.npy,0.0137726098191214,0.2169250645994832,True,1532,6,0.28762686,6
PAT_3965,reading,LM,hag10,\\nasac-m2.unige.ch\m-HumanNeuronLab\ANALYSIS\FLM\Analysis_LoraFanda\01_FBM_Analysis\outputs\04_ersp_LM_RAWONLY\PAT_3965\LM\ERSP_matrix\reading\PAT_3965_reading_WM_ERSP_hag10_TN.npy,0.0042118863049095,0.1234625322997416,True,1533,6,0.21739519,6
PAT_3965,reading,LM,hag2,\\nasac-m2.unige.ch\m-HumanNeuronLab\ANALYSIS\FLM\Analysis_LoraFanda\01_FBM_Analysis\outputs\04_ersp_LM_RAWONLY\PAT_3965\LM\ERSP_matrix\reading\PAT_3965_reading_WM_ERSP_hag2_TN.npy,0.0095348837209302,0.057984496124031,True,1534,6,0.23467346,6
PAT_3965,reading,LM,hag3,\\nasac-m2.unige.ch\m-HumanNeuronLab\ANALYSIS\FLM\Analysis_LoraFanda\01_FBM_Analysis\outputs\04_ersp_LM_RAWONLY\PAT_3965\LM\ERSP_matrix\reading\PAT_3965_reading_WM_ERSP_hag3_TN.npy,0.0074418604651162,0.079922480620155,True,1535,6,0.25594112,6
PAT_3965,reading,LM,hag4,\\nasac-m2.unige.ch\m-HumanNeuronLab\ANALYSIS\FLM\Analysis_LoraFanda\01_FBM_Analysis\outputs\04_ersp_LM_RAWONLY\PAT_3965\LM\ERSP_matrix\reading\PAT_3965_reading_WM_ERSP_hag4_TN.npy,0.0046770025839793,0.0755555555555555,True,1536,6,0.26921722,6
PAT_3965,reading,LM,hag5,\\nasac-m2.unige.ch\m-HumanNeuronLab\ANALYSIS\FLM\Analysis_LoraFanda\01_FBM_Analysis\outputs\04_ersp_LM_RAWONLY\PAT_3965\LM\ERSP_matrix\reading\PAT_3965_reading_WM_ERSP_hag5_TN.npy,0.0013953488372093,0.117984496124031,True,1537,6,0.32561758,6
PAT_3965,reading,LM,hag6,\\nasac-m2.unige.ch\m-HumanNeuronLab\ANALYSIS\FLM\Analysis_LoraFanda\01_FBM_Analysis\outputs\04_ersp_LM_RAWONLY\PAT_3965\LM\ERSP_matrix\reading\PAT_3965_reading_WM_ERSP_hag6_TN.npy,0.0023514211886304,0.1150387596899224,True,1538,6,0.31021002,6
PAT_3965,reading,LM,hag8,\\nasac-m2.unige.ch\m-HumanNeuronLab\ANALYSIS\FLM\Analysis_LoraFanda\01_FBM_Analysis\outputs\04_ersp_LM_RAWONLY\PAT_3965\LM\ERSP_matrix\reading\PAT_3965_reading_WM_ERSP_hag8_TN.npy,0.0020155038759689,0.1202067183462532,True,1539,6,0.2913175,6
PAT_3965,reading,LM,hag9,\\nasac-m2.unige.ch\m-HumanNeuronLab\ANALYSIS\FLM\Analysis_LoraFanda\01_FBM_Analysis\outputs\04_ersp_LM_RAWONLY\PAT_3965\LM\ERSP_matrix\reading\PAT_3965_reading_WM_ERSP_hag9_TN.npy,0.0028940568475452,0.1244186046511627,True,1540,6,0.25890064,6
PAT_3965,reading,LM,iag1,\\nasac-m2.unige.ch\m-HumanNeuronLab\ANALYSIS\FLM\Analysis_LoraFanda\01_FBM_Analysis\outputs\04_ersp_LM_RAWONLY\PAT_3965\LM\ERSP_matrix\reading\PAT_3965_reading_WM_ERSP_iag1_TN.npy,0.0036434108527131,0.0521963824289405,True,1541,6,0.17926334,6
PAT_3975,audio,LM,IMD10,\\nasac-m2.unige.ch\m-HumanNeuronLab\ANALYSIS\FLM\Analysis_LoraFanda\01_FBM_Analysis\outputs\04_ersp_LM_RAWONLY\PAT_3975\LM\ERSP_matrix\audio\PAT_3975_audio_WM_ERSP_IMD10_TN.npy,0.0840826873385012,0.0039018087855297,True,1542,9,0.112094186,9
PAT_3975,audio,LM,IMD11,\\nasac-m2.unige.ch\m-HumanNeuronLab\ANALYSIS\FLM\Analysis_LoraFanda\01_FBM_Analysis\outputs\04_ersp_LM_RAWONLY\PAT_3975\LM\ERSP_matrix\audio\PAT_3975_audio_WM_ERSP_IMD11_TN.npy,0.0794832041343669,0.0036950904392764,True,1543,9,0.11606475,9
PAT_3975,audio,LM,IMD9,\\nasac-m2.unige.ch\m-HumanNeuronLab\ANALYSIS\FLM\Analysis_LoraFanda\01_FBM_Analysis\outputs\04_ersp_LM_RAWONLY\PAT_3975\LM\ERSP_matrix\audio\PAT_3975_audio_WM_ERSP_IMD9_TN.npy,0.0339793281653746,0.0016020671834625,True,1544,9,0.053967033,9
PAT_3975,audio,LM,TPD1,\\nasac-m2.unige.ch\m-HumanNeuronLab\ANALYSIS\FLM\Analysis_LoraFanda\01_FBM_Analysis\outputs\04_ersp_LM_RAWONLY\PAT_3975\LM\ERSP_matrix\audio\PAT_3975_audio_WM_ERSP_TPD1_TN.npy,0.0327390180878552,0.0145736434108527,True,1545,5,0.029284045,5
PAT_3975,picture,LM,AD1,\\nasac-m2.unige.ch\m-HumanNeuronLab\ANALYSIS\FLM\Analysis_LoraFanda\01_FBM_Analysis\outputs\04_ersp_LM_RAWONLY\PAT_3975\LM\ERSP_matrix\picture\PAT_3975_picture_WM_ERSP_AD1_TN.npy,0.0366925064599483,0.0083462532299741,True,1546,7,0.04322778,7
PAT_3975,picture,LM,AD2,\\nasac-m2.unige.ch\m-HumanNeuronLab\ANALYSIS\FLM\Analysis_LoraFanda\01_FBM_Analysis\outputs\04_ersp_LM_RAWONLY\PAT_3975\LM\ERSP_matrix\picture\PAT_3975_picture_WM_ERSP_AD2_TN.npy,0.0510852713178294,0.0043152454780361,True,1547,1,-0.030755619,1
PAT_3975,picture,LM,AD3,\\nasac-m2.unige.ch\m-HumanNeuronLab\ANALYSIS\FLM\Analysis_LoraFanda\01_FBM_Analysis\outputs\04_ersp_LM_RAWONLY\PAT_3975\LM\ERSP_matrix\picture\PAT_3975_picture_WM_ERSP_AD3_TN.npy,0.045968992248062,0.0018087855297157,True,1548,1,-0.06739426,1
PAT_3975,picture,LM,AD4,\\nasac-m2.unige.ch\m-HumanNeuronLab\ANALYSIS\FLM\Analysis_LoraFanda\01_FBM_Analysis\outputs\04_ersp_LM_RAWONLY\PAT_3975\LM\ERSP_matrix\picture\PAT_3975_picture_WM_ERSP_AD4_TN.npy,0.0329198966408268,0.0043152454780361,True,1549,7,0.03321954,7
PAT_3975,picture,LM,AD5,\\nasac-m2.unige.ch\m-HumanNeuronLab\ANALYSIS\FLM\Analysis_LoraFanda\01_FBM_Analysis\outputs\04_ersp_LM_RAWONLY\PAT_3975\LM\ERSP_matrix\picture\PAT_3975_picture_WM_ERSP_AD5_TN.npy,0.0407751937984496,0.0058656330749354,True,1550,7,0.052584544,7
PAT_3975,picture,LM,AD6,\\nasac-m2.unige.ch\m-HumanNeuronLab\ANALYSIS\FLM\Analysis_LoraFanda\01_FBM_Analysis\outputs\04_ersp_LM_RAWONLY\PAT_3975\LM\ERSP_matrix\picture\PAT_3975_picture_WM_ERSP_AD6_TN.npy,0.0346770025839793,0.0078552971576227,True,1551,7,0.08239431,7
PAT_3975,picture,LM,FOD1,\\nasac-m2.unige.ch\m-HumanNeuronLab\ANALYSIS\FLM\Analysis_LoraFanda\01_FBM_Analysis\outputs\04_ersp_LM_RAWONLY\PAT_3975\LM\ERSP_matrix\picture\PAT_3975_picture_WM_ERSP_FOD1_TN.npy,0.0314728682170542,0.0029974160206718,True,1552,7,-0.02884403,7
PAT_3975,picture,LM,FOD2,\\nasac-m2.unige.ch\m-HumanNeuronLab\ANALYSIS\FLM\Analysis_LoraFanda\01_FBM_Analysis\outputs\04_ersp_LM_RAWONLY\PAT_3975\LM\ERSP_matrix\picture\PAT_3975_picture_WM_ERSP_FOD2_TN.npy,0.0261240310077519,0.0034883720930232,True,1553,7,0.04164995,7
PAT_3975,picture,LM,HAD12,\\nasac-m2.unige.ch\m-HumanNeuronLab\ANALYSIS\FLM\Analysis_LoraFanda\01_FBM_Analysis\outputs\04_ersp_LM_RAWONLY\PAT_3975\LM\ERSP_matrix\picture\PAT_3975_picture_WM_ERSP_HAD12_TN.npy,0.0244961240310077,0.0070801033591731,True,1554,5,0.03537332,5
PAT_3975,picture,LM,HAD1,\\nasac-m2.unige.ch\m-HumanNeuronLab\ANALYSIS\FLM\Analysis_LoraFanda\01_FBM_Analysis\outputs\04_ersp_LM_RAWONLY\PAT_3975\LM\ERSP_matrix\picture\PAT_3975_picture_WM_ERSP_HAD1_TN.npy,0.1175193798449612,0.0062790697674418,True,1555,1,0.049679752,1
PAT_3975,picture,LM,HAD2,\\nasac-m2.unige.ch\m-HumanNeuronLab\ANALYSIS\FLM\Analysis_LoraFanda\01_FBM_Analysis\outputs\04_ersp_LM_RAWONLY\PAT_3975\LM\ERSP_matrix\picture\PAT_3975_picture_WM_ERSP_HAD2_TN.npy,0.1316279069767441,0.0035400516795865,True,1556,1,0.077519625,1
PAT_3975,picture,LM,HAD3,\\nasac-m2.unige.ch\m-HumanNeuronLab\ANALYSIS\FLM\Analysis_LoraFanda\01_FBM_Analysis\outputs\04_ersp_LM_RAWONLY\PAT_3975\LM\ERSP_matrix\picture\PAT_3975_picture_WM_ERSP_HAD3_TN.npy,0.0996382428940568,0.0035658914728682,True,1557,1,0.047004197,1
PAT_3975,picture,LM,HAD4,\\nasac-m2.unige.ch\m-HumanNeuronLab\ANALYSIS\FLM\Analysis_LoraFanda\01_FBM_Analysis\outputs\04_ersp_LM_RAWONLY\PAT_3975\LM\ERSP_matrix\picture\PAT_3975_picture_WM_ERSP_HAD4_TN.npy,0.0681136950904392,0.0023514211886304,True,1558,1,0.03346526,1
PAT_3975,picture,LM,HAD5,\\nasac-m2.unige.ch\m-HumanNeuronLab\ANALYSIS\FLM\Analysis_LoraFanda\01_FBM_Analysis\outputs\04_ersp_LM_RAWONLY\PAT_3975\LM\ERSP_matrix\picture\PAT_3975_picture_WM_ERSP_HAD5_TN.npy,0.0302325581395348,0.0042377260981912,True,1559,7,0.06127372,7
PAT_3975,picture,LM,IMD10,\\nasac-m2.unige.ch\m-HumanNeuronLab\ANALYSIS\FLM\Analysis_LoraFanda\01_FBM_Analysis\outputs\04_ersp_LM_RAWONLY\PAT_3975\LM\ERSP_matrix\picture\PAT_3975_picture_WM_ERSP_IMD10_TN.npy,0.1096899224806201,0.0078552971576227,True,1560,9,0.060154293,9
PAT_3975,picture,LM,IMD11,\\nasac-m2.unige.ch\m-HumanNeuronLab\ANALYSIS\FLM\Analysis_LoraFanda\01_FBM_Analysis\outputs\04_ersp_LM_RAWONLY\PAT_3975\LM\ERSP_matrix\picture\PAT_3975_picture_WM_ERSP_IMD11_TN.npy,0.1208010335917312,0.0102325581395348,True,1561,9,0.03901112,9
PAT_3975,picture,LM,IMD9,\\nasac-m2.unige.ch\m-HumanNeuronLab\ANALYSIS\FLM\Analysis_LoraFanda\01_FBM_Analysis\outputs\04_ersp_LM_RAWONLY\PAT_3975\LM\ERSP_matrix\picture\PAT_3975_picture_WM_ERSP_IMD9_TN.npy,0.0429715762273901,0.0053746770025839,True,1562,7,0.010602777,7
PAT_3975,picture,LM,PHD1,\\nasac-m2.unige.ch\m-HumanNeuronLab\ANALYSIS\FLM\Analysis_LoraFanda\01_FBM_Analysis\outputs\04_ersp_LM_RAWONLY\PAT_3975\LM\ERSP_matrix\picture\PAT_3975_picture_WM_ERSP_PHD1_TN.npy,0.081266149870801,0.0017829457364341,True,1563,1,0.07150323,1
PAT_3975,picture,LM,PHD2,\\nasac-m2.unige.ch\m-HumanNeuronLab\ANALYSIS\FLM\Analysis_LoraFanda\01_FBM_Analysis\outputs\04_ersp_LM_RAWONLY\PAT_3975\LM\ERSP_matrix\picture\PAT_3975_picture_WM_ERSP_PHD2_TN.npy,0.0922480620155038,0.0028423772609819,True,1564,1,0.10788697,1
PAT_3975,picture,LM,PHD3,\\nasac-m2.unige.ch\m-HumanNeuronLab\ANALYSIS\FLM\Analysis_LoraFanda\01_FBM_Analysis\outputs\04_ersp_LM_RAWONLY\PAT_3975\LM\ERSP_matrix\picture\PAT_3975_picture_WM_ERSP_PHD3_TN.npy,0.0561498708010335,0.0038242894056847,True,1565,1,-0.030483948,1
PAT_3975,picture,LM,PHD4,\\nasac-m2.unige.ch\m-HumanNeuronLab\ANALYSIS\FLM\Analysis_LoraFanda\01_FBM_Analysis\outputs\04_ersp_LM_RAWONLY\PAT_3975\LM\ERSP_matrix\picture\PAT_3975_picture_WM_ERSP_PHD4_TN.npy,0.057157622739018,0.0047545219638242,True,1566,1,-0.024929143,1
PAT_3975,picture,LM,PHD5,\\nasac-m2.unige.ch\m-HumanNeuronLab\ANALYSIS\FLM\Analysis_LoraFanda\01_FBM_Analysis\outputs\04_ersp_LM_RAWONLY\PAT_3975\LM\ERSP_matrix\picture\PAT_3975_picture_WM_ERSP_PHD5_TN.npy,0.0261498708010335,0.0058656330749354,True,1567,7,0.12705413,7
PAT_3975,picture,LM,TPD1,\\nasac-m2.unige.ch\m-HumanNeuronLab\ANALYSIS\FLM\Analysis_LoraFanda\01_FBM_Analysis\outputs\04_ersp_LM_RAWONLY\PAT_3975\LM\ERSP_matrix\picture\PAT_3975_picture_WM_ERSP_TPD1_TN.npy,0.0408268733850129,0.00656330749354,True,1568,7,0.085697964,7
PAT_3975,picture,LM,TPD3,\\nasac-m2.unige.ch\m-HumanNeuronLab\ANALYSIS\FLM\Analysis_LoraFanda\01_FBM_Analysis\outputs\04_ersp_LM_RAWONLY\PAT_3975\LM\ERSP_matrix\picture\PAT_3975_picture_WM_ERSP_TPD3_TN.npy,0.028501291989664,0.0124547803617571,True,1569,7,0.10016519,7
PAT_3975,picture,LM,TPG4,\\nasac-m2.unige.ch\m-HumanNeuronLab\ANALYSIS\FLM\Analysis_LoraFanda\01_FBM_Analysis\outputs\04_ersp_LM_RAWONLY\PAT_3975\LM\ERSP_matrix\picture\PAT_3975_picture_WM_ERSP_TPG4_TN.npy,0.0027131782945736,0.0434108527131782,True,1570,7,0.032359254,7
PAT_3975,picture,LM,TPG5,\\nasac-m2.unige.ch\m-HumanNeuronLab\ANALYSIS\FLM\Analysis_LoraFanda\01_FBM_Analysis\outputs\04_ersp_LM_RAWONLY\PAT_3975\LM\ERSP_matrix\picture\PAT_3975_picture_WM_ERSP_TPG5_TN.npy,0.0020413436692506,0.0520671834625323,True,1571,7,0.0061036646,7
PAT_3975,reading,LM,AD10,\\nasac-m2.unige.ch\m-HumanNeuronLab\ANALYSIS\FLM\Analysis_LoraFanda\01_FBM_Analysis\outputs\04_ersp_LM_RAWONLY\PAT_3975\LM\ERSP_matrix\reading\PAT_3975_reading_WM_ERSP_AD10_TN.npy,0.0114987080103359,0.1243152454780361,True,1572,6,0.31110728,6
PAT_3975,reading,LM,AD1,\\nasac-m2.unige.ch\m-HumanNeuronLab\ANALYSIS\FLM\Analysis_LoraFanda\01_FBM_Analysis\outputs\04_ersp_LM_RAWONLY\PAT_3975\LM\ERSP_matrix\reading\PAT_3975_reading_WM_ERSP_AD1_TN.npy,0.0496899224806201,0.0086304909560723,True,1573,1,-0.01018213,1
PAT_3975,reading,LM,AD2,\\nasac-m2.unige.ch\m-HumanNeuronLab\ANALYSIS\FLM\Analysis_LoraFanda\01_FBM_Analysis\outputs\04_ersp_LM_RAWONLY\PAT_3975\LM\ERSP_matrix\reading\PAT_3975_reading_WM_ERSP_AD2_TN.npy,0.0335142118863049,0.0081912144702842,True,1574,5,0.060444098,5
PAT_3975,reading,LM,AD3,\\nasac-m2.unige.ch\m-HumanNeuronLab\ANALYSIS\FLM\Analysis_LoraFanda\01_FBM_Analysis\outputs\04_ersp_LM_RAWONLY\PAT_3975\LM\ERSP_matrix\reading\PAT_3975_reading_WM_ERSP_AD3_TN.npy,0.0200775193798449,0.0122739018087855,True,1575,5,0.083347045,5
PAT_3975,reading,LM,AD4,\\nasac-m2.unige.ch\m-HumanNeuronLab\ANALYSIS\FLM\Analysis_LoraFanda\01_FBM_Analysis\outputs\04_ersp_LM_RAWONLY\PAT_3975\LM\ERSP_matrix\reading\PAT_3975_reading_WM_ERSP_AD4_TN.npy,0.0225581395348837,0.0191214470284237,True,1576,5,0.058752332,5
PAT_3975,reading,LM,AD5,\\nasac-m2.unige.ch\m-HumanNeuronLab\ANALYSIS\FLM\Analysis_LoraFanda\01_FBM_Analysis\outputs\04_ersp_LM_RAWONLY\PAT_3975\LM\ERSP_matrix\reading\PAT_3975_reading_WM_ERSP_AD5_TN.npy,0.0266149870801033,0.0377002583979328,True,1577,6,0.014655213,6
PAT_3975,reading,LM,AD6,\\nasac-m2.unige.ch\m-HumanNeuronLab\ANALYSIS\FLM\Analysis_LoraFanda\01_FBM_Analysis\outputs\04_ersp_LM_RAWONLY\PAT_3975\LM\ERSP_matrix\reading\PAT_3975_reading_WM_ERSP_AD6_TN.npy,0.0162015503875968,0.0691472868217054,True,1578,6,0.19210075,6
PAT_3975,reading,LM,AD8,\\nasac-m2.unige.ch\m-HumanNeuronLab\ANALYSIS\FLM\Analysis_LoraFanda\01_FBM_Analysis\outputs\04_ersp_LM_RAWONLY\PAT_3975\LM\ERSP_matrix\reading\PAT_3975_reading_WM_ERSP_AD8_TN.npy,0.0164082687338501,0.0975193798449612,True,1579,6,0.2738987,6
PAT_3975,reading,LM,AD9,\\nasac-m2.unige.ch\m-HumanNeuronLab\ANALYSIS\FLM\Analysis_LoraFanda\01_FBM_Analysis\outputs\04_ersp_LM_RAWONLY\PAT_3975\LM\ERSP_matrix\reading\PAT_3975_reading_WM_ERSP_AD9_TN.npy,0.014625322997416,0.107829457364341,True,1580,6,0.28864327,6
PAT_3975,reading,LM,AG10,\\nasac-m2.unige.ch\m-HumanNeuronLab\ANALYSIS\FLM\Analysis_LoraFanda\01_FBM_Analysis\outputs\04_ersp_LM_RAWONLY\PAT_3975\LM\ERSP_matrix\reading\PAT_3975_reading_WM_ERSP_AG10_TN.npy,0.0052713178294573,0.0937467700258398,True,1581,6,0.29016495,6
PAT_3975,reading,LM,AG11,\\nasac-m2.unige.ch\m-HumanNeuronLab\ANALYSIS\FLM\Analysis_LoraFanda\01_FBM_Analysis\outputs\04_ersp_LM_RAWONLY\PAT_3975\LM\ERSP_matrix\reading\PAT_3975_reading_WM_ERSP_AG11_TN.npy,0.0063307493540051,0.0945994832041343,True,1582,6,0.2539369,6
PAT_3975,reading,LM,AG12,\\nasac-m2.unige.ch\m-HumanNeuronLab\ANALYSIS\FLM\Analysis_LoraFanda\01_FBM_Analysis\outputs\04_ersp_LM_RAWONLY\PAT_3975\LM\ERSP_matrix\reading\PAT_3975_reading_WM_ERSP_AG12_TN.npy,0.0083204134366925,0.0754521963824289,True,1583,6,0.25530377,6
PAT_3975,reading,LM,AG4,\\nasac-m2.unige.ch\m-HumanNeuronLab\ANALYSIS\FLM\Analysis_LoraFanda\01_FBM_Analysis\outputs\04_ersp_LM_RAWONLY\PAT_3975\LM\ERSP_matrix\reading\PAT_3975_reading_WM_ERSP_AG4_TN.npy,0.0048578811369509,0.0508268733850129,True,1584,6,0.18181634,6
PAT_3975,reading,LM,AG5,\\nasac-m2.unige.ch\m-HumanNeuronLab\ANALYSIS\FLM\Analysis_LoraFanda\01_FBM_Analysis\outputs\04_ersp_LM_RAWONLY\PAT_3975\LM\ERSP_matrix\reading\PAT_3975_reading_WM_ERSP_AG5_TN.npy,0.0087855297157622,0.0590180878552971,True,1585,6,0.19157606,6
PAT_3975,reading,LM,AG7,\\nasac-m2.unige.ch\m-HumanNeuronLab\ANALYSIS\FLM\Analysis_LoraFanda\01_FBM_Analysis\outputs\04_ersp_LM_RAWONLY\PAT_3975\LM\ERSP_matrix\reading\PAT_3975_reading_WM_ERSP_AG7_TN.npy,0.0089405684754521,0.0794315245478036,True,1586,6,0.23389773,6
PAT_3975,reading,LM,AG8,\\nasac-m2.unige.ch\m-HumanNeuronLab\ANALYSIS\FLM\Analysis_LoraFanda\01_FBM_Analysis\outputs\04_ersp_LM_RAWONLY\PAT_3975\LM\ERSP_matrix\reading\PAT_3975_reading_WM_ERSP_AG8_TN.npy,0.0055813953488372,0.1015245478036175,True,1587,6,0.26536453,6
PAT_3975,reading,LM,AG9,\\nasac-m2.unige.ch\m-HumanNeuronLab\ANALYSIS\FLM\Analysis_LoraFanda\01_FBM_Analysis\outputs\04_ersp_LM_RAWONLY\PAT_3975\LM\ERSP_matrix\reading\PAT_3975_reading_WM_ERSP_AG9_TN.npy,0.0047803617571059,0.100516795865633,True,1588,6,0.2815536,6
PAT_3975,reading,LM,CPG8,\\nasac-m2.unige.ch\m-HumanNeuronLab\ANALYSIS\FLM\Analysis_LoraFanda\01_FBM_Analysis\outputs\04_ersp_LM_RAWONLY\PAT_3975\LM\ERSP_matrix\reading\PAT_3975_reading_WM_ERSP_CPG8_TN.npy,0.0202583979328165,0.0163824289405684,True,1589,7,0.083767064,7
PAT_3975,reading,LM,CPG9,\\nasac-m2.unige.ch\m-HumanNeuronLab\ANALYSIS\FLM\Analysis_LoraFanda\01_FBM_Analysis\outputs\04_ersp_LM_RAWONLY\PAT_3975\LM\ERSP_matrix\reading\PAT_3975_reading_WM_ERSP_CPG9_TN.npy,0.020516795865633,0.0163049095607235,True,1590,7,0.016913446,7
PAT_3975,reading,LM,FOD15,\\nasac-m2.unige.ch\m-HumanNeuronLab\ANALYSIS\FLM\Analysis_LoraFanda\01_FBM_Analysis\outputs\04_ersp_LM_RAWONLY\PAT_3975\LM\ERSP_matrix\reading\PAT_3975_reading_WM_ERSP_FOD15_TN.npy,0.0269767441860465,0.0725839793281653,True,1591,6,0.13001215,6
PAT_3975,reading,LM,FOG11,\\nasac-m2.unige.ch\m-HumanNeuronLab\ANALYSIS\FLM\Analysis_LoraFanda\01_FBM_Analysis\outputs\04_ersp_LM_RAWONLY\PAT_3975\LM\ERSP_matrix\reading\PAT_3975_reading_WM_ERSP_FOG11_TN.npy,0.0056072351421188,0.052609819121447,True,1592,6,0.053298615,6
PAT_3975,reading,LM,FOG12,\\nasac-m2.unige.ch\m-HumanNeuronLab\ANALYSIS\FLM\Analysis_LoraFanda\01_FBM_Analysis\outputs\04_ersp_LM_RAWONLY\PAT_3975\LM\ERSP_matrix\reading\PAT_3975_reading_WM_ERSP_FOG12_TN.npy,0.0074418604651162,0.0496382428940568,True,1593,6,0.024091698,6
PAT_3975,reading,LM,FOG13,\\nasac-m2.unige.ch\m-HumanNeuronLab\ANALYSIS\FLM\Analysis_LoraFanda\01_FBM_Analysis\outputs\04_ersp_LM_RAWONLY\PAT_3975\LM\ERSP_matrix\reading\PAT_3975_reading_WM_ERSP_FOG13_TN.npy,0.0041602067183462,0.0707493540051679,True,1594,6,0.15280287,6
PAT_3975,reading,LM,FOG7,\\nasac-m2.unige.ch\m-HumanNeuronLab\ANALYSIS\FLM\Analysis_LoraFanda\01_FBM_Analysis\outputs\04_ersp_LM_RAWONLY\PAT_3975\LM\ERSP_matrix\reading\PAT_3975_reading_WM_ERSP_FOG7_TN.npy,0.006640826873385,0.0409819121447028,True,1595,6,0.103694804,6
PAT_3975,reading,LM,HAD10,\\nasac-m2.unige.ch\m-HumanNeuronLab\ANALYSIS\FLM\Analysis_LoraFanda\01_FBM_Analysis\outputs\04_ersp_LM_RAWONLY\PAT_3975\LM\ERSP_matrix\reading\PAT_3975_reading_WM_ERSP_HAD10_TN.npy,0.0244444444444444,0.0731782945736434,True,1596,6,0.15669835,6
PAT_3975,reading,LM,HAD12,\\nasac-m2.unige.ch\m-HumanNeuronLab\ANALYSIS\FLM\Analysis_LoraFanda\01_FBM_Analysis\outputs\04_ersp_LM_RAWONLY\PAT_3975\LM\ERSP_matrix\reading\PAT_3975_reading_WM_ERSP_HAD12_TN.npy,0.0224547803617571,0.0996899224806201,True,1597,6,0.23080707,6
PAT_3975,reading,LM,HAD1,\\nasac-m2.unige.ch\m-HumanNeuronLab\ANALYSIS\FLM\Analysis_LoraFanda\01_FBM_Analysis\outputs\04_ersp_LM_RAWONLY\PAT_3975\LM\ERSP_matrix\reading\PAT_3975_reading_WM_ERSP_HAD1_TN.npy,0.1181136950904392,0.0073643410852713,True,1598,1,0.028100183,1
PAT_3975,reading,LM,HAD2,\\nasac-m2.unige.ch\m-HumanNeuronLab\ANALYSIS\FLM\Analysis_LoraFanda\01_FBM_Analysis\outputs\04_ersp_LM_RAWONLY\PAT_3975\LM\ERSP_matrix\reading\PAT_3975_reading_WM_ERSP_HAD2_TN.npy,0.1239276485788113,0.0100516795865633,True,1599,1,0.057820644,1
PAT_3975,reading,LM,HAD3,\\nasac-m2.unige.ch\m-HumanNeuronLab\ANALYSIS\FLM\Analysis_LoraFanda\01_FBM_Analysis\outputs\04_ersp_LM_RAWONLY\PAT_3975\LM\ERSP_matrix\reading\PAT_3975_reading_WM_ERSP_HAD3_TN.npy,0.1087596899224806,0.0131266149870801,True,1600,1,0.04161989,1
PAT_3975,reading,LM,HAD4,\\nasac-m2.unige.ch\m-HumanNeuronLab\ANALYSIS\FLM\Analysis_LoraFanda\01_FBM_Analysis\outputs\04_ersp_LM_RAWONLY\PAT_3975\LM\ERSP_matrix\reading\PAT_3975_reading_WM_ERSP_HAD4_TN.npy,0.0523772609819121,0.0215245478036175,True,1601,0,-0.019014759,0
PAT_3975,reading,LM,HAD5,\\nasac-m2.unige.ch\m-HumanNeuronLab\ANALYSIS\FLM\Analysis_LoraFanda\01_FBM_Analysis\outputs\04_ersp_LM_RAWONLY\PAT_3975\LM\ERSP_matrix\reading\PAT_3975_reading_WM_ERSP_HAD5_TN.npy,0.0231007751937984,0.0321705426356589,True,1602,6,0.007357169,6
PAT_3975,reading,LM,HAD6,\\nasac-m2.unige.ch\m-HumanNeuronLab\ANALYSIS\FLM\Analysis_LoraFanda\01_FBM_Analysis\outputs\04_ersp_LM_RAWONLY\PAT_3975\LM\ERSP_matrix\reading\PAT_3975_reading_WM_ERSP_HAD6_TN.npy,0.0208010335917312,0.0532299741602067,True,1603,6,0.15546165,6
PAT_3975,reading,LM,HAD7,\\nasac-m2.unige.ch\m-HumanNeuronLab\ANALYSIS\FLM\Analysis_LoraFanda\01_FBM_Analysis\outputs\04_ersp_LM_RAWONLY\PAT_3975\LM\ERSP_matrix\reading\PAT_3975_reading_WM_ERSP_HAD7_TN.npy,0.0172609819121447,0.0673643410852713,True,1604,6,0.21054019,6
PAT_3975,reading,LM,HAD8,\\nasac-m2.unige.ch\m-HumanNeuronLab\ANALYSIS\FLM\Analysis_LoraFanda\01_FBM_Analysis\outputs\04_ersp_LM_RAWONLY\PAT_3975\LM\ERSP_matrix\reading\PAT_3975_reading_WM_ERSP_HAD8_TN.npy,0.0207751937984496,0.0761240310077519,True,1605,6,0.2233902,6
PAT_3975,reading,LM,HAD9,\\nasac-m2.unige.ch\m-HumanNeuronLab\ANALYSIS\FLM\Analysis_LoraFanda\01_FBM_Analysis\outputs\04_ersp_LM_RAWONLY\PAT_3975\LM\ERSP_matrix\reading\PAT_3975_reading_WM_ERSP_HAD9_TN.npy,0.017906976744186,0.058501291989664,True,1606,6,0.1568863,6
PAT_3975,reading,LM,HAG1,\\nasac-m2.unige.ch\m-HumanNeuronLab\ANALYSIS\FLM\Analysis_LoraFanda\01_FBM_Analysis\outputs\04_ersp_LM_RAWONLY\PAT_3975\LM\ERSP_matrix\reading\PAT_3975_reading_WM_ERSP_HAG1_TN.npy,0.0364599483204134,0.0144961240310077,True,1607,7,0.108077005,7
PAT_3975,reading,LM,HAG2,\\nasac-m2.unige.ch\m-HumanNeuronLab\ANALYSIS\FLM\Analysis_LoraFanda\01_FBM_Analysis\outputs\04_ersp_LM_RAWONLY\PAT_3975\LM\ERSP_matrix\reading\PAT_3975_reading_WM_ERSP_HAG2_TN.npy,0.0396899224806201,0.0145736434108527,True,1608,7,0.14149651,7
PAT_3975,reading,LM,IAD4,\\nasac-m2.unige.ch\m-HumanNeuronLab\ANALYSIS\FLM\Analysis_LoraFanda\01_FBM_Analysis\outputs\04_ersp_LM_RAWONLY\PAT_3975\LM\ERSP_matrix\reading\PAT_3975_reading_WM_ERSP_IAD4_TN.npy,0.0039018087855297,0.0447545219638242,True,1609,6,0.102567725,6
PAT_3975,reading,LM,IAD6,\\nasac-m2.unige.ch\m-HumanNeuronLab\ANALYSIS\FLM\Analysis_LoraFanda\01_FBM_Analysis\outputs\04_ersp_LM_RAWONLY\PAT_3975\LM\ERSP_matrix\reading\PAT_3975_reading_WM_ERSP_IAD6_TN.npy,0.021937984496124,0.0166149870801033,True,1610,10,0.021225227,10
PAT_3975,reading,LM,IMD10,\\nasac-m2.unige.ch\m-HumanNeuronLab\ANALYSIS\FLM\Analysis_LoraFanda\01_FBM_Analysis\outputs\04_ersp_LM_RAWONLY\PAT_3975\LM\ERSP_matrix\reading\PAT_3975_reading_WM_ERSP_IMD10_TN.npy,0.1313178294573643,0.0067441860465116,True,1611,9,0.07046846,9
PAT_3975,reading,LM,IMD11,\\nasac-m2.unige.ch\m-HumanNeuronLab\ANALYSIS\FLM\Analysis_LoraFanda\01_FBM_Analysis\outputs\04_ersp_LM_RAWONLY\PAT_3975\LM\ERSP_matrix\reading\PAT_3975_reading_WM_ERSP_IMD11_TN.npy,0.1325064599483204,0.0077260981912144,True,1612,9,0.04154191,9
PAT_3975,reading,LM,IMD13,\\nasac-m2.unige.ch\m-HumanNeuronLab\ANALYSIS\FLM\Analysis_LoraFanda\01_FBM_Analysis\outputs\04_ersp_LM_RAWONLY\PAT_3975\LM\ERSP_matrix\reading\PAT_3975_reading_WM_ERSP_IMD13_TN.npy,0.0247545219638242,0.0357881136950904,True,1613,4,0.12929916,4
PAT_3975,reading,LM,IMD8,\\nasac-m2.unige.ch\m-HumanNeuronLab\ANALYSIS\FLM\Analysis_LoraFanda\01_FBM_Analysis\outputs\04_ersp_LM_RAWONLY\PAT_3975\LM\ERSP_matrix\reading\PAT_3975_reading_WM_ERSP_IMD8_TN.npy,0.0250129198966408,0.0088372093023255,True,1614,7,0.013769872,7
PAT_3975,reading,LM,IMD9,\\nasac-m2.unige.ch\m-HumanNeuronLab\ANALYSIS\FLM\Analysis_LoraFanda\01_FBM_Analysis\outputs\04_ersp_LM_RAWONLY\PAT_3975\LM\ERSP_matrix\reading\PAT_3975_reading_WM_ERSP_IMD9_TN.npy,0.0496899224806201,0.0096640826873385,True,1615,7,0.022592692,7
PAT_3975,reading,LM,IMG9,\\nasac-m2.unige.ch\m-HumanNeuronLab\ANALYSIS\FLM\Analysis_LoraFanda\01_FBM_Analysis\outputs\04_ersp_LM_RAWONLY\PAT_3975\LM\ERSP_matrix\reading\PAT_3975_reading_WM_ERSP_IMG9_TN.npy,0.0210852713178294,0.0151162790697674,True,1616,7,0.0260095,7
PAT_3975,reading,LM,PHD10,\\nasac-m2.unige.ch\m-HumanNeuronLab\ANALYSIS\FLM\Analysis_LoraFanda\01_FBM_Analysis\outputs\04_ersp_LM_RAWONLY\PAT_3975\LM\ERSP_matrix\reading\PAT_3975_reading_WM_ERSP_PHD10_TN.npy,0.0212144702842377,0.0621447028423772,True,1617,6,0.14938143,6
PAT_3975,reading,LM,PHD12,\\nasac-m2.unige.ch\m-HumanNeuronLab\ANALYSIS\FLM\Analysis_LoraFanda\01_FBM_Analysis\outputs\04_ersp_LM_RAWONLY\PAT_3975\LM\ERSP_matrix\reading\PAT_3975_reading_WM_ERSP_PHD12_TN.npy,0.0190439276485788,0.0794832041343669,True,1618,6,0.22078808,6
PAT_3975,reading,LM,PHD1,\\nasac-m2.unige.ch\m-HumanNeuronLab\ANALYSIS\FLM\Analysis_LoraFanda\01_FBM_Analysis\outputs\04_ersp_LM_RAWONLY\PAT_3975\LM\ERSP_matrix\reading\PAT_3975_reading_WM_ERSP_PHD1_TN.npy,0.0441860465116279,0.015297157622739,True,1619,5,0.041498344,5
PAT_3975,reading,LM,PHD2,\\nasac-m2.unige.ch\m-HumanNeuronLab\ANALYSIS\FLM\Analysis_LoraFanda\01_FBM_Analysis\outputs\04_ersp_LM_RAWONLY\PAT_3975\LM\ERSP_matrix\reading\PAT_3975_reading_WM_ERSP_PHD2_TN.npy,0.0294832041343669,0.0156072351421188,True,1620,5,0.050772987,5
PAT_3975,reading,LM,PHD3,\\nasac-m2.unige.ch\m-HumanNeuronLab\ANALYSIS\FLM\Analysis_LoraFanda\01_FBM_Analysis\outputs\04_ersp_LM_RAWONLY\PAT_3975\LM\ERSP_matrix\reading\PAT_3975_reading_WM_ERSP_PHD3_TN.npy,0.0218087855297157,0.0194056847545219,True,1621,5,0.07469145,5
PAT_3975,reading,LM,PHD4,\\nasac-m2.unige.ch\m-HumanNeuronLab\ANALYSIS\FLM\Analysis_LoraFanda\01_FBM_Analysis\outputs\04_ersp_LM_RAWONLY\PAT_3975\LM\ERSP_matrix\reading\PAT_3975_reading_WM_ERSP_PHD4_TN.npy,0.0231782945736434,0.0201291989664082,True,1622,5,0.07719152,5
PAT_3975,reading,LM,PHD8,\\nasac-m2.unige.ch\m-HumanNeuronLab\ANALYSIS\FLM\Analysis_LoraFanda\01_FBM_Analysis\outputs\04_ersp_LM_RAWONLY\PAT_3975\LM\ERSP_matrix\reading\PAT_3975_reading_WM_ERSP_PHD8_TN.npy,0.018501291989664,0.0480361757105943,True,1623,6,0.12259318,6
PAT_3975,reading,LM,PHD9,\\nasac-m2.unige.ch\m-HumanNeuronLab\ANALYSIS\FLM\Analysis_LoraFanda\01_FBM_Analysis\outputs\04_ersp_LM_RAWONLY\PAT_3975\LM\ERSP_matrix\reading\PAT_3975_reading_WM_ERSP_PHD9_TN.npy,0.021860465116279,0.0423514211886304,True,1624,6,0.07512134,6
PAT_3975,reading,LM,PHG1,\\nasac-m2.unige.ch\m-HumanNeuronLab\ANALYSIS\FLM\Analysis_LoraFanda\01_FBM_Analysis\outputs\04_ersp_LM_RAWONLY\PAT_3975\LM\ERSP_matrix\reading\PAT_3975_reading_WM_ERSP_PHG1_TN.npy,0.021188630490956,0.0150387596899224,True,1625,7,0.06551344,7
PAT_3975,reading,LM,PHG6,\\nasac-m2.unige.ch\m-HumanNeuronLab\ANALYSIS\FLM\Analysis_LoraFanda\01_FBM_Analysis\outputs\04_ersp_LM_RAWONLY\PAT_3975\LM\ERSP_matrix\reading\PAT_3975_reading_WM_ERSP_PHG6_TN.npy,0.0125839793281653,0.0414728682170542,True,1626,6,0.14195068,6
PAT_3975,reading,LM,PHG9,\\nasac-m2.unige.ch\m-HumanNeuronLab\ANALYSIS\FLM\Analysis_LoraFanda\01_FBM_Analysis\outputs\04_ersp_LM_RAWONLY\PAT_3975\LM\ERSP_matrix\reading\PAT_3975_reading_WM_ERSP_PHG9_TN.npy,0.0115503875968992,0.0454780361757105,True,1627,6,0.11725529,6
PAT_3975,reading,LM,TPD1,\\nasac-m2.unige.ch\m-HumanNeuronLab\ANALYSIS\FLM\Analysis_LoraFanda\01_FBM_Analysis\outputs\04_ersp_LM_RAWONLY\PAT_3975\LM\ERSP_matrix\reading\PAT_3975_reading_WM_ERSP_TPD1_TN.npy,0.0257881136950904,0.0943927648578811,True,1628,6,0.21386568,6
PAT_3975,reading,LM,TPD3,\\nasac-m2.unige.ch\m-HumanNeuronLab\ANALYSIS\FLM\Analysis_LoraFanda\01_FBM_Analysis\outputs\04_ersp_LM_RAWONLY\PAT_3975\LM\ERSP_matrix\reading\PAT_3975_reading_WM_ERSP_TPD3_TN.npy,0.0231524547803617,0.1306976744186046,True,1629,6,0.27382842,6
PAT_3975,reading,LM,TPD4,\\nasac-m2.unige.ch\m-HumanNeuronLab\ANALYSIS\FLM\Analysis_LoraFanda\01_FBM_Analysis\outputs\04_ersp_LM_RAWONLY\PAT_3975\LM\ERSP_matrix\reading\PAT_3975_reading_WM_ERSP_TPD4_TN.npy,0.0168217054263565,0.1376744186046511,True,1630,6,0.30893326,6
PAT_3975,reading,LM,TPD5,\\nasac-m2.unige.ch\m-HumanNeuronLab\ANALYSIS\FLM\Analysis_LoraFanda\01_FBM_Analysis\outputs\04_ersp_LM_RAWONLY\PAT_3975\LM\ERSP_matrix\reading\PAT_3975_reading_WM_ERSP_TPD5_TN.npy,0.0155813953488372,0.14984496124031,True,1631,6,0.31581226,6
PAT_3975,reading,LM,TPG2,\\nasac-m2.unige.ch\m-HumanNeuronLab\ANALYSIS\FLM\Analysis_LoraFanda\01_FBM_Analysis\outputs\04_ersp_LM_RAWONLY\PAT_3975\LM\ERSP_matrix\reading\PAT_3975_reading_WM_ERSP_TPG2_TN.npy,0.0049870801033591,0.1244961240310077,True,1632,6,0.2846163,6
PAT_3975,reading,LM,TPG3,\\nasac-m2.unige.ch\m-HumanNeuronLab\ANALYSIS\FLM\Analysis_LoraFanda\01_FBM_Analysis\outputs\04_ersp_LM_RAWONLY\PAT_3975\LM\ERSP_matrix\reading\PAT_3975_reading_WM_ERSP_TPG3_TN.npy,0.0032558139534883,0.1457364341085271,True,1633,6,0.2936475,6
PAT_3975,reading,LM,TPG4,\\nasac-m2.unige.ch\m-HumanNeuronLab\ANALYSIS\FLM\Analysis_LoraFanda\01_FBM_Analysis\outputs\04_ersp_LM_RAWONLY\PAT_3975\LM\ERSP_matrix\reading\PAT_3975_reading_WM_ERSP_TPG4_TN.npy,0.0028423772609819,0.182015503875969,True,1634,6,0.2893384,6
PAT_3975,reading,LM,TPG5,\\nasac-m2.unige.ch\m-HumanNeuronLab\ANALYSIS\FLM\Analysis_LoraFanda\01_FBM_Analysis\outputs\04_ersp_LM_RAWONLY\PAT_3975\LM\ERSP_matrix\reading\PAT_3975_reading_WM_ERSP_TPG5_TN.npy,0.0028682170542635,0.1621447028423772,True,1635,6,0.29460195,6
PAT_5515,audio,LM,HAD1,\\nasac-m2.unige.ch\m-HumanNeuronLab\ANALYSIS\FLM\Analysis_LoraFanda\01_FBM_Analysis\outputs\04_ersp_LM_RAWONLY\PAT_5515\LM\ERSP_matrix\audio\PAT_5515_audio_WM_ERSP_HAD1_TN.npy,0.0226873385012919,0.0001808785529715,True,1636,5,0.07919353,5
PAT_5515,picture,LM,HAD1,\\nasac-m2.unige.ch\m-HumanNeuronLab\ANALYSIS\FLM\Analysis_LoraFanda\01_FBM_Analysis\outputs\04_ersp_LM_RAWONLY\PAT_5515\LM\ERSP_matrix\picture\PAT_5515_picture_WM_ERSP_HAD1_TN.npy,0.0221705426356589,0.0007235142118863,True,1637,5,0.07122682,5
PAT_5515,picture,LM,IAD5,\\nasac-m2.unige.ch\m-HumanNeuronLab\ANALYSIS\FLM\Analysis_LoraFanda\01_FBM_Analysis\outputs\04_ersp_LM_RAWONLY\PAT_5515\LM\ERSP_matrix\picture\PAT_5515_picture_WM_ERSP_IAD5_TN.npy,0.0226356589147286,0.0014211886304909,True,1638,7,0.10585628,7
PAT_5515,picture,LM,TPD4,\\nasac-m2.unige.ch\m-HumanNeuronLab\ANALYSIS\FLM\Analysis_LoraFanda\01_FBM_Analysis\outputs\04_ersp_LM_RAWONLY\PAT_5515\LM\ERSP_matrix\picture\PAT_5515_picture_WM_ERSP_TPD4_TN.npy,0.0271317829457364,0.0003617571059431,True,1639,0,0.04288262,0
PAT_5515,picture,LM,TPD5,\\nasac-m2.unige.ch\m-HumanNeuronLab\ANALYSIS\FLM\Analysis_LoraFanda\01_FBM_Analysis\outputs\04_ersp_LM_RAWONLY\PAT_5515\LM\ERSP_matrix\picture\PAT_5515_picture_WM_ERSP_TPD5_TN.npy,0.0253746770025839,0.000516795865633,True,1640,0,0.037763447,0
PAT_5515,picture,LM,TPD6,\\nasac-m2.unige.ch\m-HumanNeuronLab\ANALYSIS\FLM\Analysis_LoraFanda\01_FBM_Analysis\outputs\04_ersp_LM_RAWONLY\PAT_5515\LM\ERSP_matrix\picture\PAT_5515_picture_WM_ERSP_TPD6_TN.npy,0.020594315245478,0.0004134366925064,True,1641,5,0.029323963,5
PAT_5515,reading,LM,AD2,\\nasac-m2.unige.ch\m-HumanNeuronLab\ANALYSIS\FLM\Analysis_LoraFanda\01_FBM_Analysis\outputs\04_ersp_LM_RAWONLY\PAT_5515\LM\ERSP_matrix\reading\PAT_5515_reading_WM_ERSP_AD2_TN.npy,0.0204392764857881,0.0004392764857881,True,1642,5,0.069971964,5
PAT_5515,reading,LM,HAG2,\\nasac-m2.unige.ch\m-HumanNeuronLab\ANALYSIS\FLM\Analysis_LoraFanda\01_FBM_Analysis\outputs\04_ersp_LM_RAWONLY\PAT_5515\LM\ERSP_matrix\reading\PAT_5515_reading_WM_ERSP_HAG2_TN.npy,0.02656330749354,0.0003100775193798,True,1643,0,-0.028691076,0
PAT_5515,reading,LM,IAD5,\\nasac-m2.unige.ch\m-HumanNeuronLab\ANALYSIS\FLM\Analysis_LoraFanda\01_FBM_Analysis\outputs\04_ersp_LM_RAWONLY\PAT_5515\LM\ERSP_matrix\reading\PAT_5515_reading_WM_ERSP_IAD5_TN.npy,0.0208785529715762,0.005219638242894,True,1644,7,0.18411355,7
PAT_5533,audio,LM,HAG6,\\nasac-m2.unige.ch\m-HumanNeuronLab\ANALYSIS\FLM\Analysis_LoraFanda\01_FBM_Analysis\outputs\04_ersp_LM_RAWONLY\PAT_5533\LM\ERSP_matrix\audio\PAT_5533_audio_WM_ERSP_HAG6_TN.npy,0.1009043927648578,0.0039018087855297,True,1645,8,0.014291052,8
PAT_5533,audio,LM,IAD4,\\nasac-m2.unige.ch\m-HumanNeuronLab\ANALYSIS\FLM\Analysis_LoraFanda\01_FBM_Analysis\outputs\04_ersp_LM_RAWONLY\PAT_5533\LM\ERSP_matrix\audio\PAT_5533_audio_WM_ERSP_IAD4_TN.npy,0.0209560723514211,0.0202842377260981,True,1646,4,0.11391902,4
PAT_5533,audio,LM,IMD11,\\nasac-m2.unige.ch\m-HumanNeuronLab\ANALYSIS\FLM\Analysis_LoraFanda\01_FBM_Analysis\outputs\04_ersp_LM_RAWONLY\PAT_5533\LM\ERSP_matrix\audio\PAT_5533_audio_WM_ERSP_IMD11_TN.npy,0.0207235142118863,0.000594315245478,True,1647,5,0.11822773,5
PAT_5533,audio,LM,IPD2,\\nasac-m2.unige.ch\m-HumanNeuronLab\ANALYSIS\FLM\Analysis_LoraFanda\01_FBM_Analysis\outputs\04_ersp_LM_RAWONLY\PAT_5533\LM\ERSP_matrix\audio\PAT_5533_audio_WM_ERSP_IPD2_TN.npy,0.0314470284237726,0.0017054263565891,True,1648,7,0.09615642,7
PAT_5533,audio,LM,IPD3,\\nasac-m2.unige.ch\m-HumanNeuronLab\ANALYSIS\FLM\Analysis_LoraFanda\01_FBM_Analysis\outputs\04_ersp_LM_RAWONLY\PAT_5533\LM\ERSP_matrix\audio\PAT_5533_audio_WM_ERSP_IPD3_TN.npy,0.0815762273901808,0.0159173126614987,True,1649,3,0.07778194,3
PAT_5533,audio,LM,IPD4,\\nasac-m2.unige.ch\m-HumanNeuronLab\ANALYSIS\FLM\Analysis_LoraFanda\01_FBM_Analysis\outputs\04_ersp_LM_RAWONLY\PAT_5533\LM\ERSP_matrix\audio\PAT_5533_audio_WM_ERSP_IPD4_TN.npy,0.1102583979328165,0.0014728682170542,True,1650,3,0.030325187,3
PAT_5533,audio,LM,IPD5,\\nasac-m2.unige.ch\m-HumanNeuronLab\ANALYSIS\FLM\Analysis_LoraFanda\01_FBM_Analysis\outputs\04_ersp_LM_RAWONLY\PAT_5533\LM\ERSP_matrix\audio\PAT_5533_audio_WM_ERSP_IPD5_TN.npy,0.0416279069767441,0.0004392764857881,True,1651,7,-0.011834583,7
PAT_5533,audio,LM,IPD6,\\nasac-m2.unige.ch\m-HumanNeuronLab\ANALYSIS\FLM\Analysis_LoraFanda\01_FBM_Analysis\outputs\04_ersp_LM_RAWONLY\PAT_5533\LM\ERSP_matrix\audio\PAT_5533_audio_WM_ERSP_IPD6_TN.npy,0.0229715762273901,0.000516795865633,True,1652,5,0.13055097,5
PAT_5533,audio,LM,OFD5,\\nasac-m2.unige.ch\m-HumanNeuronLab\ANALYSIS\FLM\Analysis_LoraFanda\01_FBM_Analysis\outputs\04_ersp_LM_RAWONLY\PAT_5533\LM\ERSP_matrix\audio\PAT_5533_audio_WM_ERSP_OFD5_TN.npy,0.002609819121447,0.0461498708010335,True,1653,4,0.13683672,4
PAT_5533,audio,LM,TPD10,\\nasac-m2.unige.ch\m-HumanNeuronLab\ANALYSIS\FLM\Analysis_LoraFanda\01_FBM_Analysis\outputs\04_ersp_LM_RAWONLY\PAT_5533\LM\ERSP_matrix\audio\PAT_5533_audio_WM_ERSP_TPD10_TN.npy,0.0201808785529715,0.0075968992248062,True,1654,10,0.08963111,10
PAT_5533,picture,LM,AD3,\\nasac-m2.unige.ch\m-HumanNeuronLab\ANALYSIS\FLM\Analysis_LoraFanda\01_FBM_Analysis\outputs\04_ersp_LM_RAWONLY\PAT_5533\LM\ERSP_matrix\picture\PAT_5533_picture_WM_ERSP_AD3_TN.npy,0.0223772609819121,0.0017054263565891,True,1655,5,0.11469446,5
PAT_5533,picture,LM,HAG6,\\nasac-m2.unige.ch\m-HumanNeuronLab\ANALYSIS\FLM\Analysis_LoraFanda\01_FBM_Analysis\outputs\04_ersp_LM_RAWONLY\PAT_5533\LM\ERSP_matrix\picture\PAT_5533_picture_WM_ERSP_HAG6_TN.npy,0.0295865633074935,0.001937984496124,True,1656,7,-0.029825201,7
PAT_5533,picture,LM,IAD3,\\nasac-m2.unige.ch\m-HumanNeuronLab\ANALYSIS\FLM\Analysis_LoraFanda\01_FBM_Analysis\outputs\04_ersp_LM_RAWONLY\PAT_5533\LM\ERSP_matrix\picture\PAT_5533_picture_WM_ERSP_IAD3_TN.npy,0.0226873385012919,0.0200775193798449,True,1657,4,0.06417398,4
PAT_5533,picture,LM,IPD2,\\nasac-m2.unige.ch\m-HumanNeuronLab\ANALYSIS\FLM\Analysis_LoraFanda\01_FBM_Analysis\outputs\04_ersp_LM_RAWONLY\PAT_5533\LM\ERSP_matrix\picture\PAT_5533_picture_WM_ERSP_IPD2_TN.npy,0.0485529715762273,0.0003359173126614,True,1658,7,0.0020928914,7
PAT_5533,picture,LM,IPD3,\\nasac-m2.unige.ch\m-HumanNeuronLab\ANALYSIS\FLM\Analysis_LoraFanda\01_FBM_Analysis\outputs\04_ersp_LM_RAWONLY\PAT_5533\LM\ERSP_matrix\picture\PAT_5533_picture_WM_ERSP_IPD3_TN.npy,0.0750904392764857,0.0024806201550387,True,1659,8,0.04322416,8
PAT_5533,picture,LM,IPD4,\\nasac-m2.unige.ch\m-HumanNeuronLab\ANALYSIS\FLM\Analysis_LoraFanda\01_FBM_Analysis\outputs\04_ersp_LM_RAWONLY\PAT_5533\LM\ERSP_matrix\picture\PAT_5533_picture_WM_ERSP_IPD4_TN.npy,0.0907493540051679,0.0054521963824289,True,1660,8,0.05121188,8
PAT_5533,picture,LM,IPD5,\\nasac-m2.unige.ch\m-HumanNeuronLab\ANALYSIS\FLM\Analysis_LoraFanda\01_FBM_Analysis\outputs\04_ersp_LM_RAWONLY\PAT_5533\LM\ERSP_matrix\picture\PAT_5533_picture_WM_ERSP_IPD5_TN.npy,0.0370284237726098,0.000516795865633,True,1661,8,-0.044879045,8
PAT_5533,picture,LM,IPD6,\\nasac-m2.unige.ch\m-HumanNeuronLab\ANALYSIS\FLM\Analysis_LoraFanda\01_FBM_Analysis\outputs\04_ersp_LM_RAWONLY\PAT_5533\LM\ERSP_matrix\picture\PAT_5533_picture_WM_ERSP_IPD6_TN.npy,0.025813953488372,0.0029974160206718,True,1662,7,0.00056335493,7
PAT_5533,picture,LM,OFD3,\\nasac-m2.unige.ch\m-HumanNeuronLab\ANALYSIS\FLM\Analysis_LoraFanda\01_FBM_Analysis\outputs\04_ersp_LM_RAWONLY\PAT_5533\LM\ERSP_matrix\picture\PAT_5533_picture_WM_ERSP_OFD3_TN.npy,0.0015762273901808,0.0485271317829457,True,1663,4,0.26090103,4
PAT_5533,picture,LM,OFD4,\\nasac-m2.unige.ch\m-HumanNeuronLab\ANALYSIS\FLM\Analysis_LoraFanda\01_FBM_Analysis\outputs\04_ersp_LM_RAWONLY\PAT_5533\LM\ERSP_matrix\picture\PAT_5533_picture_WM_ERSP_OFD4_TN.npy,0.0022739018087855,0.0606718346253229,True,1664,4,0.23174435,4
PAT_5533,picture,LM,OFD5,\\nasac-m2.unige.ch\m-HumanNeuronLab\ANALYSIS\FLM\Analysis_LoraFanda\01_FBM_Analysis\outputs\04_ersp_LM_RAWONLY\PAT_5533\LM\ERSP_matrix\picture\PAT_5533_picture_WM_ERSP_OFD5_TN.npy,0.0018863049095607,0.0623514211886304,True,1665,4,0.22231883,4
PAT_5533,picture,LM,PCD6,\\nasac-m2.unige.ch\m-HumanNeuronLab\ANALYSIS\FLM\Analysis_LoraFanda\01_FBM_Analysis\outputs\04_ersp_LM_RAWONLY\PAT_5533\LM\ERSP_matrix\picture\PAT_5533_picture_WM_ERSP_PCD6_TN.npy,0.0213178294573643,0.0205684754521963,True,1666,4,0.12213299,4
PAT_5533,picture,LM,TPD1,\\nasac-m2.unige.ch\m-HumanNeuronLab\ANALYSIS\FLM\Analysis_LoraFanda\01_FBM_Analysis\outputs\04_ersp_LM_RAWONLY\PAT_5533\LM\ERSP_matrix\picture\PAT_5533_picture_WM_ERSP_TPD1_TN.npy,0.0285529715762273,0.000594315245478,True,1667,5,0.09315626,5
PAT_5533,picture,LM,TPD2,\\nasac-m2.unige.ch\m-HumanNeuronLab\ANALYSIS\FLM\Analysis_LoraFanda\01_FBM_Analysis\outputs\04_ersp_LM_RAWONLY\PAT_5533\LM\ERSP_matrix\picture\PAT_5533_picture_WM_ERSP_TPD2_TN.npy,0.0222739018087855,0.0006976744186046,True,1668,5,0.039849594,5
PAT_5533,picture,LM,TPD4,\\nasac-m2.unige.ch\m-HumanNeuronLab\ANALYSIS\FLM\Analysis_LoraFanda\01_FBM_Analysis\outputs\04_ersp_LM_RAWONLY\PAT_5533\LM\ERSP_matrix\picture\PAT_5533_picture_WM_ERSP_TPD4_TN.npy,0.0219638242894056,0.0006976744186046,True,1669,0,0.008657812,0
PAT_5533,reading,LM,HAG6,\\nasac-m2.unige.ch\m-HumanNeuronLab\ANALYSIS\FLM\Analysis_LoraFanda\01_FBM_Analysis\outputs\04_ersp_LM_RAWONLY\PAT_5533\LM\ERSP_matrix\reading\PAT_5533_reading_WM_ERSP_HAG6_TN.npy,0.0717054263565891,0.0111627906976744,True,1670,9,0.056808192,9
PAT_5533,reading,LM,IPD12,\\nasac-m2.unige.ch\m-HumanNeuronLab\ANALYSIS\FLM\Analysis_LoraFanda\01_FBM_Analysis\outputs\04_ersp_LM_RAWONLY\PAT_5533\LM\ERSP_matrix\reading\PAT_5533_reading_WM_ERSP_IPD12_TN.npy,0.0031524547803617,0.0548578811369509,True,1671,4,0.20738287,4
PAT_5533,reading,LM,IPD13,\\nasac-m2.unige.ch\m-HumanNeuronLab\ANALYSIS\FLM\Analysis_LoraFanda\01_FBM_Analysis\outputs\04_ersp_LM_RAWONLY\PAT_5533\LM\ERSP_matrix\reading\PAT_5533_reading_WM_ERSP_IPD13_TN.npy,0.0031524547803617,0.0546770025839793,True,1672,4,0.20917168,4
PAT_5533,reading,LM,IPD2,\\nasac-m2.unige.ch\m-HumanNeuronLab\ANALYSIS\FLM\Analysis_LoraFanda\01_FBM_Analysis\outputs\04_ersp_LM_RAWONLY\PAT_5533\LM\ERSP_matrix\reading\PAT_5533_reading_WM_ERSP_IPD2_TN.npy,0.0299741602067183,0.0028940568475452,True,1673,7,0.062342055,7
PAT_5533,reading,LM,IPD3,\\nasac-m2.unige.ch\m-HumanNeuronLab\ANALYSIS\FLM\Analysis_LoraFanda\01_FBM_Analysis\outputs\04_ersp_LM_RAWONLY\PAT_5533\LM\ERSP_matrix\reading\PAT_5533_reading_WM_ERSP_IPD3_TN.npy,0.0589664082687338,0.0055555555555555,True,1674,8,0.02844981,8
PAT_5533,reading,LM,IPD4,\\nasac-m2.unige.ch\m-HumanNeuronLab\ANALYSIS\FLM\Analysis_LoraFanda\01_FBM_Analysis\outputs\04_ersp_LM_RAWONLY\PAT_5533\LM\ERSP_matrix\reading\PAT_5533_reading_WM_ERSP_IPD4_TN.npy,0.0691214470284237,0.0040051679586563,True,1675,8,-0.02912524,8
PAT_5533,reading,LM,IPD5,\\nasac-m2.unige.ch\m-HumanNeuronLab\ANALYSIS\FLM\Analysis_LoraFanda\01_FBM_Analysis\outputs\04_ersp_LM_RAWONLY\PAT_5533\LM\ERSP_matrix\reading\PAT_5533_reading_WM_ERSP_IPD5_TN.npy,0.0357881136950904,0.0012919896640826,True,1676,9,0.042590447,9
PAT_5533,reading,LM,IPD6,\\nasac-m2.unige.ch\m-HumanNeuronLab\ANALYSIS\FLM\Analysis_LoraFanda\01_FBM_Analysis\outputs\04_ersp_LM_RAWONLY\PAT_5533\LM\ERSP_matrix\reading\PAT_5533_reading_WM_ERSP_IPD6_TN.npy,0.0312144702842377,0.0009560723514211,True,1677,5,0.07099247,5
PAT_5533,reading,LM,OFD5,\\nasac-m2.unige.ch\m-HumanNeuronLab\ANALYSIS\FLM\Analysis_LoraFanda\01_FBM_Analysis\outputs\04_ersp_LM_RAWONLY\PAT_5533\LM\ERSP_matrix\reading\PAT_5533_reading_WM_ERSP_OFD5_TN.npy,0.008578811369509,0.0416020671834625,True,1678,4,0.11075248,4
PAT_5533,reading,LM,SMD2,\\nasac-m2.unige.ch\m-HumanNeuronLab\ANALYSIS\FLM\Analysis_LoraFanda\01_FBM_Analysis\outputs\04_ersp_LM_RAWONLY\PAT_5533\LM\ERSP_matrix\reading\PAT_5533_reading_WM_ERSP_SMD2_TN.npy,0.0261757105943152,0.0043152454780361,True,1679,7,0.029965537,7
PAT_5533,reading,LM,SMD3,\\nasac-m2.unige.ch\m-HumanNeuronLab\ANALYSIS\FLM\Analysis_LoraFanda\01_FBM_Analysis\outputs\04_ersp_LM_RAWONLY\PAT_5533\LM\ERSP_matrix\reading\PAT_5533_reading_WM_ERSP_SMD3_TN.npy,0.0316795865633074,0.0056330749354005,True,1680,7,0.01802006,7
PAT_5533,reading,LM,TPD1,\\nasac-m2.unige.ch\m-HumanNeuronLab\ANALYSIS\FLM\Analysis_LoraFanda\01_FBM_Analysis\outputs\04_ersp_LM_RAWONLY\PAT_5533\LM\ERSP_matrix\reading\PAT_5533_reading_WM_ERSP_TPD1_TN.npy,0.0286304909560723,0.0006976744186046,True,1681,5,0.07827594,5
PAT_6619,audio,LM,HAD4,\\nasac-m2.unige.ch\m-HumanNeuronLab\ANALYSIS\FLM\Analysis_LoraFanda\01_FBM_Analysis\outputs\04_ersp_LM_RAWONLY\PAT_6619\LM\ERSP_matrix\audio\PAT_6619_audio_WM_ERSP_HAD4_TN.npy,0.0211111111111111,0.0017829457364341,True,1682,5,0.11851722,5
PAT_6619,audio,LM,HAD6,\\nasac-m2.unige.ch\m-HumanNeuronLab\ANALYSIS\FLM\Analysis_LoraFanda\01_FBM_Analysis\outputs\04_ersp_LM_RAWONLY\PAT_6619\LM\ERSP_matrix\audio\PAT_6619_audio_WM_ERSP_HAD6_TN.npy,0.0205426356589147,0.0017571059431524,True,1683,5,0.12925334,5
PAT_6619,audio,LM,HAD8,\\nasac-m2.unige.ch\m-HumanNeuronLab\ANALYSIS\FLM\Analysis_LoraFanda\01_FBM_Analysis\outputs\04_ersp_LM_RAWONLY\PAT_6619\LM\ERSP_matrix\audio\PAT_6619_audio_WM_ERSP_HAD8_TN.npy,0.0201808785529715,0.0031266149870801,True,1684,7,0.0022088592,7
PAT_6619,audio,LM,HAD9,\\nasac-m2.unige.ch\m-HumanNeuronLab\ANALYSIS\FLM\Analysis_LoraFanda\01_FBM_Analysis\outputs\04_ersp_LM_RAWONLY\PAT_6619\LM\ERSP_matrix\audio\PAT_6619_audio_WM_ERSP_HAD9_TN.npy,0.037906976744186,0.0581136950904392,True,1685,10,0.1804936,10
PAT_6619,audio,LM,HAG10,\\nasac-m2.unige.ch\m-HumanNeuronLab\ANALYSIS\FLM\Analysis_LoraFanda\01_FBM_Analysis\outputs\04_ersp_LM_RAWONLY\PAT_6619\LM\ERSP_matrix\audio\PAT_6619_audio_WM_ERSP_HAG10_TN.npy,0.0210852713178294,0.0103875968992248,True,1686,10,0.017088896,10
PAT_6619,audio,LM,HAG4,\\nasac-m2.unige.ch\m-HumanNeuronLab\ANALYSIS\FLM\Analysis_LoraFanda\01_FBM_Analysis\outputs\04_ersp_LM_RAWONLY\PAT_6619\LM\ERSP_matrix\audio\PAT_6619_audio_WM_ERSP_HAG4_TN.npy,0.0233591731266149,0.0015762273901808,True,1687,5,0.095030315,5
PAT_6619,audio,LM,HAG5,\\nasac-m2.unige.ch\m-HumanNeuronLab\ANALYSIS\FLM\Analysis_LoraFanda\01_FBM_Analysis\outputs\04_ersp_LM_RAWONLY\PAT_6619\LM\ERSP_matrix\audio\PAT_6619_audio_WM_ERSP_HAG5_TN.npy,0.0227390180878552,0.0014987080103359,True,1688,5,0.10504025,5
PAT_6619,audio,LM,HAG6,\\nasac-m2.unige.ch\m-HumanNeuronLab\ANALYSIS\FLM\Analysis_LoraFanda\01_FBM_Analysis\outputs\04_ersp_LM_RAWONLY\PAT_6619\LM\ERSP_matrix\audio\PAT_6619_audio_WM_ERSP_HAG6_TN.npy,0.0261757105943152,0.0008268733850129,True,1689,5,0.12582825,5
PAT_6619,audio,LM,HAG7,\\nasac-m2.unige.ch\m-HumanNeuronLab\ANALYSIS\FLM\Analysis_LoraFanda\01_FBM_Analysis\outputs\04_ersp_LM_RAWONLY\PAT_6619\LM\ERSP_matrix\audio\PAT_6619_audio_WM_ERSP_HAG7_TN.npy,0.0233333333333333,0.0015503875968992,True,1690,5,0.14396685,5
PAT_6619,audio,LM,HAG8,\\nasac-m2.unige.ch\m-HumanNeuronLab\ANALYSIS\FLM\Analysis_LoraFanda\01_FBM_Analysis\outputs\04_ersp_LM_RAWONLY\PAT_6619\LM\ERSP_matrix\audio\PAT_6619_audio_WM_ERSP_HAG8_TN.npy,0.0248062015503875,0.0018863049095607,True,1691,5,0.1337791,5
PAT_6619,audio,LM,IAD15,\\nasac-m2.unige.ch\m-HumanNeuronLab\ANALYSIS\FLM\Analysis_LoraFanda\01_FBM_Analysis\outputs\04_ersp_LM_RAWONLY\PAT_6619\LM\ERSP_matrix\audio\PAT_6619_audio_WM_ERSP_IAD15_TN.npy,0.0222739018087855,0.0023514211886304,True,1692,5,0.06815105,5
PAT_6619,audio,LM,IAD3,\\nasac-m2.unige.ch\m-HumanNeuronLab\ANALYSIS\FLM\Analysis_LoraFanda\01_FBM_Analysis\outputs\04_ersp_LM_RAWONLY\PAT_6619\LM\ERSP_matrix\audio\PAT_6619_audio_WM_ERSP_IAD3_TN.npy,0.0356072351421188,0.0012403100775193,True,1693,1,-0.07219513,1
PAT_6619,audio,LM,IMD4,\\nasac-m2.unige.ch\m-HumanNeuronLab\ANALYSIS\FLM\Analysis_LoraFanda\01_FBM_Analysis\outputs\04_ersp_LM_RAWONLY\PAT_6619\LM\ERSP_matrix\audio\PAT_6619_audio_WM_ERSP_IMD4_TN.npy,0.0214987080103359,0.0012919896640826,True,1694,5,0.084666066,5
PAT_6619,audio,LM,IPD10,\\nasac-m2.unige.ch\m-HumanNeuronLab\ANALYSIS\FLM\Analysis_LoraFanda\01_FBM_Analysis\outputs\04_ersp_LM_RAWONLY\PAT_6619\LM\ERSP_matrix\audio\PAT_6619_audio_WM_ERSP_IPD10_TN.npy,0.0274418604651162,0.0009819121447028,True,1695,5,0.115423,5
PAT_6619,audio,LM,IPD11,\\nasac-m2.unige.ch\m-HumanNeuronLab\ANALYSIS\FLM\Analysis_LoraFanda\01_FBM_Analysis\outputs\04_ersp_LM_RAWONLY\PAT_6619\LM\ERSP_matrix\audio\PAT_6619_audio_WM_ERSP_IPD11_TN.npy,0.0259431524547803,0.0010335917312661,True,1696,5,0.08319945,5
PAT_6619,audio,LM,IPD12,\\nasac-m2.unige.ch\m-HumanNeuronLab\ANALYSIS\FLM\Analysis_LoraFanda\01_FBM_Analysis\outputs\04_ersp_LM_RAWONLY\PAT_6619\LM\ERSP_matrix\audio\PAT_6619_audio_WM_ERSP_IPD12_TN.npy,0.0200258397932816,0.0010594315245478,True,1697,5,0.04317371,5
PAT_6619,audio,LM,IPD13,\\nasac-m2.unige.ch\m-HumanNeuronLab\ANALYSIS\FLM\Analysis_LoraFanda\01_FBM_Analysis\outputs\04_ersp_LM_RAWONLY\PAT_6619\LM\ERSP_matrix\audio\PAT_6619_audio_WM_ERSP_IPD13_TN.npy,0.0240568475452196,0.001266149870801,True,1698,5,0.06168121,5
PAT_6619,audio,LM,IPD14,\\nasac-m2.unige.ch\m-HumanNeuronLab\ANALYSIS\FLM\Analysis_LoraFanda\01_FBM_Analysis\outputs\04_ersp_LM_RAWONLY\PAT_6619\LM\ERSP_matrix\audio\PAT_6619_audio_WM_ERSP_IPD14_TN.npy,0.0214728682170542,0.0021963824289405,True,1699,7,-0.012258285,7
PAT_6619,audio,LM,IPD15,\\nasac-m2.unige.ch\m-HumanNeuronLab\ANALYSIS\FLM\Analysis_LoraFanda\01_FBM_Analysis\outputs\04_ersp_LM_RAWONLY\PAT_6619\LM\ERSP_matrix\audio\PAT_6619_audio_WM_ERSP_IPD15_TN.npy,0.0239793281653746,0.0016279069767441,True,1700,7,-0.015287435,7
PAT_6619,audio,LM,IPD16,\\nasac-m2.unige.ch\m-HumanNeuronLab\ANALYSIS\FLM\Analysis_LoraFanda\01_FBM_Analysis\outputs\04_ersp_LM_RAWONLY\PAT_6619\LM\ERSP_matrix\audio\PAT_6619_audio_WM_ERSP_IPD16_TN.npy,0.0260465116279069,0.0017312661498708,True,1701,7,0.013252629,7
PAT_6619,audio,LM,IPD17,\\nasac-m2.unige.ch\m-HumanNeuronLab\ANALYSIS\FLM\Analysis_LoraFanda\01_FBM_Analysis\outputs\04_ersp_LM_RAWONLY\PAT_6619\LM\ERSP_matrix\audio\PAT_6619_audio_WM_ERSP_IPD17_TN.npy,0.0293798449612403,0.0023514211886304,True,1702,7,0.03492671,7
PAT_6619,audio,LM,IPD18,\\nasac-m2.unige.ch\m-HumanNeuronLab\ANALYSIS\FLM\Analysis_LoraFanda\01_FBM_Analysis\outputs\04_ersp_LM_RAWONLY\PAT_6619\LM\ERSP_matrix\audio\PAT_6619_audio_WM_ERSP_IPD18_TN.npy,0.0207751937984496,0.0022222222222222,True,1703,7,0.03021587,7
PAT_6619,audio,LM,IPD2,\\nasac-m2.unige.ch\m-HumanNeuronLab\ANALYSIS\FLM\Analysis_LoraFanda\01_FBM_Analysis\outputs\04_ersp_LM_RAWONLY\PAT_6619\LM\ERSP_matrix\audio\PAT_6619_audio_WM_ERSP_IPD2_TN.npy,0.0227906976744186,0.0005684754521963,True,1704,5,0.13179149,5
PAT_6619,audio,LM,IPD3,\\nasac-m2.unige.ch\m-HumanNeuronLab\ANALYSIS\FLM\Analysis_LoraFanda\01_FBM_Analysis\outputs\04_ersp_LM_RAWONLY\PAT_6619\LM\ERSP_matrix\audio\PAT_6619_audio_WM_ERSP_IPD3_TN.npy,0.0283462532299741,0.0006201550387596,True,1705,5,0.094657585,5
PAT_6619,audio,LM,IPD4,\\nasac-m2.unige.ch\m-HumanNeuronLab\ANALYSIS\FLM\Analysis_LoraFanda\01_FBM_Analysis\outputs\04_ersp_LM_RAWONLY\PAT_6619\LM\ERSP_matrix\audio\PAT_6619_audio_WM_ERSP_IPD4_TN.npy,0.0530232558139534,0.0012403100775193,True,1706,1,0.020736393,1
PAT_6619,audio,LM,IPD5,\\nasac-m2.unige.ch\m-HumanNeuronLab\ANALYSIS\FLM\Analysis_LoraFanda\01_FBM_Analysis\outputs\04_ersp_LM_RAWONLY\PAT_6619\LM\ERSP_matrix\audio\PAT_6619_audio_WM_ERSP_IPD5_TN.npy,0.0610335917312661,0.000516795865633,True,1707,1,-0.08825624,1
PAT_6619,audio,LM,IPD6,\\nasac-m2.unige.ch\m-HumanNeuronLab\ANALYSIS\FLM\Analysis_LoraFanda\01_FBM_Analysis\outputs\04_ersp_LM_RAWONLY\PAT_6619\LM\ERSP_matrix\audio\PAT_6619_audio_WM_ERSP_IPD6_TN.npy,0.0311627906976744,0.000594315245478,True,1708,5,0.07529581,5
PAT_6619,audio,LM,IPD8,\\nasac-m2.unige.ch\m-HumanNeuronLab\ANALYSIS\FLM\Analysis_LoraFanda\01_FBM_Analysis\outputs\04_ersp_LM_RAWONLY\PAT_6619\LM\ERSP_matrix\audio\PAT_6619_audio_WM_ERSP_IPD8_TN.npy,0.0203617571059431,0.0011111111111111,True,1709,5,0.15203793,5
PAT_6619,audio,LM,IPD9,\\nasac-m2.unige.ch\m-HumanNeuronLab\ANALYSIS\FLM\Analysis_LoraFanda\01_FBM_Analysis\outputs\04_ersp_LM_RAWONLY\PAT_6619\LM\ERSP_matrix\audio\PAT_6619_audio_WM_ERSP_IPD9_TN.npy,0.0230232558139534,0.0010335917312661,True,1710,5,0.14423133,5
PAT_6619,audio,LM,OFP2,\\nasac-m2.unige.ch\m-HumanNeuronLab\ANALYSIS\FLM\Analysis_LoraFanda\01_FBM_Analysis\outputs\04_ersp_LM_RAWONLY\PAT_6619\LM\ERSP_matrix\audio\PAT_6619_audio_WM_ERSP_OFP2_TN.npy,0.0297674418604651,0.0006201550387596,True,1711,5,0.09093735,5
PAT_6619,audio,LM,OFP4,\\nasac-m2.unige.ch\m-HumanNeuronLab\ANALYSIS\FLM\Analysis_LoraFanda\01_FBM_Analysis\outputs\04_ersp_LM_RAWONLY\PAT_6619\LM\ERSP_matrix\audio\PAT_6619_audio_WM_ERSP_OFP4_TN.npy,0.0269509043927648,0.0014470284237726,True,1712,5,0.047662772,5
PAT_6619,audio,LM,OFP5,\\nasac-m2.unige.ch\m-HumanNeuronLab\ANALYSIS\FLM\Analysis_LoraFanda\01_FBM_Analysis\outputs\04_ersp_LM_RAWONLY\PAT_6619\LM\ERSP_matrix\audio\PAT_6619_audio_WM_ERSP_OFP5_TN.npy,0.0276744186046511,0.0008785529715762,True,1713,5,0.073734164,5
PAT_6619,audio,LM,OFP6,\\nasac-m2.unige.ch\m-HumanNeuronLab\ANALYSIS\FLM\Analysis_LoraFanda\01_FBM_Analysis\outputs\04_ersp_LM_RAWONLY\PAT_6619\LM\ERSP_matrix\audio\PAT_6619_audio_WM_ERSP_OFP6_TN.npy,0.025142118863049,0.0007493540051679,True,1714,5,0.08007694,5
PAT_6619,audio,LM,OFP7,\\nasac-m2.unige.ch\m-HumanNeuronLab\ANALYSIS\FLM\Analysis_LoraFanda\01_FBM_Analysis\outputs\04_ersp_LM_RAWONLY\PAT_6619\LM\ERSP_matrix\audio\PAT_6619_audio_WM_ERSP_OFP7_TN.npy,0.0265116279069767,0.0041343669250645,True,1715,5,0.05339897,5
PAT_6619,audio,LM,OFP8,\\nasac-m2.unige.ch\m-HumanNeuronLab\ANALYSIS\FLM\Analysis_LoraFanda\01_FBM_Analysis\outputs\04_ersp_LM_RAWONLY\PAT_6619\LM\ERSP_matrix\audio\PAT_6619_audio_WM_ERSP_OFP8_TN.npy,0.0267441860465116,0.0154780361757105,True,1716,10,0.11216308,10
PAT_6619,audio,LM,PHD8,\\nasac-m2.unige.ch\m-HumanNeuronLab\ANALYSIS\FLM\Analysis_LoraFanda\01_FBM_Analysis\outputs\04_ersp_LM_RAWONLY\PAT_6619\LM\ERSP_matrix\audio\PAT_6619_audio_WM_ERSP_PHD8_TN.npy,0.0275452196382428,0.0055297157622739,True,1717,5,0.082617804,5
PAT_6619,audio,LM,TPD3,\\nasac-m2.unige.ch\m-HumanNeuronLab\ANALYSIS\FLM\Analysis_LoraFanda\01_FBM_Analysis\outputs\04_ersp_LM_RAWONLY\PAT_6619\LM\ERSP_matrix\audio\PAT_6619_audio_WM_ERSP_TPD3_TN.npy,0.0209560723514211,0.0093023255813953,True,1718,7,-0.0025960002,7
PAT_6619,audio,LM,TPD7,\\nasac-m2.unige.ch\m-HumanNeuronLab\ANALYSIS\FLM\Analysis_LoraFanda\01_FBM_Analysis\outputs\04_ersp_LM_RAWONLY\PAT_6619\LM\ERSP_matrix\audio\PAT_6619_audio_WM_ERSP_TPD7_TN.npy,0.0287855297157622,0.0030490956072351,True,1719,5,0.070592366,5
PAT_6619,audio,LM,TPD8,\\nasac-m2.unige.ch\m-HumanNeuronLab\ANALYSIS\FLM\Analysis_LoraFanda\01_FBM_Analysis\outputs\04_ersp_LM_RAWONLY\PAT_6619\LM\ERSP_matrix\audio\PAT_6619_audio_WM_ERSP_TPD8_TN.npy,0.0569250645994832,0.0235658914728682,True,1720,10,0.09633042,10
PAT_6619,picture,LM,AD2,\\nasac-m2.unige.ch\m-HumanNeuronLab\ANALYSIS\FLM\Analysis_LoraFanda\01_FBM_Analysis\outputs\04_ersp_LM_RAWONLY\PAT_6619\LM\ERSP_matrix\picture\PAT_6619_picture_WM_ERSP_AD2_TN.npy,0.0263307493540051,0.0002583979328165,True,1721,5,0.116389506,5
PAT_6619,picture,LM,HAD9,\\nasac-m2.unige.ch\m-HumanNeuronLab\ANALYSIS\FLM\Analysis_LoraFanda\01_FBM_Analysis\outputs\04_ersp_LM_RAWONLY\PAT_6619\LM\ERSP_matrix\picture\PAT_6619_picture_WM_ERSP_HAD9_TN.npy,0.0447803617571059,0.0014728682170542,True,1722,8,-0.036547918,8
PAT_6619,picture,LM,HAG1,\\nasac-m2.unige.ch\m-HumanNeuronLab\ANALYSIS\FLM\Analysis_LoraFanda\01_FBM_Analysis\outputs\04_ersp_LM_RAWONLY\PAT_6619\LM\ERSP_matrix\picture\PAT_6619_picture_WM_ERSP_HAG1_TN.npy,0.0204134366925064,0.0006718346253229,True,1723,0,-0.030460678,0
PAT_6619,picture,LM,IAD15,\\nasac-m2.unige.ch\m-HumanNeuronLab\ANALYSIS\FLM\Analysis_LoraFanda\01_FBM_Analysis\outputs\04_ersp_LM_RAWONLY\PAT_6619\LM\ERSP_matrix\picture\PAT_6619_picture_WM_ERSP_IAD15_TN.npy,0.0221447028423772,0.0001808785529715,True,1724,5,0.12481518,5
PAT_6619,picture,LM,IAD2,\\nasac-m2.unige.ch\m-HumanNeuronLab\ANALYSIS\FLM\Analysis_LoraFanda\01_FBM_Analysis\outputs\04_ersp_LM_RAWONLY\PAT_6619\LM\ERSP_matrix\picture\PAT_6619_picture_WM_ERSP_IAD2_TN.npy,0.0302583979328165,0.0004651162790697,True,1725,1,-0.0701851,1
PAT_6619,picture,LM,IAD3,\\nasac-m2.unige.ch\m-HumanNeuronLab\ANALYSIS\FLM\Analysis_LoraFanda\01_FBM_Analysis\outputs\04_ersp_LM_RAWONLY\PAT_6619\LM\ERSP_matrix\picture\PAT_6619_picture_WM_ERSP_IAD3_TN.npy,0.0424547803617571,0.0002842377260981,True,1726,1,0.03220753,1
PAT_6619,picture,LM,IPD4,\\nasac-m2.unige.ch\m-HumanNeuronLab\ANALYSIS\FLM\Analysis_LoraFanda\01_FBM_Analysis\outputs\04_ersp_LM_RAWONLY\PAT_6619\LM\ERSP_matrix\picture\PAT_6619_picture_WM_ERSP_IPD4_TN.npy,0.0236434108527131,0.0006976744186046,True,1727,5,0.114622906,5
PAT_6619,picture,LM,IPD5,\\nasac-m2.unige.ch\m-HumanNeuronLab\ANALYSIS\FLM\Analysis_LoraFanda\01_FBM_Analysis\outputs\04_ersp_LM_RAWONLY\PAT_6619\LM\ERSP_matrix\picture\PAT_6619_picture_WM_ERSP_IPD5_TN.npy,0.0402067183462532,0.0002067183462532,True,1728,5,0.07190985,5
PAT_6619,picture,LM,OFP7,\\nasac-m2.unige.ch\m-HumanNeuronLab\ANALYSIS\FLM\Analysis_LoraFanda\01_FBM_Analysis\outputs\04_ersp_LM_RAWONLY\PAT_6619\LM\ERSP_matrix\picture\PAT_6619_picture_WM_ERSP_OFP7_TN.npy,0.0399741602067183,0.0010335917312661,True,1729,5,0.12128628,5
PAT_6619,picture,LM,OFP8,\\nasac-m2.unige.ch\m-HumanNeuronLab\ANALYSIS\FLM\Analysis_LoraFanda\01_FBM_Analysis\outputs\04_ersp_LM_RAWONLY\PAT_6619\LM\ERSP_matrix\picture\PAT_6619_picture_WM_ERSP_OFP8_TN.npy,0.0559173126614987,0.0009302325581395,True,1730,5,0.052721158,5
PAT_6619,picture,LM,TPD1,\\nasac-m2.unige.ch\m-HumanNeuronLab\ANALYSIS\FLM\Analysis_LoraFanda\01_FBM_Analysis\outputs\04_ersp_LM_RAWONLY\PAT_6619\LM\ERSP_matrix\picture\PAT_6619_picture_WM_ERSP_TPD1_TN.npy,0.0540568475452196,0.0010077519379844,True,1731,7,0.042770464,7
PAT_6619,picture,LM,TPD2,\\nasac-m2.unige.ch\m-HumanNeuronLab\ANALYSIS\FLM\Analysis_LoraFanda\01_FBM_Analysis\outputs\04_ersp_LM_RAWONLY\PAT_6619\LM\ERSP_matrix\picture\PAT_6619_picture_WM_ERSP_TPD2_TN.npy,0.0510077519379845,0.0006459948320413,True,1732,7,0.042655107,7
PAT_6619,picture,LM,TPD3,\\nasac-m2.unige.ch\m-HumanNeuronLab\ANALYSIS\FLM\Analysis_LoraFanda\01_FBM_Analysis\outputs\04_ersp_LM_RAWONLY\PAT_6619\LM\ERSP_matrix\picture\PAT_6619_picture_WM_ERSP_TPD3_TN.npy,0.0401550387596899,0.0005426356589147,True,1733,7,0.0080219675,7
PAT_6619,picture,LM,TPD4,\\nasac-m2.unige.ch\m-HumanNeuronLab\ANALYSIS\FLM\Analysis_LoraFanda\01_FBM_Analysis\outputs\04_ersp_LM_RAWONLY\PAT_6619\LM\ERSP_matrix\picture\PAT_6619_picture_WM_ERSP_TPD4_TN.npy,0.0291214470284237,0.0004392764857881,True,1734,5,0.05239734,5
PAT_6619,picture,LM,TPD5,\\nasac-m2.unige.ch\m-HumanNeuronLab\ANALYSIS\FLM\Analysis_LoraFanda\01_FBM_Analysis\outputs\04_ersp_LM_RAWONLY\PAT_6619\LM\ERSP_matrix\picture\PAT_6619_picture_WM_ERSP_TPD5_TN.npy,0.0221188630490956,0.0005426356589147,True,1735,5,0.087579556,5
PAT_6619,picture,LM,TPD6,\\nasac-m2.unige.ch\m-HumanNeuronLab\ANALYSIS\FLM\Analysis_LoraFanda\01_FBM_Analysis\outputs\04_ersp_LM_RAWONLY\PAT_6619\LM\ERSP_matrix\picture\PAT_6619_picture_WM_ERSP_TPD6_TN.npy,0.0200775193798449,0.001266149870801,True,1736,5,0.052155815,5
PAT_6619,picture,LM,TPD7,\\nasac-m2.unige.ch\m-HumanNeuronLab\ANALYSIS\FLM\Analysis_LoraFanda\01_FBM_Analysis\outputs\04_ersp_LM_RAWONLY\PAT_6619\LM\ERSP_matrix\picture\PAT_6619_picture_WM_ERSP_TPD7_TN.npy,0.0335658914728682,0.000594315245478,True,1737,5,0.12749846,5
PAT_6619,picture,LM,TPD8,\\nasac-m2.unige.ch\m-HumanNeuronLab\ANALYSIS\FLM\Analysis_LoraFanda\01_FBM_Analysis\outputs\04_ersp_LM_RAWONLY\PAT_6619\LM\ERSP_matrix\picture\PAT_6619_picture_WM_ERSP_TPD8_TN.npy,0.1127131782945736,0.0008785529715762,True,1738,8,0.06705098,8
PAT_6619,reading,LM,HAD9,\\nasac-m2.unige.ch\m-HumanNeuronLab\ANALYSIS\FLM\Analysis_LoraFanda\01_FBM_Analysis\outputs\04_ersp_LM_RAWONLY\PAT_6619\LM\ERSP_matrix\reading\PAT_6619_reading_WM_ERSP_HAD9_TN.npy,0.0381653746770025,0.0369509043927648,True,1739,2,0.018160213,2
PAT_6619,reading,LM,HAG10,\\nasac-m2.unige.ch\m-HumanNeuronLab\ANALYSIS\FLM\Analysis_LoraFanda\01_FBM_Analysis\outputs\04_ersp_LM_RAWONLY\PAT_6619\LM\ERSP_matrix\reading\PAT_6619_reading_WM_ERSP_HAG10_TN.npy,0.0437209302325581,0.004470284237726,True,1740,9,0.12341751,9
PAT_6619,reading,LM,IAD3,\\nasac-m2.unige.ch\m-HumanNeuronLab\ANALYSIS\FLM\Analysis_LoraFanda\01_FBM_Analysis\outputs\04_ersp_LM_RAWONLY\PAT_6619\LM\ERSP_matrix\reading\PAT_6619_reading_WM_ERSP_IAD3_TN.npy,0.0268217054263565,0.0012144702842377,True,1741,1,0.016453408,1
PAT_6619,reading,LM,IPD5,\\nasac-m2.unige.ch\m-HumanNeuronLab\ANALYSIS\FLM\Analysis_LoraFanda\01_FBM_Analysis\outputs\04_ersp_LM_RAWONLY\PAT_6619\LM\ERSP_matrix\reading\PAT_6619_reading_WM_ERSP_IPD5_TN.npy,0.0466666666666666,0.0005684754521963,True,1742,8,-0.03249383,8
PAT_6619,reading,LM,OFP2,\\nasac-m2.unige.ch\m-HumanNeuronLab\ANALYSIS\FLM\Analysis_LoraFanda\01_FBM_Analysis\outputs\04_ersp_LM_RAWONLY\PAT_6619\LM\ERSP_matrix\reading\PAT_6619_reading_WM_ERSP_OFP2_TN.npy,0.0313178294573643,0.0004134366925064,True,1743,1,-0.041695964,1
PAT_6619,reading,LM,OFP3,\\nasac-m2.unige.ch\m-HumanNeuronLab\ANALYSIS\FLM\Analysis_LoraFanda\01_FBM_Analysis\outputs\04_ersp_LM_RAWONLY\PAT_6619\LM\ERSP_matrix\reading\PAT_6619_reading_WM_ERSP_OFP3_TN.npy,0.0224031007751937,0.0016279069767441,True,1744,1,-0.10533736,1
PAT_6619,reading,LM,OFP7,\\nasac-m2.unige.ch\m-HumanNeuronLab\ANALYSIS\FLM\Analysis_LoraFanda\01_FBM_Analysis\outputs\04_ersp_LM_RAWONLY\PAT_6619\LM\ERSP_matrix\reading\PAT_6619_reading_WM_ERSP_OFP7_TN.npy,0.030594315245478,0.0042894056847545,True,1745,9,0.03869883,9
PAT_6619,reading,LM,OFP8,\\nasac-m2.unige.ch\m-HumanNeuronLab\ANALYSIS\FLM\Analysis_LoraFanda\01_FBM_Analysis\outputs\04_ersp_LM_RAWONLY\PAT_6619\LM\ERSP_matrix\reading\PAT_6619_reading_WM_ERSP_OFP8_TN.npy,0.0478811369509043,0.0084237726098191,True,1746,9,0.09613798,9
PAT_6619,reading,LM,TPD1,\\nasac-m2.unige.ch\m-HumanNeuronLab\ANALYSIS\FLM\Analysis_LoraFanda\01_FBM_Analysis\outputs\04_ersp_LM_RAWONLY\PAT_6619\LM\ERSP_matrix\reading\PAT_6619_reading_WM_ERSP_TPD1_TN.npy,0.0594315245478036,0.0015762273901808,True,1747,7,0.094817996,7
PAT_6619,reading,LM,TPD2,\\nasac-m2.unige.ch\m-HumanNeuronLab\ANALYSIS\FLM\Analysis_LoraFanda\01_FBM_Analysis\outputs\04_ersp_LM_RAWONLY\PAT_6619\LM\ERSP_matrix\reading\PAT_6619_reading_WM_ERSP_TPD2_TN.npy,0.0524547803617571,0.0016279069767441,True,1748,7,0.103714265,7
PAT_6619,reading,LM,TPD3,\\nasac-m2.unige.ch\m-HumanNeuronLab\ANALYSIS\FLM\Analysis_LoraFanda\01_FBM_Analysis\outputs\04_ersp_LM_RAWONLY\PAT_6619\LM\ERSP_matrix\reading\PAT_6619_reading_WM_ERSP_TPD3_TN.npy,0.0353229974160206,0.0020930232558139,True,1749,7,0.11676074,7
PAT_6619,reading,LM,TPD4,\\nasac-m2.unige.ch\m-HumanNeuronLab\ANALYSIS\FLM\Analysis_LoraFanda\01_FBM_Analysis\outputs\04_ersp_LM_RAWONLY\PAT_6619\LM\ERSP_matrix\reading\PAT_6619_reading_WM_ERSP_TPD4_TN.npy,0.0238242894056847,0.0021705426356589,True,1750,7,0.10988875,7
PAT_6619,reading,LM,TPD8,\\nasac-m2.unige.ch\m-HumanNeuronLab\ANALYSIS\FLM\Analysis_LoraFanda\01_FBM_Analysis\outputs\04_ersp_LM_RAWONLY\PAT_6619\LM\ERSP_matrix\reading\PAT_6619_reading_WM_ERSP_TPD8_TN.npy,0.0690180878552971,0.0195607235142118,True,1751,9,0.058974937,9
PAT_6684,audio,LM,AG6,\\nasac-m2.unige.ch\m-HumanNeuronLab\ANALYSIS\FLM\Analysis_LoraFanda\01_FBM_Analysis\outputs\04_ersp_LM_RAWONLY\PAT_6684\LM\ERSP_matrix\audio\PAT_6684_audio_WM_ERSP_AG6_TN.npy,0.0131266149870801,0.1118863049095607,True,1752,6,0.19917126,6
PAT_6684,audio,LM,FMG1,\\nasac-m2.unige.ch\m-HumanNeuronLab\ANALYSIS\FLM\Analysis_LoraFanda\01_FBM_Analysis\outputs\04_ersp_LM_RAWONLY\PAT_6684\LM\ERSP_matrix\audio\PAT_6684_audio_WM_ERSP_FMG1_TN.npy,0.0337726098191214,0.0012144702842377,True,1753,0,0.07422089,0
PAT_6684,audio,LM,IMG6,\\nasac-m2.unige.ch\m-HumanNeuronLab\ANALYSIS\FLM\Analysis_LoraFanda\01_FBM_Analysis\outputs\04_ersp_LM_RAWONLY\PAT_6684\LM\ERSP_matrix\audio\PAT_6684_audio_WM_ERSP_IMG6_TN.npy,0.0222997416020671,0.0013953488372093,True,1754,7,0.03517695,7
PAT_6684,audio,LM,IMG8,\\nasac-m2.unige.ch\m-HumanNeuronLab\ANALYSIS\FLM\Analysis_LoraFanda\01_FBM_Analysis\outputs\04_ersp_LM_RAWONLY\PAT_6684\LM\ERSP_matrix\audio\PAT_6684_audio_WM_ERSP_IMG8_TN.npy,0.0200258397932816,0.0023255813953488,True,1755,7,0.046828322,7
PAT_6684,audio,LM,TPG1,\\nasac-m2.unige.ch\m-HumanNeuronLab\ANALYSIS\FLM\Analysis_LoraFanda\01_FBM_Analysis\outputs\04_ersp_LM_RAWONLY\PAT_6684\LM\ERSP_matrix\audio\PAT_6684_audio_WM_ERSP_TPG1_TN.npy,0.0214470284237726,0.0117571059431524,True,1756,2,-0.031090869,2
PAT_6684,audio,LM,TPG6,\\nasac-m2.unige.ch\m-HumanNeuronLab\ANALYSIS\FLM\Analysis_LoraFanda\01_FBM_Analysis\outputs\04_ersp_LM_RAWONLY\PAT_6684\LM\ERSP_matrix\audio\PAT_6684_audio_WM_ERSP_TPG6_TN.npy,0.0051937984496124,0.0482428940568475,True,1757,6,0.17953324,6
PAT_6684,audio,LM,TPG7,\\nasac-m2.unige.ch\m-HumanNeuronLab\ANALYSIS\FLM\Analysis_LoraFanda\01_FBM_Analysis\outputs\04_ersp_LM_RAWONLY\PAT_6684\LM\ERSP_matrix\audio\PAT_6684_audio_WM_ERSP_TPG7_TN.npy,0.0061240310077519,0.0841602067183462,True,1758,6,0.2701341,6
PAT_6684,audio,LM,TPG8,\\nasac-m2.unige.ch\m-HumanNeuronLab\ANALYSIS\FLM\Analysis_LoraFanda\01_FBM_Analysis\outputs\04_ersp_LM_RAWONLY\PAT_6684\LM\ERSP_matrix\audio\PAT_6684_audio_WM_ERSP_TPG8_TN.npy,0.0079586563307493,0.1386304909560723,True,1759,6,0.30250677,6
PAT_6684,audio,LM,TSP1,\\nasac-m2.unige.ch\m-HumanNeuronLab\ANALYSIS\FLM\Analysis_LoraFanda\01_FBM_Analysis\outputs\04_ersp_LM_RAWONLY\PAT_6684\LM\ERSP_matrix\audio\PAT_6684_audio_WM_ERSP_TSP1_TN.npy,0.0279586563307493,0.0078552971576227,True,1760,7,0.043284554,7
PAT_6684,audio,LM,TSP2,\\nasac-m2.unige.ch\m-HumanNeuronLab\ANALYSIS\FLM\Analysis_LoraFanda\01_FBM_Analysis\outputs\04_ersp_LM_RAWONLY\PAT_6684\LM\ERSP_matrix\audio\PAT_6684_audio_WM_ERSP_TSP2_TN.npy,0.0206201550387596,0.0098966408268733,True,1761,7,0.028959123,7
PAT_6684,audio,LM,TSP3,\\nasac-m2.unige.ch\m-HumanNeuronLab\ANALYSIS\FLM\Analysis_LoraFanda\01_FBM_Analysis\outputs\04_ersp_LM_RAWONLY\PAT_6684\LM\ERSP_matrix\audio\PAT_6684_audio_WM_ERSP_TSP3_TN.npy,0.0224289405684754,0.0103617571059431,True,1762,7,0.041508835,7
PAT_6684,audio,LM,TSP4,\\nasac-m2.unige.ch\m-HumanNeuronLab\ANALYSIS\FLM\Analysis_LoraFanda\01_FBM_Analysis\outputs\04_ersp_LM_RAWONLY\PAT_6684\LM\ERSP_matrix\audio\PAT_6684_audio_WM_ERSP_TSP4_TN.npy,0.0207493540051679,0.0098191214470284,True,1763,7,0.02993153,7
PAT_6684,picture,LM,AG4,\\nasac-m2.unige.ch\m-HumanNeuronLab\ANALYSIS\FLM\Analysis_LoraFanda\01_FBM_Analysis\outputs\04_ersp_LM_RAWONLY\PAT_6684\LM\ERSP_matrix\picture\PAT_6684_picture_WM_ERSP_AG4_TN.npy,0.0209302325581395,0.0040826873385012,True,1764,7,0.025793323,7
PAT_6684,picture,LM,AG5,\\nasac-m2.unige.ch\m-HumanNeuronLab\ANALYSIS\FLM\Analysis_LoraFanda\01_FBM_Analysis\outputs\04_ersp_LM_RAWONLY\PAT_6684\LM\ERSP_matrix\picture\PAT_6684_picture_WM_ERSP_AG5_TN.npy,0.0257622739018087,0.0033333333333333,True,1765,9,0.050260592,9
PAT_6684,picture,LM,AG6,\\nasac-m2.unige.ch\m-HumanNeuronLab\ANALYSIS\FLM\Analysis_LoraFanda\01_FBM_Analysis\outputs\04_ersp_LM_RAWONLY\PAT_6684\LM\ERSP_matrix\picture\PAT_6684_picture_WM_ERSP_AG6_TN.npy,0.0629715762273901,0.0096382428940568,True,1766,2,0.024579054,2
PAT_6684,picture,LM,FOL1,\\nasac-m2.unige.ch\m-HumanNeuronLab\ANALYSIS\FLM\Analysis_LoraFanda\01_FBM_Analysis\outputs\04_ersp_LM_RAWONLY\PAT_6684\LM\ERSP_matrix\picture\PAT_6684_picture_WM_ERSP_FOL1_TN.npy,0.0215245478036175,0.0011369509043927,True,1767,9,0.02494018,9
PAT_6684,picture,LM,FPG3,\\nasac-m2.unige.ch\m-HumanNeuronLab\ANALYSIS\FLM\Analysis_LoraFanda\01_FBM_Analysis\outputs\04_ersp_LM_RAWONLY\PAT_6684\LM\ERSP_matrix\picture\PAT_6684_picture_WM_ERSP_FPG3_TN.npy,0.0227131782945736,0.0012919896640826,True,1768,9,0.03756913,9
PAT_6684,picture,LM,FPG4,\\nasac-m2.unige.ch\m-HumanNeuronLab\ANALYSIS\FLM\Analysis_LoraFanda\01_FBM_Analysis\outputs\04_ersp_LM_RAWONLY\PAT_6684\LM\ERSP_matrix\picture\PAT_6684_picture_WM_ERSP_FPG4_TN.npy,0.0236175710594315,0.0009560723514211,True,1769,9,0.038524948,9
PAT_6684,picture,LM,FPG5,\\nasac-m2.unige.ch\m-HumanNeuronLab\ANALYSIS\FLM\Analysis_LoraFanda\01_FBM_Analysis\outputs\04_ersp_LM_RAWONLY\PAT_6684\LM\ERSP_matrix\picture\PAT_6684_picture_WM_ERSP_FPG5_TN.npy,0.0248837209302325,0.0006459948320413,True,1770,5,0.02329023,5
PAT_6684,picture,LM,HAG3,\\nasac-m2.unige.ch\m-HumanNeuronLab\ANALYSIS\FLM\Analysis_LoraFanda\01_FBM_Analysis\outputs\04_ersp_LM_RAWONLY\PAT_6684\LM\ERSP_matrix\picture\PAT_6684_picture_WM_ERSP_HAG3_TN.npy,0.0226614987080103,0.0025064599483204,True,1771,7,0.04988883,7
PAT_6684,picture,LM,HAG4,\\nasac-m2.unige.ch\m-HumanNeuronLab\ANALYSIS\FLM\Analysis_LoraFanda\01_FBM_Analysis\outputs\04_ersp_LM_RAWONLY\PAT_6684\LM\ERSP_matrix\picture\PAT_6684_picture_WM_ERSP_HAG4_TN.npy,0.0254263565891472,0.0027906976744186,True,1772,7,0.03458451,7
PAT_6684,picture,LM,HAG5,\\nasac-m2.unige.ch\m-HumanNeuronLab\ANALYSIS\FLM\Analysis_LoraFanda\01_FBM_Analysis\outputs\04_ersp_LM_RAWONLY\PAT_6684\LM\ERSP_matrix\picture\PAT_6684_picture_WM_ERSP_HAG5_TN.npy,0.0249354005167958,0.0022222222222222,True,1773,7,0.016088363,7
PAT_6684,picture,LM,HAG6,\\nasac-m2.unige.ch\m-HumanNeuronLab\ANALYSIS\FLM\Analysis_LoraFanda\01_FBM_Analysis\outputs\04_ersp_LM_RAWONLY\PAT_6684\LM\ERSP_matrix\picture\PAT_6684_picture_WM_ERSP_HAG6_TN.npy,0.0263565891472868,0.0029198966408268,True,1774,7,0.033581577,7
PAT_6684,picture,LM,HAG7,\\nasac-m2.unige.ch\m-HumanNeuronLab\ANALYSIS\FLM\Analysis_LoraFanda\01_FBM_Analysis\outputs\04_ersp_LM_RAWONLY\PAT_6684\LM\ERSP_matrix\picture\PAT_6684_picture_WM_ERSP_HAG7_TN.npy,0.0327906976744186,0.0056072351421188,True,1775,7,0.040426865,7
PAT_6684,picture,LM,HAG8,\\nasac-m2.unige.ch\m-HumanNeuronLab\ANALYSIS\FLM\Analysis_LoraFanda\01_FBM_Analysis\outputs\04_ersp_LM_RAWONLY\PAT_6684\LM\ERSP_matrix\picture\PAT_6684_picture_WM_ERSP_HAG8_TN.npy,0.0469509043927648,0.005968992248062,True,1776,7,0.010086311,7
PAT_6684,picture,LM,HPG6,\\nasac-m2.unige.ch\m-HumanNeuronLab\ANALYSIS\FLM\Analysis_LoraFanda\01_FBM_Analysis\outputs\04_ersp_LM_RAWONLY\PAT_6684\LM\ERSP_matrix\picture\PAT_6684_picture_WM_ERSP_HPG6_TN.npy,0.026640826873385,0.0032299741602067,True,1777,7,0.031291667,7
PAT_6684,picture,LM,HPG7,\\nasac-m2.unige.ch\m-HumanNeuronLab\ANALYSIS\FLM\Analysis_LoraFanda\01_FBM_Analysis\outputs\04_ersp_LM_RAWONLY\PAT_6684\LM\ERSP_matrix\picture\PAT_6684_picture_WM_ERSP_HPG7_TN.npy,0.0255297157622739,0.0015245478036175,True,1778,7,0.025992958,7
PAT_6684,picture,LM,HPG8,\\nasac-m2.unige.ch\m-HumanNeuronLab\ANALYSIS\FLM\Analysis_LoraFanda\01_FBM_Analysis\outputs\04_ersp_LM_RAWONLY\PAT_6684\LM\ERSP_matrix\picture\PAT_6684_picture_WM_ERSP_HPG8_TN.npy,0.0348578811369509,0.0018346253229974,True,1779,7,-0.004310182,7
PAT_6684,picture,LM,HPG9,\\nasac-m2.unige.ch\m-HumanNeuronLab\ANALYSIS\FLM\Analysis_LoraFanda\01_FBM_Analysis\outputs\04_ersp_LM_RAWONLY\PAT_6684\LM\ERSP_matrix\picture\PAT_6684_picture_WM_ERSP_HPG9_TN.npy,0.0381912144702842,0.0044961240310077,True,1780,7,-0.009530549,7
PAT_6684,picture,LM,IMG18,\\nasac-m2.unige.ch\m-HumanNeuronLab\ANALYSIS\FLM\Analysis_LoraFanda\01_FBM_Analysis\outputs\04_ersp_LM_RAWONLY\PAT_6684\LM\ERSP_matrix\picture\PAT_6684_picture_WM_ERSP_IMG18_TN.npy,0.027984496124031,0.0072093023255813,True,1781,7,0.13947569,7
PAT_6684,picture,LM,IMG6,\\nasac-m2.unige.ch\m-HumanNeuronLab\ANALYSIS\FLM\Analysis_LoraFanda\01_FBM_Analysis\outputs\04_ersp_LM_RAWONLY\PAT_6684\LM\ERSP_matrix\picture\PAT_6684_picture_WM_ERSP_IMG6_TN.npy,0.0270801033591731,0.0017829457364341,True,1782,7,0.07643242,7
PAT_6684,picture,LM,OFG4,\\nasac-m2.unige.ch\m-HumanNeuronLab\ANALYSIS\FLM\Analysis_LoraFanda\01_FBM_Analysis\outputs\04_ersp_LM_RAWONLY\PAT_6684\LM\ERSP_matrix\picture\PAT_6684_picture_WM_ERSP_OFG4_TN.npy,0.0242894056847545,0.0103359173126615,True,1783,4,-0.017270878,4
PAT_6684,picture,LM,OFG5,\\nasac-m2.unige.ch\m-HumanNeuronLab\ANALYSIS\FLM\Analysis_LoraFanda\01_FBM_Analysis\outputs\04_ersp_LM_RAWONLY\PAT_6684\LM\ERSP_matrix\picture\PAT_6684_picture_WM_ERSP_OFG5_TN.npy,0.0260723514211886,0.0084237726098191,True,1784,7,0.087475315,7
PAT_6684,picture,LM,TPG1,\\nasac-m2.unige.ch\m-HumanNeuronLab\ANALYSIS\FLM\Analysis_LoraFanda\01_FBM_Analysis\outputs\04_ersp_LM_RAWONLY\PAT_6684\LM\ERSP_matrix\picture\PAT_6684_picture_WM_ERSP_TPG1_TN.npy,0.0380878552971576,0.0021447028423772,True,1785,7,0.020479936,7
PAT_6684,picture,LM,TPG2,\\nasac-m2.unige.ch\m-HumanNeuronLab\ANALYSIS\FLM\Analysis_LoraFanda\01_FBM_Analysis\outputs\04_ersp_LM_RAWONLY\PAT_6684\LM\ERSP_matrix\picture\PAT_6684_picture_WM_ERSP_TPG2_TN.npy,0.0301291989664082,0.0024289405684754,True,1786,7,0.069199786,7
PAT_6684,picture,LM,TPG4,\\nasac-m2.unige.ch\m-HumanNeuronLab\ANALYSIS\FLM\Analysis_LoraFanda\01_FBM_Analysis\outputs\04_ersp_LM_RAWONLY\PAT_6684\LM\ERSP_matrix\picture\PAT_6684_picture_WM_ERSP_TPG4_TN.npy,0.0224547803617571,0.0035142118863049,True,1787,7,0.07066754,7
PAT_6684,picture,LM,TPG8,\\nasac-m2.unige.ch\m-HumanNeuronLab\ANALYSIS\FLM\Analysis_LoraFanda\01_FBM_Analysis\outputs\04_ersp_LM_RAWONLY\PAT_6684\LM\ERSP_matrix\picture\PAT_6684_picture_WM_ERSP_TPG8_TN.npy,0.0201291989664082,0.0052454780361757,True,1788,2,-0.019794155,2
PAT_6684,picture,LM,TSP1,\\nasac-m2.unige.ch\m-HumanNeuronLab\ANALYSIS\FLM\Analysis_LoraFanda\01_FBM_Analysis\outputs\04_ersp_LM_RAWONLY\PAT_6684\LM\ERSP_matrix\picture\PAT_6684_picture_WM_ERSP_TSP1_TN.npy,0.0325064599483204,0.007235142118863,True,1789,7,0.11514914,7
PAT_6684,picture,LM,TSP2,\\nasac-m2.unige.ch\m-HumanNeuronLab\ANALYSIS\FLM\Analysis_LoraFanda\01_FBM_Analysis\outputs\04_ersp_LM_RAWONLY\PAT_6684\LM\ERSP_matrix\picture\PAT_6684_picture_WM_ERSP_TSP2_TN.npy,0.0342894056847545,0.0042894056847545,True,1790,7,0.058761135,7
PAT_6684,picture,LM,TSP4,\\nasac-m2.unige.ch\m-HumanNeuronLab\ANALYSIS\FLM\Analysis_LoraFanda\01_FBM_Analysis\outputs\04_ersp_LM_RAWONLY\PAT_6684\LM\ERSP_matrix\picture\PAT_6684_picture_WM_ERSP_TSP4_TN.npy,0.0306976744186046,0.0120155038759689,True,1791,7,0.08769942,7
PAT_6684,picture,LM,TSP5,\\nasac-m2.unige.ch\m-HumanNeuronLab\ANALYSIS\FLM\Analysis_LoraFanda\01_FBM_Analysis\outputs\04_ersp_LM_RAWONLY\PAT_6684\LM\ERSP_matrix\picture\PAT_6684_picture_WM_ERSP_TSP5_TN.npy,0.0215245478036175,0.0137209302325581,True,1792,7,0.06410216,7
PAT_6684,reading,LM,IMG14,\\nasac-m2.unige.ch\m-HumanNeuronLab\ANALYSIS\FLM\Analysis_LoraFanda\01_FBM_Analysis\outputs\04_ersp_LM_RAWONLY\PAT_6684\LM\ERSP_matrix\reading\PAT_6684_reading_WM_ERSP_IMG14_TN.npy,0.0051937984496124,0.0469767441860465,True,1793,4,0.24095161,4
PAT_6684,reading,LM,IMG15,\\nasac-m2.unige.ch\m-HumanNeuronLab\ANALYSIS\FLM\Analysis_LoraFanda\01_FBM_Analysis\outputs\04_ersp_LM_RAWONLY\PAT_6684\LM\ERSP_matrix\reading\PAT_6684_reading_WM_ERSP_IMG15_TN.npy,0.0048062015503875,0.0449870801033591,True,1794,4,0.23534882,4
PAT_6684,reading,LM,IMG16,\\nasac-m2.unige.ch\m-HumanNeuronLab\ANALYSIS\FLM\Analysis_LoraFanda\01_FBM_Analysis\outputs\04_ersp_LM_RAWONLY\PAT_6684\LM\ERSP_matrix\reading\PAT_6684_reading_WM_ERSP_IMG16_TN.npy,0.0045736434108527,0.0422997416020671,True,1795,4,0.22557242,4
PAT_6684,reading,LM,TPG1,\\nasac-m2.unige.ch\m-HumanNeuronLab\ANALYSIS\FLM\Analysis_LoraFanda\01_FBM_Analysis\outputs\04_ersp_LM_RAWONLY\PAT_6684\LM\ERSP_matrix\reading\PAT_6684_reading_WM_ERSP_TPG1_TN.npy,0.028578811369509,0.0215503875968992,True,1796,7,0.09389777,7
PAT_6684,reading,LM,TPG2,\\nasac-m2.unige.ch\m-HumanNeuronLab\ANALYSIS\FLM\Analysis_LoraFanda\01_FBM_Analysis\outputs\04_ersp_LM_RAWONLY\PAT_6684\LM\ERSP_matrix\reading\PAT_6684_reading_WM_ERSP_TPG2_TN.npy,0.0230490956072351,0.0143152454780361,True,1797,7,0.060901474,7
PAT_6684,reading,LM,TPG6,\\nasac-m2.unige.ch\m-HumanNeuronLab\ANALYSIS\FLM\Analysis_LoraFanda\01_FBM_Analysis\outputs\04_ersp_LM_RAWONLY\PAT_6684\LM\ERSP_matrix\reading\PAT_6684_reading_WM_ERSP_TPG6_TN.npy,0.0043410852713178,0.0444444444444444,True,1798,6,0.0945885,6
PAT_6684,reading,LM,TPG7,\\nasac-m2.unige.ch\m-HumanNeuronLab\ANALYSIS\FLM\Analysis_LoraFanda\01_FBM_Analysis\outputs\04_ersp_LM_RAWONLY\PAT_6684\LM\ERSP_matrix\reading\PAT_6684_reading_WM_ERSP_TPG7_TN.npy,0.0038242894056847,0.0602067183462532,True,1799,6,0.15998931,6
PAT_6684,reading,LM,TPG8,\\nasac-m2.unige.ch\m-HumanNeuronLab\ANALYSIS\FLM\Analysis_LoraFanda\01_FBM_Analysis\outputs\04_ersp_LM_RAWONLY\PAT_6684\LM\ERSP_matrix\reading\PAT_6684_reading_WM_ERSP_TPG8_TN.npy,0.0026873385012919,0.0765374677002584,True,1800,6,0.18655881,6
PAT_6704,audio,LM,AD12,\\nasac-m2.unige.ch\m-HumanNeuronLab\ANALYSIS\FLM\Analysis_LoraFanda\01_FBM_Analysis\outputs\04_ersp_LM_RAWONLY\PAT_6704\LM\ERSP_matrix\audio\PAT_6704_audio_WM_ERSP_AD12_TN.npy,0.029328165374677,0.0657881136950904,True,1801,2,0.084888645,2
PAT_6704,audio,LM,ainp2,\\nasac-m2.unige.ch\m-HumanNeuronLab\ANALYSIS\FLM\Analysis_LoraFanda\01_FBM_Analysis\outputs\04_ersp_LM_RAWONLY\PAT_6704\LM\ERSP_matrix\audio\PAT_6704_audio_WM_ERSP_ainp2_TN.npy,0.4617054263565891,0.0014470284237726,True,1802,1,0.041552357,1
PAT_6704,audio,LM,IAD1,\\nasac-m2.unige.ch\m-HumanNeuronLab\ANALYSIS\FLM\Analysis_LoraFanda\01_FBM_Analysis\outputs\04_ersp_LM_RAWONLY\PAT_6704\LM\ERSP_matrix\audio\PAT_6704_audio_WM_ERSP_IAD1_TN.npy,0.0226873385012919,0.0106718346253229,True,1803,10,0.11725965,10
PAT_6704,audio,LM,IPD5,\\nasac-m2.unige.ch\m-HumanNeuronLab\ANALYSIS\FLM\Analysis_LoraFanda\01_FBM_Analysis\outputs\04_ersp_LM_RAWONLY\PAT_6704\LM\ERSP_matrix\audio\PAT_6704_audio_WM_ERSP_IPD5_TN.npy,0.0243152454780361,0.0022997416020671,True,1804,7,-0.012567652,7
PAT_6704,audio,LM,POD3,\\nasac-m2.unige.ch\m-HumanNeuronLab\ANALYSIS\FLM\Analysis_LoraFanda\01_FBM_Analysis\outputs\04_ersp_LM_RAWONLY\PAT_6704\LM\ERSP_matrix\audio\PAT_6704_audio_WM_ERSP_POD3_TN.npy,0.0202325581395348,0.0013695090439276,True,1805,7,-0.023481857,7
PAT_6704,audio,LM,POD4,\\nasac-m2.unige.ch\m-HumanNeuronLab\ANALYSIS\FLM\Analysis_LoraFanda\01_FBM_Analysis\outputs\04_ersp_LM_RAWONLY\PAT_6704\LM\ERSP_matrix\audio\PAT_6704_audio_WM_ERSP_POD4_TN.npy,0.0216795865633074,0.0019638242894056,True,1806,7,-0.00440923,7
PAT_6704,audio,LM,POD5,\\nasac-m2.unige.ch\m-HumanNeuronLab\ANALYSIS\FLM\Analysis_LoraFanda\01_FBM_Analysis\outputs\04_ersp_LM_RAWONLY\PAT_6704\LM\ERSP_matrix\audio\PAT_6704_audio_WM_ERSP_POD5_TN.npy,0.0206976744186046,0.0016020671834625,True,1807,7,-0.0045546545,7
PAT_6704,audio,LM,THD1,\\nasac-m2.unige.ch\m-HumanNeuronLab\ANALYSIS\FLM\Analysis_LoraFanda\01_FBM_Analysis\outputs\04_ersp_LM_RAWONLY\PAT_6704\LM\ERSP_matrix\audio\PAT_6704_audio_WM_ERSP_THD1_TN.npy,0.074547803617571,0.0008527131782945,True,1808,1,-0.033414744,1
PAT_6704,audio,LM,THD2,\\nasac-m2.unige.ch\m-HumanNeuronLab\ANALYSIS\FLM\Analysis_LoraFanda\01_FBM_Analysis\outputs\04_ersp_LM_RAWONLY\PAT_6704\LM\ERSP_matrix\audio\PAT_6704_audio_WM_ERSP_THD2_TN.npy,0.0334108527131782,0.0013178294573643,True,1809,7,0.012698449,7
PAT_6704,audio,LM,THD3,\\nasac-m2.unige.ch\m-HumanNeuronLab\ANALYSIS\FLM\Analysis_LoraFanda\01_FBM_Analysis\outputs\04_ersp_LM_RAWONLY\PAT_6704\LM\ERSP_matrix\audio\PAT_6704_audio_WM_ERSP_THD3_TN.npy,0.0395607235142118,0.0014987080103359,True,1810,3,-0.03996108,3
PAT_6704,audio,LM,THD4,\\nasac-m2.unige.ch\m-HumanNeuronLab\ANALYSIS\FLM\Analysis_LoraFanda\01_FBM_Analysis\outputs\04_ersp_LM_RAWONLY\PAT_6704\LM\ERSP_matrix\audio\PAT_6704_audio_WM_ERSP_THD4_TN.npy,0.0286821705426356,0.0031007751937984,True,1811,7,0.041529592,7
PAT_6704,audio,LM,THD5,\\nasac-m2.unige.ch\m-HumanNeuronLab\ANALYSIS\FLM\Analysis_LoraFanda\01_FBM_Analysis\outputs\04_ersp_LM_RAWONLY\PAT_6704\LM\ERSP_matrix\audio\PAT_6704_audio_WM_ERSP_THD5_TN.npy,0.0200258397932816,0.0027648578811369,True,1812,7,0.030516267,7
PAT_6704,picture,LM,AD12,\\nasac-m2.unige.ch\m-HumanNeuronLab\ANALYSIS\FLM\Analysis_LoraFanda\01_FBM_Analysis\outputs\04_ersp_LM_RAWONLY\PAT_6704\LM\ERSP_matrix\picture\PAT_6704_picture_WM_ERSP_AD12_TN.npy,0.0456072351421188,0.0298708010335917,True,1813,2,0.10956498,2
PAT_6704,picture,LM,ainp2,\\nasac-m2.unige.ch\m-HumanNeuronLab\ANALYSIS\FLM\Analysis_LoraFanda\01_FBM_Analysis\outputs\04_ersp_LM_RAWONLY\PAT_6704\LM\ERSP_matrix\picture\PAT_6704_picture_WM_ERSP_ainp2_TN.npy,0.1837467700258398,0.000516795865633,True,1814,8,-0.011780034,8
PAT_6704,picture,LM,THD1,\\nasac-m2.unige.ch\m-HumanNeuronLab\ANALYSIS\FLM\Analysis_LoraFanda\01_FBM_Analysis\outputs\04_ersp_LM_RAWONLY\PAT_6704\LM\ERSP_matrix\picture\PAT_6704_picture_WM_ERSP_THD1_TN.npy,0.0342635658914728,0.000516795865633,True,1815,9,0.013528025,9
PAT_6704,reading,LM,AD10,\\nasac-m2.unige.ch\m-HumanNeuronLab\ANALYSIS\FLM\Analysis_LoraFanda\01_FBM_Analysis\outputs\04_ersp_LM_RAWONLY\PAT_6704\LM\ERSP_matrix\reading\PAT_6704_reading_WM_ERSP_AD10_TN.npy,0.0512919896640826,0.0008268733850129,True,1816,9,0.13266821,9
PAT_6704,reading,LM,AD11,\\nasac-m2.unige.ch\m-HumanNeuronLab\ANALYSIS\FLM\Analysis_LoraFanda\01_FBM_Analysis\outputs\04_ersp_LM_RAWONLY\PAT_6704\LM\ERSP_matrix\reading\PAT_6704_reading_WM_ERSP_AD11_TN.npy,0.0805684754521963,0.0016795865633074,True,1817,9,0.09159666,9
PAT_6704,reading,LM,AD12,\\nasac-m2.unige.ch\m-HumanNeuronLab\ANALYSIS\FLM\Analysis_LoraFanda\01_FBM_Analysis\outputs\04_ersp_LM_RAWONLY\PAT_6704\LM\ERSP_matrix\reading\PAT_6704_reading_WM_ERSP_AD12_TN.npy,0.1534625322997416,0.0069767441860465,True,1818,2,-0.038249783,2
PAT_6704,reading,LM,AD4,\\nasac-m2.unige.ch\m-HumanNeuronLab\ANALYSIS\FLM\Analysis_LoraFanda\01_FBM_Analysis\outputs\04_ersp_LM_RAWONLY\PAT_6704\LM\ERSP_matrix\reading\PAT_6704_reading_WM_ERSP_AD4_TN.npy,0.0240051679586563,0.0003617571059431,True,1819,0,0.013653844,0
PAT_6704,reading,LM,AD5,\\nasac-m2.unige.ch\m-HumanNeuronLab\ANALYSIS\FLM\Analysis_LoraFanda\01_FBM_Analysis\outputs\04_ersp_LM_RAWONLY\PAT_6704\LM\ERSP_matrix\reading\PAT_6704_reading_WM_ERSP_AD5_TN.npy,0.0306201550387596,0.0008785529715762,True,1820,0,0.004355975,0
PAT_6704,reading,LM,AD6,\\nasac-m2.unige.ch\m-HumanNeuronLab\ANALYSIS\FLM\Analysis_LoraFanda\01_FBM_Analysis\outputs\04_ersp_LM_RAWONLY\PAT_6704\LM\ERSP_matrix\reading\PAT_6704_reading_WM_ERSP_AD6_TN.npy,0.0251679586563307,0.0008268733850129,True,1821,5,0.05780731,5
PAT_6704,reading,LM,AD7,\\nasac-m2.unige.ch\m-HumanNeuronLab\ANALYSIS\FLM\Analysis_LoraFanda\01_FBM_Analysis\outputs\04_ersp_LM_RAWONLY\PAT_6704\LM\ERSP_matrix\reading\PAT_6704_reading_WM_ERSP_AD7_TN.npy,0.0242635658914728,0.000516795865633,True,1822,5,0.08617178,5
PAT_6704,reading,LM,AD8,\\nasac-m2.unige.ch\m-HumanNeuronLab\ANALYSIS\FLM\Analysis_LoraFanda\01_FBM_Analysis\outputs\04_ersp_LM_RAWONLY\PAT_6704\LM\ERSP_matrix\reading\PAT_6704_reading_WM_ERSP_AD8_TN.npy,0.0340051679586563,0.0009302325581395,True,1823,9,0.029112687,9
PAT_6704,reading,LM,AD9,\\nasac-m2.unige.ch\m-HumanNeuronLab\ANALYSIS\FLM\Analysis_LoraFanda\01_FBM_Analysis\outputs\04_ersp_LM_RAWONLY\PAT_6704\LM\ERSP_matrix\reading\PAT_6704_reading_WM_ERSP_AD9_TN.npy,0.0336175710594315,0.0004134366925064,True,1824,9,0.08261696,9
PAT_6704,reading,LM,ainp2,\\nasac-m2.unige.ch\m-HumanNeuronLab\ANALYSIS\FLM\Analysis_LoraFanda\01_FBM_Analysis\outputs\04_ersp_LM_RAWONLY\PAT_6704\LM\ERSP_matrix\reading\PAT_6704_reading_WM_ERSP_ainp2_TN.npy,0.1731007751937984,0.0051679586563307,True,1825,9,0.046882045,9
PAT_6704,reading,LM,HAD3,\\nasac-m2.unige.ch\m-HumanNeuronLab\ANALYSIS\FLM\Analysis_LoraFanda\01_FBM_Analysis\outputs\04_ersp_LM_RAWONLY\PAT_6704\LM\ERSP_matrix\reading\PAT_6704_reading_WM_ERSP_HAD3_TN.npy,0.0276485788113695,0.0002067183462532,True,1826,0,0.040166676,0
PAT_6704,reading,LM,HAD6,\\nasac-m2.unige.ch\m-HumanNeuronLab\ANALYSIS\FLM\Analysis_LoraFanda\01_FBM_Analysis\outputs\04_ersp_LM_RAWONLY\PAT_6704\LM\ERSP_matrix\reading\PAT_6704_reading_WM_ERSP_HAD6_TN.npy,0.0223772609819121,0.0010852713178294,True,1827,7,-0.050057817,7
PAT_6704,reading,LM,HAD7,\\nasac-m2.unige.ch\m-HumanNeuronLab\ANALYSIS\FLM\Analysis_LoraFanda\01_FBM_Analysis\outputs\04_ersp_LM_RAWONLY\PAT_6704\LM\ERSP_matrix\reading\PAT_6704_reading_WM_ERSP_HAD7_TN.npy,0.0267958656330749,0.0010594315245478,True,1828,9,0.051715802,9
PAT_6704,reading,LM,HAD8,\\nasac-m2.unige.ch\m-HumanNeuronLab\ANALYSIS\FLM\Analysis_LoraFanda\01_FBM_Analysis\outputs\04_ersp_LM_RAWONLY\PAT_6704\LM\ERSP_matrix\reading\PAT_6704_reading_WM_ERSP_HAD8_TN.npy,0.0242377260981912,0.0009560723514211,True,1829,9,0.042011436,9
PAT_6704,reading,LM,HAD9,\\nasac-m2.unige.ch\m-HumanNeuronLab\ANALYSIS\FLM\Analysis_LoraFanda\01_FBM_Analysis\outputs\04_ersp_LM_RAWONLY\PAT_6704\LM\ERSP_matrix\reading\PAT_6704_reading_WM_ERSP_HAD9_TN.npy,0.023204134366925,0.0117829457364341,True,1830,5,0.020753646,5
PAT_6704,reading,LM,IAD1,\\nasac-m2.unige.ch\m-HumanNeuronLab\ANALYSIS\FLM\Analysis_LoraFanda\01_FBM_Analysis\outputs\04_ersp_LM_RAWONLY\PAT_6704\LM\ERSP_matrix\reading\PAT_6704_reading_WM_ERSP_IAD1_TN.npy,0.0379586563307493,0.0021447028423772,True,1831,8,-0.038959797,8
PAT_6704,reading,LM,IMD10,\\nasac-m2.unige.ch\m-HumanNeuronLab\ANALYSIS\FLM\Analysis_LoraFanda\01_FBM_Analysis\outputs\04_ersp_LM_RAWONLY\PAT_6704\LM\ERSP_matrix\reading\PAT_6704_reading_WM_ERSP_IMD10_TN.npy,0.0304651162790697,0.0002583979328165,True,1832,5,0.072060145,5
PAT_6704,reading,LM,IMD9,\\nasac-m2.unige.ch\m-HumanNeuronLab\ANALYSIS\FLM\Analysis_LoraFanda\01_FBM_Analysis\outputs\04_ersp_LM_RAWONLY\PAT_6704\LM\ERSP_matrix\reading\PAT_6704_reading_WM_ERSP_IMD9_TN.npy,0.0228682170542635,0.0004651162790697,True,1833,5,0.07534367,5
PAT_6704,reading,LM,PHD4,\\nasac-m2.unige.ch\m-HumanNeuronLab\ANALYSIS\FLM\Analysis_LoraFanda\01_FBM_Analysis\outputs\04_ersp_LM_RAWONLY\PAT_6704\LM\ERSP_matrix\reading\PAT_6704_reading_WM_ERSP_PHD4_TN.npy,0.0231266149870801,0.0001291989664082,True,1834,0,-0.02612912,0
PAT_6704,reading,LM,POD1,\\nasac-m2.unige.ch\m-HumanNeuronLab\ANALYSIS\FLM\Analysis_LoraFanda\01_FBM_Analysis\outputs\04_ersp_LM_RAWONLY\PAT_6704\LM\ERSP_matrix\reading\PAT_6704_reading_WM_ERSP_POD1_TN.npy,0.0200516795865633,0.0004651162790697,True,1835,5,0.07030729,5
PAT_6704,reading,LM,POD2,\\nasac-m2.unige.ch\m-HumanNeuronLab\ANALYSIS\FLM\Analysis_LoraFanda\01_FBM_Analysis\outputs\04_ersp_LM_RAWONLY\PAT_6704\LM\ERSP_matrix\reading\PAT_6704_reading_WM_ERSP_POD2_TN.npy,0.0351937984496124,0.0003875968992248,True,1836,5,0.063839704,5
PAT_6704,reading,LM,POD3,\\nasac-m2.unige.ch\m-HumanNeuronLab\ANALYSIS\FLM\Analysis_LoraFanda\01_FBM_Analysis\outputs\04_ersp_LM_RAWONLY\PAT_6704\LM\ERSP_matrix\reading\PAT_6704_reading_WM_ERSP_POD3_TN.npy,0.0355297157622739,0.0004134366925064,True,1837,5,0.06047531,5
PAT_6704,reading,LM,POD4,\\nasac-m2.unige.ch\m-HumanNeuronLab\ANALYSIS\FLM\Analysis_LoraFanda\01_FBM_Analysis\outputs\04_ersp_LM_RAWONLY\PAT_6704\LM\ERSP_matrix\reading\PAT_6704_reading_WM_ERSP_POD4_TN.npy,0.0342635658914728,0.0003875968992248,True,1838,5,0.07768908,5
PAT_6704,reading,LM,POD5,\\nasac-m2.unige.ch\m-HumanNeuronLab\ANALYSIS\FLM\Analysis_LoraFanda\01_FBM_Analysis\outputs\04_ersp_LM_RAWONLY\PAT_6704\LM\ERSP_matrix\reading\PAT_6704_reading_WM_ERSP_POD5_TN.npy,0.0273385012919896,0.0006718346253229,True,1839,5,0.109604254,5
PAT_6704,reading,LM,POD8,\\nasac-m2.unige.ch\m-HumanNeuronLab\ANALYSIS\FLM\Analysis_LoraFanda\01_FBM_Analysis\outputs\04_ersp_LM_RAWONLY\PAT_6704\LM\ERSP_matrix\reading\PAT_6704_reading_WM_ERSP_POD8_TN.npy,0.036640826873385,0.0024031007751937,True,1840,7,0.06329825,7
PAT_6704,reading,LM,PSD6,\\nasac-m2.unige.ch\m-HumanNeuronLab\ANALYSIS\FLM\Analysis_LoraFanda\01_FBM_Analysis\outputs\04_ersp_LM_RAWONLY\PAT_6704\LM\ERSP_matrix\reading\PAT_6704_reading_WM_ERSP_PSD6_TN.npy,0.0202325581395348,0.0003100775193798,True,1841,5,0.124021925,5
PAT_6704,reading,LM,SMD15,\\nasac-m2.unige.ch\m-HumanNeuronLab\ANALYSIS\FLM\Analysis_LoraFanda\01_FBM_Analysis\outputs\04_ersp_LM_RAWONLY\PAT_6704\LM\ERSP_matrix\reading\PAT_6704_reading_WM_ERSP_SMD15_TN.npy,0.0671059431524547,0.0037209302325581,True,1842,9,0.06317887,9
PAT_6704,reading,LM,THD1,\\nasac-m2.unige.ch\m-HumanNeuronLab\ANALYSIS\FLM\Analysis_LoraFanda\01_FBM_Analysis\outputs\04_ersp_LM_RAWONLY\PAT_6704\LM\ERSP_matrix\reading\PAT_6704_reading_WM_ERSP_THD1_TN.npy,0.050594315245478,0.0004651162790697,True,1843,8,0.05425687,8
PAT_6704,reading,LM,THD2,\\nasac-m2.unige.ch\m-HumanNeuronLab\ANALYSIS\FLM\Analysis_LoraFanda\01_FBM_Analysis\outputs\04_ersp_LM_RAWONLY\PAT_6704\LM\ERSP_matrix\reading\PAT_6704_reading_WM_ERSP_THD2_TN.npy,0.0268992248062015,0.0002583979328165,True,1844,5,0.069354504,5
PAT_6704,reading,LM,THD3,\\nasac-m2.unige.ch\m-HumanNeuronLab\ANALYSIS\FLM\Analysis_LoraFanda\01_FBM_Analysis\outputs\04_ersp_LM_RAWONLY\PAT_6704\LM\ERSP_matrix\reading\PAT_6704_reading_WM_ERSP_THD3_TN.npy,0.0349354005167958,0.0002583979328165,True,1845,7,0.008343596,7
PAT_6704,reading,LM,THD4,\\nasac-m2.unige.ch\m-HumanNeuronLab\ANALYSIS\FLM\Analysis_LoraFanda\01_FBM_Analysis\outputs\04_ersp_LM_RAWONLY\PAT_6704\LM\ERSP_matrix\reading\PAT_6704_reading_WM_ERSP_THD4_TN.npy,0.025891472868217,0.0004651162790697,True,1846,7,0.04998257,7
PAT_6704,reading,LM,THD8,\\nasac-m2.unige.ch\m-HumanNeuronLab\ANALYSIS\FLM\Analysis_LoraFanda\01_FBM_Analysis\outputs\04_ersp_LM_RAWONLY\PAT_6704\LM\ERSP_matrix\reading\PAT_6704_reading_WM_ERSP_THD8_TN.npy,0.0386046511627906,0.0112919896640826,True,1847,9,0.111104906,9
PAT_6704,reading,LM,TPD1,\\nasac-m2.unige.ch\m-HumanNeuronLab\ANALYSIS\FLM\Analysis_LoraFanda\01_FBM_Analysis\outputs\04_ersp_LM_RAWONLY\PAT_6704\LM\ERSP_matrix\reading\PAT_6704_reading_WM_ERSP_TPD1_TN.npy,0.0353229974160206,0.0020671834625322,True,1848,5,0.06517039,5
PAT_6704,reading,LM,TPD3,\\nasac-m2.unige.ch\m-HumanNeuronLab\ANALYSIS\FLM\Analysis_LoraFanda\01_FBM_Analysis\outputs\04_ersp_LM_RAWONLY\PAT_6704\LM\ERSP_matrix\reading\PAT_6704_reading_WM_ERSP_TPD3_TN.npy,0.028501291989664,0.0012144702842377,True,1849,7,-0.02673979,7
PAT_6704,reading,LM,TPD4,\\nasac-m2.unige.ch\m-HumanNeuronLab\ANALYSIS\FLM\Analysis_LoraFanda\01_FBM_Analysis\outputs\04_ersp_LM_RAWONLY\PAT_6704\LM\ERSP_matrix\reading\PAT_6704_reading_WM_ERSP_TPD4_TN.npy,0.0283979328165374,0.0013695090439276,True,1850,5,0.08151413,5
PAT_6704,reading,LM,TPD5,\\nasac-m2.unige.ch\m-HumanNeuronLab\ANALYSIS\FLM\Analysis_LoraFanda\01_FBM_Analysis\outputs\04_ersp_LM_RAWONLY\PAT_6704\LM\ERSP_matrix\reading\PAT_6704_reading_WM_ERSP_TPD5_TN.npy,0.0281912144702842,0.0009302325581395,True,1851,5,0.06759142,5
PAT_6704,reading,LM,TPD6,\\nasac-m2.unige.ch\m-HumanNeuronLab\ANALYSIS\FLM\Analysis_LoraFanda\01_FBM_Analysis\outputs\04_ersp_LM_RAWONLY\PAT_6704\LM\ERSP_matrix\reading\PAT_6704_reading_WM_ERSP_TPD6_TN.npy,0.0301291989664082,0.0008785529715762,True,1852,9,0.022776905,9
PAT_6704,reading,LM,TPD7,\\nasac-m2.unige.ch\m-HumanNeuronLab\ANALYSIS\FLM\Analysis_LoraFanda\01_FBM_Analysis\outputs\04_ersp_LM_RAWONLY\PAT_6704\LM\ERSP_matrix\reading\PAT_6704_reading_WM_ERSP_TPD7_TN.npy,0.0368992248062015,0.0009819121447028,True,1853,9,0.051809978,9
PAT_6704,reading,LM,TPD8,\\nasac-m2.unige.ch\m-HumanNeuronLab\ANALYSIS\FLM\Analysis_LoraFanda\01_FBM_Analysis\outputs\04_ersp_LM_RAWONLY\PAT_6704\LM\ERSP_matrix\reading\PAT_6704_reading_WM_ERSP_TPD8_TN.npy,0.0430232558139534,0.0013436692506459,True,1854,8,-0.067010075,8
PAT_6704,reading,LM,TPD9,\\nasac-m2.unige.ch\m-HumanNeuronLab\ANALYSIS\FLM\Analysis_LoraFanda\01_FBM_Analysis\outputs\04_ersp_LM_RAWONLY\PAT_6704\LM\ERSP_matrix\reading\PAT_6704_reading_WM_ERSP_TPD9_TN.npy,0.0850645994832041,0.0019121447028423,True,1855,8,-0.001229475,8
PAT_6854,audio,LM,AD3,\\nasac-m2.unige.ch\m-HumanNeuronLab\ANALYSIS\FLM\Analysis_LoraFanda\01_FBM_Analysis\outputs\04_ersp_LM_RAWONLY\PAT_6854\LM\ERSP_matrix\audio\PAT_6854_audio_WM_ERSP_AD3_TN.npy,0.0219638242894056,0.0019638242894056,True,1856,5,0.14065686,5
PAT_6854,audio,LM,AD4,\\nasac-m2.unige.ch\m-HumanNeuronLab\ANALYSIS\FLM\Analysis_LoraFanda\01_FBM_Analysis\outputs\04_ersp_LM_RAWONLY\PAT_6854\LM\ERSP_matrix\audio\PAT_6854_audio_WM_ERSP_AD4_TN.npy,0.0306201550387596,0.0020413436692506,True,1857,5,0.14754179,5
PAT_6854,audio,LM,AD5,\\nasac-m2.unige.ch\m-HumanNeuronLab\ANALYSIS\FLM\Analysis_LoraFanda\01_FBM_Analysis\outputs\04_ersp_LM_RAWONLY\PAT_6854\LM\ERSP_matrix\audio\PAT_6854_audio_WM_ERSP_AD5_TN.npy,0.0261240310077519,0.0020671834625322,True,1858,5,0.12721083,5
PAT_6854,audio,LM,AD6,\\nasac-m2.unige.ch\m-HumanNeuronLab\ANALYSIS\FLM\Analysis_LoraFanda\01_FBM_Analysis\outputs\04_ersp_LM_RAWONLY\PAT_6854\LM\ERSP_matrix\audio\PAT_6854_audio_WM_ERSP_AD6_TN.npy,0.0257881136950904,0.0008527131782945,True,1859,5,0.13279876,5
PAT_6854,audio,LM,AD7,\\nasac-m2.unige.ch\m-HumanNeuronLab\ANALYSIS\FLM\Analysis_LoraFanda\01_FBM_Analysis\outputs\04_ersp_LM_RAWONLY\PAT_6854\LM\ERSP_matrix\audio\PAT_6854_audio_WM_ERSP_AD7_TN.npy,0.0243410852713178,0.0011111111111111,True,1860,5,0.085116014,5
PAT_6854,audio,LM,AD8,\\nasac-m2.unige.ch\m-HumanNeuronLab\ANALYSIS\FLM\Analysis_LoraFanda\01_FBM_Analysis\outputs\04_ersp_LM_RAWONLY\PAT_6854\LM\ERSP_matrix\audio\PAT_6854_audio_WM_ERSP_AD8_TN.npy,0.0232299741602067,0.0008785529715762,True,1861,5,0.03633263,5
PAT_6854,audio,LM,AD9,\\nasac-m2.unige.ch\m-HumanNeuronLab\ANALYSIS\FLM\Analysis_LoraFanda\01_FBM_Analysis\outputs\04_ersp_LM_RAWONLY\PAT_6854\LM\ERSP_matrix\audio\PAT_6854_audio_WM_ERSP_AD9_TN.npy,0.0267958656330749,0.0012403100775193,True,1862,0,-0.011839177,0
PAT_6854,audio,LM,ADm6,\\nasac-m2.unige.ch\m-HumanNeuronLab\ANALYSIS\FLM\Analysis_LoraFanda\01_FBM_Analysis\outputs\04_ersp_LM_RAWONLY\PAT_6854\LM\ERSP_matrix\audio\PAT_6854_audio_WM_ERSP_ADm6_TN.npy,0.0304134366925064,0.0008785529715762,True,1863,5,0.029390484,5
PAT_6854,audio,LM,AGm2,\\nasac-m2.unige.ch\m-HumanNeuronLab\ANALYSIS\FLM\Analysis_LoraFanda\01_FBM_Analysis\outputs\04_ersp_LM_RAWONLY\PAT_6854\LM\ERSP_matrix\audio\PAT_6854_audio_WM_ERSP_AGm2_TN.npy,0.039173126614987,0.0055038759689922,True,1864,7,0.10771428,7
PAT_6854,audio,LM,AGm3,\\nasac-m2.unige.ch\m-HumanNeuronLab\ANALYSIS\FLM\Analysis_LoraFanda\01_FBM_Analysis\outputs\04_ersp_LM_RAWONLY\PAT_6854\LM\ERSP_matrix\audio\PAT_6854_audio_WM_ERSP_AGm3_TN.npy,0.0653229974160206,0.0043927648578811,True,1865,7,0.04057733,7
PAT_6854,audio,LM,AGm4,\\nasac-m2.unige.ch\m-HumanNeuronLab\ANALYSIS\FLM\Analysis_LoraFanda\01_FBM_Analysis\outputs\04_ersp_LM_RAWONLY\PAT_6854\LM\ERSP_matrix\audio\PAT_6854_audio_WM_ERSP_AGm4_TN.npy,0.1037984496124031,0.0039793281653746,True,1866,8,0.056967147,8
PAT_6854,audio,LM,AGm7,\\nasac-m2.unige.ch\m-HumanNeuronLab\ANALYSIS\FLM\Analysis_LoraFanda\01_FBM_Analysis\outputs\04_ersp_LM_RAWONLY\PAT_6854\LM\ERSP_matrix\audio\PAT_6854_audio_WM_ERSP_AGm7_TN.npy,0.0244186046511627,0.0034366925064599,True,1867,7,0.1080941,7
PAT_6854,audio,LM,HAD5,\\nasac-m2.unige.ch\m-HumanNeuronLab\ANALYSIS\FLM\Analysis_LoraFanda\01_FBM_Analysis\outputs\04_ersp_LM_RAWONLY\PAT_6854\LM\ERSP_matrix\audio\PAT_6854_audio_WM_ERSP_HAD5_TN.npy,0.0281136950904392,0.0007235142118863,True,1868,5,0.10588874,5
PAT_6854,audio,LM,HAD6,\\nasac-m2.unige.ch\m-HumanNeuronLab\ANALYSIS\FLM\Analysis_LoraFanda\01_FBM_Analysis\outputs\04_ersp_LM_RAWONLY\PAT_6854\LM\ERSP_matrix\audio\PAT_6854_audio_WM_ERSP_HAD6_TN.npy,0.0329715762273901,0.0011111111111111,True,1869,5,0.043542884,5
PAT_6854,audio,LM,HAD7,\\nasac-m2.unige.ch\m-HumanNeuronLab\ANALYSIS\FLM\Analysis_LoraFanda\01_FBM_Analysis\outputs\04_ersp_LM_RAWONLY\PAT_6854\LM\ERSP_matrix\audio\PAT_6854_audio_WM_ERSP_HAD7_TN.npy,0.0355813953488372,0.0010335917312661,True,1870,5,0.046648823,5
PAT_6854,audio,LM,HAD8,\\nasac-m2.unige.ch\m-HumanNeuronLab\ANALYSIS\FLM\Analysis_LoraFanda\01_FBM_Analysis\outputs\04_ersp_LM_RAWONLY\PAT_6854\LM\ERSP_matrix\audio\PAT_6854_audio_WM_ERSP_HAD8_TN.npy,0.0409302325581395,0.0003875968992248,True,1871,5,0.07986887,5
PAT_6854,audio,LM,HAD9,\\nasac-m2.unige.ch\m-HumanNeuronLab\ANALYSIS\FLM\Analysis_LoraFanda\01_FBM_Analysis\outputs\04_ersp_LM_RAWONLY\PAT_6854\LM\ERSP_matrix\audio\PAT_6854_audio_WM_ERSP_HAD9_TN.npy,0.0341602067183462,0.0010852713178294,True,1872,5,0.08054338,5
PAT_6854,audio,LM,HADm1,\\nasac-m2.unige.ch\m-HumanNeuronLab\ANALYSIS\FLM\Analysis_LoraFanda\01_FBM_Analysis\outputs\04_ersp_LM_RAWONLY\PAT_6854\LM\ERSP_matrix\audio\PAT_6854_audio_WM_ERSP_HADm1_TN.npy,0.0220155038759689,0.0015762273901808,True,1873,5,0.109787636,5
PAT_6854,audio,LM,HADm3,\\nasac-m2.unige.ch\m-HumanNeuronLab\ANALYSIS\FLM\Analysis_LoraFanda\01_FBM_Analysis\outputs\04_ersp_LM_RAWONLY\PAT_6854\LM\ERSP_matrix\audio\PAT_6854_audio_WM_ERSP_HADm3_TN.npy,0.0272609819121447,0.0010077519379844,True,1874,5,0.12961926,5
PAT_6854,audio,LM,HADm4,\\nasac-m2.unige.ch\m-HumanNeuronLab\ANALYSIS\FLM\Analysis_LoraFanda\01_FBM_Analysis\outputs\04_ersp_LM_RAWONLY\PAT_6854\LM\ERSP_matrix\audio\PAT_6854_audio_WM_ERSP_HADm4_TN.npy,0.0297416020671834,0.0008527131782945,True,1875,5,0.12615797,5
PAT_6854,audio,LM,HAGm4,\\nasac-m2.unige.ch\m-HumanNeuronLab\ANALYSIS\FLM\Analysis_LoraFanda\01_FBM_Analysis\outputs\04_ersp_LM_RAWONLY\PAT_6854\LM\ERSP_matrix\audio\PAT_6854_audio_WM_ERSP_HAGm4_TN.npy,0.0247545219638242,0.0037726098191214,True,1876,7,0.08628079,7
PAT_6854,audio,LM,HAGm5,\\nasac-m2.unige.ch\m-HumanNeuronLab\ANALYSIS\FLM\Analysis_LoraFanda\01_FBM_Analysis\outputs\04_ersp_LM_RAWONLY\PAT_6854\LM\ERSP_matrix\audio\PAT_6854_audio_WM_ERSP_HAGm5_TN.npy,0.0318346253229974,0.005968992248062,True,1877,7,0.074381515,7
PAT_6854,audio,LM,HAGm7,\\nasac-m2.unige.ch\m-HumanNeuronLab\ANALYSIS\FLM\Analysis_LoraFanda\01_FBM_Analysis\outputs\04_ersp_LM_RAWONLY\PAT_6854\LM\ERSP_matrix\audio\PAT_6854_audio_WM_ERSP_HAGm7_TN.npy,0.0286821705426356,0.0055555555555555,True,1878,7,0.09782919,7
PAT_6854,audio,LM,IAG6,\\nasac-m2.unige.ch\m-HumanNeuronLab\ANALYSIS\FLM\Analysis_LoraFanda\01_FBM_Analysis\outputs\04_ersp_LM_RAWONLY\PAT_6854\LM\ERSP_matrix\audio\PAT_6854_audio_WM_ERSP_IAG6_TN.npy,0.0367958656330749,0.0080620155038759,True,1879,7,0.113496736,7
PAT_6854,audio,LM,IAG7,\\nasac-m2.unige.ch\m-HumanNeuronLab\ANALYSIS\FLM\Analysis_LoraFanda\01_FBM_Analysis\outputs\04_ersp_LM_RAWONLY\PAT_6854\LM\ERSP_matrix\audio\PAT_6854_audio_WM_ERSP_IAG7_TN.npy,0.0236950904392764,0.0048578811369509,True,1880,7,0.13695318,7
PAT_6854,audio,LM,IMG12,\\nasac-m2.unige.ch\m-HumanNeuronLab\ANALYSIS\FLM\Analysis_LoraFanda\01_FBM_Analysis\outputs\04_ersp_LM_RAWONLY\PAT_6854\LM\ERSP_matrix\audio\PAT_6854_audio_WM_ERSP_IMG12_TN.npy,0.0219121447028423,0.0093023255813953,True,1881,4,-0.008175453,4
PAT_6854,audio,LM,IMG13,\\nasac-m2.unige.ch\m-HumanNeuronLab\ANALYSIS\FLM\Analysis_LoraFanda\01_FBM_Analysis\outputs\04_ersp_LM_RAWONLY\PAT_6854\LM\ERSP_matrix\audio\PAT_6854_audio_WM_ERSP_IMG13_TN.npy,0.0214728682170542,0.0081136950904392,True,1882,4,-0.00017364878,4
PAT_6854,audio,LM,OPG1,\\nasac-m2.unige.ch\m-HumanNeuronLab\ANALYSIS\FLM\Analysis_LoraFanda\01_FBM_Analysis\outputs\04_ersp_LM_RAWONLY\PAT_6854\LM\ERSP_matrix\audio\PAT_6854_audio_WM_ERSP_OPG1_TN.npy,0.0236175710594315,0.0013953488372093,True,1883,5,0.092154816,5
PAT_6854,audio,LM,OPG2,\\nasac-m2.unige.ch\m-HumanNeuronLab\ANALYSIS\FLM\Analysis_LoraFanda\01_FBM_Analysis\outputs\04_ersp_LM_RAWONLY\PAT_6854\LM\ERSP_matrix\audio\PAT_6854_audio_WM_ERSP_OPG2_TN.npy,0.0336950904392764,0.0022739018087855,True,1884,5,0.113668986,5
PAT_6854,audio,LM,OPG3,\\nasac-m2.unige.ch\m-HumanNeuronLab\ANALYSIS\FLM\Analysis_LoraFanda\01_FBM_Analysis\outputs\04_ersp_LM_RAWONLY\PAT_6854\LM\ERSP_matrix\audio\PAT_6854_audio_WM_ERSP_OPG3_TN.npy,0.0405426356589147,0.0023255813953488,True,1885,5,0.09632174,5
PAT_6854,audio,LM,OPG4,\\nasac-m2.unige.ch\m-HumanNeuronLab\ANALYSIS\FLM\Analysis_LoraFanda\01_FBM_Analysis\outputs\04_ersp_LM_RAWONLY\PAT_6854\LM\ERSP_matrix\audio\PAT_6854_audio_WM_ERSP_OPG4_TN.npy,0.0365116279069767,0.0019121447028423,True,1886,5,0.09201791,5
PAT_6854,audio,LM,OPG5,\\nasac-m2.unige.ch\m-HumanNeuronLab\ANALYSIS\FLM\Analysis_LoraFanda\01_FBM_Analysis\outputs\04_ersp_LM_RAWONLY\PAT_6854\LM\ERSP_matrix\audio\PAT_6854_audio_WM_ERSP_OPG5_TN.npy,0.0288630490956072,0.00328165374677,True,1887,5,0.095913224,5
PAT_6854,audio,LM,TPG7,\\nasac-m2.unige.ch\m-HumanNeuronLab\ANALYSIS\FLM\Analysis_LoraFanda\01_FBM_Analysis\outputs\04_ersp_LM_RAWONLY\PAT_6854\LM\ERSP_matrix\audio\PAT_6854_audio_WM_ERSP_TPG7_TN.npy,0.020516795865633,0.0011369509043927,True,1888,0,-0.012438214,0
PAT_6854,audio,LM,TSG1,\\nasac-m2.unige.ch\m-HumanNeuronLab\ANALYSIS\FLM\Analysis_LoraFanda\01_FBM_Analysis\outputs\04_ersp_LM_RAWONLY\PAT_6854\LM\ERSP_matrix\audio\PAT_6854_audio_WM_ERSP_TSG1_TN.npy,0.0202325581395348,0.00984496124031,True,1889,3,-0.0007548064,3
PAT_6854,audio,LM,TSG2,\\nasac-m2.unige.ch\m-HumanNeuronLab\ANALYSIS\FLM\Analysis_LoraFanda\01_FBM_Analysis\outputs\04_ersp_LM_RAWONLY\PAT_6854\LM\ERSP_matrix\audio\PAT_6854_audio_WM_ERSP_TSG2_TN.npy,0.0207493540051679,0.0128940568475452,True,1890,3,0.014717783,3
PAT_6854,audio,LM,TSG3,\\nasac-m2.unige.ch\m-HumanNeuronLab\ANALYSIS\FLM\Analysis_LoraFanda\01_FBM_Analysis\outputs\04_ersp_LM_RAWONLY\PAT_6854\LM\ERSP_matrix\audio\PAT_6854_audio_WM_ERSP_TSG3_TN.npy,0.025968992248062,0.0118346253229974,True,1891,3,0.02415853,3
PAT_6854,audio,LM,TSG4,\\nasac-m2.unige.ch\m-HumanNeuronLab\ANALYSIS\FLM\Analysis_LoraFanda\01_FBM_Analysis\outputs\04_ersp_LM_RAWONLY\PAT_6854\LM\ERSP_matrix\audio\PAT_6854_audio_WM_ERSP_TSG4_TN.npy,0.0339276485788113,0.0123514211886304,True,1892,3,0.08500268,3
PAT_6854,picture,LM,ADm6,\\nasac-m2.unige.ch\m-HumanNeuronLab\ANALYSIS\FLM\Analysis_LoraFanda\01_FBM_Analysis\outputs\04_ersp_LM_RAWONLY\PAT_6854\LM\ERSP_matrix\picture\PAT_6854_picture_WM_ERSP_ADm6_TN.npy,0.0350387596899224,0.0004651162790697,True,1893,8,-0.044844106,8
PAT_6854,picture,LM,AG9,\\nasac-m2.unige.ch\m-HumanNeuronLab\ANALYSIS\FLM\Analysis_LoraFanda\01_FBM_Analysis\outputs\04_ersp_LM_RAWONLY\PAT_6854\LM\ERSP_matrix\picture\PAT_6854_picture_WM_ERSP_AG9_TN.npy,0.0021963824289405,0.0656072351421188,True,1894,7,-0.00096916256,7
PAT_6854,picture,LM,AGm2,\\nasac-m2.unige.ch\m-HumanNeuronLab\ANALYSIS\FLM\Analysis_LoraFanda\01_FBM_Analysis\outputs\04_ersp_LM_RAWONLY\PAT_6854\LM\ERSP_matrix\picture\PAT_6854_picture_WM_ERSP_AGm2_TN.npy,0.0455297157622739,0.0003100775193798,True,1895,7,-0.038776677,7
PAT_6854,picture,LM,AGm3,\\nasac-m2.unige.ch\m-HumanNeuronLab\ANALYSIS\FLM\Analysis_LoraFanda\01_FBM_Analysis\outputs\04_ersp_LM_RAWONLY\PAT_6854\LM\ERSP_matrix\picture\PAT_6854_picture_WM_ERSP_AGm3_TN.npy,0.1056847545219638,0.0004392764857881,True,1896,8,0.10361728,8
PAT_6854,picture,LM,AGm4,\\nasac-m2.unige.ch\m-HumanNeuronLab\ANALYSIS\FLM\Analysis_LoraFanda\01_FBM_Analysis\outputs\04_ersp_LM_RAWONLY\PAT_6854\LM\ERSP_matrix\picture\PAT_6854_picture_WM_ERSP_AGm4_TN.npy,0.0597157622739018,0.0003100775193798,True,1897,8,0.04542807,8
PAT_6854,picture,LM,AGm6,\\nasac-m2.unige.ch\m-HumanNeuronLab\ANALYSIS\FLM\Analysis_LoraFanda\01_FBM_Analysis\outputs\04_ersp_LM_RAWONLY\PAT_6854\LM\ERSP_matrix\picture\PAT_6854_picture_WM_ERSP_AGm6_TN.npy,0.034625322997416,0.0006459948320413,True,1898,7,-0.024283657,7
PAT_6854,picture,LM,AGm7,\\nasac-m2.unige.ch\m-HumanNeuronLab\ANALYSIS\FLM\Analysis_LoraFanda\01_FBM_Analysis\outputs\04_ersp_LM_RAWONLY\PAT_6854\LM\ERSP_matrix\picture\PAT_6854_picture_WM_ERSP_AGm7_TN.npy,0.0306459948320413,0.0004392764857881,True,1899,5,0.012684735,5
PAT_6854,picture,LM,AGm8,\\nasac-m2.unige.ch\m-HumanNeuronLab\ANALYSIS\FLM\Analysis_LoraFanda\01_FBM_Analysis\outputs\04_ersp_LM_RAWONLY\PAT_6854\LM\ERSP_matrix\picture\PAT_6854_picture_WM_ERSP_AGm8_TN.npy,0.021860465116279,0.0006201550387596,True,1900,5,0.03981336,5
PAT_6854,picture,LM,HAD2,\\nasac-m2.unige.ch\m-HumanNeuronLab\ANALYSIS\FLM\Analysis_LoraFanda\01_FBM_Analysis\outputs\04_ersp_LM_RAWONLY\PAT_6854\LM\ERSP_matrix\picture\PAT_6854_picture_WM_ERSP_HAD2_TN.npy,0.0216795865633074,0.0005426356589147,True,1901,0,-0.028639447,0
PAT_6854,picture,LM,HAD7,\\nasac-m2.unige.ch\m-HumanNeuronLab\ANALYSIS\FLM\Analysis_LoraFanda\01_FBM_Analysis\outputs\04_ersp_LM_RAWONLY\PAT_6854\LM\ERSP_matrix\picture\PAT_6854_picture_WM_ERSP_HAD7_TN.npy,0.0220671834625323,0.000594315245478,True,1902,5,0.08330138,5
PAT_6854,picture,LM,HADm2,\\nasac-m2.unige.ch\m-HumanNeuronLab\ANALYSIS\FLM\Analysis_LoraFanda\01_FBM_Analysis\outputs\04_ersp_LM_RAWONLY\PAT_6854\LM\ERSP_matrix\picture\PAT_6854_picture_WM_ERSP_HADm2_TN.npy,0.0207235142118863,0.0009560723514211,True,1903,5,0.07390541,5
PAT_6854,picture,LM,HADm3,\\nasac-m2.unige.ch\m-HumanNeuronLab\ANALYSIS\FLM\Analysis_LoraFanda\01_FBM_Analysis\outputs\04_ersp_LM_RAWONLY\PAT_6854\LM\ERSP_matrix\picture\PAT_6854_picture_WM_ERSP_HADm3_TN.npy,0.0327390180878552,0.0006976744186046,True,1904,5,0.0037428297,5
PAT_6854,picture,LM,HADm4,\\nasac-m2.unige.ch\m-HumanNeuronLab\ANALYSIS\FLM\Analysis_LoraFanda\01_FBM_Analysis\outputs\04_ersp_LM_RAWONLY\PAT_6854\LM\ERSP_matrix\picture\PAT_6854_picture_WM_ERSP_HADm4_TN.npy,0.0317829457364341,0.0007751937984496,True,1905,5,0.056673758,5
PAT_6854,picture,LM,HAG1,\\nasac-m2.unige.ch\m-HumanNeuronLab\ANALYSIS\FLM\Analysis_LoraFanda\01_FBM_Analysis\outputs\04_ersp_LM_RAWONLY\PAT_6854\LM\ERSP_matrix\picture\PAT_6854_picture_WM_ERSP_HAG1_TN.npy,0.0290956072351421,0.0014211886304909,True,1906,7,0.07845368,7
PAT_6854,picture,LM,HAG9,\\nasac-m2.unige.ch\m-HumanNeuronLab\ANALYSIS\FLM\Analysis_LoraFanda\01_FBM_Analysis\outputs\04_ersp_LM_RAWONLY\PAT_6854\LM\ERSP_matrix\picture\PAT_6854_picture_WM_ERSP_HAG9_TN.npy,0.0016020671834625,0.0634366925064599,True,1907,7,0.0018660614,7
PAT_6854,picture,LM,HAGm4,\\nasac-m2.unige.ch\m-HumanNeuronLab\ANALYSIS\FLM\Analysis_LoraFanda\01_FBM_Analysis\outputs\04_ersp_LM_RAWONLY\PAT_6854\LM\ERSP_matrix\picture\PAT_6854_picture_WM_ERSP_HAGm4_TN.npy,0.0230232558139534,0.0013695090439276,True,1908,7,0.058958907,7
PAT_6854,picture,LM,HAGm5,\\nasac-m2.unige.ch\m-HumanNeuronLab\ANALYSIS\FLM\Analysis_LoraFanda\01_FBM_Analysis\outputs\04_ersp_LM_RAWONLY\PAT_6854\LM\ERSP_matrix\picture\PAT_6854_picture_WM_ERSP_HAGm5_TN.npy,0.0289664082687338,0.0016279069767441,True,1909,7,0.0071099973,7
PAT_6854,picture,LM,HAGm7,\\nasac-m2.unige.ch\m-HumanNeuronLab\ANALYSIS\FLM\Analysis_LoraFanda\01_FBM_Analysis\outputs\04_ersp_LM_RAWONLY\PAT_6854\LM\ERSP_matrix\picture\PAT_6854_picture_WM_ERSP_HAGm7_TN.npy,0.0225581395348837,0.0014470284237726,True,1910,7,0.030940946,7
PAT_6854,picture,LM,IMG12,\\nasac-m2.unige.ch\m-HumanNeuronLab\ANALYSIS\FLM\Analysis_LoraFanda\01_FBM_Analysis\outputs\04_ersp_LM_RAWONLY\PAT_6854\LM\ERSP_matrix\picture\PAT_6854_picture_WM_ERSP_IMG12_TN.npy,0.0347028423772609,0.0099483204134366,True,1911,7,0.06122222,7
PAT_6854,picture,LM,IMG3,\\nasac-m2.unige.ch\m-HumanNeuronLab\ANALYSIS\FLM\Analysis_LoraFanda\01_FBM_Analysis\outputs\04_ersp_LM_RAWONLY\PAT_6854\LM\ERSP_matrix\picture\PAT_6854_picture_WM_ERSP_IMG3_TN.npy,0.0249870801033591,0.0025581395348837,True,1912,7,0.061018556,7
PAT_6854,picture,LM,OPG1,\\nasac-m2.unige.ch\m-HumanNeuronLab\ANALYSIS\FLM\Analysis_LoraFanda\01_FBM_Analysis\outputs\04_ersp_LM_RAWONLY\PAT_6854\LM\ERSP_matrix\picture\PAT_6854_picture_WM_ERSP_OPG1_TN.npy,0.0254521963824289,0.0009043927648578,True,1913,7,0.092572734,7
PAT_6854,picture,LM,OPG2,\\nasac-m2.unige.ch\m-HumanNeuronLab\ANALYSIS\FLM\Analysis_LoraFanda\01_FBM_Analysis\outputs\04_ersp_LM_RAWONLY\PAT_6854\LM\ERSP_matrix\picture\PAT_6854_picture_WM_ERSP_OPG2_TN.npy,0.0281136950904392,0.001937984496124,True,1914,7,0.10102413,7
PAT_6854,picture,LM,OPG3,\\nasac-m2.unige.ch\m-HumanNeuronLab\ANALYSIS\FLM\Analysis_LoraFanda\01_FBM_Analysis\outputs\04_ersp_LM_RAWONLY\PAT_6854\LM\ERSP_matrix\picture\PAT_6854_picture_WM_ERSP_OPG3_TN.npy,0.0325581395348837,0.0035142118863049,True,1915,7,0.118262015,7
PAT_6854,picture,LM,OPG4,\\nasac-m2.unige.ch\m-HumanNeuronLab\ANALYSIS\FLM\Analysis_LoraFanda\01_FBM_Analysis\outputs\04_ersp_LM_RAWONLY\PAT_6854\LM\ERSP_matrix\picture\PAT_6854_picture_WM_ERSP_OPG4_TN.npy,0.0301550387596899,0.0078036175710594,True,1916,7,0.102134496,7
PAT_6854,picture,LM,OPG5,\\nasac-m2.unige.ch\m-HumanNeuronLab\ANALYSIS\FLM\Analysis_LoraFanda\01_FBM_Analysis\outputs\04_ersp_LM_RAWONLY\PAT_6854\LM\ERSP_matrix\picture\PAT_6854_picture_WM_ERSP_OPG5_TN.npy,0.0207235142118863,0.0105684754521963,True,1917,7,0.060278542,7
PAT_6854,picture,LM,TPG6,\\nasac-m2.unige.ch\m-HumanNeuronLab\ANALYSIS\FLM\Analysis_LoraFanda\01_FBM_Analysis\outputs\04_ersp_LM_RAWONLY\PAT_6854\LM\ERSP_matrix\picture\PAT_6854_picture_WM_ERSP_TPG6_TN.npy,0.0268992248062015,0.0018863049095607,True,1918,0,0.093085766,0
PAT_6854,picture,LM,TPG7,\\nasac-m2.unige.ch\m-HumanNeuronLab\ANALYSIS\FLM\Analysis_LoraFanda\01_FBM_Analysis\outputs\04_ersp_LM_RAWONLY\PAT_6854\LM\ERSP_matrix\picture\PAT_6854_picture_WM_ERSP_TPG7_TN.npy,0.0343152454780361,0.0022997416020671,True,1919,0,0.13321666,0
PAT_6854,reading,LM,AD2,\\nasac-m2.unige.ch\m-HumanNeuronLab\ANALYSIS\FLM\Analysis_LoraFanda\01_FBM_Analysis\outputs\04_ersp_LM_RAWONLY\PAT_6854\LM\ERSP_matrix\reading\PAT_6854_reading_WM_ERSP_AD2_TN.npy,0.0242377260981912,0.005891472868217,True,1920,5,0.1558252,5
PAT_6854,reading,LM,AD4,\\nasac-m2.unige.ch\m-HumanNeuronLab\ANALYSIS\FLM\Analysis_LoraFanda\01_FBM_Analysis\outputs\04_ersp_LM_RAWONLY\PAT_6854\LM\ERSP_matrix\reading\PAT_6854_reading_WM_ERSP_AD4_TN.npy,0.0217829457364341,0.0063824289405684,True,1921,5,0.11375141,5
PAT_6854,reading,LM,AD5,\\nasac-m2.unige.ch\m-HumanNeuronLab\ANALYSIS\FLM\Analysis_LoraFanda\01_FBM_Analysis\outputs\04_ersp_LM_RAWONLY\PAT_6854\LM\ERSP_matrix\reading\PAT_6854_reading_WM_ERSP_AD5_TN.npy,0.0307235142118863,0.0046511627906976,True,1922,5,0.13995777,5
PAT_6854,reading,LM,AD6,\\nasac-m2.unige.ch\m-HumanNeuronLab\ANALYSIS\FLM\Analysis_LoraFanda\01_FBM_Analysis\outputs\04_ersp_LM_RAWONLY\PAT_6854\LM\ERSP_matrix\reading\PAT_6854_reading_WM_ERSP_AD6_TN.npy,0.0320930232558139,0.0054263565891472,True,1923,5,0.10510976,5
PAT_6854,reading,LM,AD7,\\nasac-m2.unige.ch\m-HumanNeuronLab\ANALYSIS\FLM\Analysis_LoraFanda\01_FBM_Analysis\outputs\04_ersp_LM_RAWONLY\PAT_6854\LM\ERSP_matrix\reading\PAT_6854_reading_WM_ERSP_AD7_TN.npy,0.0345994832041343,0.0051162790697674,True,1924,0,-0.013202381,0
PAT_6854,reading,LM,AD8,\\nasac-m2.unige.ch\m-HumanNeuronLab\ANALYSIS\FLM\Analysis_LoraFanda\01_FBM_Analysis\outputs\04_ersp_LM_RAWONLY\PAT_6854\LM\ERSP_matrix\reading\PAT_6854_reading_WM_ERSP_AD8_TN.npy,0.0367700258397932,0.0049870801033591,True,1925,0,0.09059188,0
PAT_6854,reading,LM,AD9,\\nasac-m2.unige.ch\m-HumanNeuronLab\ANALYSIS\FLM\Analysis_LoraFanda\01_FBM_Analysis\outputs\04_ersp_LM_RAWONLY\PAT_6854\LM\ERSP_matrix\reading\PAT_6854_reading_WM_ERSP_AD9_TN.npy,0.0374935400516795,0.0048320413436692,True,1926,0,-0.001493598,0
PAT_6854,reading,LM,ADm1,\\nasac-m2.unige.ch\m-HumanNeuronLab\ANALYSIS\FLM\Analysis_LoraFanda\01_FBM_Analysis\outputs\04_ersp_LM_RAWONLY\PAT_6854\LM\ERSP_matrix\reading\PAT_6854_reading_WM_ERSP_ADm1_TN.npy,0.0310594315245478,0.0045994832041343,True,1927,5,0.10597907,5
PAT_6854,reading,LM,ADm2,\\nasac-m2.unige.ch\m-HumanNeuronLab\ANALYSIS\FLM\Analysis_LoraFanda\01_FBM_Analysis\outputs\04_ersp_LM_RAWONLY\PAT_6854\LM\ERSP_matrix\reading\PAT_6854_reading_WM_ERSP_ADm2_TN.npy,0.0206201550387596,0.0060206718346253,True,1928,5,0.112907656,5
PAT_6854,reading,LM,ADm5,\\nasac-m2.unige.ch\m-HumanNeuronLab\ANALYSIS\FLM\Analysis_LoraFanda\01_FBM_Analysis\outputs\04_ersp_LM_RAWONLY\PAT_6854\LM\ERSP_matrix\reading\PAT_6854_reading_WM_ERSP_ADm5_TN.npy,0.0203875968992248,0.0057881136950904,True,1929,5,0.12199889,5
PAT_6854,reading,LM,ADm6,\\nasac-m2.unige.ch\m-HumanNeuronLab\ANALYSIS\FLM\Analysis_LoraFanda\01_FBM_Analysis\outputs\04_ersp_LM_RAWONLY\PAT_6854\LM\ERSP_matrix\reading\PAT_6854_reading_WM_ERSP_ADm6_TN.npy,0.0233074935400516,0.007235142118863,True,1930,5,0.07469313,5
PAT_6854,reading,LM,ADm7,\\nasac-m2.unige.ch\m-HumanNeuronLab\ANALYSIS\FLM\Analysis_LoraFanda\01_FBM_Analysis\outputs\04_ersp_LM_RAWONLY\PAT_6854\LM\ERSP_matrix\reading\PAT_6854_reading_WM_ERSP_ADm7_TN.npy,0.02,0.0065891472868217,True,1931,5,0.11197307,5
PAT_6854,reading,LM,AG1,\\nasac-m2.unige.ch\m-HumanNeuronLab\ANALYSIS\FLM\Analysis_LoraFanda\01_FBM_Analysis\outputs\04_ersp_LM_RAWONLY\PAT_6854\LM\ERSP_matrix\reading\PAT_6854_reading_WM_ERSP_AG1_TN.npy,0.0600258397932816,0.0040568475452196,True,1932,5,0.11993047,5
PAT_6854,reading,LM,AG2,\\nasac-m2.unige.ch\m-HumanNeuronLab\ANALYSIS\FLM\Analysis_LoraFanda\01_FBM_Analysis\outputs\04_ersp_LM_RAWONLY\PAT_6854\LM\ERSP_matrix\reading\PAT_6854_reading_WM_ERSP_AG2_TN.npy,0.0657881136950904,0.0041343669250645,True,1933,5,0.096053764,5
PAT_6854,reading,LM,AG3,\\nasac-m2.unige.ch\m-HumanNeuronLab\ANALYSIS\FLM\Analysis_LoraFanda\01_FBM_Analysis\outputs\04_ersp_LM_RAWONLY\PAT_6854\LM\ERSP_matrix\reading\PAT_6854_reading_WM_ERSP_AG3_TN.npy,0.0526356589147286,0.0064341085271317,True,1934,5,0.12963451,5
PAT_6854,reading,LM,AG4,\\nasac-m2.unige.ch\m-HumanNeuronLab\ANALYSIS\FLM\Analysis_LoraFanda\01_FBM_Analysis\outputs\04_ersp_LM_RAWONLY\PAT_6854\LM\ERSP_matrix\reading\PAT_6854_reading_WM_ERSP_AG4_TN.npy,0.0384496124031007,0.0071317829457364,True,1935,5,0.08964113,5
PAT_6854,reading,LM,AG5,\\nasac-m2.unige.ch\m-HumanNeuronLab\ANALYSIS\FLM\Analysis_LoraFanda\01_FBM_Analysis\outputs\04_ersp_LM_RAWONLY\PAT_6854\LM\ERSP_matrix\reading\PAT_6854_reading_WM_ERSP_AG5_TN.npy,0.0409819121447028,0.007235142118863,True,1936,5,0.12177656,5
PAT_6854,reading,LM,AG6,\\nasac-m2.unige.ch\m-HumanNeuronLab\ANALYSIS\FLM\Analysis_LoraFanda\01_FBM_Analysis\outputs\04_ersp_LM_RAWONLY\PAT_6854\LM\ERSP_matrix\reading\PAT_6854_reading_WM_ERSP_AG6_TN.npy,0.0346770025839793,0.0073385012919896,True,1937,5,0.13025324,5
PAT_6854,reading,LM,AG7,\\nasac-m2.unige.ch\m-HumanNeuronLab\ANALYSIS\FLM\Analysis_LoraFanda\01_FBM_Analysis\outputs\04_ersp_LM_RAWONLY\PAT_6854\LM\ERSP_matrix\reading\PAT_6854_reading_WM_ERSP_AG7_TN.npy,0.033204134366925,0.0053746770025839,True,1938,5,0.09839876,5
PAT_6854,reading,LM,AG8,\\nasac-m2.unige.ch\m-HumanNeuronLab\ANALYSIS\FLM\Analysis_LoraFanda\01_FBM_Analysis\outputs\04_ersp_LM_RAWONLY\PAT_6854\LM\ERSP_matrix\reading\PAT_6854_reading_WM_ERSP_AG8_TN.npy,0.0328940568475452,0.0067183462532299,True,1939,5,0.102507584,5
PAT_6854,reading,LM,AGm1,\\nasac-m2.unige.ch\m-HumanNeuronLab\ANALYSIS\FLM\Analysis_LoraFanda\01_FBM_Analysis\outputs\04_ersp_LM_RAWONLY\PAT_6854\LM\ERSP_matrix\reading\PAT_6854_reading_WM_ERSP_AGm1_TN.npy,0.0408527131782945,0.0033850129198966,True,1940,5,0.1314297,5
PAT_6854,reading,LM,AGm2,\\nasac-m2.unige.ch\m-HumanNeuronLab\ANALYSIS\FLM\Analysis_LoraFanda\01_FBM_Analysis\outputs\04_ersp_LM_RAWONLY\PAT_6854\LM\ERSP_matrix\reading\PAT_6854_reading_WM_ERSP_AGm2_TN.npy,0.0470025839793281,0.0062532299741602,True,1941,5,0.046442896,5
PAT_6854,reading,LM,AGm3,\\nasac-m2.unige.ch\m-HumanNeuronLab\ANALYSIS\FLM\Analysis_LoraFanda\01_FBM_Analysis\outputs\04_ersp_LM_RAWONLY\PAT_6854\LM\ERSP_matrix\reading\PAT_6854_reading_WM_ERSP_AGm3_TN.npy,0.0481136950904392,0.007312661498708,True,1942,9,0.026390165,9
PAT_6854,reading,LM,AGm4,\\nasac-m2.unige.ch\m-HumanNeuronLab\ANALYSIS\FLM\Analysis_LoraFanda\01_FBM_Analysis\outputs\04_ersp_LM_RAWONLY\PAT_6854\LM\ERSP_matrix\reading\PAT_6854_reading_WM_ERSP_AGm4_TN.npy,0.0955555555555555,0.0067441860465116,True,1943,8,0.034340814,8
PAT_6854,reading,LM,AGm6,\\nasac-m2.unige.ch\m-HumanNeuronLab\ANALYSIS\FLM\Analysis_LoraFanda\01_FBM_Analysis\outputs\04_ersp_LM_RAWONLY\PAT_6854\LM\ERSP_matrix\reading\PAT_6854_reading_WM_ERSP_AGm6_TN.npy,0.0208785529715762,0.0047028423772609,True,1944,5,0.055587634,5
PAT_6854,reading,LM,AGm7,\\nasac-m2.unige.ch\m-HumanNeuronLab\ANALYSIS\FLM\Analysis_LoraFanda\01_FBM_Analysis\outputs\04_ersp_LM_RAWONLY\PAT_6854\LM\ERSP_matrix\reading\PAT_6854_reading_WM_ERSP_AGm7_TN.npy,0.0277260981912144,0.0044961240310077,True,1945,5,0.05233909,5
PAT_6854,reading,LM,AGm8,\\nasac-m2.unige.ch\m-HumanNeuronLab\ANALYSIS\FLM\Analysis_LoraFanda\01_FBM_Analysis\outputs\04_ersp_LM_RAWONLY\PAT_6854\LM\ERSP_matrix\reading\PAT_6854_reading_WM_ERSP_AGm8_TN.npy,0.0281395348837209,0.0054780361757105,True,1946,5,0.056430537,5
PAT_6854,reading,LM,ainp1,\\nasac-m2.unige.ch\m-HumanNeuronLab\ANALYSIS\FLM\Analysis_LoraFanda\01_FBM_Analysis\outputs\04_ersp_LM_RAWONLY\PAT_6854\LM\ERSP_matrix\reading\PAT_6854_reading_WM_ERSP_ainp1_TN.npy,0.0249095607235142,0.0097932816537467,True,1947,5,0.06268422,5
PAT_6854,reading,LM,CAG12,\\nasac-m2.unige.ch\m-HumanNeuronLab\ANALYSIS\FLM\Analysis_LoraFanda\01_FBM_Analysis\outputs\04_ersp_LM_RAWONLY\PAT_6854\LM\ERSP_matrix\reading\PAT_6854_reading_WM_ERSP_CAG12_TN.npy,0.0229457364341085,0.0315503875968992,True,1948,4,0.2609432,4
PAT_6854,reading,LM,CAG1,\\nasac-m2.unige.ch\m-HumanNeuronLab\ANALYSIS\FLM\Analysis_LoraFanda\01_FBM_Analysis\outputs\04_ersp_LM_RAWONLY\PAT_6854\LM\ERSP_matrix\reading\PAT_6854_reading_WM_ERSP_CAG1_TN.npy,0.0356847545219638,0.0046511627906976,True,1949,7,0.050117,7
PAT_6854,reading,LM,CAG2,\\nasac-m2.unige.ch\m-HumanNeuronLab\ANALYSIS\FLM\Analysis_LoraFanda\01_FBM_Analysis\outputs\04_ersp_LM_RAWONLY\PAT_6854\LM\ERSP_matrix\reading\PAT_6854_reading_WM_ERSP_CAG2_TN.npy,0.0202325581395348,0.0068992248062015,True,1950,7,0.031442456,7
PAT_6854,reading,LM,CAG3,\\nasac-m2.unige.ch\m-HumanNeuronLab\ANALYSIS\FLM\Analysis_LoraFanda\01_FBM_Analysis\outputs\04_ersp_LM_RAWONLY\PAT_6854\LM\ERSP_matrix\reading\PAT_6854_reading_WM_ERSP_CAG3_TN.npy,0.0248578811369509,0.007157622739018,True,1951,7,-0.0063665225,7
PAT_6854,reading,LM,CAG4,\\nasac-m2.unige.ch\m-HumanNeuronLab\ANALYSIS\FLM\Analysis_LoraFanda\01_FBM_Analysis\outputs\04_ersp_LM_RAWONLY\PAT_6854\LM\ERSP_matrix\reading\PAT_6854_reading_WM_ERSP_CAG4_TN.npy,0.0440310077519379,0.0082945736434108,True,1952,7,0.056689583,7
PAT_6854,reading,LM,CAG5,\\nasac-m2.unige.ch\m-HumanNeuronLab\ANALYSIS\FLM\Analysis_LoraFanda\01_FBM_Analysis\outputs\04_ersp_LM_RAWONLY\PAT_6854\LM\ERSP_matrix\reading\PAT_6854_reading_WM_ERSP_CAG5_TN.npy,0.0323255813953488,0.0119121447028423,True,1953,4,0.06117187,4
PAT_6854,reading,LM,CAG6,\\nasac-m2.unige.ch\m-HumanNeuronLab\ANALYSIS\FLM\Analysis_LoraFanda\01_FBM_Analysis\outputs\04_ersp_LM_RAWONLY\PAT_6854\LM\ERSP_matrix\reading\PAT_6854_reading_WM_ERSP_CAG6_TN.npy,0.0255297157622739,0.0160206718346253,True,1954,4,0.15011272,4
PAT_6854,reading,LM,CAG7,\\nasac-m2.unige.ch\m-HumanNeuronLab\ANALYSIS\FLM\Analysis_LoraFanda\01_FBM_Analysis\outputs\04_ersp_LM_RAWONLY\PAT_6854\LM\ERSP_matrix\reading\PAT_6854_reading_WM_ERSP_CAG7_TN.npy,0.0353229974160206,0.0191214470284237,True,1955,4,0.19235076,4
PAT_6854,reading,LM,CAG8,\\nasac-m2.unige.ch\m-HumanNeuronLab\ANALYSIS\FLM\Analysis_LoraFanda\01_FBM_Analysis\outputs\04_ersp_LM_RAWONLY\PAT_6854\LM\ERSP_matrix\reading\PAT_6854_reading_WM_ERSP_CAG8_TN.npy,0.0340051679586563,0.021937984496124,True,1956,4,0.21270677,4
PAT_6854,reading,LM,CAG9,\\nasac-m2.unige.ch\m-HumanNeuronLab\ANALYSIS\FLM\Analysis_LoraFanda\01_FBM_Analysis\outputs\04_ersp_LM_RAWONLY\PAT_6854\LM\ERSP_matrix\reading\PAT_6854_reading_WM_ERSP_CAG9_TN.npy,0.027235142118863,0.0210077519379844,True,1957,4,0.19816414,4
PAT_6854,reading,LM,FLG1,\\nasac-m2.unige.ch\m-HumanNeuronLab\ANALYSIS\FLM\Analysis_LoraFanda\01_FBM_Analysis\outputs\04_ersp_LM_RAWONLY\PAT_6854\LM\ERSP_matrix\reading\PAT_6854_reading_WM_ERSP_FLG1_TN.npy,0.0358656330749354,0.0109043927648578,True,1958,7,0.042507026,7
PAT_6854,reading,LM,FLG2,\\nasac-m2.unige.ch\m-HumanNeuronLab\ANALYSIS\FLM\Analysis_LoraFanda\01_FBM_Analysis\outputs\04_ersp_LM_RAWONLY\PAT_6854\LM\ERSP_matrix\reading\PAT_6854_reading_WM_ERSP_FLG2_TN.npy,0.0390180878552971,0.0111369509043927,True,1959,4,-0.017768327,4
PAT_6854,reading,LM,FLG3,\\nasac-m2.unige.ch\m-HumanNeuronLab\ANALYSIS\FLM\Analysis_LoraFanda\01_FBM_Analysis\outputs\04_ersp_LM_RAWONLY\PAT_6854\LM\ERSP_matrix\reading\PAT_6854_reading_WM_ERSP_FLG3_TN.npy,0.0254521963824289,0.0139793281653746,True,1960,4,0.0008442505,4
PAT_6854,reading,LM,FLG4,\\nasac-m2.unige.ch\m-HumanNeuronLab\ANALYSIS\FLM\Analysis_LoraFanda\01_FBM_Analysis\outputs\04_ersp_LM_RAWONLY\PAT_6854\LM\ERSP_matrix\reading\PAT_6854_reading_WM_ERSP_FLG4_TN.npy,0.0289664082687338,0.0141602067183462,True,1961,4,0.017995153,4
PAT_6854,reading,LM,FLG5,\\nasac-m2.unige.ch\m-HumanNeuronLab\ANALYSIS\FLM\Analysis_LoraFanda\01_FBM_Analysis\outputs\04_ersp_LM_RAWONLY\PAT_6854\LM\ERSP_matrix\reading\PAT_6854_reading_WM_ERSP_FLG5_TN.npy,0.0262790697674418,0.0143927648578811,True,1962,4,-0.018698245,4
PAT_6854,reading,LM,FLG6,\\nasac-m2.unige.ch\m-HumanNeuronLab\ANALYSIS\FLM\Analysis_LoraFanda\01_FBM_Analysis\outputs\04_ersp_LM_RAWONLY\PAT_6854\LM\ERSP_matrix\reading\PAT_6854_reading_WM_ERSP_FLG6_TN.npy,0.0274160206718346,0.0124289405684754,True,1963,7,-0.016323911,7
PAT_6854,reading,LM,FLG7,\\nasac-m2.unige.ch\m-HumanNeuronLab\ANALYSIS\FLM\Analysis_LoraFanda\01_FBM_Analysis\outputs\04_ersp_LM_RAWONLY\PAT_6854\LM\ERSP_matrix\reading\PAT_6854_reading_WM_ERSP_FLG7_TN.npy,0.0296899224806201,0.0098708010335917,True,1964,5,0.04346482,5
PAT_6854,reading,LM,FLG8,\\nasac-m2.unige.ch\m-HumanNeuronLab\ANALYSIS\FLM\Analysis_LoraFanda\01_FBM_Analysis\outputs\04_ersp_LM_RAWONLY\PAT_6854\LM\ERSP_matrix\reading\PAT_6854_reading_WM_ERSP_FLG8_TN.npy,0.0240826873385012,0.0098708010335917,True,1965,7,0.052220475,7
PAT_6854,reading,LM,FMG10,\\nasac-m2.unige.ch\m-HumanNeuronLab\ANALYSIS\FLM\Analysis_LoraFanda\01_FBM_Analysis\outputs\04_ersp_LM_RAWONLY\PAT_6854\LM\ERSP_matrix\reading\PAT_6854_reading_WM_ERSP_FMG10_TN.npy,0.0277260981912144,0.0142377260981912,True,1966,4,0.097892106,4
PAT_6854,reading,LM,FMG11,\\nasac-m2.unige.ch\m-HumanNeuronLab\ANALYSIS\FLM\Analysis_LoraFanda\01_FBM_Analysis\outputs\04_ersp_LM_RAWONLY\PAT_6854\LM\ERSP_matrix\reading\PAT_6854_reading_WM_ERSP_FMG11_TN.npy,0.0279586563307493,0.0155813953488372,True,1967,4,0.113724805,4
PAT_6854,reading,LM,FMG12,\\nasac-m2.unige.ch\m-HumanNeuronLab\ANALYSIS\FLM\Analysis_LoraFanda\01_FBM_Analysis\outputs\04_ersp_LM_RAWONLY\PAT_6854\LM\ERSP_matrix\reading\PAT_6854_reading_WM_ERSP_FMG12_TN.npy,0.030594315245478,0.0180620155038759,True,1968,4,0.13953975,4
PAT_6854,reading,LM,FMG13,\\nasac-m2.unige.ch\m-HumanNeuronLab\ANALYSIS\FLM\Analysis_LoraFanda\01_FBM_Analysis\outputs\04_ersp_LM_RAWONLY\PAT_6854\LM\ERSP_matrix\reading\PAT_6854_reading_WM_ERSP_FMG13_TN.npy,0.0214987080103359,0.0205426356589147,True,1969,4,0.1602868,4
PAT_6854,reading,LM,FMG1,\\nasac-m2.unige.ch\m-HumanNeuronLab\ANALYSIS\FLM\Analysis_LoraFanda\01_FBM_Analysis\outputs\04_ersp_LM_RAWONLY\PAT_6854\LM\ERSP_matrix\reading\PAT_6854_reading_WM_ERSP_FMG1_TN.npy,0.0329457364341085,0.0044186046511627,True,1970,5,0.13648315,5
PAT_6854,reading,LM,FMG2,\\nasac-m2.unige.ch\m-HumanNeuronLab\ANALYSIS\FLM\Analysis_LoraFanda\01_FBM_Analysis\outputs\04_ersp_LM_RAWONLY\PAT_6854\LM\ERSP_matrix\reading\PAT_6854_reading_WM_ERSP_FMG2_TN.npy,0.0291989664082687,0.0045736434108527,True,1971,5,0.16808109,5
PAT_6854,reading,LM,FMG3,\\nasac-m2.unige.ch\m-HumanNeuronLab\ANALYSIS\FLM\Analysis_LoraFanda\01_FBM_Analysis\outputs\04_ersp_LM_RAWONLY\PAT_6854\LM\ERSP_matrix\reading\PAT_6854_reading_WM_ERSP_FMG3_TN.npy,0.026485788113695,0.0056072351421188,True,1972,5,0.16202396,5
PAT_6854,reading,LM,FMG4,\\nasac-m2.unige.ch\m-HumanNeuronLab\ANALYSIS\FLM\Analysis_LoraFanda\01_FBM_Analysis\outputs\04_ersp_LM_RAWONLY\PAT_6854\LM\ERSP_matrix\reading\PAT_6854_reading_WM_ERSP_FMG4_TN.npy,0.025968992248062,0.0062273901808785,True,1973,5,0.1460979,5
PAT_6854,reading,LM,FMG5,\\nasac-m2.unige.ch\m-HumanNeuronLab\ANALYSIS\FLM\Analysis_LoraFanda\01_FBM_Analysis\outputs\04_ersp_LM_RAWONLY\PAT_6854\LM\ERSP_matrix\reading\PAT_6854_reading_WM_ERSP_FMG5_TN.npy,0.0324031007751937,0.0055038759689922,True,1974,5,0.09335988,5
PAT_6854,reading,LM,FMG6,\\nasac-m2.unige.ch\m-HumanNeuronLab\ANALYSIS\FLM\Analysis_LoraFanda\01_FBM_Analysis\outputs\04_ersp_LM_RAWONLY\PAT_6854\LM\ERSP_matrix\reading\PAT_6854_reading_WM_ERSP_FMG6_TN.npy,0.0233591731266149,0.005968992248062,True,1975,7,0.01609657,7
PAT_6854,reading,LM,FMG7,\\nasac-m2.unige.ch\m-HumanNeuronLab\ANALYSIS\FLM\Analysis_LoraFanda\01_FBM_Analysis\outputs\04_ersp_LM_RAWONLY\PAT_6854\LM\ERSP_matrix\reading\PAT_6854_reading_WM_ERSP_FMG7_TN.npy,0.0214470284237726,0.007312661498708,True,1976,7,0.043625183,7
PAT_6854,reading,LM,FMG8,\\nasac-m2.unige.ch\m-HumanNeuronLab\ANALYSIS\FLM\Analysis_LoraFanda\01_FBM_Analysis\outputs\04_ersp_LM_RAWONLY\PAT_6854\LM\ERSP_matrix\reading\PAT_6854_reading_WM_ERSP_FMG8_TN.npy,0.0337209302325581,0.0101291989664082,True,1977,4,0.005317181,4
PAT_6854,reading,LM,FMG9,\\nasac-m2.unige.ch\m-HumanNeuronLab\ANALYSIS\FLM\Analysis_LoraFanda\01_FBM_Analysis\outputs\04_ersp_LM_RAWONLY\PAT_6854\LM\ERSP_matrix\reading\PAT_6854_reading_WM_ERSP_FMG9_TN.npy,0.0343669250645994,0.0134108527131782,True,1978,4,0.07670764,4
PAT_6854,reading,LM,HAD1,\\nasac-m2.unige.ch\m-HumanNeuronLab\ANALYSIS\FLM\Analysis_LoraFanda\01_FBM_Analysis\outputs\04_ersp_LM_RAWONLY\PAT_6854\LM\ERSP_matrix\reading\PAT_6854_reading_WM_ERSP_HAD1_TN.npy,0.0277777777777777,0.0050904392764857,True,1979,0,-0.012404156,0
PAT_6854,reading,LM,HAD2,\\nasac-m2.unige.ch\m-HumanNeuronLab\ANALYSIS\FLM\Analysis_LoraFanda\01_FBM_Analysis\outputs\04_ersp_LM_RAWONLY\PAT_6854\LM\ERSP_matrix\reading\PAT_6854_reading_WM_ERSP_HAD2_TN.npy,0.0275452196382428,0.0082945736434108,True,1980,0,-0.013140626,0
PAT_6854,reading,LM,HAD3,\\nasac-m2.unige.ch\m-HumanNeuronLab\ANALYSIS\FLM\Analysis_LoraFanda\01_FBM_Analysis\outputs\04_ersp_LM_RAWONLY\PAT_6854\LM\ERSP_matrix\reading\PAT_6854_reading_WM_ERSP_HAD3_TN.npy,0.026485788113695,0.0056330749354005,True,1981,5,0.13310206,5
PAT_6854,reading,LM,HAD4,\\nasac-m2.unige.ch\m-HumanNeuronLab\ANALYSIS\FLM\Analysis_LoraFanda\01_FBM_Analysis\outputs\04_ersp_LM_RAWONLY\PAT_6854\LM\ERSP_matrix\reading\PAT_6854_reading_WM_ERSP_HAD4_TN.npy,0.0280878552971576,0.0057105943152454,True,1982,5,0.14829719,5
PAT_6854,reading,LM,HAD5,\\nasac-m2.unige.ch\m-HumanNeuronLab\ANALYSIS\FLM\Analysis_LoraFanda\01_FBM_Analysis\outputs\04_ersp_LM_RAWONLY\PAT_6854\LM\ERSP_matrix\reading\PAT_6854_reading_WM_ERSP_HAD5_TN.npy,0.0313436692506459,0.0065374677002583,True,1983,5,0.09029901,5
PAT_6854,reading,LM,HAD6,\\nasac-m2.unige.ch\m-HumanNeuronLab\ANALYSIS\FLM\Analysis_LoraFanda\01_FBM_Analysis\outputs\04_ersp_LM_RAWONLY\PAT_6854\LM\ERSP_matrix\reading\PAT_6854_reading_WM_ERSP_HAD6_TN.npy,0.0343669250645994,0.0053229974160206,True,1984,0,-0.022910725,0
PAT_6854,reading,LM,HAD7,\\nasac-m2.unige.ch\m-HumanNeuronLab\ANALYSIS\FLM\Analysis_LoraFanda\01_FBM_Analysis\outputs\04_ersp_LM_RAWONLY\PAT_6854\LM\ERSP_matrix\reading\PAT_6854_reading_WM_ERSP_HAD7_TN.npy,0.0333850129198966,0.0054263565891472,True,1985,5,0.049474984,5
PAT_6854,reading,LM,HAD8,\\nasac-m2.unige.ch\m-HumanNeuronLab\ANALYSIS\FLM\Analysis_LoraFanda\01_FBM_Analysis\outputs\04_ersp_LM_RAWONLY\PAT_6854\LM\ERSP_matrix\reading\PAT_6854_reading_WM_ERSP_HAD8_TN.npy,0.0342118863049095,0.0050904392764857,True,1986,5,0.12969393,5
PAT_6854,reading,LM,HAD9,\\nasac-m2.unige.ch\m-HumanNeuronLab\ANALYSIS\FLM\Analysis_LoraFanda\01_FBM_Analysis\outputs\04_ersp_LM_RAWONLY\PAT_6854\LM\ERSP_matrix\reading\PAT_6854_reading_WM_ERSP_HAD9_TN.npy,0.0284496124031007,0.0062790697674418,True,1987,5,0.104072474,5
PAT_6854,reading,LM,HADm1,\\nasac-m2.unige.ch\m-HumanNeuronLab\ANALYSIS\FLM\Analysis_LoraFanda\01_FBM_Analysis\outputs\04_ersp_LM_RAWONLY\PAT_6854\LM\ERSP_matrix\reading\PAT_6854_reading_WM_ERSP_HADm1_TN.npy,0.027829457364341,0.0049612403100775,True,1988,5,0.08542457,5
PAT_6854,reading,LM,HADm2,\\nasac-m2.unige.ch\m-HumanNeuronLab\ANALYSIS\FLM\Analysis_LoraFanda\01_FBM_Analysis\outputs\04_ersp_LM_RAWONLY\PAT_6854\LM\ERSP_matrix\reading\PAT_6854_reading_WM_ERSP_HADm2_TN.npy,0.0246511627906976,0.0071834625322997,True,1989,5,0.08361225,5
PAT_6854,reading,LM,HADm3,\\nasac-m2.unige.ch\m-HumanNeuronLab\ANALYSIS\FLM\Analysis_LoraFanda\01_FBM_Analysis\outputs\04_ersp_LM_RAWONLY\PAT_6854\LM\ERSP_matrix\reading\PAT_6854_reading_WM_ERSP_HADm3_TN.npy,0.0317571059431524,0.0074677002583979,True,1990,5,0.07869566,5
PAT_6854,reading,LM,HADm4,\\nasac-m2.unige.ch\m-HumanNeuronLab\ANALYSIS\FLM\Analysis_LoraFanda\01_FBM_Analysis\outputs\04_ersp_LM_RAWONLY\PAT_6854\LM\ERSP_matrix\reading\PAT_6854_reading_WM_ERSP_HADm4_TN.npy,0.0262790697674418,0.0091214470284237,True,1991,5,0.08446385,5
PAT_6854,reading,LM,HADm5,\\nasac-m2.unige.ch\m-HumanNeuronLab\ANALYSIS\FLM\Analysis_LoraFanda\01_FBM_Analysis\outputs\04_ersp_LM_RAWONLY\PAT_6854\LM\ERSP_matrix\reading\PAT_6854_reading_WM_ERSP_HADm5_TN.npy,0.020516795865633,0.0069250645994832,True,1992,5,0.0898077,5
PAT_6854,reading,LM,HADm7,\\nasac-m2.unige.ch\m-HumanNeuronLab\ANALYSIS\FLM\Analysis_LoraFanda\01_FBM_Analysis\outputs\04_ersp_LM_RAWONLY\PAT_6854\LM\ERSP_matrix\reading\PAT_6854_reading_WM_ERSP_HADm7_TN.npy,0.021188630490956,0.0081912144702842,True,1993,5,0.12209322,5
PAT_6854,reading,LM,HADm8,\\nasac-m2.unige.ch\m-HumanNeuronLab\ANALYSIS\FLM\Analysis_LoraFanda\01_FBM_Analysis\outputs\04_ersp_LM_RAWONLY\PAT_6854\LM\ERSP_matrix\reading\PAT_6854_reading_WM_ERSP_HADm8_TN.npy,0.0220413436692506,0.0079586563307493,True,1994,5,0.092307955,5
PAT_6854,reading,LM,HAG1,\\nasac-m2.unige.ch\m-HumanNeuronLab\ANALYSIS\FLM\Analysis_LoraFanda\01_FBM_Analysis\outputs\04_ersp_LM_RAWONLY\PAT_6854\LM\ERSP_matrix\reading\PAT_6854_reading_WM_ERSP_HAG1_TN.npy,0.1015503875968992,0.002609819121447,True,1995,1,-0.009207676,1
PAT_6854,reading,LM,HAG2,\\nasac-m2.unige.ch\m-HumanNeuronLab\ANALYSIS\FLM\Analysis_LoraFanda\01_FBM_Analysis\outputs\04_ersp_LM_RAWONLY\PAT_6854\LM\ERSP_matrix\reading\PAT_6854_reading_WM_ERSP_HAG2_TN.npy,0.0820930232558139,0.0022739018087855,True,1996,0,0.004433861,0
PAT_6854,reading,LM,HAG3,\\nasac-m2.unige.ch\m-HumanNeuronLab\ANALYSIS\FLM\Analysis_LoraFanda\01_FBM_Analysis\outputs\04_ersp_LM_RAWONLY\PAT_6854\LM\ERSP_matrix\reading\PAT_6854_reading_WM_ERSP_HAG3_TN.npy,0.0493540051679586,0.0054521963824289,True,1997,5,0.13340904,5
PAT_6854,reading,LM,HAG4,\\nasac-m2.unige.ch\m-HumanNeuronLab\ANALYSIS\FLM\Analysis_LoraFanda\01_FBM_Analysis\outputs\04_ersp_LM_RAWONLY\PAT_6854\LM\ERSP_matrix\reading\PAT_6854_reading_WM_ERSP_HAG4_TN.npy,0.0423255813953488,0.0067700258397932,True,1998,5,0.08250432,5
PAT_6854,reading,LM,HAG5,\\nasac-m2.unige.ch\m-HumanNeuronLab\ANALYSIS\FLM\Analysis_LoraFanda\01_FBM_Analysis\outputs\04_ersp_LM_RAWONLY\PAT_6854\LM\ERSP_matrix\reading\PAT_6854_reading_WM_ERSP_HAG5_TN.npy,0.0365116279069767,0.0067441860465116,True,1999,5,0.07703868,5
PAT_6854,reading,LM,HAG6,\\nasac-m2.unige.ch\m-HumanNeuronLab\ANALYSIS\FLM\Analysis_LoraFanda\01_FBM_Analysis\outputs\04_ersp_LM_RAWONLY\PAT_6854\LM\ERSP_matrix\reading\PAT_6854_reading_WM_ERSP_HAG6_TN.npy,0.0353746770025839,0.0060723514211886,True,2000,5,0.110228226,5
PAT_6854,reading,LM,HAG7,\\nasac-m2.unige.ch\m-HumanNeuronLab\ANALYSIS\FLM\Analysis_LoraFanda\01_FBM_Analysis\outputs\04_ersp_LM_RAWONLY\PAT_6854\LM\ERSP_matrix\reading\PAT_6854_reading_WM_ERSP_HAG7_TN.npy,0.03328165374677,0.0068475452196382,True,2001,5,0.12009087,5
PAT_6854,reading,LM,HAG8,\\nasac-m2.unige.ch\m-HumanNeuronLab\ANALYSIS\FLM\Analysis_LoraFanda\01_FBM_Analysis\outputs\04_ersp_LM_RAWONLY\PAT_6854\LM\ERSP_matrix\reading\PAT_6854_reading_WM_ERSP_HAG8_TN.npy,0.0309560723514211,0.0091989664082687,True,2002,5,0.096299075,5
PAT_6854,reading,LM,HAGm1,\\nasac-m2.unige.ch\m-HumanNeuronLab\ANALYSIS\FLM\Analysis_LoraFanda\01_FBM_Analysis\outputs\04_ersp_LM_RAWONLY\PAT_6854\LM\ERSP_matrix\reading\PAT_6854_reading_WM_ERSP_HAGm1_TN.npy,0.0771317829457364,0.0023255813953488,True,2003,1,-0.0002011148,1
PAT_6854,reading,LM,HAGm2,\\nasac-m2.unige.ch\m-HumanNeuronLab\ANALYSIS\FLM\Analysis_LoraFanda\01_FBM_Analysis\outputs\04_ersp_LM_RAWONLY\PAT_6854\LM\ERSP_matrix\reading\PAT_6854_reading_WM_ERSP_HAGm2_TN.npy,0.0571059431524547,0.003204134366925,True,2004,1,-0.08867178,1
PAT_6854,reading,LM,HAGm3,\\nasac-m2.unige.ch\m-HumanNeuronLab\ANALYSIS\FLM\Analysis_LoraFanda\01_FBM_Analysis\outputs\04_ersp_LM_RAWONLY\PAT_6854\LM\ERSP_matrix\reading\PAT_6854_reading_WM_ERSP_HAGm3_TN.npy,0.0654005167958656,0.0034883720930232,True,2005,1,-0.054565955,1
PAT_6854,reading,LM,HAGm4,\\nasac-m2.unige.ch\m-HumanNeuronLab\ANALYSIS\FLM\Analysis_LoraFanda\01_FBM_Analysis\outputs\04_ersp_LM_RAWONLY\PAT_6854\LM\ERSP_matrix\reading\PAT_6854_reading_WM_ERSP_HAGm4_TN.npy,0.065968992248062,0.0038501291989664,True,2006,1,-0.06044179,1
PAT_6854,reading,LM,HAGm5,\\nasac-m2.unige.ch\m-HumanNeuronLab\ANALYSIS\FLM\Analysis_LoraFanda\01_FBM_Analysis\outputs\04_ersp_LM_RAWONLY\PAT_6854\LM\ERSP_matrix\reading\PAT_6854_reading_WM_ERSP_HAGm5_TN.npy,0.0409560723514211,0.0056847545219638,True,2007,5,0.09043319,5
PAT_6854,reading,LM,HAGm6,\\nasac-m2.unige.ch\m-HumanNeuronLab\ANALYSIS\FLM\Analysis_LoraFanda\01_FBM_Analysis\outputs\04_ersp_LM_RAWONLY\PAT_6854\LM\ERSP_matrix\reading\PAT_6854_reading_WM_ERSP_HAGm6_TN.npy,0.0210594315245478,0.0047803617571059,True,2008,5,0.117596224,5
PAT_6854,reading,LM,HAGm7,\\nasac-m2.unige.ch\m-HumanNeuronLab\ANALYSIS\FLM\Analysis_LoraFanda\01_FBM_Analysis\outputs\04_ersp_LM_RAWONLY\PAT_6854\LM\ERSP_matrix\reading\PAT_6854_reading_WM_ERSP_HAGm7_TN.npy,0.0406976744186046,0.0053746770025839,True,2009,5,0.08896154,5
PAT_6854,reading,LM,HAGm8,\\nasac-m2.unige.ch\m-HumanNeuronLab\ANALYSIS\FLM\Analysis_LoraFanda\01_FBM_Analysis\outputs\04_ersp_LM_RAWONLY\PAT_6854\LM\ERSP_matrix\reading\PAT_6854_reading_WM_ERSP_HAGm8_TN.npy,0.037312661498708,0.0064082687338501,True,2010,5,0.0924291,5
PAT_6854,reading,LM,IAD10,\\nasac-m2.unige.ch\m-HumanNeuronLab\ANALYSIS\FLM\Analysis_LoraFanda\01_FBM_Analysis\outputs\04_ersp_LM_RAWONLY\PAT_6854\LM\ERSP_matrix\reading\PAT_6854_reading_WM_ERSP_IAD10_TN.npy,0.0207493540051679,0.003875968992248,True,2011,7,-0.022159804,7
PAT_6854,reading,LM,IAD11,\\nasac-m2.unige.ch\m-HumanNeuronLab\ANALYSIS\FLM\Analysis_LoraFanda\01_FBM_Analysis\outputs\04_ersp_LM_RAWONLY\PAT_6854\LM\ERSP_matrix\reading\PAT_6854_reading_WM_ERSP_IAD11_TN.npy,0.0317829457364341,0.0039018087855297,True,2012,5,0.14848366,5
PAT_6854,reading,LM,IAD12,\\nasac-m2.unige.ch\m-HumanNeuronLab\ANALYSIS\FLM\Analysis_LoraFanda\01_FBM_Analysis\outputs\04_ersp_LM_RAWONLY\PAT_6854\LM\ERSP_matrix\reading\PAT_6854_reading_WM_ERSP_IAD12_TN.npy,0.0351937984496124,0.0035917312661498,True,2013,5,0.14500931,5
PAT_6854,reading,LM,IAD13,\\nasac-m2.unige.ch\m-HumanNeuronLab\ANALYSIS\FLM\Analysis_LoraFanda\01_FBM_Analysis\outputs\04_ersp_LM_RAWONLY\PAT_6854\LM\ERSP_matrix\reading\PAT_6854_reading_WM_ERSP_IAD13_TN.npy,0.0379328165374677,0.0041602067183462,True,2014,5,0.15634261,5
PAT_6854,reading,LM,IAD14,\\nasac-m2.unige.ch\m-HumanNeuronLab\ANALYSIS\FLM\Analysis_LoraFanda\01_FBM_Analysis\outputs\04_ersp_LM_RAWONLY\PAT_6854\LM\ERSP_matrix\reading\PAT_6854_reading_WM_ERSP_IAD14_TN.npy,0.0411627906976744,0.0043410852713178,True,2015,5,0.12100987,5
PAT_6854,reading,LM,IAD15,\\nasac-m2.unige.ch\m-HumanNeuronLab\ANALYSIS\FLM\Analysis_LoraFanda\01_FBM_Analysis\outputs\04_ersp_LM_RAWONLY\PAT_6854\LM\ERSP_matrix\reading\PAT_6854_reading_WM_ERSP_IAD15_TN.npy,0.0353229974160206,0.0052454780361757,True,2016,5,0.16033329,5
PAT_6854,reading,LM,IAD16,\\nasac-m2.unige.ch\m-HumanNeuronLab\ANALYSIS\FLM\Analysis_LoraFanda\01_FBM_Analysis\outputs\04_ersp_LM_RAWONLY\PAT_6854\LM\ERSP_matrix\reading\PAT_6854_reading_WM_ERSP_IAD16_TN.npy,0.0352713178294573,0.0040826873385012,True,2017,5,0.05018443,5
PAT_6854,reading,LM,IAD17,\\nasac-m2.unige.ch\m-HumanNeuronLab\ANALYSIS\FLM\Analysis_LoraFanda\01_FBM_Analysis\outputs\04_ersp_LM_RAWONLY\PAT_6854\LM\ERSP_matrix\reading\PAT_6854_reading_WM_ERSP_IAD17_TN.npy,0.0484237726098191,0.0028682170542635,True,2018,0,-0.0060693114,0
PAT_6854,reading,LM,IAD18,\\nasac-m2.unige.ch\m-HumanNeuronLab\ANALYSIS\FLM\Analysis_LoraFanda\01_FBM_Analysis\outputs\04_ersp_LM_RAWONLY\PAT_6854\LM\ERSP_matrix\reading\PAT_6854_reading_WM_ERSP_IAD18_TN.npy,0.04984496124031,0.0031524547803617,True,2019,5,0.053422224,5
PAT_6854,reading,LM,IAD1,\\nasac-m2.unige.ch\m-HumanNeuronLab\ANALYSIS\FLM\Analysis_LoraFanda\01_FBM_Analysis\outputs\04_ersp_LM_RAWONLY\PAT_6854\LM\ERSP_matrix\reading\PAT_6854_reading_WM_ERSP_IAD1_TN.npy,0.0261757105943152,0.004547803617571,True,2020,7,0.06878944,7
PAT_6854,reading,LM,IAD2,\\nasac-m2.unige.ch\m-HumanNeuronLab\ANALYSIS\FLM\Analysis_LoraFanda\01_FBM_Analysis\outputs\04_ersp_LM_RAWONLY\PAT_6854\LM\ERSP_matrix\reading\PAT_6854_reading_WM_ERSP_IAD2_TN.npy,0.02984496124031,0.0043669250645994,True,2021,7,0.06634337,7
PAT_6854,reading,LM,IAD3,\\nasac-m2.unige.ch\m-HumanNeuronLab\ANALYSIS\FLM\Analysis_LoraFanda\01_FBM_Analysis\outputs\04_ersp_LM_RAWONLY\PAT_6854\LM\ERSP_matrix\reading\PAT_6854_reading_WM_ERSP_IAD3_TN.npy,0.0337984496124031,0.0033850129198966,True,2022,7,0.030815829,7
PAT_6854,reading,LM,IAD4,\\nasac-m2.unige.ch\m-HumanNeuronLab\ANALYSIS\FLM\Analysis_LoraFanda\01_FBM_Analysis\outputs\04_ersp_LM_RAWONLY\PAT_6854\LM\ERSP_matrix\reading\PAT_6854_reading_WM_ERSP_IAD4_TN.npy,0.0334883720930232,0.0059431524547803,True,2023,7,0.04508969,7
PAT_6854,reading,LM,IAD5,\\nasac-m2.unige.ch\m-HumanNeuronLab\ANALYSIS\FLM\Analysis_LoraFanda\01_FBM_Analysis\outputs\04_ersp_LM_RAWONLY\PAT_6854\LM\ERSP_matrix\reading\PAT_6854_reading_WM_ERSP_IAD5_TN.npy,0.0403875968992248,0.0046770025839793,True,2024,7,0.07655297,7
PAT_6854,reading,LM,IAD6,\\nasac-m2.unige.ch\m-HumanNeuronLab\ANALYSIS\FLM\Analysis_LoraFanda\01_FBM_Analysis\outputs\04_ersp_LM_RAWONLY\PAT_6854\LM\ERSP_matrix\reading\PAT_6854_reading_WM_ERSP_IAD6_TN.npy,0.036485788113695,0.0054005167958656,True,2025,7,0.03646043,7
PAT_6854,reading,LM,IAD7,\\nasac-m2.unige.ch\m-HumanNeuronLab\ANALYSIS\FLM\Analysis_LoraFanda\01_FBM_Analysis\outputs\04_ersp_LM_RAWONLY\PAT_6854\LM\ERSP_matrix\reading\PAT_6854_reading_WM_ERSP_IAD7_TN.npy,0.0497674418604651,0.0043410852713178,True,2026,7,0.028337274,7
PAT_6854,reading,LM,IAD8,\\nasac-m2.unige.ch\m-HumanNeuronLab\ANALYSIS\FLM\Analysis_LoraFanda\01_FBM_Analysis\outputs\04_ersp_LM_RAWONLY\PAT_6854\LM\ERSP_matrix\reading\PAT_6854_reading_WM_ERSP_IAD8_TN.npy,0.03656330749354,0.0054521963824289,True,2027,5,0.07560538,5
PAT_6854,reading,LM,IAD9,\\nasac-m2.unige.ch\m-HumanNeuronLab\ANALYSIS\FLM\Analysis_LoraFanda\01_FBM_Analysis\outputs\04_ersp_LM_RAWONLY\PAT_6854\LM\ERSP_matrix\reading\PAT_6854_reading_WM_ERSP_IAD9_TN.npy,0.0338242894056847,0.0049870801033591,True,2028,5,0.070413925,5
PAT_6854,reading,LM,IAG10,\\nasac-m2.unige.ch\m-HumanNeuronLab\ANALYSIS\FLM\Analysis_LoraFanda\01_FBM_Analysis\outputs\04_ersp_LM_RAWONLY\PAT_6854\LM\ERSP_matrix\reading\PAT_6854_reading_WM_ERSP_IAG10_TN.npy,0.0253746770025839,0.0159431524547803,True,2029,4,0.1382663,4
PAT_6854,reading,LM,IAG12,\\nasac-m2.unige.ch\m-HumanNeuronLab\ANALYSIS\FLM\Analysis_LoraFanda\01_FBM_Analysis\outputs\04_ersp_LM_RAWONLY\PAT_6854\LM\ERSP_matrix\reading\PAT_6854_reading_WM_ERSP_IAG12_TN.npy,0.0255555555555555,0.0136175710594315,True,2030,4,0.083765596,4
PAT_6854,reading,LM,IAG13,\\nasac-m2.unige.ch\m-HumanNeuronLab\ANALYSIS\FLM\Analysis_LoraFanda\01_FBM_Analysis\outputs\04_ersp_LM_RAWONLY\PAT_6854\LM\ERSP_matrix\reading\PAT_6854_reading_WM_ERSP_IAG13_TN.npy,0.0231007751937984,0.0101033591731266,True,2031,4,-0.008487402,4
PAT_6854,reading,LM,IAG2,\\nasac-m2.unige.ch\m-HumanNeuronLab\ANALYSIS\FLM\Analysis_LoraFanda\01_FBM_Analysis\outputs\04_ersp_LM_RAWONLY\PAT_6854\LM\ERSP_matrix\reading\PAT_6854_reading_WM_ERSP_IAG2_TN.npy,0.02328165374677,0.0124547803617571,True,2032,7,0.044564586,7
PAT_6854,reading,LM,IAG3,\\nasac-m2.unige.ch\m-HumanNeuronLab\ANALYSIS\FLM\Analysis_LoraFanda\01_FBM_Analysis\outputs\04_ersp_LM_RAWONLY\PAT_6854\LM\ERSP_matrix\reading\PAT_6854_reading_WM_ERSP_IAG3_TN.npy,0.0271317829457364,0.0217054263565891,True,2033,4,0.103328034,4
PAT_6854,reading,LM,IAG4,\\nasac-m2.unige.ch\m-HumanNeuronLab\ANALYSIS\FLM\Analysis_LoraFanda\01_FBM_Analysis\outputs\04_ersp_LM_RAWONLY\PAT_6854\LM\ERSP_matrix\reading\PAT_6854_reading_WM_ERSP_IAG4_TN.npy,0.0277260981912144,0.0196640826873385,True,2034,4,0.17272395,4
PAT_6854,reading,LM,IAG6,\\nasac-m2.unige.ch\m-HumanNeuronLab\ANALYSIS\FLM\Analysis_LoraFanda\01_FBM_Analysis\outputs\04_ersp_LM_RAWONLY\PAT_6854\LM\ERSP_matrix\reading\PAT_6854_reading_WM_ERSP_IAG6_TN.npy,0.0484237726098191,0.0222480620155038,True,2035,4,0.048053946,4
PAT_6854,reading,LM,IAG7,\\nasac-m2.unige.ch\m-HumanNeuronLab\ANALYSIS\FLM\Analysis_LoraFanda\01_FBM_Analysis\outputs\04_ersp_LM_RAWONLY\PAT_6854\LM\ERSP_matrix\reading\PAT_6854_reading_WM_ERSP_IAG7_TN.npy,0.0536692506459948,0.0144186046511627,True,2036,4,0.031298082,4
PAT_6854,reading,LM,IAG8,\\nasac-m2.unige.ch\m-HumanNeuronLab\ANALYSIS\FLM\Analysis_LoraFanda\01_FBM_Analysis\outputs\04_ersp_LM_RAWONLY\PAT_6854\LM\ERSP_matrix\reading\PAT_6854_reading_WM_ERSP_IAG8_TN.npy,0.0311111111111111,0.0240051679586563,True,2037,4,0.23679383,4
PAT_6854,reading,LM,IAG9,\\nasac-m2.unige.ch\m-HumanNeuronLab\ANALYSIS\FLM\Analysis_LoraFanda\01_FBM_Analysis\outputs\04_ersp_LM_RAWONLY\PAT_6854\LM\ERSP_matrix\reading\PAT_6854_reading_WM_ERSP_IAG9_TN.npy,0.0235658914728682,0.019250645994832,True,2038,4,0.18461423,4
PAT_6854,reading,LM,IMG10,\\nasac-m2.unige.ch\m-HumanNeuronLab\ANALYSIS\FLM\Analysis_LoraFanda\01_FBM_Analysis\outputs\04_ersp_LM_RAWONLY\PAT_6854\LM\ERSP_matrix\reading\PAT_6854_reading_WM_ERSP_IMG10_TN.npy,0.0341343669250646,0.0280103359173126,True,2039,4,0.21870703,4
PAT_6854,reading,LM,IMG11,\\nasac-m2.unige.ch\m-HumanNeuronLab\ANALYSIS\FLM\Analysis_LoraFanda\01_FBM_Analysis\outputs\04_ersp_LM_RAWONLY\PAT_6854\LM\ERSP_matrix\reading\PAT_6854_reading_WM_ERSP_IMG11_TN.npy,0.0518346253229974,0.0233333333333333,True,2040,4,0.12803134,4
PAT_6854,reading,LM,IMG12,\\nasac-m2.unige.ch\m-HumanNeuronLab\ANALYSIS\FLM\Analysis_LoraFanda\01_FBM_Analysis\outputs\04_ersp_LM_RAWONLY\PAT_6854\LM\ERSP_matrix\reading\PAT_6854_reading_WM_ERSP_IMG12_TN.npy,0.0524031007751938,0.0234108527131782,True,2041,4,0.1341452,4
PAT_6854,reading,LM,IMG13,\\nasac-m2.unige.ch\m-HumanNeuronLab\ANALYSIS\FLM\Analysis_LoraFanda\01_FBM_Analysis\outputs\04_ersp_LM_RAWONLY\PAT_6854\LM\ERSP_matrix\reading\PAT_6854_reading_WM_ERSP_IMG13_TN.npy,0.0391214470284237,0.0243152454780361,True,2042,4,0.15794915,4
PAT_6854,reading,LM,IMG7,\\nasac-m2.unige.ch\m-HumanNeuronLab\ANALYSIS\FLM\Analysis_LoraFanda\01_FBM_Analysis\outputs\04_ersp_LM_RAWONLY\PAT_6854\LM\ERSP_matrix\reading\PAT_6854_reading_WM_ERSP_IMG7_TN.npy,0.024470284237726,0.0165374677002583,True,2043,4,0.061888706,4
PAT_6854,reading,LM,IMG8,\\nasac-m2.unige.ch\m-HumanNeuronLab\ANALYSIS\FLM\Analysis_LoraFanda\01_FBM_Analysis\outputs\04_ersp_LM_RAWONLY\PAT_6854\LM\ERSP_matrix\reading\PAT_6854_reading_WM_ERSP_IMG8_TN.npy,0.0300775193798449,0.0229715762273901,True,2044,4,0.20476994,4
PAT_6854,reading,LM,IMG9,\\nasac-m2.unige.ch\m-HumanNeuronLab\ANALYSIS\FLM\Analysis_LoraFanda\01_FBM_Analysis\outputs\04_ersp_LM_RAWONLY\PAT_6854\LM\ERSP_matrix\reading\PAT_6854_reading_WM_ERSP_IMG9_TN.npy,0.0270542635658914,0.0253746770025839,True,2045,4,0.20058575,4
PAT_6854,reading,LM,IPG10,\\nasac-m2.unige.ch\m-HumanNeuronLab\ANALYSIS\FLM\Analysis_LoraFanda\01_FBM_Analysis\outputs\04_ersp_LM_RAWONLY\PAT_6854\LM\ERSP_matrix\reading\PAT_6854_reading_WM_ERSP_IPG10_TN.npy,0.0203617571059431,0.0072609819121447,True,2046,7,0.10632046,7
PAT_6854,reading,LM,IPG12,\\nasac-m2.unige.ch\m-HumanNeuronLab\ANALYSIS\FLM\Analysis_LoraFanda\01_FBM_Analysis\outputs\04_ersp_LM_RAWONLY\PAT_6854\LM\ERSP_matrix\reading\PAT_6854_reading_WM_ERSP_IPG12_TN.npy,0.02,0.0102842377260981,True,2047,7,0.051527057,7
PAT_6854,reading,LM,IPG18,\\nasac-m2.unige.ch\m-HumanNeuronLab\ANALYSIS\FLM\Analysis_LoraFanda\01_FBM_Analysis\outputs\04_ersp_LM_RAWONLY\PAT_6854\LM\ERSP_matrix\reading\PAT_6854_reading_WM_ERSP_IPG18_TN.npy,0.0206201550387596,0.0051937984496124,True,2048,7,-0.030664831,7
PAT_6854,reading,LM,IPG7,\\nasac-m2.unige.ch\m-HumanNeuronLab\ANALYSIS\FLM\Analysis_LoraFanda\01_FBM_Analysis\outputs\04_ersp_LM_RAWONLY\PAT_6854\LM\ERSP_matrix\reading\PAT_6854_reading_WM_ERSP_IPG7_TN.npy,0.0202583979328165,0.0101550387596899,True,2049,4,-0.038793854,4
PAT_6854,reading,LM,OFG1,\\nasac-m2.unige.ch\m-HumanNeuronLab\ANALYSIS\FLM\Analysis_LoraFanda\01_FBM_Analysis\outputs\04_ersp_LM_RAWONLY\PAT_6854\LM\ERSP_matrix\reading\PAT_6854_reading_WM_ERSP_OFG1_TN.npy,0.0309302325581395,0.0210594315245478,True,2050,4,0.21829775,4
PAT_6854,reading,LM,OFG2,\\nasac-m2.unige.ch\m-HumanNeuronLab\ANALYSIS\FLM\Analysis_LoraFanda\01_FBM_Analysis\outputs\04_ersp_LM_RAWONLY\PAT_6854\LM\ERSP_matrix\reading\PAT_6854_reading_WM_ERSP_OFG2_TN.npy,0.0316537467700258,0.0255813953488372,True,2051,4,0.2351335,4
PAT_6854,reading,LM,OFG3,\\nasac-m2.unige.ch\m-HumanNeuronLab\ANALYSIS\FLM\Analysis_LoraFanda\01_FBM_Analysis\outputs\04_ersp_LM_RAWONLY\PAT_6854\LM\ERSP_matrix\reading\PAT_6854_reading_WM_ERSP_OFG3_TN.npy,0.0321705426356589,0.0322222222222222,True,2052,4,0.29957122,4
PAT_6854,reading,LM,OFG4,\\nasac-m2.unige.ch\m-HumanNeuronLab\ANALYSIS\FLM\Analysis_LoraFanda\01_FBM_Analysis\outputs\04_ersp_LM_RAWONLY\PAT_6854\LM\ERSP_matrix\reading\PAT_6854_reading_WM_ERSP_OFG4_TN.npy,0.0284754521963824,0.0323514211886304,True,2053,4,0.28691748,4
PAT_6854,reading,LM,OFG5,\\nasac-m2.unige.ch\m-HumanNeuronLab\ANALYSIS\FLM\Analysis_LoraFanda\01_FBM_Analysis\outputs\04_ersp_LM_RAWONLY\PAT_6854\LM\ERSP_matrix\reading\PAT_6854_reading_WM_ERSP_OFG5_TN.npy,0.0310077519379844,0.0376744186046511,True,2054,4,0.3016077,4
PAT_6854,reading,LM,OFG6,\\nasac-m2.unige.ch\m-HumanNeuronLab\ANALYSIS\FLM\Analysis_LoraFanda\01_FBM_Analysis\outputs\04_ersp_LM_RAWONLY\PAT_6854\LM\ERSP_matrix\reading\PAT_6854_reading_WM_ERSP_OFG6_TN.npy,0.0279328165374677,0.0391214470284237,True,2055,4,0.292478,4
PAT_6854,reading,LM,OFG7,\\nasac-m2.unige.ch\m-HumanNeuronLab\ANALYSIS\FLM\Analysis_LoraFanda\01_FBM_Analysis\outputs\04_ersp_LM_RAWONLY\PAT_6854\LM\ERSP_matrix\reading\PAT_6854_reading_WM_ERSP_OFG7_TN.npy,0.0274160206718346,0.0322480620155038,True,2056,4,0.27250847,4
PAT_6854,reading,LM,OFG8,\\nasac-m2.unige.ch\m-HumanNeuronLab\ANALYSIS\FLM\Analysis_LoraFanda\01_FBM_Analysis\outputs\04_ersp_LM_RAWONLY\PAT_6854\LM\ERSP_matrix\reading\PAT_6854_reading_WM_ERSP_OFG8_TN.npy,0.0224031007751937,0.025813953488372,True,2057,4,0.23757061,4
PAT_6854,reading,LM,OPG1,\\nasac-m2.unige.ch\m-HumanNeuronLab\ANALYSIS\FLM\Analysis_LoraFanda\01_FBM_Analysis\outputs\04_ersp_LM_RAWONLY\PAT_6854\LM\ERSP_matrix\reading\PAT_6854_reading_WM_ERSP_OPG1_TN.npy,0.0320671834625322,0.0137726098191214,True,2058,4,0.017679734,4
PAT_6854,reading,LM,OPG2,\\nasac-m2.unige.ch\m-HumanNeuronLab\ANALYSIS\FLM\Analysis_LoraFanda\01_FBM_Analysis\outputs\04_ersp_LM_RAWONLY\PAT_6854\LM\ERSP_matrix\reading\PAT_6854_reading_WM_ERSP_OPG2_TN.npy,0.0352454780361757,0.016485788113695,True,2059,4,0.07138255,4
PAT_6854,reading,LM,OPG3,\\nasac-m2.unige.ch\m-HumanNeuronLab\ANALYSIS\FLM\Analysis_LoraFanda\01_FBM_Analysis\outputs\04_ersp_LM_RAWONLY\PAT_6854\LM\ERSP_matrix\reading\PAT_6854_reading_WM_ERSP_OPG3_TN.npy,0.0303359173126614,0.0235917312661498,True,2060,4,0.1410547,4
PAT_6854,reading,LM,OPG4,\\nasac-m2.unige.ch\m-HumanNeuronLab\ANALYSIS\FLM\Analysis_LoraFanda\01_FBM_Analysis\outputs\04_ersp_LM_RAWONLY\PAT_6854\LM\ERSP_matrix\reading\PAT_6854_reading_WM_ERSP_OPG4_TN.npy,0.0404651162790697,0.0277519379844961,True,2061,4,0.17858526,4
PAT_6854,reading,LM,OPG5,\\nasac-m2.unige.ch\m-HumanNeuronLab\ANALYSIS\FLM\Analysis_LoraFanda\01_FBM_Analysis\outputs\04_ersp_LM_RAWONLY\PAT_6854\LM\ERSP_matrix\reading\PAT_6854_reading_WM_ERSP_OPG5_TN.npy,0.0297932816537467,0.033953488372093,True,2062,4,0.19458032,4
PAT_6854,reading,LM,OPG6,\\nasac-m2.unige.ch\m-HumanNeuronLab\ANALYSIS\FLM\Analysis_LoraFanda\01_FBM_Analysis\outputs\04_ersp_LM_RAWONLY\PAT_6854\LM\ERSP_matrix\reading\PAT_6854_reading_WM_ERSP_OPG6_TN.npy,0.0241085271317829,0.0322222222222222,True,2063,4,0.24562347,4
PAT_6854,reading,LM,OPG7,\\nasac-m2.unige.ch\m-HumanNeuronLab\ANALYSIS\FLM\Analysis_LoraFanda\01_FBM_Analysis\outputs\04_ersp_LM_RAWONLY\PAT_6854\LM\ERSP_matrix\reading\PAT_6854_reading_WM_ERSP_OPG7_TN.npy,0.0256072351421188,0.0269767441860465,True,2064,4,0.19242583,4
PAT_6854,reading,LM,OPG8,\\nasac-m2.unige.ch\m-HumanNeuronLab\ANALYSIS\FLM\Analysis_LoraFanda\01_FBM_Analysis\outputs\04_ersp_LM_RAWONLY\PAT_6854\LM\ERSP_matrix\reading\PAT_6854_reading_WM_ERSP_OPG8_TN.npy,0.0265374677002584,0.0328682170542635,True,2065,4,0.25034538,4
PAT_6854,reading,LM,TBG10,\\nasac-m2.unige.ch\m-HumanNeuronLab\ANALYSIS\FLM\Analysis_LoraFanda\01_FBM_Analysis\outputs\04_ersp_LM_RAWONLY\PAT_6854\LM\ERSP_matrix\reading\PAT_6854_reading_WM_ERSP_TBG10_TN.npy,0.0316795865633074,0.0082945736434108,True,2066,5,0.08085569,5
PAT_6854,reading,LM,TBG11,\\nasac-m2.unige.ch\m-HumanNeuronLab\ANALYSIS\FLM\Analysis_LoraFanda\01_FBM_Analysis\outputs\04_ersp_LM_RAWONLY\PAT_6854\LM\ERSP_matrix\reading\PAT_6854_reading_WM_ERSP_TBG11_TN.npy,0.0326356589147286,0.0096124031007751,True,2067,5,0.064798325,5
PAT_6854,reading,LM,TBG12,\\nasac-m2.unige.ch\m-HumanNeuronLab\ANALYSIS\FLM\Analysis_LoraFanda\01_FBM_Analysis\outputs\04_ersp_LM_RAWONLY\PAT_6854\LM\ERSP_matrix\reading\PAT_6854_reading_WM_ERSP_TBG12_TN.npy,0.0325581395348837,0.0125064599483204,True,2068,5,0.028607514,5
PAT_6854,reading,LM,TBG1,\\nasac-m2.unige.ch\m-HumanNeuronLab\ANALYSIS\FLM\Analysis_LoraFanda\01_FBM_Analysis\outputs\04_ersp_LM_RAWONLY\PAT_6854\LM\ERSP_matrix\reading\PAT_6854_reading_WM_ERSP_TBG1_TN.npy,0.136485788113695,0.0027131782945736,True,2069,1,-0.034445696,1
PAT_6854,reading,LM,TBG2,\\nasac-m2.unige.ch\m-HumanNeuronLab\ANALYSIS\FLM\Analysis_LoraFanda\01_FBM_Analysis\outputs\04_ersp_LM_RAWONLY\PAT_6854\LM\ERSP_matrix\reading\PAT_6854_reading_WM_ERSP_TBG2_TN.npy,0.1241602067183462,0.0027131782945736,True,2070,1,-0.06295574,1
PAT_6854,reading,LM,TBG3,\\nasac-m2.unige.ch\m-HumanNeuronLab\ANALYSIS\FLM\Analysis_LoraFanda\01_FBM_Analysis\outputs\04_ersp_LM_RAWONLY\PAT_6854\LM\ERSP_matrix\reading\PAT_6854_reading_WM_ERSP_TBG3_TN.npy,0.055219638242894,0.0043152454780361,True,2071,5,0.09067902,5
PAT_6854,reading,LM,TBG4,\\nasac-m2.unige.ch\m-HumanNeuronLab\ANALYSIS\FLM\Analysis_LoraFanda\01_FBM_Analysis\outputs\04_ersp_LM_RAWONLY\PAT_6854\LM\ERSP_matrix\reading\PAT_6854_reading_WM_ERSP_TBG4_TN.npy,0.0362790697674418,0.0063307493540051,True,2072,7,-0.034766346,7
PAT_6854,reading,LM,TBG5,\\nasac-m2.unige.ch\m-HumanNeuronLab\ANALYSIS\FLM\Analysis_LoraFanda\01_FBM_Analysis\outputs\04_ersp_LM_RAWONLY\PAT_6854\LM\ERSP_matrix\reading\PAT_6854_reading_WM_ERSP_TBG5_TN.npy,0.0409819121447028,0.0088888888888888,True,2073,7,0.0001198379,7
PAT_6854,reading,LM,TBG6,\\nasac-m2.unige.ch\m-HumanNeuronLab\ANALYSIS\FLM\Analysis_LoraFanda\01_FBM_Analysis\outputs\04_ersp_LM_RAWONLY\PAT_6854\LM\ERSP_matrix\reading\PAT_6854_reading_WM_ERSP_TBG6_TN.npy,0.0323514211886304,0.0114211886304909,True,2074,7,0.027609715,7
PAT_6854,reading,LM,TBG7,\\nasac-m2.unige.ch\m-HumanNeuronLab\ANALYSIS\FLM\Analysis_LoraFanda\01_FBM_Analysis\outputs\04_ersp_LM_RAWONLY\PAT_6854\LM\ERSP_matrix\reading\PAT_6854_reading_WM_ERSP_TBG7_TN.npy,0.0309043927648578,0.0122997416020671,True,2075,7,0.023285383,7
PAT_6854,reading,LM,TBG8,\\nasac-m2.unige.ch\m-HumanNeuronLab\ANALYSIS\FLM\Analysis_LoraFanda\01_FBM_Analysis\outputs\04_ersp_LM_RAWONLY\PAT_6854\LM\ERSP_matrix\reading\PAT_6854_reading_WM_ERSP_TBG8_TN.npy,0.0354521963824289,0.0085529715762273,True,2076,5,0.029586233,5
PAT_6854,reading,LM,TBG9,\\nasac-m2.unige.ch\m-HumanNeuronLab\ANALYSIS\FLM\Analysis_LoraFanda\01_FBM_Analysis\outputs\04_ersp_LM_RAWONLY\PAT_6854\LM\ERSP_matrix\reading\PAT_6854_reading_WM_ERSP_TBG9_TN.npy,0.0303359173126614,0.008578811369509,True,2077,5,0.07391634,5
PAT_6854,reading,LM,TPG1,\\nasac-m2.unige.ch\m-HumanNeuronLab\ANALYSIS\FLM\Analysis_LoraFanda\01_FBM_Analysis\outputs\04_ersp_LM_RAWONLY\PAT_6854\LM\ERSP_matrix\reading\PAT_6854_reading_WM_ERSP_TPG1_TN.npy,0.0548837209302325,0.0059948320413436,True,2078,5,0.098301716,5
PAT_6854,reading,LM,TPG2,\\nasac-m2.unige.ch\m-HumanNeuronLab\ANALYSIS\FLM\Analysis_LoraFanda\01_FBM_Analysis\outputs\04_ersp_LM_RAWONLY\PAT_6854\LM\ERSP_matrix\reading\PAT_6854_reading_WM_ERSP_TPG2_TN.npy,0.0395865633074935,0.0094573643410852,True,2079,5,0.0654118,5
PAT_6854,reading,LM,TPG3,\\nasac-m2.unige.ch\m-HumanNeuronLab\ANALYSIS\FLM\Analysis_LoraFanda\01_FBM_Analysis\outputs\04_ersp_LM_RAWONLY\PAT_6854\LM\ERSP_matrix\reading\PAT_6854_reading_WM_ERSP_TPG3_TN.npy,0.0286304909560723,0.0128682170542635,True,2080,7,-0.01409989,7
PAT_6854,reading,LM,TPG4,\\nasac-m2.unige.ch\m-HumanNeuronLab\ANALYSIS\FLM\Analysis_LoraFanda\01_FBM_Analysis\outputs\04_ersp_LM_RAWONLY\PAT_6854\LM\ERSP_matrix\reading\PAT_6854_reading_WM_ERSP_TPG4_TN.npy,0.0231524547803617,0.0064599483204134,True,2081,7,-0.013561358,7
PAT_6854,reading,LM,TPG5,\\nasac-m2.unige.ch\m-HumanNeuronLab\ANALYSIS\FLM\Analysis_LoraFanda\01_FBM_Analysis\outputs\04_ersp_LM_RAWONLY\PAT_6854\LM\ERSP_matrix\reading\PAT_6854_reading_WM_ERSP_TPG5_TN.npy,0.0243152454780361,0.0097932816537467,True,2082,5,0.048061427,5
PAT_6854,reading,LM,TPG6,\\nasac-m2.unige.ch\m-HumanNeuronLab\ANALYSIS\FLM\Analysis_LoraFanda\01_FBM_Analysis\outputs\04_ersp_LM_RAWONLY\PAT_6854\LM\ERSP_matrix\reading\PAT_6854_reading_WM_ERSP_TPG6_TN.npy,0.0347803617571059,0.0081653746770025,True,2083,0,0.06423479,0
PAT_6854,reading,LM,TPG7,\\nasac-m2.unige.ch\m-HumanNeuronLab\ANALYSIS\FLM\Analysis_LoraFanda\01_FBM_Analysis\outputs\04_ersp_LM_RAWONLY\PAT_6854\LM\ERSP_matrix\reading\PAT_6854_reading_WM_ERSP_TPG7_TN.npy,0.0402583979328165,0.0101291989664082,True,2084,0,0.075303294,0
PAT_6854,reading,LM,TPG8,\\nasac-m2.unige.ch\m-HumanNeuronLab\ANALYSIS\FLM\Analysis_LoraFanda\01_FBM_Analysis\outputs\04_ersp_LM_RAWONLY\PAT_6854\LM\ERSP_matrix\reading\PAT_6854_reading_WM_ERSP_TPG8_TN.npy,0.0208268733850129,0.0126873385012919,True,2085,5,0.06314052,5
PAT_6854,reading,LM,TSG2,\\nasac-m2.unige.ch\m-HumanNeuronLab\ANALYSIS\FLM\Analysis_LoraFanda\01_FBM_Analysis\outputs\04_ersp_LM_RAWONLY\PAT_6854\LM\ERSP_matrix\reading\PAT_6854_reading_WM_ERSP_TSG2_TN.npy,0.0257364341085271,0.0396124031007751,True,2086,4,0.2262348,4
PAT_6854,reading,LM,TSG3,\\nasac-m2.unige.ch\m-HumanNeuronLab\ANALYSIS\FLM\Analysis_LoraFanda\01_FBM_Analysis\outputs\04_ersp_LM_RAWONLY\PAT_6854\LM\ERSP_matrix\reading\PAT_6854_reading_WM_ERSP_TSG3_TN.npy,0.022609819121447,0.0378552971576227,True,2087,4,0.21103223,4
PAT_6854,reading,LM,TSG4,\\nasac-m2.unige.ch\m-HumanNeuronLab\ANALYSIS\FLM\Analysis_LoraFanda\01_FBM_Analysis\outputs\04_ersp_LM_RAWONLY\PAT_6854\LM\ERSP_matrix\reading\PAT_6854_reading_WM_ERSP_TSG4_TN.npy,0.0274935400516795,0.0424806201550387,True,2088,4,0.22560316,4
PAT_6854,reading,LM,TSG5,\\nasac-m2.unige.ch\m-HumanNeuronLab\ANALYSIS\FLM\Analysis_LoraFanda\01_FBM_Analysis\outputs\04_ersp_LM_RAWONLY\PAT_6854\LM\ERSP_matrix\reading\PAT_6854_reading_WM_ERSP_TSG5_TN.npy,0.0247286821705426,0.0184754521963824,True,2089,4,0.04164053,4
PAT_6854,reading,LM,X1m1,\\nasac-m2.unige.ch\m-HumanNeuronLab\ANALYSIS\FLM\Analysis_LoraFanda\01_FBM_Analysis\outputs\04_ersp_LM_RAWONLY\PAT_6854\LM\ERSP_matrix\reading\PAT_6854_reading_WM_ERSP_X1m1_TN.npy,0.0438501291989664,0.0029457364341085,True,2090,5,0.040422518,5
PAT_6854,reading,LM,X1m2,\\nasac-m2.unige.ch\m-HumanNeuronLab\ANALYSIS\FLM\Analysis_LoraFanda\01_FBM_Analysis\outputs\04_ersp_LM_RAWONLY\PAT_6854\LM\ERSP_matrix\reading\PAT_6854_reading_WM_ERSP_X1m2_TN.npy,0.0228423772609819,0.005891472868217,True,2091,5,0.108151376,5
PAT_6854,reading,LM,X1m3,\\nasac-m2.unige.ch\m-HumanNeuronLab\ANALYSIS\FLM\Analysis_LoraFanda\01_FBM_Analysis\outputs\04_ersp_LM_RAWONLY\PAT_6854\LM\ERSP_matrix\reading\PAT_6854_reading_WM_ERSP_X1m3_TN.npy,0.022609819121447,0.0061240310077519,True,2092,5,0.09722488,5
PAT_6854,reading,LM,X1m4,\\nasac-m2.unige.ch\m-HumanNeuronLab\ANALYSIS\FLM\Analysis_LoraFanda\01_FBM_Analysis\outputs\04_ersp_LM_RAWONLY\PAT_6854\LM\ERSP_matrix\reading\PAT_6854_reading_WM_ERSP_X1m4_TN.npy,0.0214728682170542,0.004547803617571,True,2093,5,0.08669824,5
PAT_6854,reading,LM,X1m5,\\nasac-m2.unige.ch\m-HumanNeuronLab\ANALYSIS\FLM\Analysis_LoraFanda\01_FBM_Analysis\outputs\04_ersp_LM_RAWONLY\PAT_6854\LM\ERSP_matrix\reading\PAT_6854_reading_WM_ERSP_X1m5_TN.npy,0.0206459948320413,0.005297157622739,True,2094,5,0.11584238,5
PAT_6854,reading,LM,X1m6,\\nasac-m2.unige.ch\m-HumanNeuronLab\ANALYSIS\FLM\Analysis_LoraFanda\01_FBM_Analysis\outputs\04_ersp_LM_RAWONLY\PAT_6854\LM\ERSP_matrix\reading\PAT_6854_reading_WM_ERSP_X1m6_TN.npy,0.0242118863049095,0.0060723514211886,True,2095,5,0.11491047,5
PAT_6854,reading,LM,X1m7,\\nasac-m2.unige.ch\m-HumanNeuronLab\ANALYSIS\FLM\Analysis_LoraFanda\01_FBM_Analysis\outputs\04_ersp_LM_RAWONLY\PAT_6854\LM\ERSP_matrix\reading\PAT_6854_reading_WM_ERSP_X1m7_TN.npy,0.0254005167958656,0.00656330749354,True,2096,5,0.104721874,5
PAT_6854,reading,LM,X1m8,\\nasac-m2.unige.ch\m-HumanNeuronLab\ANALYSIS\FLM\Analysis_LoraFanda\01_FBM_Analysis\outputs\04_ersp_LM_RAWONLY\PAT_6854\LM\ERSP_matrix\reading\PAT_6854_reading_WM_ERSP_X1m8_TN.npy,0.0233850129198966,0.0054005167958656,True,2097,5,0.1147434,5
PAT_6854,reading,LM,X2m1,\\nasac-m2.unige.ch\m-HumanNeuronLab\ANALYSIS\FLM\Analysis_LoraFanda\01_FBM_Analysis\outputs\04_ersp_LM_RAWONLY\PAT_6854\LM\ERSP_matrix\reading\PAT_6854_reading_WM_ERSP_X2m1_TN.npy,0.0367183462532299,0.0052713178294573,True,2098,5,0.05120382,5
PAT_6854,reading,LM,X2m4,\\nasac-m2.unige.ch\m-HumanNeuronLab\ANALYSIS\FLM\Analysis_LoraFanda\01_FBM_Analysis\outputs\04_ersp_LM_RAWONLY\PAT_6854\LM\ERSP_matrix\reading\PAT_6854_reading_WM_ERSP_X2m4_TN.npy,0.0259948320413436,0.0054780361757105,True,2099,5,0.08261898,5
PAT_6854,reading,LM,X2m5,\\nasac-m2.unige.ch\m-HumanNeuronLab\ANALYSIS\FLM\Analysis_LoraFanda\01_FBM_Analysis\outputs\04_ersp_LM_RAWONLY\PAT_6854\LM\ERSP_matrix\reading\PAT_6854_reading_WM_ERSP_X2m5_TN.npy,0.0245219638242894,0.0058397932816537,True,2100,5,0.08377684,5
PAT_6854,reading,LM,X2m8,\\nasac-m2.unige.ch\m-HumanNeuronLab\ANALYSIS\FLM\Analysis_LoraFanda\01_FBM_Analysis\outputs\04_ersp_LM_RAWONLY\PAT_6854\LM\ERSP_matrix\reading\PAT_6854_reading_WM_ERSP_X2m8_TN.npy,0.0254521963824289,0.0048320413436692,True,2101,5,0.120226026,5
