k,cluster,condition,n,onset_pct,crosses,onset_stim_pct,onset_resp_pct,resp_carryover,peak_pct,peak_db,peak_stim_pct,peak_stim_db,peak_resp_pct,peak_resp_db,mean_db,auc_post_go
4,0,audio,176,13.833333333333332,True,13.833333333333332,50.166666666666664,True,40.83333333333333,-1.1648082579109045,40.83333333333333,-1.1648082579109045,53.166666666666664,-0.8861194028974172,-0.4003740741503666,-0.14971879889574005
4,0,picture,176,45.83333333333333,True,45.83333333333333,51.166666666666664,False,79.16666666666667,0.6472515262986153,47.166666666666664,-0.604682063975898,79.16666666666667,0.6472515262986153,-0.18253300775049258,-0.0038370632649402836
4,0,reading,176,8.833333333333332,True,8.833333333333332,50.166666666666664,True,42.49999999999999,-1.295233887853101,42.49999999999999,-1.295233887853101,52.49999999999999,-1.2824248136894312,-0.6210917315571353,-0.4133504597724616
4,1,audio,155,2.4999999999999996,True,2.4999999999999996,50.166666666666664,True,76.5,2.2612827370243687,3.833333333333333,1.512790404424642,76.5,2.2612827370243687,0.712417109711519,0.9135795169906221
4,1,picture,155,65.83333333333333,True,,65.83333333333333,False,74.5,2.0015407499286435,47.166666666666664,-0.2692489574392957,74.5,2.0015407499286435,0.3287949615055004,0.7818107741145109
4,1,reading,155,7.166666666666667,True,7.166666666666667,53.83333333333333,False,21.5,-1.3577551434537576,21.5,-1.3577551434537576,58.166666666666664,-1.1303123918972673,-0.23345695129104627,0.283531151255473
4,2,audio,605,100.0,False,,,False,71.83333333333333,0.47218340697721384,3.833333333333333,0.26899139199190397,71.83333333333333,0.47218340697721384,0.11115082497144026,0.18847570168254932
4,2,picture,605,67.83333333333333,True,,67.83333333333333,False,71.5,0.5586077882635045,26.5,0.37256710162472406,71.5,0.5586077882635045,0.2960496506605265,0.341539694152802
4,2,reading,605,2.4999999999999996,True,2.4999999999999996,69.83333333333333,False,76.5,0.6907469644877012,2.833333333333333,0.6089247746735595,76.5,0.6907469644877012,0.27437170022612406,0.3376264141957119
4,3,audio,180,13.166666666666666,True,13.166666666666666,56.166666666666664,False,66.5,1.6864705361425876,31.833333333333332,-0.9419629593897197,66.5,1.6864705361425876,0.11781787267779985,0.7581256015381215
4,3,picture,180,58.166666666666664,True,,58.166666666666664,False,72.16666666666667,2.1188535410496923,19.166666666666668,-0.2955341669595024,72.16666666666667,2.1188535410496923,0.4841443848903138,1.094590623024884
4,3,reading,180,2.4999999999999996,True,2.4999999999999996,60.166666666666664,False,75.5,2.4336424105697207,2.833333333333333,0.9278803755467885,75.5,2.4336424105697207,0.4658655485528262,1.0684759865233109
5,0,audio,83,1.8333333333333333,True,1.8333333333333333,55.166666666666664,False,4.166666666666667,2.780733847429594,4.166666666666667,2.780733847429594,76.83333333333333,1.6495722365756351,1.094617124780334,0.9891652828103641
5,0,picture,83,17.5,True,17.5,55.49999999999999,False,74.5,1.6835737520133156,26.5,0.6707830551130899,74.5,1.6835737520133156,0.7390203042066973,1.0834291106304976
5,0,reading,83,64.16666666666667,True,,64.16666666666667,False,82.5,1.4776457958372242,6.833333333333333,0.43537251986927883,82.5,1.4776457958372242,0.43855620483715807,0.7647796608083858
5,1,audio,167,9.833333333333332,True,9.833333333333332,56.49999999999999,False,66.83333333333333,1.5929213685546806,31.833333333333332,-1.062937389055412,66.83333333333333,1.5929213685546806,0.024050834212128034,0.6763300601706315
5,1,picture,167,58.166666666666664,True,,58.166666666666664,False,72.5,2.045422281779929,19.166666666666668,-0.31879468600357697,72.5,2.045422281779929,0.45623961206328334,1.0584415086140135
5,1,reading,167,2.4999999999999996,True,2.4999999999999996,60.166666666666664,False,75.83333333333333,2.3954992116746787,2.833333333333333,0.9837122789635098,75.83333333333333,2.3954992116746787,0.4188008213053002,1.0446800397553473
5,2,audio,633,100.0,False,,,False,71.83333333333333,0.47449638606762695,3.833333333333333,0.2507306017043396,71.83333333333333,0.47449638606762695,0.08787176679659847,0.17647047353555673
5,2,picture,633,68.16666666666667,True,,68.16666666666667,False,75.83333333333333,0.5526983050190318,26.5,0.3251537638236163,75.83333333333333,0.5526983050190318,0.27430174967867116,0.33673845277668296
5,2,reading,633,2.4999999999999996,True,2.4999999999999996,73.83333333333333,False,76.5,0.6731717535680805,2.833333333333333,0.5768074074301774,76.5,0.6731717535680805,0.23190149687536438,0.3076119329354692
5,3,audio,118,23.166666666666668,True,23.166666666666668,50.166666666666664,True,76.5,2.4644262634091456,49.83333333333333,1.102794223291389,76.5,2.4644262634091456,0.3527303648204576,0.8607854063953598
5,3,picture,118,14.166666666666666,True,14.166666666666666,52.166666666666664,False,74.5,2.1389396503820257,20.833333333333332,-0.7582985982456703,74.5,2.1389396503820257,0.07841856279535331,0.5927525688257835
5,3,reading,118,5.833333333333333,True,5.833333333333333,51.49999999999999,False,21.5,-2.018522934640868,21.5,-2.018522934640868,58.166666666666664,-1.685862804494672,-0.6197446281032288,-0.05141315189337575
5,4,audio,115,11.833333333333332,True,11.833333333333332,50.166666666666664,True,40.83333333333333,-1.3506850028643385,40.83333333333333,-1.3506850028643385,52.83333333333333,-1.0977326620775072,-0.5539342691887624,-0.37027479914534944
5,4,picture,115,34.83333333333333,True,34.83333333333333,50.166666666666664,True,58.166666666666664,-0.7886586467775961,47.166666666666664,-0.7783139553672694,58.166666666666664,-0.7886586467775961,-0.30716226800898955,-0.22279493817313328
5,4,reading,115,6.166666666666667,True,6.166666666666667,50.166666666666664,True,52.49999999999999,-1.4096803459723521,42.49999999999999,-1.3591122744200022,52.49999999999999,-1.4096803459723521,-0.6578345947238963,-0.5113267341193574
6,0,audio,125,2.1666666666666665,True,2.1666666666666665,62.166666666666664,False,3.833333333333333,2.2341862548589706,3.833333333333333,2.2341862548589706,76.83333333333333,1.1702737078368664,0.8059567824961078,0.683233044246736
6,0,picture,125,62.49999999999999,True,,62.49999999999999,False,81.5,1.1945126444399357,15.499999999999998,-0.16451457633636893,81.5,1.1945126444399357,0.3701527817990439,0.7164053216192362
6,0,reading,125,68.16666666666667,True,,68.16666666666667,False,83.16666666666667,1.2079218854904175,36.166666666666664,-0.22807449356094003,83.16666666666667,1.2079218854904175,0.24511607248008355,0.5177381739240972
6,1,audio,128,19.833333333333332,True,19.833333333333332,50.166666666666664,True,76.5,2.386685088276863,49.83333333333333,1.0370482408907264,76.5,2.386685088276863,0.31697179760166594,0.8377204541866892
6,1,picture,128,14.166666666666666,True,14.166666666666666,52.166666666666664,False,74.5,2.077106939163059,20.833333333333332,-0.7763232729776064,74.5,2.077106939163059,0.0574465353977782,0.5718539294274537
6,1,reading,128,5.833333333333333,True,5.833333333333333,51.49999999999999,False,21.5,-1.9194727438443806,21.5,-1.9194727438443806,58.166666666666664,-1.6158028739737347,-0.5876228551626531,-0.019912716195651305
6,2,audio,156,13.166666666666666,True,13.166666666666666,56.166666666666664,False,66.5,1.7436723885818934,31.833333333333332,-0.9719153272513396,66.5,1.7436723885818934,0.11404878954524288,0.7699829760923197
6,2,picture,156,57.49999999999999,True,,57.49999999999999,False,72.16666666666667,2.2176161494392614,19.166666666666668,-0.2642752290486943,72.16666666666667,2.2176161494392614,0.5395734723499924,1.1679357074794252
6,2,reading,156,2.4999999999999996,True,2.4999999999999996,59.83333333333333,False,74.16666666666667,2.5037628607108044,2.833333333333333,0.9767334883520048,74.16666666666667,2.5037628607108044,0.502164244373034,1.1360815135415194
6,3,audio,70,3.1666666666666665,True,3.1666666666666665,50.166666666666664,True,56.83333333333333,0.8909907173631447,4.166666666666667,0.8193612728800093,56.83333333333333,0.8909907173631447,0.40141580441170993,0.4587898801766694
6,3,picture,70,4.833333333333333,True,4.833333333333333,50.166666666666664,True,26.833333333333332,1.9209324718586036,26.833333333333332,1.9209324718586036,54.83333333333333,1.3699274499501501,1.0273622531163085,0.6309998531262744
6,3,reading,70,1.5,True,1.5,50.166666666666664,True,2.4999999999999996,1.4235148242009537,2.4999999999999996,1.4235148242009537,63.49999999999999,0.8773203459701368,0.5084278786870172,0.3978479538664244
6,4,audio,91,9.833333333333332,True,9.833333333333332,50.166666666666664,True,40.83333333333333,-1.5053602742686212,40.83333333333333,-1.5053602742686212,52.83333333333333,-1.2496201952632804,-0.6411596822121745,-0.4648428950211622
6,4,picture,91,29.166666666666668,True,29.166666666666668,50.166666666666664,True,58.166666666666664,-0.9287835116815436,47.166666666666664,-0.872863827744028,58.166666666666664,-0.9287835116815436,-0.3684598440263626,-0.3079680657473622
6,4,reading,91,1.5,True,1.5,50.166666666666664,True,52.49999999999999,-1.6271358215874367,46.166666666666664,-1.485557347208589,52.49999999999999,-1.6271358215874367,-0.7488272620965948,-0.6157423321554018
6,5,audio,546,100.0,False,,,False,71.83333333333333,0.38587164899868204,24.5,-0.2636553067038085,71.83333333333333,0.38587164899868204,-0.0008239801411174478,0.1157150974727458
6,5,picture,546,68.5,True,,68.5,False,71.5,0.5273374004750905,35.83333333333333,0.21006923352326387,71.5,0.5273374004750905,0.19947291162088537,0.29866728880642096
6,5,reading,546,2.4999999999999996,True,2.4999999999999996,73.5,False,76.5,0.6677497582464912,2.833333333333333,0.5603317529898676,76.5,0.6677497582464912,0.18890957654479967,0.2867643607377155
7,0,audio,112,23.166666666666668,True,23.166666666666668,50.166666666666664,True,76.5,2.5709010721849546,49.83333333333333,1.154715281645102,76.5,2.5709010721849546,0.363221371456837,0.8853951184667986
7,0,picture,112,14.166666666666666,True,14.166666666666666,52.166666666666664,False,74.5,2.1919798430587565,20.833333333333332,-0.7779700676411656,74.5,2.1919798430587565,0.07975526788737476,0.5966916998514818
7,0,reading,112,5.833333333333333,True,5.833333333333333,51.49999999999999,False,21.5,-2.09354754537344,21.5,-2.09354754537344,58.166666666666664,-1.7446740860385554,-0.6441618828964677,-0.065341883942192
7,1,audio,165,9.833333333333332,True,9.833333333333332,56.166666666666664,False,66.5,1.6038719393087155,31.833333333333332,-1.0726382999934934,66.5,1.6038719393087155,0.022776654929585808,0.6741514130712217
7,1,picture,165,58.166666666666664,True,,58.166666666666664,False,72.5,2.067428376367598,19.5,-0.30540779751520886,72.5,2.067428376367598,0.46347413176404034,1.0645405687927811
7,1,reading,165,2.4999999999999996,True,2.4999999999999996,60.166666666666664,False,75.83333333333333,2.427039443543463,2.833333333333333,1.0083258760574554,75.83333333333333,2.427039443543463,0.4233135605705201,1.047515057359136
7,2,audio,66,9.499999999999998,True,9.499999999999998,50.166666666666664,True,40.83333333333333,-1.842324248656179,40.83333333333333,-1.842324248656179,53.49999999999999,-1.4829033492979677,-0.7715952382110697,-0.6031984133857071
7,2,picture,66,24.5,True,24.5,50.166666666666664,True,57.166666666666664,-1.2190227585661253,47.166666666666664,-1.131506921723485,57.166666666666664,-1.2190227585661253,-0.4680683789561497,-0.44198568426406476
7,2,reading,66,1.5,True,1.5,50.166666666666664,True,52.49999999999999,-1.8822228475050493,46.166666666666664,-1.6373541784105878,52.49999999999999,-1.8822228475050493,-0.8450853814463327,-0.7281756939434545
7,3,audio,313,100.0,False,,,False,71.5,0.44791755418682966,46.49999999999999,0.21979426429606974,71.5,0.44791755418682966,0.08235289353571962,0.13857817556745014
7,3,picture,313,56.83333333333333,True,,56.83333333333333,False,62.49999999999999,0.5753931573468645,35.166666666666664,0.49891569140230896,62.49999999999999,0.5753931573468645,0.35119917289750713,0.35630391959997365
7,3,reading,313,2.1666666666666665,True,2.1666666666666665,58.166666666666664,False,76.16666666666667,0.8404868307654351,2.833333333333333,0.7711179224155343,76.16666666666667,0.8404868307654351,0.4728750302781422,0.5193308412431151
7,4,audio,12,1.5,True,1.5,50.49999999999999,False,4.5,2.666320356229941,4.5,2.666320356229941,59.166666666666664,1.9321939647197723,0.8348960065656744,0.9255805150217365
7,4,picture,12,3.833333333333333,True,3.833333333333333,50.166666666666664,True,18.166666666666668,4.623542249202728,18.166666666666668,4.623542249202728,50.166666666666664,2.3389712870121,1.9985511591755736,0.8013635105244046
7,4,reading,12,1.1666666666666667,True,1.1666666666666667,50.166666666666664,False,4.833333333333333,3.3948148488998413,4.833333333333333,3.3948148488998413,63.83333333333333,0.9704361390322447,0.5266049424535999,0.05192800943890081
7,5,audio,129,2.1666666666666665,True,2.1666666666666665,61.49999999999999,False,3.833333333333333,2.2089604997588683,3.833333333333333,2.2089604997588683,76.83333333333333,1.3035781777702098,0.8493167273196135,0.7674535627158066
7,5,picture,129,59.83333333333333,True,,59.83333333333333,False,78.83333333333333,1.3199676350625449,26.5,0.21240789423581183,78.83333333333333,1.3199676350625449,0.4224984898553535,0.8072781428072356
7,5,reading,129,66.5,True,,66.5,False,83.16666666666667,1.2926184768940128,28.5,0.2550948124465554,83.16666666666667,1.2926184768940128,0.3214116396927869,0.6065612642556253
7,6,audio,319,100.0,False,,,False,69.16666666666667,0.4248638282605552,31.5,-0.3895238087750493,69.16666666666667,0.4248638282605552,-0.03278507956040433,0.130636797673706
7,6,picture,319,73.83333333333333,True,,73.83333333333333,False,82.16666666666667,0.5894299716393823,3.4999999999999996,-0.16157956322148548,82.16666666666667,0.5894299716393823,0.13219394560321923,0.2682670705457037
7,6,reading,319,79.83333333333333,True,,79.83333333333333,False,80.16666666666667,0.5202730741325567,49.83333333333333,-0.45553037105858046,80.16666666666667,0.5202730741325567,-0.10458781056112502,0.027915722612680795
8,0,audio,70,9.499999999999998,True,9.499999999999998,50.166666666666664,True,40.83333333333333,-1.7783708770759403,40.83333333333333,-1.7783708770759403,53.49999999999999,-1.4533482761787517,-0.7595032135582275,-0.5865962388247372
8,0,picture,70,24.5,True,24.5,50.166666666666664,True,56.83333333333333,-1.1897635939930167,47.166666666666664,-1.1028897865010159,56.83333333333333,-1.1897635939930167,-0.4638035271340912,-0.43204444983612583
8,0,reading,70,1.5,True,1.5,50.166666666666664,True,52.49999999999999,-1.8161630413361958,46.166666666666664,-1.5840801886149816,52.49999999999999,-1.8161630413361958,-0.8016606982888271,-0.6917463908794536
8,1,audio,123,13.166666666666666,True,13.166666666666666,57.49999999999999,False,75.16666666666667,1.7340284144369567,34.166666666666664,-0.9361466509025029,75.16666666666667,1.7340284144369567,0.19298020747114988,0.8950984103072117
8,1,picture,123,62.49999999999999,True,,62.49999999999999,False,78.16666666666667,1.9068598332928448,20.5,-0.44415021532809557,78.16666666666667,1.9068598332928448,0.30596882282042964,0.8699630612013698
8,1,reading,123,2.4999999999999996,True,2.4999999999999996,50.49999999999999,False,77.83333333333333,2.349060392476679,2.833333333333333,0.9590133082001557,77.83333333333333,2.349060392476679,0.38354278942059644,0.9806686695966975
8,2,audio,109,9.166666666666666,True,9.166666666666666,50.166666666666664,True,76.5,2.5776994309704238,49.83333333333333,1.1638866656143732,76.5,2.5776994309704238,0.3708955743369579,0.8722359451873207
8,2,picture,109,14.166666666666666,True,14.166666666666666,52.166666666666664,False,74.5,2.1773939192841905,20.833333333333332,-0.7691033660442731,74.5,2.1773939192841905,0.08728096120859652,0.5930248602406588
8,2,reading,109,5.833333333333333,True,5.833333333333333,51.83333333333333,False,21.5,-2.1286531342278927,21.5,-2.1286531342278927,58.166666666666664,-1.7583831980687763,-0.6644887797296988,-0.0960235455037597
8,3,audio,12,1.5,True,1.5,50.49999999999999,False,4.5,2.666320356229941,4.5,2.666320356229941,59.166666666666664,1.9321939647197723,0.8348960065656744,0.9255805150217365
8,3,picture,12,3.833333333333333,True,3.833333333333333,50.166666666666664,True,18.166666666666668,4.623542249202728,18.166666666666668,4.623542249202728,50.166666666666664,2.3389712870121,1.9985511591755736,0.8013635105244046
8,3,reading,12,1.1666666666666667,True,1.1666666666666667,50.166666666666664,False,4.833333333333333,3.3948148488998413,4.833333333333333,3.3948148488998413,63.83333333333333,0.9704361390322447,0.5266049424535999,0.05192800943890081
8,4,audio,333,100.0,False,,,False,68.5,0.4503993364288709,42.166666666666664,-0.3249936266779528,68.5,0.4503993364288709,0.0008379863866116939,0.14472110426041543
8,4,picture,333,70.83333333333333,True,,70.83333333333333,False,82.16666666666667,0.6076425613678835,3.4999999999999996,-0.15007913298100825,82.16666666666667,0.6076425613678835,0.1428556625581232,0.28563428872116026
8,4,reading,333,79.83333333333333,True,,79.83333333333333,False,80.16666666666667,0.530078402058957,47.166666666666664,-0.44345122944792964,80.16666666666667,0.530078402058957,-0.09713996933928554,0.036644759037264184
8,5,audio,67,2.1666666666666665,True,2.1666666666666665,55.83333333333333,False,3.833333333333333,2.887716203483183,3.833333333333333,2.887716203483183,76.83333333333333,1.5943512261025052,1.0853121161794026,0.9484554915080035
8,5,picture,67,58.49999999999999,True,,58.49999999999999,False,78.83333333333333,1.8054365495692437,26.5,0.20460713020553672,78.83333333333333,1.8054365495692437,0.5302378643412577,1.0612915095141742
8,5,reading,67,64.83333333333333,True,,64.83333333333333,False,84.16666666666667,1.7164758403799427,45.49999999999999,-0.2998754840844603,84.16666666666667,1.7164758403799427,0.39164703536097334,0.797385088687479
8,6,audio,50,5.5,True,5.5,50.166666666666664,True,63.166666666666664,2.209038370847702,28.5,-1.4255657637119292,63.166666666666664,2.209038370847702,-0.40231089933999037,0.15611850270932484
8,6,picture,50,55.166666666666664,True,,55.166666666666664,False,65.16666666666667,3.04941410779953,29.5,0.3457818529754877,65.16666666666667,3.04941410779953,0.7358868042019158,1.4001226323493214
8,6,reading,50,2.1666666666666665,True,2.1666666666666665,57.83333333333333,False,69.5,2.7334266233444215,2.4999999999999996,1.371743519604206,69.5,2.7334266233444215,0.48994072797993043,1.1833912409822456
8,7,audio,352,65.83333333333333,True,,65.83333333333333,False,71.5,0.531909841307259,3.833333333333333,0.30444113101111725,71.5,0.531909841307259,0.15487259832213662,0.20165937949359464
8,7,picture,352,56.49999999999999,True,,56.49999999999999,False,71.5,0.600518740356413,26.5,0.47413149789012593,71.5,0.600518740356413,0.35948314732089626,0.3889655571852772
8,7,reading,352,2.4999999999999996,True,2.4999999999999996,58.83333333333333,False,76.5,0.8591240437659011,2.833333333333333,0.7247215581268062,76.5,0.8591240437659011,0.45742451891058145,0.513163833194532
9,0,audio,46,2.1666666666666665,True,2.1666666666666665,62.166666666666664,False,4.166666666666667,3.520795989295711,4.166666666666667,3.520795989295711,76.83333333333333,1.5459136217832565,1.1706793301837664,0.8496616662897426
9,0,picture,46,60.83333333333333,True,,60.83333333333333,False,82.5,1.924811746439208,29.5,-0.22936622470455326,82.5,1.924811746439208,0.4695860054568776,1.0005404392001072
9,0,reading,46,66.16666666666667,True,,66.16666666666667,False,84.16666666666667,1.7725536486376887,36.166666666666664,-0.46529327831028594,84.16666666666667,1.7725536486376887,0.2766812280641608,0.7407125529557927
9,1,audio,263,100.0,False,,,False,39.83333333333333,-0.49502420085376064,39.83333333333333,-0.49502420085376064,50.166666666666664,-0.4075126465013385,-0.09719911784041474,0.07246681378968242
9,1,picture,263,81.83333333333333,True,,81.83333333333333,False,82.16666666666667,0.5445757414649874,3.4999999999999996,-0.22273697462968683,82.16666666666667,0.5445757414649874,0.08234045094928322,0.18999358018765183
9,1,reading,263,30.166666666666668,True,30.166666666666668,50.166666666666664,True,47.166666666666664,-0.5723932905480293,47.166666666666664,-0.5723932905480293,55.49999999999999,-0.562826550519625,-0.17497784699558927,-0.03529519909785628
9,2,audio,92,7.5,True,7.5,58.166666666666664,False,75.16666666666667,1.9032528691155755,31.833333333333332,-1.102478907888998,75.16666666666667,1.9032528691155755,0.15426068273952548,0.9368044189808394
9,2,picture,92,18.833333333333332,True,18.833333333333332,50.166666666666664,True,78.16666666666667,2.0469709181267284,20.5,-0.5643172815743247,78.16666666666667,2.0469709181267284,0.2668684714194327,0.8810310048199483
9,2,reading,92,2.4999999999999996,True,2.4999999999999996,50.166666666666664,True,77.83333333333333,2.6097564470508825,2.833333333333333,0.7719310613761279,77.83333333333333,2.6097564470508825,0.36185038646944095,1.0331738891841482
9,3,audio,108,9.166666666666666,True,9.166666666666666,50.166666666666664,True,76.5,2.608105685699869,49.83333333333333,1.168765895344593,76.5,2.608105685699869,0.37209005434364006,0.8767517291774963
9,3,picture,108,14.166666666666666,True,14.166666666666666,52.166666666666664,False,74.5,2.1845251577043974,20.833333333333332,-0.7664974174738206,74.5,2.1845251577043974,0.08789467672959542,0.5924699968227596
9,3,reading,108,5.833333333333333,True,5.833333333333333,51.83333333333333,False,21.5,-2.1496620145108967,21.5,-2.1496620145108967,58.166666666666664,-1.7744947285563857,-0.662361589488108,-0.08435236797873519
9,4,audio,50,5.5,True,5.5,50.166666666666664,True,63.166666666666664,2.209038370847702,28.5,-1.4255657637119292,63.166666666666664,2.209038370847702,-0.40231089933999037,0.15611850270932484
9,4,picture,50,55.166666666666664,True,,55.166666666666664,False,65.16666666666667,3.04941410779953,29.5,0.3457818529754877,65.16666666666667,3.04941410779953,0.7358868042019158,1.4001226323493214
9,4,reading,50,2.1666666666666665,True,2.1666666666666665,57.83333333333333,False,69.5,2.7334266233444215,2.4999999999999996,1.371743519604206,69.5,2.7334266233444215,0.48994072797993043,1.1833912409822456
9,5,audio,278,100.0,False,,,False,64.16666666666667,0.3503957257299138,24.5,-0.2936908559163483,64.16666666666667,0.3503957257299138,-0.019433541844119676,0.017982727323272166
9,5,picture,278,57.166666666666664,True,,57.166666666666664,False,57.166666666666664,0.5068035688680067,9.166666666666666,0.4557653530735335,57.166666666666664,0.5068035688680067,0.29586682855187946,0.27688051241084255
9,5,reading,278,2.1666666666666665,True,2.1666666666666665,58.49999999999999,False,2.833333333333333,0.8034169617571312,2.833333333333333,0.8034169617571312,76.16666666666667,0.7844575419620001,0.4329993845723626,0.4574448037680192
9,6,audio,51,9.166666666666666,True,9.166666666666666,50.166666666666664,True,41.83333333333333,-2.0277338507128695,41.83333333333333,-2.0277338507128695,53.49999999999999,-1.6222838096174539,-0.8755268959982332,-0.7336597034233996
9,6,picture,51,16.166666666666668,True,16.166666666666668,50.166666666666664,True,56.49999999999999,-1.396869564392403,47.166666666666664,-1.3035185854224598,56.49999999999999,-1.396869564392403,-0.5115522383703354,-0.4312839194268604
9,6,reading,51,1.5,True,1.5,50.166666666666664,True,52.49999999999999,-2.0541913240563634,48.166666666666664,-1.8181597499870787,52.49999999999999,-2.0541913240563634,-0.9824388320858588,-0.8784905076553297
9,7,audio,11,1.5,True,1.5,51.166666666666664,False,4.5,2.937088050625541,4.5,2.937088050625541,59.166666666666664,1.8086804368279197,0.7671423090935136,0.8137766095560933
9,7,picture,11,3.833333333333333,True,3.833333333333333,50.166666666666664,True,18.5,4.861999836834994,18.5,4.861999836834994,50.166666666666664,2.346765333955938,2.0127576731292223,0.6836486117877808
9,7,reading,11,1.1666666666666667,True,1.1666666666666667,50.166666666666664,False,2.1666666666666665,3.6306996660476383,2.1666666666666665,3.6306996660476383,88.16666666666667,-0.7897281507876787,0.44783896432798814,-0.07561934039340652
9,8,audio,217,2.833333333333333,True,2.833333333333333,55.49999999999999,False,68.83333333333333,1.0690405649145902,3.833333333333333,0.8041391373109845,68.83333333333333,1.0690405649145902,0.49529063208533936,0.6561580699881076
9,8,picture,217,58.49999999999999,True,,58.49999999999999,False,74.16666666666667,1.2282428922226076,26.5,0.3097290874349945,74.16666666666667,1.2282428922226076,0.4271701820093379,0.6941235998185136
9,8,reading,217,2.833333333333333,True,2.833333333333333,65.5,False,80.16666666666667,1.109680853972924,2.833333333333333,0.5180356705391436,80.16666666666667,1.109680853972924,0.35113661322220785,0.536178961700027
10,0,audio,12,1.5,True,1.5,51.166666666666664,False,4.5,2.6862338862071433,4.5,2.6862338862071433,59.166666666666664,1.6825858851273854,0.7165425043938457,0.7712698459191597
10,0,picture,12,3.833333333333333,True,3.833333333333333,50.166666666666664,True,18.166666666666668,4.748449385166168,18.166666666666668,4.748449385166168,50.166666666666664,2.221081480383873,1.9466871618082466,0.6602653384612415
10,0,reading,12,1.1666666666666667,True,1.1666666666666667,50.166666666666664,False,2.4999999999999996,3.398959331214428,2.4999999999999996,3.398959331214428,88.16666666666667,-0.7993763259922465,0.3984744856339482,-0.08048739209452631
10,1,audio,286,3.1666666666666665,True,3.1666666666666665,55.83333333333333,False,68.83333333333333,0.8697754195630811,3.833333333333333,0.6583955557105112,68.83333333333333,0.8697754195630811,0.3749476573124389,0.5009425509009267
10,1,picture,286,61.49999999999999,True,,61.49999999999999,False,74.16666666666667,0.9747604444310382,36.166666666666664,0.2504030344079711,74.16666666666667,0.9747604444310382,0.3388115430539464,0.5509092805896864
10,1,reading,286,66.83333333333333,True,,66.83333333333333,False,76.83333333333333,0.8836024022478792,2.833333333333333,0.4562912934775372,76.83333333333333,0.8836024022478792,0.2343001078141123,0.3952188664230495
10,2,audio,41,2.1666666666666665,True,2.1666666666666665,64.16666666666667,False,4.166666666666667,3.6285317772772254,4.166666666666667,3.6285317772772254,82.16666666666667,1.4816603660583496,1.1476420483649212,0.7701747317988953
10,2,picture,41,65.5,True,,65.5,False,82.5,1.8577881204645808,35.83333333333333,-0.2135187038561193,82.5,1.8577881204645808,0.42521019982697433,0.9060148707741889
10,2,reading,41,70.16666666666667,True,,70.16666666666667,False,84.16666666666667,1.7370278530004548,36.166666666666664,-0.46718636968332095,84.16666666666667,1.7370278530004548,0.22376511545182617,0.6344409557741916
10,3,audio,51,9.166666666666666,True,9.166666666666666,50.166666666666664,True,41.83333333333333,-2.0277338507128695,41.83333333333333,-2.0277338507128695,53.49999999999999,-1.6222838096174539,-0.8755268959982332,-0.7336597034233996
10,3,picture,51,16.166666666666668,True,16.166666666666668,50.166666666666664,True,56.49999999999999,-1.396869564392403,47.166666666666664,-1.3035185854224598,56.49999999999999,-1.396869564392403,-0.5115522383703354,-0.4312839194268604
10,3,reading,51,1.5,True,1.5,50.166666666666664,True,52.49999999999999,-2.0541913240563634,48.166666666666664,-1.8181597499870787,52.49999999999999,-2.0541913240563634,-0.9824388320858588,-0.8784905076553297
10,4,audio,75,5.5,True,5.5,59.49999999999999,False,75.16666666666667,1.4979518698652585,36.49999999999999,-1.1966427532335122,75.16666666666667,1.4979518698652585,-0.04104374760687416,0.5669091414273354
10,4,picture,75,19.5,True,19.5,50.166666666666664,True,85.5,1.5900816525022188,49.83333333333333,-0.7341561842461427,85.5,1.5900816525022188,0.029346217941347372,0.4855110307831266
10,4,reading,75,2.4999999999999996,True,2.4999999999999996,50.49999999999999,False,74.5,2.356671827634176,2.833333333333333,0.7857661755838975,74.5,2.356671827634176,0.2834063238489565,0.862265154651497
10,5,audio,107,9.166666666666666,True,9.166666666666666,50.166666666666664,True,76.5,2.6223787790703996,49.83333333333333,1.1945688473844083,76.5,2.6223787790703996,0.38020825353593685,0.8847805687994404
10,5,picture,107,14.166666666666666,True,14.166666666666666,52.166666666666664,False,74.5,2.2036142889584336,20.833333333333332,-0.7698303386046786,74.5,2.2036142889584336,0.09188006255846605,0.5994084573767855
10,5,reading,107,5.833333333333333,True,5.833333333333333,51.83333333333333,False,21.5,-2.1506877157175652,21.5,-2.1506877157175652,58.166666666666664,-1.7691553875664685,-0.6634495770005666,-0.08933830698643043
10,6,audio,50,5.5,True,5.5,50.166666666666664,True,63.166666666666664,2.209038370847702,28.5,-1.4255657637119292,63.166666666666664,2.209038370847702,-0.40231089933999037,0.15611850270932484
10,6,picture,50,55.166666666666664,True,,55.166666666666664,False,65.16666666666667,3.04941410779953,29.5,0.3457818529754877,65.16666666666667,3.04941410779953,0.7358868042019158,1.4001226323493214
10,6,reading,50,2.1666666666666665,True,2.1666666666666665,57.83333333333333,False,69.5,2.7334266233444215,2.4999999999999996,1.371743519604206,69.5,2.7334266233444215,0.48994072797993043,1.1833912409822456
10,7,audio,234,31.5,True,31.5,,False,31.5,-0.5496575028514171,31.5,-0.5496575028514171,50.166666666666664,-0.44646314484998584,-0.14237144235292865,0.028721838970475963
10,7,picture,234,82.16666666666667,True,,82.16666666666667,False,82.16666666666667,0.5256330123505532,3.4999999999999996,-0.23998450676554367,82.16666666666667,0.5256330123505532,0.07995462569975982,0.17106985866556948
10,7,reading,234,30.166666666666668,True,30.166666666666668,50.166666666666664,True,42.49999999999999,-0.595127802879478,42.49999999999999,-0.595127802879478,55.49999999999999,-0.5859149375882668,-0.19397721374314955,-0.0656339766514377
10,8,audio,213,100.0,False,,,False,90.16666666666667,-0.32901871631874596,21.833333333333332,-0.30579340125285437,90.16666666666667,-0.32901871631874596,-0.046335647039653254,-0.03962792191851466
10,8,picture,213,9.166666666666666,True,9.166666666666666,57.166666666666664,False,26.833333333333332,0.5188069720435537,26.833333333333332,0.5188069720435537,57.49999999999999,0.5052337088215519,0.31599031966219293,0.26471278232057166
10,8,reading,213,2.1666666666666665,True,2.1666666666666665,56.49999999999999,False,2.833333333333333,0.9023610433255336,2.833333333333333,0.9023610433255336,76.16666666666667,0.8322384862465338,0.5182315306939201,0.5198606602380894
10,9,audio,47,3.4999999999999996,True,3.4999999999999996,51.49999999999999,False,74.5,2.5914786242424173,3.4999999999999996,0.6099731103824253,74.5,2.5914786242424173,0.7632604692045106,1.6124170836242508
10,9,picture,47,56.166666666666664,True,,56.166666666666664,False,74.83333333333333,2.9702077013380985,44.49999999999999,0.31644482676811675,74.83333333333333,2.9702077013380985,0.8222732458883159,1.6289036683264977
10,9,reading,47,2.833333333333333,True,2.833333333333333,60.83333333333333,False,75.83333333333333,2.7926685860816467,2.833333333333333,0.642766576299959,75.83333333333333,2.7926685860816467,0.7177688774902267,1.3799845830716087
11,0,audio,11,1.5,True,1.5,51.166666666666664,False,4.5,2.937088050625541,4.5,2.937088050625541,59.166666666666664,1.8086804368279197,0.7671423090935136,0.8137766095560933
11,0,picture,11,3.833333333333333,True,3.833333333333333,50.166666666666664,True,18.5,4.861999836834994,18.5,4.861999836834994,50.166666666666664,2.346765333955938,2.0127576731292223,0.6836486117877808
11,0,reading,11,1.1666666666666667,True,1.1666666666666667,50.166666666666664,False,2.1666666666666665,3.6306996660476383,2.1666666666666665,3.6306996660476383,88.16666666666667,-0.7897281507876787,0.44783896432798814,-0.07561934039340652
11,1,audio,87,12.833333333333332,True,12.833333333333332,53.49999999999999,False,21.833333333333332,-0.7539092000017221,21.833333333333332,-0.7539092000017221,54.83333333333333,-0.6204248262333801,-0.3151617421246154,-0.24817687759824375
11,1,picture,87,100.0,False,,,False,80.5,-0.3900546198175556,17.5,-0.26053243273355325,80.5,-0.3900546198175556,0.036515398422642134,0.0692998315165935
11,1,reading,87,2.4999999999999996,True,2.4999999999999996,54.83333333333333,False,82.83333333333333,1.245915783547807,9.833333333333332,1.0642019030815337,82.83333333333333,1.245915783547807,0.6716403903559746,0.7220501859494328
11,2,audio,45,2.1666666666666665,True,2.1666666666666665,63.166666666666664,False,4.166666666666667,3.4940722637706334,4.166666666666667,3.4940722637706334,82.16666666666667,1.4378759966956245,1.108098512434659,0.7643212074867566
11,2,picture,45,65.16666666666667,True,,65.16666666666667,False,82.5,1.8060700598690245,29.833333333333332,-0.1980448402153949,82.5,1.8060700598690245,0.4366591932850513,0.9093735580550079
11,2,reading,45,68.83333333333333,True,,68.83333333333333,False,84.16666666666667,1.70223614970843,36.166666666666664,-0.42753230577541723,84.16666666666667,1.70223614970843,0.23939884505258752,0.6388595715513188
11,3,audio,107,9.166666666666666,True,9.166666666666666,50.166666666666664,True,76.5,2.6223787790703996,49.83333333333333,1.1945688473844083,76.5,2.6223787790703996,0.38020825353593685,0.8847805687994404
11,3,picture,107,14.166666666666666,True,14.166666666666666,52.166666666666664,False,74.5,2.2036142889584336,20.833333333333332,-0.7698303386046786,74.5,2.2036142889584336,0.09188006255846605,0.5994084573767855
11,3,reading,107,5.833333333333333,True,5.833333333333333,51.83333333333333,False,21.5,-2.1506877157175652,21.5,-2.1506877157175652,58.166666666666664,-1.7691553875664685,-0.6634495770005666,-0.08933830698643043
11,4,audio,47,3.4999999999999996,True,3.4999999999999996,51.49999999999999,False,74.5,2.5914786242424173,3.4999999999999996,0.6099731103824253,74.5,2.5914786242424173,0.7632604692045106,1.6124170836242508
11,4,picture,47,56.166666666666664,True,,56.166666666666664,False,74.83333333333333,2.9702077013380985,44.49999999999999,0.31644482676811675,74.83333333333333,2.9702077013380985,0.8222732458883159,1.6289036683264977
11,4,reading,47,2.833333333333333,True,2.833333333333333,60.83333333333333,False,75.83333333333333,2.7926685860816467,2.833333333333333,0.642766576299959,75.83333333333333,2.7926685860816467,0.7177688774902267,1.3799845830716087
11,5,audio,50,5.5,True,5.5,50.166666666666664,True,63.166666666666664,2.209038370847702,28.5,-1.4255657637119292,63.166666666666664,2.209038370847702,-0.40231089933999037,0.15611850270932484
11,5,picture,50,55.166666666666664,True,,55.166666666666664,False,65.16666666666667,3.04941410779953,29.5,0.3457818529754877,65.16666666666667,3.04941410779953,0.7358868042019158,1.4001226323493214
11,5,reading,50,2.1666666666666665,True,2.1666666666666665,57.83333333333333,False,69.5,2.7334266233444215,2.4999999999999996,1.371743519604206,69.5,2.7334266233444215,0.48994072797993043,1.1833912409822456
11,6,audio,211,31.5,True,31.5,,False,48.166666666666664,-0.5347629668465838,48.166666666666664,-0.5347629668465838,50.166666666666664,-0.4359226371625094,-0.1398896876993014,0.013147544804877629
11,6,picture,211,78.83333333333333,True,,78.83333333333333,False,82.16666666666667,0.5573296392804356,3.4999999999999996,-0.2319623678177816,82.16666666666667,0.5573296392804356,0.0895912282302706,0.17061269804631327
11,6,reading,211,24.5,True,24.5,50.166666666666664,True,42.49999999999999,-0.6271718264473558,42.49999999999999,-0.6271718264473558,55.49999999999999,-0.6271550659072626,-0.23419860627274422,-0.12068492533171354
11,7,audio,51,9.166666666666666,True,9.166666666666666,50.166666666666664,True,41.83333333333333,-2.0277338507128695,41.83333333333333,-2.0277338507128695,53.49999999999999,-1.6222838096174539,-0.8755268959982332,-0.7336597034233996
11,7,picture,51,16.166666666666668,True,16.166666666666668,50.166666666666664,True,56.49999999999999,-1.396869564392403,47.166666666666664,-1.3035185854224598,56.49999999999999,-1.396869564392403,-0.5115522383703354,-0.4312839194268604
11,7,reading,51,1.5,True,1.5,50.166666666666664,True,52.49999999999999,-2.0541913240563634,48.166666666666664,-1.8181597499870787,52.49999999999999,-2.0541913240563634,-0.9824388320858588,-0.8784905076553297
11,8,audio,328,3.833333333333333,True,3.833333333333333,61.83333333333333,False,68.5,0.7785333956740144,3.833333333333333,0.5089497668384688,68.5,0.7785333956740144,0.26192638974205146,0.3825903495103326
11,8,picture,328,61.83333333333333,True,,61.83333333333333,False,73.83333333333333,0.8828715669280827,35.83333333333333,0.16094735206357522,73.83333333333333,0.8828715669280827,0.2618746983701361,0.45795047855496873
11,8,reading,328,2.833333333333333,True,2.833333333333333,66.16666666666667,False,76.83333333333333,0.8603491803614151,2.833333333333333,0.5793142045196663,76.83333333333333,0.8603491803614151,0.21854842205406844,0.37963047650140536
11,9,audio,65,7.5,True,7.5,59.166666666666664,False,75.16666666666667,1.6060024718825634,36.49999999999999,-1.226407863257023,75.16666666666667,1.6060024718825634,-0.04133111188562585,0.5796324078553082
11,9,picture,65,18.166666666666668,True,18.166666666666668,50.166666666666664,True,85.5,1.7194323495030404,49.83333333333333,-0.8070035790021602,85.5,1.7194323495030404,0.024330423715157347,0.5193340927172356
11,9,reading,65,2.4999999999999996,True,2.4999999999999996,50.166666666666664,True,74.5,2.445398393044105,2.833333333333333,0.7150300832165297,74.5,2.445398393044105,0.2662471377275774,0.8703120907003805
11,10,audio,114,46.49999999999999,True,46.49999999999999,55.83333333333333,False,71.83333333333333,0.6357498973354763,47.166666666666664,0.5657771226639549,71.83333333333333,0.6357498973354763,0.2809792655568165,0.32636700416807357
11,10,picture,114,7.166666666666667,True,7.166666666666667,50.166666666666664,True,32.49999999999999,1.0847274560579343,32.49999999999999,1.0847274560579343,54.83333333333333,0.9874655423244756,0.6540639190081573,0.5352856352471904
11,10,reading,114,2.1666666666666665,True,2.1666666666666665,50.166666666666664,False,2.4999999999999996,0.8612071636001163,2.4999999999999996,0.8612071636001163,77.16666666666667,0.7498105775336164,0.4693691723519828,0.4540428585584381
12,0,audio,67,4.166666666666667,True,4.166666666666667,54.49999999999999,False,71.83333333333333,0.6745949860439816,4.166666666666667,0.5331567928973419,71.83333333333333,0.6745949860439816,0.20189050329227357,0.24104245397908783
12,0,picture,67,5.166666666666667,True,5.166666666666667,50.166666666666664,True,10.166666666666666,1.7029145563493913,10.166666666666666,1.7029145563493913,54.83333333333333,1.2110472136913841,0.8658119161173143,0.5039280969703092
12,0,reading,67,1.8333333333333333,True,1.8333333333333333,50.166666666666664,False,2.4999999999999996,1.4054806231340367,2.4999999999999996,1.4054806231340367,63.49999999999999,0.7616048256741531,0.45158833438425944,0.34765006179867025
12,1,audio,139,20.5,True,20.5,50.166666666666664,True,48.166666666666664,-0.6804005408621051,48.166666666666664,-0.6804005408621051,50.166666666666664,-0.5205312621103023,-0.17722793792786906,0.021398988731383947
12,1,picture,139,76.5,True,,76.5,False,82.16666666666667,0.7554333134882635,3.4999999999999996,-0.2711976762423828,82.16666666666667,0.7554333134882635,0.10981761804160738,0.226625607517559
12,1,reading,139,11.499999999999998,True,11.499999999999998,50.166666666666664,True,42.49999999999999,-0.8648856074261151,42.49999999999999,-0.8648856074261151,55.49999999999999,-0.7872333444065327,-0.3406109858013495,-0.19051402821426958
12,2,audio,72,7.5,True,7.5,59.166666666666664,False,75.5,1.5317166148581438,36.49999999999999,-1.1874856166024175,75.5,1.5317166148581438,-0.03729589464557984,0.5707540130716721
12,2,picture,72,18.166666666666668,True,18.166666666666668,50.166666666666664,True,85.5,1.6175129853395953,49.83333333333333,-0.7619428666722443,85.5,1.6175129853395953,0.021594684805887734,0.49334426564170397
12,2,reading,72,2.4999999999999996,True,2.4999999999999996,50.49999999999999,False,74.5,2.3734638177686267,2.833333333333333,0.7315700625337437,74.5,2.3734638177686267,0.2666366175845171,0.8518791105630834
12,3,audio,106,9.166666666666666,True,9.166666666666666,50.166666666666664,True,76.5,2.6318244290239408,49.83333333333333,1.198311059542422,76.5,2.6318244290239408,0.38576724406087687,0.8911209454425868
12,3,picture,106,14.166666666666666,True,14.166666666666666,52.166666666666664,False,74.5,2.2181367913507066,20.833333333333332,-0.7666008644122279,74.5,2.2181367913507066,0.09636400636115518,0.6067215920307137
12,3,reading,106,5.833333333333333,True,5.833333333333333,51.83333333333333,False,21.5,-2.1494299859370827,21.5,-2.1494299859370827,58.166666666666664,-1.7770440769645404,-0.6642946258525473,-0.08977947659495586
12,4,audio,199,3.1666666666666665,True,3.1666666666666665,56.166666666666664,False,71.5,0.9601312482252193,3.833333333333333,0.7337964685006657,71.5,0.9601312482252193,0.43070174218051477,0.5812186920885701
12,4,picture,199,58.83333333333333,True,,58.83333333333333,False,74.16666666666667,1.13936279530651,36.49999999999999,0.26221164987052803,74.16666666666667,1.13936279530651,0.39011334515468093,0.6537306750269681
12,4,reading,199,2.833333333333333,True,2.833333333333333,65.83333333333333,False,80.16666666666667,1.0448289617484239,2.833333333333333,0.5999407166640521,80.16666666666667,1.0448289617484239,0.3244752457521111,0.5088757005947318
12,5,audio,51,4.5,True,4.5,50.166666666666664,True,62.83333333333333,2.1792376894576875,28.5,-1.4097814478126227,62.83333333333333,2.1792376894576875,-0.3990885153076827,0.14951903892893384
12,5,picture,51,55.166666666666664,True,,55.166666666666664,False,65.16666666666667,3.0245840198853435,29.5,0.35500674249202596,65.16666666666667,3.0245840198853435,0.7340098826044044,1.3919846729683814
12,5,reading,51,2.1666666666666665,True,2.1666666666666665,57.49999999999999,False,69.5,2.7120107762953816,2.4999999999999996,1.3661864063903397,69.5,2.7120107762953816,0.49075069834940055,1.1761303007140376
12,6,audio,50,9.166666666666666,True,9.166666666666666,50.166666666666664,True,40.83333333333333,-2.0416288927197455,40.83333333333333,-2.0416288927197455,51.166666666666664,-1.6201590257883072,-0.8881106674061205,-0.7410109646308449
12,6,picture,50,16.166666666666668,True,16.166666666666668,50.166666666666664,True,56.49999999999999,-1.4101324757188558,47.166666666666664,-1.319708760678768,56.49999999999999,-1.4101324757188558,-0.5258942361287408,-0.4503824207518978
12,6,reading,50,1.5,True,1.5,50.166666666666664,True,52.49999999999999,-2.061363664865494,48.166666666666664,-1.8335731354355813,52.49999999999999,-2.061363664865494,-0.9891702474455155,-0.8852451732859481
12,7,audio,72,12.833333333333332,True,12.833333333333332,53.49999999999999,False,21.833333333333332,-0.8493855299635066,21.833333333333332,-0.8493855299635066,54.83333333333333,-0.6860284760801328,-0.34811650822595214,-0.2804472222892636
12,7,picture,72,100.0,False,,,False,80.5,-0.49115689078138935,17.166666666666668,-0.27630308617113364,80.5,-0.49115689078138935,0.03386012396071659,0.06411858526772095
12,7,reading,72,2.4999999999999996,True,2.4999999999999996,54.166666666666664,False,82.83333333333333,1.3871905077766213,9.833333333333332,1.202518917945579,82.83333333333333,1.3871905077766213,0.7440931488661068,0.7980028684769706
12,8,audio,270,100.0,False,,,False,67.83333333333333,0.4307885880788995,33.166666666666664,0.18086198852225036,67.83333333333333,0.4307885880788995,0.060380098826055384,0.12451704532740926
12,8,picture,270,100.0,False,,,False,73.83333333333333,0.4861899228249159,23.5,0.23379344055515336,73.83333333333333,0.4861899228249159,0.1557828035075638,0.2168141446865592
12,8,reading,270,76.5,True,,76.5,False,76.5,0.5119514666144149,2.833333333333333,0.4373022320775177,76.5,0.5119514666144149,0.12571114152283475,0.19991523777632583
12,9,audio,42,2.1666666666666665,True,2.1666666666666665,63.166666666666664,False,4.166666666666667,3.62686617175738,4.166666666666667,3.62686617175738,82.16666666666667,1.4849021491550265,1.1609241502141827,0.7946294972873824
12,9,picture,42,65.16666666666667,True,,65.16666666666667,False,82.5,1.8665970560340654,35.83333333333333,-0.2217714005992526,82.5,1.8665970560340654,0.4277022986601214,0.9189161513587077
12,9,reading,42,68.5,True,,68.5,False,84.16666666666667,1.7735802658966608,36.166666666666664,-0.46433307882398367,84.16666666666667,1.7735802658966608,0.23931573563423697,0.6635117196866149
12,10,audio,4,1.1666666666666667,True,1.1666666666666667,50.166666666666664,True,5.166666666666667,5.370108276605606,5.166666666666667,5.370108276605606,59.83333333333333,2.9491900205612183,1.8111383210514518,1.5260666074673646
12,10,picture,4,3.4999999999999996,True,3.4999999999999996,50.166666666666664,True,18.5,6.638714551925659,18.5,6.638714551925659,50.166666666666664,3.580365538597107,3.051983377538272,1.5554714077466634
12,10,reading,4,1.1666666666666667,True,1.1666666666666667,50.166666666666664,False,4.5,4.268023908138275,4.5,4.268023908138275,63.49999999999999,1.7189009822905064,0.8037102544727046,0.40289016635278435
12,11,audio,44,3.4999999999999996,True,3.4999999999999996,51.49999999999999,False,74.5,2.6098514551466163,36.166666666666664,-0.5662085987119512,74.5,2.6098514551466163,0.7527743775698653,1.634630938304379
12,11,picture,44,56.166666666666664,True,,56.166666666666664,False,74.83333333333333,3.021103498610583,44.49999999999999,0.31287586744028056,74.83333333333333,3.021103498610583,0.8319755571120455,1.648375757494906
12,11,reading,44,2.833333333333333,True,2.833333333333333,60.83333333333333,False,78.16666666666667,2.811541722579436,2.833333333333333,0.6636081830259751,78.16666666666667,2.811541722579436,0.7212600835637545,1.3922387571448533
13,0,audio,264,100.0,False,,,False,68.5,0.45892011019521195,33.166666666666664,0.19010016478414676,68.5,0.45892011019521195,0.05476214548113218,0.13249965126528426
13,0,picture,264,62.49999999999999,True,,62.49999999999999,False,63.166666666666664,0.5663828401160241,35.49999999999999,0.26567506815152947,63.166666666666664,0.5663828401160241,0.21675707221979584,0.2823435439748598
13,0,reading,264,2.4999999999999996,True,2.4999999999999996,67.83333333333333,False,2.833333333333333,0.6340765129804795,2.833333333333333,0.6340765129804795,76.83333333333333,0.6280177110897829,0.22370513682351895,0.30171934512377013
13,1,audio,79,5.5,True,5.5,59.49999999999999,False,75.16666666666667,1.4259009520652928,36.49999999999999,-1.2321872144843204,75.16666666666667,1.4259009520652928,-0.0755034959396375,0.5424288168930762
13,1,picture,79,19.5,True,19.5,50.166666666666664,True,85.5,1.5371453404615196,49.83333333333333,-0.695446534577427,85.5,1.5371453404615196,0.035581596686395184,0.48600288495348215
13,1,reading,79,2.4999999999999996,True,2.4999999999999996,50.166666666666664,False,74.5,2.285418352748774,2.833333333333333,0.7428584498656499,74.5,2.285418352748774,0.26247456381443923,0.8415949276527885
13,2,audio,49,5.5,True,5.5,50.166666666666664,True,62.83333333333333,2.2344875396514428,32.166666666666664,-1.3770737362151244,62.83333333333333,2.2344875396514428,-0.3851913092318354,0.16019508012531736
13,2,picture,49,55.166666666666664,True,,55.166666666666664,False,66.5,3.0736811574624507,29.5,0.3677134316946779,66.5,3.0736811574624507,0.7440197171805446,1.4085192265590025
13,2,reading,49,2.1666666666666665,True,2.1666666666666665,57.49999999999999,False,69.5,2.7571867120509244,2.4999999999999996,1.413134632366044,69.5,2.7571867120509244,0.5115351254030425,1.198657423037383
13,3,audio,188,2.833333333333333,True,2.833333333333333,56.49999999999999,False,73.83333333333333,0.9592502457783261,3.833333333333333,0.9457872818778963,73.83333333333333,0.9592502457783261,0.472957012397211,0.5926304871399884
13,3,picture,188,59.83333333333333,True,,59.83333333333333,False,74.5,1.1638666207634627,26.5,0.17076842474473758,74.5,1.1638666207634627,0.3655549379040316,0.654942307896218
13,3,reading,188,66.16666666666667,True,,66.16666666666667,False,80.16666666666667,1.0756146582437958,2.833333333333333,0.48078101758291597,80.16666666666667,1.0756146582437958,0.26208350403196373,0.46782612477751845
13,4,audio,107,9.166666666666666,True,9.166666666666666,50.166666666666664,True,76.5,2.6223787790703996,49.83333333333333,1.1945688473844083,76.5,2.6223787790703996,0.38020825353593685,0.8847805687994404
13,4,picture,107,14.166666666666666,True,14.166666666666666,52.166666666666664,False,74.5,2.2036142889584336,20.833333333333332,-0.7698303386046786,74.5,2.2036142889584336,0.09188006255846605,0.5994084573767855
13,4,reading,107,5.833333333333333,True,5.833333333333333,51.83333333333333,False,21.5,-2.1506877157175652,21.5,-2.1506877157175652,58.166666666666664,-1.7691553875664685,-0.6634495770005666,-0.08933830698643043
13,5,audio,54,12.833333333333332,True,12.833333333333332,53.49999999999999,False,13.166666666666666,-0.8799151102149928,13.166666666666666,-0.8799151102149928,90.16666666666667,-0.8397284707882338,-0.3819896652093534,-0.3839423955633196
13,5,picture,54,73.5,True,,73.5,False,80.5,-0.7054437165734945,17.5,-0.41312992865978565,80.5,-0.7054437165734945,-0.014311796701025132,0.004387443376197589
13,5,reading,54,0.5,True,0.5,52.83333333333333,False,82.83333333333333,1.4809597800313323,9.833333333333332,1.4116752322901178,82.83333333333333,1.4809597800313323,0.7966376124114618,0.82292717974329
13,6,audio,51,9.166666666666666,True,9.166666666666666,50.166666666666664,True,41.83333333333333,-2.0277338507128695,41.83333333333333,-2.0277338507128695,53.49999999999999,-1.6222838096174539,-0.8755268959982332,-0.7336597034233996
13,6,picture,51,16.166666666666668,True,16.166666666666668,50.166666666666664,True,56.49999999999999,-1.396869564392403,47.166666666666664,-1.3035185854224598,56.49999999999999,-1.396869564392403,-0.5115522383703354,-0.4312839194268604
13,6,reading,51,1.5,True,1.5,50.166666666666664,True,52.49999999999999,-2.0541913240563634,48.166666666666664,-1.8181597499870787,52.49999999999999,-2.0541913240563634,-0.9824388320858588,-0.8784905076553297
13,7,audio,69,47.166666666666664,True,47.166666666666664,51.166666666666664,False,71.83333333333333,0.731806671300876,47.166666666666664,0.5104476407818173,71.83333333333333,0.731806671300876,0.2295723685877259,0.27940784857097584
13,7,picture,69,5.166666666666667,True,5.166666666666667,50.166666666666664,True,26.833333333333332,1.5970894660854684,26.833333333333332,1.5970894660854684,54.83333333333333,1.1935526082913082,0.8184046678516006,0.49149553238622523
13,7,reading,69,1.8333333333333333,True,1.8333333333333333,50.166666666666664,True,2.4999999999999996,1.32513374408734,2.4999999999999996,1.32513374408734,63.49999999999999,0.7759095228992511,0.5150823720181309,0.38767845214133234
13,8,audio,46,3.4999999999999996,True,3.4999999999999996,51.49999999999999,False,74.5,2.5823948098265608,36.166666666666664,-0.5424132804669763,74.5,2.5823948098265608,0.7427772114473499,1.6083984358266183
13,8,picture,46,55.83333333333333,True,,55.83333333333333,False,74.83333333333333,2.977953527284705,44.49999999999999,0.3299045464347886,74.83333333333333,2.977953527284705,0.8286296566506889,1.6328392120874216
13,8,reading,46,2.833333333333333,True,2.833333333333333,60.83333333333333,False,75.83333333333333,2.7661092488662056,2.833333333333333,0.6470737228493976,75.83333333333333,2.7661092488662056,0.7143096973679909,1.369649181831949
13,9,audio,5,1.5,True,1.5,50.166666666666664,True,5.166666666666667,4.910272812843322,5.166666666666667,4.910272812843322,59.83333333333333,2.7092225551605225,1.2729283012239416,1.3573965597973825
13,9,picture,5,4.166666666666667,True,4.166666666666667,50.166666666666664,True,18.166666666666668,5.054178524017334,18.166666666666668,5.054178524017334,60.83333333333333,2.4907450675964355,2.269639649108518,1.370974703885925
13,9,reading,5,1.5,True,1.5,54.49999999999999,False,2.1666666666666665,2.2955083586275578,2.1666666666666665,2.2955083586275578,63.49999999999999,1.9904327988624573,-0.06184620205322664,0.3986827904564561
13,10,audio,31,2.1666666666666665,True,2.1666666666666665,64.83333333333333,False,4.166666666666667,4.081229059926925,4.166666666666667,4.081229059926925,82.16666666666667,1.651316938861724,1.2835483311759226,0.8246225556110585
13,10,picture,31,65.83333333333333,True,,65.83333333333333,False,82.5,2.0984776793949065,6.166666666666667,-0.25568987346524674,82.5,2.0984776793949065,0.4457359241545125,0.9695817835206542
13,10,reading,31,36.166666666666664,True,36.166666666666664,68.83333333333333,False,85.5,1.9584530130509408,36.166666666666664,-0.5017838042469756,85.5,1.9584530130509408,0.25733665130567596,0.7080813794708637
13,11,audio,1,0.5,True,0.5,50.166666666666664,True,4.5,7.673977851867676,4.5,7.673977851867676,60.166666666666664,3.7364306449890137,2.556943239692288,1.5560426454215
13,11,picture,1,0.16666666666666666,True,0.16666666666666666,50.166666666666664,True,21.166666666666668,9.083821296691895,21.166666666666668,9.083821296691895,50.166666666666664,6.935469150543213,4.193535426097611,1.407109976882736
13,11,reading,1,0.16666666666666666,True,0.16666666666666666,50.166666666666664,True,4.5,8.7059326171875,4.5,8.7059326171875,50.166666666666664,3.1576287746429443,2.3045225408721794,-0.17731305498901445
13,12,audio,172,31.5,True,31.5,,False,48.166666666666664,-0.5853245288741418,48.166666666666664,-0.5853245288741418,50.166666666666664,-0.4836044420737253,-0.14095634269816296,0.028808537507868846
13,12,picture,172,78.5,True,,78.5,False,82.16666666666667,0.6209675275698997,3.4999999999999996,-0.27265116711063203,82.16666666666667,0.6209675275698997,0.07535890002296125,0.17071333247960177
13,12,reading,172,20.833333333333332,True,20.833333333333332,50.166666666666664,True,42.49999999999999,-0.7450831475299459,42.49999999999999,-0.7450831475299459,55.49999999999999,-0.7245562631680176,-0.29113060905466426,-0.1664783609772302
14,0,audio,40,27.166666666666668,True,27.166666666666668,51.83333333333333,False,74.5,2.6943074613809586,36.166666666666664,-0.6119570718146861,74.5,2.6943074613809586,0.7712338299678062,1.6788839996373621
14,0,picture,40,56.166666666666664,True,,56.166666666666664,False,74.83333333333333,3.0837341040372848,19.166666666666668,-0.3079152202350087,74.83333333333333,3.0837341040372848,0.8450110125518335,1.6826392188786217
14,0,reading,40,2.833333333333333,True,2.833333333333333,60.83333333333333,False,77.5,2.8863580912351607,2.833333333333333,0.6215153519529849,77.5,2.8863580912351607,0.7433231757813774,1.442483366982119
14,1,audio,101,5.5,True,5.5,50.166666666666664,True,76.5,2.7384434914824984,49.83333333333333,1.3017051751070683,76.5,2.7384434914824984,0.4069554741277377,0.9162623659640313
14,1,picture,101,14.166666666666666,True,14.166666666666666,52.166666666666664,False,74.5,2.2857410187768465,20.833333333333332,-0.7474468725336956,74.5,2.2857410187768465,0.11318150983234498,0.6241719883000155
14,1,reading,101,5.833333333333333,True,5.833333333333333,51.83333333333333,False,21.5,-2.1841585777773718,21.5,-2.1841585777773718,58.166666666666664,-1.7810165339177197,-0.6517993748731586,-0.06506589309471607
14,2,audio,83,36.166666666666664,True,36.166666666666664,50.166666666666664,True,71.5,0.7599977902753885,46.83333333333333,0.6461902357727648,71.5,0.7599977902753885,0.30399953521610934,0.35627566139753974
14,2,picture,83,7.5,True,7.5,50.166666666666664,True,27.833333333333332,1.1640243212950516,27.833333333333332,1.1640243212950516,54.83333333333333,1.13951663538275,0.6718605554634345,0.5603694591866847
14,2,reading,83,2.1666666666666665,True,2.1666666666666665,50.166666666666664,True,29.833333333333332,0.9330092517501978,29.833333333333332,0.9330092517501978,63.49999999999999,0.9238779665565634,0.5675080264429343,0.5752352578026227
14,3,audio,249,100.0,False,,,False,67.83333333333333,0.3834317683552702,21.833333333333332,-0.22185622310980288,67.83333333333333,0.3834317683552702,-0.005273667831035057,0.08122414280156842
14,3,picture,249,100.0,False,,,False,73.83333333333333,0.4691536765277711,23.5,0.2746118987264321,73.83333333333333,0.4691536765277711,0.16683121096606854,0.20968032701125924
14,3,reading,249,100.0,False,,,False,76.83333333333333,0.44406656483674506,2.833333333333333,0.43999301624226284,76.83333333333333,0.44406656483674506,0.06586186091268921,0.13410057306714085
14,4,audio,37,2.1666666666666665,True,2.1666666666666665,62.83333333333333,False,4.166666666666667,3.714315751114407,4.166666666666667,3.714315751114407,82.16666666666667,1.5364333536173846,1.2190072107015422,0.8345929058612976
14,4,picture,37,64.16666666666667,True,,64.16666666666667,False,82.5,1.9772990148615193,35.83333333333333,-0.2290238293038832,82.5,1.9772990148615193,0.46427395865447013,0.9915357832226778
14,4,reading,37,66.83333333333333,True,,66.83333333333333,False,84.83333333333333,1.8879854646888938,36.166666666666664,-0.4799930781025339,84.83333333333333,1.8879854646888938,0.27728506922154006,0.7299778714659663
14,5,audio,54,7.5,True,7.5,59.166666666666664,False,75.16666666666667,1.7136926638583343,36.49999999999999,-1.2442483076204855,75.16666666666667,1.7136926638583343,-0.01432610384550505,0.6161331498138692
14,5,picture,54,16.5,True,16.5,50.166666666666664,True,85.5,1.780318142225345,49.83333333333333,-0.9546938257084953,85.5,1.780318142225345,-0.05046506165586801,0.47619779380233834
14,5,reading,54,2.4999999999999996,True,2.4999999999999996,50.166666666666664,False,74.5,2.5500327657770225,33.166666666666664,-0.7634144898641992,74.5,2.5500327657770225,0.2738268527806474,0.8960630103068615
14,6,audio,137,57.83333333333333,True,,57.83333333333333,False,68.83333333333333,1.1043630113458112,3.1666666666666665,0.3475047668686857,68.83333333333333,1.1043630113458112,0.2300523740708709,0.5392044009977497
14,6,picture,137,58.49999999999999,True,,58.49999999999999,False,74.83333333333333,1.421911499687355,12.166666666666666,0.20818702489083266,74.83333333333333,1.421911499687355,0.42283526460887816,0.7684907283534066
14,6,reading,137,2.4999999999999996,True,2.4999999999999996,62.49999999999999,False,75.5,1.364350648039449,2.833333333333333,0.9096749870467428,75.5,1.364350648039449,0.3119205685034515,0.5824125771187507
14,7,audio,45,5.5,True,5.5,50.166666666666664,True,63.166666666666664,2.351534178521898,32.166666666666664,-1.472744111220042,63.166666666666664,2.351534178521898,-0.399359548009136,0.18908026407355624
14,7,picture,45,55.166666666666664,True,,55.166666666666664,False,64.83333333333333,3.189332389831543,29.5,0.3813031792640686,64.83333333333333,3.189332389831543,0.7631091020683309,1.4563600873347047
14,7,reading,45,2.1666666666666665,True,2.1666666666666665,57.49999999999999,False,69.5,2.8763483696513705,2.4999999999999996,1.4462296014858618,69.5,2.8763483696513705,0.5112057509140039,1.2414527978311398
14,8,audio,124,16.5,True,16.5,50.166666666666664,True,48.166666666666664,-0.872929550944865,48.166666666666664,-0.872929550944865,57.166666666666664,-0.6788240079993322,-0.25348340716674617,-0.007154375290775785
14,8,picture,124,76.83333333333333,True,,76.83333333333333,False,78.83333333333333,0.7394971850763766,20.166666666666668,-0.3719300066736797,78.83333333333333,0.7394971850763766,0.020830969304047334,0.1908888599935944
14,8,reading,124,11.499999999999998,True,11.499999999999998,50.166666666666664,True,42.49999999999999,-0.9819747969928768,42.49999999999999,-0.9819747969928768,55.166666666666664,-0.8646461656016688,-0.3692972854431245,-0.18336596672557748
14,9,audio,15,1.8333333333333333,True,1.8333333333333333,51.166666666666664,False,4.833333333333333,1.7542439808448156,4.833333333333333,1.7542439808448156,57.49999999999999,1.3056891828775405,0.4383797422793149,0.6103043583687007
14,9,picture,15,4.166666666666667,True,4.166666666666667,50.166666666666664,True,10.499999999999998,4.063275384902954,10.499999999999998,4.063275384902954,50.166666666666664,1.5073587497075398,1.5270062557097377,0.5207797248180465
14,9,reading,15,1.5,True,1.5,52.83333333333333,False,2.4999999999999996,3.193199008703232,2.4999999999999996,3.193199008703232,55.83333333333333,-0.7022447248299917,0.19649517060421126,-0.08452979811359869
14,10,audio,43,8.833333333333332,True,8.833333333333332,50.166666666666664,True,40.83333333333333,-2.1301712965549426,40.83333333333333,-2.1301712965549426,51.166666666666664,-1.6571521918440975,-0.9372563539774025,-0.8163814826475054
14,10,picture,43,16.166666666666668,True,16.166666666666668,50.166666666666664,True,56.83333333333333,-1.5314680032951886,47.166666666666664,-1.4141338079474692,56.83333333333333,-1.5314680032951886,-0.6055721018702549,-0.5811509398582141
14,10,reading,43,1.5,True,1.5,50.166666666666664,True,52.49999999999999,-2.137437471123629,48.166666666666664,-1.9287539405185123,52.49999999999999,-2.137437471123629,-1.0414298920974074,-0.9343140560698104
14,11,audio,115,2.833333333333333,True,2.833333333333333,62.49999999999999,False,4.5,1.2194523489669613,4.5,1.2194523489669613,76.83333333333333,0.8081530269073404,0.5214909267767555,0.48762512905916555
14,11,picture,115,65.83333333333333,True,,65.83333333333333,False,68.83333333333333,0.6608952483486222,45.49999999999999,0.2396101424731213,68.83333333333333,0.6608952483486222,0.23395760932454265,0.3987026642313195
14,11,reading,115,70.83333333333333,True,,70.83333333333333,False,83.16666666666667,0.6319690656240867,28.5,0.17897931872664585,83.16666666666667,0.6319690656240867,0.14884681713093612,0.27366961036973503
14,12,audio,72,12.833333333333332,True,12.833333333333332,54.49999999999999,False,90.5,-0.794416036327473,21.833333333333332,-0.7896364755514595,90.5,-0.794416036327473,-0.31533577907192833,-0.2927155566447692
14,12,picture,72,100.0,False,,,False,67.83333333333333,0.4743893318550868,9.166666666666666,0.29260569433164263,67.83333333333333,0.4743893318550868,0.07344040051872089,0.11283178928052469
14,12,reading,72,2.4999999999999996,True,2.4999999999999996,53.83333333333333,False,82.83333333333333,1.319722831611418,9.833333333333332,1.21320701090412,82.83333333333333,1.319722831611418,0.7551414699825636,0.7966349093035832
14,13,audio,1,0.5,True,0.5,50.166666666666664,True,4.5,7.673977851867676,4.5,7.673977851867676,60.166666666666664,3.7364306449890137,2.556943239692288,1.5560426454215
14,13,picture,1,0.16666666666666666,True,0.16666666666666666,50.166666666666664,True,21.166666666666668,9.083821296691895,21.166666666666668,9.083821296691895,50.166666666666664,6.935469150543213,4.193535426097611,1.407109976882736
14,13,reading,1,0.16666666666666666,True,0.16666666666666666,50.166666666666664,True,4.5,8.7059326171875,4.5,8.7059326171875,50.166666666666664,3.1576287746429443,2.3045225408721794,-0.17731305498901445
15,0,audio,56,12.833333333333332,True,12.833333333333332,53.83333333333333,False,90.16666666666667,-0.9164479103804167,13.166666666666666,-0.8108526691794395,90.16666666666667,-0.9164479103804167,-0.3487119007725074,-0.3862784227463981
15,0,picture,56,80.16666666666667,True,,80.16666666666667,False,80.5,-0.6248698347647276,16.833333333333332,-0.41476806678942274,80.5,-0.6248698347647276,0.02057831151859556,0.0480954682711293
15,0,reading,56,0.5,True,0.5,52.83333333333333,False,82.83333333333333,1.4338043771817215,9.833333333333332,1.3595000567979045,82.83333333333333,1.4338043771817215,0.792721814625617,0.8124951640698626
15,1,audio,106,9.166666666666666,True,9.166666666666666,50.166666666666664,True,76.5,2.6318244290239408,49.83333333333333,1.198311059542422,76.5,2.6318244290239408,0.38576724406087687,0.8911209454425868
15,1,picture,106,14.166666666666666,True,14.166666666666666,52.166666666666664,False,74.5,2.2181367913507066,20.833333333333332,-0.7666008644122279,74.5,2.2181367913507066,0.09636400636115518,0.6067215920307137
15,1,reading,106,5.833333333333333,True,5.833333333333333,51.83333333333333,False,21.5,-2.1494299859370827,21.5,-2.1494299859370827,58.166666666666664,-1.7770440769645404,-0.6642946258525473,-0.08977947659495586
15,2,audio,139,31.833333333333332,True,31.833333333333332,57.83333333333333,False,66.83333333333333,1.0167171428877888,31.833333333333332,-0.5084905192363176,66.83333333333333,1.0167171428877888,0.0900119332910366,0.41899645381608935
15,2,picture,139,58.166666666666664,True,,58.166666666666664,False,71.5,1.4210156684727977,13.499999999999998,0.1820211426875045,71.5,1.4210156684727977,0.3878123808869887,0.7267926049585889
15,2,reading,139,2.4999999999999996,True,2.4999999999999996,61.83333333333333,False,75.5,1.3967452590628493,2.833333333333333,0.9341695795378949,75.5,1.3967452590628493,0.2949108132139533,0.5877330961032663
15,3,audio,245,100.0,False,,,False,67.83333333333333,0.44390307303746135,33.166666666666664,0.22512227468648735,67.83333333333333,0.44390307303746135,0.10820918942002834,0.16868403310836594
15,3,picture,245,100.0,False,,,False,73.83333333333333,0.47953876722746586,35.83333333333333,0.22348234591606472,73.83333333333333,0.47953876722746586,0.1477407361642083,0.20266246732998258
15,3,reading,245,100.0,False,,,False,76.83333333333333,0.4969141303960766,2.833333333333333,0.38977247592803016,76.83333333333333,0.4969141303960766,0.12046698481201971,0.1817337014614764
15,4,audio,40,4.5,True,4.5,50.166666666666664,True,63.166666666666664,2.5139294773340226,32.166666666666664,-1.532002954185009,63.166666666666664,2.5139294773340226,-0.3869194679333953,0.23599172456896364
15,4,picture,40,55.166666666666664,True,,55.166666666666664,False,64.83333333333333,3.3049898982048034,29.5,0.43268270809203385,64.83333333333333,3.3049898982048034,0.8046978911028103,1.5229364593237116
15,4,reading,40,2.1666666666666665,True,2.1666666666666665,57.166666666666664,False,69.5,3.0499185621738434,2.4999999999999996,1.586452232208103,69.5,3.0499185621738434,0.5711516229521052,1.3363727253561375
15,5,audio,37,15.166666666666666,True,15.166666666666666,50.166666666666664,True,41.83333333333333,-1.7577995706248928,41.83333333333333,-1.7577995706248928,69.16666666666667,-1.5955016025014825,-0.6414940798325689,-0.5581188258817623
15,5,picture,37,24.5,True,24.5,50.166666666666664,True,79.5,1.4431961080109752,47.166666666666664,-1.0092599089886691,79.5,1.4431961080109752,-0.25440446420473395,-0.07866151758575966
15,5,reading,37,5.833333333333333,True,5.833333333333333,50.166666666666664,True,64.83333333333333,-2.0255793929100037,40.166666666666664,-1.5230354980842487,64.83333333333333,-2.0255793929100037,-0.8051984365893933,-0.7487078561721268
15,6,audio,94,32.49999999999999,True,32.49999999999999,51.166666666666664,False,67.5,0.7279963087132002,33.166666666666664,0.6415188350179728,67.5,0.7279963087132002,0.42188233756201426,0.5047449010095191
15,6,picture,94,20.833333333333332,True,20.833333333333332,51.166666666666664,False,72.5,0.833726931878544,34.83333333333333,0.6989981602639594,72.5,0.833726931878544,0.52652601800151,0.5733219985852656
15,6,reading,94,2.4999999999999996,True,2.4999999999999996,50.166666666666664,False,70.5,0.887315431728642,29.5,0.7783490649642463,70.5,0.887315431728642,0.5917755773205111,0.6207759000472035
15,7,audio,40,3.4999999999999996,True,3.4999999999999996,54.166666666666664,False,74.5,2.697825464606285,36.166666666666664,-0.6376395137049258,74.5,2.697825464606285,0.7743664211496676,1.6699302848166502
15,7,picture,40,56.49999999999999,True,,56.49999999999999,False,74.83333333333333,3.064525654911995,19.166666666666668,-0.3645624464494176,74.83333333333333,3.064525654911995,0.8122009836801763,1.6664302503460398
15,7,reading,40,2.833333333333333,True,2.833333333333333,61.166666666666664,False,75.83333333333333,2.9313730955123902,2.833333333333333,0.6259043869096785,75.83333333333333,2.9313730955123902,0.7304196873133212,1.4524949715446611
15,8,audio,11,2.1666666666666665,True,2.1666666666666665,59.166666666666664,False,4.166666666666667,5.428511402823708,4.166666666666667,5.428511402823708,82.5,2.4988032687794077,1.863235864931308,1.1843084340666734
15,8,picture,11,22.833333333333332,True,22.833333333333332,50.166666666666664,True,83.5,2.472664395516569,47.49999999999999,0.6241956461559642,83.5,2.472664395516569,0.851059751949175,1.4485971623247795
15,8,reading,11,55.49999999999999,True,,55.49999999999999,False,84.83333333333333,2.2435053261843594,39.49999999999999,-0.46164162998849695,84.83333333333333,2.2435053261843594,0.416712552533967,0.8903910294962362
15,9,audio,54,12.833333333333332,True,12.833333333333332,59.166666666666664,False,75.16666666666667,1.69497708576145,34.83333333333333,-1.2754648845228884,75.16666666666667,1.69497708576145,-0.018687127269363373,0.6142591996439216
15,9,picture,54,16.166666666666668,True,16.166666666666668,50.166666666666664,True,85.5,1.7769402564951666,49.83333333333333,-0.957883017482581,85.5,1.7769402564951666,-0.05929444420786306,0.46634354567856595
15,9,reading,54,2.4999999999999996,True,2.4999999999999996,50.166666666666664,True,74.5,2.561775812396297,33.166666666666664,-0.8041591091012513,74.5,2.561775812396297,0.25416705882561497,0.8892940521241262
15,10,audio,16,3.833333333333333,True,3.833333333333333,50.166666666666664,True,40.83333333333333,-2.698912836611271,40.83333333333333,-2.698912836611271,56.49999999999999,-2.1709305346012115,-1.3426272096098304,-1.089567026727503
15,10,picture,16,0.16666666666666666,True,0.16666666666666666,50.166666666666664,True,56.49999999999999,-2.3135064491070807,48.49999999999999,-2.019563232548535,56.49999999999999,-2.3135064491070807,-1.0223541707595238,-1.1649805076474635
15,10,reading,16,1.1666666666666667,True,1.1666666666666667,50.166666666666664,True,48.166666666666664,-2.8814187198877335,48.166666666666664,-2.8814187198877335,52.83333333333333,-2.4823390804231167,-1.3307275936114245,-1.1217664005578323
15,11,audio,7,1.1666666666666667,True,1.1666666666666667,50.166666666666664,True,5.166666666666667,4.507172928058675,5.166666666666667,4.507172928058675,59.83333333333333,2.9568555695669994,1.5002530606530626,1.4997784170788893
15,11,picture,7,3.833333333333333,True,3.833333333333333,50.166666666666664,True,17.833333333333332,5.190068210874285,17.833333333333332,5.190068210874285,55.49999999999999,2.8587117195129395,2.4834304539036625,1.4797444132770898
15,11,reading,7,1.1666666666666667,True,1.1666666666666667,50.166666666666664,False,4.833333333333333,2.987212743077959,4.833333333333333,2.987212743077959,63.49999999999999,1.8622368084532874,0.4840460332059107,0.46729282212679246
15,12,audio,150,20.5,True,20.5,50.166666666666664,True,48.166666666666664,-0.7037824286745551,48.166666666666664,-0.7037824286745551,50.166666666666664,-0.5494546962839861,-0.20298580821297685,0.014635939844254391
15,12,picture,150,77.83333333333333,True,,77.83333333333333,False,82.16666666666667,0.6862354722556968,3.4999999999999996,-0.2679537066188641,82.16666666666667,0.6862354722556968,0.09169813625816711,0.2021548973807174
15,12,reading,150,11.833333333333332,True,11.833333333333332,50.166666666666664,True,42.49999999999999,-0.7960603248824676,42.49999999999999,-0.7960603248824676,55.49999999999999,-0.755693724900484,-0.2850653810348245,-0.13633693391857946
15,13,audio,38,4.166666666666667,True,4.166666666666667,56.166666666666664,False,71.83333333333333,0.7592316380652943,4.166666666666667,0.5261764701847967,71.83333333333333,0.7592316380652943,0.0032291310244561416,0.05623185857975487
15,13,picture,38,4.5,True,4.5,50.166666666666664,True,10.166666666666666,2.333850563160683,10.166666666666666,2.333850563160683,54.83333333333333,1.4599545260793285,0.9208476090331676,0.39067115234285127
15,13,reading,38,1.5,True,1.5,50.166666666666664,False,2.4999999999999996,1.8531690234024274,2.4999999999999996,1.8531690234024274,76.83333333333333,0.6704559126182607,0.3224942423785327,0.15667405568604734
15,14,audio,83,2.1666666666666665,True,2.1666666666666665,63.166666666666664,False,3.833333333333333,2.226927451609847,3.833333333333333,2.226927451609847,76.83333333333333,0.9830649845661169,0.703919412250865,0.5629148002990134
15,14,picture,83,65.83333333333333,True,,65.83333333333333,False,81.5,1.09404330404408,16.166666666666668,-0.17594647502908148,81.5,1.09404330404408,0.27632045008473943,0.6014460346319562
15,14,reading,83,70.5,True,,70.5,False,84.16666666666667,1.1171950521957443,36.166666666666664,-0.3262532916065889,84.16666666666667,1.1171950521957443,0.14542856636847473,0.4185186805599641
16,0,audio,124,100.0,False,,,False,48.166666666666664,-0.4843539384854657,48.166666666666664,-0.4843539384854657,50.166666666666664,-0.40991641694469555,-0.12144249869144783,0.024061182817861244
16,0,picture,124,100.0,False,,,False,13.166666666666666,0.3361136709760514,13.166666666666666,0.3361136709760514,60.83333333333333,-0.3237936487491806,-0.04543562566900091,-0.08070702023382671
16,0,reading,124,2.833333333333333,True,2.833333333333333,55.49999999999999,False,55.49999999999999,-0.5620863582007587,2.833333333333333,0.5124418150254285,55.49999999999999,-0.5620863582007587,-0.12495726229687877,-0.08521737970534764
16,1,audio,47,3.4999999999999996,True,3.4999999999999996,51.49999999999999,False,74.5,2.5914786242424173,3.4999999999999996,0.6099731103824253,74.5,2.5914786242424173,0.7632604692045106,1.6124170836242508
16,1,picture,47,56.166666666666664,True,,56.166666666666664,False,74.83333333333333,2.9702077013380985,44.49999999999999,0.31644482676811675,74.83333333333333,2.9702077013380985,0.8222732458883159,1.6289036683264977
16,1,reading,47,2.833333333333333,True,2.833333333333333,60.83333333333333,False,75.83333333333333,2.7926685860816467,2.833333333333333,0.642766576299959,75.83333333333333,2.7926685860816467,0.7177688774902267,1.3799845830716087
16,2,audio,103,45.166666666666664,True,45.166666666666664,54.49999999999999,False,71.83333333333333,0.6612727712089359,47.166666666666664,0.5735285039086944,71.83333333333333,0.6612727712089359,0.2948569412391031,0.3553196816830851
16,2,picture,103,7.166666666666667,True,7.166666666666667,50.166666666666664,True,27.166666666666668,1.104111963937294,27.166666666666668,1.104111963937294,54.83333333333333,1.0107387517153927,0.6684184164651884,0.5591245825341313
16,2,reading,103,2.1666666666666665,True,2.1666666666666665,50.166666666666664,False,2.4999999999999996,0.8527029329765072,2.4999999999999996,0.8527029329765072,77.16666666666667,0.7835732529174935,0.4967145402874243,0.48842740849093635
16,3,audio,55,13.166666666666666,True,13.166666666666666,59.166666666666664,False,75.16666666666667,1.707163842157884,34.83333333333333,-1.234599306332794,75.16666666666667,1.707163842157884,-0.0010141243051330188,0.6169726523477019
16,3,picture,55,16.5,True,16.5,50.166666666666664,True,85.5,1.7885509742931887,49.83333333333333,-0.9453066144477237,85.5,1.7885509742931887,-0.05275353201912272,0.46700194897615543
16,3,reading,55,2.4999999999999996,True,2.4999999999999996,50.166666666666664,True,74.5,2.5829999598589812,33.166666666666664,-0.7576961301944473,74.5,2.5829999598589812,0.26826232099641306,0.8913584376026783
16,4,audio,98,5.166666666666667,True,5.166666666666667,50.166666666666664,True,76.5,2.795497028195128,49.83333333333333,1.3566970533254195,76.5,2.795497028195128,0.42221197003007466,0.9284891438306897
16,4,picture,98,13.833333333333332,True,13.833333333333332,52.49999999999999,False,74.5,2.3253048074488736,20.833333333333332,-0.7470520400461189,74.5,2.3253048074488736,0.1205547921560239,0.6330883374374351
16,4,reading,98,5.833333333333333,True,5.833333333333333,52.166666666666664,False,21.5,-2.207590994786243,21.5,-2.207590994786243,58.166666666666664,-1.786517162712253,-0.6442775009647411,-0.05128422951537372
16,5,audio,80,16.5,True,16.5,50.166666666666664,True,39.49999999999999,-0.8233758823131211,39.49999999999999,-0.8233758823131211,57.166666666666664,-0.7329318387433886,-0.17901185363056446,0.07293321090125271
16,5,picture,80,19.833333333333332,True,19.833333333333332,69.83333333333333,False,78.5,1.1933125554816797,19.833333333333332,-0.5022833564202301,78.5,1.1933125554816797,0.17426130863803788,0.4446915064334771
16,5,reading,80,9.166666666666666,True,9.166666666666666,50.166666666666664,True,42.49999999999999,-1.2401526800356806,42.49999999999999,-1.2401526800356806,59.49999999999999,-0.9815292493440211,-0.4582844516140297,-0.22720318539354167
16,6,audio,28,5.166666666666667,True,5.166666666666667,50.166666666666664,True,63.166666666666664,2.9925519824028015,32.166666666666664,-1.4887676324163164,63.166666666666664,2.9925519824028015,-0.31778849483278454,0.3435038549588839
16,6,picture,28,55.83333333333333,True,,55.83333333333333,False,68.5,3.6429485508373807,29.5,0.43862663715013434,68.5,3.6429485508373807,0.8813891214184109,1.6869341523675776
16,6,reading,28,2.1666666666666665,True,2.1666666666666665,56.83333333333333,False,69.83333333333333,3.358494145529611,2.4999999999999996,1.8681695200502872,69.83333333333333,3.358494145529611,0.6524259783068331,1.4900555264502293
16,7,audio,1,0.5,True,0.5,50.166666666666664,True,4.5,7.673977851867676,4.5,7.673977851867676,60.166666666666664,3.7364306449890137,2.556943239692288,1.5560426454215
16,7,picture,1,0.16666666666666666,True,0.16666666666666666,50.166666666666664,True,21.166666666666668,9.083821296691895,21.166666666666668,9.083821296691895,50.166666666666664,6.935469150543213,4.193535426097611,1.407109976882736
16,7,reading,1,0.16666666666666666,True,0.16666666666666666,50.166666666666664,True,4.5,8.7059326171875,4.5,8.7059326171875,50.166666666666664,3.1576287746429443,2.3045225408721794,-0.17731305498901445
16,8,audio,12,1.8333333333333333,True,1.8333333333333333,51.166666666666664,False,4.5,2.2040124914298453,4.5,2.2040124914298453,59.166666666666664,1.445280944307645,0.5511830297522384,0.7248673744451499
16,8,picture,12,4.166666666666667,True,4.166666666666667,50.166666666666664,True,10.499999999999998,4.295039057731628,10.499999999999998,4.295039057731628,50.166666666666664,1.749409094452858,1.7067501278905952,0.6429639201870142
16,8,reading,12,1.1666666666666667,True,1.1666666666666667,52.49999999999999,False,2.4999999999999996,3.098843169709047,2.4999999999999996,3.098843169709047,55.83333333333333,-0.7567711447676023,0.19952841372939772,-0.06545629288453104
16,9,audio,89,12.166666666666666,True,12.166666666666666,57.83333333333333,False,66.5,0.9940710751277008,31.833333333333332,-0.9020805497747961,66.5,0.9940710751277008,-0.15427591261432713,0.2291914819768727
16,9,picture,89,56.83333333333333,True,,56.83333333333333,False,66.16666666666667,1.6677389158291762,14.166666666666666,0.2699509279493745,66.16666666666667,1.6677389158291762,0.43526452971721263,0.8017202597128862
16,9,reading,89,2.4999999999999996,True,2.4999999999999996,60.166666666666664,False,74.16666666666667,1.508330481775691,2.833333333333333,0.9306823111474953,74.16666666666667,1.508330481775691,0.30013674349962977,0.6958379190654883
16,10,audio,15,3.833333333333333,True,3.833333333333333,50.166666666666664,True,40.83333333333333,-2.7933228890101116,40.83333333333333,-2.7933228890101116,56.166666666666664,-2.1536159753799438,-1.3516590114413347,-1.0569912745773584
16,10,picture,15,0.16666666666666666,True,0.16666666666666666,50.166666666666664,True,57.83333333333333,-2.3961139917373657,48.49999999999999,-2.095330688357353,57.83333333333333,-2.3961139917373657,-1.0467859755253366,-1.1929486650758319
16,10,reading,15,1.1666666666666667,True,1.1666666666666667,50.166666666666664,True,48.166666666666664,-2.9819082339604694,48.166666666666664,-2.9819082339604694,52.83333333333333,-2.5860180934270223,-1.3347247842771757,-1.1126487414209858
16,11,audio,37,15.166666666666666,True,15.166666666666666,50.166666666666664,True,41.83333333333333,-1.7344107305681384,41.83333333333333,-1.7344107305681384,69.16666666666667,-1.6693657064760052,-0.6610027305119284,-0.6141099881300538
16,11,picture,37,24.5,True,24.5,50.166666666666664,True,79.5,1.4096876606345177,47.166666666666664,-1.0146871406484295,79.5,1.4096876606345177,-0.26924192966838056,-0.10341604439748707
16,11,reading,37,5.833333333333333,True,5.833333333333333,50.166666666666664,True,64.83333333333333,-2.0376107161109513,40.166666666666664,-1.5188313344040432,64.83333333333333,-2.0376107161109513,-0.8141171725281985,-0.7578451741561225
16,12,audio,99,2.1666666666666665,True,2.1666666666666665,62.166666666666664,False,3.833333333333333,2.042550170812944,3.833333333333333,2.042550170812944,76.83333333333333,1.0037342679094186,0.6854019957852316,0.5812922752750737
16,12,picture,99,65.16666666666667,True,,65.16666666666667,False,80.83333333333333,1.047339078655109,15.833333333333332,-0.18591340467089204,80.83333333333333,1.047339078655109,0.27729848558813214,0.5919138060098114
16,12,reading,99,69.5,True,,69.5,False,83.16666666666667,1.046503070215083,36.166666666666664,-0.3135603045659008,83.16666666666667,1.046503070215083,0.17533703062687675,0.42975752839104747
16,13,audio,58,12.833333333333332,True,12.833333333333332,53.83333333333333,False,90.16666666666667,-0.9151043825429576,13.166666666666666,-0.7855087065234266,90.16666666666667,-0.9151043825429576,-0.3450117277691177,-0.38494669277064236
16,13,picture,58,80.16666666666667,True,,80.16666666666667,False,80.5,-0.6235246504175251,17.166666666666668,-0.3990431592221661,80.5,-0.6235246504175251,0.03390436469899674,0.04959137688596499
16,13,reading,58,0.5,True,0.5,51.166666666666664,False,82.83333333333333,1.4335760867929663,9.833333333333332,1.3699286270501285,82.83333333333333,1.4335760867929663,0.7989951287752728,0.8101839881202463
16,14,audio,258,63.83333333333333,True,,63.83333333333333,False,68.5,0.6481848165244875,33.166666666666664,0.20646171458246,68.5,0.6481848165244875,0.1520853800957397,0.26924966472531253
16,14,picture,258,62.49999999999999,True,,62.49999999999999,False,73.83333333333333,0.7483661375816211,35.49999999999999,0.22773550955753308,73.83333333333333,0.7483661375816211,0.2272806336377657,0.3580318456813796
16,14,reading,258,2.4999999999999996,True,2.4999999999999996,68.16666666666667,False,76.83333333333333,0.7641101732828416,2.833333333333333,0.5558300938036711,76.83333333333333,0.7641101732828416,0.20246873647108246,0.3092709968070911
16,15,audio,12,2.1666666666666665,True,2.1666666666666665,59.49999999999999,False,4.166666666666667,5.3588197231292725,4.166666666666667,5.3588197231292725,82.16666666666667,2.434833159049352,1.777910940944308,1.1032013165174672
16,15,picture,12,22.833333333333332,True,22.833333333333332,50.166666666666664,False,84.16666666666667,2.508078119562318,23.166666666666668,0.5162997816999754,84.16666666666667,2.508078119562318,0.8245037074264716,1.406846638188969
16,15,reading,12,55.49999999999999,True,,55.49999999999999,False,84.83333333333333,2.1705264945824942,39.83333333333333,-0.44280452902118367,84.83333333333333,2.1705264945824942,0.3771185784691241,0.8397862789135576
17,0,audio,57,8.166666666666666,True,8.166666666666666,59.166666666666664,False,75.16666666666667,1.7182486046824539,37.166666666666664,-1.2402631424759563,75.16666666666667,1.7182486046824539,-0.017308532795399904,0.5941196375581427
17,0,picture,57,16.833333333333332,True,16.833333333333332,50.166666666666664,True,85.5,1.788883178119074,49.83333333333333,-0.9324439455542648,85.5,1.788883178119074,-0.039696989429679565,0.46831819709657263
17,0,reading,57,2.4999999999999996,True,2.4999999999999996,50.166666666666664,False,74.5,2.552488142983955,2.833333333333333,0.8318781580009065,74.5,2.552488142983955,0.2722005728365752,0.8801798877878508
17,1,audio,110,55.83333333333333,True,,55.83333333333333,False,56.49999999999999,0.613610535656864,46.49999999999999,0.48522090808573093,56.49999999999999,0.613610535656864,0.24567255428041898,0.29137888641166987
17,1,picture,110,7.166666666666667,True,7.166666666666667,50.166666666666664,True,26.833333333333332,1.06476912999695,26.833333333333332,1.06476912999695,54.83333333333333,0.9363197441636162,0.6338908842637483,0.5184105069464829
17,1,reading,110,2.1666666666666665,True,2.1666666666666665,50.166666666666664,False,2.4999999999999996,0.9718157030827239,2.4999999999999996,0.9718157030827239,63.49999999999999,0.8392845253375444,0.5103351076288163,0.5082539042462497
17,2,audio,247,100.0,False,,,False,67.83333333333333,0.41479492796441686,33.166666666666664,0.2210675866987843,67.83333333333333,0.41479492796441686,0.07836559441338536,0.13603428945820611
17,2,picture,247,100.0,False,,,False,73.83333333333333,0.40686609582369393,23.166666666666668,0.1779098401786637,73.83333333333333,0.40686609582369393,0.10094052137057874,0.1510335450661947
17,2,reading,247,100.0,False,,,False,76.83333333333333,0.460437153888346,2.833333333333333,0.42434793506157,76.83333333333333,0.460437153888346,0.09556756552327372,0.16036726139264798
17,3,audio,178,2.833333333333333,True,2.833333333333333,56.49999999999999,False,67.16666666666667,0.9934164271376023,3.833333333333333,0.8385584633692764,67.16666666666667,0.9934164271376023,0.4406977275203523,0.6042858435983967
17,3,picture,178,59.49999999999999,True,,59.49999999999999,False,74.5,1.2332556051191654,36.49999999999999,0.17807797711928575,74.5,1.2332556051191654,0.37584231845180055,0.681385501706865
17,3,reading,178,2.833333333333333,True,2.833333333333333,65.83333333333333,False,80.16666666666667,1.1023671004261948,2.833333333333333,0.5903947757751054,80.16666666666667,1.1023671004261948,0.27048925607595475,0.49414697328362117
17,4,audio,107,9.166666666666666,True,9.166666666666666,50.166666666666664,True,76.5,2.6223787790703996,49.83333333333333,1.1945688473844083,76.5,2.6223787790703996,0.38020825353593685,0.8847805687994404
17,4,picture,107,14.166666666666666,True,14.166666666666666,52.166666666666664,False,74.5,2.2036142889584336,20.833333333333332,-0.7698303386046786,74.5,2.2036142889584336,0.09188006255846605,0.5994084573767855
17,4,reading,107,5.833333333333333,True,5.833333333333333,51.83333333333333,False,21.5,-2.1506877157175652,21.5,-2.1506877157175652,58.166666666666664,-1.7691553875664685,-0.6634495770005666,-0.08933830698643043
17,5,audio,15,3.833333333333333,True,3.833333333333333,50.166666666666664,True,40.83333333333333,-2.7933228890101116,40.83333333333333,-2.7933228890101116,56.166666666666664,-2.1536159753799438,-1.3516590114413347,-1.0569912745773584
17,5,picture,15,0.16666666666666666,True,0.16666666666666666,50.166666666666664,True,57.83333333333333,-2.3961139917373657,48.49999999999999,-2.095330688357353,57.83333333333333,-2.3961139917373657,-1.0467859755253366,-1.1929486650758319
17,5,reading,15,1.1666666666666667,True,1.1666666666666667,50.166666666666664,True,48.166666666666664,-2.9819082339604694,48.166666666666664,-2.9819082339604694,52.83333333333333,-2.5860180934270223,-1.3347247842771757,-1.1126487414209858
17,6,audio,5,1.5,True,1.5,50.166666666666664,True,5.166666666666667,4.910272812843322,5.166666666666667,4.910272812843322,59.83333333333333,2.7092225551605225,1.2729283012239416,1.3573965597973825
17,6,picture,5,4.166666666666667,True,4.166666666666667,50.166666666666664,True,18.166666666666668,5.054178524017334,18.166666666666668,5.054178524017334,60.83333333333333,2.4907450675964355,2.269639649108518,1.370974703885925
17,6,reading,5,1.5,True,1.5,54.49999999999999,False,2.1666666666666665,2.2955083586275578,2.1666666666666665,2.2955083586275578,63.49999999999999,1.9904327988624573,-0.06184620205322664,0.3986827904564561
17,7,audio,35,2.1666666666666665,True,2.1666666666666665,65.5,False,4.166666666666667,3.82262282201222,4.166666666666667,3.82262282201222,82.16666666666667,1.6062791126114981,1.1937025968139057,0.7640681704296503
17,7,picture,35,66.83333333333333,True,,66.83333333333333,False,82.5,1.9649477588278907,6.166666666666667,-0.24616744317380446,82.5,1.9649477588278907,0.41895379907715447,0.896926653272686
17,7,reading,35,45.166666666666664,True,45.166666666666664,59.49999999999999,False,85.5,1.77973056776183,45.166666666666664,-0.5132354100900037,85.5,1.77973056776183,0.1987577562866777,0.5982879924814277
17,8,audio,59,7.833333333333333,True,7.833333333333333,50.166666666666664,True,31.833333333333332,-1.1278996932778065,31.833333333333332,-1.1278996932778065,62.83333333333333,0.9766692274202735,-0.3541368224279646,0.025606769234798533
17,8,picture,59,55.49999999999999,True,,55.49999999999999,False,61.166666666666664,1.8672105318914025,8.499999999999998,0.27410054473616813,61.166666666666664,1.8672105318914025,0.4561429229719256,0.8397299800086147
17,8,reading,59,2.4999999999999996,True,2.4999999999999996,52.49999999999999,False,70.16666666666667,1.512924396890705,2.4999999999999996,0.6518158656150356,70.16666666666667,1.512924396890705,0.24518246131517893,0.6727698083451319
17,9,audio,40,15.166666666666666,True,15.166666666666666,50.166666666666664,True,41.83333333333333,-1.7140961289405823,41.83333333333333,-1.7140961289405823,69.16666666666667,-1.5514849781990052,-0.6484703066563804,-0.5801498122255362
17,9,picture,40,24.833333333333332,True,24.833333333333332,50.166666666666664,True,79.5,1.2850915325805545,47.166666666666664,-0.9983275566250086,79.5,1.2850915325805545,-0.2748446317749555,-0.12553385012004467
17,9,reading,40,5.833333333333333,True,5.833333333333333,50.166666666666664,True,64.83333333333333,-1.9410239111632108,40.166666666666664,-1.4909614451229571,64.83333333333333,-1.9410239111632108,-0.8077782759467603,-0.7508930943460995
17,10,audio,28,3.1666666666666665,True,3.1666666666666665,50.166666666666664,True,40.166666666666664,-1.318932417780161,40.166666666666664,-1.318932417780161,91.16666666666667,1.2731793171593122,-0.3244404230540637,0.15456472502393026
17,10,picture,28,12.499999999999998,True,12.499999999999998,50.166666666666664,True,69.16666666666667,-0.8937527861978326,48.49999999999999,-0.6985424365848303,69.16666666666667,-0.8937527861978326,-0.24169926709265596,-0.2685135436738312
17,10,reading,28,2.4999999999999996,True,2.4999999999999996,50.166666666666664,True,2.833333333333333,1.0694767726319176,2.833333333333333,1.0694767726319176,52.166666666666664,-0.9561365177588803,0.09263126969462365,0.27514399010755625
17,11,audio,26,5.166666666666667,True,5.166666666666667,50.166666666666664,True,63.166666666666664,3.071485895376939,41.49999999999999,-1.4399650211517627,63.166666666666664,3.071485895376939,-0.30221884125090676,0.3542363208131746
17,11,picture,26,55.83333333333333,True,,55.83333333333333,False,68.5,3.7223747876974254,29.5,0.4753400669074975,68.5,3.7223747876974254,0.9049395119617598,1.7067149003780038
17,11,reading,26,1.8333333333333333,True,1.8333333333333333,56.166666666666664,False,69.5,3.4564455564205465,2.4999999999999996,2.0033316537737846,69.5,3.4564455564205465,0.7035046300174013,1.535573420149725
17,12,audio,56,12.833333333333332,True,12.833333333333332,53.83333333333333,False,90.16666666666667,-0.9164479103804167,13.166666666666666,-0.8108526691794395,90.16666666666667,-0.9164479103804167,-0.3487119007725074,-0.3862784227463981
17,12,picture,56,80.16666666666667,True,,80.16666666666667,False,80.5,-0.6248698347647276,16.833333333333332,-0.41476806678942274,80.5,-0.6248698347647276,0.02057831151859556,0.0480954682711293
17,12,reading,56,0.5,True,0.5,52.83333333333333,False,82.83333333333333,1.4338043771817215,9.833333333333332,1.3595000567979045,82.83333333333333,1.4338043771817215,0.792721814625617,0.8124951640698626
17,13,audio,6,12.833333333333332,True,12.833333333333332,50.166666666666664,False,71.83333333333333,1.2145722756783168,26.5,-1.104169597228368,71.83333333333333,1.2145722756783168,-0.1271712374703444,0.10425917475228844
17,13,picture,6,3.833333333333333,True,3.833333333333333,50.166666666666664,True,10.166666666666666,4.139352043469747,10.166666666666666,4.139352043469747,50.166666666666664,1.5354535182317097,1.2209557803198066,-0.11465278052825144
17,13,reading,6,0.5,True,0.5,50.166666666666664,True,2.833333333333333,4.446388880411784,2.833333333333333,4.446388880411784,56.83333333333333,-1.528831938902537,0.5250305010048517,-0.5556036097822815
17,14,audio,102,20.833333333333332,True,20.833333333333332,50.166666666666664,True,48.83333333333333,-0.6919307572374522,48.83333333333333,-0.6919307572374522,57.166666666666664,-0.5674160140584789,-0.16450446962261286,0.011530553285059964
17,14,picture,102,70.5,True,,70.5,False,81.83333333333333,0.9982921805451898,26.833333333333332,0.31063592420690056,81.83333333333333,0.9982921805451898,0.23403108803293074,0.39251352340092316
17,14,reading,102,11.499999999999998,True,11.499999999999998,50.166666666666664,True,42.49999999999999,-1.0079553000921129,42.49999999999999,-1.0079553000921129,59.49999999999999,-0.8057219760821146,-0.3900922034046468,-0.23388650668068317
17,15,audio,1,0.5,True,0.5,50.166666666666664,True,4.5,7.673977851867676,4.5,7.673977851867676,60.166666666666664,3.7364306449890137,2.556943239692288,1.5560426454215
17,15,picture,1,0.16666666666666666,True,0.16666666666666666,50.166666666666664,True,21.166666666666668,9.083821296691895,21.166666666666668,9.083821296691895,50.166666666666664,6.935469150543213,4.193535426097611,1.407109976882736
17,15,reading,1,0.16666666666666666,True,0.16666666666666666,50.166666666666664,True,4.5,8.7059326171875,4.5,8.7059326171875,50.166666666666664,3.1576287746429443,2.3045225408721794,-0.17731305498901445
17,16,audio,44,3.4999999999999996,True,3.4999999999999996,51.49999999999999,False,74.5,2.654169570315968,3.4999999999999996,0.5852886471865614,74.5,2.654169570315968,0.7797970888731056,1.6534084390943022
17,16,picture,44,56.166666666666664,True,,56.166666666666664,False,74.83333333333333,3.0213468589565973,19.166666666666668,-0.3126520725411617,74.83333333333333,3.0213468589565973,0.8280147145766941,1.648508017560093
17,16,reading,44,2.833333333333333,True,2.833333333333333,60.83333333333333,False,77.83333333333333,2.860840618610382,2.833333333333333,0.6731816558590666,77.83333333333333,2.860840618610382,0.7321288165610103,1.4099244938475113
18,0,audio,60,12.833333333333332,True,12.833333333333332,53.83333333333333,False,90.16666666666667,-0.9025477633190652,21.833333333333332,-0.7834856942296028,90.16666666666667,-0.9025477633190652,-0.3370695941318819,-0.3709809749761658
18,0,picture,60,80.16666666666667,True,,80.16666666666667,False,80.5,-0.5813478359331687,17.166666666666668,-0.3695563478861004,80.5,-0.5813478359331687,0.0450806283148795,0.06351368270028152
18,0,reading,60,0.5,True,0.5,51.166666666666664,False,82.83333333333333,1.4030797603850564,9.833333333333332,1.3424667575707039,82.83333333333333,1.4030797603850564,0.7963319437790459,0.8132500269619437
18,1,audio,108,46.49999999999999,True,46.49999999999999,55.83333333333333,False,71.83333333333333,0.6333273723592154,46.83333333333333,0.5389799238355072,71.83333333333333,0.6333273723592154,0.26634102773646195,0.3209074619991133
18,1,picture,108,7.5,True,7.5,50.166666666666664,True,26.833333333333332,1.0437869231596038,26.833333333333332,1.0437869231596038,54.83333333333333,0.9463598627631588,0.6301437035158552,0.5396501136853156
18,1,reading,108,2.1666666666666665,True,2.1666666666666665,50.166666666666664,False,2.4999999999999996,0.8984504203604216,2.4999999999999996,0.8984504203604216,77.16666666666667,0.7832128411434867,0.48927714615811024,0.4807967598229852
18,2,audio,26,5.166666666666667,True,5.166666666666667,50.166666666666664,True,63.166666666666664,3.071485895376939,41.49999999999999,-1.4399650211517627,63.166666666666664,3.071485895376939,-0.30221884125090676,0.3542363208131746
18,2,picture,26,55.83333333333333,True,,55.83333333333333,False,68.5,3.7223747876974254,29.5,0.4753400669074975,68.5,3.7223747876974254,0.9049395119617598,1.7067149003780038
18,2,reading,26,1.8333333333333333,True,1.8333333333333333,56.166666666666664,False,69.5,3.4564455564205465,2.4999999999999996,2.0033316537737846,69.5,3.4564455564205465,0.7035046300174013,1.535573420149725
18,3,audio,107,9.166666666666666,True,9.166666666666666,50.166666666666664,True,76.5,2.6223787790703996,49.83333333333333,1.1945688473844083,76.5,2.6223787790703996,0.38020825353593685,0.8847805687994404
18,3,picture,107,14.166666666666666,True,14.166666666666666,52.166666666666664,False,74.5,2.2036142889584336,20.833333333333332,-0.7698303386046786,74.5,2.2036142889584336,0.09188006255846605,0.5994084573767855
18,3,reading,107,5.833333333333333,True,5.833333333333333,51.83333333333333,False,21.5,-2.1506877157175652,21.5,-2.1506877157175652,58.166666666666664,-1.7691553875664685,-0.6634495770005666,-0.08933830698643043
18,4,audio,26,1.8333333333333333,True,1.8333333333333333,62.83333333333333,False,4.166666666666667,4.280375453142019,4.166666666666667,4.280375453142019,82.16666666666667,1.780625921029311,1.3622641461751663,0.901629919167219
18,4,picture,26,65.5,True,,65.5,False,84.83333333333333,2.315786756001986,6.166666666666667,-0.2606463266285853,84.83333333333333,2.315786756001986,0.5094588469078606,1.0787021352055384
18,4,reading,26,36.166666666666664,True,36.166666666666664,53.83333333333333,False,84.83333333333333,2.215437643803083,36.166666666666664,-0.5424642582209065,84.83333333333333,2.215437643803083,0.3150718600212732,0.8174050868597352
18,5,audio,88,20.5,True,20.5,50.166666666666664,True,48.83333333333333,-0.7343894431039437,48.83333333333333,-0.7343894431039437,57.166666666666664,-0.6415221186524088,-0.1657493074539974,0.0223496892150886
18,5,picture,88,70.16666666666667,True,,70.16666666666667,False,81.83333333333333,1.1232972382567823,17.5,-0.32402993452904577,81.83333333333333,1.1232972382567823,0.23991356195242644,0.4384984739233611
18,5,reading,88,9.499999999999998,True,9.499999999999998,50.166666666666664,True,42.49999999999999,-1.0430643754079938,42.49999999999999,-1.0430643754079938,61.49999999999999,-0.8489578725473786,-0.3932929791031229,-0.22855629224391152
18,6,audio,49,15.166666666666666,True,15.166666666666666,50.166666666666664,True,41.83333333333333,-1.5513532429325336,41.83333333333333,-1.5513532429325336,60.49999999999999,-1.3635555749036827,-0.6344616608792685,-0.5619544919086982
18,6,picture,49,29.5,True,29.5,50.166666666666664,True,57.166666666666664,-0.942324704100967,47.166666666666664,-0.8915071847031311,57.166666666666664,-0.942324704100967,-0.284498398442946,-0.2054306270872735
18,6,reading,49,5.833333333333333,True,5.833333333333333,50.166666666666664,True,52.49999999999999,-1.7982484150905997,43.83333333333333,-1.4644774216778425,52.49999999999999,-1.7982484150905997,-0.8100765950392904,-0.7403908581402748
18,7,audio,14,1.8333333333333333,True,1.8333333333333333,51.166666666666664,False,4.5,1.8880473508366518,4.5,1.8880473508366518,57.49999999999999,1.335376197738307,0.4896931580877459,0.6526805419803852
18,7,picture,14,4.166666666666667,True,4.166666666666667,50.166666666666664,True,10.166666666666666,4.20060087953295,10.166666666666666,4.20060087953295,50.166666666666664,1.5626290270260401,1.5841399918934622,0.5541259849138165
18,7,reading,14,1.5,True,1.5,53.166666666666664,False,2.4999999999999996,3.175944986087935,2.4999999999999996,3.175944986087935,63.49999999999999,0.6784932075866631,0.1948701164311344,-0.04158849675935926
18,8,audio,44,9.833333333333332,True,9.833333333333332,59.166666666666664,False,75.16666666666667,1.7619940624995665,34.83333333333333,-1.4062698490240357,75.16666666666667,1.7619940624995665,-0.020822707093392456,0.6484945043575753
18,8,picture,44,15.166666666666666,True,15.166666666666666,50.166666666666664,True,85.5,1.862350216304714,49.83333333333333,-1.0748638436198235,85.5,1.862350216304714,-0.1094376707833968,0.4499570718998087
18,8,reading,44,2.4999999999999996,True,2.4999999999999996,50.166666666666664,True,74.5,2.6233042017980055,33.166666666666664,-0.8839316576380621,74.5,2.6233042017980055,0.2349727132621201,0.8975713671909014
18,9,audio,25,7.5,True,7.5,57.166666666666664,False,74.5,2.727587466239929,30.5,-1.2305626506265253,74.5,2.727587466239929,0.5554916631037952,1.719159530305172
18,9,picture,25,19.166666666666668,True,19.166666666666668,56.83333333333333,False,74.83333333333333,3.2937636756896973,19.5,-0.5098279097676277,74.83333333333333,3.2937636756896973,0.7746342548779218,1.6801243764076381
18,9,reading,25,1.1666666666666667,True,1.1666666666666667,50.166666666666664,True,77.5,3.0919517993927004,48.83333333333333,-1.006093772649765,77.5,3.0919517993927004,0.5349214462133358,1.4043802443686253
18,10,audio,51,7.5,True,7.5,50.166666666666664,True,26.833333333333332,-1.195582259628995,26.833333333333332,-1.195582259628995,62.83333333333333,1.0234062452526653,-0.4076481622827748,-0.030270503046019737
18,10,picture,51,54.83333333333333,True,,54.83333333333333,False,61.166666666666664,1.9781046275999032,8.499999999999998,0.29511892965392156,61.166666666666664,1.9781046275999032,0.4613440999895035,0.8499680125680612
18,10,reading,51,2.4999999999999996,True,2.4999999999999996,52.49999999999999,False,69.5,1.5417336860269892,2.4999999999999996,0.6504580308957135,69.5,1.5417336860269892,0.2412785695542685,0.6696741984742597
18,11,audio,113,58.166666666666664,True,,58.166666666666664,False,70.83333333333333,1.0456578635602398,31.833333333333332,-0.3331824198892686,70.83333333333333,1.0456578635602398,0.23260601133038553,0.5563268880143498
18,11,picture,113,60.83333333333333,True,,60.83333333333333,False,73.83333333333333,1.3856204194305217,12.833333333333332,0.2017743471737918,73.83333333333333,1.3856204194305217,0.3618244530177738,0.7049865831070603
18,11,reading,113,2.4999999999999996,True,2.4999999999999996,62.166666666666664,False,75.5,1.4492425778798297,2.833333333333333,1.0852052651387616,75.5,1.4492425778798297,0.33611436525434973,0.6286034100564039
18,12,audio,12,3.833333333333333,True,3.833333333333333,50.166666666666664,True,40.83333333333333,-3.0224379102389016,40.83333333333333,-3.0224379102389016,53.166666666666664,-2.3265414237976074,-1.4477008885580454,-1.1325020557609646
18,12,picture,12,0.16666666666666666,True,0.16666666666666666,50.166666666666664,True,56.49999999999999,-2.795549521843592,48.49999999999999,-2.346599906682968,56.49999999999999,-2.795549521843592,-1.2395365209146985,-1.34143043499427
18,12,reading,12,1.1666666666666667,True,1.1666666666666667,50.166666666666664,True,48.166666666666664,-3.1848473151524863,48.166666666666664,-3.1848473151524863,52.83333333333333,-2.7325060764948526,-1.3523484711292786,-1.1019131802437752
18,13,audio,95,2.4999999999999996,True,2.4999999999999996,62.166666666666664,False,3.833333333333333,1.7405390031243626,3.833333333333333,1.7405390031243626,76.83333333333333,0.9717380208796577,0.6318149504198669,0.5619466161778188
18,13,picture,95,64.16666666666667,True,,64.16666666666667,False,74.5,0.8811051160391224,16.166666666666668,-0.20216913408550777,74.5,0.8811051160391224,0.2745522934418651,0.5352253876260584
18,13,reading,95,69.5,True,,69.5,False,83.16666666666667,0.8552233072095796,36.166666666666664,-0.184919380891676,83.16666666666667,0.8552233072095796,0.17735782753213222,0.3837785029810831
18,14,audio,252,100.0,False,,,False,67.83333333333333,0.4219093290564146,33.166666666666664,0.16350898021344273,67.83333333333333,0.4219093290564146,0.06599849164032102,0.1403460983078538
18,14,picture,252,100.0,False,,,False,73.83333333333333,0.43043103537476984,23.5,0.20254529282794378,73.83333333333333,0.43043103537476984,0.121777857689292,0.16765544194348
18,14,reading,252,100.0,False,,,False,76.83333333333333,0.4410766562380429,2.833333333333333,0.4285858468695854,76.83333333333333,0.4410766562380429,0.0761401791304571,0.13662290433098465
18,15,audio,1,0.5,True,0.5,50.166666666666664,True,4.5,7.673977851867676,4.5,7.673977851867676,60.166666666666664,3.7364306449890137,2.556943239692288,1.5560426454215
18,15,picture,1,0.16666666666666666,True,0.16666666666666666,50.166666666666664,True,21.166666666666668,9.083821296691895,21.166666666666668,9.083821296691895,50.166666666666664,6.935469150543213,4.193535426097611,1.407109976882736
18,15,reading,1,0.16666666666666666,True,0.16666666666666666,50.166666666666664,True,4.5,8.7059326171875,4.5,8.7059326171875,50.166666666666664,3.1576287746429443,2.3045225408721794,-0.17731305498901445
18,16,audio,26,3.1666666666666665,True,3.1666666666666665,50.166666666666664,True,40.166666666666664,-1.4277851764972394,40.166666666666664,-1.4277851764972394,93.16666666666667,1.3254363846320372,-0.3494798427757418,0.16557414268636939
18,16,picture,26,12.833333333333332,True,12.833333333333332,50.49999999999999,False,53.166666666666664,-0.9146185719336455,48.49999999999999,-0.7599599364285285,53.166666666666664,-0.9146185719336455,-0.185351352925953,-0.16346930486200084
18,16,reading,26,2.4999999999999996,True,2.4999999999999996,50.166666666666664,True,2.833333333333333,1.1396015547215939,2.833333333333333,1.1396015547215939,88.83333333333333,1.0280606654974132,0.17234605204313758,0.3673113726474194
18,17,audio,19,2.4999999999999996,True,2.4999999999999996,50.166666666666664,True,68.5,2.6034394816348425,3.4999999999999996,1.206088753907304,68.5,2.6034394816348425,1.0120741394147574,1.5050538712086388
18,17,picture,19,23.166666666666668,True,23.166666666666668,50.49999999999999,False,68.5,2.8747747634586536,35.83333333333333,0.7868575249847612,68.5,2.8747747634586536,0.9548348905197488,1.5928771030594056
18,17,reading,19,4.833333333333333,True,4.833333333333333,53.166666666666664,False,75.83333333333333,2.4958864074004325,33.49999999999999,1.1192907800799923,75.83333333333333,2.4958864074004325,1.0116159784000187,1.3471782381690858
19,0,audio,146,57.83333333333333,True,,57.83333333333333,False,66.83333333333333,1.0389995669486791,31.833333333333332,-0.46478559132920555,66.83333333333333,1.0389995669486791,0.11584362627376175,0.4356669575882745
19,0,picture,146,58.49999999999999,True,,58.49999999999999,False,71.5,1.423047071858628,13.166666666666666,0.20761147838034857,71.5,1.423047071858628,0.39381960293566887,0.7373102518190009
19,0,reading,146,2.4999999999999996,True,2.4999999999999996,61.83333333333333,False,75.5,1.444904462472625,2.833333333333333,0.966418378143815,75.5,1.444904462472625,0.3148816844290218,0.609560809163204
19,1,audio,15,3.833333333333333,True,3.833333333333333,50.166666666666664,True,40.83333333333333,-2.7933228890101116,40.83333333333333,-2.7933228890101116,56.166666666666664,-2.1536159753799438,-1.3516590114413347,-1.0569912745773584
19,1,picture,15,0.16666666666666666,True,0.16666666666666666,50.166666666666664,True,57.83333333333333,-2.3961139917373657,48.49999999999999,-2.095330688357353,57.83333333333333,-2.3961139917373657,-1.0467859755253366,-1.1929486650758319
19,1,reading,15,1.1666666666666667,True,1.1666666666666667,50.166666666666664,True,48.166666666666664,-2.9819082339604694,48.166666666666664,-2.9819082339604694,52.83333333333333,-2.5860180934270223,-1.3347247842771757,-1.1126487414209858
19,2,audio,63,71.5,True,,71.5,False,72.16666666666667,0.5428320234641433,47.166666666666664,0.3504619508508652,72.16666666666667,0.5428320234641433,0.06673762167575106,0.09974626316029288
19,2,picture,63,6.166666666666667,True,6.166666666666667,50.166666666666664,True,26.833333333333332,1.417273072969346,26.833333333333332,1.417273072969346,54.83333333333333,1.193963113410901,0.7098776168244156,0.47730844180855436
19,2,reading,63,1.8333333333333333,True,1.8333333333333333,76.16666666666667,False,2.4999999999999996,1.1538746227465926,2.4999999999999996,1.1538746227465926,76.83333333333333,0.6382023983649792,0.19034126452623654,0.17264611631645707
19,3,audio,40,11.833333333333332,True,11.833333333333332,52.83333333333333,False,77.16666666666667,1.4050479428842664,44.166666666666664,-1.1614905565977096,77.16666666666667,1.4050479428842664,-0.013854094220623664,0.5215080496407657
19,3,picture,40,7.166666666666667,True,7.166666666666667,50.166666666666664,True,74.16666666666667,1.3882398079149425,21.5,-0.9685191124677658,74.16666666666667,1.3882398079149425,-0.1346140957504564,0.3626513519012903
19,3,reading,40,5.833333333333333,True,5.833333333333333,50.166666666666664,True,34.83333333333333,-1.942080057412386,34.83333333333333,-1.942080057412386,59.166666666666664,-1.8449277028441429,-0.8688867564542057,-0.4274434204135117
19,4,audio,1,0.5,True,0.5,50.166666666666664,True,4.5,7.673977851867676,4.5,7.673977851867676,60.166666666666664,3.7364306449890137,2.556943239692288,1.5560426454215
19,4,picture,1,0.16666666666666666,True,0.16666666666666666,50.166666666666664,True,21.166666666666668,9.083821296691895,21.166666666666668,9.083821296691895,50.166666666666664,6.935469150543213,4.193535426097611,1.407109976882736
19,4,reading,1,0.16666666666666666,True,0.16666666666666666,50.166666666666664,True,4.5,8.7059326171875,4.5,8.7059326171875,50.166666666666664,3.1576287746429443,2.3045225408721794,-0.17731305498901445
19,5,audio,12,2.1666666666666665,True,2.1666666666666665,50.166666666666664,False,4.166666666666667,5.272683481375377,4.166666666666667,5.272683481375377,82.16666666666667,2.4203799664974213,1.8500904033565246,1.2353889714207293
19,5,picture,12,46.83333333333333,True,46.83333333333333,50.166666666666664,False,85.5,2.4663075953722,47.49999999999999,0.5241687198479971,85.5,2.4663075953722,0.8242946351883398,1.448536453408047
19,5,reading,12,65.5,True,,65.5,False,80.83333333333333,2.3172814647356668,39.49999999999999,-0.4563380492230256,80.83333333333333,2.3172814647356668,0.45506077008222634,0.9708095303795481
19,6,audio,231,100.0,False,,,False,67.83333333333333,0.4732631088649749,33.166666666666664,0.27409496448643794,67.83333333333333,0.4732631088649749,0.12225898681029244,0.18581129065903867
19,6,picture,231,100.0,False,,,False,73.83333333333333,0.47311233461973584,47.49999999999999,0.18156065168846963,73.83333333333333,0.47311233461973584,0.12033486567926743,0.19522083077979027
19,6,reading,231,73.83333333333333,True,,73.83333333333333,False,73.83333333333333,0.5218680394144156,2.833333333333333,0.3979684349615127,73.83333333333333,0.5218680394144156,0.14536272443075746,0.21905652709281734
19,7,audio,116,14.166666666666666,True,14.166666666666666,50.166666666666664,True,36.166666666666664,-0.758245854477944,36.166666666666664,-0.758245854477944,50.166666666666664,-0.6155978917176353,-0.239663253342533,0.017491405681439465
19,7,picture,116,84.83333333333333,True,,84.83333333333333,False,85.16666666666667,0.5288720632469731,13.166666666666666,0.36495063278085454,85.16666666666667,0.5288720632469731,0.09017353634213086,0.17492990539211659
19,7,reading,116,2.833333333333333,True,2.833333333333333,50.166666666666664,True,55.49999999999999,-0.6709678198435697,46.166666666666664,-0.6465732479379673,55.49999999999999,-0.6709678198435697,-0.18168808766120745,-0.07634958426339807
19,8,audio,92,2.1666666666666665,True,2.1666666666666665,63.166666666666664,False,3.833333333333333,2.1100761607775222,3.833333333333333,2.1100761607775222,76.83333333333333,0.9920485361843653,0.6985385971158773,0.5749306515569836
19,8,picture,92,65.5,True,,65.5,False,81.5,1.0452024988506152,16.166666666666668,-0.19210809506678386,81.5,1.0452024988506152,0.27716567049484153,0.5846081195823032
19,8,reading,92,70.16666666666667,True,,70.16666666666667,False,83.16666666666667,1.0645571642595788,36.166666666666664,-0.30526853711647994,83.16666666666667,1.0645571642595788,0.16481231070543093,0.42170891385384507
19,9,audio,7,1.5,True,1.5,50.166666666666664,True,5.166666666666667,4.077356798308236,5.166666666666667,4.077356798308236,76.5,2.677798424448286,1.1585795861284298,1.3170486524867704
19,9,picture,7,4.166666666666667,True,4.166666666666667,50.166666666666664,True,10.499999999999998,4.087305239268711,10.499999999999998,4.087305239268711,74.5,2.3506398371287753,1.9665034025139176,1.2597490116752066
19,9,reading,7,1.5,True,1.5,53.83333333333333,False,2.4999999999999996,2.313257153545107,2.4999999999999996,2.313257153545107,71.5,1.5226626311029707,-0.14108622347294367,0.2819822163366258
19,10,audio,39,4.5,True,4.5,50.166666666666664,True,63.166666666666664,2.5491600984182115,32.166666666666664,-1.4803901987198071,63.166666666666664,2.5491600984182115,-0.3650155872486214,0.24316160957520136
19,10,picture,39,55.166666666666664,True,,55.166666666666664,False,64.83333333333333,3.3242170932965402,29.5,0.46246599558836377,64.83333333333333,3.3242170932965402,0.8166805532272644,1.5366350988941924
19,10,reading,39,2.1666666666666665,True,2.1666666666666665,57.166666666666664,False,69.83333333333333,3.0881102421344857,2.4999999999999996,1.6439618024115379,69.83333333333333,3.0881102421344857,0.6003653759958145,1.3594759152298714
19,11,audio,59,12.833333333333332,True,12.833333333333332,53.83333333333333,False,90.5,-0.8744684079882957,13.499999999999998,-0.7783846564085807,90.5,-0.8744684079882957,-0.3337593546335159,-0.3598539329371346
19,11,picture,59,80.5,True,,80.5,False,80.5,-0.5589430530445051,16.833333333333332,-0.371076174711777,80.5,-0.5589430530445051,0.03729832800099069,0.06518053889457955
19,11,reading,59,0.5,True,0.5,52.83333333333333,False,83.16666666666667,1.421139972615924,9.833333333333332,1.3427880819318658,83.16666666666667,1.421139972615924,0.7946605512526649,0.813512781539532
19,12,audio,35,2.1666666666666665,True,2.1666666666666665,50.166666666666664,True,2.833333333333333,1.1643391426120486,2.833333333333333,1.1643391426120486,57.166666666666664,-0.9284520719732557,-0.12966158401080205,-0.028856836443022196
19,12,picture,35,0.16666666666666666,True,0.16666666666666666,53.49999999999999,False,78.16666666666667,1.4712142403636659,19.833333333333332,-0.8858796862619264,78.16666666666667,1.4712142403636659,0.12817258941913034,0.25770952302198213
19,12,reading,35,2.1666666666666665,True,2.1666666666666665,50.166666666666664,True,42.49999999999999,-1.417728923048292,42.49999999999999,-1.417728923048292,81.83333333333333,1.3089375461318664,-0.4273474497902374,-0.1774176031611084
19,13,audio,57,27.833333333333332,True,27.833333333333332,50.166666666666664,True,60.166666666666664,0.8836859816260505,43.83333333333333,0.8040259058930372,60.166666666666664,0.8836859816260505,0.5031641836372551,0.5803590298335344
19,13,picture,57,16.5,True,16.5,50.166666666666664,True,62.83333333333333,0.9887948102530157,39.49999999999999,0.8688122224912309,62.83333333333333,0.9887948102530157,0.6110423250550855,0.6324552796728226
19,13,reading,57,4.833333333333333,True,4.833333333333333,50.166666666666664,True,68.5,1.0595087359348934,29.833333333333332,0.9342856848645106,68.5,1.0595087359348934,0.6938149284901747,0.7119763218784264
19,14,audio,46,9.833333333333332,True,9.833333333333332,59.166666666666664,False,75.16666666666667,1.7599800629136355,34.83333333333333,-1.3557741881712624,75.16666666666667,1.7599800629136355,-0.02399780554106504,0.6424427199371808
19,14,picture,46,15.499999999999998,True,15.499999999999998,50.166666666666664,True,85.5,1.8113354096270127,49.83333333333333,-1.0512640903825345,85.5,1.8113354096270127,-0.08984420215047306,0.4663227834315139
19,14,reading,46,2.4999999999999996,True,2.4999999999999996,50.166666666666664,True,74.5,2.5827155838841978,32.83333333333333,-0.8509305231273174,74.5,2.5827155838841978,0.25526788609820794,0.908915223046672
19,15,audio,37,15.166666666666666,True,15.166666666666666,50.166666666666664,True,41.83333333333333,-1.7344107305681384,41.83333333333333,-1.7344107305681384,69.16666666666667,-1.6693657064760052,-0.6610027305119284,-0.6141099881300538
19,15,picture,37,24.5,True,24.5,50.166666666666664,True,79.5,1.4096876606345177,47.166666666666664,-1.0146871406484295,79.5,1.4096876606345177,-0.26924192966838056,-0.10341604439748707
19,15,reading,37,5.833333333333333,True,5.833333333333333,50.166666666666664,True,64.83333333333333,-2.0376107161109513,40.166666666666664,-1.5188313344040432,64.83333333333333,-2.0376107161109513,-0.8141171725281985,-0.7578451741561225
19,16,audio,6,12.833333333333332,True,12.833333333333332,50.166666666666664,False,71.83333333333333,1.2145722756783168,26.5,-1.104169597228368,71.83333333333333,1.2145722756783168,-0.1271712374703444,0.10425917475228844
19,16,picture,6,3.833333333333333,True,3.833333333333333,50.166666666666664,True,10.166666666666666,4.139352043469747,10.166666666666666,4.139352043469747,50.166666666666664,1.5354535182317097,1.2209557803198066,-0.11465278052825144
19,16,reading,6,0.5,True,0.5,50.166666666666664,True,2.833333333333333,4.446388880411784,2.833333333333333,4.446388880411784,56.83333333333333,-1.528831938902537,0.5250305010048517,-0.5556036097822815
19,17,audio,75,5.166666666666667,True,5.166666666666667,50.166666666666664,True,76.5,3.0252206166585287,49.83333333333333,1.6270636026064556,76.5,3.0252206166585287,0.49852311451071346,0.9949948771203765
19,17,picture,75,14.166666666666666,True,14.166666666666666,52.49999999999999,False,74.5,2.477538375854492,20.833333333333332,-0.6742143625269333,74.5,2.477538375854492,0.18395748489371713,0.6941855847287661
19,17,reading,75,5.833333333333333,True,5.833333333333333,53.166666666666664,False,21.5,-2.2149276796976727,21.5,-2.2149276796976727,58.166666666666664,-1.732493466536204,-0.550374792746933,0.07523660341838592
19,18,audio,39,22.5,True,22.5,56.49999999999999,False,74.5,2.6898380640225534,36.166666666666664,-0.6658312618159331,74.5,2.6898380640225534,0.7504914492295591,1.6666650387269406
19,18,picture,39,56.49999999999999,True,,56.49999999999999,False,74.83333333333333,3.076080166376554,19.166666666666668,-0.36055085962065136,74.83333333333333,3.076080166376554,0.8194400255484078,1.6720343938081437
19,18,reading,39,2.833333333333333,True,2.833333333333333,61.166666666666664,False,75.83333333333333,2.90360322365394,2.833333333333333,0.6305522472143937,75.83333333333333,2.90360322365394,0.7266640084466607,1.4421637390177047
20,0,audio,5,1.5,True,1.5,50.166666666666664,True,5.166666666666667,4.910272812843322,5.166666666666667,4.910272812843322,59.83333333333333,2.7092225551605225,1.2729283012239416,1.3573965597973825
20,0,picture,5,4.166666666666667,True,4.166666666666667,50.166666666666664,True,18.166666666666668,5.054178524017334,18.166666666666668,5.054178524017334,60.83333333333333,2.4907450675964355,2.269639649108518,1.370974703885925
20,0,reading,5,1.5,True,1.5,54.49999999999999,False,2.1666666666666665,2.2955083586275578,2.1666666666666665,2.2955083586275578,63.49999999999999,1.9904327988624573,-0.06184620205322664,0.3986827904564561
20,1,audio,61,12.833333333333332,True,12.833333333333332,54.166666666666664,False,90.16666666666667,-0.8433356549224404,21.833333333333332,-0.7757204504775219,90.16666666666667,-0.8433356549224404,-0.3145437720746219,-0.3398634792307421
20,1,picture,61,80.5,True,,80.5,False,80.5,-0.5367533494947386,17.166666666666668,-0.3415775666562993,80.5,-0.5367533494947386,0.048026588409871306,0.07088290706582742
20,1,reading,61,0.5,True,0.5,51.166666666666664,False,83.16666666666667,1.4162358998275193,9.833333333333332,1.30161949833397,83.16666666666667,1.4162358998275193,0.7917502718438753,0.8145494431681687
20,2,audio,79,5.166666666666667,True,5.166666666666667,50.166666666666664,True,76.5,3.0107523187806335,49.83333333333333,1.6108487565306169,76.5,3.0107523187806335,0.4938061956452678,0.9891856854699307
20,2,picture,79,19.833333333333332,True,19.833333333333332,52.49999999999999,False,74.5,2.4729749884786485,20.833333333333332,-0.6626756510261116,74.5,2.4729749884786485,0.1918631035042524,0.6938141325454251
20,2,reading,79,5.833333333333333,True,5.833333333333333,53.166666666666664,False,21.5,-2.227107502237151,21.5,-2.227107502237151,58.166666666666664,-1.7410937253432939,-0.5635034065596859,0.060832112520496036
20,3,audio,247,100.0,False,,,False,67.83333333333333,0.4276439350452802,33.166666666666664,0.17945368459772484,67.83333333333333,0.4276439350452802,0.0704626407129481,0.1369552806996467
20,3,picture,247,100.0,False,,,False,73.83333333333333,0.4729539962645209,23.5,0.19680471429205407,73.83333333333333,0.4729539962645209,0.13598543334619337,0.19025717068964962
20,3,reading,247,100.0,False,,,False,76.83333333333333,0.45365274164011243,2.833333333333333,0.3933058822780154,76.83333333333333,0.45365274164011243,0.091653857650897,0.15415685154208403
20,4,audio,46,9.833333333333332,True,9.833333333333332,58.83333333333333,False,75.16666666666667,1.8016961513330108,34.83333333333333,-1.3908276408910751,75.16666666666667,1.8016961513330108,0.011417658284585503,0.701832507600623
20,4,picture,46,15.499999999999998,True,15.499999999999998,50.166666666666664,True,85.5,1.9333575136311676,49.83333333333333,-1.0564247256387835,85.5,1.9333575136311676,-0.07857328695040924,0.5014294742655425
20,4,reading,46,2.4999999999999996,True,2.4999999999999996,50.166666666666664,True,79.5,2.6711287628049436,33.49999999999999,-0.8406843224378384,79.5,2.6711287628049436,0.25624921123194344,0.9303204241214511
20,5,audio,89,27.833333333333332,True,27.833333333333332,50.166666666666664,True,65.83333333333333,0.7431632097381471,33.166666666666664,0.7068968858318717,65.83333333333333,0.7431632097381471,0.45901401778437917,0.535498229929294
20,5,picture,89,21.5,True,21.5,50.83333333333333,False,68.16666666666667,0.8095304303321192,39.49999999999999,0.6867671825117274,68.16666666666667,0.8095304303321192,0.494338804035683,0.5497880487271181
20,5,reading,89,4.5,True,4.5,50.166666666666664,True,70.5,0.8931867229553421,29.5,0.7617186684517211,70.5,0.8931867229553421,0.5830043990189615,0.6188669546642485
20,6,audio,138,30.833333333333332,True,30.833333333333332,57.83333333333333,False,66.83333333333333,0.9980137521617006,31.833333333333332,-0.535229554069161,66.83333333333333,0.9980137521617006,0.055025006575472685,0.38567905969465327
20,6,picture,138,58.49999999999999,True,,58.49999999999999,False,71.5,1.3738384676584299,13.499999999999998,0.2143324585770682,71.5,1.3738384676584299,0.37221322539903234,0.7084889204584057
20,6,reading,138,2.4999999999999996,True,2.4999999999999996,61.83333333333333,False,75.5,1.451871819632209,2.833333333333333,1.0471632621528297,75.5,1.451871819632209,0.30551271140706404,0.6073971402994702
20,7,audio,39,4.5,True,4.5,50.166666666666664,True,63.166666666666664,2.5491600984182115,32.166666666666664,-1.4803901987198071,63.166666666666664,2.5491600984182115,-0.3650155872486214,0.24316160957520136
20,7,picture,39,55.166666666666664,True,,55.166666666666664,False,64.83333333333333,3.3242170932965402,29.5,0.46246599558836377,64.83333333333333,3.3242170932965402,0.8166805532272644,1.5366350988941924
20,7,reading,39,2.1666666666666665,True,2.1666666666666665,57.166666666666664,False,69.83333333333333,3.0881102421344857,2.4999999999999996,1.6439618024115379,69.83333333333333,3.0881102421344857,0.6003653759958145,1.3594759152298714
20,8,audio,42,3.4999999999999996,True,3.4999999999999996,51.49999999999999,False,74.16666666666667,2.6615964344569614,3.4999999999999996,0.6194922206978801,74.16666666666667,2.6615964344569614,0.790462975055998,1.6478817398199719
20,8,picture,42,55.83333333333333,True,,55.83333333333333,False,74.83333333333333,3.007925047760918,44.49999999999999,0.3268173197284341,74.83333333333333,3.007925047760918,0.8468169895333653,1.657876409746204
20,8,reading,42,2.833333333333333,True,2.833333333333333,60.83333333333333,False,75.83333333333333,2.8407942539169673,2.833333333333333,0.6024109747349506,75.83333333333333,2.8407942539169673,0.7402418122918826,1.414520572243847
20,9,audio,15,3.833333333333333,True,3.833333333333333,50.166666666666664,True,40.83333333333333,-2.7933228890101116,40.83333333333333,-2.7933228890101116,56.166666666666664,-2.1536159753799438,-1.3516590114413347,-1.0569912745773584
20,9,picture,15,0.16666666666666666,True,0.16666666666666666,50.166666666666664,True,57.83333333333333,-2.3961139917373657,48.49999999999999,-2.095330688357353,57.83333333333333,-2.3961139917373657,-1.0467859755253366,-1.1929486650758319
20,9,reading,15,1.1666666666666667,True,1.1666666666666667,50.166666666666664,True,48.166666666666664,-2.9819082339604694,48.166666666666664,-2.9819082339604694,52.83333333333333,-2.5860180934270223,-1.3347247842771757,-1.1126487414209858
20,10,audio,1,0.5,True,0.5,50.166666666666664,True,4.5,7.673977851867676,4.5,7.673977851867676,60.166666666666664,3.7364306449890137,2.556943239692288,1.5560426454215
20,10,picture,1,0.16666666666666666,True,0.16666666666666666,50.166666666666664,True,21.166666666666668,9.083821296691895,21.166666666666668,9.083821296691895,50.166666666666664,6.935469150543213,4.193535426097611,1.407109976882736
20,10,reading,1,0.16666666666666666,True,0.16666666666666666,50.166666666666664,True,4.5,8.7059326171875,4.5,8.7059326171875,50.166666666666664,3.1576287746429443,2.3045225408721794,-0.17731305498901445
20,11,audio,35,15.499999999999998,True,15.499999999999998,50.166666666666664,True,69.16666666666667,-1.6986933410167695,41.83333333333333,-1.6878597055162703,69.16666666666667,-1.6986933410167695,-0.6381373856109414,-0.6158338372164844
20,11,picture,35,24.833333333333332,True,24.833333333333332,50.166666666666664,True,79.5,1.4263414244566646,47.166666666666664,-1.0690768608025143,79.5,1.4263414244566646,-0.30258643550010067,-0.17319404118345533
20,11,reading,35,5.833333333333333,True,5.833333333333333,50.166666666666664,True,64.83333333333333,-2.0745433824402943,40.166666666666664,-1.5771336444786617,64.83333333333333,-2.0745433824402943,-0.8160571292639819,-0.757331563705864
20,12,audio,20,0.16666666666666666,True,0.16666666666666666,50.166666666666664,True,97.16666666666667,1.6264244794845581,42.166666666666664,-1.4970388889312745,97.16666666666667,1.6264244794845581,-0.3431631021274224,0.04822797190106944
20,12,picture,20,26.833333333333332,True,26.833333333333332,50.166666666666664,True,86.16666666666667,2.1189793705940247,48.49999999999999,0.572963134944439,86.16666666666667,2.1189793705940247,0.5481030729797542,1.0821260025827797
20,12,reading,20,0.16666666666666666,True,0.16666666666666666,51.166666666666664,False,2.4999999999999996,1.337383024021983,2.4999999999999996,1.337383024021983,88.5,1.1522323235869407,-0.21346385526903514,-0.15950471577821493
20,13,audio,88,2.1666666666666665,True,2.1666666666666665,62.49999999999999,False,3.833333333333333,1.8981422153724865,3.833333333333333,1.8981422153724865,76.83333333333333,1.0013159844093025,0.6609803126776684,0.5734300764801314
20,13,picture,88,65.16666666666667,True,,65.16666666666667,False,80.83333333333333,1.0216215570108034,16.166666666666668,-0.16368794946042312,80.83333333333333,1.0216215570108034,0.27834905101744506,0.5851265516634947
20,13,reading,88,69.83333333333333,True,,69.83333333333333,False,83.16666666666667,1.0137306072918528,36.166666666666664,-0.29830410094952886,83.16666666666667,1.0137306072918528,0.13710624411305886,0.3950236164322084
20,14,audio,74,2.4999999999999996,True,2.4999999999999996,57.166666666666664,False,48.83333333333333,-0.6708766632096691,48.83333333333333,-0.6708766632096691,68.5,0.5709754504968185,-0.09596562146561208,0.026971137628569206
20,14,picture,74,53.49999999999999,True,,53.49999999999999,False,81.83333333333333,1.076138111636848,10.166666666666666,0.4980174287826427,81.83333333333333,1.076138111636848,0.24130915157926894,0.30490624945774963
20,14,reading,74,8.833333333333332,True,8.833333333333332,50.166666666666664,True,42.49999999999999,-1.1278834244286693,42.49999999999999,-1.1278834244286693,61.49999999999999,-0.8347044999434335,-0.3974021208155013,-0.2603377570699691
20,15,audio,17,2.1666666666666665,True,2.1666666666666665,63.83333333333333,False,4.166666666666667,5.094562993330114,4.166666666666667,5.094562993330114,82.16666666666667,1.9684661732000464,1.5633666966482302,0.9318506672853755
20,15,picture,17,58.166666666666664,True,,58.166666666666664,False,84.16666666666667,2.2952246934394624,22.833333333333332,0.25497092153219614,84.16666666666667,2.2952246934394624,0.5856216550865222,1.1526846293625068
20,15,reading,17,67.5,True,,67.5,False,84.83333333333333,2.0098420206238243,39.83333333333333,-0.4430752523681697,84.83333333333333,2.0098420206238243,0.30338881180013494,0.7595116080160768
20,16,audio,36,4.166666666666667,True,4.166666666666667,56.166666666666664,False,71.5,0.7039061455676953,4.166666666666667,0.5419947223530875,71.5,0.7039061455676953,0.03028979765731727,0.044206368733451844
20,16,picture,36,5.166666666666667,True,5.166666666666667,50.166666666666664,True,10.166666666666666,1.914335470025738,10.166666666666666,1.914335470025738,54.83333333333333,1.6646191742685106,0.8519613495708368,0.5151622554631387
20,16,reading,36,1.8333333333333333,True,1.8333333333333333,50.166666666666664,False,2.4999999999999996,1.2895197928365734,2.4999999999999996,1.2895197928365734,76.83333333333333,0.8938862172265848,0.30936681277313044,0.32987737991526134
20,17,audio,6,12.833333333333332,True,12.833333333333332,50.166666666666664,False,71.83333333333333,1.2145722756783168,26.5,-1.104169597228368,71.83333333333333,1.2145722756783168,-0.1271712374703444,0.10425917475228844
20,17,picture,6,3.833333333333333,True,3.833333333333333,50.166666666666664,True,10.166666666666666,4.139352043469747,10.166666666666666,4.139352043469747,50.166666666666664,1.5354535182317097,1.2209557803198066,-0.11465278052825144
20,17,reading,6,0.5,True,0.5,50.166666666666664,True,2.833333333333333,4.446388880411784,2.833333333333333,4.446388880411784,56.83333333333333,-1.528831938902537,0.5250305010048517,-0.5556036097822815
20,18,audio,40,3.1666666666666665,True,3.1666666666666665,50.166666666666664,True,40.166666666666664,-1.101489058509469,40.166666666666664,-1.101489058509469,91.16666666666667,0.8746023534797132,-0.3214604809364567,0.0397632405590618
20,18,picture,40,27.166666666666668,True,27.166666666666668,50.166666666666664,True,69.16666666666667,-0.7934043057262897,48.49999999999999,-0.6268706573173404,69.16666666666667,-0.7934043057262897,-0.2668945775083536,-0.28794382012825914
20,18,reading,40,2.833333333333333,True,2.833333333333333,50.166666666666664,True,2.833333333333333,0.9011594797018916,2.833333333333333,0.9011594797018916,52.166666666666664,-0.8458395945839584,-0.018350235440320807,0.14281445396840722
20,19,audio,38,11.833333333333332,True,11.833333333333332,52.83333333333333,False,78.83333333333333,1.3141458159998844,44.166666666666664,-1.1552421748638153,78.83333333333333,1.3141458159998844,-0.03447154607344265,0.4904176712810193
20,19,picture,38,6.833333333333333,True,6.833333333333333,50.166666666666664,True,74.16666666666667,1.3015415365562628,21.833333333333332,-0.9654808060119027,74.16666666666667,1.3015415365562628,-0.14697464139088165,0.33600121607862543
20,19,reading,38,5.833333333333333,True,5.833333333333333,50.166666666666664,True,34.83333333333333,-1.9043474958131188,34.83333333333333,-1.9043474958131188,59.166666666666664,-1.8562507362742173,-0.8662509116525339,-0.4473634893972306
