patient_id,condition,task,electrode,file_path,prop_above_pos,prop_below_neg,high_activity,sample_idx,cluster_hierarchical_rawds,silhouette,cluster_hierarchical_rawds_ranked
EL030,audio,LM,A_L10,\\nasac-m2.unige.ch\m-HumanNeuronLab\ANALYSIS\FLM\Analysis_LoraFanda\01_FBM_Analysis\outputs\04_ersp_LM_RAWONLY\EL030\LM\ERSP_matrix\audio\EL030_audio_WM_ERSP_A_L10_TN.npy,0.0815503875968992,0.0117829457364341,True,0,4,0.22916736,4
EL030,audio,LM,A_L11,\\nasac-m2.unige.ch\m-HumanNeuronLab\ANALYSIS\FLM\Analysis_LoraFanda\01_FBM_Analysis\outputs\04_ersp_LM_RAWONLY\EL030\LM\ERSP_matrix\audio\EL030_audio_WM_ERSP_A_L11_TN.npy,0.1003359173126615,0.0171834625322997,True,1,4,0.23941034,4
EL030,audio,LM,A_L12,\\nasac-m2.unige.ch\m-HumanNeuronLab\ANALYSIS\FLM\Analysis_LoraFanda\01_FBM_Analysis\outputs\04_ersp_LM_RAWONLY\EL030\LM\ERSP_matrix\audio\EL030_audio_WM_ERSP_A_L12_TN.npy,0.1161240310077519,0.0259948320413436,True,2,4,0.25376678,4
EL030,audio,LM,A_L13,\\nasac-m2.unige.ch\m-HumanNeuronLab\ANALYSIS\FLM\Analysis_LoraFanda\01_FBM_Analysis\outputs\04_ersp_LM_RAWONLY\EL030\LM\ERSP_matrix\audio\EL030_audio_WM_ERSP_A_L13_TN.npy,0.1516020671834625,0.0556330749354005,True,3,4,0.25319517,4
EL030,audio,LM,A_L14,\\nasac-m2.unige.ch\m-HumanNeuronLab\ANALYSIS\FLM\Analysis_LoraFanda\01_FBM_Analysis\outputs\04_ersp_LM_RAWONLY\EL030\LM\ERSP_matrix\audio\EL030_audio_WM_ERSP_A_L14_TN.npy,0.1555038759689922,0.0640310077519379,True,4,4,0.2426905,4
EL030,audio,LM,A_L15,\\nasac-m2.unige.ch\m-HumanNeuronLab\ANALYSIS\FLM\Analysis_LoraFanda\01_FBM_Analysis\outputs\04_ersp_LM_RAWONLY\EL030\LM\ERSP_matrix\audio\EL030_audio_WM_ERSP_A_L15_TN.npy,0.1565374677002584,0.0564082687338501,True,5,4,0.24047978,4
EL030,audio,LM,A_L2,\\nasac-m2.unige.ch\m-HumanNeuronLab\ANALYSIS\FLM\Analysis_LoraFanda\01_FBM_Analysis\outputs\04_ersp_LM_RAWONLY\EL030\LM\ERSP_matrix\audio\EL030_audio_WM_ERSP_A_L2_TN.npy,0.0236175710594315,0.0034625322997416,True,6,4,-0.0963743,4
EL030,audio,LM,A_L3,\\nasac-m2.unige.ch\m-HumanNeuronLab\ANALYSIS\FLM\Analysis_LoraFanda\01_FBM_Analysis\outputs\04_ersp_LM_RAWONLY\EL030\LM\ERSP_matrix\audio\EL030_audio_WM_ERSP_A_L3_TN.npy,0.0282687338501292,0.0031524547803617,True,7,4,-0.005651236,4
EL030,audio,LM,A_L4,\\nasac-m2.unige.ch\m-HumanNeuronLab\ANALYSIS\FLM\Analysis_LoraFanda\01_FBM_Analysis\outputs\04_ersp_LM_RAWONLY\EL030\LM\ERSP_matrix\audio\EL030_audio_WM_ERSP_A_L4_TN.npy,0.0347286821705426,0.0039276485788113,True,8,4,-0.017196396,4
EL030,audio,LM,A_L5,\\nasac-m2.unige.ch\m-HumanNeuronLab\ANALYSIS\FLM\Analysis_LoraFanda\01_FBM_Analysis\outputs\04_ersp_LM_RAWONLY\EL030\LM\ERSP_matrix\audio\EL030_audio_WM_ERSP_A_L5_TN.npy,0.0340568475452196,0.0061757105943152,True,9,4,0.02137151,4
EL030,audio,LM,A_L6,\\nasac-m2.unige.ch\m-HumanNeuronLab\ANALYSIS\FLM\Analysis_LoraFanda\01_FBM_Analysis\outputs\04_ersp_LM_RAWONLY\EL030\LM\ERSP_matrix\audio\EL030_audio_WM_ERSP_A_L6_TN.npy,0.0473385012919896,0.0039276485788113,True,10,4,0.07812658,4
EL030,audio,LM,A_L7,\\nasac-m2.unige.ch\m-HumanNeuronLab\ANALYSIS\FLM\Analysis_LoraFanda\01_FBM_Analysis\outputs\04_ersp_LM_RAWONLY\EL030\LM\ERSP_matrix\audio\EL030_audio_WM_ERSP_A_L7_TN.npy,0.0647028423772609,0.0040568475452196,True,11,4,0.11350496,4
EL030,audio,LM,A_L8,\\nasac-m2.unige.ch\m-HumanNeuronLab\ANALYSIS\FLM\Analysis_LoraFanda\01_FBM_Analysis\outputs\04_ersp_LM_RAWONLY\EL030\LM\ERSP_matrix\audio\EL030_audio_WM_ERSP_A_L8_TN.npy,0.0708785529715762,0.0085271317829457,True,12,4,0.18954483,4
EL030,audio,LM,A_L9,\\nasac-m2.unige.ch\m-HumanNeuronLab\ANALYSIS\FLM\Analysis_LoraFanda\01_FBM_Analysis\outputs\04_ersp_LM_RAWONLY\EL030\LM\ERSP_matrix\audio\EL030_audio_WM_ERSP_A_L9_TN.npy,0.0824547803617571,0.0124289405684754,True,13,4,0.22750235,4
EL030,audio,LM,A_R12,\\nasac-m2.unige.ch\m-HumanNeuronLab\ANALYSIS\FLM\Analysis_LoraFanda\01_FBM_Analysis\outputs\04_ersp_LM_RAWONLY\EL030\LM\ERSP_matrix\audio\EL030_audio_WM_ERSP_A_R12_TN.npy,0.0228165374677002,0.0196640826873385,True,14,4,0.11132588,4
EL030,audio,LM,A_R13,\\nasac-m2.unige.ch\m-HumanNeuronLab\ANALYSIS\FLM\Analysis_LoraFanda\01_FBM_Analysis\outputs\04_ersp_LM_RAWONLY\EL030\LM\ERSP_matrix\audio\EL030_audio_WM_ERSP_A_R13_TN.npy,0.0520671834625323,0.0817054263565891,True,15,4,0.16142419,4
EL030,audio,LM,A_R14,\\nasac-m2.unige.ch\m-HumanNeuronLab\ANALYSIS\FLM\Analysis_LoraFanda\01_FBM_Analysis\outputs\04_ersp_LM_RAWONLY\EL030\LM\ERSP_matrix\audio\EL030_audio_WM_ERSP_A_R14_TN.npy,0.0776744186046511,0.1736950904392764,True,16,4,0.12456789,4
EL030,audio,LM,A_R15,\\nasac-m2.unige.ch\m-HumanNeuronLab\ANALYSIS\FLM\Analysis_LoraFanda\01_FBM_Analysis\outputs\04_ersp_LM_RAWONLY\EL030\LM\ERSP_matrix\audio\EL030_audio_WM_ERSP_A_R15_TN.npy,0.079250645994832,0.1756072351421188,True,17,4,0.11968068,4
EL030,audio,LM,aH_L10,\\nasac-m2.unige.ch\m-HumanNeuronLab\ANALYSIS\FLM\Analysis_LoraFanda\01_FBM_Analysis\outputs\04_ersp_LM_RAWONLY\EL030\LM\ERSP_matrix\audio\EL030_audio_WM_ERSP_aH_L10_TN.npy,0.0716020671834625,0.0094832041343669,True,18,4,0.14393532,4
EL030,audio,LM,aH_L11,\\nasac-m2.unige.ch\m-HumanNeuronLab\ANALYSIS\FLM\Analysis_LoraFanda\01_FBM_Analysis\outputs\04_ersp_LM_RAWONLY\EL030\LM\ERSP_matrix\audio\EL030_audio_WM_ERSP_aH_L11_TN.npy,0.1250645994832041,0.021266149870801,True,19,4,0.18919253,4
EL030,audio,LM,aH_L12,\\nasac-m2.unige.ch\m-HumanNeuronLab\ANALYSIS\FLM\Analysis_LoraFanda\01_FBM_Analysis\outputs\04_ersp_LM_RAWONLY\EL030\LM\ERSP_matrix\audio\EL030_audio_WM_ERSP_aH_L12_TN.npy,0.1228682170542635,0.0241602067183462,True,20,4,0.19849327,4
EL030,audio,LM,aH_L4,\\nasac-m2.unige.ch\m-HumanNeuronLab\ANALYSIS\FLM\Analysis_LoraFanda\01_FBM_Analysis\outputs\04_ersp_LM_RAWONLY\EL030\LM\ERSP_matrix\audio\EL030_audio_WM_ERSP_aH_L4_TN.npy,0.0398966408268733,0.0028940568475452,True,21,4,-0.041946933,4
EL030,audio,LM,aH_L5,\\nasac-m2.unige.ch\m-HumanNeuronLab\ANALYSIS\FLM\Analysis_LoraFanda\01_FBM_Analysis\outputs\04_ersp_LM_RAWONLY\EL030\LM\ERSP_matrix\audio\EL030_audio_WM_ERSP_aH_L5_TN.npy,0.0324547803617571,0.0048578811369509,True,22,4,-0.025108326,4
EL030,audio,LM,aH_L6,\\nasac-m2.unige.ch\m-HumanNeuronLab\ANALYSIS\FLM\Analysis_LoraFanda\01_FBM_Analysis\outputs\04_ersp_LM_RAWONLY\EL030\LM\ERSP_matrix\audio\EL030_audio_WM_ERSP_aH_L6_TN.npy,0.0527131782945736,0.0039018087855297,True,23,4,0.030664235,4
EL030,audio,LM,aH_L7,\\nasac-m2.unige.ch\m-HumanNeuronLab\ANALYSIS\FLM\Analysis_LoraFanda\01_FBM_Analysis\outputs\04_ersp_LM_RAWONLY\EL030\LM\ERSP_matrix\audio\EL030_audio_WM_ERSP_aH_L7_TN.npy,0.0631266149870801,0.0049354005167958,True,24,4,0.07045798,4
EL030,audio,LM,aH_L8,\\nasac-m2.unige.ch\m-HumanNeuronLab\ANALYSIS\FLM\Analysis_LoraFanda\01_FBM_Analysis\outputs\04_ersp_LM_RAWONLY\EL030\LM\ERSP_matrix\audio\EL030_audio_WM_ERSP_aH_L8_TN.npy,0.050594315245478,0.0079586563307493,True,25,4,0.022345958,4
EL030,audio,LM,aH_L9,\\nasac-m2.unige.ch\m-HumanNeuronLab\ANALYSIS\FLM\Analysis_LoraFanda\01_FBM_Analysis\outputs\04_ersp_LM_RAWONLY\EL030\LM\ERSP_matrix\audio\EL030_audio_WM_ERSP_aH_L9_TN.npy,0.0521963824289405,0.0068733850129198,True,26,4,0.10285883,4
EL030,audio,LM,aH_R11,\\nasac-m2.unige.ch\m-HumanNeuronLab\ANALYSIS\FLM\Analysis_LoraFanda\01_FBM_Analysis\outputs\04_ersp_LM_RAWONLY\EL030\LM\ERSP_matrix\audio\EL030_audio_WM_ERSP_aH_R11_TN.npy,0.0247545219638242,0.003204134366925,True,27,7,0.100783266,7
EL030,audio,LM,aH_R13,\\nasac-m2.unige.ch\m-HumanNeuronLab\ANALYSIS\FLM\Analysis_LoraFanda\01_FBM_Analysis\outputs\04_ersp_LM_RAWONLY\EL030\LM\ERSP_matrix\audio\EL030_audio_WM_ERSP_aH_R13_TN.npy,0.0239793281653746,0.0069250645994832,True,28,7,-0.073851,7
EL030,audio,LM,aH_R14,\\nasac-m2.unige.ch\m-HumanNeuronLab\ANALYSIS\FLM\Analysis_LoraFanda\01_FBM_Analysis\outputs\04_ersp_LM_RAWONLY\EL030\LM\ERSP_matrix\audio\EL030_audio_WM_ERSP_aH_R14_TN.npy,0.0338501291989664,0.0317054263565891,True,29,4,0.18326637,4
EL030,audio,LM,aH_R15,\\nasac-m2.unige.ch\m-HumanNeuronLab\ANALYSIS\FLM\Analysis_LoraFanda\01_FBM_Analysis\outputs\04_ersp_LM_RAWONLY\EL030\LM\ERSP_matrix\audio\EL030_audio_WM_ERSP_aH_R15_TN.npy,0.0314987080103359,0.0296382428940568,True,30,4,0.17419894,4
EL030,audio,LM,EntG_R12,\\nasac-m2.unige.ch\m-HumanNeuronLab\ANALYSIS\FLM\Analysis_LoraFanda\01_FBM_Analysis\outputs\04_ersp_LM_RAWONLY\EL030\LM\ERSP_matrix\audio\EL030_audio_WM_ERSP_EntG_R12_TN.npy,0.0209819121447028,0.0046511627906976,True,31,7,0.06123359,7
EL030,audio,LM,pHG_R12,\\nasac-m2.unige.ch\m-HumanNeuronLab\ANALYSIS\FLM\Analysis_LoraFanda\01_FBM_Analysis\outputs\04_ersp_LM_RAWONLY\EL030\LM\ERSP_matrix\audio\EL030_audio_WM_ERSP_pHG_R12_TN.npy,0.0740051679586563,0.0113436692506459,True,32,5,0.10269857,5
EL030,audio,LM,pHG_R13,\\nasac-m2.unige.ch\m-HumanNeuronLab\ANALYSIS\FLM\Analysis_LoraFanda\01_FBM_Analysis\outputs\04_ersp_LM_RAWONLY\EL030\LM\ERSP_matrix\audio\EL030_audio_WM_ERSP_pHG_R13_TN.npy,0.1158397932816537,0.0213178294573643,True,33,5,0.042610195,5
EL030,audio,LM,pHG_R14,\\nasac-m2.unige.ch\m-HumanNeuronLab\ANALYSIS\FLM\Analysis_LoraFanda\01_FBM_Analysis\outputs\04_ersp_LM_RAWONLY\EL030\LM\ERSP_matrix\audio\EL030_audio_WM_ERSP_pHG_R14_TN.npy,0.1134366925064599,0.0224031007751937,True,34,5,0.038809206,5
EL030,audio,LM,pHG_R15,\\nasac-m2.unige.ch\m-HumanNeuronLab\ANALYSIS\FLM\Analysis_LoraFanda\01_FBM_Analysis\outputs\04_ersp_LM_RAWONLY\EL030\LM\ERSP_matrix\audio\EL030_audio_WM_ERSP_pHG_R15_TN.npy,0.1112144702842377,0.0194573643410852,True,35,5,0.0550134,5
EL030,picture,LM,A_L10,\\nasac-m2.unige.ch\m-HumanNeuronLab\ANALYSIS\FLM\Analysis_LoraFanda\01_FBM_Analysis\outputs\04_ersp_LM_RAWONLY\EL030\LM\ERSP_matrix\picture\EL030_picture_WM_ERSP_A_L10_TN.npy,0.0614470284237726,0.0011369509043927,True,36,2,0.08929497,2
EL030,picture,LM,A_L11,\\nasac-m2.unige.ch\m-HumanNeuronLab\ANALYSIS\FLM\Analysis_LoraFanda\01_FBM_Analysis\outputs\04_ersp_LM_RAWONLY\EL030\LM\ERSP_matrix\picture\EL030_picture_WM_ERSP_A_L11_TN.npy,0.0624806201550387,0.0004909560723514,True,37,2,0.05269161,2
EL030,picture,LM,A_L12,\\nasac-m2.unige.ch\m-HumanNeuronLab\ANALYSIS\FLM\Analysis_LoraFanda\01_FBM_Analysis\outputs\04_ersp_LM_RAWONLY\EL030\LM\ERSP_matrix\picture\EL030_picture_WM_ERSP_A_L12_TN.npy,0.0860465116279069,0.0005426356589147,True,38,2,0.049655613,2
EL030,picture,LM,A_L13,\\nasac-m2.unige.ch\m-HumanNeuronLab\ANALYSIS\FLM\Analysis_LoraFanda\01_FBM_Analysis\outputs\04_ersp_LM_RAWONLY\EL030\LM\ERSP_matrix\picture\EL030_picture_WM_ERSP_A_L13_TN.npy,0.1697157622739018,0.0004909560723514,True,39,2,0.09174816,2
EL030,picture,LM,A_L14,\\nasac-m2.unige.ch\m-HumanNeuronLab\ANALYSIS\FLM\Analysis_LoraFanda\01_FBM_Analysis\outputs\04_ersp_LM_RAWONLY\EL030\LM\ERSP_matrix\picture\EL030_picture_WM_ERSP_A_L14_TN.npy,0.1641602067183462,0.0006459948320413,True,40,2,0.091124095,2
EL030,picture,LM,A_L15,\\nasac-m2.unige.ch\m-HumanNeuronLab\ANALYSIS\FLM\Analysis_LoraFanda\01_FBM_Analysis\outputs\04_ersp_LM_RAWONLY\EL030\LM\ERSP_matrix\picture\EL030_picture_WM_ERSP_A_L15_TN.npy,0.1662273901808785,0.000516795865633,True,41,2,0.09500646,2
EL030,picture,LM,A_L2,\\nasac-m2.unige.ch\m-HumanNeuronLab\ANALYSIS\FLM\Analysis_LoraFanda\01_FBM_Analysis\outputs\04_ersp_LM_RAWONLY\EL030\LM\ERSP_matrix\picture\EL030_picture_WM_ERSP_A_L2_TN.npy,0.0205426356589147,0.0016279069767441,True,42,7,-0.015124282,7
EL030,picture,LM,A_L3,\\nasac-m2.unige.ch\m-HumanNeuronLab\ANALYSIS\FLM\Analysis_LoraFanda\01_FBM_Analysis\outputs\04_ersp_LM_RAWONLY\EL030\LM\ERSP_matrix\picture\EL030_picture_WM_ERSP_A_L3_TN.npy,0.0310077519379844,0.0001550387596899,True,43,2,-0.054507397,2
EL030,picture,LM,A_L4,\\nasac-m2.unige.ch\m-HumanNeuronLab\ANALYSIS\FLM\Analysis_LoraFanda\01_FBM_Analysis\outputs\04_ersp_LM_RAWONLY\EL030\LM\ERSP_matrix\picture\EL030_picture_WM_ERSP_A_L4_TN.npy,0.0271059431524547,0.0005426356589147,True,44,2,-0.04909109,2
EL030,picture,LM,A_L5,\\nasac-m2.unige.ch\m-HumanNeuronLab\ANALYSIS\FLM\Analysis_LoraFanda\01_FBM_Analysis\outputs\04_ersp_LM_RAWONLY\EL030\LM\ERSP_matrix\picture\EL030_picture_WM_ERSP_A_L5_TN.npy,0.0297674418604651,0.0002583979328165,True,45,2,-0.011201197,2
EL030,picture,LM,A_L6,\\nasac-m2.unige.ch\m-HumanNeuronLab\ANALYSIS\FLM\Analysis_LoraFanda\01_FBM_Analysis\outputs\04_ersp_LM_RAWONLY\EL030\LM\ERSP_matrix\picture\EL030_picture_WM_ERSP_A_L6_TN.npy,0.0361240310077519,0.0006976744186046,True,46,2,0.019917846,2
EL030,picture,LM,A_L7,\\nasac-m2.unige.ch\m-HumanNeuronLab\ANALYSIS\FLM\Analysis_LoraFanda\01_FBM_Analysis\outputs\04_ersp_LM_RAWONLY\EL030\LM\ERSP_matrix\picture\EL030_picture_WM_ERSP_A_L7_TN.npy,0.0528940568475452,7.751937984496124e-05,True,47,2,0.02203231,2
EL030,picture,LM,A_L8,\\nasac-m2.unige.ch\m-HumanNeuronLab\ANALYSIS\FLM\Analysis_LoraFanda\01_FBM_Analysis\outputs\04_ersp_LM_RAWONLY\EL030\LM\ERSP_matrix\picture\EL030_picture_WM_ERSP_A_L8_TN.npy,0.047906976744186,0.0006459948320413,True,48,2,0.045051515,2
EL030,picture,LM,A_L9,\\nasac-m2.unige.ch\m-HumanNeuronLab\ANALYSIS\FLM\Analysis_LoraFanda\01_FBM_Analysis\outputs\04_ersp_LM_RAWONLY\EL030\LM\ERSP_matrix\picture\EL030_picture_WM_ERSP_A_L9_TN.npy,0.0593798449612403,0.0002067183462532,True,49,2,0.07024881,2
EL030,picture,LM,A_R13,\\nasac-m2.unige.ch\m-HumanNeuronLab\ANALYSIS\FLM\Analysis_LoraFanda\01_FBM_Analysis\outputs\04_ersp_LM_RAWONLY\EL030\LM\ERSP_matrix\picture\EL030_picture_WM_ERSP_A_R13_TN.npy,0.0272093023255813,0.065142118863049,True,50,0,-0.04590981,0
EL030,picture,LM,A_R14,\\nasac-m2.unige.ch\m-HumanNeuronLab\ANALYSIS\FLM\Analysis_LoraFanda\01_FBM_Analysis\outputs\04_ersp_LM_RAWONLY\EL030\LM\ERSP_matrix\picture\EL030_picture_WM_ERSP_A_R14_TN.npy,0.0326614987080103,0.1178811369509044,True,51,0,0.03499504,0
EL030,picture,LM,A_R15,\\nasac-m2.unige.ch\m-HumanNeuronLab\ANALYSIS\FLM\Analysis_LoraFanda\01_FBM_Analysis\outputs\04_ersp_LM_RAWONLY\EL030\LM\ERSP_matrix\picture\EL030_picture_WM_ERSP_A_R15_TN.npy,0.0337467700258397,0.1265116279069767,True,52,0,0.025222097,0
EL030,picture,LM,A_R1,\\nasac-m2.unige.ch\m-HumanNeuronLab\ANALYSIS\FLM\Analysis_LoraFanda\01_FBM_Analysis\outputs\04_ersp_LM_RAWONLY\EL030\LM\ERSP_matrix\picture\EL030_picture_WM_ERSP_A_R1_TN.npy,0.0211627906976744,0.0004651162790697,True,53,7,0.014530249,7
EL030,picture,LM,A_R5,\\nasac-m2.unige.ch\m-HumanNeuronLab\ANALYSIS\FLM\Analysis_LoraFanda\01_FBM_Analysis\outputs\04_ersp_LM_RAWONLY\EL030\LM\ERSP_matrix\picture\EL030_picture_WM_ERSP_A_R5_TN.npy,0.0220413436692506,0.0004909560723514,True,54,7,0.04661269,7
EL030,picture,LM,aH_L10,\\nasac-m2.unige.ch\m-HumanNeuronLab\ANALYSIS\FLM\Analysis_LoraFanda\01_FBM_Analysis\outputs\04_ersp_LM_RAWONLY\EL030\LM\ERSP_matrix\picture\EL030_picture_WM_ERSP_aH_L10_TN.npy,0.0806201550387596,0.0001550387596899,True,55,7,0.03462569,7
EL030,picture,LM,aH_L11,\\nasac-m2.unige.ch\m-HumanNeuronLab\ANALYSIS\FLM\Analysis_LoraFanda\01_FBM_Analysis\outputs\04_ersp_LM_RAWONLY\EL030\LM\ERSP_matrix\picture\EL030_picture_WM_ERSP_aH_L11_TN.npy,0.1804651162790697,0.000594315245478,True,56,2,0.049343046,2
EL030,picture,LM,aH_L12,\\nasac-m2.unige.ch\m-HumanNeuronLab\ANALYSIS\FLM\Analysis_LoraFanda\01_FBM_Analysis\outputs\04_ersp_LM_RAWONLY\EL030\LM\ERSP_matrix\picture\EL030_picture_WM_ERSP_aH_L12_TN.npy,0.1264082687338501,0.0002583979328165,True,57,2,0.06670243,2
EL030,picture,LM,aH_L2,\\nasac-m2.unige.ch\m-HumanNeuronLab\ANALYSIS\FLM\Analysis_LoraFanda\01_FBM_Analysis\outputs\04_ersp_LM_RAWONLY\EL030\LM\ERSP_matrix\picture\EL030_picture_WM_ERSP_aH_L2_TN.npy,0.0215503875968992,0.0004909560723514,True,58,7,0.05213957,7
EL030,picture,LM,aH_L4,\\nasac-m2.unige.ch\m-HumanNeuronLab\ANALYSIS\FLM\Analysis_LoraFanda\01_FBM_Analysis\outputs\04_ersp_LM_RAWONLY\EL030\LM\ERSP_matrix\picture\EL030_picture_WM_ERSP_aH_L4_TN.npy,0.0325064599483204,0.0002583979328165,True,59,2,-0.040009577,2
EL030,picture,LM,aH_L5,\\nasac-m2.unige.ch\m-HumanNeuronLab\ANALYSIS\FLM\Analysis_LoraFanda\01_FBM_Analysis\outputs\04_ersp_LM_RAWONLY\EL030\LM\ERSP_matrix\picture\EL030_picture_WM_ERSP_aH_L5_TN.npy,0.0398966408268733,0.0003617571059431,True,60,7,0.100491986,7
EL030,picture,LM,aH_L6,\\nasac-m2.unige.ch\m-HumanNeuronLab\ANALYSIS\FLM\Analysis_LoraFanda\01_FBM_Analysis\outputs\04_ersp_LM_RAWONLY\EL030\LM\ERSP_matrix\picture\EL030_picture_WM_ERSP_aH_L6_TN.npy,0.0537209302325581,0.0003100775193798,True,61,7,0.050232112,7
EL030,picture,LM,aH_L7,\\nasac-m2.unige.ch\m-HumanNeuronLab\ANALYSIS\FLM\Analysis_LoraFanda\01_FBM_Analysis\outputs\04_ersp_LM_RAWONLY\EL030\LM\ERSP_matrix\picture\EL030_picture_WM_ERSP_aH_L7_TN.npy,0.0478552971576227,0.0001291989664082,True,62,2,0.0014228433,2
EL030,picture,LM,aH_L8,\\nasac-m2.unige.ch\m-HumanNeuronLab\ANALYSIS\FLM\Analysis_LoraFanda\01_FBM_Analysis\outputs\04_ersp_LM_RAWONLY\EL030\LM\ERSP_matrix\picture\EL030_picture_WM_ERSP_aH_L8_TN.npy,0.0322480620155038,0.0005684754521963,True,63,7,0.004783704,7
EL030,picture,LM,aH_L9,\\nasac-m2.unige.ch\m-HumanNeuronLab\ANALYSIS\FLM\Analysis_LoraFanda\01_FBM_Analysis\outputs\04_ersp_LM_RAWONLY\EL030\LM\ERSP_matrix\picture\EL030_picture_WM_ERSP_aH_L9_TN.npy,0.0328165374677002,0.0002325581395348,True,64,7,-0.03999313,7
EL030,picture,LM,aH_R10,\\nasac-m2.unige.ch\m-HumanNeuronLab\ANALYSIS\FLM\Analysis_LoraFanda\01_FBM_Analysis\outputs\04_ersp_LM_RAWONLY\EL030\LM\ERSP_matrix\picture\EL030_picture_WM_ERSP_aH_R10_TN.npy,0.0233074935400516,0.0006459948320413,True,65,7,0.15168731,7
EL030,picture,LM,aH_R11,\\nasac-m2.unige.ch\m-HumanNeuronLab\ANALYSIS\FLM\Analysis_LoraFanda\01_FBM_Analysis\outputs\04_ersp_LM_RAWONLY\EL030\LM\ERSP_matrix\picture\EL030_picture_WM_ERSP_aH_R11_TN.npy,0.0301291989664082,0.0007493540051679,True,66,7,0.17729528,7
EL030,picture,LM,aH_R12,\\nasac-m2.unige.ch\m-HumanNeuronLab\ANALYSIS\FLM\Analysis_LoraFanda\01_FBM_Analysis\outputs\04_ersp_LM_RAWONLY\EL030\LM\ERSP_matrix\picture\EL030_picture_WM_ERSP_aH_R12_TN.npy,0.0234883720930232,0.0002842377260981,True,67,7,0.1767377,7
EL030,picture,LM,aH_R13,\\nasac-m2.unige.ch\m-HumanNeuronLab\ANALYSIS\FLM\Analysis_LoraFanda\01_FBM_Analysis\outputs\04_ersp_LM_RAWONLY\EL030\LM\ERSP_matrix\picture\EL030_picture_WM_ERSP_aH_R13_TN.npy,0.0247028423772609,0.0004909560723514,True,68,7,0.1698197,7
EL030,picture,LM,EntG_R12,\\nasac-m2.unige.ch\m-HumanNeuronLab\ANALYSIS\FLM\Analysis_LoraFanda\01_FBM_Analysis\outputs\04_ersp_LM_RAWONLY\EL030\LM\ERSP_matrix\picture\EL030_picture_WM_ERSP_EntG_R12_TN.npy,0.0242377260981912,0.0011111111111111,True,69,7,0.15285884,7
EL030,picture,LM,EntG_R1,\\nasac-m2.unige.ch\m-HumanNeuronLab\ANALYSIS\FLM\Analysis_LoraFanda\01_FBM_Analysis\outputs\04_ersp_LM_RAWONLY\EL030\LM\ERSP_matrix\picture\EL030_picture_WM_ERSP_EntG_R1_TN.npy,0.0201291989664082,0.0001291989664082,True,70,7,0.11844409,7
EL030,picture,LM,EntG_R2,\\nasac-m2.unige.ch\m-HumanNeuronLab\ANALYSIS\FLM\Analysis_LoraFanda\01_FBM_Analysis\outputs\04_ersp_LM_RAWONLY\EL030\LM\ERSP_matrix\picture\EL030_picture_WM_ERSP_EntG_R2_TN.npy,0.0214211886304909,0.0002067183462532,True,71,7,0.029772617,7
EL030,picture,LM,EntG_R4,\\nasac-m2.unige.ch\m-HumanNeuronLab\ANALYSIS\FLM\Analysis_LoraFanda\01_FBM_Analysis\outputs\04_ersp_LM_RAWONLY\EL030\LM\ERSP_matrix\picture\EL030_picture_WM_ERSP_EntG_R4_TN.npy,0.0245994832041343,0.0010077519379844,True,72,7,0.03231545,7
EL030,picture,LM,EntG_R5,\\nasac-m2.unige.ch\m-HumanNeuronLab\ANALYSIS\FLM\Analysis_LoraFanda\01_FBM_Analysis\outputs\04_ersp_LM_RAWONLY\EL030\LM\ERSP_matrix\picture\EL030_picture_WM_ERSP_EntG_R5_TN.npy,0.0261757105943152,0.0002067183462532,True,73,7,0.055059705,7
EL030,picture,LM,EntG_R6,\\nasac-m2.unige.ch\m-HumanNeuronLab\ANALYSIS\FLM\Analysis_LoraFanda\01_FBM_Analysis\outputs\04_ersp_LM_RAWONLY\EL030\LM\ERSP_matrix\picture\EL030_picture_WM_ERSP_EntG_R6_TN.npy,0.027312661498708,0.0008527131782945,True,74,7,-0.016949989,7
EL030,picture,LM,EntG_R7,\\nasac-m2.unige.ch\m-HumanNeuronLab\ANALYSIS\FLM\Analysis_LoraFanda\01_FBM_Analysis\outputs\04_ersp_LM_RAWONLY\EL030\LM\ERSP_matrix\picture\EL030_picture_WM_ERSP_EntG_R7_TN.npy,0.0821188630490956,0.0033074935400516,True,75,8,-0.033494513,8
EL030,picture,LM,EntG_R8,\\nasac-m2.unige.ch\m-HumanNeuronLab\ANALYSIS\FLM\Analysis_LoraFanda\01_FBM_Analysis\outputs\04_ersp_LM_RAWONLY\EL030\LM\ERSP_matrix\picture\EL030_picture_WM_ERSP_EntG_R8_TN.npy,0.0950645994832041,0.0029198966408268,True,76,8,0.0169152,8
EL030,picture,LM,pH_R10,\\nasac-m2.unige.ch\m-HumanNeuronLab\ANALYSIS\FLM\Analysis_LoraFanda\01_FBM_Analysis\outputs\04_ersp_LM_RAWONLY\EL030\LM\ERSP_matrix\picture\EL030_picture_WM_ERSP_pH_R10_TN.npy,0.0290697674418604,0.0002067183462532,True,77,7,0.14829457,7
EL030,picture,LM,pH_R8,\\nasac-m2.unige.ch\m-HumanNeuronLab\ANALYSIS\FLM\Analysis_LoraFanda\01_FBM_Analysis\outputs\04_ersp_LM_RAWONLY\EL030\LM\ERSP_matrix\picture\EL030_picture_WM_ERSP_pH_R8_TN.npy,0.0212144702842377,0.0006459948320413,True,78,7,0.113898516,7
EL030,picture,LM,pH_R9,\\nasac-m2.unige.ch\m-HumanNeuronLab\ANALYSIS\FLM\Analysis_LoraFanda\01_FBM_Analysis\outputs\04_ersp_LM_RAWONLY\EL030\LM\ERSP_matrix\picture\EL030_picture_WM_ERSP_pH_R9_TN.npy,0.0287596899224806,7.751937984496124e-05,True,79,7,0.15197237,7
EL030,picture,LM,pHG_R11,\\nasac-m2.unige.ch\m-HumanNeuronLab\ANALYSIS\FLM\Analysis_LoraFanda\01_FBM_Analysis\outputs\04_ersp_LM_RAWONLY\EL030\LM\ERSP_matrix\picture\EL030_picture_WM_ERSP_pHG_R11_TN.npy,0.0219638242894056,0.0061757105943152,True,80,11,0.085638545,11
EL030,picture,LM,pHG_R12,\\nasac-m2.unige.ch\m-HumanNeuronLab\ANALYSIS\FLM\Analysis_LoraFanda\01_FBM_Analysis\outputs\04_ersp_LM_RAWONLY\EL030\LM\ERSP_matrix\picture\EL030_picture_WM_ERSP_pHG_R12_TN.npy,0.065813953488372,0.0053229974160206,True,81,11,0.07635985,11
EL030,picture,LM,pHG_R13,\\nasac-m2.unige.ch\m-HumanNeuronLab\ANALYSIS\FLM\Analysis_LoraFanda\01_FBM_Analysis\outputs\04_ersp_LM_RAWONLY\EL030\LM\ERSP_matrix\picture\EL030_picture_WM_ERSP_pHG_R13_TN.npy,0.1124031007751938,0.0027131782945736,True,82,11,0.035243597,11
EL030,picture,LM,pHG_R14,\\nasac-m2.unige.ch\m-HumanNeuronLab\ANALYSIS\FLM\Analysis_LoraFanda\01_FBM_Analysis\outputs\04_ersp_LM_RAWONLY\EL030\LM\ERSP_matrix\picture\EL030_picture_WM_ERSP_pHG_R14_TN.npy,0.109173126614987,0.0021705426356589,True,83,11,-0.03511821,11
EL030,picture,LM,pHG_R15,\\nasac-m2.unige.ch\m-HumanNeuronLab\ANALYSIS\FLM\Analysis_LoraFanda\01_FBM_Analysis\outputs\04_ersp_LM_RAWONLY\EL030\LM\ERSP_matrix\picture\EL030_picture_WM_ERSP_pHG_R15_TN.npy,0.1081653746770025,0.0003100775193798,True,84,11,-0.08616985,11
EL030,picture,LM,pHG_R1,\\nasac-m2.unige.ch\m-HumanNeuronLab\ANALYSIS\FLM\Analysis_LoraFanda\01_FBM_Analysis\outputs\04_ersp_LM_RAWONLY\EL030\LM\ERSP_matrix\picture\EL030_picture_WM_ERSP_pHG_R1_TN.npy,0.0503100775193798,0.0096382428940568,True,85,8,-0.08532337,8
EL030,picture,LM,pHG_R2,\\nasac-m2.unige.ch\m-HumanNeuronLab\ANALYSIS\FLM\Analysis_LoraFanda\01_FBM_Analysis\outputs\04_ersp_LM_RAWONLY\EL030\LM\ERSP_matrix\picture\EL030_picture_WM_ERSP_pHG_R2_TN.npy,0.0940568475452196,0.0047803617571059,True,86,8,0.051752407,8
EL030,picture,LM,pHG_R3,\\nasac-m2.unige.ch\m-HumanNeuronLab\ANALYSIS\FLM\Analysis_LoraFanda\01_FBM_Analysis\outputs\04_ersp_LM_RAWONLY\EL030\LM\ERSP_matrix\picture\EL030_picture_WM_ERSP_pHG_R3_TN.npy,0.0654005167958656,0.0040826873385012,True,87,8,-0.1021216,8
EL030,picture,LM,pHG_R4,\\nasac-m2.unige.ch\m-HumanNeuronLab\ANALYSIS\FLM\Analysis_LoraFanda\01_FBM_Analysis\outputs\04_ersp_LM_RAWONLY\EL030\LM\ERSP_matrix\picture\EL030_picture_WM_ERSP_pHG_R4_TN.npy,0.0273385012919896,0.00656330749354,True,88,8,-0.19234352,8
EL030,picture,LM,pHG_R6,\\nasac-m2.unige.ch\m-HumanNeuronLab\ANALYSIS\FLM\Analysis_LoraFanda\01_FBM_Analysis\outputs\04_ersp_LM_RAWONLY\EL030\LM\ERSP_matrix\picture\EL030_picture_WM_ERSP_pHG_R6_TN.npy,0.0282170542635658,0.0003875968992248,True,89,8,-0.28757975,8
EL030,picture,LM,pHG_R7,\\nasac-m2.unige.ch\m-HumanNeuronLab\ANALYSIS\FLM\Analysis_LoraFanda\01_FBM_Analysis\outputs\04_ersp_LM_RAWONLY\EL030\LM\ERSP_matrix\picture\EL030_picture_WM_ERSP_pHG_R7_TN.npy,0.0202325581395348,0.0009560723514211,True,90,8,-0.32481667,8
EL030,reading,LM,A_L10,\\nasac-m2.unige.ch\m-HumanNeuronLab\ANALYSIS\FLM\Analysis_LoraFanda\01_FBM_Analysis\outputs\04_ersp_LM_RAWONLY\EL030\LM\ERSP_matrix\reading\EL030_reading_WM_ERSP_A_L10_TN.npy,0.1001033591731266,0.0022739018087855,True,91,2,0.07517594,2
EL030,reading,LM,A_L11,\\nasac-m2.unige.ch\m-HumanNeuronLab\ANALYSIS\FLM\Analysis_LoraFanda\01_FBM_Analysis\outputs\04_ersp_LM_RAWONLY\EL030\LM\ERSP_matrix\reading\EL030_reading_WM_ERSP_A_L11_TN.npy,0.0884754521963824,0.0021188630490956,True,92,2,0.053767674,2
EL030,reading,LM,A_L12,\\nasac-m2.unige.ch\m-HumanNeuronLab\ANALYSIS\FLM\Analysis_LoraFanda\01_FBM_Analysis\outputs\04_ersp_LM_RAWONLY\EL030\LM\ERSP_matrix\reading\EL030_reading_WM_ERSP_A_L12_TN.npy,0.111266149870801,0.0025064599483204,True,93,2,0.03649709,2
EL030,reading,LM,A_L13,\\nasac-m2.unige.ch\m-HumanNeuronLab\ANALYSIS\FLM\Analysis_LoraFanda\01_FBM_Analysis\outputs\04_ersp_LM_RAWONLY\EL030\LM\ERSP_matrix\reading\EL030_reading_WM_ERSP_A_L13_TN.npy,0.1636175710594315,0.0027390180878552,True,94,2,0.085630804,2
EL030,reading,LM,A_L14,\\nasac-m2.unige.ch\m-HumanNeuronLab\ANALYSIS\FLM\Analysis_LoraFanda\01_FBM_Analysis\outputs\04_ersp_LM_RAWONLY\EL030\LM\ERSP_matrix\reading\EL030_reading_WM_ERSP_A_L14_TN.npy,0.1769250645994832,0.0017312661498708,True,95,2,0.1114117,2
EL030,reading,LM,A_L15,\\nasac-m2.unige.ch\m-HumanNeuronLab\ANALYSIS\FLM\Analysis_LoraFanda\01_FBM_Analysis\outputs\04_ersp_LM_RAWONLY\EL030\LM\ERSP_matrix\reading\EL030_reading_WM_ERSP_A_L15_TN.npy,0.1512144702842377,0.0027906976744186,True,96,2,0.10187856,2
EL030,reading,LM,A_L1,\\nasac-m2.unige.ch\m-HumanNeuronLab\ANALYSIS\FLM\Analysis_LoraFanda\01_FBM_Analysis\outputs\04_ersp_LM_RAWONLY\EL030\LM\ERSP_matrix\reading\EL030_reading_WM_ERSP_A_L1_TN.npy,0.0413178294573643,0.0036175710594315,True,97,11,-0.02238704,11
EL030,reading,LM,A_L2,\\nasac-m2.unige.ch\m-HumanNeuronLab\ANALYSIS\FLM\Analysis_LoraFanda\01_FBM_Analysis\outputs\04_ersp_LM_RAWONLY\EL030\LM\ERSP_matrix\reading\EL030_reading_WM_ERSP_A_L2_TN.npy,0.0541602067183462,0.0020930232558139,True,98,2,-0.0540266,2
EL030,reading,LM,A_L3,\\nasac-m2.unige.ch\m-HumanNeuronLab\ANALYSIS\FLM\Analysis_LoraFanda\01_FBM_Analysis\outputs\04_ersp_LM_RAWONLY\EL030\LM\ERSP_matrix\reading\EL030_reading_WM_ERSP_A_L3_TN.npy,0.0485271317829457,0.0021188630490956,True,99,2,0.010131409,2
EL030,reading,LM,A_L4,\\nasac-m2.unige.ch\m-HumanNeuronLab\ANALYSIS\FLM\Analysis_LoraFanda\01_FBM_Analysis\outputs\04_ersp_LM_RAWONLY\EL030\LM\ERSP_matrix\reading\EL030_reading_WM_ERSP_A_L4_TN.npy,0.0431524547803617,0.0019121447028423,True,100,2,-0.021436835,2
EL030,reading,LM,A_L5,\\nasac-m2.unige.ch\m-HumanNeuronLab\ANALYSIS\FLM\Analysis_LoraFanda\01_FBM_Analysis\outputs\04_ersp_LM_RAWONLY\EL030\LM\ERSP_matrix\reading\EL030_reading_WM_ERSP_A_L5_TN.npy,0.0563824289405684,0.0017312661498708,True,101,2,-0.014595167,2
EL030,reading,LM,A_L6,\\nasac-m2.unige.ch\m-HumanNeuronLab\ANALYSIS\FLM\Analysis_LoraFanda\01_FBM_Analysis\outputs\04_ersp_LM_RAWONLY\EL030\LM\ERSP_matrix\reading\EL030_reading_WM_ERSP_A_L6_TN.npy,0.0547803617571059,0.0011111111111111,True,102,2,0.0600723,2
EL030,reading,LM,A_L7,\\nasac-m2.unige.ch\m-HumanNeuronLab\ANALYSIS\FLM\Analysis_LoraFanda\01_FBM_Analysis\outputs\04_ersp_LM_RAWONLY\EL030\LM\ERSP_matrix\reading\EL030_reading_WM_ERSP_A_L7_TN.npy,0.0745736434108527,0.0015245478036175,True,103,2,0.11049703,2
EL030,reading,LM,A_L8,\\nasac-m2.unige.ch\m-HumanNeuronLab\ANALYSIS\FLM\Analysis_LoraFanda\01_FBM_Analysis\outputs\04_ersp_LM_RAWONLY\EL030\LM\ERSP_matrix\reading\EL030_reading_WM_ERSP_A_L8_TN.npy,0.0668992248062015,0.0026873385012919,True,104,2,0.117712036,2
EL030,reading,LM,A_L9,\\nasac-m2.unige.ch\m-HumanNeuronLab\ANALYSIS\FLM\Analysis_LoraFanda\01_FBM_Analysis\outputs\04_ersp_LM_RAWONLY\EL030\LM\ERSP_matrix\reading\EL030_reading_WM_ERSP_A_L9_TN.npy,0.0855813953488372,0.0024031007751937,True,105,2,0.11547216,2
EL030,reading,LM,A_R11,\\nasac-m2.unige.ch\m-HumanNeuronLab\ANALYSIS\FLM\Analysis_LoraFanda\01_FBM_Analysis\outputs\04_ersp_LM_RAWONLY\EL030\LM\ERSP_matrix\reading\EL030_reading_WM_ERSP_A_R11_TN.npy,0.0238242894056847,0.0028423772609819,True,106,2,-0.059600927,2
EL030,reading,LM,A_R12,\\nasac-m2.unige.ch\m-HumanNeuronLab\ANALYSIS\FLM\Analysis_LoraFanda\01_FBM_Analysis\outputs\04_ersp_LM_RAWONLY\EL030\LM\ERSP_matrix\reading\EL030_reading_WM_ERSP_A_R12_TN.npy,0.0345219638242894,0.0025064599483204,True,107,2,-0.024444053,2
EL030,reading,LM,A_R13,\\nasac-m2.unige.ch\m-HumanNeuronLab\ANALYSIS\FLM\Analysis_LoraFanda\01_FBM_Analysis\outputs\04_ersp_LM_RAWONLY\EL030\LM\ERSP_matrix\reading\EL030_reading_WM_ERSP_A_R13_TN.npy,0.0622480620155038,0.0042118863049095,True,108,2,-0.03826897,2
EL030,reading,LM,A_R14,\\nasac-m2.unige.ch\m-HumanNeuronLab\ANALYSIS\FLM\Analysis_LoraFanda\01_FBM_Analysis\outputs\04_ersp_LM_RAWONLY\EL030\LM\ERSP_matrix\reading\EL030_reading_WM_ERSP_A_R14_TN.npy,0.083953488372093,0.0082687338501291,True,109,2,0.012672917,2
EL030,reading,LM,A_R15,\\nasac-m2.unige.ch\m-HumanNeuronLab\ANALYSIS\FLM\Analysis_LoraFanda\01_FBM_Analysis\outputs\04_ersp_LM_RAWONLY\EL030\LM\ERSP_matrix\reading\EL030_reading_WM_ERSP_A_R15_TN.npy,0.0803100775193798,0.0067958656330749,True,110,2,0.02089166,2
EL030,reading,LM,A_R1,\\nasac-m2.unige.ch\m-HumanNeuronLab\ANALYSIS\FLM\Analysis_LoraFanda\01_FBM_Analysis\outputs\04_ersp_LM_RAWONLY\EL030\LM\ERSP_matrix\reading\EL030_reading_WM_ERSP_A_R1_TN.npy,0.031860465116279,0.0032299741602067,True,111,11,0.014165285,11
EL030,reading,LM,aH_L10,\\nasac-m2.unige.ch\m-HumanNeuronLab\ANALYSIS\FLM\Analysis_LoraFanda\01_FBM_Analysis\outputs\04_ersp_LM_RAWONLY\EL030\LM\ERSP_matrix\reading\EL030_reading_WM_ERSP_aH_L10_TN.npy,0.0728940568475452,0.0027131782945736,True,112,2,0.03555669,2
EL030,reading,LM,aH_L11,\\nasac-m2.unige.ch\m-HumanNeuronLab\ANALYSIS\FLM\Analysis_LoraFanda\01_FBM_Analysis\outputs\04_ersp_LM_RAWONLY\EL030\LM\ERSP_matrix\reading\EL030_reading_WM_ERSP_aH_L11_TN.npy,0.1308010335917312,0.0035917312661498,True,113,2,0.09880389,2
EL030,reading,LM,aH_L12,\\nasac-m2.unige.ch\m-HumanNeuronLab\ANALYSIS\FLM\Analysis_LoraFanda\01_FBM_Analysis\outputs\04_ersp_LM_RAWONLY\EL030\LM\ERSP_matrix\reading\EL030_reading_WM_ERSP_aH_L12_TN.npy,0.1350645994832041,0.0017312661498708,True,114,2,0.12031115,2
EL030,reading,LM,aH_L1,\\nasac-m2.unige.ch\m-HumanNeuronLab\ANALYSIS\FLM\Analysis_LoraFanda\01_FBM_Analysis\outputs\04_ersp_LM_RAWONLY\EL030\LM\ERSP_matrix\reading\EL030_reading_WM_ERSP_aH_L1_TN.npy,0.0367958656330749,0.0021188630490956,True,115,7,-0.029896878,7
EL030,reading,LM,aH_L2,\\nasac-m2.unige.ch\m-HumanNeuronLab\ANALYSIS\FLM\Analysis_LoraFanda\01_FBM_Analysis\outputs\04_ersp_LM_RAWONLY\EL030\LM\ERSP_matrix\reading\EL030_reading_WM_ERSP_aH_L2_TN.npy,0.0278036175710594,0.0027131782945736,True,116,2,-0.08166606,2
EL030,reading,LM,aH_L3,\\nasac-m2.unige.ch\m-HumanNeuronLab\ANALYSIS\FLM\Analysis_LoraFanda\01_FBM_Analysis\outputs\04_ersp_LM_RAWONLY\EL030\LM\ERSP_matrix\reading\EL030_reading_WM_ERSP_aH_L3_TN.npy,0.023204134366925,0.0027648578811369,True,117,2,-0.06472108,2
EL030,reading,LM,aH_L4,\\nasac-m2.unige.ch\m-HumanNeuronLab\ANALYSIS\FLM\Analysis_LoraFanda\01_FBM_Analysis\outputs\04_ersp_LM_RAWONLY\EL030\LM\ERSP_matrix\reading\EL030_reading_WM_ERSP_aH_L4_TN.npy,0.0417312661498708,0.0019896640826873,True,118,2,0.058910456,2
EL030,reading,LM,aH_L5,\\nasac-m2.unige.ch\m-HumanNeuronLab\ANALYSIS\FLM\Analysis_LoraFanda\01_FBM_Analysis\outputs\04_ersp_LM_RAWONLY\EL030\LM\ERSP_matrix\reading\EL030_reading_WM_ERSP_aH_L5_TN.npy,0.036485788113695,0.0028165374677002,True,119,2,0.0014273268,2
EL030,reading,LM,aH_L6,\\nasac-m2.unige.ch\m-HumanNeuronLab\ANALYSIS\FLM\Analysis_LoraFanda\01_FBM_Analysis\outputs\04_ersp_LM_RAWONLY\EL030\LM\ERSP_matrix\reading\EL030_reading_WM_ERSP_aH_L6_TN.npy,0.0803875968992248,0.0010594315245478,True,120,2,0.06757554,2
EL030,reading,LM,aH_L7,\\nasac-m2.unige.ch\m-HumanNeuronLab\ANALYSIS\FLM\Analysis_LoraFanda\01_FBM_Analysis\outputs\04_ersp_LM_RAWONLY\EL030\LM\ERSP_matrix\reading\EL030_reading_WM_ERSP_aH_L7_TN.npy,0.0744444444444444,0.0019121447028423,True,121,2,0.11253401,2
EL030,reading,LM,aH_L8,\\nasac-m2.unige.ch\m-HumanNeuronLab\ANALYSIS\FLM\Analysis_LoraFanda\01_FBM_Analysis\outputs\04_ersp_LM_RAWONLY\EL030\LM\ERSP_matrix\reading\EL030_reading_WM_ERSP_aH_L8_TN.npy,0.0739018087855297,0.0014211886304909,True,122,2,0.014635258,2
EL030,reading,LM,aH_L9,\\nasac-m2.unige.ch\m-HumanNeuronLab\ANALYSIS\FLM\Analysis_LoraFanda\01_FBM_Analysis\outputs\04_ersp_LM_RAWONLY\EL030\LM\ERSP_matrix\reading\EL030_reading_WM_ERSP_aH_L9_TN.npy,0.0567183462532299,0.0016020671834625,True,123,2,0.012239527,2
EL030,reading,LM,aH_R10,\\nasac-m2.unige.ch\m-HumanNeuronLab\ANALYSIS\FLM\Analysis_LoraFanda\01_FBM_Analysis\outputs\04_ersp_LM_RAWONLY\EL030\LM\ERSP_matrix\reading\EL030_reading_WM_ERSP_aH_R10_TN.npy,0.0331007751937984,0.0022997416020671,True,124,7,0.14869665,7
EL030,reading,LM,aH_R11,\\nasac-m2.unige.ch\m-HumanNeuronLab\ANALYSIS\FLM\Analysis_LoraFanda\01_FBM_Analysis\outputs\04_ersp_LM_RAWONLY\EL030\LM\ERSP_matrix\reading\EL030_reading_WM_ERSP_aH_R11_TN.npy,0.0259948320413436,0.0033074935400516,True,125,7,0.04719784,7
EL030,reading,LM,aH_R12,\\nasac-m2.unige.ch\m-HumanNeuronLab\ANALYSIS\FLM\Analysis_LoraFanda\01_FBM_Analysis\outputs\04_ersp_LM_RAWONLY\EL030\LM\ERSP_matrix\reading\EL030_reading_WM_ERSP_aH_R12_TN.npy,0.0386304909560723,0.0023514211886304,True,126,7,0.15573475,7
EL030,reading,LM,aH_R13,\\nasac-m2.unige.ch\m-HumanNeuronLab\ANALYSIS\FLM\Analysis_LoraFanda\01_FBM_Analysis\outputs\04_ersp_LM_RAWONLY\EL030\LM\ERSP_matrix\reading\EL030_reading_WM_ERSP_aH_R13_TN.npy,0.0561240310077519,0.0018346253229974,True,127,7,0.11285823,7
EL030,reading,LM,aH_R14,\\nasac-m2.unige.ch\m-HumanNeuronLab\ANALYSIS\FLM\Analysis_LoraFanda\01_FBM_Analysis\outputs\04_ersp_LM_RAWONLY\EL030\LM\ERSP_matrix\reading\EL030_reading_WM_ERSP_aH_R14_TN.npy,0.0827131782945736,0.0028165374677002,True,128,2,0.028898807,2
EL030,reading,LM,aH_R15,\\nasac-m2.unige.ch\m-HumanNeuronLab\ANALYSIS\FLM\Analysis_LoraFanda\01_FBM_Analysis\outputs\04_ersp_LM_RAWONLY\EL030\LM\ERSP_matrix\reading\EL030_reading_WM_ERSP_aH_R15_TN.npy,0.0714987080103359,0.0043152454780361,True,129,2,0.040041476,2
EL030,reading,LM,EntG_R11,\\nasac-m2.unige.ch\m-HumanNeuronLab\ANALYSIS\FLM\Analysis_LoraFanda\01_FBM_Analysis\outputs\04_ersp_LM_RAWONLY\EL030\LM\ERSP_matrix\reading\EL030_reading_WM_ERSP_EntG_R11_TN.npy,0.0216795865633074,0.0024289405684754,True,130,7,0.039918672,7
EL030,reading,LM,EntG_R12,\\nasac-m2.unige.ch\m-HumanNeuronLab\ANALYSIS\FLM\Analysis_LoraFanda\01_FBM_Analysis\outputs\04_ersp_LM_RAWONLY\EL030\LM\ERSP_matrix\reading\EL030_reading_WM_ERSP_EntG_R12_TN.npy,0.027312661498708,0.0021963824289405,True,131,7,0.094331734,7
EL030,reading,LM,EntG_R13,\\nasac-m2.unige.ch\m-HumanNeuronLab\ANALYSIS\FLM\Analysis_LoraFanda\01_FBM_Analysis\outputs\04_ersp_LM_RAWONLY\EL030\LM\ERSP_matrix\reading\EL030_reading_WM_ERSP_EntG_R13_TN.npy,0.0310335917312661,0.002609819121447,True,132,7,0.15181316,7
EL030,reading,LM,EntG_R14,\\nasac-m2.unige.ch\m-HumanNeuronLab\ANALYSIS\FLM\Analysis_LoraFanda\01_FBM_Analysis\outputs\04_ersp_LM_RAWONLY\EL030\LM\ERSP_matrix\reading\EL030_reading_WM_ERSP_EntG_R14_TN.npy,0.0335917312661498,0.0042118863049095,True,133,7,0.105507255,7
EL030,reading,LM,EntG_R15,\\nasac-m2.unige.ch\m-HumanNeuronLab\ANALYSIS\FLM\Analysis_LoraFanda\01_FBM_Analysis\outputs\04_ersp_LM_RAWONLY\EL030\LM\ERSP_matrix\reading\EL030_reading_WM_ERSP_EntG_R15_TN.npy,0.0687596899224806,0.001188630490956,True,134,2,-0.015279516,2
EL030,reading,LM,EntG_R16,\\nasac-m2.unige.ch\m-HumanNeuronLab\ANALYSIS\FLM\Analysis_LoraFanda\01_FBM_Analysis\outputs\04_ersp_LM_RAWONLY\EL030\LM\ERSP_matrix\reading\EL030_reading_WM_ERSP_EntG_R16_TN.npy,0.0563307493540051,0.001860465116279,True,135,2,0.059474044,2
EL030,reading,LM,EntG_R17,\\nasac-m2.unige.ch\m-HumanNeuronLab\ANALYSIS\FLM\Analysis_LoraFanda\01_FBM_Analysis\outputs\04_ersp_LM_RAWONLY\EL030\LM\ERSP_matrix\reading\EL030_reading_WM_ERSP_EntG_R17_TN.npy,0.0602067183462532,0.0014211886304909,True,136,2,0.048062194,2
EL030,reading,LM,EntG_R1,\\nasac-m2.unige.ch\m-HumanNeuronLab\ANALYSIS\FLM\Analysis_LoraFanda\01_FBM_Analysis\outputs\04_ersp_LM_RAWONLY\EL030\LM\ERSP_matrix\reading\EL030_reading_WM_ERSP_EntG_R1_TN.npy,0.0378552971576227,0.0010335917312661,True,137,7,0.057869684,7
EL030,reading,LM,EntG_R2,\\nasac-m2.unige.ch\m-HumanNeuronLab\ANALYSIS\FLM\Analysis_LoraFanda\01_FBM_Analysis\outputs\04_ersp_LM_RAWONLY\EL030\LM\ERSP_matrix\reading\EL030_reading_WM_ERSP_EntG_R2_TN.npy,0.036640826873385,0.0010077519379844,True,138,7,0.010127683,7
EL030,reading,LM,EntG_R3,\\nasac-m2.unige.ch\m-HumanNeuronLab\ANALYSIS\FLM\Analysis_LoraFanda\01_FBM_Analysis\outputs\04_ersp_LM_RAWONLY\EL030\LM\ERSP_matrix\reading\EL030_reading_WM_ERSP_EntG_R3_TN.npy,0.0426873385012919,0.0009560723514211,True,139,7,-0.034352385,7
EL030,reading,LM,EntG_R4,\\nasac-m2.unige.ch\m-HumanNeuronLab\ANALYSIS\FLM\Analysis_LoraFanda\01_FBM_Analysis\outputs\04_ersp_LM_RAWONLY\EL030\LM\ERSP_matrix\reading\EL030_reading_WM_ERSP_EntG_R4_TN.npy,0.03984496124031,0.001188630490956,True,140,7,0.007667065,7
EL030,reading,LM,EntG_R5,\\nasac-m2.unige.ch\m-HumanNeuronLab\ANALYSIS\FLM\Analysis_LoraFanda\01_FBM_Analysis\outputs\04_ersp_LM_RAWONLY\EL030\LM\ERSP_matrix\reading\EL030_reading_WM_ERSP_EntG_R5_TN.npy,0.0292248062015503,0.0015762273901808,True,141,7,0.039189287,7
EL030,reading,LM,EntG_R6,\\nasac-m2.unige.ch\m-HumanNeuronLab\ANALYSIS\FLM\Analysis_LoraFanda\01_FBM_Analysis\outputs\04_ersp_LM_RAWONLY\EL030\LM\ERSP_matrix\reading\EL030_reading_WM_ERSP_EntG_R6_TN.npy,0.0227906976744186,0.0014728682170542,True,142,7,0.0074556875,7
EL030,reading,LM,pH_R10,\\nasac-m2.unige.ch\m-HumanNeuronLab\ANALYSIS\FLM\Analysis_LoraFanda\01_FBM_Analysis\outputs\04_ersp_LM_RAWONLY\EL030\LM\ERSP_matrix\reading\EL030_reading_WM_ERSP_pH_R10_TN.npy,0.0671317829457364,0.0022222222222222,True,143,7,0.044074375,7
EL030,reading,LM,pH_R11,\\nasac-m2.unige.ch\m-HumanNeuronLab\ANALYSIS\FLM\Analysis_LoraFanda\01_FBM_Analysis\outputs\04_ersp_LM_RAWONLY\EL030\LM\ERSP_matrix\reading\EL030_reading_WM_ERSP_pH_R11_TN.npy,0.068656330749354,0.0027390180878552,True,144,2,-0.022628091,2
EL030,reading,LM,pH_R12,\\nasac-m2.unige.ch\m-HumanNeuronLab\ANALYSIS\FLM\Analysis_LoraFanda\01_FBM_Analysis\outputs\04_ersp_LM_RAWONLY\EL030\LM\ERSP_matrix\reading\EL030_reading_WM_ERSP_pH_R12_TN.npy,0.0704392764857881,0.0015762273901808,True,145,2,0.058593635,2
EL030,reading,LM,pH_R8,\\nasac-m2.unige.ch\m-HumanNeuronLab\ANALYSIS\FLM\Analysis_LoraFanda\01_FBM_Analysis\outputs\04_ersp_LM_RAWONLY\EL030\LM\ERSP_matrix\reading\EL030_reading_WM_ERSP_pH_R8_TN.npy,0.0260981912144702,0.0018087855297157,True,146,7,0.09018401,7
EL030,reading,LM,pH_R9,\\nasac-m2.unige.ch\m-HumanNeuronLab\ANALYSIS\FLM\Analysis_LoraFanda\01_FBM_Analysis\outputs\04_ersp_LM_RAWONLY\EL030\LM\ERSP_matrix\reading\EL030_reading_WM_ERSP_pH_R9_TN.npy,0.0422480620155038,0.0029715762273901,True,147,7,0.11949917,7
EL030,reading,LM,pHG_R10,\\nasac-m2.unige.ch\m-HumanNeuronLab\ANALYSIS\FLM\Analysis_LoraFanda\01_FBM_Analysis\outputs\04_ersp_LM_RAWONLY\EL030\LM\ERSP_matrix\reading\EL030_reading_WM_ERSP_pHG_R10_TN.npy,0.0207493540051679,0.0069767441860465,True,148,11,0.04574899,11
EL030,reading,LM,pHG_R11,\\nasac-m2.unige.ch\m-HumanNeuronLab\ANALYSIS\FLM\Analysis_LoraFanda\01_FBM_Analysis\outputs\04_ersp_LM_RAWONLY\EL030\LM\ERSP_matrix\reading\EL030_reading_WM_ERSP_pHG_R11_TN.npy,0.0676485788113695,0.0130232558139534,True,149,11,0.07648398,11
EL030,reading,LM,pHG_R12,\\nasac-m2.unige.ch\m-HumanNeuronLab\ANALYSIS\FLM\Analysis_LoraFanda\01_FBM_Analysis\outputs\04_ersp_LM_RAWONLY\EL030\LM\ERSP_matrix\reading\EL030_reading_WM_ERSP_pHG_R12_TN.npy,0.1599741602067183,0.0133850129198966,True,150,11,0.06492223,11
EL030,reading,LM,pHG_R13,\\nasac-m2.unige.ch\m-HumanNeuronLab\ANALYSIS\FLM\Analysis_LoraFanda\01_FBM_Analysis\outputs\04_ersp_LM_RAWONLY\EL030\LM\ERSP_matrix\reading\EL030_reading_WM_ERSP_pHG_R13_TN.npy,0.2118087855297157,0.0128423772609819,True,151,11,0.022698658,11
EL030,reading,LM,pHG_R14,\\nasac-m2.unige.ch\m-HumanNeuronLab\ANALYSIS\FLM\Analysis_LoraFanda\01_FBM_Analysis\outputs\04_ersp_LM_RAWONLY\EL030\LM\ERSP_matrix\reading\EL030_reading_WM_ERSP_pHG_R14_TN.npy,0.2120155038759689,0.0066149870801033,True,152,11,-0.025511032,11
EL030,reading,LM,pHG_R15,\\nasac-m2.unige.ch\m-HumanNeuronLab\ANALYSIS\FLM\Analysis_LoraFanda\01_FBM_Analysis\outputs\04_ersp_LM_RAWONLY\EL030\LM\ERSP_matrix\reading\EL030_reading_WM_ERSP_pHG_R15_TN.npy,0.2132299741602067,0.0060206718346253,True,153,11,-0.032912508,11
EL030,reading,LM,pHG_R3,\\nasac-m2.unige.ch\m-HumanNeuronLab\ANALYSIS\FLM\Analysis_LoraFanda\01_FBM_Analysis\outputs\04_ersp_LM_RAWONLY\EL030\LM\ERSP_matrix\reading\EL030_reading_WM_ERSP_pHG_R3_TN.npy,0.0220671834625323,0.0049354005167958,True,154,11,0.007990688,11
EL035,audio,LM,aI_R5,\\nasac-m2.unige.ch\m-HumanNeuronLab\ANALYSIS\FLM\Analysis_LoraFanda\01_FBM_Analysis\outputs\04_ersp_LM_RAWONLY\EL035\LM\ERSP_matrix\audio\EL035_audio_WM_ERSP_aI_R5_TN.npy,0.0362790697674418,0.0004392764857881,True,155,7,0.02536161,7
EL035,audio,LM,PHG_R12,\\nasac-m2.unige.ch\m-HumanNeuronLab\ANALYSIS\FLM\Analysis_LoraFanda\01_FBM_Analysis\outputs\04_ersp_LM_RAWONLY\EL035\LM\ERSP_matrix\audio\EL035_audio_WM_ERSP_PHG_R12_TN.npy,0.021266149870801,0.0007235142118863,True,156,7,-0.0009570095,7
EL035,audio,LM,pI_R5,\\nasac-m2.unige.ch\m-HumanNeuronLab\ANALYSIS\FLM\Analysis_LoraFanda\01_FBM_Analysis\outputs\04_ersp_LM_RAWONLY\EL035\LM\ERSP_matrix\audio\EL035_audio_WM_ERSP_pI_R5_TN.npy,0.0299741602067183,0.0002325581395348,True,157,7,-0.07133691,7
EL035,audio,LM,pI_R6,\\nasac-m2.unige.ch\m-HumanNeuronLab\ANALYSIS\FLM\Analysis_LoraFanda\01_FBM_Analysis\outputs\04_ersp_LM_RAWONLY\EL035\LM\ERSP_matrix\audio\EL035_audio_WM_ERSP_pI_R6_TN.npy,0.0235917312661498,0.0005684754521963,True,158,7,-0.08830726,7
EL035,audio,LM,TTG_R1,\\nasac-m2.unige.ch\m-HumanNeuronLab\ANALYSIS\FLM\Analysis_LoraFanda\01_FBM_Analysis\outputs\04_ersp_LM_RAWONLY\EL035\LM\ERSP_matrix\audio\EL035_audio_WM_ERSP_TTG_R1_TN.npy,0.1728682170542635,0.0047545219638242,True,159,8,0.014356131,8
EL035,audio,LM,TTG_R2,\\nasac-m2.unige.ch\m-HumanNeuronLab\ANALYSIS\FLM\Analysis_LoraFanda\01_FBM_Analysis\outputs\04_ersp_LM_RAWONLY\EL035\LM\ERSP_matrix\audio\EL035_audio_WM_ERSP_TTG_R2_TN.npy,0.1463824289405684,0.0031266149870801,True,160,8,-0.022089818,8
EL035,audio,LM,TTG_R3,\\nasac-m2.unige.ch\m-HumanNeuronLab\ANALYSIS\FLM\Analysis_LoraFanda\01_FBM_Analysis\outputs\04_ersp_LM_RAWONLY\EL035\LM\ERSP_matrix\audio\EL035_audio_WM_ERSP_TTG_R3_TN.npy,0.1345736434108527,0.0033850129198966,True,161,8,-0.03272991,8
EL035,audio,LM,TTG_R4,\\nasac-m2.unige.ch\m-HumanNeuronLab\ANALYSIS\FLM\Analysis_LoraFanda\01_FBM_Analysis\outputs\04_ersp_LM_RAWONLY\EL035\LM\ERSP_matrix\audio\EL035_audio_WM_ERSP_TTG_R4_TN.npy,0.2178552971576227,0.0054521963824289,True,162,8,0.07962131,8
EL035,audio,LM,TTG_R5,\\nasac-m2.unige.ch\m-HumanNeuronLab\ANALYSIS\FLM\Analysis_LoraFanda\01_FBM_Analysis\outputs\04_ersp_LM_RAWONLY\EL035\LM\ERSP_matrix\audio\EL035_audio_WM_ERSP_TTG_R5_TN.npy,0.1638501291989664,0.0093798449612403,True,163,8,0.042426728,8
EL035,audio,LM,TTG_R6,\\nasac-m2.unige.ch\m-HumanNeuronLab\ANALYSIS\FLM\Analysis_LoraFanda\01_FBM_Analysis\outputs\04_ersp_LM_RAWONLY\EL035\LM\ERSP_matrix\audio\EL035_audio_WM_ERSP_TTG_R6_TN.npy,0.0913953488372093,0.0134883720930232,True,164,8,-0.06581535,8
EL035,audio,LM,TTG_R7,\\nasac-m2.unige.ch\m-HumanNeuronLab\ANALYSIS\FLM\Analysis_LoraFanda\01_FBM_Analysis\outputs\04_ersp_LM_RAWONLY\EL035\LM\ERSP_matrix\audio\EL035_audio_WM_ERSP_TTG_R7_TN.npy,0.0286304909560723,0.0006459948320413,True,165,7,-0.06809288,7
EL035,picture,LM,A_L10,\\nasac-m2.unige.ch\m-HumanNeuronLab\ANALYSIS\FLM\Analysis_LoraFanda\01_FBM_Analysis\outputs\04_ersp_LM_RAWONLY\EL035\LM\ERSP_matrix\picture\EL035_picture_WM_ERSP_A_L10_TN.npy,0.0357364341085271,0.0003617571059431,True,166,7,0.16265477,7
EL035,picture,LM,A_L11,\\nasac-m2.unige.ch\m-HumanNeuronLab\ANALYSIS\FLM\Analysis_LoraFanda\01_FBM_Analysis\outputs\04_ersp_LM_RAWONLY\EL035\LM\ERSP_matrix\picture\EL035_picture_WM_ERSP_A_L11_TN.npy,0.0318346253229974,0.0001808785529715,True,167,7,0.1065949,7
EL035,picture,LM,A_L12,\\nasac-m2.unige.ch\m-HumanNeuronLab\ANALYSIS\FLM\Analysis_LoraFanda\01_FBM_Analysis\outputs\04_ersp_LM_RAWONLY\EL035\LM\ERSP_matrix\picture\EL035_picture_WM_ERSP_A_L12_TN.npy,0.0379586563307493,0.001266149870801,True,168,7,0.10805655,7
EL035,picture,LM,A_L7,\\nasac-m2.unige.ch\m-HumanNeuronLab\ANALYSIS\FLM\Analysis_LoraFanda\01_FBM_Analysis\outputs\04_ersp_LM_RAWONLY\EL035\LM\ERSP_matrix\picture\EL035_picture_WM_ERSP_A_L7_TN.npy,0.0201033591731266,0.0004909560723514,True,169,7,0.04364332,7
EL035,picture,LM,A_L8,\\nasac-m2.unige.ch\m-HumanNeuronLab\ANALYSIS\FLM\Analysis_LoraFanda\01_FBM_Analysis\outputs\04_ersp_LM_RAWONLY\EL035\LM\ERSP_matrix\picture\EL035_picture_WM_ERSP_A_L8_TN.npy,0.0236950904392764,0.0004392764857881,True,170,7,0.13633806,7
EL035,picture,LM,A_L9,\\nasac-m2.unige.ch\m-HumanNeuronLab\ANALYSIS\FLM\Analysis_LoraFanda\01_FBM_Analysis\outputs\04_ersp_LM_RAWONLY\EL035\LM\ERSP_matrix\picture\EL035_picture_WM_ERSP_A_L9_TN.npy,0.037312661498708,0.0002325581395348,True,171,7,0.16118185,7
EL035,picture,LM,A_R10,\\nasac-m2.unige.ch\m-HumanNeuronLab\ANALYSIS\FLM\Analysis_LoraFanda\01_FBM_Analysis\outputs\04_ersp_LM_RAWONLY\EL035\LM\ERSP_matrix\picture\EL035_picture_WM_ERSP_A_R10_TN.npy,0.0210077519379844,0.0004134366925064,True,172,7,0.066802934,7
EL035,picture,LM,A_R11,\\nasac-m2.unige.ch\m-HumanNeuronLab\ANALYSIS\FLM\Analysis_LoraFanda\01_FBM_Analysis\outputs\04_ersp_LM_RAWONLY\EL035\LM\ERSP_matrix\picture\EL035_picture_WM_ERSP_A_R11_TN.npy,0.0309560723514211,0.0001808785529715,True,173,7,0.10476351,7
EL035,picture,LM,A_R12,\\nasac-m2.unige.ch\m-HumanNeuronLab\ANALYSIS\FLM\Analysis_LoraFanda\01_FBM_Analysis\outputs\04_ersp_LM_RAWONLY\EL035\LM\ERSP_matrix\picture\EL035_picture_WM_ERSP_A_R12_TN.npy,0.0309819121447028,0.0003100775193798,True,174,7,0.07716862,7
EL035,picture,LM,aH_L10,\\nasac-m2.unige.ch\m-HumanNeuronLab\ANALYSIS\FLM\Analysis_LoraFanda\01_FBM_Analysis\outputs\04_ersp_LM_RAWONLY\EL035\LM\ERSP_matrix\picture\EL035_picture_WM_ERSP_aH_L10_TN.npy,0.027906976744186,0.0004909560723514,True,175,7,0.1717388,7
EL035,picture,LM,aH_L11,\\nasac-m2.unige.ch\m-HumanNeuronLab\ANALYSIS\FLM\Analysis_LoraFanda\01_FBM_Analysis\outputs\04_ersp_LM_RAWONLY\EL035\LM\ERSP_matrix\picture\EL035_picture_WM_ERSP_aH_L11_TN.npy,0.0275968992248062,0.0001291989664082,True,176,7,0.18307734,7
EL035,picture,LM,aH_L12,\\nasac-m2.unige.ch\m-HumanNeuronLab\ANALYSIS\FLM\Analysis_LoraFanda\01_FBM_Analysis\outputs\04_ersp_LM_RAWONLY\EL035\LM\ERSP_matrix\picture\EL035_picture_WM_ERSP_aH_L12_TN.npy,0.0266666666666666,0.0004134366925064,True,177,7,0.1014543,7
EL035,picture,LM,aH_L7,\\nasac-m2.unige.ch\m-HumanNeuronLab\ANALYSIS\FLM\Analysis_LoraFanda\01_FBM_Analysis\outputs\04_ersp_LM_RAWONLY\EL035\LM\ERSP_matrix\picture\EL035_picture_WM_ERSP_aH_L7_TN.npy,0.0264341085271317,0.0001808785529715,True,178,7,0.15738033,7
EL035,picture,LM,aH_R10,\\nasac-m2.unige.ch\m-HumanNeuronLab\ANALYSIS\FLM\Analysis_LoraFanda\01_FBM_Analysis\outputs\04_ersp_LM_RAWONLY\EL035\LM\ERSP_matrix\picture\EL035_picture_WM_ERSP_aH_R10_TN.npy,0.027906976744186,7.751937984496124e-05,True,179,7,-0.02358919,7
EL035,picture,LM,aH_R11,\\nasac-m2.unige.ch\m-HumanNeuronLab\ANALYSIS\FLM\Analysis_LoraFanda\01_FBM_Analysis\outputs\04_ersp_LM_RAWONLY\EL035\LM\ERSP_matrix\picture\EL035_picture_WM_ERSP_aH_R11_TN.npy,0.0214728682170542,0.0001291989664082,True,180,7,-0.0030297602,7
EL035,picture,LM,aH_R12,\\nasac-m2.unige.ch\m-HumanNeuronLab\ANALYSIS\FLM\Analysis_LoraFanda\01_FBM_Analysis\outputs\04_ersp_LM_RAWONLY\EL035\LM\ERSP_matrix\picture\EL035_picture_WM_ERSP_aH_R12_TN.npy,0.0201291989664082,0.0003359173126614,True,181,7,-0.0010684469,7
EL035,picture,LM,aH_R3,\\nasac-m2.unige.ch\m-HumanNeuronLab\ANALYSIS\FLM\Analysis_LoraFanda\01_FBM_Analysis\outputs\04_ersp_LM_RAWONLY\EL035\LM\ERSP_matrix\picture\EL035_picture_WM_ERSP_aH_R3_TN.npy,0.0212919896640826,0.0,True,182,7,0.15294127,7
EL035,picture,LM,aH_R9,\\nasac-m2.unige.ch\m-HumanNeuronLab\ANALYSIS\FLM\Analysis_LoraFanda\01_FBM_Analysis\outputs\04_ersp_LM_RAWONLY\EL035\LM\ERSP_matrix\picture\EL035_picture_WM_ERSP_aH_R9_TN.npy,0.0406201550387596,0.0003100775193798,True,183,7,0.118086234,7
EL035,picture,LM,aI_R4,\\nasac-m2.unige.ch\m-HumanNeuronLab\ANALYSIS\FLM\Analysis_LoraFanda\01_FBM_Analysis\outputs\04_ersp_LM_RAWONLY\EL035\LM\ERSP_matrix\picture\EL035_picture_WM_ERSP_aI_R4_TN.npy,0.0274677002583979,0.0001033591731266,True,184,6,-0.032453004,6
EL035,picture,LM,aI_R5,\\nasac-m2.unige.ch\m-HumanNeuronLab\ANALYSIS\FLM\Analysis_LoraFanda\01_FBM_Analysis\outputs\04_ersp_LM_RAWONLY\EL035\LM\ERSP_matrix\picture\EL035_picture_WM_ERSP_aI_R5_TN.npy,0.058501291989664,0.0004392764857881,True,185,6,-0.024592824,6
EL035,picture,LM,EntG_R10,\\nasac-m2.unige.ch\m-HumanNeuronLab\ANALYSIS\FLM\Analysis_LoraFanda\01_FBM_Analysis\outputs\04_ersp_LM_RAWONLY\EL035\LM\ERSP_matrix\picture\EL035_picture_WM_ERSP_EntG_R10_TN.npy,0.0698966408268733,0.0003617571059431,True,186,7,0.038518276,7
EL035,picture,LM,EntG_R11,\\nasac-m2.unige.ch\m-HumanNeuronLab\ANALYSIS\FLM\Analysis_LoraFanda\01_FBM_Analysis\outputs\04_ersp_LM_RAWONLY\EL035\LM\ERSP_matrix\picture\EL035_picture_WM_ERSP_EntG_R11_TN.npy,0.0608527131782945,0.0003359173126614,True,187,7,0.029860562,7
EL035,picture,LM,EntG_R12,\\nasac-m2.unige.ch\m-HumanNeuronLab\ANALYSIS\FLM\Analysis_LoraFanda\01_FBM_Analysis\outputs\04_ersp_LM_RAWONLY\EL035\LM\ERSP_matrix\picture\EL035_picture_WM_ERSP_EntG_R12_TN.npy,0.041343669250646,0.0006201550387596,True,188,7,0.09396144,7
EL035,picture,LM,EntG_R9,\\nasac-m2.unige.ch\m-HumanNeuronLab\ANALYSIS\FLM\Analysis_LoraFanda\01_FBM_Analysis\outputs\04_ersp_LM_RAWONLY\EL035\LM\ERSP_matrix\picture\EL035_picture_WM_ERSP_EntG_R9_TN.npy,0.0457881136950904,0.0002325581395348,True,189,7,0.07476235,7
EL035,picture,LM,pH_R1,\\nasac-m2.unige.ch\m-HumanNeuronLab\ANALYSIS\FLM\Analysis_LoraFanda\01_FBM_Analysis\outputs\04_ersp_LM_RAWONLY\EL035\LM\ERSP_matrix\picture\EL035_picture_WM_ERSP_pH_R1_TN.npy,0.0216279069767441,0.0,True,190,7,0.18437134,7
EL035,picture,LM,PHG_R11,\\nasac-m2.unige.ch\m-HumanNeuronLab\ANALYSIS\FLM\Analysis_LoraFanda\01_FBM_Analysis\outputs\04_ersp_LM_RAWONLY\EL035\LM\ERSP_matrix\picture\EL035_picture_WM_ERSP_PHG_R11_TN.npy,0.0270542635658914,0.0001291989664082,True,191,7,0.089473955,7
EL035,picture,LM,PHG_R12,\\nasac-m2.unige.ch\m-HumanNeuronLab\ANALYSIS\FLM\Analysis_LoraFanda\01_FBM_Analysis\outputs\04_ersp_LM_RAWONLY\EL035\LM\ERSP_matrix\picture\EL035_picture_WM_ERSP_PHG_R12_TN.npy,0.027829457364341,2.5839793281653743e-05,True,192,7,0.052049063,7
EL035,picture,LM,TTG_R2,\\nasac-m2.unige.ch\m-HumanNeuronLab\ANALYSIS\FLM\Analysis_LoraFanda\01_FBM_Analysis\outputs\04_ersp_LM_RAWONLY\EL035\LM\ERSP_matrix\picture\EL035_picture_WM_ERSP_TTG_R2_TN.npy,0.0281653746770025,0.0009302325581395,True,193,11,0.046869002,11
EL035,picture,LM,TTG_R3,\\nasac-m2.unige.ch\m-HumanNeuronLab\ANALYSIS\FLM\Analysis_LoraFanda\01_FBM_Analysis\outputs\04_ersp_LM_RAWONLY\EL035\LM\ERSP_matrix\picture\EL035_picture_WM_ERSP_TTG_R3_TN.npy,0.0230232558139534,0.0016537467700258,True,194,11,0.042468127,11
EL035,picture,LM,TTG_R4,\\nasac-m2.unige.ch\m-HumanNeuronLab\ANALYSIS\FLM\Analysis_LoraFanda\01_FBM_Analysis\outputs\04_ersp_LM_RAWONLY\EL035\LM\ERSP_matrix\picture\EL035_picture_WM_ERSP_TTG_R4_TN.npy,0.0413953488372093,0.0035658914728682,True,195,11,0.0214853,11
EL035,reading,LM,aH_L10,\\nasac-m2.unige.ch\m-HumanNeuronLab\ANALYSIS\FLM\Analysis_LoraFanda\01_FBM_Analysis\outputs\04_ersp_LM_RAWONLY\EL035\LM\ERSP_matrix\reading\EL035_reading_WM_ERSP_aH_L10_TN.npy,0.0221963824289405,0.0007493540051679,True,196,7,0.12859485,7
EL035,reading,LM,aH_L11,\\nasac-m2.unige.ch\m-HumanNeuronLab\ANALYSIS\FLM\Analysis_LoraFanda\01_FBM_Analysis\outputs\04_ersp_LM_RAWONLY\EL035\LM\ERSP_matrix\reading\EL035_reading_WM_ERSP_aH_L11_TN.npy,0.0218346253229974,0.0020155038759689,True,197,7,0.12863742,7
EL035,reading,LM,aI_R5,\\nasac-m2.unige.ch\m-HumanNeuronLab\ANALYSIS\FLM\Analysis_LoraFanda\01_FBM_Analysis\outputs\04_ersp_LM_RAWONLY\EL035\LM\ERSP_matrix\reading\EL035_reading_WM_ERSP_aI_R5_TN.npy,0.0394056847545219,0.0002067183462532,True,198,6,0.0074864663,6
EL035,reading,LM,TTG_R4,\\nasac-m2.unige.ch\m-HumanNeuronLab\ANALYSIS\FLM\Analysis_LoraFanda\01_FBM_Analysis\outputs\04_ersp_LM_RAWONLY\EL035\LM\ERSP_matrix\reading\EL035_reading_WM_ERSP_TTG_R4_TN.npy,0.0314987080103359,0.0003359173126614,True,199,7,-0.05331412,7
EL035,reading,LM,TTG_R5,\\nasac-m2.unige.ch\m-HumanNeuronLab\ANALYSIS\FLM\Analysis_LoraFanda\01_FBM_Analysis\outputs\04_ersp_LM_RAWONLY\EL035\LM\ERSP_matrix\reading\EL035_reading_WM_ERSP_TTG_R5_TN.npy,0.020594315245478,0.001188630490956,True,200,7,-0.07031643,7
EL037,audio,LM,EntG_L11,\\nasac-m2.unige.ch\m-HumanNeuronLab\ANALYSIS\FLM\Analysis_LoraFanda\01_FBM_Analysis\outputs\04_ersp_LM_RAWONLY\EL037\LM\ERSP_matrix\audio\EL037_audio_WM_ERSP_EntG_L11_TN.npy,0.0051937984496124,0.0555813953488372,True,201,0,0.024883827,0
EL037,audio,LM,pH_L11,\\nasac-m2.unige.ch\m-HumanNeuronLab\ANALYSIS\FLM\Analysis_LoraFanda\01_FBM_Analysis\outputs\04_ersp_LM_RAWONLY\EL037\LM\ERSP_matrix\audio\EL037_audio_WM_ERSP_pH_L11_TN.npy,0.0263307493540051,0.0059948320413436,True,202,11,-0.022063863,11
EL037,audio,LM,pH_L1,\\nasac-m2.unige.ch\m-HumanNeuronLab\ANALYSIS\FLM\Analysis_LoraFanda\01_FBM_Analysis\outputs\04_ersp_LM_RAWONLY\EL037\LM\ERSP_matrix\audio\EL037_audio_WM_ERSP_pH_L1_TN.npy,0.0221705426356589,0.0014728682170542,True,203,11,0.021986453,11
EL037,audio,LM,pH_R12,\\nasac-m2.unige.ch\m-HumanNeuronLab\ANALYSIS\FLM\Analysis_LoraFanda\01_FBM_Analysis\outputs\04_ersp_LM_RAWONLY\EL037\LM\ERSP_matrix\audio\EL037_audio_WM_ERSP_pH_R12_TN.npy,0.0265891472868217,0.0054005167958656,True,204,11,-0.10942314,11
EL037,audio,LM,pH_R2,\\nasac-m2.unige.ch\m-HumanNeuronLab\ANALYSIS\FLM\Analysis_LoraFanda\01_FBM_Analysis\outputs\04_ersp_LM_RAWONLY\EL037\LM\ERSP_matrix\audio\EL037_audio_WM_ERSP_pH_R2_TN.npy,0.0254521963824289,0.0009043927648578,True,205,6,-0.03935863,6
EL037,picture,LM,aH_R11,\\nasac-m2.unige.ch\m-HumanNeuronLab\ANALYSIS\FLM\Analysis_LoraFanda\01_FBM_Analysis\outputs\04_ersp_LM_RAWONLY\EL037\LM\ERSP_matrix\picture\EL037_picture_WM_ERSP_aH_R11_TN.npy,0.0214987080103359,0.0028165374677002,True,206,7,0.07568082,7
EL037,picture,LM,aH_R9,\\nasac-m2.unige.ch\m-HumanNeuronLab\ANALYSIS\FLM\Analysis_LoraFanda\01_FBM_Analysis\outputs\04_ersp_LM_RAWONLY\EL037\LM\ERSP_matrix\picture\EL037_picture_WM_ERSP_aH_R9_TN.npy,0.0217312661498708,0.0014987080103359,True,207,7,0.0969086,7
EL037,picture,LM,aI_L10,\\nasac-m2.unige.ch\m-HumanNeuronLab\ANALYSIS\FLM\Analysis_LoraFanda\01_FBM_Analysis\outputs\04_ersp_LM_RAWONLY\EL037\LM\ERSP_matrix\picture\EL037_picture_WM_ERSP_aI_L10_TN.npy,0.041188630490956,0.0045994832041343,True,208,11,-0.068528295,11
EL037,picture,LM,aI_L8,\\nasac-m2.unige.ch\m-HumanNeuronLab\ANALYSIS\FLM\Analysis_LoraFanda\01_FBM_Analysis\outputs\04_ersp_LM_RAWONLY\EL037\LM\ERSP_matrix\picture\EL037_picture_WM_ERSP_aI_L8_TN.npy,0.0255297157622739,0.0034625322997416,True,209,11,0.024809144,11
EL037,picture,LM,pH_L1,\\nasac-m2.unige.ch\m-HumanNeuronLab\ANALYSIS\FLM\Analysis_LoraFanda\01_FBM_Analysis\outputs\04_ersp_LM_RAWONLY\EL037\LM\ERSP_matrix\picture\EL037_picture_WM_ERSP_pH_L1_TN.npy,0.0335142118863049,0.0070025839793281,True,210,11,0.103116296,11
EL037,picture,LM,pH_R10,\\nasac-m2.unige.ch\m-HumanNeuronLab\ANALYSIS\FLM\Analysis_LoraFanda\01_FBM_Analysis\outputs\04_ersp_LM_RAWONLY\EL037\LM\ERSP_matrix\picture\EL037_picture_WM_ERSP_pH_R10_TN.npy,0.0221447028423772,0.0013953488372093,True,211,7,0.010499764,7
EL037,picture,LM,pH_R11,\\nasac-m2.unige.ch\m-HumanNeuronLab\ANALYSIS\FLM\Analysis_LoraFanda\01_FBM_Analysis\outputs\04_ersp_LM_RAWONLY\EL037\LM\ERSP_matrix\picture\EL037_picture_WM_ERSP_pH_R11_TN.npy,0.0273643410852713,0.0014470284237726,True,212,7,-0.023164185,7
EL037,picture,LM,pH_R12,\\nasac-m2.unige.ch\m-HumanNeuronLab\ANALYSIS\FLM\Analysis_LoraFanda\01_FBM_Analysis\outputs\04_ersp_LM_RAWONLY\EL037\LM\ERSP_matrix\picture\EL037_picture_WM_ERSP_pH_R12_TN.npy,0.0589922480620155,0.0017829457364341,True,213,11,-0.0079026865,11
EL037,reading,LM,A_R10,\\nasac-m2.unige.ch\m-HumanNeuronLab\ANALYSIS\FLM\Analysis_LoraFanda\01_FBM_Analysis\outputs\04_ersp_LM_RAWONLY\EL037\LM\ERSP_matrix\reading\EL037_reading_WM_ERSP_A_R10_TN.npy,0.0315245478036175,0.0063565891472868,True,214,7,0.0615991,7
EL037,reading,LM,aH_L3,\\nasac-m2.unige.ch\m-HumanNeuronLab\ANALYSIS\FLM\Analysis_LoraFanda\01_FBM_Analysis\outputs\04_ersp_LM_RAWONLY\EL037\LM\ERSP_matrix\reading\EL037_reading_WM_ERSP_aH_L3_TN.npy,0.0224806201550387,0.0019896640826873,True,215,7,0.13685185,7
EL037,reading,LM,EntG_L11,\\nasac-m2.unige.ch\m-HumanNeuronLab\ANALYSIS\FLM\Analysis_LoraFanda\01_FBM_Analysis\outputs\04_ersp_LM_RAWONLY\EL037\LM\ERSP_matrix\reading\EL037_reading_WM_ERSP_EntG_L11_TN.npy,0.0033074935400516,0.0903359173126615,True,216,0,-0.11531936,0
EL037,reading,LM,EntG_L2,\\nasac-m2.unige.ch\m-HumanNeuronLab\ANALYSIS\FLM\Analysis_LoraFanda\01_FBM_Analysis\outputs\04_ersp_LM_RAWONLY\EL037\LM\ERSP_matrix\reading\EL037_reading_WM_ERSP_EntG_L2_TN.npy,0.0250904392764857,0.0006718346253229,True,217,7,0.04965242,7
EL037,reading,LM,EntG_L3,\\nasac-m2.unige.ch\m-HumanNeuronLab\ANALYSIS\FLM\Analysis_LoraFanda\01_FBM_Analysis\outputs\04_ersp_LM_RAWONLY\EL037\LM\ERSP_matrix\reading\EL037_reading_WM_ERSP_EntG_L3_TN.npy,0.0236950904392764,0.0004909560723514,True,218,7,0.07982671,7
EL038,audio,LM,A_L10,\\nasac-m2.unige.ch\m-HumanNeuronLab\ANALYSIS\FLM\Analysis_LoraFanda\01_FBM_Analysis\outputs\04_ersp_LM_RAWONLY\EL038\LM\ERSP_matrix\audio\EL038_audio_WM_ERSP_A_L10_TN.npy,0.0327390180878552,0.003204134366925,True,219,7,0.05316591,7
EL038,audio,LM,A_L11,\\nasac-m2.unige.ch\m-HumanNeuronLab\ANALYSIS\FLM\Analysis_LoraFanda\01_FBM_Analysis\outputs\04_ersp_LM_RAWONLY\EL038\LM\ERSP_matrix\audio\EL038_audio_WM_ERSP_A_L11_TN.npy,0.039250645994832,0.0026356589147286,True,220,7,0.07700982,7
EL038,audio,LM,A_L12,\\nasac-m2.unige.ch\m-HumanNeuronLab\ANALYSIS\FLM\Analysis_LoraFanda\01_FBM_Analysis\outputs\04_ersp_LM_RAWONLY\EL038\LM\ERSP_matrix\audio\EL038_audio_WM_ERSP_A_L12_TN.npy,0.0356330749354005,0.0053488372093023,True,221,7,0.07152618,7
EL038,audio,LM,A_L1,\\nasac-m2.unige.ch\m-HumanNeuronLab\ANALYSIS\FLM\Analysis_LoraFanda\01_FBM_Analysis\outputs\04_ersp_LM_RAWONLY\EL038\LM\ERSP_matrix\audio\EL038_audio_WM_ERSP_A_L1_TN.npy,0.0402067183462532,0.0265116279069767,True,222,0,-0.11152842,0
EL038,audio,LM,A_L2,\\nasac-m2.unige.ch\m-HumanNeuronLab\ANALYSIS\FLM\Analysis_LoraFanda\01_FBM_Analysis\outputs\04_ersp_LM_RAWONLY\EL038\LM\ERSP_matrix\audio\EL038_audio_WM_ERSP_A_L2_TN.npy,0.0442377260981912,0.0048320413436692,True,223,7,-0.03685135,7
EL038,audio,LM,A_L3,\\nasac-m2.unige.ch\m-HumanNeuronLab\ANALYSIS\FLM\Analysis_LoraFanda\01_FBM_Analysis\outputs\04_ersp_LM_RAWONLY\EL038\LM\ERSP_matrix\audio\EL038_audio_WM_ERSP_A_L3_TN.npy,0.0200775193798449,0.003953488372093,True,224,6,0.10068479,6
EL038,audio,LM,A_L8,\\nasac-m2.unige.ch\m-HumanNeuronLab\ANALYSIS\FLM\Analysis_LoraFanda\01_FBM_Analysis\outputs\04_ersp_LM_RAWONLY\EL038\LM\ERSP_matrix\audio\EL038_audio_WM_ERSP_A_L8_TN.npy,0.0381653746770025,0.0024289405684754,True,225,7,0.060612567,7
EL038,audio,LM,A_L9,\\nasac-m2.unige.ch\m-HumanNeuronLab\ANALYSIS\FLM\Analysis_LoraFanda\01_FBM_Analysis\outputs\04_ersp_LM_RAWONLY\EL038\LM\ERSP_matrix\audio\EL038_audio_WM_ERSP_A_L9_TN.npy,0.0268733850129198,0.0040568475452196,True,226,7,0.05364617,7
EL038,audio,LM,aH_L10,\\nasac-m2.unige.ch\m-HumanNeuronLab\ANALYSIS\FLM\Analysis_LoraFanda\01_FBM_Analysis\outputs\04_ersp_LM_RAWONLY\EL038\LM\ERSP_matrix\audio\EL038_audio_WM_ERSP_aH_L10_TN.npy,0.0224031007751937,0.0051162790697674,True,227,6,0.02513185,6
EL038,audio,LM,aH_L11,\\nasac-m2.unige.ch\m-HumanNeuronLab\ANALYSIS\FLM\Analysis_LoraFanda\01_FBM_Analysis\outputs\04_ersp_LM_RAWONLY\EL038\LM\ERSP_matrix\audio\EL038_audio_WM_ERSP_aH_L11_TN.npy,0.0347286821705426,0.0020930232558139,True,228,6,-0.06589321,6
EL038,audio,LM,aH_L12,\\nasac-m2.unige.ch\m-HumanNeuronLab\ANALYSIS\FLM\Analysis_LoraFanda\01_FBM_Analysis\outputs\04_ersp_LM_RAWONLY\EL038\LM\ERSP_matrix\audio\EL038_audio_WM_ERSP_aH_L12_TN.npy,0.0248320413436692,0.0031524547803617,True,229,6,-0.068524435,6
EL038,audio,LM,aH_L13,\\nasac-m2.unige.ch\m-HumanNeuronLab\ANALYSIS\FLM\Analysis_LoraFanda\01_FBM_Analysis\outputs\04_ersp_LM_RAWONLY\EL038\LM\ERSP_matrix\audio\EL038_audio_WM_ERSP_aH_L13_TN.npy,0.026640826873385,0.0028940568475452,True,230,6,-0.09137488,6
EL038,audio,LM,aH_L1,\\nasac-m2.unige.ch\m-HumanNeuronLab\ANALYSIS\FLM\Analysis_LoraFanda\01_FBM_Analysis\outputs\04_ersp_LM_RAWONLY\EL038\LM\ERSP_matrix\audio\EL038_audio_WM_ERSP_aH_L1_TN.npy,0.0340568475452196,0.0166149870801033,True,231,7,0.009455722,7
EL038,audio,LM,aH_L2,\\nasac-m2.unige.ch\m-HumanNeuronLab\ANALYSIS\FLM\Analysis_LoraFanda\01_FBM_Analysis\outputs\04_ersp_LM_RAWONLY\EL038\LM\ERSP_matrix\audio\EL038_audio_WM_ERSP_aH_L2_TN.npy,0.0263307493540051,0.0033333333333333,True,232,11,-0.051832743,11
EL038,audio,LM,aH_L4,\\nasac-m2.unige.ch\m-HumanNeuronLab\ANALYSIS\FLM\Analysis_LoraFanda\01_FBM_Analysis\outputs\04_ersp_LM_RAWONLY\EL038\LM\ERSP_matrix\audio\EL038_audio_WM_ERSP_aH_L4_TN.npy,0.0270284237726098,0.0036950904392764,True,233,7,0.10227555,7
EL038,audio,LM,aH_L5,\\nasac-m2.unige.ch\m-HumanNeuronLab\ANALYSIS\FLM\Analysis_LoraFanda\01_FBM_Analysis\outputs\04_ersp_LM_RAWONLY\EL038\LM\ERSP_matrix\audio\EL038_audio_WM_ERSP_aH_L5_TN.npy,0.0244186046511627,0.002532299741602,True,234,11,0.04781242,11
EL038,audio,LM,aH_L6,\\nasac-m2.unige.ch\m-HumanNeuronLab\ANALYSIS\FLM\Analysis_LoraFanda\01_FBM_Analysis\outputs\04_ersp_LM_RAWONLY\EL038\LM\ERSP_matrix\audio\EL038_audio_WM_ERSP_aH_L6_TN.npy,0.023204134366925,0.0041602067183462,True,235,6,0.053615756,6
EL038,audio,LM,aH_L7,\\nasac-m2.unige.ch\m-HumanNeuronLab\ANALYSIS\FLM\Analysis_LoraFanda\01_FBM_Analysis\outputs\04_ersp_LM_RAWONLY\EL038\LM\ERSP_matrix\audio\EL038_audio_WM_ERSP_aH_L7_TN.npy,0.0275968992248062,0.0027648578811369,True,236,6,0.021070823,6
EL038,audio,LM,aH_L8,\\nasac-m2.unige.ch\m-HumanNeuronLab\ANALYSIS\FLM\Analysis_LoraFanda\01_FBM_Analysis\outputs\04_ersp_LM_RAWONLY\EL038\LM\ERSP_matrix\audio\EL038_audio_WM_ERSP_aH_L8_TN.npy,0.0399483204134366,0.0029715762273901,True,237,7,0.06585452,7
EL038,audio,LM,aH_L9,\\nasac-m2.unige.ch\m-HumanNeuronLab\ANALYSIS\FLM\Analysis_LoraFanda\01_FBM_Analysis\outputs\04_ersp_LM_RAWONLY\EL038\LM\ERSP_matrix\audio\EL038_audio_WM_ERSP_aH_L9_TN.npy,0.0337467700258397,0.0033074935400516,True,238,7,0.07599951,7
EL038,audio,LM,aI_R10,\\nasac-m2.unige.ch\m-HumanNeuronLab\ANALYSIS\FLM\Analysis_LoraFanda\01_FBM_Analysis\outputs\04_ersp_LM_RAWONLY\EL038\LM\ERSP_matrix\audio\EL038_audio_WM_ERSP_aI_R10_TN.npy,0.0403100775193798,0.0038501291989664,True,239,6,-0.03614327,6
EL038,audio,LM,aI_R11,\\nasac-m2.unige.ch\m-HumanNeuronLab\ANALYSIS\FLM\Analysis_LoraFanda\01_FBM_Analysis\outputs\04_ersp_LM_RAWONLY\EL038\LM\ERSP_matrix\audio\EL038_audio_WM_ERSP_aI_R11_TN.npy,0.0387855297157622,0.0042118863049095,True,240,6,-0.021336881,6
EL038,audio,LM,aI_R14,\\nasac-m2.unige.ch\m-HumanNeuronLab\ANALYSIS\FLM\Analysis_LoraFanda\01_FBM_Analysis\outputs\04_ersp_LM_RAWONLY\EL038\LM\ERSP_matrix\audio\EL038_audio_WM_ERSP_aI_R14_TN.npy,0.0238501291989664,0.0025581395348837,True,241,6,0.025879765,6
EL038,audio,LM,aI_R3,\\nasac-m2.unige.ch\m-HumanNeuronLab\ANALYSIS\FLM\Analysis_LoraFanda\01_FBM_Analysis\outputs\04_ersp_LM_RAWONLY\EL038\LM\ERSP_matrix\audio\EL038_audio_WM_ERSP_aI_R3_TN.npy,0.0259431524547803,0.0024031007751937,True,242,6,-0.022170128,6
EL038,audio,LM,aI_R4,\\nasac-m2.unige.ch\m-HumanNeuronLab\ANALYSIS\FLM\Analysis_LoraFanda\01_FBM_Analysis\outputs\04_ersp_LM_RAWONLY\EL038\LM\ERSP_matrix\audio\EL038_audio_WM_ERSP_aI_R4_TN.npy,0.0479328165374677,0.0020155038759689,True,243,6,-0.021306945,6
EL038,audio,LM,aI_R7,\\nasac-m2.unige.ch\m-HumanNeuronLab\ANALYSIS\FLM\Analysis_LoraFanda\01_FBM_Analysis\outputs\04_ersp_LM_RAWONLY\EL038\LM\ERSP_matrix\audio\EL038_audio_WM_ERSP_aI_R7_TN.npy,0.0578811369509043,0.0044961240310077,True,244,11,-0.06979792,11
EL038,audio,LM,aI_R8,\\nasac-m2.unige.ch\m-HumanNeuronLab\ANALYSIS\FLM\Analysis_LoraFanda\01_FBM_Analysis\outputs\04_ersp_LM_RAWONLY\EL038\LM\ERSP_matrix\audio\EL038_audio_WM_ERSP_aI_R8_TN.npy,0.0310852713178294,0.008501291989664,True,245,11,0.02766322,11
EL038,audio,LM,aI_R9,\\nasac-m2.unige.ch\m-HumanNeuronLab\ANALYSIS\FLM\Analysis_LoraFanda\01_FBM_Analysis\outputs\04_ersp_LM_RAWONLY\EL038\LM\ERSP_matrix\audio\EL038_audio_WM_ERSP_aI_R9_TN.npy,0.0273901808785529,0.0028682170542635,True,246,6,0.07949142,6
EL038,audio,LM,ITG_R2,\\nasac-m2.unige.ch\m-HumanNeuronLab\ANALYSIS\FLM\Analysis_LoraFanda\01_FBM_Analysis\outputs\04_ersp_LM_RAWONLY\EL038\LM\ERSP_matrix\audio\EL038_audio_WM_ERSP_ITG_R2_TN.npy,0.023204134366925,0.0044444444444444,True,247,6,0.057897672,6
EL038,audio,LM,ITG_R3,\\nasac-m2.unige.ch\m-HumanNeuronLab\ANALYSIS\FLM\Analysis_LoraFanda\01_FBM_Analysis\outputs\04_ersp_LM_RAWONLY\EL038\LM\ERSP_matrix\audio\EL038_audio_WM_ERSP_ITG_R3_TN.npy,0.0228940568475452,0.0053746770025839,True,248,6,0.047769763,6
EL038,audio,LM,ITG_R4,\\nasac-m2.unige.ch\m-HumanNeuronLab\ANALYSIS\FLM\Analysis_LoraFanda\01_FBM_Analysis\outputs\04_ersp_LM_RAWONLY\EL038\LM\ERSP_matrix\audio\EL038_audio_WM_ERSP_ITG_R4_TN.npy,0.027906976744186,0.0020930232558139,True,249,6,0.039108597,6
EL038,audio,LM,LinG_R3,\\nasac-m2.unige.ch\m-HumanNeuronLab\ANALYSIS\FLM\Analysis_LoraFanda\01_FBM_Analysis\outputs\04_ersp_LM_RAWONLY\EL038\LM\ERSP_matrix\audio\EL038_audio_WM_ERSP_LinG_R3_TN.npy,0.020671834625323,0.0053229974160206,True,250,6,0.02100331,6
EL038,audio,LM,LinG_R5,\\nasac-m2.unige.ch\m-HumanNeuronLab\ANALYSIS\FLM\Analysis_LoraFanda\01_FBM_Analysis\outputs\04_ersp_LM_RAWONLY\EL038\LM\ERSP_matrix\audio\EL038_audio_WM_ERSP_LinG_R5_TN.npy,0.0237467700258397,0.0106718346253229,True,251,6,-0.033465654,6
EL038,audio,LM,LinG_R8,\\nasac-m2.unige.ch\m-HumanNeuronLab\ANALYSIS\FLM\Analysis_LoraFanda\01_FBM_Analysis\outputs\04_ersp_LM_RAWONLY\EL038\LM\ERSP_matrix\audio\EL038_audio_WM_ERSP_LinG_R8_TN.npy,0.0207235142118863,0.0042894056847545,True,252,6,0.103734665,6
EL038,audio,LM,OF_R15,\\nasac-m2.unige.ch\m-HumanNeuronLab\ANALYSIS\FLM\Analysis_LoraFanda\01_FBM_Analysis\outputs\04_ersp_LM_RAWONLY\EL038\LM\ERSP_matrix\audio\EL038_audio_WM_ERSP_OF_R15_TN.npy,0.0261240310077519,0.0017571059431524,True,253,7,0.018820256,7
EL038,audio,LM,OF_R1,\\nasac-m2.unige.ch\m-HumanNeuronLab\ANALYSIS\FLM\Analysis_LoraFanda\01_FBM_Analysis\outputs\04_ersp_LM_RAWONLY\EL038\LM\ERSP_matrix\audio\EL038_audio_WM_ERSP_OF_R1_TN.npy,0.0211111111111111,0.003204134366925,True,254,7,-0.065393984,7
EL038,audio,LM,OF_R6,\\nasac-m2.unige.ch\m-HumanNeuronLab\ANALYSIS\FLM\Analysis_LoraFanda\01_FBM_Analysis\outputs\04_ersp_LM_RAWONLY\EL038\LM\ERSP_matrix\audio\EL038_audio_WM_ERSP_OF_R6_TN.npy,0.0284754521963824,0.0027390180878552,True,255,6,0.0041567837,6
EL038,audio,LM,OF_R8,\\nasac-m2.unige.ch\m-HumanNeuronLab\ANALYSIS\FLM\Analysis_LoraFanda\01_FBM_Analysis\outputs\04_ersp_LM_RAWONLY\EL038\LM\ERSP_matrix\audio\EL038_audio_WM_ERSP_OF_R8_TN.npy,0.0220671834625323,0.0075452196382428,True,256,11,0.02352124,11
EL038,audio,LM,OF_R9,\\nasac-m2.unige.ch\m-HumanNeuronLab\ANALYSIS\FLM\Analysis_LoraFanda\01_FBM_Analysis\outputs\04_ersp_LM_RAWONLY\EL038\LM\ERSP_matrix\audio\EL038_audio_WM_ERSP_OF_R9_TN.npy,0.0232299741602067,0.0082687338501291,True,257,11,0.052915655,11
EL038,audio,LM,pH_L10,\\nasac-m2.unige.ch\m-HumanNeuronLab\ANALYSIS\FLM\Analysis_LoraFanda\01_FBM_Analysis\outputs\04_ersp_LM_RAWONLY\EL038\LM\ERSP_matrix\audio\EL038_audio_WM_ERSP_pH_L10_TN.npy,0.024547803617571,0.0043927648578811,True,258,6,0.09640448,6
EL038,audio,LM,pH_L11,\\nasac-m2.unige.ch\m-HumanNeuronLab\ANALYSIS\FLM\Analysis_LoraFanda\01_FBM_Analysis\outputs\04_ersp_LM_RAWONLY\EL038\LM\ERSP_matrix\audio\EL038_audio_WM_ERSP_pH_L11_TN.npy,0.0252454780361757,0.0041602067183462,True,259,6,0.06703514,6
EL038,audio,LM,pH_L13,\\nasac-m2.unige.ch\m-HumanNeuronLab\ANALYSIS\FLM\Analysis_LoraFanda\01_FBM_Analysis\outputs\04_ersp_LM_RAWONLY\EL038\LM\ERSP_matrix\audio\EL038_audio_WM_ERSP_pH_L13_TN.npy,0.0353488372093023,0.0085529715762273,True,260,11,0.08833291,11
EL038,audio,LM,pH_L1,\\nasac-m2.unige.ch\m-HumanNeuronLab\ANALYSIS\FLM\Analysis_LoraFanda\01_FBM_Analysis\outputs\04_ersp_LM_RAWONLY\EL038\LM\ERSP_matrix\audio\EL038_audio_WM_ERSP_pH_L1_TN.npy,0.0298191214470284,0.0030749354005167,True,261,6,-0.0033949993,6
EL038,audio,LM,pH_L2,\\nasac-m2.unige.ch\m-HumanNeuronLab\ANALYSIS\FLM\Analysis_LoraFanda\01_FBM_Analysis\outputs\04_ersp_LM_RAWONLY\EL038\LM\ERSP_matrix\audio\EL038_audio_WM_ERSP_pH_L2_TN.npy,0.0249354005167958,0.0040568475452196,True,262,6,0.04531544,6
EL038,audio,LM,pH_L3,\\nasac-m2.unige.ch\m-HumanNeuronLab\ANALYSIS\FLM\Analysis_LoraFanda\01_FBM_Analysis\outputs\04_ersp_LM_RAWONLY\EL038\LM\ERSP_matrix\audio\EL038_audio_WM_ERSP_pH_L3_TN.npy,0.0219896640826873,0.0024031007751937,True,263,6,0.047953226,6
EL038,audio,LM,pH_L4,\\nasac-m2.unige.ch\m-HumanNeuronLab\ANALYSIS\FLM\Analysis_LoraFanda\01_FBM_Analysis\outputs\04_ersp_LM_RAWONLY\EL038\LM\ERSP_matrix\audio\EL038_audio_WM_ERSP_pH_L4_TN.npy,0.0249095607235142,0.0031007751937984,True,264,11,-0.016283855,11
EL038,audio,LM,pH_L9,\\nasac-m2.unige.ch\m-HumanNeuronLab\ANALYSIS\FLM\Analysis_LoraFanda\01_FBM_Analysis\outputs\04_ersp_LM_RAWONLY\EL038\LM\ERSP_matrix\audio\EL038_audio_WM_ERSP_pH_L9_TN.npy,0.0297157622739018,0.0042377260981912,True,265,6,-0.020775575,6
EL038,audio,LM,pH_R6,\\nasac-m2.unige.ch\m-HumanNeuronLab\ANALYSIS\FLM\Analysis_LoraFanda\01_FBM_Analysis\outputs\04_ersp_LM_RAWONLY\EL038\LM\ERSP_matrix\audio\EL038_audio_WM_ERSP_pH_R6_TN.npy,0.0243927648578811,0.0047803617571059,True,266,11,0.021749735,11
EL038,picture,LM,A_L1,\\nasac-m2.unige.ch\m-HumanNeuronLab\ANALYSIS\FLM\Analysis_LoraFanda\01_FBM_Analysis\outputs\04_ersp_LM_RAWONLY\EL038\LM\ERSP_matrix\picture\EL038_picture_WM_ERSP_A_L1_TN.npy,0.1495090439276485,0.0010852713178294,True,267,11,-0.023507807,11
EL038,picture,LM,A_L8,\\nasac-m2.unige.ch\m-HumanNeuronLab\ANALYSIS\FLM\Analysis_LoraFanda\01_FBM_Analysis\outputs\04_ersp_LM_RAWONLY\EL038\LM\ERSP_matrix\picture\EL038_picture_WM_ERSP_A_L8_TN.npy,0.029250645994832,0.0001808785529715,True,268,11,0.006483095,11
EL038,picture,LM,aH_L4,\\nasac-m2.unige.ch\m-HumanNeuronLab\ANALYSIS\FLM\Analysis_LoraFanda\01_FBM_Analysis\outputs\04_ersp_LM_RAWONLY\EL038\LM\ERSP_matrix\picture\EL038_picture_WM_ERSP_aH_L4_TN.npy,0.022609819121447,0.0001291989664082,True,269,7,0.15740193,7
EL038,picture,LM,aH_L6,\\nasac-m2.unige.ch\m-HumanNeuronLab\ANALYSIS\FLM\Analysis_LoraFanda\01_FBM_Analysis\outputs\04_ersp_LM_RAWONLY\EL038\LM\ERSP_matrix\picture\EL038_picture_WM_ERSP_aH_L6_TN.npy,0.0393540051679586,0.0047286821705426,True,270,11,0.037225425,11
EL038,picture,LM,aH_L7,\\nasac-m2.unige.ch\m-HumanNeuronLab\ANALYSIS\FLM\Analysis_LoraFanda\01_FBM_Analysis\outputs\04_ersp_LM_RAWONLY\EL038\LM\ERSP_matrix\picture\EL038_picture_WM_ERSP_aH_L7_TN.npy,0.0257364341085271,0.0019638242894056,True,271,11,0.08858684,11
EL038,picture,LM,aH_L8,\\nasac-m2.unige.ch\m-HumanNeuronLab\ANALYSIS\FLM\Analysis_LoraFanda\01_FBM_Analysis\outputs\04_ersp_LM_RAWONLY\EL038\LM\ERSP_matrix\picture\EL038_picture_WM_ERSP_aH_L8_TN.npy,0.0233333333333333,0.0004134366925064,True,272,11,0.11937792,11
EL038,picture,LM,aI_R10,\\nasac-m2.unige.ch\m-HumanNeuronLab\ANALYSIS\FLM\Analysis_LoraFanda\01_FBM_Analysis\outputs\04_ersp_LM_RAWONLY\EL038\LM\ERSP_matrix\picture\EL038_picture_WM_ERSP_aI_R10_TN.npy,0.0293798449612403,0.0015762273901808,True,273,11,0.09499634,11
EL038,picture,LM,aI_R11,\\nasac-m2.unige.ch\m-HumanNeuronLab\ANALYSIS\FLM\Analysis_LoraFanda\01_FBM_Analysis\outputs\04_ersp_LM_RAWONLY\EL038\LM\ERSP_matrix\picture\EL038_picture_WM_ERSP_aI_R11_TN.npy,0.0206459948320413,0.0019121447028423,True,274,11,0.0015632106,11
EL038,picture,LM,aI_R4,\\nasac-m2.unige.ch\m-HumanNeuronLab\ANALYSIS\FLM\Analysis_LoraFanda\01_FBM_Analysis\outputs\04_ersp_LM_RAWONLY\EL038\LM\ERSP_matrix\picture\EL038_picture_WM_ERSP_aI_R4_TN.npy,0.0293540051679586,0.0019896640826873,True,275,11,0.039545212,11
EL038,picture,LM,aI_R7,\\nasac-m2.unige.ch\m-HumanNeuronLab\ANALYSIS\FLM\Analysis_LoraFanda\01_FBM_Analysis\outputs\04_ersp_LM_RAWONLY\EL038\LM\ERSP_matrix\picture\EL038_picture_WM_ERSP_aI_R7_TN.npy,0.0406201550387596,0.0063565891472868,True,276,11,0.04402627,11
EL038,picture,LM,aI_R8,\\nasac-m2.unige.ch\m-HumanNeuronLab\ANALYSIS\FLM\Analysis_LoraFanda\01_FBM_Analysis\outputs\04_ersp_LM_RAWONLY\EL038\LM\ERSP_matrix\picture\EL038_picture_WM_ERSP_aI_R8_TN.npy,0.0514211886304909,0.011860465116279,True,277,11,0.11251195,11
EL038,picture,LM,LinG_R7,\\nasac-m2.unige.ch\m-HumanNeuronLab\ANALYSIS\FLM\Analysis_LoraFanda\01_FBM_Analysis\outputs\04_ersp_LM_RAWONLY\EL038\LM\ERSP_matrix\picture\EL038_picture_WM_ERSP_LinG_R7_TN.npy,0.0213953488372093,0.0298966408268733,True,278,11,-0.0037677577,11
EL038,picture,LM,OF_R16,\\nasac-m2.unige.ch\m-HumanNeuronLab\ANALYSIS\FLM\Analysis_LoraFanda\01_FBM_Analysis\outputs\04_ersp_LM_RAWONLY\EL038\LM\ERSP_matrix\picture\EL038_picture_WM_ERSP_OF_R16_TN.npy,0.0222739018087855,0.0016020671834625,True,279,11,0.07976925,11
EL038,picture,LM,OF_R6,\\nasac-m2.unige.ch\m-HumanNeuronLab\ANALYSIS\FLM\Analysis_LoraFanda\01_FBM_Analysis\outputs\04_ersp_LM_RAWONLY\EL038\LM\ERSP_matrix\picture\EL038_picture_WM_ERSP_OF_R6_TN.npy,0.038578811369509,0.0026356589147286,True,280,11,-0.0065613184,11
EL038,picture,LM,OF_R7,\\nasac-m2.unige.ch\m-HumanNeuronLab\ANALYSIS\FLM\Analysis_LoraFanda\01_FBM_Analysis\outputs\04_ersp_LM_RAWONLY\EL038\LM\ERSP_matrix\picture\EL038_picture_WM_ERSP_OF_R7_TN.npy,0.0384754521963824,0.0054780361757105,True,281,11,0.043937255,11
EL038,picture,LM,OF_R8,\\nasac-m2.unige.ch\m-HumanNeuronLab\ANALYSIS\FLM\Analysis_LoraFanda\01_FBM_Analysis\outputs\04_ersp_LM_RAWONLY\EL038\LM\ERSP_matrix\picture\EL038_picture_WM_ERSP_OF_R8_TN.npy,0.0280878552971576,0.0070542635658914,True,282,11,0.12052898,11
EL038,picture,LM,OF_R9,\\nasac-m2.unige.ch\m-HumanNeuronLab\ANALYSIS\FLM\Analysis_LoraFanda\01_FBM_Analysis\outputs\04_ersp_LM_RAWONLY\EL038\LM\ERSP_matrix\picture\EL038_picture_WM_ERSP_OF_R9_TN.npy,0.0260981912144702,0.0072868217054263,True,283,11,0.12359817,11
EL038,reading,LM,A_L1,\\nasac-m2.unige.ch\m-HumanNeuronLab\ANALYSIS\FLM\Analysis_LoraFanda\01_FBM_Analysis\outputs\04_ersp_LM_RAWONLY\EL038\LM\ERSP_matrix\reading\EL038_reading_WM_ERSP_A_L1_TN.npy,0.0951679586563307,0.0084496124031007,True,284,5,0.06907973,5
EL038,reading,LM,aH_L1,\\nasac-m2.unige.ch\m-HumanNeuronLab\ANALYSIS\FLM\Analysis_LoraFanda\01_FBM_Analysis\outputs\04_ersp_LM_RAWONLY\EL038\LM\ERSP_matrix\reading\EL038_reading_WM_ERSP_aH_L1_TN.npy,0.0102067183462532,0.0638242894056847,True,285,0,0.09504903,0
EL038,reading,LM,aI_R7,\\nasac-m2.unige.ch\m-HumanNeuronLab\ANALYSIS\FLM\Analysis_LoraFanda\01_FBM_Analysis\outputs\04_ersp_LM_RAWONLY\EL038\LM\ERSP_matrix\reading\EL038_reading_WM_ERSP_aI_R7_TN.npy,0.0242894056847545,0.0115245478036175,True,286,11,0.100559324,11
EL038,reading,LM,aI_R8,\\nasac-m2.unige.ch\m-HumanNeuronLab\ANALYSIS\FLM\Analysis_LoraFanda\01_FBM_Analysis\outputs\04_ersp_LM_RAWONLY\EL038\LM\ERSP_matrix\reading\EL038_reading_WM_ERSP_aI_R8_TN.npy,0.0265116279069767,0.0167700258397932,True,287,11,0.15014276,11
EL040,audio,LM,aH_L11,\\nasac-m2.unige.ch\m-HumanNeuronLab\ANALYSIS\FLM\Analysis_LoraFanda\01_FBM_Analysis\outputs\04_ersp_LM_RAWONLY\EL040\LM\ERSP_matrix\audio\EL040_audio_WM_ERSP_aH_L11_TN.npy,0.0871059431524547,0.0004392764857881,True,288,2,-0.010626294,2
EL040,audio,LM,aH_L12,\\nasac-m2.unige.ch\m-HumanNeuronLab\ANALYSIS\FLM\Analysis_LoraFanda\01_FBM_Analysis\outputs\04_ersp_LM_RAWONLY\EL040\LM\ERSP_matrix\audio\EL040_audio_WM_ERSP_aH_L12_TN.npy,0.1039793281653746,0.0010594315245478,True,289,2,0.027065052,2
EL040,audio,LM,aH_L7,\\nasac-m2.unige.ch\m-HumanNeuronLab\ANALYSIS\FLM\Analysis_LoraFanda\01_FBM_Analysis\outputs\04_ersp_LM_RAWONLY\EL040\LM\ERSP_matrix\audio\EL040_audio_WM_ERSP_aH_L7_TN.npy,0.0333074935400516,0.0004392764857881,True,290,7,-0.05533974,7
EL040,audio,LM,aH_L8,\\nasac-m2.unige.ch\m-HumanNeuronLab\ANALYSIS\FLM\Analysis_LoraFanda\01_FBM_Analysis\outputs\04_ersp_LM_RAWONLY\EL040\LM\ERSP_matrix\audio\EL040_audio_WM_ERSP_aH_L8_TN.npy,0.0321188630490956,0.0002583979328165,True,291,7,-0.016032616,7
EL040,audio,LM,aH_L9,\\nasac-m2.unige.ch\m-HumanNeuronLab\ANALYSIS\FLM\Analysis_LoraFanda\01_FBM_Analysis\outputs\04_ersp_LM_RAWONLY\EL040\LM\ERSP_matrix\audio\EL040_audio_WM_ERSP_aH_L9_TN.npy,0.0455297157622739,0.0003617571059431,True,292,7,0.027879184,7
EL040,audio,LM,aH_R13,\\nasac-m2.unige.ch\m-HumanNeuronLab\ANALYSIS\FLM\Analysis_LoraFanda\01_FBM_Analysis\outputs\04_ersp_LM_RAWONLY\EL040\LM\ERSP_matrix\audio\EL040_audio_WM_ERSP_aH_R13_TN.npy,0.0482428940568475,0.0082945736434108,True,293,2,0.040037163,2
EL040,audio,LM,aH_R6,\\nasac-m2.unige.ch\m-HumanNeuronLab\ANALYSIS\FLM\Analysis_LoraFanda\01_FBM_Analysis\outputs\04_ersp_LM_RAWONLY\EL040\LM\ERSP_matrix\audio\EL040_audio_WM_ERSP_aH_R6_TN.npy,0.0225064599483204,0.0004909560723514,True,294,11,0.10244031,11
EL040,audio,LM,aH_R7,\\nasac-m2.unige.ch\m-HumanNeuronLab\ANALYSIS\FLM\Analysis_LoraFanda\01_FBM_Analysis\outputs\04_ersp_LM_RAWONLY\EL040\LM\ERSP_matrix\audio\EL040_audio_WM_ERSP_aH_R7_TN.npy,0.0244961240310077,0.0008010335917312,True,295,11,0.08861836,11
EL040,audio,LM,FP_R1,\\nasac-m2.unige.ch\m-HumanNeuronLab\ANALYSIS\FLM\Analysis_LoraFanda\01_FBM_Analysis\outputs\04_ersp_LM_RAWONLY\EL040\LM\ERSP_matrix\audio\EL040_audio_WM_ERSP_FP_R1_TN.npy,0.0231782945736434,0.0025581395348837,True,296,7,0.07589154,7
EL040,audio,LM,iNH_R17,\\nasac-m2.unige.ch\m-HumanNeuronLab\ANALYSIS\FLM\Analysis_LoraFanda\01_FBM_Analysis\outputs\04_ersp_LM_RAWONLY\EL040\LM\ERSP_matrix\audio\EL040_audio_WM_ERSP_iNH_R17_TN.npy,0.0209302325581395,0.0004651162790697,True,297,11,0.036279295,11
EL040,audio,LM,iNH_R18,\\nasac-m2.unige.ch\m-HumanNeuronLab\ANALYSIS\FLM\Analysis_LoraFanda\01_FBM_Analysis\outputs\04_ersp_LM_RAWONLY\EL040\LM\ERSP_matrix\audio\EL040_audio_WM_ERSP_iNH_R18_TN.npy,0.0455038759689922,0.0003617571059431,True,298,11,-0.086457215,11
EL040,audio,LM,OF_R1,\\nasac-m2.unige.ch\m-HumanNeuronLab\ANALYSIS\FLM\Analysis_LoraFanda\01_FBM_Analysis\outputs\04_ersp_LM_RAWONLY\EL040\LM\ERSP_matrix\audio\EL040_audio_WM_ERSP_OF_R1_TN.npy,0.0207235142118863,0.0006976744186046,True,299,7,0.031290494,7
EL040,audio,LM,pH_R11,\\nasac-m2.unige.ch\m-HumanNeuronLab\ANALYSIS\FLM\Analysis_LoraFanda\01_FBM_Analysis\outputs\04_ersp_LM_RAWONLY\EL040\LM\ERSP_matrix\audio\EL040_audio_WM_ERSP_pH_R11_TN.npy,0.0296382428940568,0.0004134366925064,True,300,7,0.03233132,7
EL040,audio,LM,pH_R12,\\nasac-m2.unige.ch\m-HumanNeuronLab\ANALYSIS\FLM\Analysis_LoraFanda\01_FBM_Analysis\outputs\04_ersp_LM_RAWONLY\EL040\LM\ERSP_matrix\audio\EL040_audio_WM_ERSP_pH_R12_TN.npy,0.0520155038759689,0.0009302325581395,True,301,7,-0.08105583,7
EL040,audio,LM,pH_R13,\\nasac-m2.unige.ch\m-HumanNeuronLab\ANALYSIS\FLM\Analysis_LoraFanda\01_FBM_Analysis\outputs\04_ersp_LM_RAWONLY\EL040\LM\ERSP_matrix\audio\EL040_audio_WM_ERSP_pH_R13_TN.npy,0.1127390180878553,0.0002067183462532,True,302,7,-0.16248025,7
EL040,audio,LM,pH_R14,\\nasac-m2.unige.ch\m-HumanNeuronLab\ANALYSIS\FLM\Analysis_LoraFanda\01_FBM_Analysis\outputs\04_ersp_LM_RAWONLY\EL040\LM\ERSP_matrix\audio\EL040_audio_WM_ERSP_pH_R14_TN.npy,0.2061240310077519,0.0034883720930232,True,303,3,-0.009011627,3
EL040,audio,LM,PHG_R12,\\nasac-m2.unige.ch\m-HumanNeuronLab\ANALYSIS\FLM\Analysis_LoraFanda\01_FBM_Analysis\outputs\04_ersp_LM_RAWONLY\EL040\LM\ERSP_matrix\audio\EL040_audio_WM_ERSP_PHG_R12_TN.npy,0.0290697674418604,0.0019638242894056,True,304,2,-0.014612566,2
EL040,audio,LM,pPVH_L16,\\nasac-m2.unige.ch\m-HumanNeuronLab\ANALYSIS\FLM\Analysis_LoraFanda\01_FBM_Analysis\outputs\04_ersp_LM_RAWONLY\EL040\LM\ERSP_matrix\audio\EL040_audio_WM_ERSP_pPVH_L16_TN.npy,0.0539276485788113,0.0006201550387596,True,305,11,0.0020248333,11
EL040,audio,LM,STG_R10,\\nasac-m2.unige.ch\m-HumanNeuronLab\ANALYSIS\FLM\Analysis_LoraFanda\01_FBM_Analysis\outputs\04_ersp_LM_RAWONLY\EL040\LM\ERSP_matrix\audio\EL040_audio_WM_ERSP_STG_R10_TN.npy,0.0774935400516795,0.0011369509043927,True,306,11,-0.049163334,11
EL040,audio,LM,STG_R3,\\nasac-m2.unige.ch\m-HumanNeuronLab\ANALYSIS\FLM\Analysis_LoraFanda\01_FBM_Analysis\outputs\04_ersp_LM_RAWONLY\EL040\LM\ERSP_matrix\audio\EL040_audio_WM_ERSP_STG_R3_TN.npy,0.0490180878552971,0.0003100775193798,True,307,10,0.1535961,10
EL040,audio,LM,STG_R4,\\nasac-m2.unige.ch\m-HumanNeuronLab\ANALYSIS\FLM\Analysis_LoraFanda\01_FBM_Analysis\outputs\04_ersp_LM_RAWONLY\EL040\LM\ERSP_matrix\audio\EL040_audio_WM_ERSP_STG_R4_TN.npy,0.0440051679586563,0.0001291989664082,True,308,10,0.14937995,10
EL040,audio,LM,STG_R5,\\nasac-m2.unige.ch\m-HumanNeuronLab\ANALYSIS\FLM\Analysis_LoraFanda\01_FBM_Analysis\outputs\04_ersp_LM_RAWONLY\EL040\LM\ERSP_matrix\audio\EL040_audio_WM_ERSP_STG_R5_TN.npy,0.0381395348837209,0.0005426356589147,True,309,10,0.12424492,10
EL040,audio,LM,STG_R6,\\nasac-m2.unige.ch\m-HumanNeuronLab\ANALYSIS\FLM\Analysis_LoraFanda\01_FBM_Analysis\outputs\04_ersp_LM_RAWONLY\EL040\LM\ERSP_matrix\audio\EL040_audio_WM_ERSP_STG_R6_TN.npy,0.0322480620155038,0.0005426356589147,True,310,10,0.097532995,10
EL040,audio,LM,STG_R7,\\nasac-m2.unige.ch\m-HumanNeuronLab\ANALYSIS\FLM\Analysis_LoraFanda\01_FBM_Analysis\outputs\04_ersp_LM_RAWONLY\EL040\LM\ERSP_matrix\audio\EL040_audio_WM_ERSP_STG_R7_TN.npy,0.0295348837209302,0.0006976744186046,True,311,10,0.0983871,10
EL040,picture,LM,aH_L11,\\nasac-m2.unige.ch\m-HumanNeuronLab\ANALYSIS\FLM\Analysis_LoraFanda\01_FBM_Analysis\outputs\04_ersp_LM_RAWONLY\EL040\LM\ERSP_matrix\picture\EL040_picture_WM_ERSP_aH_L11_TN.npy,0.0977002583979328,0.0004392764857881,True,312,2,0.005120551,2
EL040,picture,LM,aH_L12,\\nasac-m2.unige.ch\m-HumanNeuronLab\ANALYSIS\FLM\Analysis_LoraFanda\01_FBM_Analysis\outputs\04_ersp_LM_RAWONLY\EL040\LM\ERSP_matrix\picture\EL040_picture_WM_ERSP_aH_L12_TN.npy,0.1312919896640826,0.0008785529715762,True,313,2,0.033713605,2
EL040,picture,LM,aH_L7,\\nasac-m2.unige.ch\m-HumanNeuronLab\ANALYSIS\FLM\Analysis_LoraFanda\01_FBM_Analysis\outputs\04_ersp_LM_RAWONLY\EL040\LM\ERSP_matrix\picture\EL040_picture_WM_ERSP_aH_L7_TN.npy,0.0229457364341085,0.0003617571059431,True,314,7,0.009419972,7
EL040,picture,LM,aH_L8,\\nasac-m2.unige.ch\m-HumanNeuronLab\ANALYSIS\FLM\Analysis_LoraFanda\01_FBM_Analysis\outputs\04_ersp_LM_RAWONLY\EL040\LM\ERSP_matrix\picture\EL040_picture_WM_ERSP_aH_L8_TN.npy,0.0272868217054263,0.0002583979328165,True,315,7,0.07280104,7
EL040,picture,LM,aH_L9,\\nasac-m2.unige.ch\m-HumanNeuronLab\ANALYSIS\FLM\Analysis_LoraFanda\01_FBM_Analysis\outputs\04_ersp_LM_RAWONLY\EL040\LM\ERSP_matrix\picture\EL040_picture_WM_ERSP_aH_L9_TN.npy,0.0402842377260981,0.0008527131782945,True,316,7,0.086663455,7
EL040,picture,LM,aH_R12,\\nasac-m2.unige.ch\m-HumanNeuronLab\ANALYSIS\FLM\Analysis_LoraFanda\01_FBM_Analysis\outputs\04_ersp_LM_RAWONLY\EL040\LM\ERSP_matrix\picture\EL040_picture_WM_ERSP_aH_R12_TN.npy,0.033875968992248,0.0001550387596899,True,317,2,-0.054605607,2
EL040,picture,LM,aH_R13,\\nasac-m2.unige.ch\m-HumanNeuronLab\ANALYSIS\FLM\Analysis_LoraFanda\01_FBM_Analysis\outputs\04_ersp_LM_RAWONLY\EL040\LM\ERSP_matrix\picture\EL040_picture_WM_ERSP_aH_R13_TN.npy,0.0731782945736434,0.0013953488372093,True,318,2,0.021764664,2
EL040,picture,LM,FP_R1,\\nasac-m2.unige.ch\m-HumanNeuronLab\ANALYSIS\FLM\Analysis_LoraFanda\01_FBM_Analysis\outputs\04_ersp_LM_RAWONLY\EL040\LM\ERSP_matrix\picture\EL040_picture_WM_ERSP_FP_R1_TN.npy,0.0216020671834625,0.0011111111111111,True,319,7,0.11856801,7
EL040,picture,LM,iNH_R17,\\nasac-m2.unige.ch\m-HumanNeuronLab\ANALYSIS\FLM\Analysis_LoraFanda\01_FBM_Analysis\outputs\04_ersp_LM_RAWONLY\EL040\LM\ERSP_matrix\picture\EL040_picture_WM_ERSP_iNH_R17_TN.npy,0.054625322997416,0.0007493540051679,True,320,11,-0.0026423135,11
EL040,picture,LM,iNH_R18,\\nasac-m2.unige.ch\m-HumanNeuronLab\ANALYSIS\FLM\Analysis_LoraFanda\01_FBM_Analysis\outputs\04_ersp_LM_RAWONLY\EL040\LM\ERSP_matrix\picture\EL040_picture_WM_ERSP_iNH_R18_TN.npy,0.0743669250645994,0.0017054263565891,True,321,11,-0.054388657,11
EL040,picture,LM,iPVH_R2,\\nasac-m2.unige.ch\m-HumanNeuronLab\ANALYSIS\FLM\Analysis_LoraFanda\01_FBM_Analysis\outputs\04_ersp_LM_RAWONLY\EL040\LM\ERSP_matrix\picture\EL040_picture_WM_ERSP_iPVH_R2_TN.npy,0.0210594315245478,0.0003875968992248,True,322,7,-0.033547144,7
EL040,picture,LM,pH_R12,\\nasac-m2.unige.ch\m-HumanNeuronLab\ANALYSIS\FLM\Analysis_LoraFanda\01_FBM_Analysis\outputs\04_ersp_LM_RAWONLY\EL040\LM\ERSP_matrix\picture\EL040_picture_WM_ERSP_pH_R12_TN.npy,0.0278036175710594,0.0025839793281653,True,323,7,-0.11319956,7
EL040,picture,LM,pH_R13,\\nasac-m2.unige.ch\m-HumanNeuronLab\ANALYSIS\FLM\Analysis_LoraFanda\01_FBM_Analysis\outputs\04_ersp_LM_RAWONLY\EL040\LM\ERSP_matrix\picture\EL040_picture_WM_ERSP_pH_R13_TN.npy,0.0589147286821705,0.0012919896640826,True,324,7,-0.13270943,7
EL040,picture,LM,pH_R14,\\nasac-m2.unige.ch\m-HumanNeuronLab\ANALYSIS\FLM\Analysis_LoraFanda\01_FBM_Analysis\outputs\04_ersp_LM_RAWONLY\EL040\LM\ERSP_matrix\picture\EL040_picture_WM_ERSP_pH_R14_TN.npy,0.1254521963824289,0.007906976744186,True,325,2,-0.06912868,2
EL040,picture,LM,PHG_R12,\\nasac-m2.unige.ch\m-HumanNeuronLab\ANALYSIS\FLM\Analysis_LoraFanda\01_FBM_Analysis\outputs\04_ersp_LM_RAWONLY\EL040\LM\ERSP_matrix\picture\EL040_picture_WM_ERSP_PHG_R12_TN.npy,0.0331007751937984,0.0019638242894056,True,326,7,-0.12837264,7
EL040,picture,LM,pPVH_L16,\\nasac-m2.unige.ch\m-HumanNeuronLab\ANALYSIS\FLM\Analysis_LoraFanda\01_FBM_Analysis\outputs\04_ersp_LM_RAWONLY\EL040\LM\ERSP_matrix\picture\EL040_picture_WM_ERSP_pPVH_L16_TN.npy,0.0654780361757105,0.0003100775193798,True,327,5,-0.003935454,5
EL040,picture,LM,STG_R10,\\nasac-m2.unige.ch\m-HumanNeuronLab\ANALYSIS\FLM\Analysis_LoraFanda\01_FBM_Analysis\outputs\04_ersp_LM_RAWONLY\EL040\LM\ERSP_matrix\picture\EL040_picture_WM_ERSP_STG_R10_TN.npy,0.0390439276485788,0.007312661498708,True,328,5,0.08932354,5
EL040,reading,LM,A_R12,\\nasac-m2.unige.ch\m-HumanNeuronLab\ANALYSIS\FLM\Analysis_LoraFanda\01_FBM_Analysis\outputs\04_ersp_LM_RAWONLY\EL040\LM\ERSP_matrix\reading\EL040_reading_WM_ERSP_A_R12_TN.npy,0.0064599483204134,0.0475710594315245,True,329,0,0.06396205,0
EL040,reading,LM,aH_L11,\\nasac-m2.unige.ch\m-HumanNeuronLab\ANALYSIS\FLM\Analysis_LoraFanda\01_FBM_Analysis\outputs\04_ersp_LM_RAWONLY\EL040\LM\ERSP_matrix\reading\EL040_reading_WM_ERSP_aH_L11_TN.npy,0.1101291989664082,0.0008527131782945,True,330,2,0.040791977,2
EL040,reading,LM,aH_L12,\\nasac-m2.unige.ch\m-HumanNeuronLab\ANALYSIS\FLM\Analysis_LoraFanda\01_FBM_Analysis\outputs\04_ersp_LM_RAWONLY\EL040\LM\ERSP_matrix\reading\EL040_reading_WM_ERSP_aH_L12_TN.npy,0.1482170542635658,0.0008785529715762,True,331,2,0.10882394,2
EL040,reading,LM,aH_L7,\\nasac-m2.unige.ch\m-HumanNeuronLab\ANALYSIS\FLM\Analysis_LoraFanda\01_FBM_Analysis\outputs\04_ersp_LM_RAWONLY\EL040\LM\ERSP_matrix\reading\EL040_reading_WM_ERSP_aH_L7_TN.npy,0.0283204134366925,0.0003617571059431,True,332,7,0.08985628,7
EL040,reading,LM,aH_L8,\\nasac-m2.unige.ch\m-HumanNeuronLab\ANALYSIS\FLM\Analysis_LoraFanda\01_FBM_Analysis\outputs\04_ersp_LM_RAWONLY\EL040\LM\ERSP_matrix\reading\EL040_reading_WM_ERSP_aH_L8_TN.npy,0.0366925064599483,0.0004134366925064,True,333,7,0.090807475,7
EL040,reading,LM,aH_L9,\\nasac-m2.unige.ch\m-HumanNeuronLab\ANALYSIS\FLM\Analysis_LoraFanda\01_FBM_Analysis\outputs\04_ersp_LM_RAWONLY\EL040\LM\ERSP_matrix\reading\EL040_reading_WM_ERSP_aH_L9_TN.npy,0.0252454780361757,0.0003875968992248,True,334,7,0.101320155,7
EL040,reading,LM,aH_R13,\\nasac-m2.unige.ch\m-HumanNeuronLab\ANALYSIS\FLM\Analysis_LoraFanda\01_FBM_Analysis\outputs\04_ersp_LM_RAWONLY\EL040\LM\ERSP_matrix\reading\EL040_reading_WM_ERSP_aH_R13_TN.npy,0.015219638242894,0.0436950904392764,True,335,4,0.019463971,4
EL040,reading,LM,FP_R1,\\nasac-m2.unige.ch\m-HumanNeuronLab\ANALYSIS\FLM\Analysis_LoraFanda\01_FBM_Analysis\outputs\04_ersp_LM_RAWONLY\EL040\LM\ERSP_matrix\reading\EL040_reading_WM_ERSP_FP_R1_TN.npy,0.0217312661498708,0.0013436692506459,True,336,7,0.088764675,7
EL040,reading,LM,iNH_R17,\\nasac-m2.unige.ch\m-HumanNeuronLab\ANALYSIS\FLM\Analysis_LoraFanda\01_FBM_Analysis\outputs\04_ersp_LM_RAWONLY\EL040\LM\ERSP_matrix\reading\EL040_reading_WM_ERSP_iNH_R17_TN.npy,0.0289147286821705,0.0008010335917312,True,337,2,-0.112817645,2
EL040,reading,LM,iNH_R18,\\nasac-m2.unige.ch\m-HumanNeuronLab\ANALYSIS\FLM\Analysis_LoraFanda\01_FBM_Analysis\outputs\04_ersp_LM_RAWONLY\EL040\LM\ERSP_matrix\reading\EL040_reading_WM_ERSP_iNH_R18_TN.npy,0.0601808785529715,0.0016795865633074,True,338,2,-0.09513422,2
EL040,reading,LM,iNH_R1,\\nasac-m2.unige.ch\m-HumanNeuronLab\ANALYSIS\FLM\Analysis_LoraFanda\01_FBM_Analysis\outputs\04_ersp_LM_RAWONLY\EL040\LM\ERSP_matrix\reading\EL040_reading_WM_ERSP_iNH_R1_TN.npy,0.0200516795865633,0.0009560723514211,True,339,2,-0.07802691,2
EL040,reading,LM,pH_R11,\\nasac-m2.unige.ch\m-HumanNeuronLab\ANALYSIS\FLM\Analysis_LoraFanda\01_FBM_Analysis\outputs\04_ersp_LM_RAWONLY\EL040\LM\ERSP_matrix\reading\EL040_reading_WM_ERSP_pH_R11_TN.npy,0.025219638242894,0.0012403100775193,True,340,2,-0.14424174,2
EL040,reading,LM,pH_R12,\\nasac-m2.unige.ch\m-HumanNeuronLab\ANALYSIS\FLM\Analysis_LoraFanda\01_FBM_Analysis\outputs\04_ersp_LM_RAWONLY\EL040\LM\ERSP_matrix\reading\EL040_reading_WM_ERSP_pH_R12_TN.npy,0.0563565891472868,0.0012919896640826,True,341,2,-0.12747,2
EL040,reading,LM,pH_R13,\\nasac-m2.unige.ch\m-HumanNeuronLab\ANALYSIS\FLM\Analysis_LoraFanda\01_FBM_Analysis\outputs\04_ersp_LM_RAWONLY\EL040\LM\ERSP_matrix\reading\EL040_reading_WM_ERSP_pH_R13_TN.npy,0.1072609819121447,0.0033591731266149,True,342,2,-0.11498618,2
EL040,reading,LM,pH_R14,\\nasac-m2.unige.ch\m-HumanNeuronLab\ANALYSIS\FLM\Analysis_LoraFanda\01_FBM_Analysis\outputs\04_ersp_LM_RAWONLY\EL040\LM\ERSP_matrix\reading\EL040_reading_WM_ERSP_pH_R14_TN.npy,0.1897674418604651,0.0127906976744186,True,343,2,-0.033617973,2
EL040,reading,LM,PHG_R12,\\nasac-m2.unige.ch\m-HumanNeuronLab\ANALYSIS\FLM\Analysis_LoraFanda\01_FBM_Analysis\outputs\04_ersp_LM_RAWONLY\EL040\LM\ERSP_matrix\reading\EL040_reading_WM_ERSP_PHG_R12_TN.npy,0.0292248062015503,0.0045219638242894,True,344,2,-0.16214812,2
EL040,reading,LM,pPVH_L16,\\nasac-m2.unige.ch\m-HumanNeuronLab\ANALYSIS\FLM\Analysis_LoraFanda\01_FBM_Analysis\outputs\04_ersp_LM_RAWONLY\EL040\LM\ERSP_matrix\reading\EL040_reading_WM_ERSP_pPVH_L16_TN.npy,0.0534625322997416,0.0017571059431524,True,345,2,-0.024309281,2
EL042,audio,LM,EntG_R7,\\nasac-m2.unige.ch\m-HumanNeuronLab\ANALYSIS\FLM\Analysis_LoraFanda\01_FBM_Analysis\outputs\04_ersp_LM_RAWONLY\EL042\LM\ERSP_matrix\audio\EL042_audio_WM_ERSP_EntG_R7_TN.npy,0.0041085271317829,0.0454521963824289,True,346,9,0.27865568,9
EL042,audio,LM,STG_R2,\\nasac-m2.unige.ch\m-HumanNeuronLab\ANALYSIS\FLM\Analysis_LoraFanda\01_FBM_Analysis\outputs\04_ersp_LM_RAWONLY\EL042\LM\ERSP_matrix\audio\EL042_audio_WM_ERSP_STG_R2_TN.npy,0.021188630490956,0.0055813953488372,True,347,11,0.09276299,11
EL042,audio,LM,STG_R4,\\nasac-m2.unige.ch\m-HumanNeuronLab\ANALYSIS\FLM\Analysis_LoraFanda\01_FBM_Analysis\outputs\04_ersp_LM_RAWONLY\EL042\LM\ERSP_matrix\audio\EL042_audio_WM_ERSP_STG_R4_TN.npy,0.0349612403100775,0.0273901808785529,True,348,9,0.105360255,9
EL042,audio,LM,STG_R5,\\nasac-m2.unige.ch\m-HumanNeuronLab\ANALYSIS\FLM\Analysis_LoraFanda\01_FBM_Analysis\outputs\04_ersp_LM_RAWONLY\EL042\LM\ERSP_matrix\audio\EL042_audio_WM_ERSP_STG_R5_TN.npy,0.063204134366925,0.0254263565891472,True,349,9,0.024670497,9
EL042,audio,LM,STG_R6,\\nasac-m2.unige.ch\m-HumanNeuronLab\ANALYSIS\FLM\Analysis_LoraFanda\01_FBM_Analysis\outputs\04_ersp_LM_RAWONLY\EL042\LM\ERSP_matrix\audio\EL042_audio_WM_ERSP_STG_R6_TN.npy,0.1012144702842377,0.0315245478036175,True,350,9,0.080220476,9
EL042,audio,LM,STG_R9,\\nasac-m2.unige.ch\m-HumanNeuronLab\ANALYSIS\FLM\Analysis_LoraFanda\01_FBM_Analysis\outputs\04_ersp_LM_RAWONLY\EL042\LM\ERSP_matrix\audio\EL042_audio_WM_ERSP_STG_R9_TN.npy,0.0356330749354005,0.0256072351421188,True,351,9,0.07939869,9
EL042,picture,LM,aI_R18,\\nasac-m2.unige.ch\m-HumanNeuronLab\ANALYSIS\FLM\Analysis_LoraFanda\01_FBM_Analysis\outputs\04_ersp_LM_RAWONLY\EL042\LM\ERSP_matrix\picture\EL042_picture_WM_ERSP_aI_R18_TN.npy,0.0024289405684754,0.0469767441860465,True,352,9,0.32755342,9
EL042,picture,LM,EntG_R7,\\nasac-m2.unige.ch\m-HumanNeuronLab\ANALYSIS\FLM\Analysis_LoraFanda\01_FBM_Analysis\outputs\04_ersp_LM_RAWONLY\EL042\LM\ERSP_matrix\picture\EL042_picture_WM_ERSP_EntG_R7_TN.npy,0.0014211886304909,0.0551679586563307,True,353,9,0.33215848,9
EL042,picture,LM,pH_R5,\\nasac-m2.unige.ch\m-HumanNeuronLab\ANALYSIS\FLM\Analysis_LoraFanda\01_FBM_Analysis\outputs\04_ersp_LM_RAWONLY\EL042\LM\ERSP_matrix\picture\EL042_picture_WM_ERSP_pH_R5_TN.npy,0.0234625322997416,0.0003100775193798,True,354,7,0.15663491,7
EL042,reading,LM,A_R10,\\nasac-m2.unige.ch\m-HumanNeuronLab\ANALYSIS\FLM\Analysis_LoraFanda\01_FBM_Analysis\outputs\04_ersp_LM_RAWONLY\EL042\LM\ERSP_matrix\reading\EL042_reading_WM_ERSP_A_R10_TN.npy,0.0227906976744186,0.0025581395348837,True,355,7,-0.084702656,7
EL042,reading,LM,A_R11,\\nasac-m2.unige.ch\m-HumanNeuronLab\ANALYSIS\FLM\Analysis_LoraFanda\01_FBM_Analysis\outputs\04_ersp_LM_RAWONLY\EL042\LM\ERSP_matrix\reading\EL042_reading_WM_ERSP_A_R11_TN.npy,0.0239018087855297,0.0013178294573643,True,356,7,-0.01785564,7
EL042,reading,LM,pH_R10,\\nasac-m2.unige.ch\m-HumanNeuronLab\ANALYSIS\FLM\Analysis_LoraFanda\01_FBM_Analysis\outputs\04_ersp_LM_RAWONLY\EL042\LM\ERSP_matrix\reading\EL042_reading_WM_ERSP_pH_R10_TN.npy,0.0364599483204134,0.0003875968992248,True,357,7,0.059927728,7
EL042,reading,LM,pH_R11,\\nasac-m2.unige.ch\m-HumanNeuronLab\ANALYSIS\FLM\Analysis_LoraFanda\01_FBM_Analysis\outputs\04_ersp_LM_RAWONLY\EL042\LM\ERSP_matrix\reading\EL042_reading_WM_ERSP_pH_R11_TN.npy,0.03,0.0002067183462532,True,358,7,0.007866728,7
EL042,reading,LM,pH_R12,\\nasac-m2.unige.ch\m-HumanNeuronLab\ANALYSIS\FLM\Analysis_LoraFanda\01_FBM_Analysis\outputs\04_ersp_LM_RAWONLY\EL042\LM\ERSP_matrix\reading\EL042_reading_WM_ERSP_pH_R12_TN.npy,0.0275193798449612,0.0007235142118863,True,359,7,0.024636243,7
EL042,reading,LM,pH_R13,\\nasac-m2.unige.ch\m-HumanNeuronLab\ANALYSIS\FLM\Analysis_LoraFanda\01_FBM_Analysis\outputs\04_ersp_LM_RAWONLY\EL042\LM\ERSP_matrix\reading\EL042_reading_WM_ERSP_pH_R13_TN.npy,0.0226873385012919,0.000594315245478,True,360,7,0.025369572,7
EL042,reading,LM,pH_R14,\\nasac-m2.unige.ch\m-HumanNeuronLab\ANALYSIS\FLM\Analysis_LoraFanda\01_FBM_Analysis\outputs\04_ersp_LM_RAWONLY\EL042\LM\ERSP_matrix\reading\EL042_reading_WM_ERSP_pH_R14_TN.npy,0.0285271317829457,0.000594315245478,True,361,7,0.049488194,7
EL042,reading,LM,STG_R2,\\nasac-m2.unige.ch\m-HumanNeuronLab\ANALYSIS\FLM\Analysis_LoraFanda\01_FBM_Analysis\outputs\04_ersp_LM_RAWONLY\EL042\LM\ERSP_matrix\reading\EL042_reading_WM_ERSP_STG_R2_TN.npy,0.0220413436692506,0.0005426356589147,True,362,7,-0.016729532,7
EL042,reading,LM,STG_R5,\\nasac-m2.unige.ch\m-HumanNeuronLab\ANALYSIS\FLM\Analysis_LoraFanda\01_FBM_Analysis\outputs\04_ersp_LM_RAWONLY\EL042\LM\ERSP_matrix\reading\EL042_reading_WM_ERSP_STG_R5_TN.npy,0.0291472868217054,0.0037467700258397,True,363,10,0.040698763,10
EL042,reading,LM,STG_R6,\\nasac-m2.unige.ch\m-HumanNeuronLab\ANALYSIS\FLM\Analysis_LoraFanda\01_FBM_Analysis\outputs\04_ersp_LM_RAWONLY\EL042\LM\ERSP_matrix\reading\EL042_reading_WM_ERSP_STG_R6_TN.npy,0.0320671834625322,0.0042894056847545,True,364,10,0.027696794,10
EL043,audio,LM,A_L2,\\nasac-m2.unige.ch\m-HumanNeuronLab\ANALYSIS\FLM\Analysis_LoraFanda\01_FBM_Analysis\outputs\04_ersp_LM_RAWONLY\EL043\LM\ERSP_matrix\audio\EL043_audio_WM_ERSP_A_L2_TN.npy,0.0216795865633074,0.0045994832041343,True,365,7,-0.07767202,7
EL043,audio,LM,A_L3,\\nasac-m2.unige.ch\m-HumanNeuronLab\ANALYSIS\FLM\Analysis_LoraFanda\01_FBM_Analysis\outputs\04_ersp_LM_RAWONLY\EL043\LM\ERSP_matrix\audio\EL043_audio_WM_ERSP_A_L3_TN.npy,0.0249354005167958,0.0048578811369509,True,366,7,0.021245535,7
EL043,audio,LM,A_L4,\\nasac-m2.unige.ch\m-HumanNeuronLab\ANALYSIS\FLM\Analysis_LoraFanda\01_FBM_Analysis\outputs\04_ersp_LM_RAWONLY\EL043\LM\ERSP_matrix\audio\EL043_audio_WM_ERSP_A_L4_TN.npy,0.0356330749354005,0.0046770025839793,True,367,7,0.009313256,7
EL043,audio,LM,Hip_L1,\\nasac-m2.unige.ch\m-HumanNeuronLab\ANALYSIS\FLM\Analysis_LoraFanda\01_FBM_Analysis\outputs\04_ersp_LM_RAWONLY\EL043\LM\ERSP_matrix\audio\EL043_audio_WM_ERSP_Hip_L1_TN.npy,0.0319121447028423,0.0037467700258397,True,368,7,0.0051859296,7
EL043,audio,LM,Hip_L2,\\nasac-m2.unige.ch\m-HumanNeuronLab\ANALYSIS\FLM\Analysis_LoraFanda\01_FBM_Analysis\outputs\04_ersp_LM_RAWONLY\EL043\LM\ERSP_matrix\audio\EL043_audio_WM_ERSP_Hip_L2_TN.npy,0.0278811369509043,0.0054005167958656,True,369,7,-0.07962698,7
EL043,audio,LM,Hip_L7,\\nasac-m2.unige.ch\m-HumanNeuronLab\ANALYSIS\FLM\Analysis_LoraFanda\01_FBM_Analysis\outputs\04_ersp_LM_RAWONLY\EL043\LM\ERSP_matrix\audio\EL043_audio_WM_ERSP_Hip_L7_TN.npy,0.031266149870801,0.0567441860465116,True,370,4,0.08187063,4
EL043,audio,LM,Hip_L8,\\nasac-m2.unige.ch\m-HumanNeuronLab\ANALYSIS\FLM\Analysis_LoraFanda\01_FBM_Analysis\outputs\04_ersp_LM_RAWONLY\EL043\LM\ERSP_matrix\audio\EL043_audio_WM_ERSP_Hip_L8_TN.npy,0.0522480620155038,0.131860465116279,True,371,4,0.15062743,4
EL043,audio,LM,Hip_L9,\\nasac-m2.unige.ch\m-HumanNeuronLab\ANALYSIS\FLM\Analysis_LoraFanda\01_FBM_Analysis\outputs\04_ersp_LM_RAWONLY\EL043\LM\ERSP_matrix\audio\EL043_audio_WM_ERSP_Hip_L9_TN.npy,0.0548320413436692,0.1282170542635659,True,372,4,0.1610446,4
EL043,audio,LM,IOG_L10,\\nasac-m2.unige.ch\m-HumanNeuronLab\ANALYSIS\FLM\Analysis_LoraFanda\01_FBM_Analysis\outputs\04_ersp_LM_RAWONLY\EL043\LM\ERSP_matrix\audio\EL043_audio_WM_ERSP_IOG_L10_TN.npy,0.0262273901808785,0.0236692506459948,True,373,4,-0.086063355,4
EL043,audio,LM,IOG_L11,\\nasac-m2.unige.ch\m-HumanNeuronLab\ANALYSIS\FLM\Analysis_LoraFanda\01_FBM_Analysis\outputs\04_ersp_LM_RAWONLY\EL043\LM\ERSP_matrix\audio\EL043_audio_WM_ERSP_IOG_L11_TN.npy,0.0425581395348837,0.058656330749354,True,374,4,0.036031898,4
EL043,audio,LM,IOG_L12,\\nasac-m2.unige.ch\m-HumanNeuronLab\ANALYSIS\FLM\Analysis_LoraFanda\01_FBM_Analysis\outputs\04_ersp_LM_RAWONLY\EL043\LM\ERSP_matrix\audio\EL043_audio_WM_ERSP_IOG_L12_TN.npy,0.0292248062015503,0.0249354005167958,True,375,4,-0.07501361,4
EL043,audio,LM,IOG_L3,\\nasac-m2.unige.ch\m-HumanNeuronLab\ANALYSIS\FLM\Analysis_LoraFanda\01_FBM_Analysis\outputs\04_ersp_LM_RAWONLY\EL043\LM\ERSP_matrix\audio\EL043_audio_WM_ERSP_IOG_L3_TN.npy,0.02,0.0078811369509043,True,376,6,0.0014990846,6
EL043,audio,LM,IOG_L4,\\nasac-m2.unige.ch\m-HumanNeuronLab\ANALYSIS\FLM\Analysis_LoraFanda\01_FBM_Analysis\outputs\04_ersp_LM_RAWONLY\EL043\LM\ERSP_matrix\audio\EL043_audio_WM_ERSP_IOG_L4_TN.npy,0.0216795865633074,0.0157364341085271,True,377,6,0.026231661,6
EL043,audio,LM,IOG_L8,\\nasac-m2.unige.ch\m-HumanNeuronLab\ANALYSIS\FLM\Analysis_LoraFanda\01_FBM_Analysis\outputs\04_ersp_LM_RAWONLY\EL043\LM\ERSP_matrix\audio\EL043_audio_WM_ERSP_IOG_L8_TN.npy,0.0214728682170542,0.0171059431524547,True,378,6,0.041246068,6
EL043,audio,LM,IOG_L9,\\nasac-m2.unige.ch\m-HumanNeuronLab\ANALYSIS\FLM\Analysis_LoraFanda\01_FBM_Analysis\outputs\04_ersp_LM_RAWONLY\EL043\LM\ERSP_matrix\audio\EL043_audio_WM_ERSP_IOG_L9_TN.npy,0.0257622739018087,0.0179328165374677,True,379,6,-0.061724447,6
EL043,audio,LM,iSMG_L10,\\nasac-m2.unige.ch\m-HumanNeuronLab\ANALYSIS\FLM\Analysis_LoraFanda\01_FBM_Analysis\outputs\04_ersp_LM_RAWONLY\EL043\LM\ERSP_matrix\audio\EL043_audio_WM_ERSP_iSMG_L10_TN.npy,0.0210077519379844,0.014470284237726,True,380,6,0.036731534,6
EL043,audio,LM,iSMG_L11,\\nasac-m2.unige.ch\m-HumanNeuronLab\ANALYSIS\FLM\Analysis_LoraFanda\01_FBM_Analysis\outputs\04_ersp_LM_RAWONLY\EL043\LM\ERSP_matrix\audio\EL043_audio_WM_ERSP_iSMG_L11_TN.npy,0.0295348837209302,0.0140310077519379,True,381,6,0.062469274,6
EL043,audio,LM,iSMG_L12,\\nasac-m2.unige.ch\m-HumanNeuronLab\ANALYSIS\FLM\Analysis_LoraFanda\01_FBM_Analysis\outputs\04_ersp_LM_RAWONLY\EL043\LM\ERSP_matrix\audio\EL043_audio_WM_ERSP_iSMG_L12_TN.npy,0.020594315245478,0.0188372093023255,True,382,6,0.039263975,6
EL043,audio,LM,iSMG_L13,\\nasac-m2.unige.ch\m-HumanNeuronLab\ANALYSIS\FLM\Analysis_LoraFanda\01_FBM_Analysis\outputs\04_ersp_LM_RAWONLY\EL043\LM\ERSP_matrix\audio\EL043_audio_WM_ERSP_iSMG_L13_TN.npy,0.0309043927648578,0.0209302325581395,True,383,6,0.06703238,6
EL043,audio,LM,iSMG_L14,\\nasac-m2.unige.ch\m-HumanNeuronLab\ANALYSIS\FLM\Analysis_LoraFanda\01_FBM_Analysis\outputs\04_ersp_LM_RAWONLY\EL043\LM\ERSP_matrix\audio\EL043_audio_WM_ERSP_iSMG_L14_TN.npy,0.0337209302325581,0.0212144702842377,True,384,6,0.038704194,6
EL043,audio,LM,iSMG_L15,\\nasac-m2.unige.ch\m-HumanNeuronLab\ANALYSIS\FLM\Analysis_LoraFanda\01_FBM_Analysis\outputs\04_ersp_LM_RAWONLY\EL043\LM\ERSP_matrix\audio\EL043_audio_WM_ERSP_iSMG_L15_TN.npy,0.0295865633074935,0.0209043927648578,True,385,6,-0.038305055,6
EL043,audio,LM,iSMG_L1,\\nasac-m2.unige.ch\m-HumanNeuronLab\ANALYSIS\FLM\Analysis_LoraFanda\01_FBM_Analysis\outputs\04_ersp_LM_RAWONLY\EL043\LM\ERSP_matrix\audio\EL043_audio_WM_ERSP_iSMG_L1_TN.npy,0.0614470284237726,0.0078552971576227,True,386,10,0.12103069,10
EL043,audio,LM,iSMG_L2,\\nasac-m2.unige.ch\m-HumanNeuronLab\ANALYSIS\FLM\Analysis_LoraFanda\01_FBM_Analysis\outputs\04_ersp_LM_RAWONLY\EL043\LM\ERSP_matrix\audio\EL043_audio_WM_ERSP_iSMG_L2_TN.npy,0.1028940568475452,0.0094315245478036,True,387,10,0.16606985,10
EL043,audio,LM,iSMG_L3,\\nasac-m2.unige.ch\m-HumanNeuronLab\ANALYSIS\FLM\Analysis_LoraFanda\01_FBM_Analysis\outputs\04_ersp_LM_RAWONLY\EL043\LM\ERSP_matrix\audio\EL043_audio_WM_ERSP_iSMG_L3_TN.npy,0.2599741602067183,0.0090697674418604,True,388,10,0.1874353,10
EL043,audio,LM,iSMG_L8,\\nasac-m2.unige.ch\m-HumanNeuronLab\ANALYSIS\FLM\Analysis_LoraFanda\01_FBM_Analysis\outputs\04_ersp_LM_RAWONLY\EL043\LM\ERSP_matrix\audio\EL043_audio_WM_ERSP_iSMG_L8_TN.npy,0.0237726098191214,0.0134366925064599,True,389,6,0.04918363,6
EL043,audio,LM,iSMG_L9,\\nasac-m2.unige.ch\m-HumanNeuronLab\ANALYSIS\FLM\Analysis_LoraFanda\01_FBM_Analysis\outputs\04_ersp_LM_RAWONLY\EL043\LM\ERSP_matrix\audio\EL043_audio_WM_ERSP_iSMG_L9_TN.npy,0.0277002583979328,0.0188113695090439,True,390,6,0.03736272,6
EL043,audio,LM,ITG_L10,\\nasac-m2.unige.ch\m-HumanNeuronLab\ANALYSIS\FLM\Analysis_LoraFanda\01_FBM_Analysis\outputs\04_ersp_LM_RAWONLY\EL043\LM\ERSP_matrix\audio\EL043_audio_WM_ERSP_ITG_L10_TN.npy,0.009328165374677,0.0525839793281653,True,391,4,-0.0733512,4
EL043,audio,LM,ITG_L3,\\nasac-m2.unige.ch\m-HumanNeuronLab\ANALYSIS\FLM\Analysis_LoraFanda\01_FBM_Analysis\outputs\04_ersp_LM_RAWONLY\EL043\LM\ERSP_matrix\audio\EL043_audio_WM_ERSP_ITG_L3_TN.npy,0.0205426356589147,0.0055038759689922,True,392,6,0.122471645,6
EL043,audio,LM,ITG_L4,\\nasac-m2.unige.ch\m-HumanNeuronLab\ANALYSIS\FLM\Analysis_LoraFanda\01_FBM_Analysis\outputs\04_ersp_LM_RAWONLY\EL043\LM\ERSP_matrix\audio\EL043_audio_WM_ERSP_ITG_L4_TN.npy,0.0436950904392764,0.0048578811369509,True,393,6,0.047267612,6
EL043,audio,LM,LinG_L5,\\nasac-m2.unige.ch\m-HumanNeuronLab\ANALYSIS\FLM\Analysis_LoraFanda\01_FBM_Analysis\outputs\04_ersp_LM_RAWONLY\EL043\LM\ERSP_matrix\audio\EL043_audio_WM_ERSP_LinG_L5_TN.npy,0.0211369509043927,0.0147286821705426,True,394,6,0.084780075,6
EL043,audio,LM,LinG_L6,\\nasac-m2.unige.ch\m-HumanNeuronLab\ANALYSIS\FLM\Analysis_LoraFanda\01_FBM_Analysis\outputs\04_ersp_LM_RAWONLY\EL043\LM\ERSP_matrix\audio\EL043_audio_WM_ERSP_LinG_L6_TN.npy,0.0257881136950904,0.0138501291989664,True,395,6,0.048898865,6
EL043,audio,LM,LinG_L7,\\nasac-m2.unige.ch\m-HumanNeuronLab\ANALYSIS\FLM\Analysis_LoraFanda\01_FBM_Analysis\outputs\04_ersp_LM_RAWONLY\EL043\LM\ERSP_matrix\audio\EL043_audio_WM_ERSP_LinG_L7_TN.npy,0.0290439276485788,0.0116537467700258,True,396,6,0.06385162,6
EL043,audio,LM,LinG_L8,\\nasac-m2.unige.ch\m-HumanNeuronLab\ANALYSIS\FLM\Analysis_LoraFanda\01_FBM_Analysis\outputs\04_ersp_LM_RAWONLY\EL043\LM\ERSP_matrix\audio\EL043_audio_WM_ERSP_LinG_L8_TN.npy,0.0275968992248062,0.0130490956072351,True,397,6,0.09576452,6
EL043,audio,LM,pIns_L11,\\nasac-m2.unige.ch\m-HumanNeuronLab\ANALYSIS\FLM\Analysis_LoraFanda\01_FBM_Analysis\outputs\04_ersp_LM_RAWONLY\EL043\LM\ERSP_matrix\audio\EL043_audio_WM_ERSP_pIns_L11_TN.npy,0.0211369509043927,0.0134108527131782,True,398,6,0.029778635,6
EL043,audio,LM,pIns_L12,\\nasac-m2.unige.ch\m-HumanNeuronLab\ANALYSIS\FLM\Analysis_LoraFanda\01_FBM_Analysis\outputs\04_ersp_LM_RAWONLY\EL043\LM\ERSP_matrix\audio\EL043_audio_WM_ERSP_pIns_L12_TN.npy,0.0249612403100775,0.0113953488372093,True,399,6,0.067792356,6
EL043,audio,LM,pIns_L13,\\nasac-m2.unige.ch\m-HumanNeuronLab\ANALYSIS\FLM\Analysis_LoraFanda\01_FBM_Analysis\outputs\04_ersp_LM_RAWONLY\EL043\LM\ERSP_matrix\audio\EL043_audio_WM_ERSP_pIns_L13_TN.npy,0.0302067183462532,0.0162790697674418,True,400,6,0.022525566,6
EL043,audio,LM,pIns_L15,\\nasac-m2.unige.ch\m-HumanNeuronLab\ANALYSIS\FLM\Analysis_LoraFanda\01_FBM_Analysis\outputs\04_ersp_LM_RAWONLY\EL043\LM\ERSP_matrix\audio\EL043_audio_WM_ERSP_pIns_L15_TN.npy,0.0208527131782945,0.0168217054263565,True,401,6,0.053038206,6
EL043,audio,LM,pIns_L16,\\nasac-m2.unige.ch\m-HumanNeuronLab\ANALYSIS\FLM\Analysis_LoraFanda\01_FBM_Analysis\outputs\04_ersp_LM_RAWONLY\EL043\LM\ERSP_matrix\audio\EL043_audio_WM_ERSP_pIns_L16_TN.npy,0.0201550387596899,0.0159948320413436,True,402,6,0.077923186,6
EL043,audio,LM,pIns_L17,\\nasac-m2.unige.ch\m-HumanNeuronLab\ANALYSIS\FLM\Analysis_LoraFanda\01_FBM_Analysis\outputs\04_ersp_LM_RAWONLY\EL043\LM\ERSP_matrix\audio\EL043_audio_WM_ERSP_pIns_L17_TN.npy,0.0248320413436692,0.0135400516795865,True,403,6,0.073271975,6
EL043,audio,LM,pIns_L1,\\nasac-m2.unige.ch\m-HumanNeuronLab\ANALYSIS\FLM\Analysis_LoraFanda\01_FBM_Analysis\outputs\04_ersp_LM_RAWONLY\EL043\LM\ERSP_matrix\audio\EL043_audio_WM_ERSP_pIns_L1_TN.npy,0.0297674418604651,0.0117312661498708,True,404,7,-0.11438152,7
EL043,audio,LM,pIns_L3,\\nasac-m2.unige.ch\m-HumanNeuronLab\ANALYSIS\FLM\Analysis_LoraFanda\01_FBM_Analysis\outputs\04_ersp_LM_RAWONLY\EL043\LM\ERSP_matrix\audio\EL043_audio_WM_ERSP_pIns_L3_TN.npy,0.0213436692506459,0.0136175710594315,True,405,6,0.026799956,6
EL043,audio,LM,pIns_L4,\\nasac-m2.unige.ch\m-HumanNeuronLab\ANALYSIS\FLM\Analysis_LoraFanda\01_FBM_Analysis\outputs\04_ersp_LM_RAWONLY\EL043\LM\ERSP_matrix\audio\EL043_audio_WM_ERSP_pIns_L4_TN.npy,0.0243410852713178,0.0133333333333333,True,406,7,-0.11723709,7
EL043,audio,LM,pIns_L6,\\nasac-m2.unige.ch\m-HumanNeuronLab\ANALYSIS\FLM\Analysis_LoraFanda\01_FBM_Analysis\outputs\04_ersp_LM_RAWONLY\EL043\LM\ERSP_matrix\audio\EL043_audio_WM_ERSP_pIns_L6_TN.npy,0.0236434108527131,0.0121188630490956,True,407,6,0.04533664,6
EL043,audio,LM,pIns_L7,\\nasac-m2.unige.ch\m-HumanNeuronLab\ANALYSIS\FLM\Analysis_LoraFanda\01_FBM_Analysis\outputs\04_ersp_LM_RAWONLY\EL043\LM\ERSP_matrix\audio\EL043_audio_WM_ERSP_pIns_L7_TN.npy,0.0306718346253229,0.0071059431524547,True,408,6,0.014202682,6
EL043,audio,LM,pIns_L8,\\nasac-m2.unige.ch\m-HumanNeuronLab\ANALYSIS\FLM\Analysis_LoraFanda\01_FBM_Analysis\outputs\04_ersp_LM_RAWONLY\EL043\LM\ERSP_matrix\audio\EL043_audio_WM_ERSP_pIns_L8_TN.npy,0.0222739018087855,0.0128940568475452,True,409,6,0.04404553,6
EL043,audio,LM,pIns_L9,\\nasac-m2.unige.ch\m-HumanNeuronLab\ANALYSIS\FLM\Analysis_LoraFanda\01_FBM_Analysis\outputs\04_ersp_LM_RAWONLY\EL043\LM\ERSP_matrix\audio\EL043_audio_WM_ERSP_pIns_L9_TN.npy,0.0221447028423772,0.0137726098191214,True,410,6,0.044732943,6
EL043,audio,LM,sSMG_L11,\\nasac-m2.unige.ch\m-HumanNeuronLab\ANALYSIS\FLM\Analysis_LoraFanda\01_FBM_Analysis\outputs\04_ersp_LM_RAWONLY\EL043\LM\ERSP_matrix\audio\EL043_audio_WM_ERSP_sSMG_L11_TN.npy,0.0240826873385012,0.004547803617571,True,411,7,-0.067238875,7
EL043,audio,LM,sSMG_L1,\\nasac-m2.unige.ch\m-HumanNeuronLab\ANALYSIS\FLM\Analysis_LoraFanda\01_FBM_Analysis\outputs\04_ersp_LM_RAWONLY\EL043\LM\ERSP_matrix\audio\EL043_audio_WM_ERSP_sSMG_L1_TN.npy,0.0234883720930232,0.0082687338501291,True,412,7,0.037177302,7
EL043,audio,LM,sSMG_L4,\\nasac-m2.unige.ch\m-HumanNeuronLab\ANALYSIS\FLM\Analysis_LoraFanda\01_FBM_Analysis\outputs\04_ersp_LM_RAWONLY\EL043\LM\ERSP_matrix\audio\EL043_audio_WM_ERSP_sSMG_L4_TN.npy,0.0287080103359173,0.0062015503875968,True,413,7,-0.07686167,7
EL043,audio,LM,sSMG_L8,\\nasac-m2.unige.ch\m-HumanNeuronLab\ANALYSIS\FLM\Analysis_LoraFanda\01_FBM_Analysis\outputs\04_ersp_LM_RAWONLY\EL043\LM\ERSP_matrix\audio\EL043_audio_WM_ERSP_sSMG_L8_TN.npy,0.0209043927648578,0.0157881136950904,True,414,6,0.055440504,6
EL043,audio,LM,sSMG_L9,\\nasac-m2.unige.ch\m-HumanNeuronLab\ANALYSIS\FLM\Analysis_LoraFanda\01_FBM_Analysis\outputs\04_ersp_LM_RAWONLY\EL043\LM\ERSP_matrix\audio\EL043_audio_WM_ERSP_sSMG_L9_TN.npy,0.0203617571059431,0.0105426356589147,True,415,6,0.047196746,6
EL043,audio,LM,STG_L2,\\nasac-m2.unige.ch\m-HumanNeuronLab\ANALYSIS\FLM\Analysis_LoraFanda\01_FBM_Analysis\outputs\04_ersp_LM_RAWONLY\EL043\LM\ERSP_matrix\audio\EL043_audio_WM_ERSP_STG_L2_TN.npy,0.1148578811369509,0.0034366925064599,True,416,10,0.22254208,10
EL043,audio,LM,STG_L3,\\nasac-m2.unige.ch\m-HumanNeuronLab\ANALYSIS\FLM\Analysis_LoraFanda\01_FBM_Analysis\outputs\04_ersp_LM_RAWONLY\EL043\LM\ERSP_matrix\audio\EL043_audio_WM_ERSP_STG_L3_TN.npy,0.0657105943152454,0.0041085271317829,True,417,10,0.16287278,10
EL043,audio,LM,STG_L4,\\nasac-m2.unige.ch\m-HumanNeuronLab\ANALYSIS\FLM\Analysis_LoraFanda\01_FBM_Analysis\outputs\04_ersp_LM_RAWONLY\EL043\LM\ERSP_matrix\audio\EL043_audio_WM_ERSP_STG_L4_TN.npy,0.0584496124031007,0.002609819121447,True,418,10,0.14067979,10
EL043,audio,LM,STG_L6,\\nasac-m2.unige.ch\m-HumanNeuronLab\ANALYSIS\FLM\Analysis_LoraFanda\01_FBM_Analysis\outputs\04_ersp_LM_RAWONLY\EL043\LM\ERSP_matrix\audio\EL043_audio_WM_ERSP_STG_L6_TN.npy,0.0335400516795865,0.0061498708010335,True,419,7,-0.09574742,7
EL043,audio,LM,STG_L8,\\nasac-m2.unige.ch\m-HumanNeuronLab\ANALYSIS\FLM\Analysis_LoraFanda\01_FBM_Analysis\outputs\04_ersp_LM_RAWONLY\EL043\LM\ERSP_matrix\audio\EL043_audio_WM_ERSP_STG_L8_TN.npy,0.0158397932816537,0.060516795865633,True,420,4,0.045898505,4
EL043,picture,LM,Hip_L1,\\nasac-m2.unige.ch\m-HumanNeuronLab\ANALYSIS\FLM\Analysis_LoraFanda\01_FBM_Analysis\outputs\04_ersp_LM_RAWONLY\EL043\LM\ERSP_matrix\picture\EL043_picture_WM_ERSP_Hip_L1_TN.npy,0.0229715762273901,0.0010594315245478,True,421,6,0.07982786,6
EL043,picture,LM,Hip_L8,\\nasac-m2.unige.ch\m-HumanNeuronLab\ANALYSIS\FLM\Analysis_LoraFanda\01_FBM_Analysis\outputs\04_ersp_LM_RAWONLY\EL043\LM\ERSP_matrix\picture\EL043_picture_WM_ERSP_Hip_L8_TN.npy,0.0214211886304909,0.0072609819121447,True,422,4,-0.051998664,4
EL043,picture,LM,Hip_L9,\\nasac-m2.unige.ch\m-HumanNeuronLab\ANALYSIS\FLM\Analysis_LoraFanda\01_FBM_Analysis\outputs\04_ersp_LM_RAWONLY\EL043\LM\ERSP_matrix\picture\EL043_picture_WM_ERSP_Hip_L9_TN.npy,0.0205426356589147,0.007906976744186,True,423,4,-0.055642664,4
EL043,picture,LM,IOG_L11,\\nasac-m2.unige.ch\m-HumanNeuronLab\ANALYSIS\FLM\Analysis_LoraFanda\01_FBM_Analysis\outputs\04_ersp_LM_RAWONLY\EL043\LM\ERSP_matrix\picture\EL043_picture_WM_ERSP_IOG_L11_TN.npy,0.0001033591731266,0.4383204134366925,True,424,1,0.18410768,1
EL043,picture,LM,IOG_L1,\\nasac-m2.unige.ch\m-HumanNeuronLab\ANALYSIS\FLM\Analysis_LoraFanda\01_FBM_Analysis\outputs\04_ersp_LM_RAWONLY\EL043\LM\ERSP_matrix\picture\EL043_picture_WM_ERSP_IOG_L1_TN.npy,0.0306718346253229,0.0051162790697674,True,425,6,0.030215902,6
EL043,picture,LM,IOG_L2,\\nasac-m2.unige.ch\m-HumanNeuronLab\ANALYSIS\FLM\Analysis_LoraFanda\01_FBM_Analysis\outputs\04_ersp_LM_RAWONLY\EL043\LM\ERSP_matrix\picture\EL043_picture_WM_ERSP_IOG_L2_TN.npy,0.0315762273901808,0.0017829457364341,True,426,6,0.041112766,6
EL043,picture,LM,IOG_L3,\\nasac-m2.unige.ch\m-HumanNeuronLab\ANALYSIS\FLM\Analysis_LoraFanda\01_FBM_Analysis\outputs\04_ersp_LM_RAWONLY\EL043\LM\ERSP_matrix\picture\EL043_picture_WM_ERSP_IOG_L3_TN.npy,0.0277519379844961,0.0014728682170542,True,427,6,0.0818437,6
EL043,picture,LM,IOG_L4,\\nasac-m2.unige.ch\m-HumanNeuronLab\ANALYSIS\FLM\Analysis_LoraFanda\01_FBM_Analysis\outputs\04_ersp_LM_RAWONLY\EL043\LM\ERSP_matrix\picture\EL043_picture_WM_ERSP_IOG_L4_TN.npy,0.0737467700258397,0.0009302325581395,True,428,6,-0.035389602,6
EL043,picture,LM,IOG_L5,\\nasac-m2.unige.ch\m-HumanNeuronLab\ANALYSIS\FLM\Analysis_LoraFanda\01_FBM_Analysis\outputs\04_ersp_LM_RAWONLY\EL043\LM\ERSP_matrix\picture\EL043_picture_WM_ERSP_IOG_L5_TN.npy,0.1374935400516795,0.0024289405684754,True,429,8,-0.029739657,8
EL043,picture,LM,IOG_L6,\\nasac-m2.unige.ch\m-HumanNeuronLab\ANALYSIS\FLM\Analysis_LoraFanda\01_FBM_Analysis\outputs\04_ersp_LM_RAWONLY\EL043\LM\ERSP_matrix\picture\EL043_picture_WM_ERSP_IOG_L6_TN.npy,0.175297157622739,0.0038242894056847,True,430,8,0.0228053,8
EL043,picture,LM,IOG_L7,\\nasac-m2.unige.ch\m-HumanNeuronLab\ANALYSIS\FLM\Analysis_LoraFanda\01_FBM_Analysis\outputs\04_ersp_LM_RAWONLY\EL043\LM\ERSP_matrix\picture\EL043_picture_WM_ERSP_IOG_L7_TN.npy,0.1665891472868217,0.0026356589147286,True,431,8,0.07549839,8
EL043,picture,LM,IOG_L8,\\nasac-m2.unige.ch\m-HumanNeuronLab\ANALYSIS\FLM\Analysis_LoraFanda\01_FBM_Analysis\outputs\04_ersp_LM_RAWONLY\EL043\LM\ERSP_matrix\picture\EL043_picture_WM_ERSP_IOG_L8_TN.npy,0.136640826873385,0.0010335917312661,True,432,8,-0.07573356,8
EL043,picture,LM,IOG_L9,\\nasac-m2.unige.ch\m-HumanNeuronLab\ANALYSIS\FLM\Analysis_LoraFanda\01_FBM_Analysis\outputs\04_ersp_LM_RAWONLY\EL043\LM\ERSP_matrix\picture\EL043_picture_WM_ERSP_IOG_L9_TN.npy,0.0378811369509043,0.0029457364341085,True,433,6,0.1296518,6
EL043,picture,LM,iSMG_L10,\\nasac-m2.unige.ch\m-HumanNeuronLab\ANALYSIS\FLM\Analysis_LoraFanda\01_FBM_Analysis\outputs\04_ersp_LM_RAWONLY\EL043\LM\ERSP_matrix\picture\EL043_picture_WM_ERSP_iSMG_L10_TN.npy,0.037906976744186,0.0027390180878552,True,434,6,0.07826357,6
EL043,picture,LM,iSMG_L11,\\nasac-m2.unige.ch\m-HumanNeuronLab\ANALYSIS\FLM\Analysis_LoraFanda\01_FBM_Analysis\outputs\04_ersp_LM_RAWONLY\EL043\LM\ERSP_matrix\picture\EL043_picture_WM_ERSP_iSMG_L11_TN.npy,0.0300516795865633,0.005219638242894,True,435,6,0.09161706,6
EL043,picture,LM,iSMG_L12,\\nasac-m2.unige.ch\m-HumanNeuronLab\ANALYSIS\FLM\Analysis_LoraFanda\01_FBM_Analysis\outputs\04_ersp_LM_RAWONLY\EL043\LM\ERSP_matrix\picture\EL043_picture_WM_ERSP_iSMG_L12_TN.npy,0.0329198966408268,0.0045736434108527,True,436,6,0.09179061,6
EL043,picture,LM,iSMG_L13,\\nasac-m2.unige.ch\m-HumanNeuronLab\ANALYSIS\FLM\Analysis_LoraFanda\01_FBM_Analysis\outputs\04_ersp_LM_RAWONLY\EL043\LM\ERSP_matrix\picture\EL043_picture_WM_ERSP_iSMG_L13_TN.npy,0.0305684754521963,0.0033333333333333,True,437,6,0.08770449,6
EL043,picture,LM,iSMG_L14,\\nasac-m2.unige.ch\m-HumanNeuronLab\ANALYSIS\FLM\Analysis_LoraFanda\01_FBM_Analysis\outputs\04_ersp_LM_RAWONLY\EL043\LM\ERSP_matrix\picture\EL043_picture_WM_ERSP_iSMG_L14_TN.npy,0.0315503875968992,0.0040826873385012,True,438,6,0.08722427,6
EL043,picture,LM,iSMG_L15,\\nasac-m2.unige.ch\m-HumanNeuronLab\ANALYSIS\FLM\Analysis_LoraFanda\01_FBM_Analysis\outputs\04_ersp_LM_RAWONLY\EL043\LM\ERSP_matrix\picture\EL043_picture_WM_ERSP_iSMG_L15_TN.npy,0.0273643410852713,0.0037467700258397,True,439,6,0.08098571,6
EL043,picture,LM,iSMG_L2,\\nasac-m2.unige.ch\m-HumanNeuronLab\ANALYSIS\FLM\Analysis_LoraFanda\01_FBM_Analysis\outputs\04_ersp_LM_RAWONLY\EL043\LM\ERSP_matrix\picture\EL043_picture_WM_ERSP_iSMG_L2_TN.npy,0.0350387596899224,0.0024547803617571,True,440,11,-0.057526827,11
EL043,picture,LM,iSMG_L3,\\nasac-m2.unige.ch\m-HumanNeuronLab\ANALYSIS\FLM\Analysis_LoraFanda\01_FBM_Analysis\outputs\04_ersp_LM_RAWONLY\EL043\LM\ERSP_matrix\picture\EL043_picture_WM_ERSP_iSMG_L3_TN.npy,0.1604134366925064,0.0024806201550387,True,441,2,0.04736711,2
EL043,picture,LM,iSMG_L5,\\nasac-m2.unige.ch\m-HumanNeuronLab\ANALYSIS\FLM\Analysis_LoraFanda\01_FBM_Analysis\outputs\04_ersp_LM_RAWONLY\EL043\LM\ERSP_matrix\picture\EL043_picture_WM_ERSP_iSMG_L5_TN.npy,0.0321963824289405,0.0043669250645994,True,442,6,0.11275998,6
EL043,picture,LM,iSMG_L8,\\nasac-m2.unige.ch\m-HumanNeuronLab\ANALYSIS\FLM\Analysis_LoraFanda\01_FBM_Analysis\outputs\04_ersp_LM_RAWONLY\EL043\LM\ERSP_matrix\picture\EL043_picture_WM_ERSP_iSMG_L8_TN.npy,0.0253746770025839,0.0033333333333333,True,443,6,0.076108836,6
EL043,picture,LM,iSMG_L9,\\nasac-m2.unige.ch\m-HumanNeuronLab\ANALYSIS\FLM\Analysis_LoraFanda\01_FBM_Analysis\outputs\04_ersp_LM_RAWONLY\EL043\LM\ERSP_matrix\picture\EL043_picture_WM_ERSP_iSMG_L9_TN.npy,0.0316795865633074,0.0018346253229974,True,444,6,0.076148644,6
EL043,picture,LM,ITG_L4,\\nasac-m2.unige.ch\m-HumanNeuronLab\ANALYSIS\FLM\Analysis_LoraFanda\01_FBM_Analysis\outputs\04_ersp_LM_RAWONLY\EL043\LM\ERSP_matrix\picture\EL043_picture_WM_ERSP_ITG_L4_TN.npy,0.0284496124031007,0.0007493540051679,True,445,6,0.048031136,6
EL043,picture,LM,LinG_L10,\\nasac-m2.unige.ch\m-HumanNeuronLab\ANALYSIS\FLM\Analysis_LoraFanda\01_FBM_Analysis\outputs\04_ersp_LM_RAWONLY\EL043\LM\ERSP_matrix\picture\EL043_picture_WM_ERSP_LinG_L10_TN.npy,0.0222480620155038,0.0016537467700258,True,446,6,0.118740775,6
EL043,picture,LM,LinG_L5,\\nasac-m2.unige.ch\m-HumanNeuronLab\ANALYSIS\FLM\Analysis_LoraFanda\01_FBM_Analysis\outputs\04_ersp_LM_RAWONLY\EL043\LM\ERSP_matrix\picture\EL043_picture_WM_ERSP_LinG_L5_TN.npy,0.0322739018087855,0.0027390180878552,True,447,6,0.1296204,6
EL043,picture,LM,LinG_L6,\\nasac-m2.unige.ch\m-HumanNeuronLab\ANALYSIS\FLM\Analysis_LoraFanda\01_FBM_Analysis\outputs\04_ersp_LM_RAWONLY\EL043\LM\ERSP_matrix\picture\EL043_picture_WM_ERSP_LinG_L6_TN.npy,0.0296382428940568,0.001266149870801,True,448,6,0.15041386,6
EL043,picture,LM,LinG_L7,\\nasac-m2.unige.ch\m-HumanNeuronLab\ANALYSIS\FLM\Analysis_LoraFanda\01_FBM_Analysis\outputs\04_ersp_LM_RAWONLY\EL043\LM\ERSP_matrix\picture\EL043_picture_WM_ERSP_LinG_L7_TN.npy,0.0244444444444444,0.0039793281653746,True,449,6,0.076999016,6
EL043,picture,LM,LinG_L9,\\nasac-m2.unige.ch\m-HumanNeuronLab\ANALYSIS\FLM\Analysis_LoraFanda\01_FBM_Analysis\outputs\04_ersp_LM_RAWONLY\EL043\LM\ERSP_matrix\picture\EL043_picture_WM_ERSP_LinG_L9_TN.npy,0.0224031007751937,0.0056072351421188,True,450,6,0.10531646,6
EL043,picture,LM,pIns_L10,\\nasac-m2.unige.ch\m-HumanNeuronLab\ANALYSIS\FLM\Analysis_LoraFanda\01_FBM_Analysis\outputs\04_ersp_LM_RAWONLY\EL043\LM\ERSP_matrix\picture\EL043_picture_WM_ERSP_pIns_L10_TN.npy,0.0259431524547803,0.0013178294573643,True,451,6,0.13300231,6
EL043,picture,LM,pIns_L11,\\nasac-m2.unige.ch\m-HumanNeuronLab\ANALYSIS\FLM\Analysis_LoraFanda\01_FBM_Analysis\outputs\04_ersp_LM_RAWONLY\EL043\LM\ERSP_matrix\picture\EL043_picture_WM_ERSP_pIns_L11_TN.npy,0.0226873385012919,0.0021188630490956,True,452,6,0.14790803,6
EL043,picture,LM,pIns_L12,\\nasac-m2.unige.ch\m-HumanNeuronLab\ANALYSIS\FLM\Analysis_LoraFanda\01_FBM_Analysis\outputs\04_ersp_LM_RAWONLY\EL043\LM\ERSP_matrix\picture\EL043_picture_WM_ERSP_pIns_L12_TN.npy,0.026640826873385,0.0028940568475452,True,453,6,0.1155439,6
EL043,picture,LM,pIns_L13,\\nasac-m2.unige.ch\m-HumanNeuronLab\ANALYSIS\FLM\Analysis_LoraFanda\01_FBM_Analysis\outputs\04_ersp_LM_RAWONLY\EL043\LM\ERSP_matrix\picture\EL043_picture_WM_ERSP_pIns_L13_TN.npy,0.03328165374677,0.0016279069767441,True,454,6,0.10067024,6
EL043,picture,LM,pIns_L14,\\nasac-m2.unige.ch\m-HumanNeuronLab\ANALYSIS\FLM\Analysis_LoraFanda\01_FBM_Analysis\outputs\04_ersp_LM_RAWONLY\EL043\LM\ERSP_matrix\picture\EL043_picture_WM_ERSP_pIns_L14_TN.npy,0.0349612403100775,0.0008268733850129,True,455,6,0.048805468,6
EL043,picture,LM,pIns_L15,\\nasac-m2.unige.ch\m-HumanNeuronLab\ANALYSIS\FLM\Analysis_LoraFanda\01_FBM_Analysis\outputs\04_ersp_LM_RAWONLY\EL043\LM\ERSP_matrix\picture\EL043_picture_WM_ERSP_pIns_L15_TN.npy,0.0281395348837209,0.003204134366925,True,456,6,0.09275907,6
EL043,picture,LM,pIns_L16,\\nasac-m2.unige.ch\m-HumanNeuronLab\ANALYSIS\FLM\Analysis_LoraFanda\01_FBM_Analysis\outputs\04_ersp_LM_RAWONLY\EL043\LM\ERSP_matrix\picture\EL043_picture_WM_ERSP_pIns_L16_TN.npy,0.0232558139534883,0.0015245478036175,True,457,6,0.10888301,6
EL043,picture,LM,pIns_L17,\\nasac-m2.unige.ch\m-HumanNeuronLab\ANALYSIS\FLM\Analysis_LoraFanda\01_FBM_Analysis\outputs\04_ersp_LM_RAWONLY\EL043\LM\ERSP_matrix\picture\EL043_picture_WM_ERSP_pIns_L17_TN.npy,0.0222480620155038,0.0017571059431524,True,458,6,0.07925103,6
EL043,picture,LM,pIns_L18,\\nasac-m2.unige.ch\m-HumanNeuronLab\ANALYSIS\FLM\Analysis_LoraFanda\01_FBM_Analysis\outputs\04_ersp_LM_RAWONLY\EL043\LM\ERSP_matrix\picture\EL043_picture_WM_ERSP_pIns_L18_TN.npy,0.0255555555555555,0.0015245478036175,True,459,6,0.06520047,6
EL043,picture,LM,pIns_L1,\\nasac-m2.unige.ch\m-HumanNeuronLab\ANALYSIS\FLM\Analysis_LoraFanda\01_FBM_Analysis\outputs\04_ersp_LM_RAWONLY\EL043\LM\ERSP_matrix\picture\EL043_picture_WM_ERSP_pIns_L1_TN.npy,0.0294832041343669,0.0022480620155038,True,460,6,0.09731381,6
EL043,picture,LM,pIns_L3,\\nasac-m2.unige.ch\m-HumanNeuronLab\ANALYSIS\FLM\Analysis_LoraFanda\01_FBM_Analysis\outputs\04_ersp_LM_RAWONLY\EL043\LM\ERSP_matrix\picture\EL043_picture_WM_ERSP_pIns_L3_TN.npy,0.0208268733850129,0.0025839793281653,True,461,6,0.056165107,6
EL043,picture,LM,pIns_L4,\\nasac-m2.unige.ch\m-HumanNeuronLab\ANALYSIS\FLM\Analysis_LoraFanda\01_FBM_Analysis\outputs\04_ersp_LM_RAWONLY\EL043\LM\ERSP_matrix\picture\EL043_picture_WM_ERSP_pIns_L4_TN.npy,0.0233333333333333,0.0016020671834625,True,462,6,0.09447868,6
EL043,picture,LM,pIns_L5,\\nasac-m2.unige.ch\m-HumanNeuronLab\ANALYSIS\FLM\Analysis_LoraFanda\01_FBM_Analysis\outputs\04_ersp_LM_RAWONLY\EL043\LM\ERSP_matrix\picture\EL043_picture_WM_ERSP_pIns_L5_TN.npy,0.0283462532299741,0.0017571059431524,True,463,6,0.11714546,6
EL043,picture,LM,pIns_L6,\\nasac-m2.unige.ch\m-HumanNeuronLab\ANALYSIS\FLM\Analysis_LoraFanda\01_FBM_Analysis\outputs\04_ersp_LM_RAWONLY\EL043\LM\ERSP_matrix\picture\EL043_picture_WM_ERSP_pIns_L6_TN.npy,0.0247803617571059,0.0017829457364341,True,464,6,0.11766878,6
EL043,picture,LM,pIns_L7,\\nasac-m2.unige.ch\m-HumanNeuronLab\ANALYSIS\FLM\Analysis_LoraFanda\01_FBM_Analysis\outputs\04_ersp_LM_RAWONLY\EL043\LM\ERSP_matrix\picture\EL043_picture_WM_ERSP_pIns_L7_TN.npy,0.0249095607235142,0.0016795865633074,True,465,6,0.11087887,6
EL043,picture,LM,pIns_L8,\\nasac-m2.unige.ch\m-HumanNeuronLab\ANALYSIS\FLM\Analysis_LoraFanda\01_FBM_Analysis\outputs\04_ersp_LM_RAWONLY\EL043\LM\ERSP_matrix\picture\EL043_picture_WM_ERSP_pIns_L8_TN.npy,0.0216279069767441,0.0022222222222222,True,466,6,0.111167505,6
EL043,picture,LM,pIns_L9,\\nasac-m2.unige.ch\m-HumanNeuronLab\ANALYSIS\FLM\Analysis_LoraFanda\01_FBM_Analysis\outputs\04_ersp_LM_RAWONLY\EL043\LM\ERSP_matrix\picture\EL043_picture_WM_ERSP_pIns_L9_TN.npy,0.0231007751937984,0.0023514211886304,True,467,6,0.1089425,6
EL043,picture,LM,sSMG_L8,\\nasac-m2.unige.ch\m-HumanNeuronLab\ANALYSIS\FLM\Analysis_LoraFanda\01_FBM_Analysis\outputs\04_ersp_LM_RAWONLY\EL043\LM\ERSP_matrix\picture\EL043_picture_WM_ERSP_sSMG_L8_TN.npy,0.029173126614987,0.0033850129198966,True,468,6,0.084165275,6
EL043,picture,LM,sSMG_L9,\\nasac-m2.unige.ch\m-HumanNeuronLab\ANALYSIS\FLM\Analysis_LoraFanda\01_FBM_Analysis\outputs\04_ersp_LM_RAWONLY\EL043\LM\ERSP_matrix\picture\EL043_picture_WM_ERSP_sSMG_L9_TN.npy,0.0239793281653746,0.0036950904392764,True,469,6,0.050456803,6
EL043,reading,LM,A_L8,\\nasac-m2.unige.ch\m-HumanNeuronLab\ANALYSIS\FLM\Analysis_LoraFanda\01_FBM_Analysis\outputs\04_ersp_LM_RAWONLY\EL043\LM\ERSP_matrix\reading\EL043_reading_WM_ERSP_A_L8_TN.npy,0.0022997416020671,0.0772093023255813,True,470,1,0.16202354,1
EL043,reading,LM,A_L9,\\nasac-m2.unige.ch\m-HumanNeuronLab\ANALYSIS\FLM\Analysis_LoraFanda\01_FBM_Analysis\outputs\04_ersp_LM_RAWONLY\EL043\LM\ERSP_matrix\reading\EL043_reading_WM_ERSP_A_L9_TN.npy,0.0025839793281653,0.0789147286821705,True,471,1,0.17472287,1
EL043,reading,LM,Hip_L7,\\nasac-m2.unige.ch\m-HumanNeuronLab\ANALYSIS\FLM\Analysis_LoraFanda\01_FBM_Analysis\outputs\04_ersp_LM_RAWONLY\EL043\LM\ERSP_matrix\reading\EL043_reading_WM_ERSP_Hip_L7_TN.npy,0.0035917312661498,0.1157881136950904,True,472,1,0.20015891,1
EL043,reading,LM,Hip_L8,\\nasac-m2.unige.ch\m-HumanNeuronLab\ANALYSIS\FLM\Analysis_LoraFanda\01_FBM_Analysis\outputs\04_ersp_LM_RAWONLY\EL043\LM\ERSP_matrix\reading\EL043_reading_WM_ERSP_Hip_L8_TN.npy,0.0022997416020671,0.1640826873385013,True,473,1,0.22752927,1
EL043,reading,LM,Hip_L9,\\nasac-m2.unige.ch\m-HumanNeuronLab\ANALYSIS\FLM\Analysis_LoraFanda\01_FBM_Analysis\outputs\04_ersp_LM_RAWONLY\EL043\LM\ERSP_matrix\reading\EL043_reading_WM_ERSP_Hip_L9_TN.npy,0.0023514211886304,0.1671317829457364,True,474,1,0.23056203,1
EL043,reading,LM,IOG_L10,\\nasac-m2.unige.ch\m-HumanNeuronLab\ANALYSIS\FLM\Analysis_LoraFanda\01_FBM_Analysis\outputs\04_ersp_LM_RAWONLY\EL043\LM\ERSP_matrix\reading\EL043_reading_WM_ERSP_IOG_L10_TN.npy,0.0098191214470284,0.0615503875968992,True,475,1,0.15545091,1
EL043,reading,LM,IOG_L11,\\nasac-m2.unige.ch\m-HumanNeuronLab\ANALYSIS\FLM\Analysis_LoraFanda\01_FBM_Analysis\outputs\04_ersp_LM_RAWONLY\EL043\LM\ERSP_matrix\reading\EL043_reading_WM_ERSP_IOG_L11_TN.npy,0.0321963824289405,0.0809560723514211,True,476,1,0.025691526,1
EL043,reading,LM,IOG_L12,\\nasac-m2.unige.ch\m-HumanNeuronLab\ANALYSIS\FLM\Analysis_LoraFanda\01_FBM_Analysis\outputs\04_ersp_LM_RAWONLY\EL043\LM\ERSP_matrix\reading\EL043_reading_WM_ERSP_IOG_L12_TN.npy,0.0094056847545219,0.0641343669250645,True,477,1,0.18931828,1
EL043,reading,LM,IOG_L1,\\nasac-m2.unige.ch\m-HumanNeuronLab\ANALYSIS\FLM\Analysis_LoraFanda\01_FBM_Analysis\outputs\04_ersp_LM_RAWONLY\EL043\LM\ERSP_matrix\reading\EL043_reading_WM_ERSP_IOG_L1_TN.npy,0.0394315245478036,0.0069767441860465,True,478,6,0.104856804,6
EL043,reading,LM,IOG_L2,\\nasac-m2.unige.ch\m-HumanNeuronLab\ANALYSIS\FLM\Analysis_LoraFanda\01_FBM_Analysis\outputs\04_ersp_LM_RAWONLY\EL043\LM\ERSP_matrix\reading\EL043_reading_WM_ERSP_IOG_L2_TN.npy,0.0322480620155038,0.0079586563307493,True,479,6,0.13423762,6
EL043,reading,LM,IOG_L3,\\nasac-m2.unige.ch\m-HumanNeuronLab\ANALYSIS\FLM\Analysis_LoraFanda\01_FBM_Analysis\outputs\04_ersp_LM_RAWONLY\EL043\LM\ERSP_matrix\reading\EL043_reading_WM_ERSP_IOG_L3_TN.npy,0.021266149870801,0.009250645994832,True,480,6,0.12399494,6
EL043,reading,LM,IOG_L4,\\nasac-m2.unige.ch\m-HumanNeuronLab\ANALYSIS\FLM\Analysis_LoraFanda\01_FBM_Analysis\outputs\04_ersp_LM_RAWONLY\EL043\LM\ERSP_matrix\reading\EL043_reading_WM_ERSP_IOG_L4_TN.npy,0.0392764857881136,0.0111369509043927,True,481,6,0.04584513,6
EL043,reading,LM,IOG_L5,\\nasac-m2.unige.ch\m-HumanNeuronLab\ANALYSIS\FLM\Analysis_LoraFanda\01_FBM_Analysis\outputs\04_ersp_LM_RAWONLY\EL043\LM\ERSP_matrix\reading\EL043_reading_WM_ERSP_IOG_L5_TN.npy,0.0703100775193798,0.0105426356589147,True,482,6,0.0346967,6
EL043,reading,LM,IOG_L6,\\nasac-m2.unige.ch\m-HumanNeuronLab\ANALYSIS\FLM\Analysis_LoraFanda\01_FBM_Analysis\outputs\04_ersp_LM_RAWONLY\EL043\LM\ERSP_matrix\reading\EL043_reading_WM_ERSP_IOG_L6_TN.npy,0.0848578811369509,0.0095348837209302,True,483,6,0.007165475,6
EL043,reading,LM,IOG_L7,\\nasac-m2.unige.ch\m-HumanNeuronLab\ANALYSIS\FLM\Analysis_LoraFanda\01_FBM_Analysis\outputs\04_ersp_LM_RAWONLY\EL043\LM\ERSP_matrix\reading\EL043_reading_WM_ERSP_IOG_L7_TN.npy,0.0967958656330749,0.0108010335917312,True,484,6,0.0149043305,6
EL043,reading,LM,IOG_L8,\\nasac-m2.unige.ch\m-HumanNeuronLab\ANALYSIS\FLM\Analysis_LoraFanda\01_FBM_Analysis\outputs\04_ersp_LM_RAWONLY\EL043\LM\ERSP_matrix\reading\EL043_reading_WM_ERSP_IOG_L8_TN.npy,0.0613436692506459,0.0110077519379844,True,485,6,0.06947818,6
EL043,reading,LM,IOG_L9,\\nasac-m2.unige.ch\m-HumanNeuronLab\ANALYSIS\FLM\Analysis_LoraFanda\01_FBM_Analysis\outputs\04_ersp_LM_RAWONLY\EL043\LM\ERSP_matrix\reading\EL043_reading_WM_ERSP_IOG_L9_TN.npy,0.0323514211886304,0.0417054263565891,True,486,1,-0.042509582,1
EL043,reading,LM,iSMG_L10,\\nasac-m2.unige.ch\m-HumanNeuronLab\ANALYSIS\FLM\Analysis_LoraFanda\01_FBM_Analysis\outputs\04_ersp_LM_RAWONLY\EL043\LM\ERSP_matrix\reading\EL043_reading_WM_ERSP_iSMG_L10_TN.npy,0.0264082687338501,0.0080620155038759,True,487,6,0.054667562,6
EL043,reading,LM,iSMG_L11,\\nasac-m2.unige.ch\m-HumanNeuronLab\ANALYSIS\FLM\Analysis_LoraFanda\01_FBM_Analysis\outputs\04_ersp_LM_RAWONLY\EL043\LM\ERSP_matrix\reading\EL043_reading_WM_ERSP_iSMG_L11_TN.npy,0.0252713178294573,0.0113953488372093,True,488,6,0.09359689,6
EL043,reading,LM,iSMG_L12,\\nasac-m2.unige.ch\m-HumanNeuronLab\ANALYSIS\FLM\Analysis_LoraFanda\01_FBM_Analysis\outputs\04_ersp_LM_RAWONLY\EL043\LM\ERSP_matrix\reading\EL043_reading_WM_ERSP_iSMG_L12_TN.npy,0.0258397932816537,0.015968992248062,True,489,6,0.010571704,6
EL043,reading,LM,iSMG_L13,\\nasac-m2.unige.ch\m-HumanNeuronLab\ANALYSIS\FLM\Analysis_LoraFanda\01_FBM_Analysis\outputs\04_ersp_LM_RAWONLY\EL043\LM\ERSP_matrix\reading\EL043_reading_WM_ERSP_iSMG_L13_TN.npy,0.0219896640826873,0.0116537467700258,True,490,6,0.07322293,6
EL043,reading,LM,iSMG_L14,\\nasac-m2.unige.ch\m-HumanNeuronLab\ANALYSIS\FLM\Analysis_LoraFanda\01_FBM_Analysis\outputs\04_ersp_LM_RAWONLY\EL043\LM\ERSP_matrix\reading\EL043_reading_WM_ERSP_iSMG_L14_TN.npy,0.0209043927648578,0.0121188630490956,True,491,6,0.08116373,6
EL043,reading,LM,iSMG_L2,\\nasac-m2.unige.ch\m-HumanNeuronLab\ANALYSIS\FLM\Analysis_LoraFanda\01_FBM_Analysis\outputs\04_ersp_LM_RAWONLY\EL043\LM\ERSP_matrix\reading\EL043_reading_WM_ERSP_iSMG_L2_TN.npy,0.0520671834625323,0.0078036175710594,True,492,11,-0.004810238,11
EL043,reading,LM,iSMG_L3,\\nasac-m2.unige.ch\m-HumanNeuronLab\ANALYSIS\FLM\Analysis_LoraFanda\01_FBM_Analysis\outputs\04_ersp_LM_RAWONLY\EL043\LM\ERSP_matrix\reading\EL043_reading_WM_ERSP_iSMG_L3_TN.npy,0.0936434108527131,0.0033850129198966,True,493,11,-0.07544037,11
EL043,reading,LM,iSMG_L5,\\nasac-m2.unige.ch\m-HumanNeuronLab\ANALYSIS\FLM\Analysis_LoraFanda\01_FBM_Analysis\outputs\04_ersp_LM_RAWONLY\EL043\LM\ERSP_matrix\reading\EL043_reading_WM_ERSP_iSMG_L5_TN.npy,0.0248578811369509,0.0049870801033591,True,494,6,0.11247209,6
EL043,reading,LM,iSMG_L9,\\nasac-m2.unige.ch\m-HumanNeuronLab\ANALYSIS\FLM\Analysis_LoraFanda\01_FBM_Analysis\outputs\04_ersp_LM_RAWONLY\EL043\LM\ERSP_matrix\reading\EL043_reading_WM_ERSP_iSMG_L9_TN.npy,0.0239018087855297,0.0059948320413436,True,495,6,0.11666794,6
EL043,reading,LM,ITG_L10,\\nasac-m2.unige.ch\m-HumanNeuronLab\ANALYSIS\FLM\Analysis_LoraFanda\01_FBM_Analysis\outputs\04_ersp_LM_RAWONLY\EL043\LM\ERSP_matrix\reading\EL043_reading_WM_ERSP_ITG_L10_TN.npy,0.0022739018087855,0.0556847545219638,True,496,1,0.02982146,1
EL043,reading,LM,ITG_L3,\\nasac-m2.unige.ch\m-HumanNeuronLab\ANALYSIS\FLM\Analysis_LoraFanda\01_FBM_Analysis\outputs\04_ersp_LM_RAWONLY\EL043\LM\ERSP_matrix\reading\EL043_reading_WM_ERSP_ITG_L3_TN.npy,0.0250645994832041,0.0035142118863049,True,497,7,-0.04840421,7
EL043,reading,LM,ITG_L4,\\nasac-m2.unige.ch\m-HumanNeuronLab\ANALYSIS\FLM\Analysis_LoraFanda\01_FBM_Analysis\outputs\04_ersp_LM_RAWONLY\EL043\LM\ERSP_matrix\reading\EL043_reading_WM_ERSP_ITG_L4_TN.npy,0.0584754521963824,0.0051162790697674,True,498,6,-0.038118653,6
EL043,reading,LM,LinG_L7,\\nasac-m2.unige.ch\m-HumanNeuronLab\ANALYSIS\FLM\Analysis_LoraFanda\01_FBM_Analysis\outputs\04_ersp_LM_RAWONLY\EL043\LM\ERSP_matrix\reading\EL043_reading_WM_ERSP_LinG_L7_TN.npy,0.0201550387596899,0.0086821705426356,True,499,6,0.14986269,6
EL043,reading,LM,pIns_L13,\\nasac-m2.unige.ch\m-HumanNeuronLab\ANALYSIS\FLM\Analysis_LoraFanda\01_FBM_Analysis\outputs\04_ersp_LM_RAWONLY\EL043\LM\ERSP_matrix\reading\EL043_reading_WM_ERSP_pIns_L13_TN.npy,0.0209043927648578,0.0095607235142118,True,500,6,0.024051143,6
EL043,reading,LM,pIns_L15,\\nasac-m2.unige.ch\m-HumanNeuronLab\ANALYSIS\FLM\Analysis_LoraFanda\01_FBM_Analysis\outputs\04_ersp_LM_RAWONLY\EL043\LM\ERSP_matrix\reading\EL043_reading_WM_ERSP_pIns_L15_TN.npy,0.0217571059431524,0.0075968992248062,True,501,6,0.060111675,6
EL043,reading,LM,pIns_L17,\\nasac-m2.unige.ch\m-HumanNeuronLab\ANALYSIS\FLM\Analysis_LoraFanda\01_FBM_Analysis\outputs\04_ersp_LM_RAWONLY\EL043\LM\ERSP_matrix\reading\EL043_reading_WM_ERSP_pIns_L17_TN.npy,0.0208010335917312,0.006485788113695,True,502,6,-0.034315508,6
EL043,reading,LM,pIns_L18,\\nasac-m2.unige.ch\m-HumanNeuronLab\ANALYSIS\FLM\Analysis_LoraFanda\01_FBM_Analysis\outputs\04_ersp_LM_RAWONLY\EL043\LM\ERSP_matrix\reading\EL043_reading_WM_ERSP_pIns_L18_TN.npy,0.023953488372093,0.0068733850129198,True,503,6,0.010973791,6
EL043,reading,LM,pIns_L1,\\nasac-m2.unige.ch\m-HumanNeuronLab\ANALYSIS\FLM\Analysis_LoraFanda\01_FBM_Analysis\outputs\04_ersp_LM_RAWONLY\EL043\LM\ERSP_matrix\reading\EL043_reading_WM_ERSP_pIns_L1_TN.npy,0.0204651162790697,0.0071059431524547,True,504,6,0.078693986,6
EL043,reading,LM,pIns_L3,\\nasac-m2.unige.ch\m-HumanNeuronLab\ANALYSIS\FLM\Analysis_LoraFanda\01_FBM_Analysis\outputs\04_ersp_LM_RAWONLY\EL043\LM\ERSP_matrix\reading\EL043_reading_WM_ERSP_pIns_L3_TN.npy,0.0242377260981912,0.0044961240310077,True,505,6,0.064400606,6
EL043,reading,LM,pIns_L4,\\nasac-m2.unige.ch\m-HumanNeuronLab\ANALYSIS\FLM\Analysis_LoraFanda\01_FBM_Analysis\outputs\04_ersp_LM_RAWONLY\EL043\LM\ERSP_matrix\reading\EL043_reading_WM_ERSP_pIns_L4_TN.npy,0.0258397932816537,0.0055297157622739,True,506,6,0.08492646,6
EL043,reading,LM,pIns_L5,\\nasac-m2.unige.ch\m-HumanNeuronLab\ANALYSIS\FLM\Analysis_LoraFanda\01_FBM_Analysis\outputs\04_ersp_LM_RAWONLY\EL043\LM\ERSP_matrix\reading\EL043_reading_WM_ERSP_pIns_L5_TN.npy,0.0232299741602067,0.0059431524547803,True,507,6,0.034870967,6
EL043,reading,LM,pIns_L7,\\nasac-m2.unige.ch\m-HumanNeuronLab\ANALYSIS\FLM\Analysis_LoraFanda\01_FBM_Analysis\outputs\04_ersp_LM_RAWONLY\EL043\LM\ERSP_matrix\reading\EL043_reading_WM_ERSP_pIns_L7_TN.npy,0.02328165374677,0.0076227390180878,True,508,6,0.025849063,6
EL043,reading,LM,STG_L8,\\nasac-m2.unige.ch\m-HumanNeuronLab\ANALYSIS\FLM\Analysis_LoraFanda\01_FBM_Analysis\outputs\04_ersp_LM_RAWONLY\EL043\LM\ERSP_matrix\reading\EL043_reading_WM_ERSP_STG_L8_TN.npy,0.0034108527131782,0.0504134366925064,True,509,1,0.08342992,1
EL044,audio,LM,T51,\\nasac-m2.unige.ch\m-HumanNeuronLab\ANALYSIS\FLM\Analysis_LoraFanda\01_FBM_Analysis\outputs\04_ersp_LM_RAWONLY\EL044\LM\ERSP_matrix\audio\EL044_audio_None_ERSP_T51_TN.npy,0.0231524547803617,0.0113178294573643,True,510,0,-0.16012068,0
EL044,audio,LM,T59,\\nasac-m2.unige.ch\m-HumanNeuronLab\ANALYSIS\FLM\Analysis_LoraFanda\01_FBM_Analysis\outputs\04_ersp_LM_RAWONLY\EL044\LM\ERSP_matrix\audio\EL044_audio_None_ERSP_T59_TN.npy,0.0222222222222222,0.0226873385012919,True,511,0,-0.06983924,0
EL045,audio,LM,A_L10,\\nasac-m2.unige.ch\m-HumanNeuronLab\ANALYSIS\FLM\Analysis_LoraFanda\01_FBM_Analysis\outputs\04_ersp_LM_RAWONLY\EL045\LM\ERSP_matrix\audio\EL045_audio_WM_ERSP_A_L10_TN.npy,0.1072868217054263,0.0192248062015503,True,512,5,0.022215532,5
EL045,audio,LM,A_L11,\\nasac-m2.unige.ch\m-HumanNeuronLab\ANALYSIS\FLM\Analysis_LoraFanda\01_FBM_Analysis\outputs\04_ersp_LM_RAWONLY\EL045\LM\ERSP_matrix\audio\EL045_audio_WM_ERSP_A_L11_TN.npy,0.2650904392764858,0.0489147286821705,True,513,3,0.03435918,3
EL045,audio,LM,A_L12,\\nasac-m2.unige.ch\m-HumanNeuronLab\ANALYSIS\FLM\Analysis_LoraFanda\01_FBM_Analysis\outputs\04_ersp_LM_RAWONLY\EL045\LM\ERSP_matrix\audio\EL045_audio_WM_ERSP_A_L12_TN.npy,0.3310335917312662,0.0737209302325581,True,514,3,0.0115801245,3
EL045,audio,LM,A_L8,\\nasac-m2.unige.ch\m-HumanNeuronLab\ANALYSIS\FLM\Analysis_LoraFanda\01_FBM_Analysis\outputs\04_ersp_LM_RAWONLY\EL045\LM\ERSP_matrix\audio\EL045_audio_WM_ERSP_A_L8_TN.npy,0.0354780361757105,0.0216795865633074,True,515,5,0.094645604,5
EL045,audio,LM,A_L9,\\nasac-m2.unige.ch\m-HumanNeuronLab\ANALYSIS\FLM\Analysis_LoraFanda\01_FBM_Analysis\outputs\04_ersp_LM_RAWONLY\EL045\LM\ERSP_matrix\audio\EL045_audio_WM_ERSP_A_L9_TN.npy,0.0610335917312661,0.0197416020671834,True,516,5,0.07572804,5
EL045,audio,LM,A_R12,\\nasac-m2.unige.ch\m-HumanNeuronLab\ANALYSIS\FLM\Analysis_LoraFanda\01_FBM_Analysis\outputs\04_ersp_LM_RAWONLY\EL045\LM\ERSP_matrix\audio\EL045_audio_WM_ERSP_A_R12_TN.npy,0.0243410852713178,0.001937984496124,True,517,5,-0.014073726,5
EL045,audio,LM,A_R13,\\nasac-m2.unige.ch\m-HumanNeuronLab\ANALYSIS\FLM\Analysis_LoraFanda\01_FBM_Analysis\outputs\04_ersp_LM_RAWONLY\EL045\LM\ERSP_matrix\audio\EL045_audio_WM_ERSP_A_R13_TN.npy,0.0270025839793281,0.0027390180878552,True,518,5,0.02789215,5
EL045,audio,LM,A_R14,\\nasac-m2.unige.ch\m-HumanNeuronLab\ANALYSIS\FLM\Analysis_LoraFanda\01_FBM_Analysis\outputs\04_ersp_LM_RAWONLY\EL045\LM\ERSP_matrix\audio\EL045_audio_WM_ERSP_A_R14_TN.npy,0.0570542635658914,0.0057622739018087,True,519,5,0.032090843,5
EL045,audio,LM,A_R15,\\nasac-m2.unige.ch\m-HumanNeuronLab\ANALYSIS\FLM\Analysis_LoraFanda\01_FBM_Analysis\outputs\04_ersp_LM_RAWONLY\EL045\LM\ERSP_matrix\audio\EL045_audio_WM_ERSP_A_R15_TN.npy,0.322687338501292,0.0844186046511627,True,520,3,0.015046873,3
EL045,audio,LM,A_R4,\\nasac-m2.unige.ch\m-HumanNeuronLab\ANALYSIS\FLM\Analysis_LoraFanda\01_FBM_Analysis\outputs\04_ersp_LM_RAWONLY\EL045\LM\ERSP_matrix\audio\EL045_audio_WM_ERSP_A_R4_TN.npy,0.0221447028423772,0.002609819121447,True,521,5,0.021754902,5
EL045,audio,LM,A_R6,\\nasac-m2.unige.ch\m-HumanNeuronLab\ANALYSIS\FLM\Analysis_LoraFanda\01_FBM_Analysis\outputs\04_ersp_LM_RAWONLY\EL045\LM\ERSP_matrix\audio\EL045_audio_WM_ERSP_A_R6_TN.npy,0.0219638242894056,0.0017054263565891,True,522,5,0.019134128,5
EL045,audio,LM,A_R7,\\nasac-m2.unige.ch\m-HumanNeuronLab\ANALYSIS\FLM\Analysis_LoraFanda\01_FBM_Analysis\outputs\04_ersp_LM_RAWONLY\EL045\LM\ERSP_matrix\audio\EL045_audio_WM_ERSP_A_R7_TN.npy,0.0244444444444444,0.004470284237726,True,523,5,0.030156005,5
EL045,audio,LM,aH_L11,\\nasac-m2.unige.ch\m-HumanNeuronLab\ANALYSIS\FLM\Analysis_LoraFanda\01_FBM_Analysis\outputs\04_ersp_LM_RAWONLY\EL045\LM\ERSP_matrix\audio\EL045_audio_WM_ERSP_aH_L11_TN.npy,0.0211627906976744,0.0012919896640826,True,524,5,0.007894198,5
EL045,audio,LM,aH_L12,\\nasac-m2.unige.ch\m-HumanNeuronLab\ANALYSIS\FLM\Analysis_LoraFanda\01_FBM_Analysis\outputs\04_ersp_LM_RAWONLY\EL045\LM\ERSP_matrix\audio\EL045_audio_WM_ERSP_aH_L12_TN.npy,0.0809302325581395,0.0043927648578811,True,525,5,-0.032862425,5
EL045,audio,LM,aH_R10,\\nasac-m2.unige.ch\m-HumanNeuronLab\ANALYSIS\FLM\Analysis_LoraFanda\01_FBM_Analysis\outputs\04_ersp_LM_RAWONLY\EL045\LM\ERSP_matrix\audio\EL045_audio_WM_ERSP_aH_R10_TN.npy,0.0215503875968992,0.0062273901808785,True,526,5,0.0957588,5
EL045,audio,LM,aH_R11,\\nasac-m2.unige.ch\m-HumanNeuronLab\ANALYSIS\FLM\Analysis_LoraFanda\01_FBM_Analysis\outputs\04_ersp_LM_RAWONLY\EL045\LM\ERSP_matrix\audio\EL045_audio_WM_ERSP_aH_R11_TN.npy,0.0325581395348837,0.0057622739018087,True,527,5,0.025424778,5
EL045,audio,LM,aH_R12,\\nasac-m2.unige.ch\m-HumanNeuronLab\ANALYSIS\FLM\Analysis_LoraFanda\01_FBM_Analysis\outputs\04_ersp_LM_RAWONLY\EL045\LM\ERSP_matrix\audio\EL045_audio_WM_ERSP_aH_R12_TN.npy,0.077312661498708,0.007984496124031,True,528,5,0.01611864,5
EL045,audio,LM,aH_R13,\\nasac-m2.unige.ch\m-HumanNeuronLab\ANALYSIS\FLM\Analysis_LoraFanda\01_FBM_Analysis\outputs\04_ersp_LM_RAWONLY\EL045\LM\ERSP_matrix\audio\EL045_audio_WM_ERSP_aH_R13_TN.npy,0.1115762273901808,0.025142118863049,True,529,5,0.02408819,5
EL045,audio,LM,aH_R5,\\nasac-m2.unige.ch\m-HumanNeuronLab\ANALYSIS\FLM\Analysis_LoraFanda\01_FBM_Analysis\outputs\04_ersp_LM_RAWONLY\EL045\LM\ERSP_matrix\audio\EL045_audio_WM_ERSP_aH_R5_TN.npy,0.0386046511627906,0.0014987080103359,True,530,5,-0.086734705,5
EL045,audio,LM,aH_R6,\\nasac-m2.unige.ch\m-HumanNeuronLab\ANALYSIS\FLM\Analysis_LoraFanda\01_FBM_Analysis\outputs\04_ersp_LM_RAWONLY\EL045\LM\ERSP_matrix\audio\EL045_audio_WM_ERSP_aH_R6_TN.npy,0.0281395348837209,0.0029715762273901,True,531,5,0.011117493,5
EL045,audio,LM,aH_R7,\\nasac-m2.unige.ch\m-HumanNeuronLab\ANALYSIS\FLM\Analysis_LoraFanda\01_FBM_Analysis\outputs\04_ersp_LM_RAWONLY\EL045\LM\ERSP_matrix\audio\EL045_audio_WM_ERSP_aH_R7_TN.npy,0.0313953488372093,0.0015503875968992,True,532,5,0.016701365,5
EL045,audio,LM,aH_R9,\\nasac-m2.unige.ch\m-HumanNeuronLab\ANALYSIS\FLM\Analysis_LoraFanda\01_FBM_Analysis\outputs\04_ersp_LM_RAWONLY\EL045\LM\ERSP_matrix\audio\EL045_audio_WM_ERSP_aH_R9_TN.npy,0.0345994832041343,0.0040310077519379,True,533,5,-0.004843474,5
EL045,audio,LM,EntG_L10,\\nasac-m2.unige.ch\m-HumanNeuronLab\ANALYSIS\FLM\Analysis_LoraFanda\01_FBM_Analysis\outputs\04_ersp_LM_RAWONLY\EL045\LM\ERSP_matrix\audio\EL045_audio_WM_ERSP_EntG_L10_TN.npy,0.0459948320413436,0.0546770025839793,True,534,5,0.06461672,5
EL045,audio,LM,EntG_L11,\\nasac-m2.unige.ch\m-HumanNeuronLab\ANALYSIS\FLM\Analysis_LoraFanda\01_FBM_Analysis\outputs\04_ersp_LM_RAWONLY\EL045\LM\ERSP_matrix\audio\EL045_audio_WM_ERSP_EntG_L11_TN.npy,0.1244702842377261,0.0874677002583979,True,535,5,0.005062431,5
EL045,audio,LM,EntG_L4,\\nasac-m2.unige.ch\m-HumanNeuronLab\ANALYSIS\FLM\Analysis_LoraFanda\01_FBM_Analysis\outputs\04_ersp_LM_RAWONLY\EL045\LM\ERSP_matrix\audio\EL045_audio_WM_ERSP_EntG_L4_TN.npy,0.0266149870801033,0.0197674418604651,True,536,5,0.10744373,5
EL045,audio,LM,EntG_L5,\\nasac-m2.unige.ch\m-HumanNeuronLab\ANALYSIS\FLM\Analysis_LoraFanda\01_FBM_Analysis\outputs\04_ersp_LM_RAWONLY\EL045\LM\ERSP_matrix\audio\EL045_audio_WM_ERSP_EntG_L5_TN.npy,0.0336950904392764,0.0157881136950904,True,537,5,0.08905528,5
EL045,audio,LM,EntG_L6,\\nasac-m2.unige.ch\m-HumanNeuronLab\ANALYSIS\FLM\Analysis_LoraFanda\01_FBM_Analysis\outputs\04_ersp_LM_RAWONLY\EL045\LM\ERSP_matrix\audio\EL045_audio_WM_ERSP_EntG_L6_TN.npy,0.025297157622739,0.0169250645994832,True,538,5,0.14845528,5
EL045,audio,LM,EntG_L8,\\nasac-m2.unige.ch\m-HumanNeuronLab\ANALYSIS\FLM\Analysis_LoraFanda\01_FBM_Analysis\outputs\04_ersp_LM_RAWONLY\EL045\LM\ERSP_matrix\audio\EL045_audio_WM_ERSP_EntG_L8_TN.npy,0.0303875968992248,0.0317312661498708,True,539,5,0.09247946,5
EL045,audio,LM,EntG_L9,\\nasac-m2.unige.ch\m-HumanNeuronLab\ANALYSIS\FLM\Analysis_LoraFanda\01_FBM_Analysis\outputs\04_ersp_LM_RAWONLY\EL045\LM\ERSP_matrix\audio\EL045_audio_WM_ERSP_EntG_L9_TN.npy,0.04328165374677,0.0566666666666666,True,540,5,0.07838199,5
EL045,audio,LM,pH_L11,\\nasac-m2.unige.ch\m-HumanNeuronLab\ANALYSIS\FLM\Analysis_LoraFanda\01_FBM_Analysis\outputs\04_ersp_LM_RAWONLY\EL045\LM\ERSP_matrix\audio\EL045_audio_WM_ERSP_pH_L11_TN.npy,0.0228165374677002,0.0011627906976744,True,541,11,-0.002301569,11
EL045,audio,LM,pH_L12,\\nasac-m2.unige.ch\m-HumanNeuronLab\ANALYSIS\FLM\Analysis_LoraFanda\01_FBM_Analysis\outputs\04_ersp_LM_RAWONLY\EL045\LM\ERSP_matrix\audio\EL045_audio_WM_ERSP_pH_L12_TN.npy,0.0214728682170542,0.001188630490956,True,542,11,0.030696034,11
EL045,audio,LM,pH_L13,\\nasac-m2.unige.ch\m-HumanNeuronLab\ANALYSIS\FLM\Analysis_LoraFanda\01_FBM_Analysis\outputs\04_ersp_LM_RAWONLY\EL045\LM\ERSP_matrix\audio\EL045_audio_WM_ERSP_pH_L13_TN.npy,0.0464599483204134,0.0017312661498708,True,543,11,0.08330965,11
EL045,audio,LM,pH_L14,\\nasac-m2.unige.ch\m-HumanNeuronLab\ANALYSIS\FLM\Analysis_LoraFanda\01_FBM_Analysis\outputs\04_ersp_LM_RAWONLY\EL045\LM\ERSP_matrix\audio\EL045_audio_WM_ERSP_pH_L14_TN.npy,0.0573385012919896,0.0004909560723514,True,544,11,0.025418302,11
EL045,audio,LM,pH_L15,\\nasac-m2.unige.ch\m-HumanNeuronLab\ANALYSIS\FLM\Analysis_LoraFanda\01_FBM_Analysis\outputs\04_ersp_LM_RAWONLY\EL045\LM\ERSP_matrix\audio\EL045_audio_WM_ERSP_pH_L15_TN.npy,0.1827390180878553,0.0043410852713178,True,545,5,-0.042045336,5
EL045,audio,LM,PlaT_L2,\\nasac-m2.unige.ch\m-HumanNeuronLab\ANALYSIS\FLM\Analysis_LoraFanda\01_FBM_Analysis\outputs\04_ersp_LM_RAWONLY\EL045\LM\ERSP_matrix\audio\EL045_audio_WM_ERSP_PlaT_L2_TN.npy,0.0986821705426356,0.024547803617571,True,546,7,-0.03477124,7
EL045,audio,LM,PlaT_L5,\\nasac-m2.unige.ch\m-HumanNeuronLab\ANALYSIS\FLM\Analysis_LoraFanda\01_FBM_Analysis\outputs\04_ersp_LM_RAWONLY\EL045\LM\ERSP_matrix\audio\EL045_audio_WM_ERSP_PlaT_L5_TN.npy,0.0639276485788113,0.0085271317829457,True,547,11,0.0076477025,11
EL045,audio,LM,PlaT_L6,\\nasac-m2.unige.ch\m-HumanNeuronLab\ANALYSIS\FLM\Analysis_LoraFanda\01_FBM_Analysis\outputs\04_ersp_LM_RAWONLY\EL045\LM\ERSP_matrix\audio\EL045_audio_WM_ERSP_PlaT_L6_TN.npy,0.1000516795865633,0.0218346253229974,True,548,5,0.038157824,5
EL045,audio,LM,STG_L1,\\nasac-m2.unige.ch\m-HumanNeuronLab\ANALYSIS\FLM\Analysis_LoraFanda\01_FBM_Analysis\outputs\04_ersp_LM_RAWONLY\EL045\LM\ERSP_matrix\audio\EL045_audio_WM_ERSP_STG_L1_TN.npy,0.0429715762273901,0.0067183462532299,True,549,11,0.0453228,11
EL045,audio,LM,STG_L2,\\nasac-m2.unige.ch\m-HumanNeuronLab\ANALYSIS\FLM\Analysis_LoraFanda\01_FBM_Analysis\outputs\04_ersp_LM_RAWONLY\EL045\LM\ERSP_matrix\audio\EL045_audio_WM_ERSP_STG_L2_TN.npy,0.0260981912144702,0.0056072351421188,True,550,11,0.048382018,11
EL045,audio,LM,STG_L3,\\nasac-m2.unige.ch\m-HumanNeuronLab\ANALYSIS\FLM\Analysis_LoraFanda\01_FBM_Analysis\outputs\04_ersp_LM_RAWONLY\EL045\LM\ERSP_matrix\audio\EL045_audio_WM_ERSP_STG_L3_TN.npy,0.0447286821705426,0.0016020671834625,True,551,11,-0.07865237,11
EL045,audio,LM,STG_L4,\\nasac-m2.unige.ch\m-HumanNeuronLab\ANALYSIS\FLM\Analysis_LoraFanda\01_FBM_Analysis\outputs\04_ersp_LM_RAWONLY\EL045\LM\ERSP_matrix\audio\EL045_audio_WM_ERSP_STG_L4_TN.npy,0.0406201550387596,0.0048578811369509,True,552,11,-0.121507384,11
EL045,audio,LM,STG_L5,\\nasac-m2.unige.ch\m-HumanNeuronLab\ANALYSIS\FLM\Analysis_LoraFanda\01_FBM_Analysis\outputs\04_ersp_LM_RAWONLY\EL045\LM\ERSP_matrix\audio\EL045_audio_WM_ERSP_STG_L5_TN.npy,0.0209043927648578,0.0047286821705426,True,553,11,-0.04599069,11
EL045,audio,LM,STG_L6,\\nasac-m2.unige.ch\m-HumanNeuronLab\ANALYSIS\FLM\Analysis_LoraFanda\01_FBM_Analysis\outputs\04_ersp_LM_RAWONLY\EL045\LM\ERSP_matrix\audio\EL045_audio_WM_ERSP_STG_L6_TN.npy,0.0420930232558139,0.0022222222222222,True,554,11,-0.06800675,11
EL045,audio,LM,STG_L7,\\nasac-m2.unige.ch\m-HumanNeuronLab\ANALYSIS\FLM\Analysis_LoraFanda\01_FBM_Analysis\outputs\04_ersp_LM_RAWONLY\EL045\LM\ERSP_matrix\audio\EL045_audio_WM_ERSP_STG_L7_TN.npy,0.0291214470284237,0.0085271317829457,True,555,11,-0.12026,11
EL045,audio,LM,STG_L9,\\nasac-m2.unige.ch\m-HumanNeuronLab\ANALYSIS\FLM\Analysis_LoraFanda\01_FBM_Analysis\outputs\04_ersp_LM_RAWONLY\EL045\LM\ERSP_matrix\audio\EL045_audio_WM_ERSP_STG_L9_TN.npy,0.1022739018087855,0.0153488372093023,True,556,5,0.039769825,5
EL045,audio,LM,TTG_L1,\\nasac-m2.unige.ch\m-HumanNeuronLab\ANALYSIS\FLM\Analysis_LoraFanda\01_FBM_Analysis\outputs\04_ersp_LM_RAWONLY\EL045\LM\ERSP_matrix\audio\EL045_audio_WM_ERSP_TTG_L1_TN.npy,0.0359431524547803,0.0042635658914728,True,557,11,-0.012976154,11
EL045,audio,LM,TTG_L2,\\nasac-m2.unige.ch\m-HumanNeuronLab\ANALYSIS\FLM\Analysis_LoraFanda\01_FBM_Analysis\outputs\04_ersp_LM_RAWONLY\EL045\LM\ERSP_matrix\audio\EL045_audio_WM_ERSP_TTG_L2_TN.npy,0.031937984496124,0.0017571059431524,True,558,11,-0.06885359,11
EL045,audio,LM,TTG_L3,\\nasac-m2.unige.ch\m-HumanNeuronLab\ANALYSIS\FLM\Analysis_LoraFanda\01_FBM_Analysis\outputs\04_ersp_LM_RAWONLY\EL045\LM\ERSP_matrix\audio\EL045_audio_WM_ERSP_TTG_L3_TN.npy,0.0299483204134366,0.0014987080103359,True,559,11,-0.09367354,11
EL045,audio,LM,TTG_L4,\\nasac-m2.unige.ch\m-HumanNeuronLab\ANALYSIS\FLM\Analysis_LoraFanda\01_FBM_Analysis\outputs\04_ersp_LM_RAWONLY\EL045\LM\ERSP_matrix\audio\EL045_audio_WM_ERSP_TTG_L4_TN.npy,0.0422480620155038,0.0025581395348837,True,560,11,-0.12844366,11
EL045,audio,LM,TTG_L5,\\nasac-m2.unige.ch\m-HumanNeuronLab\ANALYSIS\FLM\Analysis_LoraFanda\01_FBM_Analysis\outputs\04_ersp_LM_RAWONLY\EL045\LM\ERSP_matrix\audio\EL045_audio_WM_ERSP_TTG_L5_TN.npy,0.1291989664082687,0.0031524547803617,True,561,10,0.2089413,10
EL045,audio,LM,TTG_L6,\\nasac-m2.unige.ch\m-HumanNeuronLab\ANALYSIS\FLM\Analysis_LoraFanda\01_FBM_Analysis\outputs\04_ersp_LM_RAWONLY\EL045\LM\ERSP_matrix\audio\EL045_audio_WM_ERSP_TTG_L6_TN.npy,0.0336950904392764,0.0029974160206718,True,562,11,-0.011249532,11
EL045,audio,LM,TTG_L9,\\nasac-m2.unige.ch\m-HumanNeuronLab\ANALYSIS\FLM\Analysis_LoraFanda\01_FBM_Analysis\outputs\04_ersp_LM_RAWONLY\EL045\LM\ERSP_matrix\audio\EL045_audio_WM_ERSP_TTG_L9_TN.npy,0.0364599483204134,0.0229715762273901,True,563,5,0.112495594,5
EL045,picture,LM,A_L10,\\nasac-m2.unige.ch\m-HumanNeuronLab\ANALYSIS\FLM\Analysis_LoraFanda\01_FBM_Analysis\outputs\04_ersp_LM_RAWONLY\EL045\LM\ERSP_matrix\picture\EL045_picture_WM_ERSP_A_L10_TN.npy,0.0852454780361757,0.0270542635658914,True,564,5,0.055518866,5
EL045,picture,LM,A_L11,\\nasac-m2.unige.ch\m-HumanNeuronLab\ANALYSIS\FLM\Analysis_LoraFanda\01_FBM_Analysis\outputs\04_ersp_LM_RAWONLY\EL045\LM\ERSP_matrix\picture\EL045_picture_WM_ERSP_A_L11_TN.npy,0.2032558139534883,0.0657881136950904,True,565,4,0.10780928,4
EL045,picture,LM,A_L12,\\nasac-m2.unige.ch\m-HumanNeuronLab\ANALYSIS\FLM\Analysis_LoraFanda\01_FBM_Analysis\outputs\04_ersp_LM_RAWONLY\EL045\LM\ERSP_matrix\picture\EL045_picture_WM_ERSP_A_L12_TN.npy,0.2744961240310077,0.1163049095607235,True,566,4,0.07619411,4
EL045,picture,LM,A_L1,\\nasac-m2.unige.ch\m-HumanNeuronLab\ANALYSIS\FLM\Analysis_LoraFanda\01_FBM_Analysis\outputs\04_ersp_LM_RAWONLY\EL045\LM\ERSP_matrix\picture\EL045_picture_WM_ERSP_A_L1_TN.npy,0.0355038759689922,0.0043669250645994,True,567,5,-0.028991299,5
EL045,picture,LM,A_L2,\\nasac-m2.unige.ch\m-HumanNeuronLab\ANALYSIS\FLM\Analysis_LoraFanda\01_FBM_Analysis\outputs\04_ersp_LM_RAWONLY\EL045\LM\ERSP_matrix\picture\EL045_picture_WM_ERSP_A_L2_TN.npy,0.0293798449612403,0.0054780361757105,True,568,5,-0.016535074,5
EL045,picture,LM,A_L3,\\nasac-m2.unige.ch\m-HumanNeuronLab\ANALYSIS\FLM\Analysis_LoraFanda\01_FBM_Analysis\outputs\04_ersp_LM_RAWONLY\EL045\LM\ERSP_matrix\picture\EL045_picture_WM_ERSP_A_L3_TN.npy,0.0313178294573643,0.0081136950904392,True,569,5,0.048929237,5
EL045,picture,LM,A_L4,\\nasac-m2.unige.ch\m-HumanNeuronLab\ANALYSIS\FLM\Analysis_LoraFanda\01_FBM_Analysis\outputs\04_ersp_LM_RAWONLY\EL045\LM\ERSP_matrix\picture\EL045_picture_WM_ERSP_A_L4_TN.npy,0.0320671834625322,0.0109302325581395,True,570,5,0.0804647,5
EL045,picture,LM,A_L5,\\nasac-m2.unige.ch\m-HumanNeuronLab\ANALYSIS\FLM\Analysis_LoraFanda\01_FBM_Analysis\outputs\04_ersp_LM_RAWONLY\EL045\LM\ERSP_matrix\picture\EL045_picture_WM_ERSP_A_L5_TN.npy,0.0266666666666666,0.0077519379844961,True,571,5,0.10316322,5
EL045,picture,LM,A_L6,\\nasac-m2.unige.ch\m-HumanNeuronLab\ANALYSIS\FLM\Analysis_LoraFanda\01_FBM_Analysis\outputs\04_ersp_LM_RAWONLY\EL045\LM\ERSP_matrix\picture\EL045_picture_WM_ERSP_A_L6_TN.npy,0.0302842377260981,0.0074418604651162,True,572,5,0.12011527,5
EL045,picture,LM,A_L8,\\nasac-m2.unige.ch\m-HumanNeuronLab\ANALYSIS\FLM\Analysis_LoraFanda\01_FBM_Analysis\outputs\04_ersp_LM_RAWONLY\EL045\LM\ERSP_matrix\picture\EL045_picture_WM_ERSP_A_L8_TN.npy,0.0391214470284237,0.0103617571059431,True,573,5,0.13269848,5
EL045,picture,LM,A_L9,\\nasac-m2.unige.ch\m-HumanNeuronLab\ANALYSIS\FLM\Analysis_LoraFanda\01_FBM_Analysis\outputs\04_ersp_LM_RAWONLY\EL045\LM\ERSP_matrix\picture\EL045_picture_WM_ERSP_A_L9_TN.npy,0.051860465116279,0.0174677002583979,True,574,5,0.12199299,5
EL045,picture,LM,A_R11,\\nasac-m2.unige.ch\m-HumanNeuronLab\ANALYSIS\FLM\Analysis_LoraFanda\01_FBM_Analysis\outputs\04_ersp_LM_RAWONLY\EL045\LM\ERSP_matrix\picture\EL045_picture_WM_ERSP_A_R11_TN.npy,0.0200775193798449,0.0040310077519379,True,575,5,0.086468935,5
EL045,picture,LM,A_R12,\\nasac-m2.unige.ch\m-HumanNeuronLab\ANALYSIS\FLM\Analysis_LoraFanda\01_FBM_Analysis\outputs\04_ersp_LM_RAWONLY\EL045\LM\ERSP_matrix\picture\EL045_picture_WM_ERSP_A_R12_TN.npy,0.0224547803617571,0.0065116279069767,True,576,5,0.08228752,5
EL045,picture,LM,A_R13,\\nasac-m2.unige.ch\m-HumanNeuronLab\ANALYSIS\FLM\Analysis_LoraFanda\01_FBM_Analysis\outputs\04_ersp_LM_RAWONLY\EL045\LM\ERSP_matrix\picture\EL045_picture_WM_ERSP_A_R13_TN.npy,0.0384237726098191,0.007235142118863,True,577,5,0.12349903,5
EL045,picture,LM,A_R14,\\nasac-m2.unige.ch\m-HumanNeuronLab\ANALYSIS\FLM\Analysis_LoraFanda\01_FBM_Analysis\outputs\04_ersp_LM_RAWONLY\EL045\LM\ERSP_matrix\picture\EL045_picture_WM_ERSP_A_R14_TN.npy,0.1078811369509044,0.0119638242894056,True,578,5,0.024970569,5
EL045,picture,LM,A_R15,\\nasac-m2.unige.ch\m-HumanNeuronLab\ANALYSIS\FLM\Analysis_LoraFanda\01_FBM_Analysis\outputs\04_ersp_LM_RAWONLY\EL045\LM\ERSP_matrix\picture\EL045_picture_WM_ERSP_A_R15_TN.npy,0.2436950904392764,0.0587596899224806,True,579,4,0.12520558,4
EL045,picture,LM,A_R1,\\nasac-m2.unige.ch\m-HumanNeuronLab\ANALYSIS\FLM\Analysis_LoraFanda\01_FBM_Analysis\outputs\04_ersp_LM_RAWONLY\EL045\LM\ERSP_matrix\picture\EL045_picture_WM_ERSP_A_R1_TN.npy,0.0284754521963824,0.0005684754521963,True,580,7,0.047976233,7
EL045,picture,LM,A_R4,\\nasac-m2.unige.ch\m-HumanNeuronLab\ANALYSIS\FLM\Analysis_LoraFanda\01_FBM_Analysis\outputs\04_ersp_LM_RAWONLY\EL045\LM\ERSP_matrix\picture\EL045_picture_WM_ERSP_A_R4_TN.npy,0.0249354005167958,0.0018346253229974,True,581,5,0.100180455,5
EL045,picture,LM,A_R5,\\nasac-m2.unige.ch\m-HumanNeuronLab\ANALYSIS\FLM\Analysis_LoraFanda\01_FBM_Analysis\outputs\04_ersp_LM_RAWONLY\EL045\LM\ERSP_matrix\picture\EL045_picture_WM_ERSP_A_R5_TN.npy,0.0298708010335917,0.0012919896640826,True,582,5,-0.012990836,5
EL045,picture,LM,A_R6,\\nasac-m2.unige.ch\m-HumanNeuronLab\ANALYSIS\FLM\Analysis_LoraFanda\01_FBM_Analysis\outputs\04_ersp_LM_RAWONLY\EL045\LM\ERSP_matrix\picture\EL045_picture_WM_ERSP_A_R6_TN.npy,0.0318346253229974,0.0020155038759689,True,583,5,0.06946883,5
EL045,picture,LM,A_R7,\\nasac-m2.unige.ch\m-HumanNeuronLab\ANALYSIS\FLM\Analysis_LoraFanda\01_FBM_Analysis\outputs\04_ersp_LM_RAWONLY\EL045\LM\ERSP_matrix\picture\EL045_picture_WM_ERSP_A_R7_TN.npy,0.0310335917312661,0.00656330749354,True,584,5,0.14456064,5
EL045,picture,LM,aH_L11,\\nasac-m2.unige.ch\m-HumanNeuronLab\ANALYSIS\FLM\Analysis_LoraFanda\01_FBM_Analysis\outputs\04_ersp_LM_RAWONLY\EL045\LM\ERSP_matrix\picture\EL045_picture_WM_ERSP_aH_L11_TN.npy,0.025142118863049,0.0015245478036175,True,585,5,0.057050314,5
EL045,picture,LM,aH_L12,\\nasac-m2.unige.ch\m-HumanNeuronLab\ANALYSIS\FLM\Analysis_LoraFanda\01_FBM_Analysis\outputs\04_ersp_LM_RAWONLY\EL045\LM\ERSP_matrix\picture\EL045_picture_WM_ERSP_aH_L12_TN.npy,0.0741085271317829,0.0020671834625322,True,586,5,0.048897553,5
EL045,picture,LM,aH_R10,\\nasac-m2.unige.ch\m-HumanNeuronLab\ANALYSIS\FLM\Analysis_LoraFanda\01_FBM_Analysis\outputs\04_ersp_LM_RAWONLY\EL045\LM\ERSP_matrix\picture\EL045_picture_WM_ERSP_aH_R10_TN.npy,0.0404651162790697,0.0072868217054263,True,587,5,0.06715002,5
EL045,picture,LM,aH_R11,\\nasac-m2.unige.ch\m-HumanNeuronLab\ANALYSIS\FLM\Analysis_LoraFanda\01_FBM_Analysis\outputs\04_ersp_LM_RAWONLY\EL045\LM\ERSP_matrix\picture\EL045_picture_WM_ERSP_aH_R11_TN.npy,0.0385271317829457,0.0093540051679586,True,588,5,0.10194743,5
EL045,picture,LM,aH_R12,\\nasac-m2.unige.ch\m-HumanNeuronLab\ANALYSIS\FLM\Analysis_LoraFanda\01_FBM_Analysis\outputs\04_ersp_LM_RAWONLY\EL045\LM\ERSP_matrix\picture\EL045_picture_WM_ERSP_aH_R12_TN.npy,0.0767958656330749,0.0122480620155038,True,589,5,0.012943111,5
EL045,picture,LM,aH_R13,\\nasac-m2.unige.ch\m-HumanNeuronLab\ANALYSIS\FLM\Analysis_LoraFanda\01_FBM_Analysis\outputs\04_ersp_LM_RAWONLY\EL045\LM\ERSP_matrix\picture\EL045_picture_WM_ERSP_aH_R13_TN.npy,0.1375968992248062,0.0244186046511627,True,590,5,-0.0724242,5
EL045,picture,LM,aH_R5,\\nasac-m2.unige.ch\m-HumanNeuronLab\ANALYSIS\FLM\Analysis_LoraFanda\01_FBM_Analysis\outputs\04_ersp_LM_RAWONLY\EL045\LM\ERSP_matrix\picture\EL045_picture_WM_ERSP_aH_R5_TN.npy,0.0209560723514211,0.0022997416020671,True,591,5,0.11045293,5
EL045,picture,LM,aH_R6,\\nasac-m2.unige.ch\m-HumanNeuronLab\ANALYSIS\FLM\Analysis_LoraFanda\01_FBM_Analysis\outputs\04_ersp_LM_RAWONLY\EL045\LM\ERSP_matrix\picture\EL045_picture_WM_ERSP_aH_R6_TN.npy,0.0307493540051679,0.0017829457364341,True,592,5,0.08495177,5
EL045,picture,LM,aH_R7,\\nasac-m2.unige.ch\m-HumanNeuronLab\ANALYSIS\FLM\Analysis_LoraFanda\01_FBM_Analysis\outputs\04_ersp_LM_RAWONLY\EL045\LM\ERSP_matrix\picture\EL045_picture_WM_ERSP_aH_R7_TN.npy,0.0337984496124031,0.0046511627906976,True,593,5,0.14102302,5
EL045,picture,LM,aH_R9,\\nasac-m2.unige.ch\m-HumanNeuronLab\ANALYSIS\FLM\Analysis_LoraFanda\01_FBM_Analysis\outputs\04_ersp_LM_RAWONLY\EL045\LM\ERSP_matrix\picture\EL045_picture_WM_ERSP_aH_R9_TN.npy,0.0411627906976744,0.0102325581395348,True,594,5,0.11673489,5
EL045,picture,LM,EntG_L10,\\nasac-m2.unige.ch\m-HumanNeuronLab\ANALYSIS\FLM\Analysis_LoraFanda\01_FBM_Analysis\outputs\04_ersp_LM_RAWONLY\EL045\LM\ERSP_matrix\picture\EL045_picture_WM_ERSP_EntG_L10_TN.npy,0.0477260981912144,0.0689922480620155,True,595,5,-0.04111792,5
EL045,picture,LM,EntG_L11,\\nasac-m2.unige.ch\m-HumanNeuronLab\ANALYSIS\FLM\Analysis_LoraFanda\01_FBM_Analysis\outputs\04_ersp_LM_RAWONLY\EL045\LM\ERSP_matrix\picture\EL045_picture_WM_ERSP_EntG_L11_TN.npy,0.1279328165374677,0.1341343669250646,True,596,4,0.13723724,4
EL045,picture,LM,EntG_L1,\\nasac-m2.unige.ch\m-HumanNeuronLab\ANALYSIS\FLM\Analysis_LoraFanda\01_FBM_Analysis\outputs\04_ersp_LM_RAWONLY\EL045\LM\ERSP_matrix\picture\EL045_picture_WM_ERSP_EntG_L1_TN.npy,0.0201550387596899,0.0069250645994832,True,597,5,0.054684896,5
EL045,picture,LM,EntG_L2,\\nasac-m2.unige.ch\m-HumanNeuronLab\ANALYSIS\FLM\Analysis_LoraFanda\01_FBM_Analysis\outputs\04_ersp_LM_RAWONLY\EL045\LM\ERSP_matrix\picture\EL045_picture_WM_ERSP_EntG_L2_TN.npy,0.0402842377260981,0.0106976744186046,True,598,5,0.009353038,5
EL045,picture,LM,EntG_L3,\\nasac-m2.unige.ch\m-HumanNeuronLab\ANALYSIS\FLM\Analysis_LoraFanda\01_FBM_Analysis\outputs\04_ersp_LM_RAWONLY\EL045\LM\ERSP_matrix\picture\EL045_picture_WM_ERSP_EntG_L3_TN.npy,0.0260981912144702,0.0068992248062015,True,599,5,0.110932454,5
EL045,picture,LM,EntG_L4,\\nasac-m2.unige.ch\m-HumanNeuronLab\ANALYSIS\FLM\Analysis_LoraFanda\01_FBM_Analysis\outputs\04_ersp_LM_RAWONLY\EL045\LM\ERSP_matrix\picture\EL045_picture_WM_ERSP_EntG_L4_TN.npy,0.0410335917312661,0.0140051679586563,True,600,5,0.13388367,5
EL045,picture,LM,EntG_L5,\\nasac-m2.unige.ch\m-HumanNeuronLab\ANALYSIS\FLM\Analysis_LoraFanda\01_FBM_Analysis\outputs\04_ersp_LM_RAWONLY\EL045\LM\ERSP_matrix\picture\EL045_picture_WM_ERSP_EntG_L5_TN.npy,0.0302067183462532,0.0182170542635658,True,601,5,0.12315879,5
EL045,picture,LM,EntG_L6,\\nasac-m2.unige.ch\m-HumanNeuronLab\ANALYSIS\FLM\Analysis_LoraFanda\01_FBM_Analysis\outputs\04_ersp_LM_RAWONLY\EL045\LM\ERSP_matrix\picture\EL045_picture_WM_ERSP_EntG_L6_TN.npy,0.0245219638242894,0.0192764857881136,True,602,5,0.13072112,5
EL045,picture,LM,EntG_L7,\\nasac-m2.unige.ch\m-HumanNeuronLab\ANALYSIS\FLM\Analysis_LoraFanda\01_FBM_Analysis\outputs\04_ersp_LM_RAWONLY\EL045\LM\ERSP_matrix\picture\EL045_picture_WM_ERSP_EntG_L7_TN.npy,0.0231007751937984,0.0291989664082687,True,603,5,0.07653122,5
EL045,picture,LM,EntG_L8,\\nasac-m2.unige.ch\m-HumanNeuronLab\ANALYSIS\FLM\Analysis_LoraFanda\01_FBM_Analysis\outputs\04_ersp_LM_RAWONLY\EL045\LM\ERSP_matrix\picture\EL045_picture_WM_ERSP_EntG_L8_TN.npy,0.0309560723514211,0.0385271317829457,True,604,5,0.030173609,5
EL045,picture,LM,EntG_L9,\\nasac-m2.unige.ch\m-HumanNeuronLab\ANALYSIS\FLM\Analysis_LoraFanda\01_FBM_Analysis\outputs\04_ersp_LM_RAWONLY\EL045\LM\ERSP_matrix\picture\EL045_picture_WM_ERSP_EntG_L9_TN.npy,0.0390439276485788,0.0588372093023255,True,605,5,-0.024544174,5
EL045,picture,LM,pH_L10,\\nasac-m2.unige.ch\m-HumanNeuronLab\ANALYSIS\FLM\Analysis_LoraFanda\01_FBM_Analysis\outputs\04_ersp_LM_RAWONLY\EL045\LM\ERSP_matrix\picture\EL045_picture_WM_ERSP_pH_L10_TN.npy,0.0237726098191214,0.0010077519379844,True,606,11,-0.008134023,11
EL045,picture,LM,pH_L12,\\nasac-m2.unige.ch\m-HumanNeuronLab\ANALYSIS\FLM\Analysis_LoraFanda\01_FBM_Analysis\outputs\04_ersp_LM_RAWONLY\EL045\LM\ERSP_matrix\picture\EL045_picture_WM_ERSP_pH_L12_TN.npy,0.0209819121447028,0.0025064599483204,True,607,11,-0.016124783,11
EL045,picture,LM,pH_L13,\\nasac-m2.unige.ch\m-HumanNeuronLab\ANALYSIS\FLM\Analysis_LoraFanda\01_FBM_Analysis\outputs\04_ersp_LM_RAWONLY\EL045\LM\ERSP_matrix\picture\EL045_picture_WM_ERSP_pH_L13_TN.npy,0.0308527131782945,0.0020930232558139,True,608,11,0.055533223,11
EL045,picture,LM,pH_L14,\\nasac-m2.unige.ch\m-HumanNeuronLab\ANALYSIS\FLM\Analysis_LoraFanda\01_FBM_Analysis\outputs\04_ersp_LM_RAWONLY\EL045\LM\ERSP_matrix\picture\EL045_picture_WM_ERSP_pH_L14_TN.npy,0.0410594315245478,0.0012144702842377,True,609,11,-0.06247612,11
EL045,picture,LM,pH_L15,\\nasac-m2.unige.ch\m-HumanNeuronLab\ANALYSIS\FLM\Analysis_LoraFanda\01_FBM_Analysis\outputs\04_ersp_LM_RAWONLY\EL045\LM\ERSP_matrix\picture\EL045_picture_WM_ERSP_pH_L15_TN.npy,0.1446770025839793,0.0050387596899224,True,610,5,-0.03494937,5
EL045,picture,LM,pH_L5,\\nasac-m2.unige.ch\m-HumanNeuronLab\ANALYSIS\FLM\Analysis_LoraFanda\01_FBM_Analysis\outputs\04_ersp_LM_RAWONLY\EL045\LM\ERSP_matrix\picture\EL045_picture_WM_ERSP_pH_L5_TN.npy,0.027235142118863,0.0010335917312661,True,611,11,-0.020305533,11
EL045,picture,LM,pH_L6,\\nasac-m2.unige.ch\m-HumanNeuronLab\ANALYSIS\FLM\Analysis_LoraFanda\01_FBM_Analysis\outputs\04_ersp_LM_RAWONLY\EL045\LM\ERSP_matrix\picture\EL045_picture_WM_ERSP_pH_L6_TN.npy,0.0201808785529715,0.0010594315245478,True,612,11,0.048293903,11
EL045,picture,LM,PlaT_L1,\\nasac-m2.unige.ch\m-HumanNeuronLab\ANALYSIS\FLM\Analysis_LoraFanda\01_FBM_Analysis\outputs\04_ersp_LM_RAWONLY\EL045\LM\ERSP_matrix\picture\EL045_picture_WM_ERSP_PlaT_L1_TN.npy,0.0321188630490956,0.0025839793281653,True,613,2,-0.10067812,2
EL045,picture,LM,PlaT_L2,\\nasac-m2.unige.ch\m-HumanNeuronLab\ANALYSIS\FLM\Analysis_LoraFanda\01_FBM_Analysis\outputs\04_ersp_LM_RAWONLY\EL045\LM\ERSP_matrix\picture\EL045_picture_WM_ERSP_PlaT_L2_TN.npy,0.0283979328165374,0.0075710594315245,True,614,7,0.055848025,7
EL045,picture,LM,PlaT_L4,\\nasac-m2.unige.ch\m-HumanNeuronLab\ANALYSIS\FLM\Analysis_LoraFanda\01_FBM_Analysis\outputs\04_ersp_LM_RAWONLY\EL045\LM\ERSP_matrix\picture\EL045_picture_WM_ERSP_PlaT_L4_TN.npy,0.0277777777777777,0.0084754521963824,True,615,7,0.023032997,7
EL045,picture,LM,PlaT_L5,\\nasac-m2.unige.ch\m-HumanNeuronLab\ANALYSIS\FLM\Analysis_LoraFanda\01_FBM_Analysis\outputs\04_ersp_LM_RAWONLY\EL045\LM\ERSP_matrix\picture\EL045_picture_WM_ERSP_PlaT_L5_TN.npy,0.0825839793281653,0.0042377260981912,True,616,2,-0.040375248,2
EL045,picture,LM,PlaT_L6,\\nasac-m2.unige.ch\m-HumanNeuronLab\ANALYSIS\FLM\Analysis_LoraFanda\01_FBM_Analysis\outputs\04_ersp_LM_RAWONLY\EL045\LM\ERSP_matrix\picture\EL045_picture_WM_ERSP_PlaT_L6_TN.npy,0.1135917312661498,0.0068475452196382,True,617,5,-0.0048035216,5
EL045,picture,LM,STG_L1,\\nasac-m2.unige.ch\m-HumanNeuronLab\ANALYSIS\FLM\Analysis_LoraFanda\01_FBM_Analysis\outputs\04_ersp_LM_RAWONLY\EL045\LM\ERSP_matrix\picture\EL045_picture_WM_ERSP_STG_L1_TN.npy,0.0563049095607235,0.0051162790697674,True,618,2,-0.030542452,2
EL045,picture,LM,STG_L2,\\nasac-m2.unige.ch\m-HumanNeuronLab\ANALYSIS\FLM\Analysis_LoraFanda\01_FBM_Analysis\outputs\04_ersp_LM_RAWONLY\EL045\LM\ERSP_matrix\picture\EL045_picture_WM_ERSP_STG_L2_TN.npy,0.03,0.0050645994832041,True,619,11,0.12336052,11
EL045,picture,LM,STG_L3,\\nasac-m2.unige.ch\m-HumanNeuronLab\ANALYSIS\FLM\Analysis_LoraFanda\01_FBM_Analysis\outputs\04_ersp_LM_RAWONLY\EL045\LM\ERSP_matrix\picture\EL045_picture_WM_ERSP_STG_L3_TN.npy,0.0680103359173126,0.0010594315245478,True,620,11,-0.06157808,11
EL045,picture,LM,STG_L4,\\nasac-m2.unige.ch\m-HumanNeuronLab\ANALYSIS\FLM\Analysis_LoraFanda\01_FBM_Analysis\outputs\04_ersp_LM_RAWONLY\EL045\LM\ERSP_matrix\picture\EL045_picture_WM_ERSP_STG_L4_TN.npy,0.0388113695090439,0.0029974160206718,True,621,11,0.030267697,11
EL045,picture,LM,STG_L5,\\nasac-m2.unige.ch\m-HumanNeuronLab\ANALYSIS\FLM\Analysis_LoraFanda\01_FBM_Analysis\outputs\04_ersp_LM_RAWONLY\EL045\LM\ERSP_matrix\picture\EL045_picture_WM_ERSP_STG_L5_TN.npy,0.0217312661498708,0.0012403100775193,True,622,11,0.08647376,11
EL045,picture,LM,STG_L6,\\nasac-m2.unige.ch\m-HumanNeuronLab\ANALYSIS\FLM\Analysis_LoraFanda\01_FBM_Analysis\outputs\04_ersp_LM_RAWONLY\EL045\LM\ERSP_matrix\picture\EL045_picture_WM_ERSP_STG_L6_TN.npy,0.0319121447028423,0.004470284237726,True,623,11,0.07979848,11
EL045,picture,LM,STG_L7,\\nasac-m2.unige.ch\m-HumanNeuronLab\ANALYSIS\FLM\Analysis_LoraFanda\01_FBM_Analysis\outputs\04_ersp_LM_RAWONLY\EL045\LM\ERSP_matrix\picture\EL045_picture_WM_ERSP_STG_L7_TN.npy,0.0354521963824289,0.005968992248062,True,624,11,0.03998348,11
EL045,picture,LM,STG_L8,\\nasac-m2.unige.ch\m-HumanNeuronLab\ANALYSIS\FLM\Analysis_LoraFanda\01_FBM_Analysis\outputs\04_ersp_LM_RAWONLY\EL045\LM\ERSP_matrix\picture\EL045_picture_WM_ERSP_STG_L8_TN.npy,0.0260981912144702,0.0040051679586563,True,625,11,-0.029865526,11
EL045,picture,LM,STG_L9,\\nasac-m2.unige.ch\m-HumanNeuronLab\ANALYSIS\FLM\Analysis_LoraFanda\01_FBM_Analysis\outputs\04_ersp_LM_RAWONLY\EL045\LM\ERSP_matrix\picture\EL045_picture_WM_ERSP_STG_L9_TN.npy,0.0974160206718346,0.005813953488372,True,626,5,0.07819779,5
EL045,picture,LM,TTG_L1,\\nasac-m2.unige.ch\m-HumanNeuronLab\ANALYSIS\FLM\Analysis_LoraFanda\01_FBM_Analysis\outputs\04_ersp_LM_RAWONLY\EL045\LM\ERSP_matrix\picture\EL045_picture_WM_ERSP_TTG_L1_TN.npy,0.0357622739018087,0.0006459948320413,True,627,2,-0.07997099,2
EL045,picture,LM,TTG_L2,\\nasac-m2.unige.ch\m-HumanNeuronLab\ANALYSIS\FLM\Analysis_LoraFanda\01_FBM_Analysis\outputs\04_ersp_LM_RAWONLY\EL045\LM\ERSP_matrix\picture\EL045_picture_WM_ERSP_TTG_L2_TN.npy,0.0489664082687338,0.0008527131782945,True,628,2,-0.040862568,2
EL045,picture,LM,TTG_L3,\\nasac-m2.unige.ch\m-HumanNeuronLab\ANALYSIS\FLM\Analysis_LoraFanda\01_FBM_Analysis\outputs\04_ersp_LM_RAWONLY\EL045\LM\ERSP_matrix\picture\EL045_picture_WM_ERSP_TTG_L3_TN.npy,0.0484496124031007,0.0017312661498708,True,629,2,0.0068087624,2
EL045,picture,LM,TTG_L4,\\nasac-m2.unige.ch\m-HumanNeuronLab\ANALYSIS\FLM\Analysis_LoraFanda\01_FBM_Analysis\outputs\04_ersp_LM_RAWONLY\EL045\LM\ERSP_matrix\picture\EL045_picture_WM_ERSP_TTG_L4_TN.npy,0.0717054263565891,0.0020671834625322,True,630,2,0.040710133,2
EL045,picture,LM,TTG_L5,\\nasac-m2.unige.ch\m-HumanNeuronLab\ANALYSIS\FLM\Analysis_LoraFanda\01_FBM_Analysis\outputs\04_ersp_LM_RAWONLY\EL045\LM\ERSP_matrix\picture\EL045_picture_WM_ERSP_TTG_L5_TN.npy,0.1271576227390181,0.0011111111111111,True,631,2,0.07467777,2
EL045,picture,LM,TTG_L6,\\nasac-m2.unige.ch\m-HumanNeuronLab\ANALYSIS\FLM\Analysis_LoraFanda\01_FBM_Analysis\outputs\04_ersp_LM_RAWONLY\EL045\LM\ERSP_matrix\picture\EL045_picture_WM_ERSP_TTG_L6_TN.npy,0.0749612403100775,0.0055297157622739,True,632,2,0.023566736,2
EL045,picture,LM,TTG_L7,\\nasac-m2.unige.ch\m-HumanNeuronLab\ANALYSIS\FLM\Analysis_LoraFanda\01_FBM_Analysis\outputs\04_ersp_LM_RAWONLY\EL045\LM\ERSP_matrix\picture\EL045_picture_WM_ERSP_TTG_L7_TN.npy,0.0452454780361757,0.0079328165374677,True,633,2,-0.023493778,2
EL045,picture,LM,TTG_L8,\\nasac-m2.unige.ch\m-HumanNeuronLab\ANALYSIS\FLM\Analysis_LoraFanda\01_FBM_Analysis\outputs\04_ersp_LM_RAWONLY\EL045\LM\ERSP_matrix\picture\EL045_picture_WM_ERSP_TTG_L8_TN.npy,0.0386046511627906,0.0049354005167958,True,634,5,0.08179326,5
EL045,picture,LM,TTG_L9,\\nasac-m2.unige.ch\m-HumanNeuronLab\ANALYSIS\FLM\Analysis_LoraFanda\01_FBM_Analysis\outputs\04_ersp_LM_RAWONLY\EL045\LM\ERSP_matrix\picture\EL045_picture_WM_ERSP_TTG_L9_TN.npy,0.0631007751937984,0.0106459948320413,True,635,5,0.094829746,5
EL045,reading,LM,A_L10,\\nasac-m2.unige.ch\m-HumanNeuronLab\ANALYSIS\FLM\Analysis_LoraFanda\01_FBM_Analysis\outputs\04_ersp_LM_RAWONLY\EL045\LM\ERSP_matrix\reading\EL045_reading_WM_ERSP_A_L10_TN.npy,0.054470284237726,0.0218863049095607,True,636,5,0.10789594,5
EL045,reading,LM,A_L11,\\nasac-m2.unige.ch\m-HumanNeuronLab\ANALYSIS\FLM\Analysis_LoraFanda\01_FBM_Analysis\outputs\04_ersp_LM_RAWONLY\EL045\LM\ERSP_matrix\reading\EL045_reading_WM_ERSP_A_L11_TN.npy,0.1402583979328165,0.037157622739018,True,637,2,0.0031738128,2
EL045,reading,LM,A_L12,\\nasac-m2.unige.ch\m-HumanNeuronLab\ANALYSIS\FLM\Analysis_LoraFanda\01_FBM_Analysis\outputs\04_ersp_LM_RAWONLY\EL045\LM\ERSP_matrix\reading\EL045_reading_WM_ERSP_A_L12_TN.npy,0.1911111111111111,0.0489922480620155,True,638,2,-0.006138176,2
EL045,reading,LM,A_L1,\\nasac-m2.unige.ch\m-HumanNeuronLab\ANALYSIS\FLM\Analysis_LoraFanda\01_FBM_Analysis\outputs\04_ersp_LM_RAWONLY\EL045\LM\ERSP_matrix\reading\EL045_reading_WM_ERSP_A_L1_TN.npy,0.023953488372093,0.0165891472868217,True,639,5,-0.010022633,5
EL045,reading,LM,A_L5,\\nasac-m2.unige.ch\m-HumanNeuronLab\ANALYSIS\FLM\Analysis_LoraFanda\01_FBM_Analysis\outputs\04_ersp_LM_RAWONLY\EL045\LM\ERSP_matrix\reading\EL045_reading_WM_ERSP_A_L5_TN.npy,0.0213178294573643,0.0174677002583979,True,640,5,0.1402604,5
EL045,reading,LM,A_L6,\\nasac-m2.unige.ch\m-HumanNeuronLab\ANALYSIS\FLM\Analysis_LoraFanda\01_FBM_Analysis\outputs\04_ersp_LM_RAWONLY\EL045\LM\ERSP_matrix\reading\EL045_reading_WM_ERSP_A_L6_TN.npy,0.0276744186046511,0.0288113695090439,True,641,5,0.16354305,5
EL045,reading,LM,A_L8,\\nasac-m2.unige.ch\m-HumanNeuronLab\ANALYSIS\FLM\Analysis_LoraFanda\01_FBM_Analysis\outputs\04_ersp_LM_RAWONLY\EL045\LM\ERSP_matrix\reading\EL045_reading_WM_ERSP_A_L8_TN.npy,0.027829457364341,0.0336175710594315,True,642,5,0.13326427,5
EL045,reading,LM,A_L9,\\nasac-m2.unige.ch\m-HumanNeuronLab\ANALYSIS\FLM\Analysis_LoraFanda\01_FBM_Analysis\outputs\04_ersp_LM_RAWONLY\EL045\LM\ERSP_matrix\reading\EL045_reading_WM_ERSP_A_L9_TN.npy,0.0382428940568475,0.030516795865633,True,643,5,0.11205475,5
EL045,reading,LM,A_R12,\\nasac-m2.unige.ch\m-HumanNeuronLab\ANALYSIS\FLM\Analysis_LoraFanda\01_FBM_Analysis\outputs\04_ersp_LM_RAWONLY\EL045\LM\ERSP_matrix\reading\EL045_reading_WM_ERSP_A_R12_TN.npy,0.0300775193798449,0.0040826873385012,True,644,5,0.08977937,5
EL045,reading,LM,A_R13,\\nasac-m2.unige.ch\m-HumanNeuronLab\ANALYSIS\FLM\Analysis_LoraFanda\01_FBM_Analysis\outputs\04_ersp_LM_RAWONLY\EL045\LM\ERSP_matrix\reading\EL045_reading_WM_ERSP_A_R13_TN.npy,0.0235658914728682,0.0031007751937984,True,645,5,0.16100952,5
EL045,reading,LM,A_R14,\\nasac-m2.unige.ch\m-HumanNeuronLab\ANALYSIS\FLM\Analysis_LoraFanda\01_FBM_Analysis\outputs\04_ersp_LM_RAWONLY\EL045\LM\ERSP_matrix\reading\EL045_reading_WM_ERSP_A_R14_TN.npy,0.0460723514211886,0.0052713178294573,True,646,5,0.12875617,5
EL045,reading,LM,A_R15,\\nasac-m2.unige.ch\m-HumanNeuronLab\ANALYSIS\FLM\Analysis_LoraFanda\01_FBM_Analysis\outputs\04_ersp_LM_RAWONLY\EL045\LM\ERSP_matrix\reading\EL045_reading_WM_ERSP_A_R15_TN.npy,0.1048837209302325,0.021860465116279,True,647,2,-0.096340984,2
EL045,reading,LM,A_R4,\\nasac-m2.unige.ch\m-HumanNeuronLab\ANALYSIS\FLM\Analysis_LoraFanda\01_FBM_Analysis\outputs\04_ersp_LM_RAWONLY\EL045\LM\ERSP_matrix\reading\EL045_reading_WM_ERSP_A_R4_TN.npy,0.0396382428940568,0.0028165374677002,True,648,5,0.100783065,5
EL045,reading,LM,A_R5,\\nasac-m2.unige.ch\m-HumanNeuronLab\ANALYSIS\FLM\Analysis_LoraFanda\01_FBM_Analysis\outputs\04_ersp_LM_RAWONLY\EL045\LM\ERSP_matrix\reading\EL045_reading_WM_ERSP_A_R5_TN.npy,0.0353488372093023,0.0014987080103359,True,649,5,0.06705107,5
EL045,reading,LM,A_R6,\\nasac-m2.unige.ch\m-HumanNeuronLab\ANALYSIS\FLM\Analysis_LoraFanda\01_FBM_Analysis\outputs\04_ersp_LM_RAWONLY\EL045\LM\ERSP_matrix\reading\EL045_reading_WM_ERSP_A_R6_TN.npy,0.0418087855297157,0.0021963824289405,True,650,5,0.101718746,5
EL045,reading,LM,A_R7,\\nasac-m2.unige.ch\m-HumanNeuronLab\ANALYSIS\FLM\Analysis_LoraFanda\01_FBM_Analysis\outputs\04_ersp_LM_RAWONLY\EL045\LM\ERSP_matrix\reading\EL045_reading_WM_ERSP_A_R7_TN.npy,0.0531007751937984,0.0070025839793281,True,651,5,0.1351105,5
EL045,reading,LM,aH_L11,\\nasac-m2.unige.ch\m-HumanNeuronLab\ANALYSIS\FLM\Analysis_LoraFanda\01_FBM_Analysis\outputs\04_ersp_LM_RAWONLY\EL045\LM\ERSP_matrix\reading\EL045_reading_WM_ERSP_aH_L11_TN.npy,0.0477777777777777,0.0007235142118863,True,652,7,-0.027167903,7
EL045,reading,LM,aH_L12,\\nasac-m2.unige.ch\m-HumanNeuronLab\ANALYSIS\FLM\Analysis_LoraFanda\01_FBM_Analysis\outputs\04_ersp_LM_RAWONLY\EL045\LM\ERSP_matrix\reading\EL045_reading_WM_ERSP_aH_L12_TN.npy,0.1246770025839793,0.0021447028423772,True,653,2,-0.027709521,2
EL045,reading,LM,aH_R10,\\nasac-m2.unige.ch\m-HumanNeuronLab\ANALYSIS\FLM\Analysis_LoraFanda\01_FBM_Analysis\outputs\04_ersp_LM_RAWONLY\EL045\LM\ERSP_matrix\reading\EL045_reading_WM_ERSP_aH_R10_TN.npy,0.037312661498708,0.0049095607235142,True,654,5,0.0951817,5
EL045,reading,LM,aH_R11,\\nasac-m2.unige.ch\m-HumanNeuronLab\ANALYSIS\FLM\Analysis_LoraFanda\01_FBM_Analysis\outputs\04_ersp_LM_RAWONLY\EL045\LM\ERSP_matrix\reading\EL045_reading_WM_ERSP_aH_R11_TN.npy,0.0498966408268733,0.0065374677002583,True,655,5,0.059251312,5
EL045,reading,LM,aH_R12,\\nasac-m2.unige.ch\m-HumanNeuronLab\ANALYSIS\FLM\Analysis_LoraFanda\01_FBM_Analysis\outputs\04_ersp_LM_RAWONLY\EL045\LM\ERSP_matrix\reading\EL045_reading_WM_ERSP_aH_R12_TN.npy,0.0542118863049095,0.010516795865633,True,656,5,0.15794672,5
EL045,reading,LM,aH_R13,\\nasac-m2.unige.ch\m-HumanNeuronLab\ANALYSIS\FLM\Analysis_LoraFanda\01_FBM_Analysis\outputs\04_ersp_LM_RAWONLY\EL045\LM\ERSP_matrix\reading\EL045_reading_WM_ERSP_aH_R13_TN.npy,0.0734625322997416,0.010516795865633,True,657,5,0.11624931,5
EL045,reading,LM,aH_R1,\\nasac-m2.unige.ch\m-HumanNeuronLab\ANALYSIS\FLM\Analysis_LoraFanda\01_FBM_Analysis\outputs\04_ersp_LM_RAWONLY\EL045\LM\ERSP_matrix\reading\EL045_reading_WM_ERSP_aH_R1_TN.npy,0.0237984496124031,0.0016279069767441,True,658,5,0.011274769,5
EL045,reading,LM,aH_R4,\\nasac-m2.unige.ch\m-HumanNeuronLab\ANALYSIS\FLM\Analysis_LoraFanda\01_FBM_Analysis\outputs\04_ersp_LM_RAWONLY\EL045\LM\ERSP_matrix\reading\EL045_reading_WM_ERSP_aH_R4_TN.npy,0.0278036175710594,0.0025064599483204,True,659,5,0.065429285,5
EL045,reading,LM,aH_R5,\\nasac-m2.unige.ch\m-HumanNeuronLab\ANALYSIS\FLM\Analysis_LoraFanda\01_FBM_Analysis\outputs\04_ersp_LM_RAWONLY\EL045\LM\ERSP_matrix\reading\EL045_reading_WM_ERSP_aH_R5_TN.npy,0.039173126614987,0.0022997416020671,True,660,5,0.05769525,5
EL045,reading,LM,aH_R6,\\nasac-m2.unige.ch\m-HumanNeuronLab\ANALYSIS\FLM\Analysis_LoraFanda\01_FBM_Analysis\outputs\04_ersp_LM_RAWONLY\EL045\LM\ERSP_matrix\reading\EL045_reading_WM_ERSP_aH_R6_TN.npy,0.0542894056847545,0.0040568475452196,True,661,5,0.11132387,5
EL045,reading,LM,aH_R7,\\nasac-m2.unige.ch\m-HumanNeuronLab\ANALYSIS\FLM\Analysis_LoraFanda\01_FBM_Analysis\outputs\04_ersp_LM_RAWONLY\EL045\LM\ERSP_matrix\reading\EL045_reading_WM_ERSP_aH_R7_TN.npy,0.0617054263565891,0.0049612403100775,True,662,5,0.101940505,5
EL045,reading,LM,aH_R9,\\nasac-m2.unige.ch\m-HumanNeuronLab\ANALYSIS\FLM\Analysis_LoraFanda\01_FBM_Analysis\outputs\04_ersp_LM_RAWONLY\EL045\LM\ERSP_matrix\reading\EL045_reading_WM_ERSP_aH_R9_TN.npy,0.0502583979328165,0.0081653746770025,True,663,5,0.08492563,5
EL045,reading,LM,EntG_L10,\\nasac-m2.unige.ch\m-HumanNeuronLab\ANALYSIS\FLM\Analysis_LoraFanda\01_FBM_Analysis\outputs\04_ersp_LM_RAWONLY\EL045\LM\ERSP_matrix\reading\EL045_reading_WM_ERSP_EntG_L10_TN.npy,0.0404392764857881,0.0974677002583979,True,664,5,-0.020909345,5
EL045,reading,LM,EntG_L11,\\nasac-m2.unige.ch\m-HumanNeuronLab\ANALYSIS\FLM\Analysis_LoraFanda\01_FBM_Analysis\outputs\04_ersp_LM_RAWONLY\EL045\LM\ERSP_matrix\reading\EL045_reading_WM_ERSP_EntG_L11_TN.npy,0.081860465116279,0.1411369509043927,True,665,5,-0.1085074,5
EL045,reading,LM,EntG_L1,\\nasac-m2.unige.ch\m-HumanNeuronLab\ANALYSIS\FLM\Analysis_LoraFanda\01_FBM_Analysis\outputs\04_ersp_LM_RAWONLY\EL045\LM\ERSP_matrix\reading\EL045_reading_WM_ERSP_EntG_L1_TN.npy,0.0344444444444444,0.0093023255813953,True,666,5,0.017276432,5
EL045,reading,LM,EntG_L2,\\nasac-m2.unige.ch\m-HumanNeuronLab\ANALYSIS\FLM\Analysis_LoraFanda\01_FBM_Analysis\outputs\04_ersp_LM_RAWONLY\EL045\LM\ERSP_matrix\reading\EL045_reading_WM_ERSP_EntG_L2_TN.npy,0.0444444444444444,0.0206201550387596,True,667,5,0.09951689,5
EL045,reading,LM,EntG_L3,\\nasac-m2.unige.ch\m-HumanNeuronLab\ANALYSIS\FLM\Analysis_LoraFanda\01_FBM_Analysis\outputs\04_ersp_LM_RAWONLY\EL045\LM\ERSP_matrix\reading\EL045_reading_WM_ERSP_EntG_L3_TN.npy,0.0262015503875969,0.0222222222222222,True,668,5,0.16667044,5
EL045,reading,LM,EntG_L4,\\nasac-m2.unige.ch\m-HumanNeuronLab\ANALYSIS\FLM\Analysis_LoraFanda\01_FBM_Analysis\outputs\04_ersp_LM_RAWONLY\EL045\LM\ERSP_matrix\reading\EL045_reading_WM_ERSP_EntG_L4_TN.npy,0.0359431524547803,0.0304392764857881,True,669,5,0.1411116,5
EL045,reading,LM,EntG_L5,\\nasac-m2.unige.ch\m-HumanNeuronLab\ANALYSIS\FLM\Analysis_LoraFanda\01_FBM_Analysis\outputs\04_ersp_LM_RAWONLY\EL045\LM\ERSP_matrix\reading\EL045_reading_WM_ERSP_EntG_L5_TN.npy,0.0351162790697674,0.0357622739018087,True,670,5,0.0999781,5
EL045,reading,LM,EntG_L6,\\nasac-m2.unige.ch\m-HumanNeuronLab\ANALYSIS\FLM\Analysis_LoraFanda\01_FBM_Analysis\outputs\04_ersp_LM_RAWONLY\EL045\LM\ERSP_matrix\reading\EL045_reading_WM_ERSP_EntG_L6_TN.npy,0.0247545219638242,0.0377002583979328,True,671,5,0.12275478,5
EL045,reading,LM,EntG_L7,\\nasac-m2.unige.ch\m-HumanNeuronLab\ANALYSIS\FLM\Analysis_LoraFanda\01_FBM_Analysis\outputs\04_ersp_LM_RAWONLY\EL045\LM\ERSP_matrix\reading\EL045_reading_WM_ERSP_EntG_L7_TN.npy,0.0257881136950904,0.0483204134366925,True,672,5,0.07416584,5
EL045,reading,LM,EntG_L8,\\nasac-m2.unige.ch\m-HumanNeuronLab\ANALYSIS\FLM\Analysis_LoraFanda\01_FBM_Analysis\outputs\04_ersp_LM_RAWONLY\EL045\LM\ERSP_matrix\reading\EL045_reading_WM_ERSP_EntG_L8_TN.npy,0.0345736434108527,0.0668475452196382,True,673,5,0.012844676,5
EL045,reading,LM,EntG_L9,\\nasac-m2.unige.ch\m-HumanNeuronLab\ANALYSIS\FLM\Analysis_LoraFanda\01_FBM_Analysis\outputs\04_ersp_LM_RAWONLY\EL045\LM\ERSP_matrix\reading\EL045_reading_WM_ERSP_EntG_L9_TN.npy,0.0470025839793281,0.0928423772609819,True,674,5,-0.025011994,5
EL045,reading,LM,pH_L10,\\nasac-m2.unige.ch\m-HumanNeuronLab\ANALYSIS\FLM\Analysis_LoraFanda\01_FBM_Analysis\outputs\04_ersp_LM_RAWONLY\EL045\LM\ERSP_matrix\reading\EL045_reading_WM_ERSP_pH_L10_TN.npy,0.0334108527131782,0.0016020671834625,True,675,7,-0.042010356,7
EL045,reading,LM,pH_L11,\\nasac-m2.unige.ch\m-HumanNeuronLab\ANALYSIS\FLM\Analysis_LoraFanda\01_FBM_Analysis\outputs\04_ersp_LM_RAWONLY\EL045\LM\ERSP_matrix\reading\EL045_reading_WM_ERSP_pH_L11_TN.npy,0.0352454780361757,0.0021447028423772,True,676,7,0.01532971,7
EL045,reading,LM,pH_L12,\\nasac-m2.unige.ch\m-HumanNeuronLab\ANALYSIS\FLM\Analysis_LoraFanda\01_FBM_Analysis\outputs\04_ersp_LM_RAWONLY\EL045\LM\ERSP_matrix\reading\EL045_reading_WM_ERSP_pH_L12_TN.npy,0.0405426356589147,0.0020155038759689,True,677,7,0.0054482906,7
EL045,reading,LM,pH_L13,\\nasac-m2.unige.ch\m-HumanNeuronLab\ANALYSIS\FLM\Analysis_LoraFanda\01_FBM_Analysis\outputs\04_ersp_LM_RAWONLY\EL045\LM\ERSP_matrix\reading\EL045_reading_WM_ERSP_pH_L13_TN.npy,0.0477260981912144,0.0013953488372093,True,678,7,0.06004865,7
EL045,reading,LM,pH_L14,\\nasac-m2.unige.ch\m-HumanNeuronLab\ANALYSIS\FLM\Analysis_LoraFanda\01_FBM_Analysis\outputs\04_ersp_LM_RAWONLY\EL045\LM\ERSP_matrix\reading\EL045_reading_WM_ERSP_pH_L14_TN.npy,0.0596124031007751,0.0013436692506459,True,679,7,0.05980879,7
EL045,reading,LM,pH_L15,\\nasac-m2.unige.ch\m-HumanNeuronLab\ANALYSIS\FLM\Analysis_LoraFanda\01_FBM_Analysis\outputs\04_ersp_LM_RAWONLY\EL045\LM\ERSP_matrix\reading\EL045_reading_WM_ERSP_pH_L15_TN.npy,0.1121188630490956,0.0013695090439276,True,680,2,-0.040214006,2
EL045,reading,LM,pH_L5,\\nasac-m2.unige.ch\m-HumanNeuronLab\ANALYSIS\FLM\Analysis_LoraFanda\01_FBM_Analysis\outputs\04_ersp_LM_RAWONLY\EL045\LM\ERSP_matrix\reading\EL045_reading_WM_ERSP_pH_L5_TN.npy,0.021266149870801,0.0003875968992248,True,681,7,0.09513545,7
EL045,reading,LM,pH_L9,\\nasac-m2.unige.ch\m-HumanNeuronLab\ANALYSIS\FLM\Analysis_LoraFanda\01_FBM_Analysis\outputs\04_ersp_LM_RAWONLY\EL045\LM\ERSP_matrix\reading\EL045_reading_WM_ERSP_pH_L9_TN.npy,0.0218346253229974,0.0016279069767441,True,682,7,-0.05440135,7
EL045,reading,LM,PlaT_L2,\\nasac-m2.unige.ch\m-HumanNeuronLab\ANALYSIS\FLM\Analysis_LoraFanda\01_FBM_Analysis\outputs\04_ersp_LM_RAWONLY\EL045\LM\ERSP_matrix\reading\EL045_reading_WM_ERSP_PlaT_L2_TN.npy,0.0945736434108527,0.031937984496124,True,683,7,-0.006614732,7
EL045,reading,LM,PlaT_L3,\\nasac-m2.unige.ch\m-HumanNeuronLab\ANALYSIS\FLM\Analysis_LoraFanda\01_FBM_Analysis\outputs\04_ersp_LM_RAWONLY\EL045\LM\ERSP_matrix\reading\EL045_reading_WM_ERSP_PlaT_L3_TN.npy,0.0331782945736434,0.033953488372093,True,684,7,-0.014605459,7
EL045,reading,LM,PlaT_L4,\\nasac-m2.unige.ch\m-HumanNeuronLab\ANALYSIS\FLM\Analysis_LoraFanda\01_FBM_Analysis\outputs\04_ersp_LM_RAWONLY\EL045\LM\ERSP_matrix\reading\EL045_reading_WM_ERSP_PlaT_L4_TN.npy,0.0367441860465116,0.0340826873385012,True,685,7,-0.059798192,7
EL045,reading,LM,PlaT_L5,\\nasac-m2.unige.ch\m-HumanNeuronLab\ANALYSIS\FLM\Analysis_LoraFanda\01_FBM_Analysis\outputs\04_ersp_LM_RAWONLY\EL045\LM\ERSP_matrix\reading\EL045_reading_WM_ERSP_PlaT_L5_TN.npy,0.0634883720930232,0.0074935400516795,True,686,2,0.022795325,2
EL045,reading,LM,PlaT_L6,\\nasac-m2.unige.ch\m-HumanNeuronLab\ANALYSIS\FLM\Analysis_LoraFanda\01_FBM_Analysis\outputs\04_ersp_LM_RAWONLY\EL045\LM\ERSP_matrix\reading\EL045_reading_WM_ERSP_PlaT_L6_TN.npy,0.0531007751937984,0.0190697674418604,True,687,2,-0.074664086,2
EL045,reading,LM,STG_L1,\\nasac-m2.unige.ch\m-HumanNeuronLab\ANALYSIS\FLM\Analysis_LoraFanda\01_FBM_Analysis\outputs\04_ersp_LM_RAWONLY\EL045\LM\ERSP_matrix\reading\EL045_reading_WM_ERSP_STG_L1_TN.npy,0.0422222222222222,0.0097932816537467,True,688,2,-0.05609877,2
EL045,reading,LM,STG_L2,\\nasac-m2.unige.ch\m-HumanNeuronLab\ANALYSIS\FLM\Analysis_LoraFanda\01_FBM_Analysis\outputs\04_ersp_LM_RAWONLY\EL045\LM\ERSP_matrix\reading\EL045_reading_WM_ERSP_STG_L2_TN.npy,0.0328682170542635,0.0104134366925064,True,689,11,0.0994898,11
EL045,reading,LM,STG_L3,\\nasac-m2.unige.ch\m-HumanNeuronLab\ANALYSIS\FLM\Analysis_LoraFanda\01_FBM_Analysis\outputs\04_ersp_LM_RAWONLY\EL045\LM\ERSP_matrix\reading\EL045_reading_WM_ERSP_STG_L3_TN.npy,0.0529715762273901,0.0067183462532299,True,690,11,0.08671774,11
EL045,reading,LM,STG_L4,\\nasac-m2.unige.ch\m-HumanNeuronLab\ANALYSIS\FLM\Analysis_LoraFanda\01_FBM_Analysis\outputs\04_ersp_LM_RAWONLY\EL045\LM\ERSP_matrix\reading\EL045_reading_WM_ERSP_STG_L4_TN.npy,0.0655038759689922,0.0035400516795865,True,691,11,-0.029708425,11
EL045,reading,LM,STG_L5,\\nasac-m2.unige.ch\m-HumanNeuronLab\ANALYSIS\FLM\Analysis_LoraFanda\01_FBM_Analysis\outputs\04_ersp_LM_RAWONLY\EL045\LM\ERSP_matrix\reading\EL045_reading_WM_ERSP_STG_L5_TN.npy,0.0306459948320413,0.0094056847545219,True,692,11,0.09931278,11
EL045,reading,LM,STG_L6,\\nasac-m2.unige.ch\m-HumanNeuronLab\ANALYSIS\FLM\Analysis_LoraFanda\01_FBM_Analysis\outputs\04_ersp_LM_RAWONLY\EL045\LM\ERSP_matrix\reading\EL045_reading_WM_ERSP_STG_L6_TN.npy,0.0382428940568475,0.0113953488372093,True,693,11,0.035688274,11
EL045,reading,LM,STG_L7,\\nasac-m2.unige.ch\m-HumanNeuronLab\ANALYSIS\FLM\Analysis_LoraFanda\01_FBM_Analysis\outputs\04_ersp_LM_RAWONLY\EL045\LM\ERSP_matrix\reading\EL045_reading_WM_ERSP_STG_L7_TN.npy,0.0200775193798449,0.0121705426356589,True,694,2,-0.15029702,2
EL045,reading,LM,STG_L9,\\nasac-m2.unige.ch\m-HumanNeuronLab\ANALYSIS\FLM\Analysis_LoraFanda\01_FBM_Analysis\outputs\04_ersp_LM_RAWONLY\EL045\LM\ERSP_matrix\reading\EL045_reading_WM_ERSP_STG_L9_TN.npy,0.0670284237726098,0.0174418604651162,True,695,2,-0.07917703,2
EL045,reading,LM,TTG_L2,\\nasac-m2.unige.ch\m-HumanNeuronLab\ANALYSIS\FLM\Analysis_LoraFanda\01_FBM_Analysis\outputs\04_ersp_LM_RAWONLY\EL045\LM\ERSP_matrix\reading\EL045_reading_WM_ERSP_TTG_L2_TN.npy,0.0300516795865633,0.0050645994832041,True,696,2,-0.031301502,2
EL045,reading,LM,TTG_L3,\\nasac-m2.unige.ch\m-HumanNeuronLab\ANALYSIS\FLM\Analysis_LoraFanda\01_FBM_Analysis\outputs\04_ersp_LM_RAWONLY\EL045\LM\ERSP_matrix\reading\EL045_reading_WM_ERSP_TTG_L3_TN.npy,0.0303875968992248,0.0095090439276485,True,697,2,-0.09453933,2
EL045,reading,LM,TTG_L4,\\nasac-m2.unige.ch\m-HumanNeuronLab\ANALYSIS\FLM\Analysis_LoraFanda\01_FBM_Analysis\outputs\04_ersp_LM_RAWONLY\EL045\LM\ERSP_matrix\reading\EL045_reading_WM_ERSP_TTG_L4_TN.npy,0.0350645994832041,0.0134883720930232,True,698,2,-0.10431252,2
EL045,reading,LM,TTG_L5,\\nasac-m2.unige.ch\m-HumanNeuronLab\ANALYSIS\FLM\Analysis_LoraFanda\01_FBM_Analysis\outputs\04_ersp_LM_RAWONLY\EL045\LM\ERSP_matrix\reading\EL045_reading_WM_ERSP_TTG_L5_TN.npy,0.0787596899224806,0.0072609819121447,True,699,2,0.040809922,2
EL045,reading,LM,TTG_L9,\\nasac-m2.unige.ch\m-HumanNeuronLab\ANALYSIS\FLM\Analysis_LoraFanda\01_FBM_Analysis\outputs\04_ersp_LM_RAWONLY\EL045\LM\ERSP_matrix\reading\EL045_reading_WM_ERSP_TTG_L9_TN.npy,0.0327648578811369,0.0301550387596899,True,700,2,-0.15420698,2
PAT_2868,audio,LM,FOP3,\\nasac-m2.unige.ch\m-HumanNeuronLab\ANALYSIS\FLM\Analysis_LoraFanda\01_FBM_Analysis\outputs\04_ersp_LM_RAWONLY\PAT_2868\LM\ERSP_matrix\audio\PAT_2868_audio_WM_ERSP_FOP3_TN.npy,0.0255038759689922,0.0014211886304909,True,701,11,0.0047536553,11
PAT_2868,audio,LM,FOP4,\\nasac-m2.unige.ch\m-HumanNeuronLab\ANALYSIS\FLM\Analysis_LoraFanda\01_FBM_Analysis\outputs\04_ersp_LM_RAWONLY\PAT_2868\LM\ERSP_matrix\audio\PAT_2868_audio_WM_ERSP_FOP4_TN.npy,0.0324289405684754,0.0015503875968992,True,702,11,-0.0055598803,11
PAT_2868,audio,LM,FOP5,\\nasac-m2.unige.ch\m-HumanNeuronLab\ANALYSIS\FLM\Analysis_LoraFanda\01_FBM_Analysis\outputs\04_ersp_LM_RAWONLY\PAT_2868\LM\ERSP_matrix\audio\PAT_2868_audio_WM_ERSP_FOP5_TN.npy,0.0322997416020671,0.0053229974160206,True,703,11,0.014748251,11
PAT_2868,picture,LM,IDM3,\\nasac-m2.unige.ch\m-HumanNeuronLab\ANALYSIS\FLM\Analysis_LoraFanda\01_FBM_Analysis\outputs\04_ersp_LM_RAWONLY\PAT_2868\LM\ERSP_matrix\picture\PAT_2868_picture_WM_ERSP_IDM3_TN.npy,0.0208527131782945,0.0001808785529715,True,704,7,0.012602942,7
PAT_2868,reading,LM,PPS5,\\nasac-m2.unige.ch\m-HumanNeuronLab\ANALYSIS\FLM\Analysis_LoraFanda\01_FBM_Analysis\outputs\04_ersp_LM_RAWONLY\PAT_2868\LM\ERSP_matrix\reading\PAT_2868_reading_WM_ERSP_PPS5_TN.npy,0.0256072351421188,0.0001291989664082,True,705,7,0.1504105,7
PAT_3066,audio,LM,FOG14,\\nasac-m2.unige.ch\m-HumanNeuronLab\ANALYSIS\FLM\Analysis_LoraFanda\01_FBM_Analysis\outputs\04_ersp_LM_RAWONLY\PAT_3066\LM\ERSP_matrix\audio\PAT_3066_audio_WM_ERSP_FOG14_TN.npy,0.0206976744186046,0.0014728682170542,True,706,11,-0.020475753,11
PAT_3066,audio,LM,FOG15,\\nasac-m2.unige.ch\m-HumanNeuronLab\ANALYSIS\FLM\Analysis_LoraFanda\01_FBM_Analysis\outputs\04_ersp_LM_RAWONLY\PAT_3066\LM\ERSP_matrix\audio\PAT_3066_audio_WM_ERSP_FOG15_TN.npy,0.3896382428940568,0.0144444444444444,True,707,3,0.028808005,3
PAT_3066,audio,LM,HAG2,\\nasac-m2.unige.ch\m-HumanNeuronLab\ANALYSIS\FLM\Analysis_LoraFanda\01_FBM_Analysis\outputs\04_ersp_LM_RAWONLY\PAT_3066\LM\ERSP_matrix\audio\PAT_3066_audio_WM_ERSP_HAG2_TN.npy,0.0212403100775193,0.0005426356589147,True,708,7,0.06960233,7
PAT_3066,audio,LM,IMG10,\\nasac-m2.unige.ch\m-HumanNeuronLab\ANALYSIS\FLM\Analysis_LoraFanda\01_FBM_Analysis\outputs\04_ersp_LM_RAWONLY\PAT_3066\LM\ERSP_matrix\audio\PAT_3066_audio_WM_ERSP_IMG10_TN.npy,0.023875968992248,0.0032299741602067,True,709,11,0.03786133,11
PAT_3066,audio,LM,IMG15,\\nasac-m2.unige.ch\m-HumanNeuronLab\ANALYSIS\FLM\Analysis_LoraFanda\01_FBM_Analysis\outputs\04_ersp_LM_RAWONLY\PAT_3066\LM\ERSP_matrix\audio\PAT_3066_audio_WM_ERSP_IMG15_TN.npy,0.0237726098191214,0.001266149870801,True,710,11,-0.001905622,11
PAT_3066,audio,LM,IMG17,\\nasac-m2.unige.ch\m-HumanNeuronLab\ANALYSIS\FLM\Analysis_LoraFanda\01_FBM_Analysis\outputs\04_ersp_LM_RAWONLY\PAT_3066\LM\ERSP_matrix\audio\PAT_3066_audio_WM_ERSP_IMG17_TN.npy,0.0434108527131782,0.0006718346253229,True,711,11,-0.05830569,11
PAT_3066,audio,LM,IMG18,\\nasac-m2.unige.ch\m-HumanNeuronLab\ANALYSIS\FLM\Analysis_LoraFanda\01_FBM_Analysis\outputs\04_ersp_LM_RAWONLY\PAT_3066\LM\ERSP_matrix\audio\PAT_3066_audio_WM_ERSP_IMG18_TN.npy,0.1870542635658914,0.0010335917312661,True,712,3,0.005978169,3
PAT_3066,audio,LM,STG3,\\nasac-m2.unige.ch\m-HumanNeuronLab\ANALYSIS\FLM\Analysis_LoraFanda\01_FBM_Analysis\outputs\04_ersp_LM_RAWONLY\PAT_3066\LM\ERSP_matrix\audio\PAT_3066_audio_WM_ERSP_STG3_TN.npy,0.027312661498708,0.0040310077519379,True,713,6,-0.048574135,6
PAT_3066,audio,LM,STG4,\\nasac-m2.unige.ch\m-HumanNeuronLab\ANALYSIS\FLM\Analysis_LoraFanda\01_FBM_Analysis\outputs\04_ersp_LM_RAWONLY\PAT_3066\LM\ERSP_matrix\audio\PAT_3066_audio_WM_ERSP_STG4_TN.npy,0.0289922480620155,0.0075193798449612,True,714,6,-0.036904182,6
PAT_3066,audio,LM,STG7,\\nasac-m2.unige.ch\m-HumanNeuronLab\ANALYSIS\FLM\Analysis_LoraFanda\01_FBM_Analysis\outputs\04_ersp_LM_RAWONLY\PAT_3066\LM\ERSP_matrix\audio\PAT_3066_audio_WM_ERSP_STG7_TN.npy,0.024625322997416,0.0078036175710594,True,715,6,0.013296945,6
PAT_3066,audio,LM,STG8,\\nasac-m2.unige.ch\m-HumanNeuronLab\ANALYSIS\FLM\Analysis_LoraFanda\01_FBM_Analysis\outputs\04_ersp_LM_RAWONLY\PAT_3066\LM\ERSP_matrix\audio\PAT_3066_audio_WM_ERSP_STG8_TN.npy,0.0257364341085271,0.0046770025839793,True,716,6,-0.020553865,6
PAT_3066,audio,LM,TIG8,\\nasac-m2.unige.ch\m-HumanNeuronLab\ANALYSIS\FLM\Analysis_LoraFanda\01_FBM_Analysis\outputs\04_ersp_LM_RAWONLY\PAT_3066\LM\ERSP_matrix\audio\PAT_3066_audio_WM_ERSP_TIG8_TN.npy,0.0280361757105943,0.007312661498708,True,717,11,-0.050817866,11
PAT_3066,picture,LM,FOG15,\\nasac-m2.unige.ch\m-HumanNeuronLab\ANALYSIS\FLM\Analysis_LoraFanda\01_FBM_Analysis\outputs\04_ersp_LM_RAWONLY\PAT_3066\LM\ERSP_matrix\picture\PAT_3066_picture_WM_ERSP_FOG15_TN.npy,0.3027390180878553,0.0024289405684754,True,718,3,0.01882303,3
PAT_3066,picture,LM,HPD2,\\nasac-m2.unige.ch\m-HumanNeuronLab\ANALYSIS\FLM\Analysis_LoraFanda\01_FBM_Analysis\outputs\04_ersp_LM_RAWONLY\PAT_3066\LM\ERSP_matrix\picture\PAT_3066_picture_WM_ERSP_HPD2_TN.npy,0.0209560723514211,0.0004909560723514,True,719,7,0.11331037,7
PAT_3066,picture,LM,IMG18,\\nasac-m2.unige.ch\m-HumanNeuronLab\ANALYSIS\FLM\Analysis_LoraFanda\01_FBM_Analysis\outputs\04_ersp_LM_RAWONLY\PAT_3066\LM\ERSP_matrix\picture\PAT_3066_picture_WM_ERSP_IMG18_TN.npy,0.0309043927648578,0.0002583979328165,True,720,11,0.04554851,11
PAT_3066,reading,LM,FOG14,\\nasac-m2.unige.ch\m-HumanNeuronLab\ANALYSIS\FLM\Analysis_LoraFanda\01_FBM_Analysis\outputs\04_ersp_LM_RAWONLY\PAT_3066\LM\ERSP_matrix\reading\PAT_3066_reading_WM_ERSP_FOG14_TN.npy,0.0565891472868217,0.0013178294573643,True,721,11,0.031100594,11
PAT_3066,reading,LM,FOG15,\\nasac-m2.unige.ch\m-HumanNeuronLab\ANALYSIS\FLM\Analysis_LoraFanda\01_FBM_Analysis\outputs\04_ersp_LM_RAWONLY\PAT_3066\LM\ERSP_matrix\reading\PAT_3066_reading_WM_ERSP_FOG15_TN.npy,0.4512144702842377,0.0365374677002584,True,722,3,0.022133002,3
PAT_3066,reading,LM,IMG11,\\nasac-m2.unige.ch\m-HumanNeuronLab\ANALYSIS\FLM\Analysis_LoraFanda\01_FBM_Analysis\outputs\04_ersp_LM_RAWONLY\PAT_3066\LM\ERSP_matrix\reading\PAT_3066_reading_WM_ERSP_IMG11_TN.npy,0.0228423772609819,0.0243669250645994,True,723,11,0.040264085,11
PAT_3066,reading,LM,IMG17,\\nasac-m2.unige.ch\m-HumanNeuronLab\ANALYSIS\FLM\Analysis_LoraFanda\01_FBM_Analysis\outputs\04_ersp_LM_RAWONLY\PAT_3066\LM\ERSP_matrix\reading\PAT_3066_reading_WM_ERSP_IMG17_TN.npy,0.0386304909560723,0.0013953488372093,True,724,11,0.0966327,11
PAT_3066,reading,LM,IMG18,\\nasac-m2.unige.ch\m-HumanNeuronLab\ANALYSIS\FLM\Analysis_LoraFanda\01_FBM_Analysis\outputs\04_ersp_LM_RAWONLY\PAT_3066\LM\ERSP_matrix\reading\PAT_3066_reading_WM_ERSP_IMG18_TN.npy,0.2012403100775193,0.0018863049095607,True,725,3,-0.011679951,3
PAT_3301,picture,LM,AG10,\\nasac-m2.unige.ch\m-HumanNeuronLab\ANALYSIS\FLM\Analysis_LoraFanda\01_FBM_Analysis\outputs\04_ersp_LM_RAWONLY\PAT_3301\LM\ERSP_matrix\picture\PAT_3301_picture_WM_ERSP_AG10_TN.npy,0.069250645994832,0.0004651162790697,True,726,7,0.006184045,7
PAT_3301,picture,LM,AG2,\\nasac-m2.unige.ch\m-HumanNeuronLab\ANALYSIS\FLM\Analysis_LoraFanda\01_FBM_Analysis\outputs\04_ersp_LM_RAWONLY\PAT_3301\LM\ERSP_matrix\picture\PAT_3301_picture_WM_ERSP_AG2_TN.npy,0.0260723514211886,0.0019896640826873,True,727,6,0.04858154,6
PAT_3301,picture,LM,AG3,\\nasac-m2.unige.ch\m-HumanNeuronLab\ANALYSIS\FLM\Analysis_LoraFanda\01_FBM_Analysis\outputs\04_ersp_LM_RAWONLY\PAT_3301\LM\ERSP_matrix\picture\PAT_3301_picture_WM_ERSP_AG3_TN.npy,0.0318087855297157,0.000516795865633,True,728,7,0.009055034,7
PAT_3301,picture,LM,AG5,\\nasac-m2.unige.ch\m-HumanNeuronLab\ANALYSIS\FLM\Analysis_LoraFanda\01_FBM_Analysis\outputs\04_ersp_LM_RAWONLY\PAT_3301\LM\ERSP_matrix\picture\PAT_3301_picture_WM_ERSP_AG5_TN.npy,0.07,0.0017829457364341,True,729,11,-0.02433186,11
PAT_3301,picture,LM,AG7,\\nasac-m2.unige.ch\m-HumanNeuronLab\ANALYSIS\FLM\Analysis_LoraFanda\01_FBM_Analysis\outputs\04_ersp_LM_RAWONLY\PAT_3301\LM\ERSP_matrix\picture\PAT_3301_picture_WM_ERSP_AG7_TN.npy,0.0565116279069767,0.0005426356589147,True,730,11,-0.0433042,11
PAT_3301,picture,LM,AG8,\\nasac-m2.unige.ch\m-HumanNeuronLab\ANALYSIS\FLM\Analysis_LoraFanda\01_FBM_Analysis\outputs\04_ersp_LM_RAWONLY\PAT_3301\LM\ERSP_matrix\picture\PAT_3301_picture_WM_ERSP_AG8_TN.npy,0.0528165374677002,0.0006976744186046,True,731,11,-0.18259262,11
PAT_3301,picture,LM,AG9,\\nasac-m2.unige.ch\m-HumanNeuronLab\ANALYSIS\FLM\Analysis_LoraFanda\01_FBM_Analysis\outputs\04_ersp_LM_RAWONLY\PAT_3301\LM\ERSP_matrix\picture\PAT_3301_picture_WM_ERSP_AG9_TN.npy,0.0613436692506459,0.0005426356589147,True,732,7,-0.030065494,7
PAT_3301,picture,LM,CAG11,\\nasac-m2.unige.ch\m-HumanNeuronLab\ANALYSIS\FLM\Analysis_LoraFanda\01_FBM_Analysis\outputs\04_ersp_LM_RAWONLY\PAT_3301\LM\ERSP_matrix\picture\PAT_3301_picture_WM_ERSP_CAG11_TN.npy,0.0237726098191214,0.0015762273901808,True,733,11,0.07615426,11
PAT_3301,picture,LM,CAG12,\\nasac-m2.unige.ch\m-HumanNeuronLab\ANALYSIS\FLM\Analysis_LoraFanda\01_FBM_Analysis\outputs\04_ersp_LM_RAWONLY\PAT_3301\LM\ERSP_matrix\picture\PAT_3301_picture_WM_ERSP_CAG12_TN.npy,0.022609819121447,0.0020671834625322,True,734,11,0.072646275,11
PAT_3301,picture,LM,CPD11,\\nasac-m2.unige.ch\m-HumanNeuronLab\ANALYSIS\FLM\Analysis_LoraFanda\01_FBM_Analysis\outputs\04_ersp_LM_RAWONLY\PAT_3301\LM\ERSP_matrix\picture\PAT_3301_picture_WM_ERSP_CPD11_TN.npy,0.0551937984496124,0.0034625322997416,True,735,11,0.103484675,11
PAT_3301,picture,LM,CPD12,\\nasac-m2.unige.ch\m-HumanNeuronLab\ANALYSIS\FLM\Analysis_LoraFanda\01_FBM_Analysis\outputs\04_ersp_LM_RAWONLY\PAT_3301\LM\ERSP_matrix\picture\PAT_3301_picture_WM_ERSP_CPD12_TN.npy,0.0536692506459948,0.0055813953488372,True,736,11,0.07689465,11
PAT_3301,picture,LM,CPD13,\\nasac-m2.unige.ch\m-HumanNeuronLab\ANALYSIS\FLM\Analysis_LoraFanda\01_FBM_Analysis\outputs\04_ersp_LM_RAWONLY\PAT_3301\LM\ERSP_matrix\picture\PAT_3301_picture_WM_ERSP_CPD13_TN.npy,0.0386821705426356,0.0060465116279069,True,737,11,0.122863404,11
PAT_3301,picture,LM,CPD14,\\nasac-m2.unige.ch\m-HumanNeuronLab\ANALYSIS\FLM\Analysis_LoraFanda\01_FBM_Analysis\outputs\04_ersp_LM_RAWONLY\PAT_3301\LM\ERSP_matrix\picture\PAT_3301_picture_WM_ERSP_CPD14_TN.npy,0.0335658914728682,0.005297157622739,True,738,11,0.1246237,11
PAT_3301,picture,LM,CPD15,\\nasac-m2.unige.ch\m-HumanNeuronLab\ANALYSIS\FLM\Analysis_LoraFanda\01_FBM_Analysis\outputs\04_ersp_LM_RAWONLY\PAT_3301\LM\ERSP_matrix\picture\PAT_3301_picture_WM_ERSP_CPD15_TN.npy,0.0214211886304909,0.0083462532299741,True,739,11,0.13819936,11
PAT_3301,picture,LM,CPD2,\\nasac-m2.unige.ch\m-HumanNeuronLab\ANALYSIS\FLM\Analysis_LoraFanda\01_FBM_Analysis\outputs\04_ersp_LM_RAWONLY\PAT_3301\LM\ERSP_matrix\picture\PAT_3301_picture_WM_ERSP_CPD2_TN.npy,0.0252713178294573,0.0003617571059431,True,740,7,-0.026863944,7
PAT_3301,picture,LM,CPD4,\\nasac-m2.unige.ch\m-HumanNeuronLab\ANALYSIS\FLM\Analysis_LoraFanda\01_FBM_Analysis\outputs\04_ersp_LM_RAWONLY\PAT_3301\LM\ERSP_matrix\picture\PAT_3301_picture_WM_ERSP_CPD4_TN.npy,0.0212403100775193,0.0005426356589147,True,741,7,-0.053639878,7
PAT_3301,picture,LM,CPG10,\\nasac-m2.unige.ch\m-HumanNeuronLab\ANALYSIS\FLM\Analysis_LoraFanda\01_FBM_Analysis\outputs\04_ersp_LM_RAWONLY\PAT_3301\LM\ERSP_matrix\picture\PAT_3301_picture_WM_ERSP_CPG10_TN.npy,0.04656330749354,0.0026356589147286,True,742,11,0.045269623,11
PAT_3301,picture,LM,CPG12,\\nasac-m2.unige.ch\m-HumanNeuronLab\ANALYSIS\FLM\Analysis_LoraFanda\01_FBM_Analysis\outputs\04_ersp_LM_RAWONLY\PAT_3301\LM\ERSP_matrix\picture\PAT_3301_picture_WM_ERSP_CPG12_TN.npy,0.0428940568475452,0.0019121447028423,True,743,11,0.030793346,11
PAT_3301,picture,LM,CPG8,\\nasac-m2.unige.ch\m-HumanNeuronLab\ANALYSIS\FLM\Analysis_LoraFanda\01_FBM_Analysis\outputs\04_ersp_LM_RAWONLY\PAT_3301\LM\ERSP_matrix\picture\PAT_3301_picture_WM_ERSP_CPG8_TN.npy,0.031937984496124,0.0012919896640826,True,744,11,0.03481645,11
PAT_3301,picture,LM,CPG9,\\nasac-m2.unige.ch\m-HumanNeuronLab\ANALYSIS\FLM\Analysis_LoraFanda\01_FBM_Analysis\outputs\04_ersp_LM_RAWONLY\PAT_3301\LM\ERSP_matrix\picture\PAT_3301_picture_WM_ERSP_CPG9_TN.npy,0.0456330749354005,0.0020155038759689,True,745,11,0.041254643,11
PAT_3301,picture,LM,FOD10,\\nasac-m2.unige.ch\m-HumanNeuronLab\ANALYSIS\FLM\Analysis_LoraFanda\01_FBM_Analysis\outputs\04_ersp_LM_RAWONLY\PAT_3301\LM\ERSP_matrix\picture\PAT_3301_picture_WM_ERSP_FOD10_TN.npy,0.036485788113695,0.0006976744186046,True,746,11,-0.03712453,11
PAT_3301,picture,LM,FOD11,\\nasac-m2.unige.ch\m-HumanNeuronLab\ANALYSIS\FLM\Analysis_LoraFanda\01_FBM_Analysis\outputs\04_ersp_LM_RAWONLY\PAT_3301\LM\ERSP_matrix\picture\PAT_3301_picture_WM_ERSP_FOD11_TN.npy,0.0888113695090439,0.0003359173126614,True,747,11,-0.114381544,11
PAT_3301,picture,LM,FOD12,\\nasac-m2.unige.ch\m-HumanNeuronLab\ANALYSIS\FLM\Analysis_LoraFanda\01_FBM_Analysis\outputs\04_ersp_LM_RAWONLY\PAT_3301\LM\ERSP_matrix\picture\PAT_3301_picture_WM_ERSP_FOD12_TN.npy,0.0495348837209302,0.0003875968992248,True,748,11,-0.09998206,11
PAT_3301,picture,LM,FOD4,\\nasac-m2.unige.ch\m-HumanNeuronLab\ANALYSIS\FLM\Analysis_LoraFanda\01_FBM_Analysis\outputs\04_ersp_LM_RAWONLY\PAT_3301\LM\ERSP_matrix\picture\PAT_3301_picture_WM_ERSP_FOD4_TN.npy,0.0384754521963824,0.0002583979328165,True,749,7,-0.11469542,7
PAT_3301,picture,LM,FOD5,\\nasac-m2.unige.ch\m-HumanNeuronLab\ANALYSIS\FLM\Analysis_LoraFanda\01_FBM_Analysis\outputs\04_ersp_LM_RAWONLY\PAT_3301\LM\ERSP_matrix\picture\PAT_3301_picture_WM_ERSP_FOD5_TN.npy,0.0282428940568475,0.000594315245478,True,750,7,-0.036018834,7
PAT_3301,picture,LM,FOD8,\\nasac-m2.unige.ch\m-HumanNeuronLab\ANALYSIS\FLM\Analysis_LoraFanda\01_FBM_Analysis\outputs\04_ersp_LM_RAWONLY\PAT_3301\LM\ERSP_matrix\picture\PAT_3301_picture_WM_ERSP_FOD8_TN.npy,0.0222222222222222,0.0008010335917312,True,751,7,-0.065612584,7
PAT_3301,picture,LM,FOD9,\\nasac-m2.unige.ch\m-HumanNeuronLab\ANALYSIS\FLM\Analysis_LoraFanda\01_FBM_Analysis\outputs\04_ersp_LM_RAWONLY\PAT_3301\LM\ERSP_matrix\picture\PAT_3301_picture_WM_ERSP_FOD9_TN.npy,0.0219896640826873,0.0005426356589147,True,752,7,-0.065121055,7
PAT_3301,picture,LM,FOG10,\\nasac-m2.unige.ch\m-HumanNeuronLab\ANALYSIS\FLM\Analysis_LoraFanda\01_FBM_Analysis\outputs\04_ersp_LM_RAWONLY\PAT_3301\LM\ERSP_matrix\picture\PAT_3301_picture_WM_ERSP_FOG10_TN.npy,0.0204134366925064,0.0027390180878552,True,753,11,0.074349724,11
PAT_3301,picture,LM,FOG14,\\nasac-m2.unige.ch\m-HumanNeuronLab\ANALYSIS\FLM\Analysis_LoraFanda\01_FBM_Analysis\outputs\04_ersp_LM_RAWONLY\PAT_3301\LM\ERSP_matrix\picture\PAT_3301_picture_WM_ERSP_FOG14_TN.npy,0.0273901808785529,0.0017312661498708,True,754,11,0.09843759,11
PAT_3301,picture,LM,FOG1,\\nasac-m2.unige.ch\m-HumanNeuronLab\ANALYSIS\FLM\Analysis_LoraFanda\01_FBM_Analysis\outputs\04_ersp_LM_RAWONLY\PAT_3301\LM\ERSP_matrix\picture\PAT_3301_picture_WM_ERSP_FOG1_TN.npy,0.0287855297157622,0.0004392764857881,True,755,7,-0.046412636,7
PAT_3301,picture,LM,FOG2,\\nasac-m2.unige.ch\m-HumanNeuronLab\ANALYSIS\FLM\Analysis_LoraFanda\01_FBM_Analysis\outputs\04_ersp_LM_RAWONLY\PAT_3301\LM\ERSP_matrix\picture\PAT_3301_picture_WM_ERSP_FOG2_TN.npy,0.0274160206718346,0.0006718346253229,True,756,7,0.0018774143,7
PAT_3301,picture,LM,FOG4,\\nasac-m2.unige.ch\m-HumanNeuronLab\ANALYSIS\FLM\Analysis_LoraFanda\01_FBM_Analysis\outputs\04_ersp_LM_RAWONLY\PAT_3301\LM\ERSP_matrix\picture\PAT_3301_picture_WM_ERSP_FOG4_TN.npy,0.021937984496124,0.0009043927648578,True,757,7,-0.079931274,7
PAT_3301,picture,LM,FOG5,\\nasac-m2.unige.ch\m-HumanNeuronLab\ANALYSIS\FLM\Analysis_LoraFanda\01_FBM_Analysis\outputs\04_ersp_LM_RAWONLY\PAT_3301\LM\ERSP_matrix\picture\PAT_3301_picture_WM_ERSP_FOG5_TN.npy,0.0260465116279069,0.0024547803617571,True,758,7,-0.08556167,7
PAT_3301,picture,LM,FOG9,\\nasac-m2.unige.ch\m-HumanNeuronLab\ANALYSIS\FLM\Analysis_LoraFanda\01_FBM_Analysis\outputs\04_ersp_LM_RAWONLY\PAT_3301\LM\ERSP_matrix\picture\PAT_3301_picture_WM_ERSP_FOG9_TN.npy,0.0223255813953488,0.0006718346253229,True,759,11,0.067211226,11
PAT_3301,picture,LM,FPD10,\\nasac-m2.unige.ch\m-HumanNeuronLab\ANALYSIS\FLM\Analysis_LoraFanda\01_FBM_Analysis\outputs\04_ersp_LM_RAWONLY\PAT_3301\LM\ERSP_matrix\picture\PAT_3301_picture_WM_ERSP_FPD10_TN.npy,0.0202842377260981,0.0005426356589147,True,760,7,0.007757388,7
PAT_3301,picture,LM,FPD2,\\nasac-m2.unige.ch\m-HumanNeuronLab\ANALYSIS\FLM\Analysis_LoraFanda\01_FBM_Analysis\outputs\04_ersp_LM_RAWONLY\PAT_3301\LM\ERSP_matrix\picture\PAT_3301_picture_WM_ERSP_FPD2_TN.npy,0.0244444444444444,0.0001550387596899,True,761,7,-0.09609195,7
PAT_3301,picture,LM,FPD3,\\nasac-m2.unige.ch\m-HumanNeuronLab\ANALYSIS\FLM\Analysis_LoraFanda\01_FBM_Analysis\outputs\04_ersp_LM_RAWONLY\PAT_3301\LM\ERSP_matrix\picture\PAT_3301_picture_WM_ERSP_FPD3_TN.npy,0.0202842377260981,0.0008785529715762,True,762,7,0.022372704,7
PAT_3301,picture,LM,FPD4,\\nasac-m2.unige.ch\m-HumanNeuronLab\ANALYSIS\FLM\Analysis_LoraFanda\01_FBM_Analysis\outputs\04_ersp_LM_RAWONLY\PAT_3301\LM\ERSP_matrix\picture\PAT_3301_picture_WM_ERSP_FPD4_TN.npy,0.0436175710594315,0.0006718346253229,True,763,7,0.06945199,7
PAT_3301,picture,LM,FPD6,\\nasac-m2.unige.ch\m-HumanNeuronLab\ANALYSIS\FLM\Analysis_LoraFanda\01_FBM_Analysis\outputs\04_ersp_LM_RAWONLY\PAT_3301\LM\ERSP_matrix\picture\PAT_3301_picture_WM_ERSP_FPD6_TN.npy,0.021266149870801,0.0002583979328165,True,764,7,-0.094640866,7
PAT_3301,picture,LM,FPG9,\\nasac-m2.unige.ch\m-HumanNeuronLab\ANALYSIS\FLM\Analysis_LoraFanda\01_FBM_Analysis\outputs\04_ersp_LM_RAWONLY\PAT_3301\LM\ERSP_matrix\picture\PAT_3301_picture_WM_ERSP_FPG9_TN.npy,0.0230490956072351,0.0006201550387596,True,765,7,-0.03928854,7
PAT_3301,picture,LM,IAD2,\\nasac-m2.unige.ch\m-HumanNeuronLab\ANALYSIS\FLM\Analysis_LoraFanda\01_FBM_Analysis\outputs\04_ersp_LM_RAWONLY\PAT_3301\LM\ERSP_matrix\picture\PAT_3301_picture_WM_ERSP_IAD2_TN.npy,0.0336950904392764,0.0010852713178294,True,766,11,-0.03034544,11
PAT_3301,picture,LM,IAG1,\\nasac-m2.unige.ch\m-HumanNeuronLab\ANALYSIS\FLM\Analysis_LoraFanda\01_FBM_Analysis\outputs\04_ersp_LM_RAWONLY\PAT_3301\LM\ERSP_matrix\picture\PAT_3301_picture_WM_ERSP_IAG1_TN.npy,0.0280361757105943,0.0003617571059431,True,767,6,0.021719616,6
PAT_3301,picture,LM,IAG2,\\nasac-m2.unige.ch\m-HumanNeuronLab\ANALYSIS\FLM\Analysis_LoraFanda\01_FBM_Analysis\outputs\04_ersp_LM_RAWONLY\PAT_3301\LM\ERSP_matrix\picture\PAT_3301_picture_WM_ERSP_IAG2_TN.npy,0.0316537467700258,0.0013953488372093,True,768,6,-0.05003086,6
PAT_3301,picture,LM,IAG3,\\nasac-m2.unige.ch\m-HumanNeuronLab\ANALYSIS\FLM\Analysis_LoraFanda\01_FBM_Analysis\outputs\04_ersp_LM_RAWONLY\PAT_3301\LM\ERSP_matrix\picture\PAT_3301_picture_WM_ERSP_IAG3_TN.npy,0.0280361757105943,0.0003359173126614,True,769,6,-0.010980491,6
PAT_3301,picture,LM,IAG4,\\nasac-m2.unige.ch\m-HumanNeuronLab\ANALYSIS\FLM\Analysis_LoraFanda\01_FBM_Analysis\outputs\04_ersp_LM_RAWONLY\PAT_3301\LM\ERSP_matrix\picture\PAT_3301_picture_WM_ERSP_IAG4_TN.npy,0.0322739018087855,5.167958656330749e-05,True,770,6,-0.07020485,6
PAT_3301,picture,LM,IMD10,\\nasac-m2.unige.ch\m-HumanNeuronLab\ANALYSIS\FLM\Analysis_LoraFanda\01_FBM_Analysis\outputs\04_ersp_LM_RAWONLY\PAT_3301\LM\ERSP_matrix\picture\PAT_3301_picture_WM_ERSP_IMD10_TN.npy,0.0532558139534883,0.0016279069767441,True,771,11,0.08195086,11
PAT_3301,picture,LM,IMD12,\\nasac-m2.unige.ch\m-HumanNeuronLab\ANALYSIS\FLM\Analysis_LoraFanda\01_FBM_Analysis\outputs\04_ersp_LM_RAWONLY\PAT_3301\LM\ERSP_matrix\picture\PAT_3301_picture_WM_ERSP_IMD12_TN.npy,0.2392764857881137,0.0069250645994832,True,772,11,-0.049791466,11
PAT_3301,picture,LM,IMD13,\\nasac-m2.unige.ch\m-HumanNeuronLab\ANALYSIS\FLM\Analysis_LoraFanda\01_FBM_Analysis\outputs\04_ersp_LM_RAWONLY\PAT_3301\LM\ERSP_matrix\picture\PAT_3301_picture_WM_ERSP_IMD13_TN.npy,0.103875968992248,0.0085529715762273,True,773,11,0.04592085,11
PAT_3301,picture,LM,IMD4,\\nasac-m2.unige.ch\m-HumanNeuronLab\ANALYSIS\FLM\Analysis_LoraFanda\01_FBM_Analysis\outputs\04_ersp_LM_RAWONLY\PAT_3301\LM\ERSP_matrix\picture\PAT_3301_picture_WM_ERSP_IMD4_TN.npy,0.063875968992248,0.0004909560723514,True,774,11,-0.021254241,11
PAT_3301,picture,LM,IMD5,\\nasac-m2.unige.ch\m-HumanNeuronLab\ANALYSIS\FLM\Analysis_LoraFanda\01_FBM_Analysis\outputs\04_ersp_LM_RAWONLY\PAT_3301\LM\ERSP_matrix\picture\PAT_3301_picture_WM_ERSP_IMD5_TN.npy,0.0696899224806201,0.0001808785529715,True,775,11,-0.06178562,11
PAT_3301,picture,LM,IMD6,\\nasac-m2.unige.ch\m-HumanNeuronLab\ANALYSIS\FLM\Analysis_LoraFanda\01_FBM_Analysis\outputs\04_ersp_LM_RAWONLY\PAT_3301\LM\ERSP_matrix\picture\PAT_3301_picture_WM_ERSP_IMD6_TN.npy,0.0545219638242894,2.5839793281653743e-05,True,776,11,-0.09965167,11
PAT_3301,picture,LM,IMD7,\\nasac-m2.unige.ch\m-HumanNeuronLab\ANALYSIS\FLM\Analysis_LoraFanda\01_FBM_Analysis\outputs\04_ersp_LM_RAWONLY\PAT_3301\LM\ERSP_matrix\picture\PAT_3301_picture_WM_ERSP_IMD7_TN.npy,0.0506976744186046,0.0003617571059431,True,777,11,-0.08102146,11
PAT_3301,picture,LM,IMD9,\\nasac-m2.unige.ch\m-HumanNeuronLab\ANALYSIS\FLM\Analysis_LoraFanda\01_FBM_Analysis\outputs\04_ersp_LM_RAWONLY\PAT_3301\LM\ERSP_matrix\picture\PAT_3301_picture_WM_ERSP_IMD9_TN.npy,0.0269509043927648,0.0007235142118863,True,778,11,-0.036760725,11
PAT_3301,picture,LM,IMG10,\\nasac-m2.unige.ch\m-HumanNeuronLab\ANALYSIS\FLM\Analysis_LoraFanda\01_FBM_Analysis\outputs\04_ersp_LM_RAWONLY\PAT_3301\LM\ERSP_matrix\picture\PAT_3301_picture_WM_ERSP_IMG10_TN.npy,0.0270284237726098,0.0020671834625322,True,779,11,0.05660151,11
PAT_3301,picture,LM,IMG13,\\nasac-m2.unige.ch\m-HumanNeuronLab\ANALYSIS\FLM\Analysis_LoraFanda\01_FBM_Analysis\outputs\04_ersp_LM_RAWONLY\PAT_3301\LM\ERSP_matrix\picture\PAT_3301_picture_WM_ERSP_IMG13_TN.npy,0.0213953488372093,0.0007235142118863,True,780,11,-0.010686877,11
PAT_3301,picture,LM,IMG1,\\nasac-m2.unige.ch\m-HumanNeuronLab\ANALYSIS\FLM\Analysis_LoraFanda\01_FBM_Analysis\outputs\04_ersp_LM_RAWONLY\PAT_3301\LM\ERSP_matrix\picture\PAT_3301_picture_WM_ERSP_IMG1_TN.npy,0.0289922480620155,0.0006201550387596,True,781,6,-0.03889986,6
PAT_3301,picture,LM,IMG9,\\nasac-m2.unige.ch\m-HumanNeuronLab\ANALYSIS\FLM\Analysis_LoraFanda\01_FBM_Analysis\outputs\04_ersp_LM_RAWONLY\PAT_3301\LM\ERSP_matrix\picture\PAT_3301_picture_WM_ERSP_IMG9_TN.npy,0.0313178294573643,0.0006201550387596,True,782,11,-0.051359694,11
PAT_3390,audio,LM,CPG10,\\nasac-m2.unige.ch\m-HumanNeuronLab\ANALYSIS\FLM\Analysis_LoraFanda\01_FBM_Analysis\outputs\04_ersp_LM_RAWONLY\PAT_3390\LM\ERSP_matrix\audio\PAT_3390_audio_WM_ERSP_CPG10_TN.npy,0.0576227390180878,0.0001291989664082,True,783,11,-0.106077164,11
PAT_3390,audio,LM,CPG11,\\nasac-m2.unige.ch\m-HumanNeuronLab\ANALYSIS\FLM\Analysis_LoraFanda\01_FBM_Analysis\outputs\04_ersp_LM_RAWONLY\PAT_3390\LM\ERSP_matrix\audio\PAT_3390_audio_WM_ERSP_CPG11_TN.npy,0.0664599483204134,0.0006201550387596,True,784,11,-0.10388868,11
PAT_3390,audio,LM,CPG12,\\nasac-m2.unige.ch\m-HumanNeuronLab\ANALYSIS\FLM\Analysis_LoraFanda\01_FBM_Analysis\outputs\04_ersp_LM_RAWONLY\PAT_3390\LM\ERSP_matrix\audio\PAT_3390_audio_WM_ERSP_CPG12_TN.npy,0.0816537467700258,0.0008785529715762,True,785,11,-0.10140698,11
PAT_3390,audio,LM,CPG13,\\nasac-m2.unige.ch\m-HumanNeuronLab\ANALYSIS\FLM\Analysis_LoraFanda\01_FBM_Analysis\outputs\04_ersp_LM_RAWONLY\PAT_3390\LM\ERSP_matrix\audio\PAT_3390_audio_WM_ERSP_CPG13_TN.npy,0.0827906976744186,0.0004134366925064,True,786,11,-0.08604179,11
PAT_3390,audio,LM,CPG14,\\nasac-m2.unige.ch\m-HumanNeuronLab\ANALYSIS\FLM\Analysis_LoraFanda\01_FBM_Analysis\outputs\04_ersp_LM_RAWONLY\PAT_3390\LM\ERSP_matrix\audio\PAT_3390_audio_WM_ERSP_CPG14_TN.npy,0.0695865633074935,0.0004909560723514,True,787,11,-0.074506596,11
PAT_3390,audio,LM,CPG15,\\nasac-m2.unige.ch\m-HumanNeuronLab\ANALYSIS\FLM\Analysis_LoraFanda\01_FBM_Analysis\outputs\04_ersp_LM_RAWONLY\PAT_3390\LM\ERSP_matrix\audio\PAT_3390_audio_WM_ERSP_CPG15_TN.npy,0.0591214470284237,0.0004651162790697,True,788,11,-0.06262312,11
PAT_3390,audio,LM,CPG9,\\nasac-m2.unige.ch\m-HumanNeuronLab\ANALYSIS\FLM\Analysis_LoraFanda\01_FBM_Analysis\outputs\04_ersp_LM_RAWONLY\PAT_3390\LM\ERSP_matrix\audio\PAT_3390_audio_WM_ERSP_CPG9_TN.npy,0.0285529715762273,0.0005426356589147,True,789,7,0.024318155,7
PAT_3390,audio,LM,TPG1,\\nasac-m2.unige.ch\m-HumanNeuronLab\ANALYSIS\FLM\Analysis_LoraFanda\01_FBM_Analysis\outputs\04_ersp_LM_RAWONLY\PAT_3390\LM\ERSP_matrix\audio\PAT_3390_audio_WM_ERSP_TPG1_TN.npy,0.024547803617571,0.0004392764857881,True,790,7,-0.10282189,7
PAT_3390,audio,LM,TPG2,\\nasac-m2.unige.ch\m-HumanNeuronLab\ANALYSIS\FLM\Analysis_LoraFanda\01_FBM_Analysis\outputs\04_ersp_LM_RAWONLY\PAT_3390\LM\ERSP_matrix\audio\PAT_3390_audio_WM_ERSP_TPG2_TN.npy,0.0263049095607235,0.0003617571059431,True,791,7,-0.08594885,7
PAT_3390,picture,LM,CPG10,\\nasac-m2.unige.ch\m-HumanNeuronLab\ANALYSIS\FLM\Analysis_LoraFanda\01_FBM_Analysis\outputs\04_ersp_LM_RAWONLY\PAT_3390\LM\ERSP_matrix\picture\PAT_3390_picture_WM_ERSP_CPG10_TN.npy,0.0335658914728682,0.0004909560723514,True,792,11,-0.09416138,11
PAT_3390,picture,LM,CPG11,\\nasac-m2.unige.ch\m-HumanNeuronLab\ANALYSIS\FLM\Analysis_LoraFanda\01_FBM_Analysis\outputs\04_ersp_LM_RAWONLY\PAT_3390\LM\ERSP_matrix\picture\PAT_3390_picture_WM_ERSP_CPG11_TN.npy,0.0561240310077519,0.0002842377260981,True,793,11,-0.072858974,11
PAT_3390,picture,LM,CPG12,\\nasac-m2.unige.ch\m-HumanNeuronLab\ANALYSIS\FLM\Analysis_LoraFanda\01_FBM_Analysis\outputs\04_ersp_LM_RAWONLY\PAT_3390\LM\ERSP_matrix\picture\PAT_3390_picture_WM_ERSP_CPG12_TN.npy,0.061188630490956,0.0001550387596899,True,794,11,-0.08483048,11
PAT_3390,picture,LM,CPG13,\\nasac-m2.unige.ch\m-HumanNeuronLab\ANALYSIS\FLM\Analysis_LoraFanda\01_FBM_Analysis\outputs\04_ersp_LM_RAWONLY\PAT_3390\LM\ERSP_matrix\picture\PAT_3390_picture_WM_ERSP_CPG13_TN.npy,0.0518346253229974,0.0002842377260981,True,795,11,-0.08060556,11
PAT_3390,picture,LM,CPG14,\\nasac-m2.unige.ch\m-HumanNeuronLab\ANALYSIS\FLM\Analysis_LoraFanda\01_FBM_Analysis\outputs\04_ersp_LM_RAWONLY\PAT_3390\LM\ERSP_matrix\picture\PAT_3390_picture_WM_ERSP_CPG14_TN.npy,0.045891472868217,0.0002583979328165,True,796,11,-0.06968761,11
PAT_3390,picture,LM,CPG15,\\nasac-m2.unige.ch\m-HumanNeuronLab\ANALYSIS\FLM\Analysis_LoraFanda\01_FBM_Analysis\outputs\04_ersp_LM_RAWONLY\PAT_3390\LM\ERSP_matrix\picture\PAT_3390_picture_WM_ERSP_CPG15_TN.npy,0.0325581395348837,0.0003100775193798,True,797,11,-0.06530035,11
PAT_3390,picture,LM,CPG9,\\nasac-m2.unige.ch\m-HumanNeuronLab\ANALYSIS\FLM\Analysis_LoraFanda\01_FBM_Analysis\outputs\04_ersp_LM_RAWONLY\PAT_3390\LM\ERSP_matrix\picture\PAT_3390_picture_WM_ERSP_CPG9_TN.npy,0.0237467700258397,0.0001808785529715,True,798,11,-0.079041794,11
PAT_3390,picture,LM,TPG3,\\nasac-m2.unige.ch\m-HumanNeuronLab\ANALYSIS\FLM\Analysis_LoraFanda\01_FBM_Analysis\outputs\04_ersp_LM_RAWONLY\PAT_3390\LM\ERSP_matrix\picture\PAT_3390_picture_WM_ERSP_TPG3_TN.npy,0.0213695090439276,0.0013953488372093,True,799,7,0.010545368,7
PAT_3390,picture,LM,TPG4,\\nasac-m2.unige.ch\m-HumanNeuronLab\ANALYSIS\FLM\Analysis_LoraFanda\01_FBM_Analysis\outputs\04_ersp_LM_RAWONLY\PAT_3390\LM\ERSP_matrix\picture\PAT_3390_picture_WM_ERSP_TPG4_TN.npy,0.0256330749354005,0.0017829457364341,True,800,7,0.079551786,7
PAT_3390,picture,LM,TPG5,\\nasac-m2.unige.ch\m-HumanNeuronLab\ANALYSIS\FLM\Analysis_LoraFanda\01_FBM_Analysis\outputs\04_ersp_LM_RAWONLY\PAT_3390\LM\ERSP_matrix\picture\PAT_3390_picture_WM_ERSP_TPG5_TN.npy,0.0265116279069767,0.0022480620155038,True,801,7,0.09303504,7
PAT_3390,reading,LM,CPG10,\\nasac-m2.unige.ch\m-HumanNeuronLab\ANALYSIS\FLM\Analysis_LoraFanda\01_FBM_Analysis\outputs\04_ersp_LM_RAWONLY\PAT_3390\LM\ERSP_matrix\reading\PAT_3390_reading_WM_ERSP_CPG10_TN.npy,0.0513695090439276,0.0005426356589147,True,802,7,0.03164685,7
PAT_3390,reading,LM,CPG11,\\nasac-m2.unige.ch\m-HumanNeuronLab\ANALYSIS\FLM\Analysis_LoraFanda\01_FBM_Analysis\outputs\04_ersp_LM_RAWONLY\PAT_3390\LM\ERSP_matrix\reading\PAT_3390_reading_WM_ERSP_CPG11_TN.npy,0.0830232558139534,0.000516795865633,True,803,7,0.020151729,7
PAT_3390,reading,LM,CPG12,\\nasac-m2.unige.ch\m-HumanNeuronLab\ANALYSIS\FLM\Analysis_LoraFanda\01_FBM_Analysis\outputs\04_ersp_LM_RAWONLY\PAT_3390\LM\ERSP_matrix\reading\PAT_3390_reading_WM_ERSP_CPG12_TN.npy,0.0929715762273901,0.0004651162790697,True,804,7,-0.03832984,7
PAT_3390,reading,LM,CPG13,\\nasac-m2.unige.ch\m-HumanNeuronLab\ANALYSIS\FLM\Analysis_LoraFanda\01_FBM_Analysis\outputs\04_ersp_LM_RAWONLY\PAT_3390\LM\ERSP_matrix\reading\PAT_3390_reading_WM_ERSP_CPG13_TN.npy,0.1028940568475452,0.000516795865633,True,805,7,-0.013018426,7
PAT_3390,reading,LM,CPG14,\\nasac-m2.unige.ch\m-HumanNeuronLab\ANALYSIS\FLM\Analysis_LoraFanda\01_FBM_Analysis\outputs\04_ersp_LM_RAWONLY\PAT_3390\LM\ERSP_matrix\reading\PAT_3390_reading_WM_ERSP_CPG14_TN.npy,0.0971059431524547,0.0010335917312661,True,806,7,-0.03660808,7
PAT_3390,reading,LM,CPG15,\\nasac-m2.unige.ch\m-HumanNeuronLab\ANALYSIS\FLM\Analysis_LoraFanda\01_FBM_Analysis\outputs\04_ersp_LM_RAWONLY\PAT_3390\LM\ERSP_matrix\reading\PAT_3390_reading_WM_ERSP_CPG15_TN.npy,0.0869250645994832,0.0013953488372093,True,807,7,-0.025601512,7
PAT_3390,reading,LM,CPG7,\\nasac-m2.unige.ch\m-HumanNeuronLab\ANALYSIS\FLM\Analysis_LoraFanda\01_FBM_Analysis\outputs\04_ersp_LM_RAWONLY\PAT_3390\LM\ERSP_matrix\reading\PAT_3390_reading_WM_ERSP_CPG7_TN.npy,0.0203875968992248,0.0005426356589147,True,808,7,0.145998,7
PAT_3390,reading,LM,CPG9,\\nasac-m2.unige.ch\m-HumanNeuronLab\ANALYSIS\FLM\Analysis_LoraFanda\01_FBM_Analysis\outputs\04_ersp_LM_RAWONLY\PAT_3390\LM\ERSP_matrix\reading\PAT_3390_reading_WM_ERSP_CPG9_TN.npy,0.0275193798449612,0.000516795865633,True,809,7,0.013538127,7
PAT_3390,reading,LM,PHG12,\\nasac-m2.unige.ch\m-HumanNeuronLab\ANALYSIS\FLM\Analysis_LoraFanda\01_FBM_Analysis\outputs\04_ersp_LM_RAWONLY\PAT_3390\LM\ERSP_matrix\reading\PAT_3390_reading_WM_ERSP_PHG12_TN.npy,0.0688630490956072,0.0034625322997416,True,810,2,0.0038171357,2
PAT_3390,reading,LM,TPG4,\\nasac-m2.unige.ch\m-HumanNeuronLab\ANALYSIS\FLM\Analysis_LoraFanda\01_FBM_Analysis\outputs\04_ersp_LM_RAWONLY\PAT_3390\LM\ERSP_matrix\reading\PAT_3390_reading_WM_ERSP_TPG4_TN.npy,0.0206201550387596,0.0059948320413436,True,811,7,0.0878251,7
PAT_3415,audio,LM,GA1,\\nasac-m2.unige.ch\m-HumanNeuronLab\ANALYSIS\FLM\Analysis_LoraFanda\01_FBM_Analysis\outputs\04_ersp_LM_RAWONLY\PAT_3415\LM\ERSP_matrix\audio\PAT_3415_audio_WM_ERSP_GA1_TN.npy,0.0567183462532299,0.0007493540051679,True,812,3,0.22684905,3
PAT_3415,audio,LM,GA2,\\nasac-m2.unige.ch\m-HumanNeuronLab\ANALYSIS\FLM\Analysis_LoraFanda\01_FBM_Analysis\outputs\04_ersp_LM_RAWONLY\PAT_3415\LM\ERSP_matrix\audio\PAT_3415_audio_WM_ERSP_GA2_TN.npy,0.0477519379844961,0.0008010335917312,True,813,3,0.19968629,3
PAT_3415,audio,LM,GA3,\\nasac-m2.unige.ch\m-HumanNeuronLab\ANALYSIS\FLM\Analysis_LoraFanda\01_FBM_Analysis\outputs\04_ersp_LM_RAWONLY\PAT_3415\LM\ERSP_matrix\audio\PAT_3415_audio_WM_ERSP_GA3_TN.npy,0.0622997416020671,0.0008010335917312,True,814,3,0.1878184,3
PAT_3415,audio,LM,GA4,\\nasac-m2.unige.ch\m-HumanNeuronLab\ANALYSIS\FLM\Analysis_LoraFanda\01_FBM_Analysis\outputs\04_ersp_LM_RAWONLY\PAT_3415\LM\ERSP_matrix\audio\PAT_3415_audio_WM_ERSP_GA4_TN.npy,0.0473901808785529,0.0016537467700258,True,815,3,0.15234339,3
PAT_3415,audio,LM,GA5,\\nasac-m2.unige.ch\m-HumanNeuronLab\ANALYSIS\FLM\Analysis_LoraFanda\01_FBM_Analysis\outputs\04_ersp_LM_RAWONLY\PAT_3415\LM\ERSP_matrix\audio\PAT_3415_audio_WM_ERSP_GA5_TN.npy,0.0397674418604651,0.0012919896640826,True,816,3,0.12237738,3
PAT_3415,audio,LM,GA6,\\nasac-m2.unige.ch\m-HumanNeuronLab\ANALYSIS\FLM\Analysis_LoraFanda\01_FBM_Analysis\outputs\04_ersp_LM_RAWONLY\PAT_3415\LM\ERSP_matrix\audio\PAT_3415_audio_WM_ERSP_GA6_TN.npy,0.0526614987080103,0.0008527131782945,True,817,3,0.14516184,3
PAT_3415,audio,LM,GA7,\\nasac-m2.unige.ch\m-HumanNeuronLab\ANALYSIS\FLM\Analysis_LoraFanda\01_FBM_Analysis\outputs\04_ersp_LM_RAWONLY\PAT_3415\LM\ERSP_matrix\audio\PAT_3415_audio_WM_ERSP_GA7_TN.npy,0.0533333333333333,0.0006976744186046,True,818,3,0.1764777,3
PAT_3415,audio,LM,GA8,\\nasac-m2.unige.ch\m-HumanNeuronLab\ANALYSIS\FLM\Analysis_LoraFanda\01_FBM_Analysis\outputs\04_ersp_LM_RAWONLY\PAT_3415\LM\ERSP_matrix\audio\PAT_3415_audio_WM_ERSP_GA8_TN.npy,0.0563049095607235,0.0003100775193798,True,819,3,0.15824999,3
PAT_3415,audio,LM,GB1,\\nasac-m2.unige.ch\m-HumanNeuronLab\ANALYSIS\FLM\Analysis_LoraFanda\01_FBM_Analysis\outputs\04_ersp_LM_RAWONLY\PAT_3415\LM\ERSP_matrix\audio\PAT_3415_audio_WM_ERSP_GB1_TN.npy,0.04328165374677,0.0030232558139534,True,820,3,0.14706293,3
PAT_3415,audio,LM,GB2,\\nasac-m2.unige.ch\m-HumanNeuronLab\ANALYSIS\FLM\Analysis_LoraFanda\01_FBM_Analysis\outputs\04_ersp_LM_RAWONLY\PAT_3415\LM\ERSP_matrix\audio\PAT_3415_audio_WM_ERSP_GB2_TN.npy,0.0643410852713178,0.0004651162790697,True,821,3,0.23423302,3
PAT_3415,audio,LM,GB3,\\nasac-m2.unige.ch\m-HumanNeuronLab\ANALYSIS\FLM\Analysis_LoraFanda\01_FBM_Analysis\outputs\04_ersp_LM_RAWONLY\PAT_3415\LM\ERSP_matrix\audio\PAT_3415_audio_WM_ERSP_GB3_TN.npy,0.1712919896640826,0.0001291989664082,True,822,3,0.05107025,3
PAT_3415,audio,LM,GB4,\\nasac-m2.unige.ch\m-HumanNeuronLab\ANALYSIS\FLM\Analysis_LoraFanda\01_FBM_Analysis\outputs\04_ersp_LM_RAWONLY\PAT_3415\LM\ERSP_matrix\audio\PAT_3415_audio_WM_ERSP_GB4_TN.npy,0.1492248062015503,0.0004651162790697,True,823,3,0.12946154,3
PAT_3415,audio,LM,GB5,\\nasac-m2.unige.ch\m-HumanNeuronLab\ANALYSIS\FLM\Analysis_LoraFanda\01_FBM_Analysis\outputs\04_ersp_LM_RAWONLY\PAT_3415\LM\ERSP_matrix\audio\PAT_3415_audio_WM_ERSP_GB5_TN.npy,0.046640826873385,0.0008010335917312,True,824,3,0.08448036,3
PAT_3415,audio,LM,GB6,\\nasac-m2.unige.ch\m-HumanNeuronLab\ANALYSIS\FLM\Analysis_LoraFanda\01_FBM_Analysis\outputs\04_ersp_LM_RAWONLY\PAT_3415\LM\ERSP_matrix\audio\PAT_3415_audio_WM_ERSP_GB6_TN.npy,0.0505426356589147,0.0011111111111111,True,825,3,0.18610859,3
PAT_3415,audio,LM,GB7,\\nasac-m2.unige.ch\m-HumanNeuronLab\ANALYSIS\FLM\Analysis_LoraFanda\01_FBM_Analysis\outputs\04_ersp_LM_RAWONLY\PAT_3415\LM\ERSP_matrix\audio\PAT_3415_audio_WM_ERSP_GB7_TN.npy,0.0349095607235142,0.0014987080103359,True,826,3,0.13310248,3
PAT_3415,audio,LM,GB8,\\nasac-m2.unige.ch\m-HumanNeuronLab\ANALYSIS\FLM\Analysis_LoraFanda\01_FBM_Analysis\outputs\04_ersp_LM_RAWONLY\PAT_3415\LM\ERSP_matrix\audio\PAT_3415_audio_WM_ERSP_GB8_TN.npy,0.0577260981912144,0.0012144702842377,True,827,3,0.21821703,3
PAT_3415,audio,LM,GC1,\\nasac-m2.unige.ch\m-HumanNeuronLab\ANALYSIS\FLM\Analysis_LoraFanda\01_FBM_Analysis\outputs\04_ersp_LM_RAWONLY\PAT_3415\LM\ERSP_matrix\audio\PAT_3415_audio_WM_ERSP_GC1_TN.npy,0.0435400516795865,0.0006718346253229,True,828,3,0.18032663,3
PAT_3415,audio,LM,GC2,\\nasac-m2.unige.ch\m-HumanNeuronLab\ANALYSIS\FLM\Analysis_LoraFanda\01_FBM_Analysis\outputs\04_ersp_LM_RAWONLY\PAT_3415\LM\ERSP_matrix\audio\PAT_3415_audio_WM_ERSP_GC2_TN.npy,0.0305426356589147,0.0011369509043927,True,829,3,0.11695514,3
PAT_3415,audio,LM,GC3,\\nasac-m2.unige.ch\m-HumanNeuronLab\ANALYSIS\FLM\Analysis_LoraFanda\01_FBM_Analysis\outputs\04_ersp_LM_RAWONLY\PAT_3415\LM\ERSP_matrix\audio\PAT_3415_audio_WM_ERSP_GC3_TN.npy,0.0551937984496124,0.0010077519379844,True,830,3,0.19529954,3
PAT_3415,audio,LM,GC4,\\nasac-m2.unige.ch\m-HumanNeuronLab\ANALYSIS\FLM\Analysis_LoraFanda\01_FBM_Analysis\outputs\04_ersp_LM_RAWONLY\PAT_3415\LM\ERSP_matrix\audio\PAT_3415_audio_WM_ERSP_GC4_TN.npy,0.0594573643410852,0.0010852713178294,True,831,3,0.1169882,3
PAT_3415,audio,LM,GC5,\\nasac-m2.unige.ch\m-HumanNeuronLab\ANALYSIS\FLM\Analysis_LoraFanda\01_FBM_Analysis\outputs\04_ersp_LM_RAWONLY\PAT_3415\LM\ERSP_matrix\audio\PAT_3415_audio_WM_ERSP_GC5_TN.npy,0.0473901808785529,0.0024806201550387,True,832,11,-0.09740784,11
PAT_3415,audio,LM,GC6,\\nasac-m2.unige.ch\m-HumanNeuronLab\ANALYSIS\FLM\Analysis_LoraFanda\01_FBM_Analysis\outputs\04_ersp_LM_RAWONLY\PAT_3415\LM\ERSP_matrix\audio\PAT_3415_audio_WM_ERSP_GC6_TN.npy,0.0438242894056847,0.0036692506459948,True,833,11,-0.11522441,11
PAT_3415,audio,LM,GC7,\\nasac-m2.unige.ch\m-HumanNeuronLab\ANALYSIS\FLM\Analysis_LoraFanda\01_FBM_Analysis\outputs\04_ersp_LM_RAWONLY\PAT_3415\LM\ERSP_matrix\audio\PAT_3415_audio_WM_ERSP_GC7_TN.npy,0.0475193798449612,0.001266149870801,True,834,3,0.18207532,3
PAT_3415,audio,LM,GC8,\\nasac-m2.unige.ch\m-HumanNeuronLab\ANALYSIS\FLM\Analysis_LoraFanda\01_FBM_Analysis\outputs\04_ersp_LM_RAWONLY\PAT_3415\LM\ERSP_matrix\audio\PAT_3415_audio_WM_ERSP_GC8_TN.npy,0.0515762273901808,0.0010335917312661,True,835,3,0.18442859,3
PAT_3415,audio,LM,GD1,\\nasac-m2.unige.ch\m-HumanNeuronLab\ANALYSIS\FLM\Analysis_LoraFanda\01_FBM_Analysis\outputs\04_ersp_LM_RAWONLY\PAT_3415\LM\ERSP_matrix\audio\PAT_3415_audio_WM_ERSP_GD1_TN.npy,0.0528940568475452,0.0006718346253229,True,836,3,0.1769492,3
PAT_3415,audio,LM,GD2,\\nasac-m2.unige.ch\m-HumanNeuronLab\ANALYSIS\FLM\Analysis_LoraFanda\01_FBM_Analysis\outputs\04_ersp_LM_RAWONLY\PAT_3415\LM\ERSP_matrix\audio\PAT_3415_audio_WM_ERSP_GD2_TN.npy,0.0262790697674418,0.0010077519379844,True,837,3,0.06453658,3
PAT_3415,audio,LM,GD3,\\nasac-m2.unige.ch\m-HumanNeuronLab\ANALYSIS\FLM\Analysis_LoraFanda\01_FBM_Analysis\outputs\04_ersp_LM_RAWONLY\PAT_3415\LM\ERSP_matrix\audio\PAT_3415_audio_WM_ERSP_GD3_TN.npy,0.0648837209302325,0.000594315245478,True,838,3,0.17187086,3
PAT_3415,audio,LM,GD4,\\nasac-m2.unige.ch\m-HumanNeuronLab\ANALYSIS\FLM\Analysis_LoraFanda\01_FBM_Analysis\outputs\04_ersp_LM_RAWONLY\PAT_3415\LM\ERSP_matrix\audio\PAT_3415_audio_WM_ERSP_GD4_TN.npy,0.0407751937984496,0.0006976744186046,True,839,3,0.06402056,3
PAT_3415,audio,LM,GD5,\\nasac-m2.unige.ch\m-HumanNeuronLab\ANALYSIS\FLM\Analysis_LoraFanda\01_FBM_Analysis\outputs\04_ersp_LM_RAWONLY\PAT_3415\LM\ERSP_matrix\audio\PAT_3415_audio_WM_ERSP_GD5_TN.npy,0.0403875968992248,0.0086304909560723,True,840,11,0.07065563,11
PAT_3415,audio,LM,GD6,\\nasac-m2.unige.ch\m-HumanNeuronLab\ANALYSIS\FLM\Analysis_LoraFanda\01_FBM_Analysis\outputs\04_ersp_LM_RAWONLY\PAT_3415\LM\ERSP_matrix\audio\PAT_3415_audio_WM_ERSP_GD6_TN.npy,0.0445994832041343,0.0020930232558139,True,841,11,-0.13012487,11
PAT_3415,audio,LM,GD7,\\nasac-m2.unige.ch\m-HumanNeuronLab\ANALYSIS\FLM\Analysis_LoraFanda\01_FBM_Analysis\outputs\04_ersp_LM_RAWONLY\PAT_3415\LM\ERSP_matrix\audio\PAT_3415_audio_WM_ERSP_GD7_TN.npy,0.0447803617571059,0.0008268733850129,True,842,3,0.16956569,3
PAT_3415,audio,LM,GD8,\\nasac-m2.unige.ch\m-HumanNeuronLab\ANALYSIS\FLM\Analysis_LoraFanda\01_FBM_Analysis\outputs\04_ersp_LM_RAWONLY\PAT_3415\LM\ERSP_matrix\audio\PAT_3415_audio_WM_ERSP_GD8_TN.npy,0.04656330749354,0.0012403100775193,True,843,3,0.20795874,3
PAT_3415,audio,LM,GE1,\\nasac-m2.unige.ch\m-HumanNeuronLab\ANALYSIS\FLM\Analysis_LoraFanda\01_FBM_Analysis\outputs\04_ersp_LM_RAWONLY\PAT_3415\LM\ERSP_matrix\audio\PAT_3415_audio_WM_ERSP_GE1_TN.npy,0.0509560723514211,0.0010594315245478,True,844,3,0.2406654,3
PAT_3415,audio,LM,GE2,\\nasac-m2.unige.ch\m-HumanNeuronLab\ANALYSIS\FLM\Analysis_LoraFanda\01_FBM_Analysis\outputs\04_ersp_LM_RAWONLY\PAT_3415\LM\ERSP_matrix\audio\PAT_3415_audio_WM_ERSP_GE2_TN.npy,0.0537209302325581,0.0006976744186046,True,845,3,0.17646202,3
PAT_3415,audio,LM,GE3,\\nasac-m2.unige.ch\m-HumanNeuronLab\ANALYSIS\FLM\Analysis_LoraFanda\01_FBM_Analysis\outputs\04_ersp_LM_RAWONLY\PAT_3415\LM\ERSP_matrix\audio\PAT_3415_audio_WM_ERSP_GE3_TN.npy,0.0723772609819121,0.0008010335917312,True,846,3,0.17148444,3
PAT_3415,audio,LM,GE4,\\nasac-m2.unige.ch\m-HumanNeuronLab\ANALYSIS\FLM\Analysis_LoraFanda\01_FBM_Analysis\outputs\04_ersp_LM_RAWONLY\PAT_3415\LM\ERSP_matrix\audio\PAT_3415_audio_WM_ERSP_GE4_TN.npy,0.0865891472868217,0.0007493540051679,True,847,10,-0.0042509926,10
PAT_3415,audio,LM,GE5,\\nasac-m2.unige.ch\m-HumanNeuronLab\ANALYSIS\FLM\Analysis_LoraFanda\01_FBM_Analysis\outputs\04_ersp_LM_RAWONLY\PAT_3415\LM\ERSP_matrix\audio\PAT_3415_audio_WM_ERSP_GE5_TN.npy,0.0483204134366925,0.0033591731266149,True,848,11,-0.05251458,11
PAT_3415,audio,LM,GE6,\\nasac-m2.unige.ch\m-HumanNeuronLab\ANALYSIS\FLM\Analysis_LoraFanda\01_FBM_Analysis\outputs\04_ersp_LM_RAWONLY\PAT_3415\LM\ERSP_matrix\audio\PAT_3415_audio_WM_ERSP_GE6_TN.npy,0.045297157622739,0.0013436692506459,True,849,11,-0.13166933,11
PAT_3415,audio,LM,GE7,\\nasac-m2.unige.ch\m-HumanNeuronLab\ANALYSIS\FLM\Analysis_LoraFanda\01_FBM_Analysis\outputs\04_ersp_LM_RAWONLY\PAT_3415\LM\ERSP_matrix\audio\PAT_3415_audio_WM_ERSP_GE7_TN.npy,0.0505426356589147,0.0010077519379844,True,850,3,0.23769197,3
PAT_3415,audio,LM,GE8,\\nasac-m2.unige.ch\m-HumanNeuronLab\ANALYSIS\FLM\Analysis_LoraFanda\01_FBM_Analysis\outputs\04_ersp_LM_RAWONLY\PAT_3415\LM\ERSP_matrix\audio\PAT_3415_audio_WM_ERSP_GE8_TN.npy,0.0434625322997416,0.0007235142118863,True,851,3,0.1833145,3
PAT_3415,audio,LM,GF1,\\nasac-m2.unige.ch\m-HumanNeuronLab\ANALYSIS\FLM\Analysis_LoraFanda\01_FBM_Analysis\outputs\04_ersp_LM_RAWONLY\PAT_3415\LM\ERSP_matrix\audio\PAT_3415_audio_WM_ERSP_GF1_TN.npy,0.0509043927648578,0.0017054263565891,True,852,3,0.23298799,3
PAT_3415,audio,LM,GF2,\\nasac-m2.unige.ch\m-HumanNeuronLab\ANALYSIS\FLM\Analysis_LoraFanda\01_FBM_Analysis\outputs\04_ersp_LM_RAWONLY\PAT_3415\LM\ERSP_matrix\audio\PAT_3415_audio_WM_ERSP_GF2_TN.npy,0.0599741602067183,0.0013953488372093,True,853,3,0.18869315,3
PAT_3415,audio,LM,GF3,\\nasac-m2.unige.ch\m-HumanNeuronLab\ANALYSIS\FLM\Analysis_LoraFanda\01_FBM_Analysis\outputs\04_ersp_LM_RAWONLY\PAT_3415\LM\ERSP_matrix\audio\PAT_3415_audio_WM_ERSP_GF3_TN.npy,0.065968992248062,0.0005684754521963,True,854,3,0.06332572,3
PAT_3415,audio,LM,GF4,\\nasac-m2.unige.ch\m-HumanNeuronLab\ANALYSIS\FLM\Analysis_LoraFanda\01_FBM_Analysis\outputs\04_ersp_LM_RAWONLY\PAT_3415\LM\ERSP_matrix\audio\PAT_3415_audio_WM_ERSP_GF4_TN.npy,0.0548837209302325,0.0013436692506459,True,855,3,0.18859293,3
PAT_3415,audio,LM,GF5,\\nasac-m2.unige.ch\m-HumanNeuronLab\ANALYSIS\FLM\Analysis_LoraFanda\01_FBM_Analysis\outputs\04_ersp_LM_RAWONLY\PAT_3415\LM\ERSP_matrix\audio\PAT_3415_audio_WM_ERSP_GF5_TN.npy,0.0338501291989664,0.0013436692506459,True,856,3,0.1210062,3
PAT_3415,audio,LM,GF6,\\nasac-m2.unige.ch\m-HumanNeuronLab\ANALYSIS\FLM\Analysis_LoraFanda\01_FBM_Analysis\outputs\04_ersp_LM_RAWONLY\PAT_3415\LM\ERSP_matrix\audio\PAT_3415_audio_WM_ERSP_GF6_TN.npy,0.0619896640826873,0.0020671834625322,True,857,3,0.05022209,3
PAT_3415,audio,LM,GF7,\\nasac-m2.unige.ch\m-HumanNeuronLab\ANALYSIS\FLM\Analysis_LoraFanda\01_FBM_Analysis\outputs\04_ersp_LM_RAWONLY\PAT_3415\LM\ERSP_matrix\audio\PAT_3415_audio_WM_ERSP_GF7_TN.npy,0.0355297157622739,0.0019121447028423,True,858,3,0.13632499,3
PAT_3415,audio,LM,GF8,\\nasac-m2.unige.ch\m-HumanNeuronLab\ANALYSIS\FLM\Analysis_LoraFanda\01_FBM_Analysis\outputs\04_ersp_LM_RAWONLY\PAT_3415\LM\ERSP_matrix\audio\PAT_3415_audio_WM_ERSP_GF8_TN.npy,0.0434625322997416,0.0009819121447028,True,859,3,0.18329118,3
PAT_3415,audio,LM,GG1,\\nasac-m2.unige.ch\m-HumanNeuronLab\ANALYSIS\FLM\Analysis_LoraFanda\01_FBM_Analysis\outputs\04_ersp_LM_RAWONLY\PAT_3415\LM\ERSP_matrix\audio\PAT_3415_audio_WM_ERSP_GG1_TN.npy,0.0548837209302325,0.0020930232558139,True,860,3,0.20478515,3
PAT_3415,audio,LM,GG2,\\nasac-m2.unige.ch\m-HumanNeuronLab\ANALYSIS\FLM\Analysis_LoraFanda\01_FBM_Analysis\outputs\04_ersp_LM_RAWONLY\PAT_3415\LM\ERSP_matrix\audio\PAT_3415_audio_WM_ERSP_GG2_TN.npy,0.0548320413436692,0.0010335917312661,True,861,3,0.18541305,3
PAT_3415,audio,LM,GG3,\\nasac-m2.unige.ch\m-HumanNeuronLab\ANALYSIS\FLM\Analysis_LoraFanda\01_FBM_Analysis\outputs\04_ersp_LM_RAWONLY\PAT_3415\LM\ERSP_matrix\audio\PAT_3415_audio_WM_ERSP_GG3_TN.npy,0.0487596899224806,0.0009819121447028,True,862,3,0.19758953,3
PAT_3415,audio,LM,GG4,\\nasac-m2.unige.ch\m-HumanNeuronLab\ANALYSIS\FLM\Analysis_LoraFanda\01_FBM_Analysis\outputs\04_ersp_LM_RAWONLY\PAT_3415\LM\ERSP_matrix\audio\PAT_3415_audio_WM_ERSP_GG4_TN.npy,0.0341602067183462,0.0013436692506459,True,863,3,0.15847918,3
PAT_3415,audio,LM,GG5,\\nasac-m2.unige.ch\m-HumanNeuronLab\ANALYSIS\FLM\Analysis_LoraFanda\01_FBM_Analysis\outputs\04_ersp_LM_RAWONLY\PAT_3415\LM\ERSP_matrix\audio\PAT_3415_audio_WM_ERSP_GG5_TN.npy,0.0427390180878552,0.0011627906976744,True,864,3,0.2037788,3
PAT_3415,audio,LM,GG6,\\nasac-m2.unige.ch\m-HumanNeuronLab\ANALYSIS\FLM\Analysis_LoraFanda\01_FBM_Analysis\outputs\04_ersp_LM_RAWONLY\PAT_3415\LM\ERSP_matrix\audio\PAT_3415_audio_WM_ERSP_GG6_TN.npy,0.0429715762273901,0.0007493540051679,True,865,3,0.19537102,3
PAT_3415,audio,LM,GG7,\\nasac-m2.unige.ch\m-HumanNeuronLab\ANALYSIS\FLM\Analysis_LoraFanda\01_FBM_Analysis\outputs\04_ersp_LM_RAWONLY\PAT_3415\LM\ERSP_matrix\audio\PAT_3415_audio_WM_ERSP_GG7_TN.npy,0.0512919896640826,0.0007751937984496,True,866,3,0.16953751,3
PAT_3415,audio,LM,GG8,\\nasac-m2.unige.ch\m-HumanNeuronLab\ANALYSIS\FLM\Analysis_LoraFanda\01_FBM_Analysis\outputs\04_ersp_LM_RAWONLY\PAT_3415\LM\ERSP_matrix\audio\PAT_3415_audio_WM_ERSP_GG8_TN.npy,0.0366149870801033,0.0010077519379844,True,867,3,0.18461807,3
PAT_3415,audio,LM,GH1,\\nasac-m2.unige.ch\m-HumanNeuronLab\ANALYSIS\FLM\Analysis_LoraFanda\01_FBM_Analysis\outputs\04_ersp_LM_RAWONLY\PAT_3415\LM\ERSP_matrix\audio\PAT_3415_audio_WM_ERSP_GH1_TN.npy,0.0689147286821705,0.00328165374677,True,868,3,0.11980666,3
PAT_3415,audio,LM,GH2,\\nasac-m2.unige.ch\m-HumanNeuronLab\ANALYSIS\FLM\Analysis_LoraFanda\01_FBM_Analysis\outputs\04_ersp_LM_RAWONLY\PAT_3415\LM\ERSP_matrix\audio\PAT_3415_audio_WM_ERSP_GH2_TN.npy,0.0491214470284237,0.0026356589147286,True,869,3,0.14273497,3
PAT_3415,audio,LM,GH3,\\nasac-m2.unige.ch\m-HumanNeuronLab\ANALYSIS\FLM\Analysis_LoraFanda\01_FBM_Analysis\outputs\04_ersp_LM_RAWONLY\PAT_3415\LM\ERSP_matrix\audio\PAT_3415_audio_WM_ERSP_GH3_TN.npy,0.0504392764857881,0.0017312661498708,True,870,3,0.15944286,3
PAT_3415,audio,LM,GH4,\\nasac-m2.unige.ch\m-HumanNeuronLab\ANALYSIS\FLM\Analysis_LoraFanda\01_FBM_Analysis\outputs\04_ersp_LM_RAWONLY\PAT_3415\LM\ERSP_matrix\audio\PAT_3415_audio_WM_ERSP_GH4_TN.npy,0.0337209302325581,0.0019121447028423,True,871,3,0.09957936,3
PAT_3415,audio,LM,GH5,\\nasac-m2.unige.ch\m-HumanNeuronLab\ANALYSIS\FLM\Analysis_LoraFanda\01_FBM_Analysis\outputs\04_ersp_LM_RAWONLY\PAT_3415\LM\ERSP_matrix\audio\PAT_3415_audio_WM_ERSP_GH5_TN.npy,0.0402067183462532,0.0024031007751937,True,872,3,0.12793721,3
PAT_3415,audio,LM,GH6,\\nasac-m2.unige.ch\m-HumanNeuronLab\ANALYSIS\FLM\Analysis_LoraFanda\01_FBM_Analysis\outputs\04_ersp_LM_RAWONLY\PAT_3415\LM\ERSP_matrix\audio\PAT_3415_audio_WM_ERSP_GH6_TN.npy,0.0449870801033591,0.0022739018087855,True,873,3,0.16860628,3
PAT_3415,audio,LM,GH7,\\nasac-m2.unige.ch\m-HumanNeuronLab\ANALYSIS\FLM\Analysis_LoraFanda\01_FBM_Analysis\outputs\04_ersp_LM_RAWONLY\PAT_3415\LM\ERSP_matrix\audio\PAT_3415_audio_WM_ERSP_GH7_TN.npy,0.0421447028423772,0.001188630490956,True,874,3,0.17145663,3
PAT_3415,audio,LM,GH8,\\nasac-m2.unige.ch\m-HumanNeuronLab\ANALYSIS\FLM\Analysis_LoraFanda\01_FBM_Analysis\outputs\04_ersp_LM_RAWONLY\PAT_3415\LM\ERSP_matrix\audio\PAT_3415_audio_WM_ERSP_GH8_TN.npy,0.0400775193798449,0.0012144702842377,True,875,3,0.2022225,3
PAT_3415,audio,LM,IMG10,\\nasac-m2.unige.ch\m-HumanNeuronLab\ANALYSIS\FLM\Analysis_LoraFanda\01_FBM_Analysis\outputs\04_ersp_LM_RAWONLY\PAT_3415\LM\ERSP_matrix\audio\PAT_3415_audio_WM_ERSP_IMG10_TN.npy,0.0606459948320413,0.0008527131782945,True,876,3,0.23157482,3
PAT_3415,audio,LM,IMG11,\\nasac-m2.unige.ch\m-HumanNeuronLab\ANALYSIS\FLM\Analysis_LoraFanda\01_FBM_Analysis\outputs\04_ersp_LM_RAWONLY\PAT_3415\LM\ERSP_matrix\audio\PAT_3415_audio_WM_ERSP_IMG11_TN.npy,0.0592248062015503,0.0011111111111111,True,877,3,0.24483626,3
PAT_3415,audio,LM,IMG12,\\nasac-m2.unige.ch\m-HumanNeuronLab\ANALYSIS\FLM\Analysis_LoraFanda\01_FBM_Analysis\outputs\04_ersp_LM_RAWONLY\PAT_3415\LM\ERSP_matrix\audio\PAT_3415_audio_WM_ERSP_IMG12_TN.npy,0.0549354005167958,0.0010077519379844,True,878,3,0.20561545,3
PAT_3415,audio,LM,IMG13,\\nasac-m2.unige.ch\m-HumanNeuronLab\ANALYSIS\FLM\Analysis_LoraFanda\01_FBM_Analysis\outputs\04_ersp_LM_RAWONLY\PAT_3415\LM\ERSP_matrix\audio\PAT_3415_audio_WM_ERSP_IMG13_TN.npy,0.0597416020671834,0.0006718346253229,True,879,3,0.2176086,3
PAT_3415,audio,LM,IMG14,\\nasac-m2.unige.ch\m-HumanNeuronLab\ANALYSIS\FLM\Analysis_LoraFanda\01_FBM_Analysis\outputs\04_ersp_LM_RAWONLY\PAT_3415\LM\ERSP_matrix\audio\PAT_3415_audio_WM_ERSP_IMG14_TN.npy,0.059922480620155,0.0008010335917312,True,880,3,0.21601619,3
PAT_3415,audio,LM,IMG18,\\nasac-m2.unige.ch\m-HumanNeuronLab\ANALYSIS\FLM\Analysis_LoraFanda\01_FBM_Analysis\outputs\04_ersp_LM_RAWONLY\PAT_3415\LM\ERSP_matrix\audio\PAT_3415_audio_WM_ERSP_IMG18_TN.npy,0.055297157622739,0.0012144702842377,True,881,3,0.17109899,3
PAT_3415,audio,LM,IMG1,\\nasac-m2.unige.ch\m-HumanNeuronLab\ANALYSIS\FLM\Analysis_LoraFanda\01_FBM_Analysis\outputs\04_ersp_LM_RAWONLY\PAT_3415\LM\ERSP_matrix\audio\PAT_3415_audio_WM_ERSP_IMG1_TN.npy,0.054470284237726,0.0017312661498708,True,882,3,0.2495386,3
PAT_3415,audio,LM,IMG2,\\nasac-m2.unige.ch\m-HumanNeuronLab\ANALYSIS\FLM\Analysis_LoraFanda\01_FBM_Analysis\outputs\04_ersp_LM_RAWONLY\PAT_3415\LM\ERSP_matrix\audio\PAT_3415_audio_WM_ERSP_IMG2_TN.npy,0.0529457364341085,0.0012403100775193,True,883,3,0.22005959,3
PAT_3415,audio,LM,IMG3,\\nasac-m2.unige.ch\m-HumanNeuronLab\ANALYSIS\FLM\Analysis_LoraFanda\01_FBM_Analysis\outputs\04_ersp_LM_RAWONLY\PAT_3415\LM\ERSP_matrix\audio\PAT_3415_audio_WM_ERSP_IMG3_TN.npy,0.051188630490956,0.0010852713178294,True,884,3,0.21139069,3
PAT_3415,audio,LM,IMG4,\\nasac-m2.unige.ch\m-HumanNeuronLab\ANALYSIS\FLM\Analysis_LoraFanda\01_FBM_Analysis\outputs\04_ersp_LM_RAWONLY\PAT_3415\LM\ERSP_matrix\audio\PAT_3415_audio_WM_ERSP_IMG4_TN.npy,0.0509302325581395,0.0017312661498708,True,885,3,0.21502356,3
PAT_3415,audio,LM,IMG5,\\nasac-m2.unige.ch\m-HumanNeuronLab\ANALYSIS\FLM\Analysis_LoraFanda\01_FBM_Analysis\outputs\04_ersp_LM_RAWONLY\PAT_3415\LM\ERSP_matrix\audio\PAT_3415_audio_WM_ERSP_IMG5_TN.npy,0.0534366925064599,0.0010594315245478,True,886,3,0.24448264,3
PAT_3415,audio,LM,IMG6,\\nasac-m2.unige.ch\m-HumanNeuronLab\ANALYSIS\FLM\Analysis_LoraFanda\01_FBM_Analysis\outputs\04_ersp_LM_RAWONLY\PAT_3415\LM\ERSP_matrix\audio\PAT_3415_audio_WM_ERSP_IMG6_TN.npy,0.0650387596899224,0.0048320413436692,True,887,3,0.18626502,3
PAT_3415,audio,LM,IMG7,\\nasac-m2.unige.ch\m-HumanNeuronLab\ANALYSIS\FLM\Analysis_LoraFanda\01_FBM_Analysis\outputs\04_ersp_LM_RAWONLY\PAT_3415\LM\ERSP_matrix\audio\PAT_3415_audio_WM_ERSP_IMG7_TN.npy,0.057157622739018,0.0013436692506459,True,888,3,0.254445,3
PAT_3415,audio,LM,IMG9,\\nasac-m2.unige.ch\m-HumanNeuronLab\ANALYSIS\FLM\Analysis_LoraFanda\01_FBM_Analysis\outputs\04_ersp_LM_RAWONLY\PAT_3415\LM\ERSP_matrix\audio\PAT_3415_audio_WM_ERSP_IMG9_TN.npy,0.0516537467700258,0.0053746770025839,True,889,3,0.14394829,3
PAT_3415,audio,LM,IPG11,\\nasac-m2.unige.ch\m-HumanNeuronLab\ANALYSIS\FLM\Analysis_LoraFanda\01_FBM_Analysis\outputs\04_ersp_LM_RAWONLY\PAT_3415\LM\ERSP_matrix\audio\PAT_3415_audio_WM_ERSP_IPG11_TN.npy,0.0687596899224806,0.0005426356589147,True,890,3,0.23111403,3
PAT_3415,audio,LM,IPG14,\\nasac-m2.unige.ch\m-HumanNeuronLab\ANALYSIS\FLM\Analysis_LoraFanda\01_FBM_Analysis\outputs\04_ersp_LM_RAWONLY\PAT_3415\LM\ERSP_matrix\audio\PAT_3415_audio_WM_ERSP_IPG14_TN.npy,0.067829457364341,0.0004134366925064,True,891,3,0.2095132,3
PAT_3415,audio,LM,IPG16,\\nasac-m2.unige.ch\m-HumanNeuronLab\ANALYSIS\FLM\Analysis_LoraFanda\01_FBM_Analysis\outputs\04_ersp_LM_RAWONLY\PAT_3415\LM\ERSP_matrix\audio\PAT_3415_audio_WM_ERSP_IPG16_TN.npy,0.0658397932816537,0.0005684754521963,True,892,3,0.24170387,3
PAT_3415,audio,LM,IPG17,\\nasac-m2.unige.ch\m-HumanNeuronLab\ANALYSIS\FLM\Analysis_LoraFanda\01_FBM_Analysis\outputs\04_ersp_LM_RAWONLY\PAT_3415\LM\ERSP_matrix\audio\PAT_3415_audio_WM_ERSP_IPG17_TN.npy,0.0712919896640826,0.0005426356589147,True,893,3,0.24941824,3
PAT_3415,audio,LM,IPG18,\\nasac-m2.unige.ch\m-HumanNeuronLab\ANALYSIS\FLM\Analysis_LoraFanda\01_FBM_Analysis\outputs\04_ersp_LM_RAWONLY\PAT_3415\LM\ERSP_matrix\audio\PAT_3415_audio_WM_ERSP_IPG18_TN.npy,0.0659948320413436,0.0004392764857881,True,894,3,0.238227,3
PAT_3415,audio,LM,IPG1,\\nasac-m2.unige.ch\m-HumanNeuronLab\ANALYSIS\FLM\Analysis_LoraFanda\01_FBM_Analysis\outputs\04_ersp_LM_RAWONLY\PAT_3415\LM\ERSP_matrix\audio\PAT_3415_audio_WM_ERSP_IPG1_TN.npy,0.0629715762273901,0.0008785529715762,True,895,3,0.2373726,3
PAT_3415,audio,LM,IPG2,\\nasac-m2.unige.ch\m-HumanNeuronLab\ANALYSIS\FLM\Analysis_LoraFanda\01_FBM_Analysis\outputs\04_ersp_LM_RAWONLY\PAT_3415\LM\ERSP_matrix\audio\PAT_3415_audio_WM_ERSP_IPG2_TN.npy,0.0580620155038759,0.0006201550387596,True,896,3,0.24712105,3
PAT_3415,audio,LM,IPG3,\\nasac-m2.unige.ch\m-HumanNeuronLab\ANALYSIS\FLM\Analysis_LoraFanda\01_FBM_Analysis\outputs\04_ersp_LM_RAWONLY\PAT_3415\LM\ERSP_matrix\audio\PAT_3415_audio_WM_ERSP_IPG3_TN.npy,0.0613695090439276,0.0006459948320413,True,897,3,0.24236253,3
PAT_3415,audio,LM,IPG4,\\nasac-m2.unige.ch\m-HumanNeuronLab\ANALYSIS\FLM\Analysis_LoraFanda\01_FBM_Analysis\outputs\04_ersp_LM_RAWONLY\PAT_3415\LM\ERSP_matrix\audio\PAT_3415_audio_WM_ERSP_IPG4_TN.npy,0.063875968992248,0.0003100775193798,True,898,3,0.23952237,3
PAT_3415,audio,LM,IPG5,\\nasac-m2.unige.ch\m-HumanNeuronLab\ANALYSIS\FLM\Analysis_LoraFanda\01_FBM_Analysis\outputs\04_ersp_LM_RAWONLY\PAT_3415\LM\ERSP_matrix\audio\PAT_3415_audio_WM_ERSP_IPG5_TN.npy,0.0627906976744186,0.0008268733850129,True,899,3,0.23248403,3
PAT_3415,audio,LM,IPG6,\\nasac-m2.unige.ch\m-HumanNeuronLab\ANALYSIS\FLM\Analysis_LoraFanda\01_FBM_Analysis\outputs\04_ersp_LM_RAWONLY\PAT_3415\LM\ERSP_matrix\audio\PAT_3415_audio_WM_ERSP_IPG6_TN.npy,0.0689922480620155,0.0003100775193798,True,900,3,0.23593593,3
PAT_3415,audio,LM,IPG7,\\nasac-m2.unige.ch\m-HumanNeuronLab\ANALYSIS\FLM\Analysis_LoraFanda\01_FBM_Analysis\outputs\04_ersp_LM_RAWONLY\PAT_3415\LM\ERSP_matrix\audio\PAT_3415_audio_WM_ERSP_IPG7_TN.npy,0.0636692506459948,0.000516795865633,True,901,3,0.21603791,3
PAT_3415,audio,LM,IPG8,\\nasac-m2.unige.ch\m-HumanNeuronLab\ANALYSIS\FLM\Analysis_LoraFanda\01_FBM_Analysis\outputs\04_ersp_LM_RAWONLY\PAT_3415\LM\ERSP_matrix\audio\PAT_3415_audio_WM_ERSP_IPG8_TN.npy,0.0694315245478036,0.0004392764857881,True,902,3,0.21006422,3
PAT_3415,audio,LM,IPG9,\\nasac-m2.unige.ch\m-HumanNeuronLab\ANALYSIS\FLM\Analysis_LoraFanda\01_FBM_Analysis\outputs\04_ersp_LM_RAWONLY\PAT_3415\LM\ERSP_matrix\audio\PAT_3415_audio_WM_ERSP_IPG9_TN.npy,0.0738242894056847,0.0006459948320413,True,903,3,0.22630863,3
PAT_3415,audio,LM,OI1,\\nasac-m2.unige.ch\m-HumanNeuronLab\ANALYSIS\FLM\Analysis_LoraFanda\01_FBM_Analysis\outputs\04_ersp_LM_RAWONLY\PAT_3415\LM\ERSP_matrix\audio\PAT_3415_audio_WM_ERSP_OI1_TN.npy,0.1168733850129199,0.0007751937984496,True,904,10,0.036852702,10
PAT_3415,audio,LM,OI2,\\nasac-m2.unige.ch\m-HumanNeuronLab\ANALYSIS\FLM\Analysis_LoraFanda\01_FBM_Analysis\outputs\04_ersp_LM_RAWONLY\PAT_3415\LM\ERSP_matrix\audio\PAT_3415_audio_WM_ERSP_OI2_TN.npy,0.0226873385012919,0.0127648578811369,True,905,1,-0.14990678,1
PAT_3415,audio,LM,OI3,\\nasac-m2.unige.ch\m-HumanNeuronLab\ANALYSIS\FLM\Analysis_LoraFanda\01_FBM_Analysis\outputs\04_ersp_LM_RAWONLY\PAT_3415\LM\ERSP_matrix\audio\PAT_3415_audio_WM_ERSP_OI3_TN.npy,0.0539276485788113,0.0020671834625322,True,906,3,0.095405035,3
PAT_3415,audio,LM,OI4,\\nasac-m2.unige.ch\m-HumanNeuronLab\ANALYSIS\FLM\Analysis_LoraFanda\01_FBM_Analysis\outputs\04_ersp_LM_RAWONLY\PAT_3415\LM\ERSP_matrix\audio\PAT_3415_audio_WM_ERSP_OI4_TN.npy,0.0812919896640826,0.0013436692506459,True,907,10,0.01682221,10
PAT_3415,audio,LM,OI5,\\nasac-m2.unige.ch\m-HumanNeuronLab\ANALYSIS\FLM\Analysis_LoraFanda\01_FBM_Analysis\outputs\04_ersp_LM_RAWONLY\PAT_3415\LM\ERSP_matrix\audio\PAT_3415_audio_WM_ERSP_OI5_TN.npy,0.0670801033591731,0.0030232558139534,True,908,10,-0.085269675,10
PAT_3415,audio,LM,OI6,\\nasac-m2.unige.ch\m-HumanNeuronLab\ANALYSIS\FLM\Analysis_LoraFanda\01_FBM_Analysis\outputs\04_ersp_LM_RAWONLY\PAT_3415\LM\ERSP_matrix\audio\PAT_3415_audio_WM_ERSP_OI6_TN.npy,0.0421188630490956,0.0016279069767441,True,909,3,0.13427506,3
PAT_3415,audio,LM,OS1,\\nasac-m2.unige.ch\m-HumanNeuronLab\ANALYSIS\FLM\Analysis_LoraFanda\01_FBM_Analysis\outputs\04_ersp_LM_RAWONLY\PAT_3415\LM\ERSP_matrix\audio\PAT_3415_audio_WM_ERSP_OS1_TN.npy,0.2260206718346253,5.167958656330749e-05,True,910,8,-0.051003095,8
PAT_3415,audio,LM,OS2,\\nasac-m2.unige.ch\m-HumanNeuronLab\ANALYSIS\FLM\Analysis_LoraFanda\01_FBM_Analysis\outputs\04_ersp_LM_RAWONLY\PAT_3415\LM\ERSP_matrix\audio\PAT_3415_audio_WM_ERSP_OS2_TN.npy,0.1042894056847545,0.0016279069767441,True,911,10,0.13610476,10
PAT_3415,audio,LM,OS3,\\nasac-m2.unige.ch\m-HumanNeuronLab\ANALYSIS\FLM\Analysis_LoraFanda\01_FBM_Analysis\outputs\04_ersp_LM_RAWONLY\PAT_3415\LM\ERSP_matrix\audio\PAT_3415_audio_WM_ERSP_OS3_TN.npy,0.0614728682170542,0.0056330749354005,True,912,10,-0.012868409,10
PAT_3415,audio,LM,OS4,\\nasac-m2.unige.ch\m-HumanNeuronLab\ANALYSIS\FLM\Analysis_LoraFanda\01_FBM_Analysis\outputs\04_ersp_LM_RAWONLY\PAT_3415\LM\ERSP_matrix\audio\PAT_3415_audio_WM_ERSP_OS4_TN.npy,0.0389405684754521,0.001266149870801,True,913,3,0.113669835,3
PAT_3415,audio,LM,OS5,\\nasac-m2.unige.ch\m-HumanNeuronLab\ANALYSIS\FLM\Analysis_LoraFanda\01_FBM_Analysis\outputs\04_ersp_LM_RAWONLY\PAT_3415\LM\ERSP_matrix\audio\PAT_3415_audio_WM_ERSP_OS5_TN.npy,0.0339018087855297,0.0029715762273901,True,914,3,0.123593636,3
PAT_3415,audio,LM,OS6,\\nasac-m2.unige.ch\m-HumanNeuronLab\ANALYSIS\FLM\Analysis_LoraFanda\01_FBM_Analysis\outputs\04_ersp_LM_RAWONLY\PAT_3415\LM\ERSP_matrix\audio\PAT_3415_audio_WM_ERSP_OS6_TN.npy,0.0359948320413436,0.0019638242894056,True,915,3,0.111510515,3
PAT_3415,audio,LM,TA1,\\nasac-m2.unige.ch\m-HumanNeuronLab\ANALYSIS\FLM\Analysis_LoraFanda\01_FBM_Analysis\outputs\04_ersp_LM_RAWONLY\PAT_3415\LM\ERSP_matrix\audio\PAT_3415_audio_WM_ERSP_TA1_TN.npy,0.0462790697674418,0.0047028423772609,True,916,3,0.08392265,3
PAT_3415,audio,LM,TA2,\\nasac-m2.unige.ch\m-HumanNeuronLab\ANALYSIS\FLM\Analysis_LoraFanda\01_FBM_Analysis\outputs\04_ersp_LM_RAWONLY\PAT_3415\LM\ERSP_matrix\audio\PAT_3415_audio_WM_ERSP_TA2_TN.npy,0.0516795865633074,0.0067183462532299,True,917,3,0.08406528,3
PAT_3415,audio,LM,TA3,\\nasac-m2.unige.ch\m-HumanNeuronLab\ANALYSIS\FLM\Analysis_LoraFanda\01_FBM_Analysis\outputs\04_ersp_LM_RAWONLY\PAT_3415\LM\ERSP_matrix\audio\PAT_3415_audio_WM_ERSP_TA3_TN.npy,0.0529974160206718,0.0026614987080103,True,918,3,0.15370852,3
PAT_3415,audio,LM,TA4,\\nasac-m2.unige.ch\m-HumanNeuronLab\ANALYSIS\FLM\Analysis_LoraFanda\01_FBM_Analysis\outputs\04_ersp_LM_RAWONLY\PAT_3415\LM\ERSP_matrix\audio\PAT_3415_audio_WM_ERSP_TA4_TN.npy,0.0536692506459948,0.0045736434108527,True,919,3,0.13987525,3
PAT_3415,audio,LM,TA5,\\nasac-m2.unige.ch\m-HumanNeuronLab\ANALYSIS\FLM\Analysis_LoraFanda\01_FBM_Analysis\outputs\04_ersp_LM_RAWONLY\PAT_3415\LM\ERSP_matrix\audio\PAT_3415_audio_WM_ERSP_TA5_TN.npy,0.0535142118863049,0.0091472868217054,True,920,3,0.09295153,3
PAT_3415,audio,LM,TA6,\\nasac-m2.unige.ch\m-HumanNeuronLab\ANALYSIS\FLM\Analysis_LoraFanda\01_FBM_Analysis\outputs\04_ersp_LM_RAWONLY\PAT_3415\LM\ERSP_matrix\audio\PAT_3415_audio_WM_ERSP_TA6_TN.npy,0.0526356589147286,0.0137726098191214,True,921,3,0.06898128,3
PAT_3415,audio,LM,TM1,\\nasac-m2.unige.ch\m-HumanNeuronLab\ANALYSIS\FLM\Analysis_LoraFanda\01_FBM_Analysis\outputs\04_ersp_LM_RAWONLY\PAT_3415\LM\ERSP_matrix\audio\PAT_3415_audio_WM_ERSP_TM1_TN.npy,0.0472868217054263,0.0042377260981912,True,922,3,0.103944205,3
PAT_3415,audio,LM,TM2,\\nasac-m2.unige.ch\m-HumanNeuronLab\ANALYSIS\FLM\Analysis_LoraFanda\01_FBM_Analysis\outputs\04_ersp_LM_RAWONLY\PAT_3415\LM\ERSP_matrix\audio\PAT_3415_audio_WM_ERSP_TM2_TN.npy,0.0509302325581395,0.0049095607235142,True,923,3,0.06926505,3
PAT_3415,audio,LM,TM3,\\nasac-m2.unige.ch\m-HumanNeuronLab\ANALYSIS\FLM\Analysis_LoraFanda\01_FBM_Analysis\outputs\04_ersp_LM_RAWONLY\PAT_3415\LM\ERSP_matrix\audio\PAT_3415_audio_WM_ERSP_TM3_TN.npy,0.0589922480620155,0.0026873385012919,True,924,3,0.07339756,3
PAT_3415,audio,LM,TM4,\\nasac-m2.unige.ch\m-HumanNeuronLab\ANALYSIS\FLM\Analysis_LoraFanda\01_FBM_Analysis\outputs\04_ersp_LM_RAWONLY\PAT_3415\LM\ERSP_matrix\audio\PAT_3415_audio_WM_ERSP_TM4_TN.npy,0.0496640826873385,0.0017312661498708,True,925,3,0.12597673,3
PAT_3415,audio,LM,TM5,\\nasac-m2.unige.ch\m-HumanNeuronLab\ANALYSIS\FLM\Analysis_LoraFanda\01_FBM_Analysis\outputs\04_ersp_LM_RAWONLY\PAT_3415\LM\ERSP_matrix\audio\PAT_3415_audio_WM_ERSP_TM5_TN.npy,0.0386046511627906,0.0013695090439276,True,926,3,0.08983747,3
PAT_3415,audio,LM,TM6,\\nasac-m2.unige.ch\m-HumanNeuronLab\ANALYSIS\FLM\Analysis_LoraFanda\01_FBM_Analysis\outputs\04_ersp_LM_RAWONLY\PAT_3415\LM\ERSP_matrix\audio\PAT_3415_audio_WM_ERSP_TM6_TN.npy,0.0562015503875969,0.0087080103359173,True,927,3,0.086053796,3
PAT_3415,audio,LM,TP1,\\nasac-m2.unige.ch\m-HumanNeuronLab\ANALYSIS\FLM\Analysis_LoraFanda\01_FBM_Analysis\outputs\04_ersp_LM_RAWONLY\PAT_3415\LM\ERSP_matrix\audio\PAT_3415_audio_WM_ERSP_TP1_TN.npy,0.0604909560723514,0.0009302325581395,True,928,10,-0.08972563,10
PAT_3415,audio,LM,TP2,\\nasac-m2.unige.ch\m-HumanNeuronLab\ANALYSIS\FLM\Analysis_LoraFanda\01_FBM_Analysis\outputs\04_ersp_LM_RAWONLY\PAT_3415\LM\ERSP_matrix\audio\PAT_3415_audio_WM_ERSP_TP2_TN.npy,0.0645994832041343,0.0019896640826873,True,929,10,-0.08205888,10
PAT_3415,audio,LM,TP3,\\nasac-m2.unige.ch\m-HumanNeuronLab\ANALYSIS\FLM\Analysis_LoraFanda\01_FBM_Analysis\outputs\04_ersp_LM_RAWONLY\PAT_3415\LM\ERSP_matrix\audio\PAT_3415_audio_WM_ERSP_TP3_TN.npy,0.0504651162790697,0.0027390180878552,True,930,3,0.17163153,3
PAT_3415,audio,LM,TP4,\\nasac-m2.unige.ch\m-HumanNeuronLab\ANALYSIS\FLM\Analysis_LoraFanda\01_FBM_Analysis\outputs\04_ersp_LM_RAWONLY\PAT_3415\LM\ERSP_matrix\audio\PAT_3415_audio_WM_ERSP_TP4_TN.npy,0.0515762273901808,0.0026873385012919,True,931,3,0.15415168,3
PAT_3415,audio,LM,TP5,\\nasac-m2.unige.ch\m-HumanNeuronLab\ANALYSIS\FLM\Analysis_LoraFanda\01_FBM_Analysis\outputs\04_ersp_LM_RAWONLY\PAT_3415\LM\ERSP_matrix\audio\PAT_3415_audio_WM_ERSP_TP5_TN.npy,0.0487080103359173,0.0022997416020671,True,932,3,0.19262742,3
PAT_3415,audio,LM,TP6,\\nasac-m2.unige.ch\m-HumanNeuronLab\ANALYSIS\FLM\Analysis_LoraFanda\01_FBM_Analysis\outputs\04_ersp_LM_RAWONLY\PAT_3415\LM\ERSP_matrix\audio\PAT_3415_audio_WM_ERSP_TP6_TN.npy,0.0502325581395348,0.0027906976744186,True,933,3,0.17382857,3
PAT_3415,picture,LM,GA1,\\nasac-m2.unige.ch\m-HumanNeuronLab\ANALYSIS\FLM\Analysis_LoraFanda\01_FBM_Analysis\outputs\04_ersp_LM_RAWONLY\PAT_3415\LM\ERSP_matrix\picture\PAT_3415_picture_WM_ERSP_GA1_TN.npy,0.0302842377260981,0.0018346253229974,True,934,5,0.12855172,5
PAT_3415,picture,LM,GA2,\\nasac-m2.unige.ch\m-HumanNeuronLab\ANALYSIS\FLM\Analysis_LoraFanda\01_FBM_Analysis\outputs\04_ersp_LM_RAWONLY\PAT_3415\LM\ERSP_matrix\picture\PAT_3415_picture_WM_ERSP_GA2_TN.npy,0.0288372093023255,0.0023514211886304,True,935,5,0.09684792,5
PAT_3415,picture,LM,GA3,\\nasac-m2.unige.ch\m-HumanNeuronLab\ANALYSIS\FLM\Analysis_LoraFanda\01_FBM_Analysis\outputs\04_ersp_LM_RAWONLY\PAT_3415\LM\ERSP_matrix\picture\PAT_3415_picture_WM_ERSP_GA3_TN.npy,0.0350129198966408,0.0022480620155038,True,936,5,0.08224763,5
PAT_3415,picture,LM,GA4,\\nasac-m2.unige.ch\m-HumanNeuronLab\ANALYSIS\FLM\Analysis_LoraFanda\01_FBM_Analysis\outputs\04_ersp_LM_RAWONLY\PAT_3415\LM\ERSP_matrix\picture\PAT_3415_picture_WM_ERSP_GA4_TN.npy,0.0299483204134366,0.0013695090439276,True,937,5,0.018515727,5
PAT_3415,picture,LM,GA5,\\nasac-m2.unige.ch\m-HumanNeuronLab\ANALYSIS\FLM\Analysis_LoraFanda\01_FBM_Analysis\outputs\04_ersp_LM_RAWONLY\PAT_3415\LM\ERSP_matrix\picture\PAT_3415_picture_WM_ERSP_GA5_TN.npy,0.0301291989664082,0.0016537467700258,True,938,3,-0.042896222,3
PAT_3415,picture,LM,GA6,\\nasac-m2.unige.ch\m-HumanNeuronLab\ANALYSIS\FLM\Analysis_LoraFanda\01_FBM_Analysis\outputs\04_ersp_LM_RAWONLY\PAT_3415\LM\ERSP_matrix\picture\PAT_3415_picture_WM_ERSP_GA6_TN.npy,0.0451679586563307,0.0023514211886304,True,939,3,-0.01580747,3
PAT_3415,picture,LM,GA7,\\nasac-m2.unige.ch\m-HumanNeuronLab\ANALYSIS\FLM\Analysis_LoraFanda\01_FBM_Analysis\outputs\04_ersp_LM_RAWONLY\PAT_3415\LM\ERSP_matrix\picture\PAT_3415_picture_WM_ERSP_GA7_TN.npy,0.0531782945736434,0.0017571059431524,True,940,3,-0.0031576208,3
PAT_3415,picture,LM,GA8,\\nasac-m2.unige.ch\m-HumanNeuronLab\ANALYSIS\FLM\Analysis_LoraFanda\01_FBM_Analysis\outputs\04_ersp_LM_RAWONLY\PAT_3415\LM\ERSP_matrix\picture\PAT_3415_picture_WM_ERSP_GA8_TN.npy,0.0303617571059431,0.0012403100775193,True,941,5,0.04249924,5
PAT_3415,picture,LM,GB1,\\nasac-m2.unige.ch\m-HumanNeuronLab\ANALYSIS\FLM\Analysis_LoraFanda\01_FBM_Analysis\outputs\04_ersp_LM_RAWONLY\PAT_3415\LM\ERSP_matrix\picture\PAT_3415_picture_WM_ERSP_GB1_TN.npy,0.0220155038759689,0.001860465116279,True,942,5,0.10593988,5
PAT_3415,picture,LM,GB2,\\nasac-m2.unige.ch\m-HumanNeuronLab\ANALYSIS\FLM\Analysis_LoraFanda\01_FBM_Analysis\outputs\04_ersp_LM_RAWONLY\PAT_3415\LM\ERSP_matrix\picture\PAT_3415_picture_WM_ERSP_GB2_TN.npy,0.0348062015503876,0.0031266149870801,True,943,5,0.057959855,5
PAT_3415,picture,LM,GB3,\\nasac-m2.unige.ch\m-HumanNeuronLab\ANALYSIS\FLM\Analysis_LoraFanda\01_FBM_Analysis\outputs\04_ersp_LM_RAWONLY\PAT_3415\LM\ERSP_matrix\picture\PAT_3415_picture_WM_ERSP_GB3_TN.npy,0.1400258397932816,0.0004909560723514,True,944,3,-0.039347276,3
PAT_3415,picture,LM,GB4,\\nasac-m2.unige.ch\m-HumanNeuronLab\ANALYSIS\FLM\Analysis_LoraFanda\01_FBM_Analysis\outputs\04_ersp_LM_RAWONLY\PAT_3415\LM\ERSP_matrix\picture\PAT_3415_picture_WM_ERSP_GB4_TN.npy,0.0803359173126615,0.0007751937984496,True,945,2,-0.0032719534,2
PAT_3415,picture,LM,GB5,\\nasac-m2.unige.ch\m-HumanNeuronLab\ANALYSIS\FLM\Analysis_LoraFanda\01_FBM_Analysis\outputs\04_ersp_LM_RAWONLY\PAT_3415\LM\ERSP_matrix\picture\PAT_3415_picture_WM_ERSP_GB5_TN.npy,0.0224289405684754,0.0027648578811369,True,946,11,-0.11792259,11
PAT_3415,picture,LM,GB6,\\nasac-m2.unige.ch\m-HumanNeuronLab\ANALYSIS\FLM\Analysis_LoraFanda\01_FBM_Analysis\outputs\04_ersp_LM_RAWONLY\PAT_3415\LM\ERSP_matrix\picture\PAT_3415_picture_WM_ERSP_GB6_TN.npy,0.0282945736434108,0.0041860465116279,True,947,5,0.044103876,5
PAT_3415,picture,LM,GB7,\\nasac-m2.unige.ch\m-HumanNeuronLab\ANALYSIS\FLM\Analysis_LoraFanda\01_FBM_Analysis\outputs\04_ersp_LM_RAWONLY\PAT_3415\LM\ERSP_matrix\picture\PAT_3415_picture_WM_ERSP_GB7_TN.npy,0.0220930232558139,0.0027131782945736,True,948,5,0.057653453,5
PAT_3415,picture,LM,GB8,\\nasac-m2.unige.ch\m-HumanNeuronLab\ANALYSIS\FLM\Analysis_LoraFanda\01_FBM_Analysis\outputs\04_ersp_LM_RAWONLY\PAT_3415\LM\ERSP_matrix\picture\PAT_3415_picture_WM_ERSP_GB8_TN.npy,0.0309819121447028,0.0021963824289405,True,949,5,0.12057965,5
PAT_3415,picture,LM,GC1,\\nasac-m2.unige.ch\m-HumanNeuronLab\ANALYSIS\FLM\Analysis_LoraFanda\01_FBM_Analysis\outputs\04_ersp_LM_RAWONLY\PAT_3415\LM\ERSP_matrix\picture\PAT_3415_picture_WM_ERSP_GC1_TN.npy,0.0245736434108527,0.0019121447028423,True,950,5,0.05213034,5
PAT_3415,picture,LM,GC2,\\nasac-m2.unige.ch\m-HumanNeuronLab\ANALYSIS\FLM\Analysis_LoraFanda\01_FBM_Analysis\outputs\04_ersp_LM_RAWONLY\PAT_3415\LM\ERSP_matrix\picture\PAT_3415_picture_WM_ERSP_GC2_TN.npy,0.0217054263565891,0.0043152454780361,True,951,5,-0.017397566,5
PAT_3415,picture,LM,GC3,\\nasac-m2.unige.ch\m-HumanNeuronLab\ANALYSIS\FLM\Analysis_LoraFanda\01_FBM_Analysis\outputs\04_ersp_LM_RAWONLY\PAT_3415\LM\ERSP_matrix\picture\PAT_3415_picture_WM_ERSP_GC3_TN.npy,0.0298191214470284,0.0023514211886304,True,952,2,-0.13039541,2
PAT_3415,picture,LM,GC4,\\nasac-m2.unige.ch\m-HumanNeuronLab\ANALYSIS\FLM\Analysis_LoraFanda\01_FBM_Analysis\outputs\04_ersp_LM_RAWONLY\PAT_3415\LM\ERSP_matrix\picture\PAT_3415_picture_WM_ERSP_GC4_TN.npy,0.0295865633074935,0.0028682170542635,True,953,11,-0.11332191,11
PAT_3415,picture,LM,GC5,\\nasac-m2.unige.ch\m-HumanNeuronLab\ANALYSIS\FLM\Analysis_LoraFanda\01_FBM_Analysis\outputs\04_ersp_LM_RAWONLY\PAT_3415\LM\ERSP_matrix\picture\PAT_3415_picture_WM_ERSP_GC5_TN.npy,0.031937984496124,0.0052454780361757,True,954,5,-0.05026829,5
PAT_3415,picture,LM,GC6,\\nasac-m2.unige.ch\m-HumanNeuronLab\ANALYSIS\FLM\Analysis_LoraFanda\01_FBM_Analysis\outputs\04_ersp_LM_RAWONLY\PAT_3415\LM\ERSP_matrix\picture\PAT_3415_picture_WM_ERSP_GC6_TN.npy,0.0256330749354005,0.0106718346253229,True,955,11,0.064674474,11
PAT_3415,picture,LM,GC7,\\nasac-m2.unige.ch\m-HumanNeuronLab\ANALYSIS\FLM\Analysis_LoraFanda\01_FBM_Analysis\outputs\04_ersp_LM_RAWONLY\PAT_3415\LM\ERSP_matrix\picture\PAT_3415_picture_WM_ERSP_GC7_TN.npy,0.027906976744186,0.0020671834625322,True,956,5,0.06971124,5
PAT_3415,picture,LM,GC8,\\nasac-m2.unige.ch\m-HumanNeuronLab\ANALYSIS\FLM\Analysis_LoraFanda\01_FBM_Analysis\outputs\04_ersp_LM_RAWONLY\PAT_3415\LM\ERSP_matrix\picture\PAT_3415_picture_WM_ERSP_GC8_TN.npy,0.0297932816537467,0.0024806201550387,True,957,5,0.13627319,5
PAT_3415,picture,LM,GD1,\\nasac-m2.unige.ch\m-HumanNeuronLab\ANALYSIS\FLM\Analysis_LoraFanda\01_FBM_Analysis\outputs\04_ersp_LM_RAWONLY\PAT_3415\LM\ERSP_matrix\picture\PAT_3415_picture_WM_ERSP_GD1_TN.npy,0.0263824289405684,0.0023255813953488,True,958,5,0.09229698,5
PAT_3415,picture,LM,GD3,\\nasac-m2.unige.ch\m-HumanNeuronLab\ANALYSIS\FLM\Analysis_LoraFanda\01_FBM_Analysis\outputs\04_ersp_LM_RAWONLY\PAT_3415\LM\ERSP_matrix\picture\PAT_3415_picture_WM_ERSP_GD3_TN.npy,0.0448320413436692,0.0014470284237726,True,959,2,-0.07358155,2
PAT_3415,picture,LM,GD4,\\nasac-m2.unige.ch\m-HumanNeuronLab\ANALYSIS\FLM\Analysis_LoraFanda\01_FBM_Analysis\outputs\04_ersp_LM_RAWONLY\PAT_3415\LM\ERSP_matrix\picture\PAT_3415_picture_WM_ERSP_GD4_TN.npy,0.0363565891472868,0.0015762273901808,True,960,5,0.048215948,5
PAT_3415,picture,LM,GD5,\\nasac-m2.unige.ch\m-HumanNeuronLab\ANALYSIS\FLM\Analysis_LoraFanda\01_FBM_Analysis\outputs\04_ersp_LM_RAWONLY\PAT_3415\LM\ERSP_matrix\picture\PAT_3415_picture_WM_ERSP_GD5_TN.npy,0.0256330749354005,0.001188630490956,True,961,5,0.04605842,5
PAT_3415,picture,LM,GD6,\\nasac-m2.unige.ch\m-HumanNeuronLab\ANALYSIS\FLM\Analysis_LoraFanda\01_FBM_Analysis\outputs\04_ersp_LM_RAWONLY\PAT_3415\LM\ERSP_matrix\picture\PAT_3415_picture_WM_ERSP_GD6_TN.npy,0.0234366925064599,0.0035142118863049,True,962,5,0.09161082,5
PAT_3415,picture,LM,GD7,\\nasac-m2.unige.ch\m-HumanNeuronLab\ANALYSIS\FLM\Analysis_LoraFanda\01_FBM_Analysis\outputs\04_ersp_LM_RAWONLY\PAT_3415\LM\ERSP_matrix\picture\PAT_3415_picture_WM_ERSP_GD7_TN.npy,0.0281136950904392,0.0028165374677002,True,963,5,0.119468816,5
PAT_3415,picture,LM,GD8,\\nasac-m2.unige.ch\m-HumanNeuronLab\ANALYSIS\FLM\Analysis_LoraFanda\01_FBM_Analysis\outputs\04_ersp_LM_RAWONLY\PAT_3415\LM\ERSP_matrix\picture\PAT_3415_picture_WM_ERSP_GD8_TN.npy,0.0283462532299741,0.0013953488372093,True,964,5,0.111777134,5
PAT_3415,picture,LM,GE1,\\nasac-m2.unige.ch\m-HumanNeuronLab\ANALYSIS\FLM\Analysis_LoraFanda\01_FBM_Analysis\outputs\04_ersp_LM_RAWONLY\PAT_3415\LM\ERSP_matrix\picture\PAT_3415_picture_WM_ERSP_GE1_TN.npy,0.0298708010335917,0.0023772609819121,True,965,5,0.15464629,5
PAT_3415,picture,LM,GE2,\\nasac-m2.unige.ch\m-HumanNeuronLab\ANALYSIS\FLM\Analysis_LoraFanda\01_FBM_Analysis\outputs\04_ersp_LM_RAWONLY\PAT_3415\LM\ERSP_matrix\picture\PAT_3415_picture_WM_ERSP_GE2_TN.npy,0.0435400516795865,0.0009043927648578,True,966,5,0.005729354,5
PAT_3415,picture,LM,GE3,\\nasac-m2.unige.ch\m-HumanNeuronLab\ANALYSIS\FLM\Analysis_LoraFanda\01_FBM_Analysis\outputs\04_ersp_LM_RAWONLY\PAT_3415\LM\ERSP_matrix\picture\PAT_3415_picture_WM_ERSP_GE3_TN.npy,0.0498966408268733,0.0028940568475452,True,967,2,-0.077921554,2
PAT_3415,picture,LM,GE4,\\nasac-m2.unige.ch\m-HumanNeuronLab\ANALYSIS\FLM\Analysis_LoraFanda\01_FBM_Analysis\outputs\04_ersp_LM_RAWONLY\PAT_3415\LM\ERSP_matrix\picture\PAT_3415_picture_WM_ERSP_GE4_TN.npy,0.0606201550387596,0.0021963824289405,True,968,5,0.0008640251,5
PAT_3415,picture,LM,GE5,\\nasac-m2.unige.ch\m-HumanNeuronLab\ANALYSIS\FLM\Analysis_LoraFanda\01_FBM_Analysis\outputs\04_ersp_LM_RAWONLY\PAT_3415\LM\ERSP_matrix\picture\PAT_3415_picture_WM_ERSP_GE5_TN.npy,0.0303359173126614,0.0027648578811369,True,969,5,0.10772051,5
PAT_3415,picture,LM,GE6,\\nasac-m2.unige.ch\m-HumanNeuronLab\ANALYSIS\FLM\Analysis_LoraFanda\01_FBM_Analysis\outputs\04_ersp_LM_RAWONLY\PAT_3415\LM\ERSP_matrix\picture\PAT_3415_picture_WM_ERSP_GE6_TN.npy,0.0268733850129198,0.0021963824289405,True,970,5,0.100667946,5
PAT_3415,picture,LM,GE7,\\nasac-m2.unige.ch\m-HumanNeuronLab\ANALYSIS\FLM\Analysis_LoraFanda\01_FBM_Analysis\outputs\04_ersp_LM_RAWONLY\PAT_3415\LM\ERSP_matrix\picture\PAT_3415_picture_WM_ERSP_GE7_TN.npy,0.0355297157622739,0.0011627906976744,True,971,5,0.084308,5
PAT_3415,picture,LM,GE8,\\nasac-m2.unige.ch\m-HumanNeuronLab\ANALYSIS\FLM\Analysis_LoraFanda\01_FBM_Analysis\outputs\04_ersp_LM_RAWONLY\PAT_3415\LM\ERSP_matrix\picture\PAT_3415_picture_WM_ERSP_GE8_TN.npy,0.029173126614987,0.0026356589147286,True,972,5,0.13475624,5
PAT_3415,picture,LM,GF1,\\nasac-m2.unige.ch\m-HumanNeuronLab\ANALYSIS\FLM\Analysis_LoraFanda\01_FBM_Analysis\outputs\04_ersp_LM_RAWONLY\PAT_3415\LM\ERSP_matrix\picture\PAT_3415_picture_WM_ERSP_GF1_TN.npy,0.0321188630490956,0.0025064599483204,True,973,5,0.14788522,5
PAT_3415,picture,LM,GF2,\\nasac-m2.unige.ch\m-HumanNeuronLab\ANALYSIS\FLM\Analysis_LoraFanda\01_FBM_Analysis\outputs\04_ersp_LM_RAWONLY\PAT_3415\LM\ERSP_matrix\picture\PAT_3415_picture_WM_ERSP_GF2_TN.npy,0.0390439276485788,0.0018863049095607,True,974,5,0.070217684,5
PAT_3415,picture,LM,GF3,\\nasac-m2.unige.ch\m-HumanNeuronLab\ANALYSIS\FLM\Analysis_LoraFanda\01_FBM_Analysis\outputs\04_ersp_LM_RAWONLY\PAT_3415\LM\ERSP_matrix\picture\PAT_3415_picture_WM_ERSP_GF3_TN.npy,0.0420413436692506,0.0011627906976744,True,975,5,0.114727646,5
PAT_3415,picture,LM,GF4,\\nasac-m2.unige.ch\m-HumanNeuronLab\ANALYSIS\FLM\Analysis_LoraFanda\01_FBM_Analysis\outputs\04_ersp_LM_RAWONLY\PAT_3415\LM\ERSP_matrix\picture\PAT_3415_picture_WM_ERSP_GF4_TN.npy,0.0351679586563307,0.0018346253229974,True,976,5,0.13829637,5
PAT_3415,picture,LM,GF6,\\nasac-m2.unige.ch\m-HumanNeuronLab\ANALYSIS\FLM\Analysis_LoraFanda\01_FBM_Analysis\outputs\04_ersp_LM_RAWONLY\PAT_3415\LM\ERSP_matrix\picture\PAT_3415_picture_WM_ERSP_GF6_TN.npy,0.0267700258397932,0.0019896640826873,True,977,5,0.10152274,5
PAT_3415,picture,LM,GF8,\\nasac-m2.unige.ch\m-HumanNeuronLab\ANALYSIS\FLM\Analysis_LoraFanda\01_FBM_Analysis\outputs\04_ersp_LM_RAWONLY\PAT_3415\LM\ERSP_matrix\picture\PAT_3415_picture_WM_ERSP_GF8_TN.npy,0.0281136950904392,0.0027906976744186,True,978,5,0.1071115,5
PAT_3415,picture,LM,GG1,\\nasac-m2.unige.ch\m-HumanNeuronLab\ANALYSIS\FLM\Analysis_LoraFanda\01_FBM_Analysis\outputs\04_ersp_LM_RAWONLY\PAT_3415\LM\ERSP_matrix\picture\PAT_3415_picture_WM_ERSP_GG1_TN.npy,0.0326614987080103,0.0020930232558139,True,979,5,0.14476906,5
PAT_3415,picture,LM,GG2,\\nasac-m2.unige.ch\m-HumanNeuronLab\ANALYSIS\FLM\Analysis_LoraFanda\01_FBM_Analysis\outputs\04_ersp_LM_RAWONLY\PAT_3415\LM\ERSP_matrix\picture\PAT_3415_picture_WM_ERSP_GG2_TN.npy,0.0326873385012919,0.0018346253229974,True,980,5,0.120347336,5
PAT_3415,picture,LM,GG3,\\nasac-m2.unige.ch\m-HumanNeuronLab\ANALYSIS\FLM\Analysis_LoraFanda\01_FBM_Analysis\outputs\04_ersp_LM_RAWONLY\PAT_3415\LM\ERSP_matrix\picture\PAT_3415_picture_WM_ERSP_GG3_TN.npy,0.0296899224806201,0.0013695090439276,True,981,5,0.10861693,5
PAT_3415,picture,LM,GG5,\\nasac-m2.unige.ch\m-HumanNeuronLab\ANALYSIS\FLM\Analysis_LoraFanda\01_FBM_Analysis\outputs\04_ersp_LM_RAWONLY\PAT_3415\LM\ERSP_matrix\picture\PAT_3415_picture_WM_ERSP_GG5_TN.npy,0.0249870801033591,0.0015762273901808,True,982,5,0.10151925,5
PAT_3415,picture,LM,GG6,\\nasac-m2.unige.ch\m-HumanNeuronLab\ANALYSIS\FLM\Analysis_LoraFanda\01_FBM_Analysis\outputs\04_ersp_LM_RAWONLY\PAT_3415\LM\ERSP_matrix\picture\PAT_3415_picture_WM_ERSP_GG6_TN.npy,0.0247545219638242,0.002532299741602,True,983,5,0.09130268,5
PAT_3415,picture,LM,GG7,\\nasac-m2.unige.ch\m-HumanNeuronLab\ANALYSIS\FLM\Analysis_LoraFanda\01_FBM_Analysis\outputs\04_ersp_LM_RAWONLY\PAT_3415\LM\ERSP_matrix\picture\PAT_3415_picture_WM_ERSP_GG7_TN.npy,0.0327131782945736,0.0018087855297157,True,984,5,0.07298929,5
PAT_3415,picture,LM,GH1,\\nasac-m2.unige.ch\m-HumanNeuronLab\ANALYSIS\FLM\Analysis_LoraFanda\01_FBM_Analysis\outputs\04_ersp_LM_RAWONLY\PAT_3415\LM\ERSP_matrix\picture\PAT_3415_picture_WM_ERSP_GH1_TN.npy,0.0278036175710594,0.0037984496124031,True,985,5,0.124387234,5
PAT_3415,picture,LM,GH2,\\nasac-m2.unige.ch\m-HumanNeuronLab\ANALYSIS\FLM\Analysis_LoraFanda\01_FBM_Analysis\outputs\04_ersp_LM_RAWONLY\PAT_3415\LM\ERSP_matrix\picture\PAT_3415_picture_WM_ERSP_GH2_TN.npy,0.027312661498708,0.0027648578811369,True,986,5,0.110655844,5
PAT_3415,picture,LM,GH3,\\nasac-m2.unige.ch\m-HumanNeuronLab\ANALYSIS\FLM\Analysis_LoraFanda\01_FBM_Analysis\outputs\04_ersp_LM_RAWONLY\PAT_3415\LM\ERSP_matrix\picture\PAT_3415_picture_WM_ERSP_GH3_TN.npy,0.0222739018087855,0.0026356589147286,True,987,5,0.12571844,5
PAT_3415,picture,LM,GH6,\\nasac-m2.unige.ch\m-HumanNeuronLab\ANALYSIS\FLM\Analysis_LoraFanda\01_FBM_Analysis\outputs\04_ersp_LM_RAWONLY\PAT_3415\LM\ERSP_matrix\picture\PAT_3415_picture_WM_ERSP_GH6_TN.npy,0.0283720930232558,0.0042894056847545,True,988,5,0.1393443,5
PAT_3415,picture,LM,GH7,\\nasac-m2.unige.ch\m-HumanNeuronLab\ANALYSIS\FLM\Analysis_LoraFanda\01_FBM_Analysis\outputs\04_ersp_LM_RAWONLY\PAT_3415\LM\ERSP_matrix\picture\PAT_3415_picture_WM_ERSP_GH7_TN.npy,0.0204651162790697,0.0031782945736434,True,989,5,0.08058834,5
PAT_3415,picture,LM,GH8,\\nasac-m2.unige.ch\m-HumanNeuronLab\ANALYSIS\FLM\Analysis_LoraFanda\01_FBM_Analysis\outputs\04_ersp_LM_RAWONLY\PAT_3415\LM\ERSP_matrix\picture\PAT_3415_picture_WM_ERSP_GH8_TN.npy,0.0327906976744186,0.0015245478036175,True,990,5,0.040262427,5
PAT_3415,picture,LM,IMG10,\\nasac-m2.unige.ch\m-HumanNeuronLab\ANALYSIS\FLM\Analysis_LoraFanda\01_FBM_Analysis\outputs\04_ersp_LM_RAWONLY\PAT_3415\LM\ERSP_matrix\picture\PAT_3415_picture_WM_ERSP_IMG10_TN.npy,0.0354521963824289,0.001937984496124,True,991,5,0.10572109,5
PAT_3415,picture,LM,IMG11,\\nasac-m2.unige.ch\m-HumanNeuronLab\ANALYSIS\FLM\Analysis_LoraFanda\01_FBM_Analysis\outputs\04_ersp_LM_RAWONLY\PAT_3415\LM\ERSP_matrix\picture\PAT_3415_picture_WM_ERSP_IMG11_TN.npy,0.0325839793281653,0.0035142118863049,True,992,5,0.10187613,5
PAT_3415,picture,LM,IMG12,\\nasac-m2.unige.ch\m-HumanNeuronLab\ANALYSIS\FLM\Analysis_LoraFanda\01_FBM_Analysis\outputs\04_ersp_LM_RAWONLY\PAT_3415\LM\ERSP_matrix\picture\PAT_3415_picture_WM_ERSP_IMG12_TN.npy,0.0330490956072351,0.0049870801033591,True,993,5,0.09913653,5
PAT_3415,picture,LM,IMG13,\\nasac-m2.unige.ch\m-HumanNeuronLab\ANALYSIS\FLM\Analysis_LoraFanda\01_FBM_Analysis\outputs\04_ersp_LM_RAWONLY\PAT_3415\LM\ERSP_matrix\picture\PAT_3415_picture_WM_ERSP_IMG13_TN.npy,0.0343927648578811,0.004547803617571,True,994,5,0.11600558,5
PAT_3415,picture,LM,IMG14,\\nasac-m2.unige.ch\m-HumanNeuronLab\ANALYSIS\FLM\Analysis_LoraFanda\01_FBM_Analysis\outputs\04_ersp_LM_RAWONLY\PAT_3415\LM\ERSP_matrix\picture\PAT_3415_picture_WM_ERSP_IMG14_TN.npy,0.0325581395348837,0.0021447028423772,True,995,5,0.106802166,5
PAT_3415,picture,LM,IMG18,\\nasac-m2.unige.ch\m-HumanNeuronLab\ANALYSIS\FLM\Analysis_LoraFanda\01_FBM_Analysis\outputs\04_ersp_LM_RAWONLY\PAT_3415\LM\ERSP_matrix\picture\PAT_3415_picture_WM_ERSP_IMG18_TN.npy,0.0315245478036175,0.0033850129198966,True,996,5,0.12119058,5
PAT_3415,picture,LM,IMG1,\\nasac-m2.unige.ch\m-HumanNeuronLab\ANALYSIS\FLM\Analysis_LoraFanda\01_FBM_Analysis\outputs\04_ersp_LM_RAWONLY\PAT_3415\LM\ERSP_matrix\picture\PAT_3415_picture_WM_ERSP_IMG1_TN.npy,0.0317312661498708,0.0023772609819121,True,997,5,0.13857047,5
PAT_3415,picture,LM,IMG2,\\nasac-m2.unige.ch\m-HumanNeuronLab\ANALYSIS\FLM\Analysis_LoraFanda\01_FBM_Analysis\outputs\04_ersp_LM_RAWONLY\PAT_3415\LM\ERSP_matrix\picture\PAT_3415_picture_WM_ERSP_IMG2_TN.npy,0.0319638242894056,0.0027648578811369,True,998,5,0.12944502,5
PAT_3415,picture,LM,IMG3,\\nasac-m2.unige.ch\m-HumanNeuronLab\ANALYSIS\FLM\Analysis_LoraFanda\01_FBM_Analysis\outputs\04_ersp_LM_RAWONLY\PAT_3415\LM\ERSP_matrix\picture\PAT_3415_picture_WM_ERSP_IMG3_TN.npy,0.0368217054263565,0.0016020671834625,True,999,5,0.09860695,5
PAT_3415,picture,LM,IMG4,\\nasac-m2.unige.ch\m-HumanNeuronLab\ANALYSIS\FLM\Analysis_LoraFanda\01_FBM_Analysis\outputs\04_ersp_LM_RAWONLY\PAT_3415\LM\ERSP_matrix\picture\PAT_3415_picture_WM_ERSP_IMG4_TN.npy,0.0332299741602067,0.0021188630490956,True,1000,5,0.123146676,5
PAT_3415,picture,LM,IMG5,\\nasac-m2.unige.ch\m-HumanNeuronLab\ANALYSIS\FLM\Analysis_LoraFanda\01_FBM_Analysis\outputs\04_ersp_LM_RAWONLY\PAT_3415\LM\ERSP_matrix\picture\PAT_3415_picture_WM_ERSP_IMG5_TN.npy,0.0340826873385012,0.0030232558139534,True,1001,5,0.11833023,5
PAT_3415,picture,LM,IMG6,\\nasac-m2.unige.ch\m-HumanNeuronLab\ANALYSIS\FLM\Analysis_LoraFanda\01_FBM_Analysis\outputs\04_ersp_LM_RAWONLY\PAT_3415\LM\ERSP_matrix\picture\PAT_3415_picture_WM_ERSP_IMG6_TN.npy,0.0371317829457364,0.0032299741602067,True,1002,5,0.04034902,5
PAT_3415,picture,LM,IMG7,\\nasac-m2.unige.ch\m-HumanNeuronLab\ANALYSIS\FLM\Analysis_LoraFanda\01_FBM_Analysis\outputs\04_ersp_LM_RAWONLY\PAT_3415\LM\ERSP_matrix\picture\PAT_3415_picture_WM_ERSP_IMG7_TN.npy,0.0390956072351421,0.001937984496124,True,1003,5,0.02365967,5
PAT_3415,picture,LM,IMG9,\\nasac-m2.unige.ch\m-HumanNeuronLab\ANALYSIS\FLM\Analysis_LoraFanda\01_FBM_Analysis\outputs\04_ersp_LM_RAWONLY\PAT_3415\LM\ERSP_matrix\picture\PAT_3415_picture_WM_ERSP_IMG9_TN.npy,0.0324031007751937,0.0021447028423772,True,1004,5,0.11939747,5
PAT_3415,picture,LM,IPG11,\\nasac-m2.unige.ch\m-HumanNeuronLab\ANALYSIS\FLM\Analysis_LoraFanda\01_FBM_Analysis\outputs\04_ersp_LM_RAWONLY\PAT_3415\LM\ERSP_matrix\picture\PAT_3415_picture_WM_ERSP_IPG11_TN.npy,0.0382428940568475,0.0017829457364341,True,1005,5,0.1033853,5
PAT_3415,picture,LM,IPG14,\\nasac-m2.unige.ch\m-HumanNeuronLab\ANALYSIS\FLM\Analysis_LoraFanda\01_FBM_Analysis\outputs\04_ersp_LM_RAWONLY\PAT_3415\LM\ERSP_matrix\picture\PAT_3415_picture_WM_ERSP_IPG14_TN.npy,0.0383462532299741,0.0025581395348837,True,1006,5,0.130082,5
PAT_3415,picture,LM,IPG16,\\nasac-m2.unige.ch\m-HumanNeuronLab\ANALYSIS\FLM\Analysis_LoraFanda\01_FBM_Analysis\outputs\04_ersp_LM_RAWONLY\PAT_3415\LM\ERSP_matrix\picture\PAT_3415_picture_WM_ERSP_IPG16_TN.npy,0.0356847545219638,0.0029715762273901,True,1007,5,0.13238853,5
PAT_3415,picture,LM,IPG17,\\nasac-m2.unige.ch\m-HumanNeuronLab\ANALYSIS\FLM\Analysis_LoraFanda\01_FBM_Analysis\outputs\04_ersp_LM_RAWONLY\PAT_3415\LM\ERSP_matrix\picture\PAT_3415_picture_WM_ERSP_IPG17_TN.npy,0.037157622739018,0.0023514211886304,True,1008,5,0.1321962,5
PAT_3415,picture,LM,IPG18,\\nasac-m2.unige.ch\m-HumanNeuronLab\ANALYSIS\FLM\Analysis_LoraFanda\01_FBM_Analysis\outputs\04_ersp_LM_RAWONLY\PAT_3415\LM\ERSP_matrix\picture\PAT_3415_picture_WM_ERSP_IPG18_TN.npy,0.0386304909560723,0.0024806201550387,True,1009,5,0.12649718,5
PAT_3415,picture,LM,IPG1,\\nasac-m2.unige.ch\m-HumanNeuronLab\ANALYSIS\FLM\Analysis_LoraFanda\01_FBM_Analysis\outputs\04_ersp_LM_RAWONLY\PAT_3415\LM\ERSP_matrix\picture\PAT_3415_picture_WM_ERSP_IPG1_TN.npy,0.0361757105943152,0.0011369509043927,True,1010,5,0.0754881,5
PAT_3415,picture,LM,IPG2,\\nasac-m2.unige.ch\m-HumanNeuronLab\ANALYSIS\FLM\Analysis_LoraFanda\01_FBM_Analysis\outputs\04_ersp_LM_RAWONLY\PAT_3415\LM\ERSP_matrix\picture\PAT_3415_picture_WM_ERSP_IPG2_TN.npy,0.0322739018087855,0.0012144702842377,True,1011,5,0.05486371,5
PAT_3415,picture,LM,IPG3,\\nasac-m2.unige.ch\m-HumanNeuronLab\ANALYSIS\FLM\Analysis_LoraFanda\01_FBM_Analysis\outputs\04_ersp_LM_RAWONLY\PAT_3415\LM\ERSP_matrix\picture\PAT_3415_picture_WM_ERSP_IPG3_TN.npy,0.0315762273901808,0.0030232558139534,True,1012,5,0.107154466,5
PAT_3415,picture,LM,IPG4,\\nasac-m2.unige.ch\m-HumanNeuronLab\ANALYSIS\FLM\Analysis_LoraFanda\01_FBM_Analysis\outputs\04_ersp_LM_RAWONLY\PAT_3415\LM\ERSP_matrix\picture\PAT_3415_picture_WM_ERSP_IPG4_TN.npy,0.0351679586563307,0.0016537467700258,True,1013,5,0.07053769,5
PAT_3415,picture,LM,IPG5,\\nasac-m2.unige.ch\m-HumanNeuronLab\ANALYSIS\FLM\Analysis_LoraFanda\01_FBM_Analysis\outputs\04_ersp_LM_RAWONLY\PAT_3415\LM\ERSP_matrix\picture\PAT_3415_picture_WM_ERSP_IPG5_TN.npy,0.0320930232558139,0.0019121447028423,True,1014,5,0.069206804,5
PAT_3415,picture,LM,IPG6,\\nasac-m2.unige.ch\m-HumanNeuronLab\ANALYSIS\FLM\Analysis_LoraFanda\01_FBM_Analysis\outputs\04_ersp_LM_RAWONLY\PAT_3415\LM\ERSP_matrix\picture\PAT_3415_picture_WM_ERSP_IPG6_TN.npy,0.0319896640826873,0.002609819121447,True,1015,5,0.07903751,5
PAT_3415,picture,LM,IPG7,\\nasac-m2.unige.ch\m-HumanNeuronLab\ANALYSIS\FLM\Analysis_LoraFanda\01_FBM_Analysis\outputs\04_ersp_LM_RAWONLY\PAT_3415\LM\ERSP_matrix\picture\PAT_3415_picture_WM_ERSP_IPG7_TN.npy,0.0335142118863049,0.0027906976744186,True,1016,5,0.06834417,5
PAT_3415,picture,LM,IPG8,\\nasac-m2.unige.ch\m-HumanNeuronLab\ANALYSIS\FLM\Analysis_LoraFanda\01_FBM_Analysis\outputs\04_ersp_LM_RAWONLY\PAT_3415\LM\ERSP_matrix\picture\PAT_3415_picture_WM_ERSP_IPG8_TN.npy,0.0361240310077519,0.0014211886304909,True,1017,5,0.06612564,5
PAT_3415,picture,LM,IPG9,\\nasac-m2.unige.ch\m-HumanNeuronLab\ANALYSIS\FLM\Analysis_LoraFanda\01_FBM_Analysis\outputs\04_ersp_LM_RAWONLY\PAT_3415\LM\ERSP_matrix\picture\PAT_3415_picture_WM_ERSP_IPG9_TN.npy,0.0358656330749354,0.0023514211886304,True,1018,5,0.046888288,5
PAT_3415,picture,LM,OI1,\\nasac-m2.unige.ch\m-HumanNeuronLab\ANALYSIS\FLM\Analysis_LoraFanda\01_FBM_Analysis\outputs\04_ersp_LM_RAWONLY\PAT_3415\LM\ERSP_matrix\picture\PAT_3415_picture_WM_ERSP_OI1_TN.npy,0.1557622739018087,0.0086046511627906,True,1019,8,-0.074574225,8
PAT_3415,picture,LM,OI2,\\nasac-m2.unige.ch\m-HumanNeuronLab\ANALYSIS\FLM\Analysis_LoraFanda\01_FBM_Analysis\outputs\04_ersp_LM_RAWONLY\PAT_3415\LM\ERSP_matrix\picture\PAT_3415_picture_WM_ERSP_OI2_TN.npy,0.0535658914728682,0.0047028423772609,True,1020,7,0.027129047,7
PAT_3415,picture,LM,OI3,\\nasac-m2.unige.ch\m-HumanNeuronLab\ANALYSIS\FLM\Analysis_LoraFanda\01_FBM_Analysis\outputs\04_ersp_LM_RAWONLY\PAT_3415\LM\ERSP_matrix\picture\PAT_3415_picture_WM_ERSP_OI3_TN.npy,0.0586304909560723,0.0159948320413436,True,1021,11,0.07441446,11
PAT_3415,picture,LM,OI4,\\nasac-m2.unige.ch\m-HumanNeuronLab\ANALYSIS\FLM\Analysis_LoraFanda\01_FBM_Analysis\outputs\04_ersp_LM_RAWONLY\PAT_3415\LM\ERSP_matrix\picture\PAT_3415_picture_WM_ERSP_OI4_TN.npy,0.1467700258397933,0.0050904392764857,True,1022,8,-0.028989172,8
PAT_3415,picture,LM,OI5,\\nasac-m2.unige.ch\m-HumanNeuronLab\ANALYSIS\FLM\Analysis_LoraFanda\01_FBM_Analysis\outputs\04_ersp_LM_RAWONLY\PAT_3415\LM\ERSP_matrix\picture\PAT_3415_picture_WM_ERSP_OI5_TN.npy,0.1000516795865633,0.0037209302325581,True,1023,8,-0.11890183,8
PAT_3415,picture,LM,OI6,\\nasac-m2.unige.ch\m-HumanNeuronLab\ANALYSIS\FLM\Analysis_LoraFanda\01_FBM_Analysis\outputs\04_ersp_LM_RAWONLY\PAT_3415\LM\ERSP_matrix\picture\PAT_3415_picture_WM_ERSP_OI6_TN.npy,0.0426614987080103,0.0021188630490956,True,1024,5,0.08167983,5
PAT_3415,picture,LM,OS1,\\nasac-m2.unige.ch\m-HumanNeuronLab\ANALYSIS\FLM\Analysis_LoraFanda\01_FBM_Analysis\outputs\04_ersp_LM_RAWONLY\PAT_3415\LM\ERSP_matrix\picture\PAT_3415_picture_WM_ERSP_OS1_TN.npy,0.3788113695090439,0.0006459948320413,True,1025,8,0.09741102,8
PAT_3415,picture,LM,OS2,\\nasac-m2.unige.ch\m-HumanNeuronLab\ANALYSIS\FLM\Analysis_LoraFanda\01_FBM_Analysis\outputs\04_ersp_LM_RAWONLY\PAT_3415\LM\ERSP_matrix\picture\PAT_3415_picture_WM_ERSP_OS2_TN.npy,0.1584754521963824,0.0034883720930232,True,1026,8,-0.030181287,8
PAT_3415,picture,LM,OS3,\\nasac-m2.unige.ch\m-HumanNeuronLab\ANALYSIS\FLM\Analysis_LoraFanda\01_FBM_Analysis\outputs\04_ersp_LM_RAWONLY\PAT_3415\LM\ERSP_matrix\picture\PAT_3415_picture_WM_ERSP_OS3_TN.npy,0.0921188630490956,0.0267183462532299,True,1027,11,0.023430143,11
PAT_3415,picture,LM,OS4,\\nasac-m2.unige.ch\m-HumanNeuronLab\ANALYSIS\FLM\Analysis_LoraFanda\01_FBM_Analysis\outputs\04_ersp_LM_RAWONLY\PAT_3415\LM\ERSP_matrix\picture\PAT_3415_picture_WM_ERSP_OS4_TN.npy,0.0239793281653746,0.0078036175710594,True,1028,11,-0.025680907,11
PAT_3415,picture,LM,OS5,\\nasac-m2.unige.ch\m-HumanNeuronLab\ANALYSIS\FLM\Analysis_LoraFanda\01_FBM_Analysis\outputs\04_ersp_LM_RAWONLY\PAT_3415\LM\ERSP_matrix\picture\PAT_3415_picture_WM_ERSP_OS5_TN.npy,0.021860465116279,0.0025581395348837,True,1029,5,0.105070725,5
PAT_3415,picture,LM,TA1,\\nasac-m2.unige.ch\m-HumanNeuronLab\ANALYSIS\FLM\Analysis_LoraFanda\01_FBM_Analysis\outputs\04_ersp_LM_RAWONLY\PAT_3415\LM\ERSP_matrix\picture\PAT_3415_picture_WM_ERSP_TA1_TN.npy,0.0237984496124031,0.0054263565891472,True,1030,5,0.13838209,5
PAT_3415,picture,LM,TA2,\\nasac-m2.unige.ch\m-HumanNeuronLab\ANALYSIS\FLM\Analysis_LoraFanda\01_FBM_Analysis\outputs\04_ersp_LM_RAWONLY\PAT_3415\LM\ERSP_matrix\picture\PAT_3415_picture_WM_ERSP_TA2_TN.npy,0.0302325581395348,0.005968992248062,True,1031,5,0.1289003,5
PAT_3415,picture,LM,TA3,\\nasac-m2.unige.ch\m-HumanNeuronLab\ANALYSIS\FLM\Analysis_LoraFanda\01_FBM_Analysis\outputs\04_ersp_LM_RAWONLY\PAT_3415\LM\ERSP_matrix\picture\PAT_3415_picture_WM_ERSP_TA3_TN.npy,0.0327390180878552,0.0030232558139534,True,1032,5,0.12002716,5
PAT_3415,picture,LM,TA4,\\nasac-m2.unige.ch\m-HumanNeuronLab\ANALYSIS\FLM\Analysis_LoraFanda\01_FBM_Analysis\outputs\04_ersp_LM_RAWONLY\PAT_3415\LM\ERSP_matrix\picture\PAT_3415_picture_WM_ERSP_TA4_TN.npy,0.030516795865633,0.0036692506459948,True,1033,5,0.1603718,5
PAT_3415,picture,LM,TA5,\\nasac-m2.unige.ch\m-HumanNeuronLab\ANALYSIS\FLM\Analysis_LoraFanda\01_FBM_Analysis\outputs\04_ersp_LM_RAWONLY\PAT_3415\LM\ERSP_matrix\picture\PAT_3415_picture_WM_ERSP_TA5_TN.npy,0.0283979328165374,0.0052713178294573,True,1034,5,0.15182392,5
PAT_3415,picture,LM,TA6,\\nasac-m2.unige.ch\m-HumanNeuronLab\ANALYSIS\FLM\Analysis_LoraFanda\01_FBM_Analysis\outputs\04_ersp_LM_RAWONLY\PAT_3415\LM\ERSP_matrix\picture\PAT_3415_picture_WM_ERSP_TA6_TN.npy,0.0287338501291989,0.0050387596899224,True,1035,5,0.13635644,5
PAT_3415,picture,LM,TM1,\\nasac-m2.unige.ch\m-HumanNeuronLab\ANALYSIS\FLM\Analysis_LoraFanda\01_FBM_Analysis\outputs\04_ersp_LM_RAWONLY\PAT_3415\LM\ERSP_matrix\picture\PAT_3415_picture_WM_ERSP_TM1_TN.npy,0.0324289405684754,0.0015245478036175,True,1036,5,0.12597756,5
PAT_3415,picture,LM,TM2,\\nasac-m2.unige.ch\m-HumanNeuronLab\ANALYSIS\FLM\Analysis_LoraFanda\01_FBM_Analysis\outputs\04_ersp_LM_RAWONLY\PAT_3415\LM\ERSP_matrix\picture\PAT_3415_picture_WM_ERSP_TM2_TN.npy,0.0298191214470284,0.0016795865633074,True,1037,5,0.114191934,5
PAT_3415,picture,LM,TM3,\\nasac-m2.unige.ch\m-HumanNeuronLab\ANALYSIS\FLM\Analysis_LoraFanda\01_FBM_Analysis\outputs\04_ersp_LM_RAWONLY\PAT_3415\LM\ERSP_matrix\picture\PAT_3415_picture_WM_ERSP_TM3_TN.npy,0.0297932816537467,0.0027131782945736,True,1038,5,0.13999636,5
PAT_3415,picture,LM,TM4,\\nasac-m2.unige.ch\m-HumanNeuronLab\ANALYSIS\FLM\Analysis_LoraFanda\01_FBM_Analysis\outputs\04_ersp_LM_RAWONLY\PAT_3415\LM\ERSP_matrix\picture\PAT_3415_picture_WM_ERSP_TM4_TN.npy,0.0247028423772609,0.0051937984496124,True,1039,5,0.083688185,5
PAT_3415,picture,LM,TM5,\\nasac-m2.unige.ch\m-HumanNeuronLab\ANALYSIS\FLM\Analysis_LoraFanda\01_FBM_Analysis\outputs\04_ersp_LM_RAWONLY\PAT_3415\LM\ERSP_matrix\picture\PAT_3415_picture_WM_ERSP_TM5_TN.npy,0.021937984496124,0.0017054263565891,True,1040,5,0.077189334,5
PAT_3415,picture,LM,TM6,\\nasac-m2.unige.ch\m-HumanNeuronLab\ANALYSIS\FLM\Analysis_LoraFanda\01_FBM_Analysis\outputs\04_ersp_LM_RAWONLY\PAT_3415\LM\ERSP_matrix\picture\PAT_3415_picture_WM_ERSP_TM6_TN.npy,0.0284496124031007,0.0041085271317829,True,1041,5,0.16004476,5
PAT_3415,picture,LM,TP1,\\nasac-m2.unige.ch\m-HumanNeuronLab\ANALYSIS\FLM\Analysis_LoraFanda\01_FBM_Analysis\outputs\04_ersp_LM_RAWONLY\PAT_3415\LM\ERSP_matrix\picture\PAT_3415_picture_WM_ERSP_TP1_TN.npy,0.0334625322997416,0.0026356589147286,True,1042,11,-0.082452096,11
PAT_3415,picture,LM,TP2,\\nasac-m2.unige.ch\m-HumanNeuronLab\ANALYSIS\FLM\Analysis_LoraFanda\01_FBM_Analysis\outputs\04_ersp_LM_RAWONLY\PAT_3415\LM\ERSP_matrix\picture\PAT_3415_picture_WM_ERSP_TP2_TN.npy,0.0577002583979328,0.0028682170542635,True,1043,11,0.0070320964,11
PAT_3415,picture,LM,TP3,\\nasac-m2.unige.ch\m-HumanNeuronLab\ANALYSIS\FLM\Analysis_LoraFanda\01_FBM_Analysis\outputs\04_ersp_LM_RAWONLY\PAT_3415\LM\ERSP_matrix\picture\PAT_3415_picture_WM_ERSP_TP3_TN.npy,0.0417829457364341,0.0023255813953488,True,1044,5,0.05963889,5
PAT_3415,picture,LM,TP4,\\nasac-m2.unige.ch\m-HumanNeuronLab\ANALYSIS\FLM\Analysis_LoraFanda\01_FBM_Analysis\outputs\04_ersp_LM_RAWONLY\PAT_3415\LM\ERSP_matrix\picture\PAT_3415_picture_WM_ERSP_TP4_TN.npy,0.0404651162790697,0.0022739018087855,True,1045,5,0.080006994,5
PAT_3415,picture,LM,TP5,\\nasac-m2.unige.ch\m-HumanNeuronLab\ANALYSIS\FLM\Analysis_LoraFanda\01_FBM_Analysis\outputs\04_ersp_LM_RAWONLY\PAT_3415\LM\ERSP_matrix\picture\PAT_3415_picture_WM_ERSP_TP5_TN.npy,0.0341343669250646,0.0024806201550387,True,1046,5,0.12131523,5
PAT_3415,picture,LM,TP6,\\nasac-m2.unige.ch\m-HumanNeuronLab\ANALYSIS\FLM\Analysis_LoraFanda\01_FBM_Analysis\outputs\04_ersp_LM_RAWONLY\PAT_3415\LM\ERSP_matrix\picture\PAT_3415_picture_WM_ERSP_TP6_TN.npy,0.0441085271317829,0.0027390180878552,True,1047,5,0.10104044,5
PAT_3415,reading,LM,GA7,\\nasac-m2.unige.ch\m-HumanNeuronLab\ANALYSIS\FLM\Analysis_LoraFanda\01_FBM_Analysis\outputs\04_ersp_LM_RAWONLY\PAT_3415\LM\ERSP_matrix\reading\PAT_3415_reading_WM_ERSP_GA7_TN.npy,0.0215245478036175,0.0104134366925064,True,1048,7,-0.07133664,7
PAT_3415,reading,LM,GB3,\\nasac-m2.unige.ch\m-HumanNeuronLab\ANALYSIS\FLM\Analysis_LoraFanda\01_FBM_Analysis\outputs\04_ersp_LM_RAWONLY\PAT_3415\LM\ERSP_matrix\reading\PAT_3415_reading_WM_ERSP_GB3_TN.npy,0.0723772609819121,0.0009560723514211,True,1049,10,0.13931824,10
PAT_3415,reading,LM,GB4,\\nasac-m2.unige.ch\m-HumanNeuronLab\ANALYSIS\FLM\Analysis_LoraFanda\01_FBM_Analysis\outputs\04_ersp_LM_RAWONLY\PAT_3415\LM\ERSP_matrix\reading\PAT_3415_reading_WM_ERSP_GB4_TN.npy,0.0448062015503875,0.0062273901808785,True,1050,2,-0.015720708,2
PAT_3415,reading,LM,GE2,\\nasac-m2.unige.ch\m-HumanNeuronLab\ANALYSIS\FLM\Analysis_LoraFanda\01_FBM_Analysis\outputs\04_ersp_LM_RAWONLY\PAT_3415\LM\ERSP_matrix\reading\PAT_3415_reading_WM_ERSP_GE2_TN.npy,0.0247286821705426,0.0101291989664082,True,1051,2,-0.078136854,2
PAT_3415,reading,LM,GE4,\\nasac-m2.unige.ch\m-HumanNeuronLab\ANALYSIS\FLM\Analysis_LoraFanda\01_FBM_Analysis\outputs\04_ersp_LM_RAWONLY\PAT_3415\LM\ERSP_matrix\reading\PAT_3415_reading_WM_ERSP_GE4_TN.npy,0.0344961240310077,0.0041085271317829,True,1052,2,-0.029976128,2
PAT_3415,reading,LM,GH1,\\nasac-m2.unige.ch\m-HumanNeuronLab\ANALYSIS\FLM\Analysis_LoraFanda\01_FBM_Analysis\outputs\04_ersp_LM_RAWONLY\PAT_3415\LM\ERSP_matrix\reading\PAT_3415_reading_WM_ERSP_GH1_TN.npy,0.0148837209302325,0.0515503875968992,True,1053,1,0.08759179,1
PAT_3415,reading,LM,OI1,\\nasac-m2.unige.ch\m-HumanNeuronLab\ANALYSIS\FLM\Analysis_LoraFanda\01_FBM_Analysis\outputs\04_ersp_LM_RAWONLY\PAT_3415\LM\ERSP_matrix\reading\PAT_3415_reading_WM_ERSP_OI1_TN.npy,0.035968992248062,0.0131782945736434,True,1054,6,-0.054897524,6
PAT_3415,reading,LM,OI2,\\nasac-m2.unige.ch\m-HumanNeuronLab\ANALYSIS\FLM\Analysis_LoraFanda\01_FBM_Analysis\outputs\04_ersp_LM_RAWONLY\PAT_3415\LM\ERSP_matrix\reading\PAT_3415_reading_WM_ERSP_OI2_TN.npy,0.0067183462532299,0.0647803617571059,True,1055,1,0.15414576,1
PAT_3415,reading,LM,OI4,\\nasac-m2.unige.ch\m-HumanNeuronLab\ANALYSIS\FLM\Analysis_LoraFanda\01_FBM_Analysis\outputs\04_ersp_LM_RAWONLY\PAT_3415\LM\ERSP_matrix\reading\PAT_3415_reading_WM_ERSP_OI4_TN.npy,0.028656330749354,0.0164341085271317,True,1056,2,-0.08911925,2
PAT_3415,reading,LM,OS1,\\nasac-m2.unige.ch\m-HumanNeuronLab\ANALYSIS\FLM\Analysis_LoraFanda\01_FBM_Analysis\outputs\04_ersp_LM_RAWONLY\PAT_3415\LM\ERSP_matrix\reading\PAT_3415_reading_WM_ERSP_OS1_TN.npy,0.2002067183462532,0.0027390180878552,True,1057,8,0.04954544,8
PAT_3415,reading,LM,OS2,\\nasac-m2.unige.ch\m-HumanNeuronLab\ANALYSIS\FLM\Analysis_LoraFanda\01_FBM_Analysis\outputs\04_ersp_LM_RAWONLY\PAT_3415\LM\ERSP_matrix\reading\PAT_3415_reading_WM_ERSP_OS2_TN.npy,0.0358656330749354,0.0049095607235142,True,1058,2,-0.08695843,2
PAT_3415,reading,LM,OS5,\\nasac-m2.unige.ch\m-HumanNeuronLab\ANALYSIS\FLM\Analysis_LoraFanda\01_FBM_Analysis\outputs\04_ersp_LM_RAWONLY\PAT_3415\LM\ERSP_matrix\reading\PAT_3415_reading_WM_ERSP_OS5_TN.npy,0.0048837209302325,0.0441343669250646,True,1059,1,0.09573852,1
PAT_3415,reading,LM,TA1,\\nasac-m2.unige.ch\m-HumanNeuronLab\ANALYSIS\FLM\Analysis_LoraFanda\01_FBM_Analysis\outputs\04_ersp_LM_RAWONLY\PAT_3415\LM\ERSP_matrix\reading\PAT_3415_reading_WM_ERSP_TA1_TN.npy,0.0050387596899224,0.0559173126614987,True,1060,1,0.1510521,1
PAT_3415,reading,LM,TA2,\\nasac-m2.unige.ch\m-HumanNeuronLab\ANALYSIS\FLM\Analysis_LoraFanda\01_FBM_Analysis\outputs\04_ersp_LM_RAWONLY\PAT_3415\LM\ERSP_matrix\reading\PAT_3415_reading_WM_ERSP_TA2_TN.npy,0.0070025839793281,0.0624806201550387,True,1061,1,0.13137822,1
PAT_3415,reading,LM,TA3,\\nasac-m2.unige.ch\m-HumanNeuronLab\ANALYSIS\FLM\Analysis_LoraFanda\01_FBM_Analysis\outputs\04_ersp_LM_RAWONLY\PAT_3415\LM\ERSP_matrix\reading\PAT_3415_reading_WM_ERSP_TA3_TN.npy,0.0047545219638242,0.0478811369509043,True,1062,1,0.124093555,1
PAT_3415,reading,LM,TA4,\\nasac-m2.unige.ch\m-HumanNeuronLab\ANALYSIS\FLM\Analysis_LoraFanda\01_FBM_Analysis\outputs\04_ersp_LM_RAWONLY\PAT_3415\LM\ERSP_matrix\reading\PAT_3415_reading_WM_ERSP_TA4_TN.npy,0.0052713178294573,0.0665891472868217,True,1063,1,0.122376464,1
PAT_3415,reading,LM,TA5,\\nasac-m2.unige.ch\m-HumanNeuronLab\ANALYSIS\FLM\Analysis_LoraFanda\01_FBM_Analysis\outputs\04_ersp_LM_RAWONLY\PAT_3415\LM\ERSP_matrix\reading\PAT_3415_reading_WM_ERSP_TA5_TN.npy,0.0047803617571059,0.0877260981912144,True,1064,1,0.16417128,1
PAT_3415,reading,LM,TA6,\\nasac-m2.unige.ch\m-HumanNeuronLab\ANALYSIS\FLM\Analysis_LoraFanda\01_FBM_Analysis\outputs\04_ersp_LM_RAWONLY\PAT_3415\LM\ERSP_matrix\reading\PAT_3415_reading_WM_ERSP_TA6_TN.npy,0.0047028423772609,0.0986046511627907,True,1065,1,0.19000365,1
PAT_3415,reading,LM,TM1,\\nasac-m2.unige.ch\m-HumanNeuronLab\ANALYSIS\FLM\Analysis_LoraFanda\01_FBM_Analysis\outputs\04_ersp_LM_RAWONLY\PAT_3415\LM\ERSP_matrix\reading\PAT_3415_reading_WM_ERSP_TM1_TN.npy,0.0050129198966408,0.0624031007751938,True,1066,1,0.14233392,1
PAT_3415,reading,LM,TM2,\\nasac-m2.unige.ch\m-HumanNeuronLab\ANALYSIS\FLM\Analysis_LoraFanda\01_FBM_Analysis\outputs\04_ersp_LM_RAWONLY\PAT_3415\LM\ERSP_matrix\reading\PAT_3415_reading_WM_ERSP_TM2_TN.npy,0.0074160206718346,0.0532299741602067,True,1067,1,0.06765855,1
PAT_3415,reading,LM,TM3,\\nasac-m2.unige.ch\m-HumanNeuronLab\ANALYSIS\FLM\Analysis_LoraFanda\01_FBM_Analysis\outputs\04_ersp_LM_RAWONLY\PAT_3415\LM\ERSP_matrix\reading\PAT_3415_reading_WM_ERSP_TM3_TN.npy,0.0056072351421188,0.0507493540051679,True,1068,1,0.09244419,1
PAT_3415,reading,LM,TM6,\\nasac-m2.unige.ch\m-HumanNeuronLab\ANALYSIS\FLM\Analysis_LoraFanda\01_FBM_Analysis\outputs\04_ersp_LM_RAWONLY\PAT_3415\LM\ERSP_matrix\reading\PAT_3415_reading_WM_ERSP_TM6_TN.npy,0.0048578811369509,0.095891472868217,True,1069,1,0.18042636,1
PAT_3415,reading,LM,TP4,\\nasac-m2.unige.ch\m-HumanNeuronLab\ANALYSIS\FLM\Analysis_LoraFanda\01_FBM_Analysis\outputs\04_ersp_LM_RAWONLY\PAT_3415\LM\ERSP_matrix\reading\PAT_3415_reading_WM_ERSP_TP4_TN.npy,0.0212144702842377,0.0283720930232558,True,1070,1,0.00013969302,1
PAT_3455,audio,LM,AD5,\\nasac-m2.unige.ch\m-HumanNeuronLab\ANALYSIS\FLM\Analysis_LoraFanda\01_FBM_Analysis\outputs\04_ersp_LM_RAWONLY\PAT_3455\LM\ERSP_matrix\audio\PAT_3455_audio_WM_ERSP_AD5_TN.npy,0.0137984496124031,0.0446770025839793,True,1071,0,0.08534875,0
PAT_3455,audio,LM,AD6,\\nasac-m2.unige.ch\m-HumanNeuronLab\ANALYSIS\FLM\Analysis_LoraFanda\01_FBM_Analysis\outputs\04_ersp_LM_RAWONLY\PAT_3455\LM\ERSP_matrix\audio\PAT_3455_audio_WM_ERSP_AD6_TN.npy,0.0067958656330749,0.0534883720930232,True,1072,0,0.03758922,0
PAT_3455,audio,LM,AD7,\\nasac-m2.unige.ch\m-HumanNeuronLab\ANALYSIS\FLM\Analysis_LoraFanda\01_FBM_Analysis\outputs\04_ersp_LM_RAWONLY\PAT_3455\LM\ERSP_matrix\audio\PAT_3455_audio_WM_ERSP_AD7_TN.npy,0.0042894056847545,0.0472609819121447,True,1073,0,-0.015381465,0
PAT_3455,audio,LM,AD8,\\nasac-m2.unige.ch\m-HumanNeuronLab\ANALYSIS\FLM\Analysis_LoraFanda\01_FBM_Analysis\outputs\04_ersp_LM_RAWONLY\PAT_3455\LM\ERSP_matrix\audio\PAT_3455_audio_WM_ERSP_AD8_TN.npy,0.0065374677002583,0.0599483204134366,True,1074,0,-0.083631665,0
PAT_3455,audio,LM,HAD10,\\nasac-m2.unige.ch\m-HumanNeuronLab\ANALYSIS\FLM\Analysis_LoraFanda\01_FBM_Analysis\outputs\04_ersp_LM_RAWONLY\PAT_3455\LM\ERSP_matrix\audio\PAT_3455_audio_WM_ERSP_HAD10_TN.npy,0.0066149870801033,0.1558397932816537,True,1075,0,-0.16088021,0
PAT_3455,audio,LM,HAD8,\\nasac-m2.unige.ch\m-HumanNeuronLab\ANALYSIS\FLM\Analysis_LoraFanda\01_FBM_Analysis\outputs\04_ersp_LM_RAWONLY\PAT_3455\LM\ERSP_matrix\audio\PAT_3455_audio_WM_ERSP_HAD8_TN.npy,0.0067183462532299,0.0526873385012919,True,1076,0,-0.056115337,0
PAT_3455,audio,LM,HAD9,\\nasac-m2.unige.ch\m-HumanNeuronLab\ANALYSIS\FLM\Analysis_LoraFanda\01_FBM_Analysis\outputs\04_ersp_LM_RAWONLY\PAT_3455\LM\ERSP_matrix\audio\PAT_3455_audio_WM_ERSP_HAD9_TN.npy,0.0087338501291989,0.085219638242894,True,1077,0,-0.07085188,0
PAT_3455,audio,LM,OTD1,\\nasac-m2.unige.ch\m-HumanNeuronLab\ANALYSIS\FLM\Analysis_LoraFanda\01_FBM_Analysis\outputs\04_ersp_LM_RAWONLY\PAT_3455\LM\ERSP_matrix\audio\PAT_3455_audio_WM_ERSP_OTD1_TN.npy,0.0354521963824289,0.0082945736434108,True,1078,0,-0.038886175,0
PAT_3455,audio,LM,OTD2,\\nasac-m2.unige.ch\m-HumanNeuronLab\ANALYSIS\FLM\Analysis_LoraFanda\01_FBM_Analysis\outputs\04_ersp_LM_RAWONLY\PAT_3455\LM\ERSP_matrix\audio\PAT_3455_audio_WM_ERSP_OTD2_TN.npy,0.0528165374677002,0.0087855297157622,True,1079,0,-0.07660465,0
PAT_3455,audio,LM,OTD3,\\nasac-m2.unige.ch\m-HumanNeuronLab\ANALYSIS\FLM\Analysis_LoraFanda\01_FBM_Analysis\outputs\04_ersp_LM_RAWONLY\PAT_3455\LM\ERSP_matrix\audio\PAT_3455_audio_WM_ERSP_OTD3_TN.npy,0.0403359173126615,0.0092764857881136,True,1080,0,-0.024036566,0
PAT_3455,audio,LM,OTD6,\\nasac-m2.unige.ch\m-HumanNeuronLab\ANALYSIS\FLM\Analysis_LoraFanda\01_FBM_Analysis\outputs\04_ersp_LM_RAWONLY\PAT_3455\LM\ERSP_matrix\audio\PAT_3455_audio_WM_ERSP_OTD6_TN.npy,0.0323514211886304,0.017829457364341,True,1081,0,0.031225566,0
PAT_3455,audio,LM,OTD7,\\nasac-m2.unige.ch\m-HumanNeuronLab\ANALYSIS\FLM\Analysis_LoraFanda\01_FBM_Analysis\outputs\04_ersp_LM_RAWONLY\PAT_3455\LM\ERSP_matrix\audio\PAT_3455_audio_WM_ERSP_OTD7_TN.npy,0.1135400516795865,0.0140568475452196,True,1082,0,-0.12600578,0
PAT_3455,audio,LM,PHD9,\\nasac-m2.unige.ch\m-HumanNeuronLab\ANALYSIS\FLM\Analysis_LoraFanda\01_FBM_Analysis\outputs\04_ersp_LM_RAWONLY\PAT_3455\LM\ERSP_matrix\audio\PAT_3455_audio_WM_ERSP_PHD9_TN.npy,0.0040310077519379,0.0427131782945736,True,1083,0,0.08103621,0
PAT_3455,audio,LM,TOD12,\\nasac-m2.unige.ch\m-HumanNeuronLab\ANALYSIS\FLM\Analysis_LoraFanda\01_FBM_Analysis\outputs\04_ersp_LM_RAWONLY\PAT_3455\LM\ERSP_matrix\audio\PAT_3455_audio_WM_ERSP_TOD12_TN.npy,0.0116537467700258,0.0414987080103359,True,1084,0,0.1157662,0
PAT_3455,audio,LM,TSP2,\\nasac-m2.unige.ch\m-HumanNeuronLab\ANALYSIS\FLM\Analysis_LoraFanda\01_FBM_Analysis\outputs\04_ersp_LM_RAWONLY\PAT_3455\LM\ERSP_matrix\audio\PAT_3455_audio_WM_ERSP_TSP2_TN.npy,0.0205426356589147,0.0217312661498708,True,1085,0,0.06453876,0
PAT_3455,audio,LM,TSP7,\\nasac-m2.unige.ch\m-HumanNeuronLab\ANALYSIS\FLM\Analysis_LoraFanda\01_FBM_Analysis\outputs\04_ersp_LM_RAWONLY\PAT_3455\LM\ERSP_matrix\audio\PAT_3455_audio_WM_ERSP_TSP7_TN.npy,0.0224289405684754,0.0300258397932816,True,1086,0,0.08307293,0
PAT_3455,audio,LM,TSP8,\\nasac-m2.unige.ch\m-HumanNeuronLab\ANALYSIS\FLM\Analysis_LoraFanda\01_FBM_Analysis\outputs\04_ersp_LM_RAWONLY\PAT_3455\LM\ERSP_matrix\audio\PAT_3455_audio_WM_ERSP_TSP8_TN.npy,0.0226356589147286,0.0254005167958656,True,1087,0,0.064518675,0
PAT_3455,picture,LM,AD4,\\nasac-m2.unige.ch\m-HumanNeuronLab\ANALYSIS\FLM\Analysis_LoraFanda\01_FBM_Analysis\outputs\04_ersp_LM_RAWONLY\PAT_3455\LM\ERSP_matrix\picture\PAT_3455_picture_WM_ERSP_AD4_TN.npy,0.0226873385012919,0.0052713178294573,True,1088,5,0.06735983,5
PAT_3455,picture,LM,IMD1,\\nasac-m2.unige.ch\m-HumanNeuronLab\ANALYSIS\FLM\Analysis_LoraFanda\01_FBM_Analysis\outputs\04_ersp_LM_RAWONLY\PAT_3455\LM\ERSP_matrix\picture\PAT_3455_picture_WM_ERSP_IMD1_TN.npy,0.024470284237726,0.0010852713178294,True,1089,2,0.02999514,2
PAT_3455,picture,LM,OTD1,\\nasac-m2.unige.ch\m-HumanNeuronLab\ANALYSIS\FLM\Analysis_LoraFanda\01_FBM_Analysis\outputs\04_ersp_LM_RAWONLY\PAT_3455\LM\ERSP_matrix\picture\PAT_3455_picture_WM_ERSP_OTD1_TN.npy,0.0327390180878552,0.0017571059431524,True,1090,0,-0.121885724,0
PAT_3455,picture,LM,OTD2,\\nasac-m2.unige.ch\m-HumanNeuronLab\ANALYSIS\FLM\Analysis_LoraFanda\01_FBM_Analysis\outputs\04_ersp_LM_RAWONLY\PAT_3455\LM\ERSP_matrix\picture\PAT_3455_picture_WM_ERSP_OTD2_TN.npy,0.0289664082687338,0.0023514211886304,True,1091,0,-0.10391129,0
PAT_3455,picture,LM,OTD3,\\nasac-m2.unige.ch\m-HumanNeuronLab\ANALYSIS\FLM\Analysis_LoraFanda\01_FBM_Analysis\outputs\04_ersp_LM_RAWONLY\PAT_3455\LM\ERSP_matrix\picture\PAT_3455_picture_WM_ERSP_OTD3_TN.npy,0.0212403100775193,0.0034625322997416,True,1092,0,-0.08549749,0
PAT_3455,picture,LM,OTD6,\\nasac-m2.unige.ch\m-HumanNeuronLab\ANALYSIS\FLM\Analysis_LoraFanda\01_FBM_Analysis\outputs\04_ersp_LM_RAWONLY\PAT_3455\LM\ERSP_matrix\picture\PAT_3455_picture_WM_ERSP_OTD6_TN.npy,0.0202325581395348,0.0067700258397932,True,1093,0,-0.066344656,0
PAT_3455,picture,LM,OTD7,\\nasac-m2.unige.ch\m-HumanNeuronLab\ANALYSIS\FLM\Analysis_LoraFanda\01_FBM_Analysis\outputs\04_ersp_LM_RAWONLY\PAT_3455\LM\ERSP_matrix\picture\PAT_3455_picture_WM_ERSP_OTD7_TN.npy,0.0378552971576227,0.0068992248062015,True,1094,0,-0.093413845,0
PAT_3455,picture,LM,PHD1,\\nasac-m2.unige.ch\m-HumanNeuronLab\ANALYSIS\FLM\Analysis_LoraFanda\01_FBM_Analysis\outputs\04_ersp_LM_RAWONLY\PAT_3455\LM\ERSP_matrix\picture\PAT_3455_picture_WM_ERSP_PHD1_TN.npy,0.0281136950904392,0.0050645994832041,True,1095,11,-0.057990704,11
PAT_3455,picture,LM,PHD2,\\nasac-m2.unige.ch\m-HumanNeuronLab\ANALYSIS\FLM\Analysis_LoraFanda\01_FBM_Analysis\outputs\04_ersp_LM_RAWONLY\PAT_3455\LM\ERSP_matrix\picture\PAT_3455_picture_WM_ERSP_PHD2_TN.npy,0.0276744186046511,0.0070542635658914,True,1096,11,-0.042278882,11
PAT_3455,picture,LM,TOD11,\\nasac-m2.unige.ch\m-HumanNeuronLab\ANALYSIS\FLM\Analysis_LoraFanda\01_FBM_Analysis\outputs\04_ersp_LM_RAWONLY\PAT_3455\LM\ERSP_matrix\picture\PAT_3455_picture_WM_ERSP_TOD11_TN.npy,0.0211627906976744,0.0037209302325581,True,1097,11,-0.0036787065,11
PAT_3455,picture,LM,TOD12,\\nasac-m2.unige.ch\m-HumanNeuronLab\ANALYSIS\FLM\Analysis_LoraFanda\01_FBM_Analysis\outputs\04_ersp_LM_RAWONLY\PAT_3455\LM\ERSP_matrix\picture\PAT_3455_picture_WM_ERSP_TOD12_TN.npy,0.0361498708010335,0.0067441860465116,True,1098,11,-0.022186123,11
PAT_3455,picture,LM,TOD7,\\nasac-m2.unige.ch\m-HumanNeuronLab\ANALYSIS\FLM\Analysis_LoraFanda\01_FBM_Analysis\outputs\04_ersp_LM_RAWONLY\PAT_3455\LM\ERSP_matrix\picture\PAT_3455_picture_WM_ERSP_TOD7_TN.npy,0.0237467700258397,0.00656330749354,True,1099,11,0.0030811927,11
PAT_3455,picture,LM,TSP1,\\nasac-m2.unige.ch\m-HumanNeuronLab\ANALYSIS\FLM\Analysis_LoraFanda\01_FBM_Analysis\outputs\04_ersp_LM_RAWONLY\PAT_3455\LM\ERSP_matrix\picture\PAT_3455_picture_WM_ERSP_TSP1_TN.npy,0.021860465116279,0.005219638242894,True,1100,0,-0.1273715,0
PAT_3455,picture,LM,TSP7,\\nasac-m2.unige.ch\m-HumanNeuronLab\ANALYSIS\FLM\Analysis_LoraFanda\01_FBM_Analysis\outputs\04_ersp_LM_RAWONLY\PAT_3455\LM\ERSP_matrix\picture\PAT_3455_picture_WM_ERSP_TSP7_TN.npy,0.0208268733850129,0.0104909560723514,True,1101,0,-0.058369312,0
PAT_3455,picture,LM,TSP8,\\nasac-m2.unige.ch\m-HumanNeuronLab\ANALYSIS\FLM\Analysis_LoraFanda\01_FBM_Analysis\outputs\04_ersp_LM_RAWONLY\PAT_3455\LM\ERSP_matrix\picture\PAT_3455_picture_WM_ERSP_TSP8_TN.npy,0.0227906976744186,0.0096124031007751,True,1102,0,-0.09078188,0
PAT_3455,reading,LM,AD3,\\nasac-m2.unige.ch\m-HumanNeuronLab\ANALYSIS\FLM\Analysis_LoraFanda\01_FBM_Analysis\outputs\04_ersp_LM_RAWONLY\PAT_3455\LM\ERSP_matrix\reading\PAT_3455_reading_WM_ERSP_AD3_TN.npy,0.0118863049095607,0.0446511627906976,True,1103,0,0.10948092,0
PAT_3455,reading,LM,AD4,\\nasac-m2.unige.ch\m-HumanNeuronLab\ANALYSIS\FLM\Analysis_LoraFanda\01_FBM_Analysis\outputs\04_ersp_LM_RAWONLY\PAT_3455\LM\ERSP_matrix\reading\PAT_3455_reading_WM_ERSP_AD4_TN.npy,0.0117571059431524,0.0681136950904392,True,1104,0,0.05883643,0
PAT_3455,reading,LM,AD5,\\nasac-m2.unige.ch\m-HumanNeuronLab\ANALYSIS\FLM\Analysis_LoraFanda\01_FBM_Analysis\outputs\04_ersp_LM_RAWONLY\PAT_3455\LM\ERSP_matrix\reading\PAT_3455_reading_WM_ERSP_AD5_TN.npy,0.0097416020671834,0.0801033591731266,True,1105,0,0.02154299,0
PAT_3455,reading,LM,AD6,\\nasac-m2.unige.ch\m-HumanNeuronLab\ANALYSIS\FLM\Analysis_LoraFanda\01_FBM_Analysis\outputs\04_ersp_LM_RAWONLY\PAT_3455\LM\ERSP_matrix\reading\PAT_3455_reading_WM_ERSP_AD6_TN.npy,0.0059431524547803,0.0791472868217054,True,1106,0,0.0018169741,0
PAT_3455,reading,LM,AD7,\\nasac-m2.unige.ch\m-HumanNeuronLab\ANALYSIS\FLM\Analysis_LoraFanda\01_FBM_Analysis\outputs\04_ersp_LM_RAWONLY\PAT_3455\LM\ERSP_matrix\reading\PAT_3455_reading_WM_ERSP_AD7_TN.npy,0.0031007751937984,0.0869509043927648,True,1107,0,-0.07307232,0
PAT_3455,reading,LM,AD8,\\nasac-m2.unige.ch\m-HumanNeuronLab\ANALYSIS\FLM\Analysis_LoraFanda\01_FBM_Analysis\outputs\04_ersp_LM_RAWONLY\PAT_3455\LM\ERSP_matrix\reading\PAT_3455_reading_WM_ERSP_AD8_TN.npy,0.0031782945736434,0.0958656330749354,True,1108,0,-0.16052558,0
PAT_3455,reading,LM,HAD10,\\nasac-m2.unige.ch\m-HumanNeuronLab\ANALYSIS\FLM\Analysis_LoraFanda\01_FBM_Analysis\outputs\04_ersp_LM_RAWONLY\PAT_3455\LM\ERSP_matrix\reading\PAT_3455_reading_WM_ERSP_HAD10_TN.npy,0.002609819121447,0.1899483204134367,True,1109,0,-0.16737905,0
PAT_3455,reading,LM,HAD3,\\nasac-m2.unige.ch\m-HumanNeuronLab\ANALYSIS\FLM\Analysis_LoraFanda\01_FBM_Analysis\outputs\04_ersp_LM_RAWONLY\PAT_3455\LM\ERSP_matrix\reading\PAT_3455_reading_WM_ERSP_HAD3_TN.npy,0.0043669250645994,0.0481653746770025,True,1110,0,0.045495067,0
PAT_3455,reading,LM,HAD4,\\nasac-m2.unige.ch\m-HumanNeuronLab\ANALYSIS\FLM\Analysis_LoraFanda\01_FBM_Analysis\outputs\04_ersp_LM_RAWONLY\PAT_3455\LM\ERSP_matrix\reading\PAT_3455_reading_WM_ERSP_HAD4_TN.npy,0.0083979328165374,0.0582170542635658,True,1111,0,0.0060458905,0
PAT_3455,reading,LM,HAD5,\\nasac-m2.unige.ch\m-HumanNeuronLab\ANALYSIS\FLM\Analysis_LoraFanda\01_FBM_Analysis\outputs\04_ersp_LM_RAWONLY\PAT_3455\LM\ERSP_matrix\reading\PAT_3455_reading_WM_ERSP_HAD5_TN.npy,0.0078811369509043,0.0511111111111111,True,1112,0,0.013819304,0
PAT_3455,reading,LM,HAD6,\\nasac-m2.unige.ch\m-HumanNeuronLab\ANALYSIS\FLM\Analysis_LoraFanda\01_FBM_Analysis\outputs\04_ersp_LM_RAWONLY\PAT_3455\LM\ERSP_matrix\reading\PAT_3455_reading_WM_ERSP_HAD6_TN.npy,0.0062532299741602,0.0612144702842377,True,1113,0,-0.050264463,0
PAT_3455,reading,LM,HAD7,\\nasac-m2.unige.ch\m-HumanNeuronLab\ANALYSIS\FLM\Analysis_LoraFanda\01_FBM_Analysis\outputs\04_ersp_LM_RAWONLY\PAT_3455\LM\ERSP_matrix\reading\PAT_3455_reading_WM_ERSP_HAD7_TN.npy,0.002532299741602,0.0516279069767441,True,1114,0,0.055224694,0
PAT_3455,reading,LM,HAD8,\\nasac-m2.unige.ch\m-HumanNeuronLab\ANALYSIS\FLM\Analysis_LoraFanda\01_FBM_Analysis\outputs\04_ersp_LM_RAWONLY\PAT_3455\LM\ERSP_matrix\reading\PAT_3455_reading_WM_ERSP_HAD8_TN.npy,0.0020155038759689,0.0717312661498708,True,1115,0,-0.058896754,0
PAT_3455,reading,LM,HAD9,\\nasac-m2.unige.ch\m-HumanNeuronLab\ANALYSIS\FLM\Analysis_LoraFanda\01_FBM_Analysis\outputs\04_ersp_LM_RAWONLY\PAT_3455\LM\ERSP_matrix\reading\PAT_3455_reading_WM_ERSP_HAD9_TN.npy,0.0019121447028423,0.0984237726098191,True,1116,0,-0.09380008,0
PAT_3455,reading,LM,HPD10,\\nasac-m2.unige.ch\m-HumanNeuronLab\ANALYSIS\FLM\Analysis_LoraFanda\01_FBM_Analysis\outputs\04_ersp_LM_RAWONLY\PAT_3455\LM\ERSP_matrix\reading\PAT_3455_reading_WM_ERSP_HPD10_TN.npy,0.0024289405684754,0.051266149870801,True,1117,0,0.03305214,0
PAT_3455,reading,LM,HPD3,\\nasac-m2.unige.ch\m-HumanNeuronLab\ANALYSIS\FLM\Analysis_LoraFanda\01_FBM_Analysis\outputs\04_ersp_LM_RAWONLY\PAT_3455\LM\ERSP_matrix\reading\PAT_3455_reading_WM_ERSP_HPD3_TN.npy,0.0071317829457364,0.0452454780361757,True,1118,0,0.016540175,0
PAT_3455,reading,LM,HPD4,\\nasac-m2.unige.ch\m-HumanNeuronLab\ANALYSIS\FLM\Analysis_LoraFanda\01_FBM_Analysis\outputs\04_ersp_LM_RAWONLY\PAT_3455\LM\ERSP_matrix\reading\PAT_3455_reading_WM_ERSP_HPD4_TN.npy,0.0044186046511627,0.0480361757105943,True,1119,0,0.032093935,0
PAT_3455,reading,LM,HPD6,\\nasac-m2.unige.ch\m-HumanNeuronLab\ANALYSIS\FLM\Analysis_LoraFanda\01_FBM_Analysis\outputs\04_ersp_LM_RAWONLY\PAT_3455\LM\ERSP_matrix\reading\PAT_3455_reading_WM_ERSP_HPD6_TN.npy,0.0026873385012919,0.0490697674418604,True,1120,0,0.10188229,0
PAT_3455,reading,LM,HPD8,\\nasac-m2.unige.ch\m-HumanNeuronLab\ANALYSIS\FLM\Analysis_LoraFanda\01_FBM_Analysis\outputs\04_ersp_LM_RAWONLY\PAT_3455\LM\ERSP_matrix\reading\PAT_3455_reading_WM_ERSP_HPD8_TN.npy,0.0011369509043927,0.04656330749354,True,1121,0,0.074123956,0
PAT_3455,reading,LM,HPD9,\\nasac-m2.unige.ch\m-HumanNeuronLab\ANALYSIS\FLM\Analysis_LoraFanda\01_FBM_Analysis\outputs\04_ersp_LM_RAWONLY\PAT_3455\LM\ERSP_matrix\reading\PAT_3455_reading_WM_ERSP_HPD9_TN.npy,0.0012403100775193,0.0482170542635658,True,1122,0,0.06640957,0
PAT_3455,reading,LM,IPD10,\\nasac-m2.unige.ch\m-HumanNeuronLab\ANALYSIS\FLM\Analysis_LoraFanda\01_FBM_Analysis\outputs\04_ersp_LM_RAWONLY\PAT_3455\LM\ERSP_matrix\reading\PAT_3455_reading_WM_ERSP_IPD10_TN.npy,0.0325581395348837,0.004625322997416,True,1123,11,0.04340992,11
PAT_3455,reading,LM,OTD1,\\nasac-m2.unige.ch\m-HumanNeuronLab\ANALYSIS\FLM\Analysis_LoraFanda\01_FBM_Analysis\outputs\04_ersp_LM_RAWONLY\PAT_3455\LM\ERSP_matrix\reading\PAT_3455_reading_WM_ERSP_OTD1_TN.npy,0.0257622739018087,0.0160206718346253,True,1124,0,0.06838529,0
PAT_3455,reading,LM,OTD2,\\nasac-m2.unige.ch\m-HumanNeuronLab\ANALYSIS\FLM\Analysis_LoraFanda\01_FBM_Analysis\outputs\04_ersp_LM_RAWONLY\PAT_3455\LM\ERSP_matrix\reading\PAT_3455_reading_WM_ERSP_OTD2_TN.npy,0.0233850129198966,0.0187855297157622,True,1125,0,0.08718749,0
PAT_3455,reading,LM,PHD10,\\nasac-m2.unige.ch\m-HumanNeuronLab\ANALYSIS\FLM\Analysis_LoraFanda\01_FBM_Analysis\outputs\04_ersp_LM_RAWONLY\PAT_3455\LM\ERSP_matrix\reading\PAT_3455_reading_WM_ERSP_PHD10_TN.npy,0.0020930232558139,0.0544444444444444,True,1126,0,0.053840175,0
PAT_3455,reading,LM,PHD3,\\nasac-m2.unige.ch\m-HumanNeuronLab\ANALYSIS\FLM\Analysis_LoraFanda\01_FBM_Analysis\outputs\04_ersp_LM_RAWONLY\PAT_3455\LM\ERSP_matrix\reading\PAT_3455_reading_WM_ERSP_PHD3_TN.npy,0.003875968992248,0.0404651162790697,True,1127,0,0.10328091,0
PAT_3455,reading,LM,PHD7,\\nasac-m2.unige.ch\m-HumanNeuronLab\ANALYSIS\FLM\Analysis_LoraFanda\01_FBM_Analysis\outputs\04_ersp_LM_RAWONLY\PAT_3455\LM\ERSP_matrix\reading\PAT_3455_reading_WM_ERSP_PHD7_TN.npy,0.004470284237726,0.050594315245478,True,1128,0,0.12739691,0
PAT_3455,reading,LM,PHD8,\\nasac-m2.unige.ch\m-HumanNeuronLab\ANALYSIS\FLM\Analysis_LoraFanda\01_FBM_Analysis\outputs\04_ersp_LM_RAWONLY\PAT_3455\LM\ERSP_matrix\reading\PAT_3455_reading_WM_ERSP_PHD8_TN.npy,0.0023514211886304,0.0554005167958656,True,1129,0,0.08440874,0
PAT_3455,reading,LM,PHD9,\\nasac-m2.unige.ch\m-HumanNeuronLab\ANALYSIS\FLM\Analysis_LoraFanda\01_FBM_Analysis\outputs\04_ersp_LM_RAWONLY\PAT_3455\LM\ERSP_matrix\reading\PAT_3455_reading_WM_ERSP_PHD9_TN.npy,0.0021447028423772,0.0664082687338501,True,1130,0,0.053827275,0
PAT_3455,reading,LM,TOD12,\\nasac-m2.unige.ch\m-HumanNeuronLab\ANALYSIS\FLM\Analysis_LoraFanda\01_FBM_Analysis\outputs\04_ersp_LM_RAWONLY\PAT_3455\LM\ERSP_matrix\reading\PAT_3455_reading_WM_ERSP_TOD12_TN.npy,0.0096640826873385,0.0421963824289405,True,1131,0,0.07675478,0
PAT_3455,reading,LM,TOD2,\\nasac-m2.unige.ch\m-HumanNeuronLab\ANALYSIS\FLM\Analysis_LoraFanda\01_FBM_Analysis\outputs\04_ersp_LM_RAWONLY\PAT_3455\LM\ERSP_matrix\reading\PAT_3455_reading_WM_ERSP_TOD2_TN.npy,0.0063565891472868,0.0419896640826873,True,1132,0,0.02429667,0
PAT_3455,reading,LM,TOD4,\\nasac-m2.unige.ch\m-HumanNeuronLab\ANALYSIS\FLM\Analysis_LoraFanda\01_FBM_Analysis\outputs\04_ersp_LM_RAWONLY\PAT_3455\LM\ERSP_matrix\reading\PAT_3455_reading_WM_ERSP_TOD4_TN.npy,0.0060465116279069,0.0482170542635658,True,1133,0,0.020307612,0
PAT_3455,reading,LM,TSP1,\\nasac-m2.unige.ch\m-HumanNeuronLab\ANALYSIS\FLM\Analysis_LoraFanda\01_FBM_Analysis\outputs\04_ersp_LM_RAWONLY\PAT_3455\LM\ERSP_matrix\reading\PAT_3455_reading_WM_ERSP_TSP1_TN.npy,0.0121447028423772,0.0410594315245478,True,1134,0,0.023024304,0
PAT_3455,reading,LM,TSP7,\\nasac-m2.unige.ch\m-HumanNeuronLab\ANALYSIS\FLM\Analysis_LoraFanda\01_FBM_Analysis\outputs\04_ersp_LM_RAWONLY\PAT_3455\LM\ERSP_matrix\reading\PAT_3455_reading_WM_ERSP_TSP7_TN.npy,0.00656330749354,0.0511111111111111,True,1135,0,0.13985384,0
PAT_3455,reading,LM,TSP8,\\nasac-m2.unige.ch\m-HumanNeuronLab\ANALYSIS\FLM\Analysis_LoraFanda\01_FBM_Analysis\outputs\04_ersp_LM_RAWONLY\PAT_3455\LM\ERSP_matrix\reading\PAT_3455_reading_WM_ERSP_TSP8_TN.npy,0.0063307493540051,0.0450129198966408,True,1136,0,0.14131644,0
PAT_3780,reading,LM,FAP10,\\nasac-m2.unige.ch\m-HumanNeuronLab\ANALYSIS\FLM\Analysis_LoraFanda\01_FBM_Analysis\outputs\04_ersp_LM_RAWONLY\PAT_3780\LM\ERSP_matrix\reading\PAT_3780_reading_WM_ERSP_FAP10_TN.npy,0.0390956072351421,0.0001550387596899,True,1137,10,0.18663053,10
PAT_3780,reading,LM,FAP1,\\nasac-m2.unige.ch\m-HumanNeuronLab\ANALYSIS\FLM\Analysis_LoraFanda\01_FBM_Analysis\outputs\04_ersp_LM_RAWONLY\PAT_3780\LM\ERSP_matrix\reading\PAT_3780_reading_WM_ERSP_FAP1_TN.npy,0.0263565891472868,0.0003617571059431,True,1138,10,0.18474042,10
PAT_3780,reading,LM,FAP2,\\nasac-m2.unige.ch\m-HumanNeuronLab\ANALYSIS\FLM\Analysis_LoraFanda\01_FBM_Analysis\outputs\04_ersp_LM_RAWONLY\PAT_3780\LM\ERSP_matrix\reading\PAT_3780_reading_WM_ERSP_FAP2_TN.npy,0.0415762273901808,0.0001808785529715,True,1139,10,0.20121244,10
PAT_3780,reading,LM,FAP3,\\nasac-m2.unige.ch\m-HumanNeuronLab\ANALYSIS\FLM\Analysis_LoraFanda\01_FBM_Analysis\outputs\04_ersp_LM_RAWONLY\PAT_3780\LM\ERSP_matrix\reading\PAT_3780_reading_WM_ERSP_FAP3_TN.npy,0.0330749354005167,0.0010077519379844,True,1140,10,0.15181443,10
PAT_3780,reading,LM,FAP4,\\nasac-m2.unige.ch\m-HumanNeuronLab\ANALYSIS\FLM\Analysis_LoraFanda\01_FBM_Analysis\outputs\04_ersp_LM_RAWONLY\PAT_3780\LM\ERSP_matrix\reading\PAT_3780_reading_WM_ERSP_FAP4_TN.npy,0.0317571059431524,0.0003875968992248,True,1141,10,0.19622292,10
PAT_3780,reading,LM,FAP5,\\nasac-m2.unige.ch\m-HumanNeuronLab\ANALYSIS\FLM\Analysis_LoraFanda\01_FBM_Analysis\outputs\04_ersp_LM_RAWONLY\PAT_3780\LM\ERSP_matrix\reading\PAT_3780_reading_WM_ERSP_FAP5_TN.npy,0.0323514211886304,0.0002842377260981,True,1142,10,0.20747703,10
PAT_3780,reading,LM,FAP7,\\nasac-m2.unige.ch\m-HumanNeuronLab\ANALYSIS\FLM\Analysis_LoraFanda\01_FBM_Analysis\outputs\04_ersp_LM_RAWONLY\PAT_3780\LM\ERSP_matrix\reading\PAT_3780_reading_WM_ERSP_FAP7_TN.npy,0.0259173126614987,0.0004134366925064,True,1143,10,0.21583849,10
PAT_3780,reading,LM,FAP8,\\nasac-m2.unige.ch\m-HumanNeuronLab\ANALYSIS\FLM\Analysis_LoraFanda\01_FBM_Analysis\outputs\04_ersp_LM_RAWONLY\PAT_3780\LM\ERSP_matrix\reading\PAT_3780_reading_WM_ERSP_FAP8_TN.npy,0.0268992248062015,0.0010335917312661,True,1144,10,0.20598356,10
PAT_3780,reading,LM,FLA10,\\nasac-m2.unige.ch\m-HumanNeuronLab\ANALYSIS\FLM\Analysis_LoraFanda\01_FBM_Analysis\outputs\04_ersp_LM_RAWONLY\PAT_3780\LM\ERSP_matrix\reading\PAT_3780_reading_WM_ERSP_FLA10_TN.npy,0.1614987080103359,0.0001033591731266,True,1145,10,0.26319677,10
PAT_3780,reading,LM,FLA1,\\nasac-m2.unige.ch\m-HumanNeuronLab\ANALYSIS\FLM\Analysis_LoraFanda\01_FBM_Analysis\outputs\04_ersp_LM_RAWONLY\PAT_3780\LM\ERSP_matrix\reading\PAT_3780_reading_WM_ERSP_FLA1_TN.npy,0.0275452196382428,0.0002842377260981,True,1146,10,0.22228225,10
PAT_3780,reading,LM,FLA2,\\nasac-m2.unige.ch\m-HumanNeuronLab\ANALYSIS\FLM\Analysis_LoraFanda\01_FBM_Analysis\outputs\04_ersp_LM_RAWONLY\PAT_3780\LM\ERSP_matrix\reading\PAT_3780_reading_WM_ERSP_FLA2_TN.npy,0.0270025839793281,0.0001808785529715,True,1147,10,0.1920433,10
PAT_3780,reading,LM,FLA5,\\nasac-m2.unige.ch\m-HumanNeuronLab\ANALYSIS\FLM\Analysis_LoraFanda\01_FBM_Analysis\outputs\04_ersp_LM_RAWONLY\PAT_3780\LM\ERSP_matrix\reading\PAT_3780_reading_WM_ERSP_FLA5_TN.npy,0.0251162790697674,0.0002325581395348,True,1148,10,0.10162262,10
PAT_3780,reading,LM,FLA6,\\nasac-m2.unige.ch\m-HumanNeuronLab\ANALYSIS\FLM\Analysis_LoraFanda\01_FBM_Analysis\outputs\04_ersp_LM_RAWONLY\PAT_3780\LM\ERSP_matrix\reading\PAT_3780_reading_WM_ERSP_FLA6_TN.npy,0.0460206718346253,0.0002067183462532,True,1149,10,0.18728024,10
PAT_3780,reading,LM,FLA7,\\nasac-m2.unige.ch\m-HumanNeuronLab\ANALYSIS\FLM\Analysis_LoraFanda\01_FBM_Analysis\outputs\04_ersp_LM_RAWONLY\PAT_3780\LM\ERSP_matrix\reading\PAT_3780_reading_WM_ERSP_FLA7_TN.npy,0.0407751937984496,0.0001808785529715,True,1150,10,0.21105297,10
PAT_3780,reading,LM,FLA8,\\nasac-m2.unige.ch\m-HumanNeuronLab\ANALYSIS\FLM\Analysis_LoraFanda\01_FBM_Analysis\outputs\04_ersp_LM_RAWONLY\PAT_3780\LM\ERSP_matrix\reading\PAT_3780_reading_WM_ERSP_FLA8_TN.npy,0.0710852713178294,0.0002067183462532,True,1151,10,0.22804864,10
PAT_3780,reading,LM,FLA9,\\nasac-m2.unige.ch\m-HumanNeuronLab\ANALYSIS\FLM\Analysis_LoraFanda\01_FBM_Analysis\outputs\04_ersp_LM_RAWONLY\PAT_3780\LM\ERSP_matrix\reading\PAT_3780_reading_WM_ERSP_FLA9_TN.npy,0.1070025839793281,0.0001033591731266,True,1152,10,0.24169171,10
PAT_3780,reading,LM,FLP10,\\nasac-m2.unige.ch\m-HumanNeuronLab\ANALYSIS\FLM\Analysis_LoraFanda\01_FBM_Analysis\outputs\04_ersp_LM_RAWONLY\PAT_3780\LM\ERSP_matrix\reading\PAT_3780_reading_WM_ERSP_FLP10_TN.npy,0.0861240310077519,0.0004651162790697,True,1153,10,0.27647054,10
PAT_3780,reading,LM,FLP2,\\nasac-m2.unige.ch\m-HumanNeuronLab\ANALYSIS\FLM\Analysis_LoraFanda\01_FBM_Analysis\outputs\04_ersp_LM_RAWONLY\PAT_3780\LM\ERSP_matrix\reading\PAT_3780_reading_WM_ERSP_FLP2_TN.npy,0.0205426356589147,0.0001033591731266,True,1154,10,0.056843847,10
PAT_3780,reading,LM,FLP3,\\nasac-m2.unige.ch\m-HumanNeuronLab\ANALYSIS\FLM\Analysis_LoraFanda\01_FBM_Analysis\outputs\04_ersp_LM_RAWONLY\PAT_3780\LM\ERSP_matrix\reading\PAT_3780_reading_WM_ERSP_FLP3_TN.npy,0.0223514211886304,0.0004392764857881,True,1155,10,0.2047074,10
PAT_3780,reading,LM,FLP4,\\nasac-m2.unige.ch\m-HumanNeuronLab\ANALYSIS\FLM\Analysis_LoraFanda\01_FBM_Analysis\outputs\04_ersp_LM_RAWONLY\PAT_3780\LM\ERSP_matrix\reading\PAT_3780_reading_WM_ERSP_FLP4_TN.npy,0.0325581395348837,0.0003875968992248,True,1156,10,0.25407892,10
PAT_3780,reading,LM,FLP5,\\nasac-m2.unige.ch\m-HumanNeuronLab\ANALYSIS\FLM\Analysis_LoraFanda\01_FBM_Analysis\outputs\04_ersp_LM_RAWONLY\PAT_3780\LM\ERSP_matrix\reading\PAT_3780_reading_WM_ERSP_FLP5_TN.npy,0.0407751937984496,0.0005684754521963,True,1157,10,0.24879251,10
PAT_3780,reading,LM,FLP7,\\nasac-m2.unige.ch\m-HumanNeuronLab\ANALYSIS\FLM\Analysis_LoraFanda\01_FBM_Analysis\outputs\04_ersp_LM_RAWONLY\PAT_3780\LM\ERSP_matrix\reading\PAT_3780_reading_WM_ERSP_FLP7_TN.npy,0.0568992248062015,0.0004134366925064,True,1158,10,0.2727335,10
PAT_3780,reading,LM,FLP8,\\nasac-m2.unige.ch\m-HumanNeuronLab\ANALYSIS\FLM\Analysis_LoraFanda\01_FBM_Analysis\outputs\04_ersp_LM_RAWONLY\PAT_3780\LM\ERSP_matrix\reading\PAT_3780_reading_WM_ERSP_FLP8_TN.npy,0.0720930232558139,0.0003875968992248,True,1159,10,0.24459878,10
PAT_3780,reading,LM,FLP9,\\nasac-m2.unige.ch\m-HumanNeuronLab\ANALYSIS\FLM\Analysis_LoraFanda\01_FBM_Analysis\outputs\04_ersp_LM_RAWONLY\PAT_3780\LM\ERSP_matrix\reading\PAT_3780_reading_WM_ERSP_FLP9_TN.npy,0.0732299741602067,0.0004651162790697,True,1160,10,0.26060635,10
PAT_3780,reading,LM,FMP11,\\nasac-m2.unige.ch\m-HumanNeuronLab\ANALYSIS\FLM\Analysis_LoraFanda\01_FBM_Analysis\outputs\04_ersp_LM_RAWONLY\PAT_3780\LM\ERSP_matrix\reading\PAT_3780_reading_WM_ERSP_FMP11_TN.npy,0.0227906976744186,0.0003359173126614,True,1161,10,0.096740395,10
PAT_3780,reading,LM,FMP12,\\nasac-m2.unige.ch\m-HumanNeuronLab\ANALYSIS\FLM\Analysis_LoraFanda\01_FBM_Analysis\outputs\04_ersp_LM_RAWONLY\PAT_3780\LM\ERSP_matrix\reading\PAT_3780_reading_WM_ERSP_FMP12_TN.npy,0.0221188630490956,0.0001550387596899,True,1162,10,0.0959136,10
PAT_3780,reading,LM,FMP1,\\nasac-m2.unige.ch\m-HumanNeuronLab\ANALYSIS\FLM\Analysis_LoraFanda\01_FBM_Analysis\outputs\04_ersp_LM_RAWONLY\PAT_3780\LM\ERSP_matrix\reading\PAT_3780_reading_WM_ERSP_FMP1_TN.npy,0.0287855297157622,0.0001550387596899,True,1163,10,0.18072504,10
PAT_3780,reading,LM,FMP2,\\nasac-m2.unige.ch\m-HumanNeuronLab\ANALYSIS\FLM\Analysis_LoraFanda\01_FBM_Analysis\outputs\04_ersp_LM_RAWONLY\PAT_3780\LM\ERSP_matrix\reading\PAT_3780_reading_WM_ERSP_FMP2_TN.npy,0.0210852713178294,0.0002583979328165,True,1164,10,0.19007239,10
PAT_3780,reading,LM,FMP7,\\nasac-m2.unige.ch\m-HumanNeuronLab\ANALYSIS\FLM\Analysis_LoraFanda\01_FBM_Analysis\outputs\04_ersp_LM_RAWONLY\PAT_3780\LM\ERSP_matrix\reading\PAT_3780_reading_WM_ERSP_FMP7_TN.npy,0.0267441860465116,0.0002325581395348,True,1165,10,0.23211645,10
PAT_3780,reading,LM,FMP9,\\nasac-m2.unige.ch\m-HumanNeuronLab\ANALYSIS\FLM\Analysis_LoraFanda\01_FBM_Analysis\outputs\04_ersp_LM_RAWONLY\PAT_3780\LM\ERSP_matrix\reading\PAT_3780_reading_WM_ERSP_FMP9_TN.npy,0.0226614987080103,7.751937984496124e-05,True,1166,10,0.1692051,10
PAT_3780,reading,LM,FSS10,\\nasac-m2.unige.ch\m-HumanNeuronLab\ANALYSIS\FLM\Analysis_LoraFanda\01_FBM_Analysis\outputs\04_ersp_LM_RAWONLY\PAT_3780\LM\ERSP_matrix\reading\PAT_3780_reading_WM_ERSP_FSS10_TN.npy,0.0340310077519379,0.0005426356589147,True,1167,10,0.14410771,10
PAT_3780,reading,LM,FSS7,\\nasac-m2.unige.ch\m-HumanNeuronLab\ANALYSIS\FLM\Analysis_LoraFanda\01_FBM_Analysis\outputs\04_ersp_LM_RAWONLY\PAT_3780\LM\ERSP_matrix\reading\PAT_3780_reading_WM_ERSP_FSS7_TN.npy,0.021937984496124,0.000594315245478,True,1168,10,0.11069226,10
PAT_3780,reading,LM,FSS8,\\nasac-m2.unige.ch\m-HumanNeuronLab\ANALYSIS\FLM\Analysis_LoraFanda\01_FBM_Analysis\outputs\04_ersp_LM_RAWONLY\PAT_3780\LM\ERSP_matrix\reading\PAT_3780_reading_WM_ERSP_FSS8_TN.npy,0.0240051679586563,0.0002067183462532,True,1169,10,0.09077488,10
PAT_3780,reading,LM,FSS9,\\nasac-m2.unige.ch\m-HumanNeuronLab\ANALYSIS\FLM\Analysis_LoraFanda\01_FBM_Analysis\outputs\04_ersp_LM_RAWONLY\PAT_3780\LM\ERSP_matrix\reading\PAT_3780_reading_WM_ERSP_FSS9_TN.npy,0.02,0.0004134366925064,True,1170,10,0.065457575,10
PAT_3780,reading,LM,HAG3,\\nasac-m2.unige.ch\m-HumanNeuronLab\ANALYSIS\FLM\Analysis_LoraFanda\01_FBM_Analysis\outputs\04_ersp_LM_RAWONLY\PAT_3780\LM\ERSP_matrix\reading\PAT_3780_reading_WM_ERSP_HAG3_TN.npy,0.0241602067183462,0.0003617571059431,True,1171,10,0.12395265,10
PAT_3780,reading,LM,TPG10,\\nasac-m2.unige.ch\m-HumanNeuronLab\ANALYSIS\FLM\Analysis_LoraFanda\01_FBM_Analysis\outputs\04_ersp_LM_RAWONLY\PAT_3780\LM\ERSP_matrix\reading\PAT_3780_reading_WM_ERSP_TPG10_TN.npy,0.0499741602067183,0.0002325581395348,True,1172,10,0.20490764,10
PAT_3780,reading,LM,TPG1,\\nasac-m2.unige.ch\m-HumanNeuronLab\ANALYSIS\FLM\Analysis_LoraFanda\01_FBM_Analysis\outputs\04_ersp_LM_RAWONLY\PAT_3780\LM\ERSP_matrix\reading\PAT_3780_reading_WM_ERSP_TPG1_TN.npy,0.0710852713178294,0.0002067183462532,True,1173,10,0.22419259,10
PAT_3780,reading,LM,TPG2,\\nasac-m2.unige.ch\m-HumanNeuronLab\ANALYSIS\FLM\Analysis_LoraFanda\01_FBM_Analysis\outputs\04_ersp_LM_RAWONLY\PAT_3780\LM\ERSP_matrix\reading\PAT_3780_reading_WM_ERSP_TPG2_TN.npy,0.0851421188630491,0.0004134366925064,True,1174,10,0.2363419,10
PAT_3780,reading,LM,TPG3,\\nasac-m2.unige.ch\m-HumanNeuronLab\ANALYSIS\FLM\Analysis_LoraFanda\01_FBM_Analysis\outputs\04_ersp_LM_RAWONLY\PAT_3780\LM\ERSP_matrix\reading\PAT_3780_reading_WM_ERSP_TPG3_TN.npy,0.0752454780361757,0.0001291989664082,True,1175,10,0.252766,10
PAT_3780,reading,LM,TPG4,\\nasac-m2.unige.ch\m-HumanNeuronLab\ANALYSIS\FLM\Analysis_LoraFanda\01_FBM_Analysis\outputs\04_ersp_LM_RAWONLY\PAT_3780\LM\ERSP_matrix\reading\PAT_3780_reading_WM_ERSP_TPG4_TN.npy,0.0610594315245478,0.0001291989664082,True,1176,10,0.2607153,10
PAT_3780,reading,LM,TPG5,\\nasac-m2.unige.ch\m-HumanNeuronLab\ANALYSIS\FLM\Analysis_LoraFanda\01_FBM_Analysis\outputs\04_ersp_LM_RAWONLY\PAT_3780\LM\ERSP_matrix\reading\PAT_3780_reading_WM_ERSP_TPG5_TN.npy,0.0654521963824289,0.0001033591731266,True,1177,10,0.26763174,10
PAT_3780,reading,LM,TPG6,\\nasac-m2.unige.ch\m-HumanNeuronLab\ANALYSIS\FLM\Analysis_LoraFanda\01_FBM_Analysis\outputs\04_ersp_LM_RAWONLY\PAT_3780\LM\ERSP_matrix\reading\PAT_3780_reading_WM_ERSP_TPG6_TN.npy,0.0596124031007751,0.0006201550387596,True,1178,10,0.24196494,10
PAT_3780,reading,LM,TPG8,\\nasac-m2.unige.ch\m-HumanNeuronLab\ANALYSIS\FLM\Analysis_LoraFanda\01_FBM_Analysis\outputs\04_ersp_LM_RAWONLY\PAT_3780\LM\ERSP_matrix\reading\PAT_3780_reading_WM_ERSP_TPG8_TN.npy,0.0464082687338501,0.0003100775193798,True,1179,10,0.25644618,10
PAT_3780,reading,LM,TPG9,\\nasac-m2.unige.ch\m-HumanNeuronLab\ANALYSIS\FLM\Analysis_LoraFanda\01_FBM_Analysis\outputs\04_ersp_LM_RAWONLY\PAT_3780\LM\ERSP_matrix\reading\PAT_3780_reading_WM_ERSP_TPG9_TN.npy,0.0454263565891472,0.0002842377260981,True,1180,10,0.25626788,10
PAT_3965,audio,LM,ad10,\\nasac-m2.unige.ch\m-HumanNeuronLab\ANALYSIS\FLM\Analysis_LoraFanda\01_FBM_Analysis\outputs\04_ersp_LM_RAWONLY\PAT_3965\LM\ERSP_matrix\audio\PAT_3965_audio_WM_ERSP_ad10_TN.npy,0.0044961240310077,0.2494832041343669,True,1181,1,0.34093127,1
PAT_3965,audio,LM,ad3,\\nasac-m2.unige.ch\m-HumanNeuronLab\ANALYSIS\FLM\Analysis_LoraFanda\01_FBM_Analysis\outputs\04_ersp_LM_RAWONLY\PAT_3965\LM\ERSP_matrix\audio\PAT_3965_audio_WM_ERSP_ad3_TN.npy,0.0040568475452196,0.0418863049095607,True,1182,1,0.20283929,1
PAT_3965,audio,LM,ad4,\\nasac-m2.unige.ch\m-HumanNeuronLab\ANALYSIS\FLM\Analysis_LoraFanda\01_FBM_Analysis\outputs\04_ersp_LM_RAWONLY\PAT_3965\LM\ERSP_matrix\audio\PAT_3965_audio_WM_ERSP_ad4_TN.npy,0.0030232558139534,0.0641085271317829,True,1183,1,0.25868863,1
PAT_3965,audio,LM,ad5,\\nasac-m2.unige.ch\m-HumanNeuronLab\ANALYSIS\FLM\Analysis_LoraFanda\01_FBM_Analysis\outputs\04_ersp_LM_RAWONLY\PAT_3965\LM\ERSP_matrix\audio\PAT_3965_audio_WM_ERSP_ad5_TN.npy,0.0051162790697674,0.0881653746770025,True,1184,1,0.28244874,1
PAT_3965,audio,LM,ad6,\\nasac-m2.unige.ch\m-HumanNeuronLab\ANALYSIS\FLM\Analysis_LoraFanda\01_FBM_Analysis\outputs\04_ersp_LM_RAWONLY\PAT_3965\LM\ERSP_matrix\audio\PAT_3965_audio_WM_ERSP_ad6_TN.npy,0.0077002583979328,0.1270025839793281,True,1185,1,0.32320067,1
PAT_3965,audio,LM,ad7,\\nasac-m2.unige.ch\m-HumanNeuronLab\ANALYSIS\FLM\Analysis_LoraFanda\01_FBM_Analysis\outputs\04_ersp_LM_RAWONLY\PAT_3965\LM\ERSP_matrix\audio\PAT_3965_audio_WM_ERSP_ad7_TN.npy,0.0128940568475452,0.1410077519379844,True,1186,1,0.30618218,1
PAT_3965,audio,LM,ad8,\\nasac-m2.unige.ch\m-HumanNeuronLab\ANALYSIS\FLM\Analysis_LoraFanda\01_FBM_Analysis\outputs\04_ersp_LM_RAWONLY\PAT_3965\LM\ERSP_matrix\audio\PAT_3965_audio_WM_ERSP_ad8_TN.npy,0.0050387596899224,0.1927390180878553,True,1187,1,0.332439,1
PAT_3965,audio,LM,ag10,\\nasac-m2.unige.ch\m-HumanNeuronLab\ANALYSIS\FLM\Analysis_LoraFanda\01_FBM_Analysis\outputs\04_ersp_LM_RAWONLY\PAT_3965\LM\ERSP_matrix\audio\PAT_3965_audio_WM_ERSP_ag10_TN.npy,0.0593540051679586,0.038656330749354,True,1188,5,0.05407975,5
PAT_3965,audio,LM,ag7,\\nasac-m2.unige.ch\m-HumanNeuronLab\ANALYSIS\FLM\Analysis_LoraFanda\01_FBM_Analysis\outputs\04_ersp_LM_RAWONLY\PAT_3965\LM\ERSP_matrix\audio\PAT_3965_audio_WM_ERSP_ag7_TN.npy,0.0230232558139534,0.02984496124031,True,1189,5,0.08788939,5
PAT_3965,audio,LM,ag8,\\nasac-m2.unige.ch\m-HumanNeuronLab\ANALYSIS\FLM\Analysis_LoraFanda\01_FBM_Analysis\outputs\04_ersp_LM_RAWONLY\PAT_3965\LM\ERSP_matrix\audio\PAT_3965_audio_WM_ERSP_ag8_TN.npy,0.027829457364341,0.030516795865633,True,1190,5,0.085350044,5
PAT_3965,audio,LM,ag9,\\nasac-m2.unige.ch\m-HumanNeuronLab\ANALYSIS\FLM\Analysis_LoraFanda\01_FBM_Analysis\outputs\04_ersp_LM_RAWONLY\PAT_3965\LM\ERSP_matrix\audio\PAT_3965_audio_WM_ERSP_ag9_TN.npy,0.0392764857881136,0.035891472868217,True,1191,5,0.08171718,5
PAT_3965,audio,LM,cad10,\\nasac-m2.unige.ch\m-HumanNeuronLab\ANALYSIS\FLM\Analysis_LoraFanda\01_FBM_Analysis\outputs\04_ersp_LM_RAWONLY\PAT_3965\LM\ERSP_matrix\audio\PAT_3965_audio_WM_ERSP_cad10_TN.npy,0.0021188630490956,0.0414987080103359,True,1192,1,0.160416,1
PAT_3965,audio,LM,cad11,\\nasac-m2.unige.ch\m-HumanNeuronLab\ANALYSIS\FLM\Analysis_LoraFanda\01_FBM_Analysis\outputs\04_ersp_LM_RAWONLY\PAT_3965\LM\ERSP_matrix\audio\PAT_3965_audio_WM_ERSP_cad11_TN.npy,0.001188630490956,0.0457881136950904,True,1193,1,0.06898195,1
PAT_3965,audio,LM,cad12,\\nasac-m2.unige.ch\m-HumanNeuronLab\ANALYSIS\FLM\Analysis_LoraFanda\01_FBM_Analysis\outputs\04_ersp_LM_RAWONLY\PAT_3965\LM\ERSP_matrix\audio\PAT_3965_audio_WM_ERSP_cad12_TN.npy,0.0013953488372093,0.1252454780361757,True,1194,1,0.19837122,1
PAT_3965,audio,LM,cpg8,\\nasac-m2.unige.ch\m-HumanNeuronLab\ANALYSIS\FLM\Analysis_LoraFanda\01_FBM_Analysis\outputs\04_ersp_LM_RAWONLY\PAT_3965\LM\ERSP_matrix\audio\PAT_3965_audio_WM_ERSP_cpg8_TN.npy,0.0206201550387596,0.0010335917312661,True,1195,7,0.16213241,7
PAT_3965,audio,LM,had10,\\nasac-m2.unige.ch\m-HumanNeuronLab\ANALYSIS\FLM\Analysis_LoraFanda\01_FBM_Analysis\outputs\04_ersp_LM_RAWONLY\PAT_3965\LM\ERSP_matrix\audio\PAT_3965_audio_WM_ERSP_had10_TN.npy,0.0002325581395348,0.1624806201550387,True,1196,1,0.3077901,1
PAT_3965,audio,LM,had5,\\nasac-m2.unige.ch\m-HumanNeuronLab\ANALYSIS\FLM\Analysis_LoraFanda\01_FBM_Analysis\outputs\04_ersp_LM_RAWONLY\PAT_3965\LM\ERSP_matrix\audio\PAT_3965_audio_WM_ERSP_had5_TN.npy,0.0042377260981912,0.0529198966408268,True,1197,1,0.22369502,1
PAT_3965,audio,LM,had6,\\nasac-m2.unige.ch\m-HumanNeuronLab\ANALYSIS\FLM\Analysis_LoraFanda\01_FBM_Analysis\outputs\04_ersp_LM_RAWONLY\PAT_3965\LM\ERSP_matrix\audio\PAT_3965_audio_WM_ERSP_had6_TN.npy,0.0042118863049095,0.0580878552971576,True,1198,1,0.22936705,1
PAT_3965,audio,LM,had8,\\nasac-m2.unige.ch\m-HumanNeuronLab\ANALYSIS\FLM\Analysis_LoraFanda\01_FBM_Analysis\outputs\04_ersp_LM_RAWONLY\PAT_3965\LM\ERSP_matrix\audio\PAT_3965_audio_WM_ERSP_had8_TN.npy,0.0002325581395348,0.0974418604651162,True,1199,1,0.25654244,1
PAT_3965,audio,LM,had9,\\nasac-m2.unige.ch\m-HumanNeuronLab\ANALYSIS\FLM\Analysis_LoraFanda\01_FBM_Analysis\outputs\04_ersp_LM_RAWONLY\PAT_3965\LM\ERSP_matrix\audio\PAT_3965_audio_WM_ERSP_had9_TN.npy,0.0001808785529715,0.1241343669250646,True,1200,1,0.28374067,1
PAT_3965,audio,LM,hag10,\\nasac-m2.unige.ch\m-HumanNeuronLab\ANALYSIS\FLM\Analysis_LoraFanda\01_FBM_Analysis\outputs\04_ersp_LM_RAWONLY\PAT_3965\LM\ERSP_matrix\audio\PAT_3965_audio_WM_ERSP_hag10_TN.npy,0.0362273901808785,0.0222997416020671,True,1201,5,0.09322767,5
PAT_3965,audio,LM,hag9,\\nasac-m2.unige.ch\m-HumanNeuronLab\ANALYSIS\FLM\Analysis_LoraFanda\01_FBM_Analysis\outputs\04_ersp_LM_RAWONLY\PAT_3965\LM\ERSP_matrix\audio\PAT_3965_audio_WM_ERSP_hag9_TN.npy,0.0204651162790697,0.0224547803617571,True,1202,5,0.10741745,5
PAT_3965,audio,LM,hpg11,\\nasac-m2.unige.ch\m-HumanNeuronLab\ANALYSIS\FLM\Analysis_LoraFanda\01_FBM_Analysis\outputs\04_ersp_LM_RAWONLY\PAT_3965\LM\ERSP_matrix\audio\PAT_3965_audio_WM_ERSP_hpg11_TN.npy,0.0201033591731266,0.0096124031007751,True,1203,11,0.02077197,11
PAT_3965,picture,LM,ad10,\\nasac-m2.unige.ch\m-HumanNeuronLab\ANALYSIS\FLM\Analysis_LoraFanda\01_FBM_Analysis\outputs\04_ersp_LM_RAWONLY\PAT_3965\LM\ERSP_matrix\picture\PAT_3965_picture_WM_ERSP_ad10_TN.npy,0.0025064599483204,0.1104651162790697,True,1204,1,0.23966725,1
PAT_3965,picture,LM,ad6,\\nasac-m2.unige.ch\m-HumanNeuronLab\ANALYSIS\FLM\Analysis_LoraFanda\01_FBM_Analysis\outputs\04_ersp_LM_RAWONLY\PAT_3965\LM\ERSP_matrix\picture\PAT_3965_picture_WM_ERSP_ad6_TN.npy,0.0033333333333333,0.0442635658914728,True,1205,1,0.1554324,1
PAT_3965,picture,LM,ad7,\\nasac-m2.unige.ch\m-HumanNeuronLab\ANALYSIS\FLM\Analysis_LoraFanda\01_FBM_Analysis\outputs\04_ersp_LM_RAWONLY\PAT_3965\LM\ERSP_matrix\picture\PAT_3965_picture_WM_ERSP_ad7_TN.npy,0.0029715762273901,0.0568217054263565,True,1206,1,0.18340166,1
PAT_3965,picture,LM,ad8,\\nasac-m2.unige.ch\m-HumanNeuronLab\ANALYSIS\FLM\Analysis_LoraFanda\01_FBM_Analysis\outputs\04_ersp_LM_RAWONLY\PAT_3965\LM\ERSP_matrix\picture\PAT_3965_picture_WM_ERSP_ad8_TN.npy,0.0024289405684754,0.0721188630490956,True,1207,1,0.21474925,1
PAT_3965,picture,LM,ag10,\\nasac-m2.unige.ch\m-HumanNeuronLab\ANALYSIS\FLM\Analysis_LoraFanda\01_FBM_Analysis\outputs\04_ersp_LM_RAWONLY\PAT_3965\LM\ERSP_matrix\picture\PAT_3965_picture_WM_ERSP_ag10_TN.npy,0.0741085271317829,0.0161240310077519,True,1208,4,0.12405091,4
PAT_3965,picture,LM,ag5,\\nasac-m2.unige.ch\m-HumanNeuronLab\ANALYSIS\FLM\Analysis_LoraFanda\01_FBM_Analysis\outputs\04_ersp_LM_RAWONLY\PAT_3965\LM\ERSP_matrix\picture\PAT_3965_picture_WM_ERSP_ag5_TN.npy,0.0217571059431524,0.0147286821705426,True,1209,4,0.016444629,4
PAT_3965,picture,LM,ag6,\\nasac-m2.unige.ch\m-HumanNeuronLab\ANALYSIS\FLM\Analysis_LoraFanda\01_FBM_Analysis\outputs\04_ersp_LM_RAWONLY\PAT_3965\LM\ERSP_matrix\picture\PAT_3965_picture_WM_ERSP_ag6_TN.npy,0.0252454780361757,0.0126356589147286,True,1210,4,0.03898363,4
PAT_3965,picture,LM,ag7,\\nasac-m2.unige.ch\m-HumanNeuronLab\ANALYSIS\FLM\Analysis_LoraFanda\01_FBM_Analysis\outputs\04_ersp_LM_RAWONLY\PAT_3965\LM\ERSP_matrix\picture\PAT_3965_picture_WM_ERSP_ag7_TN.npy,0.0270801033591731,0.0153229974160206,True,1211,4,0.064696975,4
PAT_3965,picture,LM,ag8,\\nasac-m2.unige.ch\m-HumanNeuronLab\ANALYSIS\FLM\Analysis_LoraFanda\01_FBM_Analysis\outputs\04_ersp_LM_RAWONLY\PAT_3965\LM\ERSP_matrix\picture\PAT_3965_picture_WM_ERSP_ag8_TN.npy,0.0325839793281653,0.0178036175710594,True,1212,4,0.07856935,4
PAT_3965,picture,LM,ag9,\\nasac-m2.unige.ch\m-HumanNeuronLab\ANALYSIS\FLM\Analysis_LoraFanda\01_FBM_Analysis\outputs\04_ersp_LM_RAWONLY\PAT_3965\LM\ERSP_matrix\picture\PAT_3965_picture_WM_ERSP_ag9_TN.npy,0.0429974160206718,0.0189147286821705,True,1213,4,0.10430603,4
PAT_3965,picture,LM,cad12,\\nasac-m2.unige.ch\m-HumanNeuronLab\ANALYSIS\FLM\Analysis_LoraFanda\01_FBM_Analysis\outputs\04_ersp_LM_RAWONLY\PAT_3965\LM\ERSP_matrix\picture\PAT_3965_picture_WM_ERSP_cad12_TN.npy,0.0002583979328165,0.1027390180878553,True,1214,0,-0.034080137,0
PAT_3965,picture,LM,cag12,\\nasac-m2.unige.ch\m-HumanNeuronLab\ANALYSIS\FLM\Analysis_LoraFanda\01_FBM_Analysis\outputs\04_ersp_LM_RAWONLY\PAT_3965\LM\ERSP_matrix\picture\PAT_3965_picture_WM_ERSP_cag12_TN.npy,0.0219638242894056,0.0005684754521963,True,1215,5,0.042380203,5
PAT_3965,picture,LM,had10,\\nasac-m2.unige.ch\m-HumanNeuronLab\ANALYSIS\FLM\Analysis_LoraFanda\01_FBM_Analysis\outputs\04_ersp_LM_RAWONLY\PAT_3965\LM\ERSP_matrix\picture\PAT_3965_picture_WM_ERSP_had10_TN.npy,0.0030490956072351,0.0532299741602067,True,1216,1,0.17405161,1
PAT_3965,picture,LM,had9,\\nasac-m2.unige.ch\m-HumanNeuronLab\ANALYSIS\FLM\Analysis_LoraFanda\01_FBM_Analysis\outputs\04_ersp_LM_RAWONLY\PAT_3965\LM\ERSP_matrix\picture\PAT_3965_picture_WM_ERSP_had9_TN.npy,0.0035142118863049,0.0430749354005167,True,1217,1,0.153487,1
PAT_3965,picture,LM,hag10,\\nasac-m2.unige.ch\m-HumanNeuronLab\ANALYSIS\FLM\Analysis_LoraFanda\01_FBM_Analysis\outputs\04_ersp_LM_RAWONLY\PAT_3965\LM\ERSP_matrix\picture\PAT_3965_picture_WM_ERSP_hag10_TN.npy,0.0445736434108527,0.0064599483204134,True,1218,4,0.020330312,4
PAT_3965,picture,LM,hag9,\\nasac-m2.unige.ch\m-HumanNeuronLab\ANALYSIS\FLM\Analysis_LoraFanda\01_FBM_Analysis\outputs\04_ersp_LM_RAWONLY\PAT_3965\LM\ERSP_matrix\picture\PAT_3965_picture_WM_ERSP_hag9_TN.npy,0.0231524547803617,0.00656330749354,True,1219,4,0.003655452,4
PAT_3965,reading,LM,ad10,\\nasac-m2.unige.ch\m-HumanNeuronLab\ANALYSIS\FLM\Analysis_LoraFanda\01_FBM_Analysis\outputs\04_ersp_LM_RAWONLY\PAT_3965\LM\ERSP_matrix\reading\PAT_3965_reading_WM_ERSP_ad10_TN.npy,0.0150387596899224,0.3331524547803617,True,1220,1,0.297177,1
PAT_3965,reading,LM,ad3,\\nasac-m2.unige.ch\m-HumanNeuronLab\ANALYSIS\FLM\Analysis_LoraFanda\01_FBM_Analysis\outputs\04_ersp_LM_RAWONLY\PAT_3965\LM\ERSP_matrix\reading\PAT_3965_reading_WM_ERSP_ad3_TN.npy,0.0114987080103359,0.077312661498708,True,1221,1,0.18812345,1
PAT_3965,reading,LM,ad4,\\nasac-m2.unige.ch\m-HumanNeuronLab\ANALYSIS\FLM\Analysis_LoraFanda\01_FBM_Analysis\outputs\04_ersp_LM_RAWONLY\PAT_3965\LM\ERSP_matrix\reading\PAT_3965_reading_WM_ERSP_ad4_TN.npy,0.015219638242894,0.1037984496124031,True,1222,1,0.23527801,1
PAT_3965,reading,LM,ad5,\\nasac-m2.unige.ch\m-HumanNeuronLab\ANALYSIS\FLM\Analysis_LoraFanda\01_FBM_Analysis\outputs\04_ersp_LM_RAWONLY\PAT_3965\LM\ERSP_matrix\reading\PAT_3965_reading_WM_ERSP_ad5_TN.npy,0.0074935400516795,0.1421963824289405,True,1223,1,0.2917991,1
PAT_3965,reading,LM,ad6,\\nasac-m2.unige.ch\m-HumanNeuronLab\ANALYSIS\FLM\Analysis_LoraFanda\01_FBM_Analysis\outputs\04_ersp_LM_RAWONLY\PAT_3965\LM\ERSP_matrix\reading\PAT_3965_reading_WM_ERSP_ad6_TN.npy,0.0031524547803617,0.2072093023255814,True,1224,1,0.32295752,1
PAT_3965,reading,LM,ad7,\\nasac-m2.unige.ch\m-HumanNeuronLab\ANALYSIS\FLM\Analysis_LoraFanda\01_FBM_Analysis\outputs\04_ersp_LM_RAWONLY\PAT_3965\LM\ERSP_matrix\reading\PAT_3965_reading_WM_ERSP_ad7_TN.npy,0.0034366925064599,0.2426614987080103,True,1225,1,0.3259984,1
PAT_3965,reading,LM,ad8,\\nasac-m2.unige.ch\m-HumanNeuronLab\ANALYSIS\FLM\Analysis_LoraFanda\01_FBM_Analysis\outputs\04_ersp_LM_RAWONLY\PAT_3965\LM\ERSP_matrix\reading\PAT_3965_reading_WM_ERSP_ad8_TN.npy,0.0102583979328165,0.2886046511627907,True,1226,1,0.32159814,1
PAT_3965,reading,LM,ag10,\\nasac-m2.unige.ch\m-HumanNeuronLab\ANALYSIS\FLM\Analysis_LoraFanda\01_FBM_Analysis\outputs\04_ersp_LM_RAWONLY\PAT_3965\LM\ERSP_matrix\reading\PAT_3965_reading_WM_ERSP_ag10_TN.npy,0.0031524547803617,0.2580878552971576,True,1227,1,0.2469873,1
PAT_3965,reading,LM,ag1,\\nasac-m2.unige.ch\m-HumanNeuronLab\ANALYSIS\FLM\Analysis_LoraFanda\01_FBM_Analysis\outputs\04_ersp_LM_RAWONLY\PAT_3965\LM\ERSP_matrix\reading\PAT_3965_reading_WM_ERSP_ag1_TN.npy,0.0034366925064599,0.0421447028423772,True,1228,0,-0.014408465,0
PAT_3965,reading,LM,ag2,\\nasac-m2.unige.ch\m-HumanNeuronLab\ANALYSIS\FLM\Analysis_LoraFanda\01_FBM_Analysis\outputs\04_ersp_LM_RAWONLY\PAT_3965\LM\ERSP_matrix\reading\PAT_3965_reading_WM_ERSP_ag2_TN.npy,0.0042894056847545,0.045219638242894,True,1229,0,-0.036640517,0
PAT_3965,reading,LM,ag3,\\nasac-m2.unige.ch\m-HumanNeuronLab\ANALYSIS\FLM\Analysis_LoraFanda\01_FBM_Analysis\outputs\04_ersp_LM_RAWONLY\PAT_3965\LM\ERSP_matrix\reading\PAT_3965_reading_WM_ERSP_ag3_TN.npy,0.0108268733850129,0.0612919896640826,True,1230,1,0.14155273,1
PAT_3965,reading,LM,ag4,\\nasac-m2.unige.ch\m-HumanNeuronLab\ANALYSIS\FLM\Analysis_LoraFanda\01_FBM_Analysis\outputs\04_ersp_LM_RAWONLY\PAT_3965\LM\ERSP_matrix\reading\PAT_3965_reading_WM_ERSP_ag4_TN.npy,0.0046770025839793,0.1303617571059431,True,1231,1,0.28208932,1
PAT_3965,reading,LM,ag5,\\nasac-m2.unige.ch\m-HumanNeuronLab\ANALYSIS\FLM\Analysis_LoraFanda\01_FBM_Analysis\outputs\04_ersp_LM_RAWONLY\PAT_3965\LM\ERSP_matrix\reading\PAT_3965_reading_WM_ERSP_ag5_TN.npy,0.0043669250645994,0.1695090439276485,True,1232,1,0.31122804,1
PAT_3965,reading,LM,ag6,\\nasac-m2.unige.ch\m-HumanNeuronLab\ANALYSIS\FLM\Analysis_LoraFanda\01_FBM_Analysis\outputs\04_ersp_LM_RAWONLY\PAT_3965\LM\ERSP_matrix\reading\PAT_3965_reading_WM_ERSP_ag6_TN.npy,0.0028682170542635,0.1971317829457364,True,1233,1,0.3246225,1
PAT_3965,reading,LM,ag7,\\nasac-m2.unige.ch\m-HumanNeuronLab\ANALYSIS\FLM\Analysis_LoraFanda\01_FBM_Analysis\outputs\04_ersp_LM_RAWONLY\PAT_3965\LM\ERSP_matrix\reading\PAT_3965_reading_WM_ERSP_ag7_TN.npy,0.0017571059431524,0.204031007751938,True,1234,1,0.31141612,1
PAT_3965,reading,LM,ag8,\\nasac-m2.unige.ch\m-HumanNeuronLab\ANALYSIS\FLM\Analysis_LoraFanda\01_FBM_Analysis\outputs\04_ersp_LM_RAWONLY\PAT_3965\LM\ERSP_matrix\reading\PAT_3965_reading_WM_ERSP_ag8_TN.npy,0.0029457364341085,0.2215503875968992,True,1235,1,0.27342463,1
PAT_3965,reading,LM,ag9,\\nasac-m2.unige.ch\m-HumanNeuronLab\ANALYSIS\FLM\Analysis_LoraFanda\01_FBM_Analysis\outputs\04_ersp_LM_RAWONLY\PAT_3965\LM\ERSP_matrix\reading\PAT_3965_reading_WM_ERSP_ag9_TN.npy,0.0023514211886304,0.2298191214470284,True,1236,1,0.2541606,1
PAT_3965,reading,LM,cad12,\\nasac-m2.unige.ch\m-HumanNeuronLab\ANALYSIS\FLM\Analysis_LoraFanda\01_FBM_Analysis\outputs\04_ersp_LM_RAWONLY\PAT_3965\LM\ERSP_matrix\reading\PAT_3965_reading_WM_ERSP_cad12_TN.npy,0.0018863049095607,0.0406201550387596,True,1237,1,0.082131155,1
PAT_3965,reading,LM,had10,\\nasac-m2.unige.ch\m-HumanNeuronLab\ANALYSIS\FLM\Analysis_LoraFanda\01_FBM_Analysis\outputs\04_ersp_LM_RAWONLY\PAT_3965\LM\ERSP_matrix\reading\PAT_3965_reading_WM_ERSP_had10_TN.npy,0.0137984496124031,0.251343669250646,True,1238,1,0.26482648,1
PAT_3965,reading,LM,had4,\\nasac-m2.unige.ch\m-HumanNeuronLab\ANALYSIS\FLM\Analysis_LoraFanda\01_FBM_Analysis\outputs\04_ersp_LM_RAWONLY\PAT_3965\LM\ERSP_matrix\reading\PAT_3965_reading_WM_ERSP_had4_TN.npy,0.0058656330749354,0.0541343669250646,True,1239,1,0.1884743,1
PAT_3965,reading,LM,had5,\\nasac-m2.unige.ch\m-HumanNeuronLab\ANALYSIS\FLM\Analysis_LoraFanda\01_FBM_Analysis\outputs\04_ersp_LM_RAWONLY\PAT_3965\LM\ERSP_matrix\reading\PAT_3965_reading_WM_ERSP_had5_TN.npy,0.0055813953488372,0.0886821705426356,True,1240,1,0.23115744,1
PAT_3965,reading,LM,had6,\\nasac-m2.unige.ch\m-HumanNeuronLab\ANALYSIS\FLM\Analysis_LoraFanda\01_FBM_Analysis\outputs\04_ersp_LM_RAWONLY\PAT_3965\LM\ERSP_matrix\reading\PAT_3965_reading_WM_ERSP_had6_TN.npy,0.005891472868217,0.1190956072351421,True,1241,1,0.2519191,1
PAT_3965,reading,LM,had8,\\nasac-m2.unige.ch\m-HumanNeuronLab\ANALYSIS\FLM\Analysis_LoraFanda\01_FBM_Analysis\outputs\04_ersp_LM_RAWONLY\PAT_3965\LM\ERSP_matrix\reading\PAT_3965_reading_WM_ERSP_had8_TN.npy,0.0082170542635658,0.1940826873385013,True,1242,1,0.2549419,1
PAT_3965,reading,LM,had9,\\nasac-m2.unige.ch\m-HumanNeuronLab\ANALYSIS\FLM\Analysis_LoraFanda\01_FBM_Analysis\outputs\04_ersp_LM_RAWONLY\PAT_3965\LM\ERSP_matrix\reading\PAT_3965_reading_WM_ERSP_had9_TN.npy,0.0136692506459948,0.2173643410852713,True,1243,1,0.25246462,1
PAT_3965,reading,LM,hag10,\\nasac-m2.unige.ch\m-HumanNeuronLab\ANALYSIS\FLM\Analysis_LoraFanda\01_FBM_Analysis\outputs\04_ersp_LM_RAWONLY\PAT_3965\LM\ERSP_matrix\reading\PAT_3965_reading_WM_ERSP_hag10_TN.npy,0.0041602067183462,0.1201550387596899,True,1244,1,0.1370861,1
PAT_3965,reading,LM,hag2,\\nasac-m2.unige.ch\m-HumanNeuronLab\ANALYSIS\FLM\Analysis_LoraFanda\01_FBM_Analysis\outputs\04_ersp_LM_RAWONLY\PAT_3965\LM\ERSP_matrix\reading\PAT_3965_reading_WM_ERSP_hag2_TN.npy,0.0094573643410852,0.0585271317829457,True,1245,1,0.17926937,1
PAT_3965,reading,LM,hag3,\\nasac-m2.unige.ch\m-HumanNeuronLab\ANALYSIS\FLM\Analysis_LoraFanda\01_FBM_Analysis\outputs\04_ersp_LM_RAWONLY\PAT_3965\LM\ERSP_matrix\reading\PAT_3965_reading_WM_ERSP_hag3_TN.npy,0.0074418604651162,0.0792248062015503,True,1246,1,0.21186775,1
PAT_3965,reading,LM,hag4,\\nasac-m2.unige.ch\m-HumanNeuronLab\ANALYSIS\FLM\Analysis_LoraFanda\01_FBM_Analysis\outputs\04_ersp_LM_RAWONLY\PAT_3965\LM\ERSP_matrix\reading\PAT_3965_reading_WM_ERSP_hag4_TN.npy,0.0047028423772609,0.0747286821705426,True,1247,1,0.20420311,1
PAT_3965,reading,LM,hag5,\\nasac-m2.unige.ch\m-HumanNeuronLab\ANALYSIS\FLM\Analysis_LoraFanda\01_FBM_Analysis\outputs\04_ersp_LM_RAWONLY\PAT_3965\LM\ERSP_matrix\reading\PAT_3965_reading_WM_ERSP_hag5_TN.npy,0.0014211886304909,0.1181395348837209,True,1248,1,0.26562688,1
PAT_3965,reading,LM,hag6,\\nasac-m2.unige.ch\m-HumanNeuronLab\ANALYSIS\FLM\Analysis_LoraFanda\01_FBM_Analysis\outputs\04_ersp_LM_RAWONLY\PAT_3965\LM\ERSP_matrix\reading\PAT_3965_reading_WM_ERSP_hag6_TN.npy,0.0021963824289405,0.1134366925064599,True,1249,1,0.25368708,1
PAT_3965,reading,LM,hag8,\\nasac-m2.unige.ch\m-HumanNeuronLab\ANALYSIS\FLM\Analysis_LoraFanda\01_FBM_Analysis\outputs\04_ersp_LM_RAWONLY\PAT_3965\LM\ERSP_matrix\reading\PAT_3965_reading_WM_ERSP_hag8_TN.npy,0.0018863049095607,0.1186304909560723,True,1250,1,0.2100418,1
PAT_3965,reading,LM,hag9,\\nasac-m2.unige.ch\m-HumanNeuronLab\ANALYSIS\FLM\Analysis_LoraFanda\01_FBM_Analysis\outputs\04_ersp_LM_RAWONLY\PAT_3965\LM\ERSP_matrix\reading\PAT_3965_reading_WM_ERSP_hag9_TN.npy,0.0028682170542635,0.1249354005167958,True,1251,1,0.18305583,1
PAT_3965,reading,LM,iag1,\\nasac-m2.unige.ch\m-HumanNeuronLab\ANALYSIS\FLM\Analysis_LoraFanda\01_FBM_Analysis\outputs\04_ersp_LM_RAWONLY\PAT_3965\LM\ERSP_matrix\reading\PAT_3965_reading_WM_ERSP_iag1_TN.npy,0.0036175710594315,0.0519121447028423,True,1252,1,0.042644057,1
PAT_3975,audio,LM,CPD15,\\nasac-m2.unige.ch\m-HumanNeuronLab\ANALYSIS\FLM\Analysis_LoraFanda\01_FBM_Analysis\outputs\04_ersp_LM_RAWONLY\PAT_3975\LM\ERSP_matrix\audio\PAT_3975_audio_WM_ERSP_CPD15_TN.npy,0.0050129198966408,0.0528940568475452,True,1253,0,0.068955354,0
PAT_3975,audio,LM,FOG15,\\nasac-m2.unige.ch\m-HumanNeuronLab\ANALYSIS\FLM\Analysis_LoraFanda\01_FBM_Analysis\outputs\04_ersp_LM_RAWONLY\PAT_3975\LM\ERSP_matrix\audio\PAT_3975_audio_WM_ERSP_FOG15_TN.npy,0.0176744186046511,0.0503359173126615,True,1254,0,0.023613745,0
PAT_3975,audio,LM,IMD10,\\nasac-m2.unige.ch\m-HumanNeuronLab\ANALYSIS\FLM\Analysis_LoraFanda\01_FBM_Analysis\outputs\04_ersp_LM_RAWONLY\PAT_3975\LM\ERSP_matrix\audio\PAT_3975_audio_WM_ERSP_IMD10_TN.npy,0.0775968992248062,0.0022997416020671,True,1255,11,-0.028841529,11
PAT_3975,audio,LM,IMD11,\\nasac-m2.unige.ch\m-HumanNeuronLab\ANALYSIS\FLM\Analysis_LoraFanda\01_FBM_Analysis\outputs\04_ersp_LM_RAWONLY\PAT_3975\LM\ERSP_matrix\audio\PAT_3975_audio_WM_ERSP_IMD11_TN.npy,0.0791989664082687,0.0018087855297157,True,1256,11,-0.027656712,11
PAT_3975,audio,LM,IMD9,\\nasac-m2.unige.ch\m-HumanNeuronLab\ANALYSIS\FLM\Analysis_LoraFanda\01_FBM_Analysis\outputs\04_ersp_LM_RAWONLY\PAT_3975\LM\ERSP_matrix\audio\PAT_3975_audio_WM_ERSP_IMD9_TN.npy,0.0297674418604651,0.0009819121447028,True,1257,11,-0.002154843,11
PAT_3975,audio,LM,TPD1,\\nasac-m2.unige.ch\m-HumanNeuronLab\ANALYSIS\FLM\Analysis_LoraFanda\01_FBM_Analysis\outputs\04_ersp_LM_RAWONLY\PAT_3975\LM\ERSP_matrix\audio\PAT_3975_audio_WM_ERSP_TPD1_TN.npy,0.0336175710594315,0.0065116279069767,True,1258,0,-0.19694628,0
PAT_3975,picture,LM,AD1,\\nasac-m2.unige.ch\m-HumanNeuronLab\ANALYSIS\FLM\Analysis_LoraFanda\01_FBM_Analysis\outputs\04_ersp_LM_RAWONLY\PAT_3975\LM\ERSP_matrix\picture\PAT_3975_picture_WM_ERSP_AD1_TN.npy,0.0364599483204134,0.0081912144702842,True,1259,6,0.10123834,6
PAT_3975,picture,LM,AD2,\\nasac-m2.unige.ch\m-HumanNeuronLab\ANALYSIS\FLM\Analysis_LoraFanda\01_FBM_Analysis\outputs\04_ersp_LM_RAWONLY\PAT_3975\LM\ERSP_matrix\picture\PAT_3975_picture_WM_ERSP_AD2_TN.npy,0.0510335917312661,0.0045219638242894,True,1260,6,0.043305658,6
PAT_3975,picture,LM,AD3,\\nasac-m2.unige.ch\m-HumanNeuronLab\ANALYSIS\FLM\Analysis_LoraFanda\01_FBM_Analysis\outputs\04_ersp_LM_RAWONLY\PAT_3975\LM\ERSP_matrix\picture\PAT_3975_picture_WM_ERSP_AD3_TN.npy,0.0460723514211886,0.001860465116279,True,1261,6,0.03571875,6
PAT_3975,picture,LM,AD4,\\nasac-m2.unige.ch\m-HumanNeuronLab\ANALYSIS\FLM\Analysis_LoraFanda\01_FBM_Analysis\outputs\04_ersp_LM_RAWONLY\PAT_3975\LM\ERSP_matrix\picture\PAT_3975_picture_WM_ERSP_AD4_TN.npy,0.0329457364341085,0.0042635658914728,True,1262,6,0.09049297,6
PAT_3975,picture,LM,AD5,\\nasac-m2.unige.ch\m-HumanNeuronLab\ANALYSIS\FLM\Analysis_LoraFanda\01_FBM_Analysis\outputs\04_ersp_LM_RAWONLY\PAT_3975\LM\ERSP_matrix\picture\PAT_3975_picture_WM_ERSP_AD5_TN.npy,0.0407235142118863,0.0059173126614987,True,1263,6,0.09905568,6
PAT_3975,picture,LM,AD6,\\nasac-m2.unige.ch\m-HumanNeuronLab\ANALYSIS\FLM\Analysis_LoraFanda\01_FBM_Analysis\outputs\04_ersp_LM_RAWONLY\PAT_3975\LM\ERSP_matrix\picture\PAT_3975_picture_WM_ERSP_AD6_TN.npy,0.0346770025839793,0.0082170542635658,True,1264,6,0.044633955,6
PAT_3975,picture,LM,CPD15,\\nasac-m2.unige.ch\m-HumanNeuronLab\ANALYSIS\FLM\Analysis_LoraFanda\01_FBM_Analysis\outputs\04_ersp_LM_RAWONLY\PAT_3975\LM\ERSP_matrix\picture\PAT_3975_picture_WM_ERSP_CPD15_TN.npy,0.0347028423772609,0.0075452196382428,True,1265,7,-0.099562734,7
PAT_3975,picture,LM,FOD1,\\nasac-m2.unige.ch\m-HumanNeuronLab\ANALYSIS\FLM\Analysis_LoraFanda\01_FBM_Analysis\outputs\04_ersp_LM_RAWONLY\PAT_3975\LM\ERSP_matrix\picture\PAT_3975_picture_WM_ERSP_FOD1_TN.npy,0.0314728682170542,0.0031007751937984,True,1266,6,0.012179819,6
PAT_3975,picture,LM,FOD2,\\nasac-m2.unige.ch\m-HumanNeuronLab\ANALYSIS\FLM\Analysis_LoraFanda\01_FBM_Analysis\outputs\04_ersp_LM_RAWONLY\PAT_3975\LM\ERSP_matrix\picture\PAT_3975_picture_WM_ERSP_FOD2_TN.npy,0.0261240310077519,0.0039018087855297,True,1267,6,0.017586842,6
PAT_3975,picture,LM,FOG14,\\nasac-m2.unige.ch\m-HumanNeuronLab\ANALYSIS\FLM\Analysis_LoraFanda\01_FBM_Analysis\outputs\04_ersp_LM_RAWONLY\PAT_3975\LM\ERSP_matrix\picture\PAT_3975_picture_WM_ERSP_FOG14_TN.npy,0.0103100775193798,0.0568733850129199,True,1268,0,-0.07676942,0
PAT_3975,picture,LM,FOG15,\\nasac-m2.unige.ch\m-HumanNeuronLab\ANALYSIS\FLM\Analysis_LoraFanda\01_FBM_Analysis\outputs\04_ersp_LM_RAWONLY\PAT_3975\LM\ERSP_matrix\picture\PAT_3975_picture_WM_ERSP_FOG15_TN.npy,0.0140826873385012,0.0901550387596899,True,1269,0,-0.041625164,0
PAT_3975,picture,LM,HAD12,\\nasac-m2.unige.ch\m-HumanNeuronLab\ANALYSIS\FLM\Analysis_LoraFanda\01_FBM_Analysis\outputs\04_ersp_LM_RAWONLY\PAT_3975\LM\ERSP_matrix\picture\PAT_3975_picture_WM_ERSP_HAD12_TN.npy,0.024470284237726,0.007157622739018,True,1270,7,0.091782674,7
PAT_3975,picture,LM,HAD1,\\nasac-m2.unige.ch\m-HumanNeuronLab\ANALYSIS\FLM\Analysis_LoraFanda\01_FBM_Analysis\outputs\04_ersp_LM_RAWONLY\PAT_3975\LM\ERSP_matrix\picture\PAT_3975_picture_WM_ERSP_HAD1_TN.npy,0.117157622739018,0.0063049095607235,True,1271,6,0.0021439278,6
PAT_3975,picture,LM,HAD2,\\nasac-m2.unige.ch\m-HumanNeuronLab\ANALYSIS\FLM\Analysis_LoraFanda\01_FBM_Analysis\outputs\04_ersp_LM_RAWONLY\PAT_3975\LM\ERSP_matrix\picture\PAT_3975_picture_WM_ERSP_HAD2_TN.npy,0.1311369509043927,0.0035917312661498,True,1272,6,-0.006313568,6
PAT_3975,picture,LM,HAD3,\\nasac-m2.unige.ch\m-HumanNeuronLab\ANALYSIS\FLM\Analysis_LoraFanda\01_FBM_Analysis\outputs\04_ersp_LM_RAWONLY\PAT_3975\LM\ERSP_matrix\picture\PAT_3975_picture_WM_ERSP_HAD3_TN.npy,0.0992764857881137,0.0035658914728682,True,1273,6,0.01169093,6
PAT_3975,picture,LM,HAD4,\\nasac-m2.unige.ch\m-HumanNeuronLab\ANALYSIS\FLM\Analysis_LoraFanda\01_FBM_Analysis\outputs\04_ersp_LM_RAWONLY\PAT_3975\LM\ERSP_matrix\picture\PAT_3975_picture_WM_ERSP_HAD4_TN.npy,0.0681395348837209,0.0024806201550387,True,1274,6,0.05811255,6
PAT_3975,picture,LM,HAD5,\\nasac-m2.unige.ch\m-HumanNeuronLab\ANALYSIS\FLM\Analysis_LoraFanda\01_FBM_Analysis\outputs\04_ersp_LM_RAWONLY\PAT_3975\LM\ERSP_matrix\picture\PAT_3975_picture_WM_ERSP_HAD5_TN.npy,0.0302325581395348,0.0044444444444444,True,1275,6,0.08775103,6
PAT_3975,picture,LM,IMD10,\\nasac-m2.unige.ch\m-HumanNeuronLab\ANALYSIS\FLM\Analysis_LoraFanda\01_FBM_Analysis\outputs\04_ersp_LM_RAWONLY\PAT_3975\LM\ERSP_matrix\picture\PAT_3975_picture_WM_ERSP_IMD10_TN.npy,0.1094832041343669,0.007829457364341,True,1276,11,0.08586046,11
PAT_3975,picture,LM,IMD11,\\nasac-m2.unige.ch\m-HumanNeuronLab\ANALYSIS\FLM\Analysis_LoraFanda\01_FBM_Analysis\outputs\04_ersp_LM_RAWONLY\PAT_3975\LM\ERSP_matrix\picture\PAT_3975_picture_WM_ERSP_IMD11_TN.npy,0.1206459948320413,0.0101808785529715,True,1277,11,0.08562695,11
PAT_3975,picture,LM,IMD9,\\nasac-m2.unige.ch\m-HumanNeuronLab\ANALYSIS\FLM\Analysis_LoraFanda\01_FBM_Analysis\outputs\04_ersp_LM_RAWONLY\PAT_3975\LM\ERSP_matrix\picture\PAT_3975_picture_WM_ERSP_IMD9_TN.npy,0.043204134366925,0.0053746770025839,True,1278,11,0.13415027,11
PAT_3975,picture,LM,PHD1,\\nasac-m2.unige.ch\m-HumanNeuronLab\ANALYSIS\FLM\Analysis_LoraFanda\01_FBM_Analysis\outputs\04_ersp_LM_RAWONLY\PAT_3975\LM\ERSP_matrix\picture\PAT_3975_picture_WM_ERSP_PHD1_TN.npy,0.0811369509043927,0.0017829457364341,True,1279,6,0.031388134,6
PAT_3975,picture,LM,PHD2,\\nasac-m2.unige.ch\m-HumanNeuronLab\ANALYSIS\FLM\Analysis_LoraFanda\01_FBM_Analysis\outputs\04_ersp_LM_RAWONLY\PAT_3975\LM\ERSP_matrix\picture\PAT_3975_picture_WM_ERSP_PHD2_TN.npy,0.0919896640826873,0.0027648578811369,True,1280,6,0.01106202,6
PAT_3975,picture,LM,PHD3,\\nasac-m2.unige.ch\m-HumanNeuronLab\ANALYSIS\FLM\Analysis_LoraFanda\01_FBM_Analysis\outputs\04_ersp_LM_RAWONLY\PAT_3975\LM\ERSP_matrix\picture\PAT_3975_picture_WM_ERSP_PHD3_TN.npy,0.0562015503875969,0.0037984496124031,True,1281,6,0.047249097,6
PAT_3975,picture,LM,PHD4,\\nasac-m2.unige.ch\m-HumanNeuronLab\ANALYSIS\FLM\Analysis_LoraFanda\01_FBM_Analysis\outputs\04_ersp_LM_RAWONLY\PAT_3975\LM\ERSP_matrix\picture\PAT_3975_picture_WM_ERSP_PHD4_TN.npy,0.057235142118863,0.0047286821705426,True,1282,6,0.036630414,6
PAT_3975,picture,LM,PHD5,\\nasac-m2.unige.ch\m-HumanNeuronLab\ANALYSIS\FLM\Analysis_LoraFanda\01_FBM_Analysis\outputs\04_ersp_LM_RAWONLY\PAT_3975\LM\ERSP_matrix\picture\PAT_3975_picture_WM_ERSP_PHD5_TN.npy,0.0258656330749354,0.005891472868217,True,1283,6,0.064756185,6
PAT_3975,picture,LM,TPD1,\\nasac-m2.unige.ch\m-HumanNeuronLab\ANALYSIS\FLM\Analysis_LoraFanda\01_FBM_Analysis\outputs\04_ersp_LM_RAWONLY\PAT_3975\LM\ERSP_matrix\picture\PAT_3975_picture_WM_ERSP_TPD1_TN.npy,0.0408268733850129,0.0066149870801033,True,1284,6,0.046704553,6
PAT_3975,picture,LM,TPD3,\\nasac-m2.unige.ch\m-HumanNeuronLab\ANALYSIS\FLM\Analysis_LoraFanda\01_FBM_Analysis\outputs\04_ersp_LM_RAWONLY\PAT_3975\LM\ERSP_matrix\picture\PAT_3975_picture_WM_ERSP_TPD3_TN.npy,0.0284754521963824,0.0120930232558139,True,1285,6,0.027756069,6
PAT_3975,picture,LM,TPG4,\\nasac-m2.unige.ch\m-HumanNeuronLab\ANALYSIS\FLM\Analysis_LoraFanda\01_FBM_Analysis\outputs\04_ersp_LM_RAWONLY\PAT_3975\LM\ERSP_matrix\picture\PAT_3975_picture_WM_ERSP_TPG4_TN.npy,0.0027131782945736,0.0433333333333333,True,1286,0,-0.049718007,0
PAT_3975,picture,LM,TPG5,\\nasac-m2.unige.ch\m-HumanNeuronLab\ANALYSIS\FLM\Analysis_LoraFanda\01_FBM_Analysis\outputs\04_ersp_LM_RAWONLY\PAT_3975\LM\ERSP_matrix\picture\PAT_3975_picture_WM_ERSP_TPG5_TN.npy,0.0020155038759689,0.0520930232558139,True,1287,0,-0.039025746,0
PAT_3975,reading,LM,AD10,\\nasac-m2.unige.ch\m-HumanNeuronLab\ANALYSIS\FLM\Analysis_LoraFanda\01_FBM_Analysis\outputs\04_ersp_LM_RAWONLY\PAT_3975\LM\ERSP_matrix\reading\PAT_3975_reading_WM_ERSP_AD10_TN.npy,0.001188630490956,0.2772868217054263,True,1288,1,0.3526655,1
PAT_3975,reading,LM,AD4,\\nasac-m2.unige.ch\m-HumanNeuronLab\ANALYSIS\FLM\Analysis_LoraFanda\01_FBM_Analysis\outputs\04_ersp_LM_RAWONLY\PAT_3975\LM\ERSP_matrix\reading\PAT_3975_reading_WM_ERSP_AD4_TN.npy,0.0027648578811369,0.057984496124031,True,1289,1,0.14585745,1
PAT_3975,reading,LM,AD5,\\nasac-m2.unige.ch\m-HumanNeuronLab\ANALYSIS\FLM\Analysis_LoraFanda\01_FBM_Analysis\outputs\04_ersp_LM_RAWONLY\PAT_3975\LM\ERSP_matrix\reading\PAT_3975_reading_WM_ERSP_AD5_TN.npy,0.0035917312661498,0.1135658914728682,True,1290,1,0.25471222,1
PAT_3975,reading,LM,AD6,\\nasac-m2.unige.ch\m-HumanNeuronLab\ANALYSIS\FLM\Analysis_LoraFanda\01_FBM_Analysis\outputs\04_ersp_LM_RAWONLY\PAT_3975\LM\ERSP_matrix\reading\PAT_3975_reading_WM_ERSP_AD6_TN.npy,0.0010852713178294,0.2033333333333333,True,1291,1,0.30239415,1
PAT_3975,reading,LM,AD8,\\nasac-m2.unige.ch\m-HumanNeuronLab\ANALYSIS\FLM\Analysis_LoraFanda\01_FBM_Analysis\outputs\04_ersp_LM_RAWONLY\PAT_3975\LM\ERSP_matrix\reading\PAT_3975_reading_WM_ERSP_AD8_TN.npy,0.0020671834625322,0.2445736434108527,True,1292,1,0.34976473,1
PAT_3975,reading,LM,AD9,\\nasac-m2.unige.ch\m-HumanNeuronLab\ANALYSIS\FLM\Analysis_LoraFanda\01_FBM_Analysis\outputs\04_ersp_LM_RAWONLY\PAT_3975\LM\ERSP_matrix\reading\PAT_3975_reading_WM_ERSP_AD9_TN.npy,0.0012919896640826,0.2516537467700258,True,1293,1,0.35788658,1
PAT_3975,reading,LM,AG10,\\nasac-m2.unige.ch\m-HumanNeuronLab\ANALYSIS\FLM\Analysis_LoraFanda\01_FBM_Analysis\outputs\04_ersp_LM_RAWONLY\PAT_3975\LM\ERSP_matrix\reading\PAT_3975_reading_WM_ERSP_AG10_TN.npy,0.003204134366925,0.31671834625323,True,1294,1,0.3778367,1
PAT_3975,reading,LM,AG11,\\nasac-m2.unige.ch\m-HumanNeuronLab\ANALYSIS\FLM\Analysis_LoraFanda\01_FBM_Analysis\outputs\04_ersp_LM_RAWONLY\PAT_3975\LM\ERSP_matrix\reading\PAT_3975_reading_WM_ERSP_AG11_TN.npy,0.0054005167958656,0.3070025839793281,True,1295,1,0.38124758,1
PAT_3975,reading,LM,AG12,\\nasac-m2.unige.ch\m-HumanNeuronLab\ANALYSIS\FLM\Analysis_LoraFanda\01_FBM_Analysis\outputs\04_ersp_LM_RAWONLY\PAT_3975\LM\ERSP_matrix\reading\PAT_3975_reading_WM_ERSP_AG12_TN.npy,0.0059431524547803,0.3135142118863049,True,1296,1,0.36966255,1
PAT_3975,reading,LM,AG1,\\nasac-m2.unige.ch\m-HumanNeuronLab\ANALYSIS\FLM\Analysis_LoraFanda\01_FBM_Analysis\outputs\04_ersp_LM_RAWONLY\PAT_3975\LM\ERSP_matrix\reading\PAT_3975_reading_WM_ERSP_AG1_TN.npy,0.0011369509043927,0.0791472868217054,True,1297,1,0.25787547,1
PAT_3975,reading,LM,AG2,\\nasac-m2.unige.ch\m-HumanNeuronLab\ANALYSIS\FLM\Analysis_LoraFanda\01_FBM_Analysis\outputs\04_ersp_LM_RAWONLY\PAT_3975\LM\ERSP_matrix\reading\PAT_3975_reading_WM_ERSP_AG2_TN.npy,0.0009043927648578,0.0875452196382429,True,1298,1,0.27103034,1
PAT_3975,reading,LM,AG3,\\nasac-m2.unige.ch\m-HumanNeuronLab\ANALYSIS\FLM\Analysis_LoraFanda\01_FBM_Analysis\outputs\04_ersp_LM_RAWONLY\PAT_3975\LM\ERSP_matrix\reading\PAT_3975_reading_WM_ERSP_AG3_TN.npy,0.0031524547803617,0.0922480620155038,True,1299,1,0.28889516,1
PAT_3975,reading,LM,AG4,\\nasac-m2.unige.ch\m-HumanNeuronLab\ANALYSIS\FLM\Analysis_LoraFanda\01_FBM_Analysis\outputs\04_ersp_LM_RAWONLY\PAT_3975\LM\ERSP_matrix\reading\PAT_3975_reading_WM_ERSP_AG4_TN.npy,0.0020930232558139,0.1414728682170542,True,1300,1,0.33467224,1
PAT_3975,reading,LM,AG5,\\nasac-m2.unige.ch\m-HumanNeuronLab\ANALYSIS\FLM\Analysis_LoraFanda\01_FBM_Analysis\outputs\04_ersp_LM_RAWONLY\PAT_3975\LM\ERSP_matrix\reading\PAT_3975_reading_WM_ERSP_AG5_TN.npy,0.0025064599483204,0.2027906976744186,True,1301,1,0.35453427,1
PAT_3975,reading,LM,AG7,\\nasac-m2.unige.ch\m-HumanNeuronLab\ANALYSIS\FLM\Analysis_LoraFanda\01_FBM_Analysis\outputs\04_ersp_LM_RAWONLY\PAT_3975\LM\ERSP_matrix\reading\PAT_3975_reading_WM_ERSP_AG7_TN.npy,0.0050904392764857,0.2655813953488372,True,1302,1,0.37529033,1
PAT_3975,reading,LM,AG8,\\nasac-m2.unige.ch\m-HumanNeuronLab\ANALYSIS\FLM\Analysis_LoraFanda\01_FBM_Analysis\outputs\04_ersp_LM_RAWONLY\PAT_3975\LM\ERSP_matrix\reading\PAT_3975_reading_WM_ERSP_AG8_TN.npy,0.0033074935400516,0.3199483204134367,True,1303,1,0.37462214,1
PAT_3975,reading,LM,AG9,\\nasac-m2.unige.ch\m-HumanNeuronLab\ANALYSIS\FLM\Analysis_LoraFanda\01_FBM_Analysis\outputs\04_ersp_LM_RAWONLY\PAT_3975\LM\ERSP_matrix\reading\PAT_3975_reading_WM_ERSP_AG9_TN.npy,0.003953488372093,0.3308527131782945,True,1304,1,0.37463307,1
PAT_3975,reading,LM,CPD10,\\nasac-m2.unige.ch\m-HumanNeuronLab\ANALYSIS\FLM\Analysis_LoraFanda\01_FBM_Analysis\outputs\04_ersp_LM_RAWONLY\PAT_3975\LM\ERSP_matrix\reading\PAT_3975_reading_WM_ERSP_CPD10_TN.npy,0.0059431524547803,0.0509819121447028,True,1305,1,0.2623212,1
PAT_3975,reading,LM,CPD11,\\nasac-m2.unige.ch\m-HumanNeuronLab\ANALYSIS\FLM\Analysis_LoraFanda\01_FBM_Analysis\outputs\04_ersp_LM_RAWONLY\PAT_3975\LM\ERSP_matrix\reading\PAT_3975_reading_WM_ERSP_CPD11_TN.npy,0.0095607235142118,0.0418863049095607,True,1306,1,0.23597918,1
PAT_3975,reading,LM,CPD13,\\nasac-m2.unige.ch\m-HumanNeuronLab\ANALYSIS\FLM\Analysis_LoraFanda\01_FBM_Analysis\outputs\04_ersp_LM_RAWONLY\PAT_3975\LM\ERSP_matrix\reading\PAT_3975_reading_WM_ERSP_CPD13_TN.npy,0.0078552971576227,0.0724547803617571,True,1307,1,0.24995121,1
PAT_3975,reading,LM,CPD14,\\nasac-m2.unige.ch\m-HumanNeuronLab\ANALYSIS\FLM\Analysis_LoraFanda\01_FBM_Analysis\outputs\04_ersp_LM_RAWONLY\PAT_3975\LM\ERSP_matrix\reading\PAT_3975_reading_WM_ERSP_CPD14_TN.npy,0.0018087855297157,0.1787080103359173,True,1308,1,0.33876163,1
PAT_3975,reading,LM,CPD15,\\nasac-m2.unige.ch\m-HumanNeuronLab\ANALYSIS\FLM\Analysis_LoraFanda\01_FBM_Analysis\outputs\04_ersp_LM_RAWONLY\PAT_3975\LM\ERSP_matrix\reading\PAT_3975_reading_WM_ERSP_CPD15_TN.npy,0.0020671834625322,0.3773901808785529,True,1309,1,0.29208267,1
PAT_3975,reading,LM,CPD9,\\nasac-m2.unige.ch\m-HumanNeuronLab\ANALYSIS\FLM\Analysis_LoraFanda\01_FBM_Analysis\outputs\04_ersp_LM_RAWONLY\PAT_3975\LM\ERSP_matrix\reading\PAT_3975_reading_WM_ERSP_CPD9_TN.npy,0.0062532299741602,0.055219638242894,True,1310,1,0.27195102,1
PAT_3975,reading,LM,CPG15,\\nasac-m2.unige.ch\m-HumanNeuronLab\ANALYSIS\FLM\Analysis_LoraFanda\01_FBM_Analysis\outputs\04_ersp_LM_RAWONLY\PAT_3975\LM\ERSP_matrix\reading\PAT_3975_reading_WM_ERSP_CPG15_TN.npy,0.001937984496124,0.0465374677002584,True,1311,1,0.12523845,1
PAT_3975,reading,LM,FOD10,\\nasac-m2.unige.ch\m-HumanNeuronLab\ANALYSIS\FLM\Analysis_LoraFanda\01_FBM_Analysis\outputs\04_ersp_LM_RAWONLY\PAT_3975\LM\ERSP_matrix\reading\PAT_3975_reading_WM_ERSP_FOD10_TN.npy,0.0100516795865633,0.1208527131782945,True,1312,1,0.3115279,1
PAT_3975,reading,LM,FOD15,\\nasac-m2.unige.ch\m-HumanNeuronLab\ANALYSIS\FLM\Analysis_LoraFanda\01_FBM_Analysis\outputs\04_ersp_LM_RAWONLY\PAT_3975\LM\ERSP_matrix\reading\PAT_3975_reading_WM_ERSP_FOD15_TN.npy,0.0163824289405684,0.2268217054263566,True,1313,1,0.32564032,1
PAT_3975,reading,LM,FOD8,\\nasac-m2.unige.ch\m-HumanNeuronLab\ANALYSIS\FLM\Analysis_LoraFanda\01_FBM_Analysis\outputs\04_ersp_LM_RAWONLY\PAT_3975\LM\ERSP_matrix\reading\PAT_3975_reading_WM_ERSP_FOD8_TN.npy,0.0049612403100775,0.0703875968992248,True,1314,1,0.26346588,1
PAT_3975,reading,LM,FOG11,\\nasac-m2.unige.ch\m-HumanNeuronLab\ANALYSIS\FLM\Analysis_LoraFanda\01_FBM_Analysis\outputs\04_ersp_LM_RAWONLY\PAT_3975\LM\ERSP_matrix\reading\PAT_3975_reading_WM_ERSP_FOG11_TN.npy,0.0014987080103359,0.1752713178294573,True,1315,1,0.31819674,1
PAT_3975,reading,LM,FOG12,\\nasac-m2.unige.ch\m-HumanNeuronLab\ANALYSIS\FLM\Analysis_LoraFanda\01_FBM_Analysis\outputs\04_ersp_LM_RAWONLY\PAT_3975\LM\ERSP_matrix\reading\PAT_3975_reading_WM_ERSP_FOG12_TN.npy,0.0025581395348837,0.1426614987080103,True,1316,1,0.30773005,1
PAT_3975,reading,LM,FOG13,\\nasac-m2.unige.ch\m-HumanNeuronLab\ANALYSIS\FLM\Analysis_LoraFanda\01_FBM_Analysis\outputs\04_ersp_LM_RAWONLY\PAT_3975\LM\ERSP_matrix\reading\PAT_3975_reading_WM_ERSP_FOG13_TN.npy,0.000516795865633,0.2627906976744186,True,1317,1,0.3460148,1
PAT_3975,reading,LM,FOG14,\\nasac-m2.unige.ch\m-HumanNeuronLab\ANALYSIS\FLM\Analysis_LoraFanda\01_FBM_Analysis\outputs\04_ersp_LM_RAWONLY\PAT_3975\LM\ERSP_matrix\reading\PAT_3975_reading_WM_ERSP_FOG14_TN.npy,0.0013178294573643,0.5063307493540051,True,1318,1,0.3090127,1
PAT_3975,reading,LM,FOG15,\\nasac-m2.unige.ch\m-HumanNeuronLab\ANALYSIS\FLM\Analysis_LoraFanda\01_FBM_Analysis\outputs\04_ersp_LM_RAWONLY\PAT_3975\LM\ERSP_matrix\reading\PAT_3975_reading_WM_ERSP_FOG15_TN.npy,0.0016795865633074,0.6401808785529716,True,1319,1,0.24574317,1
PAT_3975,reading,LM,FOG3,\\nasac-m2.unige.ch\m-HumanNeuronLab\ANALYSIS\FLM\Analysis_LoraFanda\01_FBM_Analysis\outputs\04_ersp_LM_RAWONLY\PAT_3975\LM\ERSP_matrix\reading\PAT_3975_reading_WM_ERSP_FOG3_TN.npy,0.0013953488372093,0.0474935400516795,True,1320,1,0.23171785,1
PAT_3975,reading,LM,FOG4,\\nasac-m2.unige.ch\m-HumanNeuronLab\ANALYSIS\FLM\Analysis_LoraFanda\01_FBM_Analysis\outputs\04_ersp_LM_RAWONLY\PAT_3975\LM\ERSP_matrix\reading\PAT_3975_reading_WM_ERSP_FOG4_TN.npy,0.0010335917312661,0.0551679586563307,True,1321,1,0.2076487,1
PAT_3975,reading,LM,FOG5,\\nasac-m2.unige.ch\m-HumanNeuronLab\ANALYSIS\FLM\Analysis_LoraFanda\01_FBM_Analysis\outputs\04_ersp_LM_RAWONLY\PAT_3975\LM\ERSP_matrix\reading\PAT_3975_reading_WM_ERSP_FOG5_TN.npy,0.0065374677002583,0.0731782945736434,True,1322,1,0.24888727,1
PAT_3975,reading,LM,FOG6,\\nasac-m2.unige.ch\m-HumanNeuronLab\ANALYSIS\FLM\Analysis_LoraFanda\01_FBM_Analysis\outputs\04_ersp_LM_RAWONLY\PAT_3975\LM\ERSP_matrix\reading\PAT_3975_reading_WM_ERSP_FOG6_TN.npy,0.0020155038759689,0.0861757105943152,True,1323,1,0.27775958,1
PAT_3975,reading,LM,FOG7,\\nasac-m2.unige.ch\m-HumanNeuronLab\ANALYSIS\FLM\Analysis_LoraFanda\01_FBM_Analysis\outputs\04_ersp_LM_RAWONLY\PAT_3975\LM\ERSP_matrix\reading\PAT_3975_reading_WM_ERSP_FOG7_TN.npy,0.0010594315245478,0.0955555555555555,True,1324,1,0.24968264,1
PAT_3975,reading,LM,HAD10,\\nasac-m2.unige.ch\m-HumanNeuronLab\ANALYSIS\FLM\Analysis_LoraFanda\01_FBM_Analysis\outputs\04_ersp_LM_RAWONLY\PAT_3975\LM\ERSP_matrix\reading\PAT_3975_reading_WM_ERSP_HAD10_TN.npy,0.007829457364341,0.1760206718346253,True,1325,1,0.33944866,1
PAT_3975,reading,LM,HAD12,\\nasac-m2.unige.ch\m-HumanNeuronLab\ANALYSIS\FLM\Analysis_LoraFanda\01_FBM_Analysis\outputs\04_ersp_LM_RAWONLY\PAT_3975\LM\ERSP_matrix\reading\PAT_3975_reading_WM_ERSP_HAD12_TN.npy,0.0068475452196382,0.2722997416020671,True,1326,1,0.35909832,1
PAT_3975,reading,LM,HAD1,\\nasac-m2.unige.ch\m-HumanNeuronLab\ANALYSIS\FLM\Analysis_LoraFanda\01_FBM_Analysis\outputs\04_ersp_LM_RAWONLY\PAT_3975\LM\ERSP_matrix\reading\PAT_3975_reading_WM_ERSP_HAD1_TN.npy,0.0280878552971576,0.0163307493540051,True,1327,6,0.04072702,6
PAT_3975,reading,LM,HAD2,\\nasac-m2.unige.ch\m-HumanNeuronLab\ANALYSIS\FLM\Analysis_LoraFanda\01_FBM_Analysis\outputs\04_ersp_LM_RAWONLY\PAT_3975\LM\ERSP_matrix\reading\PAT_3975_reading_WM_ERSP_HAD2_TN.npy,0.0306718346253229,0.0330490956072351,True,1328,6,0.037283372,6
PAT_3975,reading,LM,HAD3,\\nasac-m2.unige.ch\m-HumanNeuronLab\ANALYSIS\FLM\Analysis_LoraFanda\01_FBM_Analysis\outputs\04_ersp_LM_RAWONLY\PAT_3975\LM\ERSP_matrix\reading\PAT_3975_reading_WM_ERSP_HAD3_TN.npy,0.0263565891472868,0.0333591731266149,True,1329,6,0.03451968,6
PAT_3975,reading,LM,HAD4,\\nasac-m2.unige.ch\m-HumanNeuronLab\ANALYSIS\FLM\Analysis_LoraFanda\01_FBM_Analysis\outputs\04_ersp_LM_RAWONLY\PAT_3975\LM\ERSP_matrix\reading\PAT_3975_reading_WM_ERSP_HAD4_TN.npy,0.0130490956072351,0.0750904392764857,True,1330,1,0.11943501,1
PAT_3975,reading,LM,HAD5,\\nasac-m2.unige.ch\m-HumanNeuronLab\ANALYSIS\FLM\Analysis_LoraFanda\01_FBM_Analysis\outputs\04_ersp_LM_RAWONLY\PAT_3975\LM\ERSP_matrix\reading\PAT_3975_reading_WM_ERSP_HAD5_TN.npy,0.0028940568475452,0.1130232558139534,True,1331,1,0.2553244,1
PAT_3975,reading,LM,HAD6,\\nasac-m2.unige.ch\m-HumanNeuronLab\ANALYSIS\FLM\Analysis_LoraFanda\01_FBM_Analysis\outputs\04_ersp_LM_RAWONLY\PAT_3975\LM\ERSP_matrix\reading\PAT_3975_reading_WM_ERSP_HAD6_TN.npy,0.0091472868217054,0.1658656330749354,True,1332,1,0.3212002,1
PAT_3975,reading,LM,HAD7,\\nasac-m2.unige.ch\m-HumanNeuronLab\ANALYSIS\FLM\Analysis_LoraFanda\01_FBM_Analysis\outputs\04_ersp_LM_RAWONLY\PAT_3975\LM\ERSP_matrix\reading\PAT_3975_reading_WM_ERSP_HAD7_TN.npy,0.0040051679586563,0.18656330749354,True,1333,1,0.33866972,1
PAT_3975,reading,LM,HAD8,\\nasac-m2.unige.ch\m-HumanNeuronLab\ANALYSIS\FLM\Analysis_LoraFanda\01_FBM_Analysis\outputs\04_ersp_LM_RAWONLY\PAT_3975\LM\ERSP_matrix\reading\PAT_3975_reading_WM_ERSP_HAD8_TN.npy,0.0048320413436692,0.2105684754521963,True,1334,1,0.3472391,1
PAT_3975,reading,LM,HAD9,\\nasac-m2.unige.ch\m-HumanNeuronLab\ANALYSIS\FLM\Analysis_LoraFanda\01_FBM_Analysis\outputs\04_ersp_LM_RAWONLY\PAT_3975\LM\ERSP_matrix\reading\PAT_3975_reading_WM_ERSP_HAD9_TN.npy,0.0041085271317829,0.1882170542635658,True,1335,1,0.34664667,1
PAT_3975,reading,LM,HAG1,\\nasac-m2.unige.ch\m-HumanNeuronLab\ANALYSIS\FLM\Analysis_LoraFanda\01_FBM_Analysis\outputs\04_ersp_LM_RAWONLY\PAT_3975\LM\ERSP_matrix\reading\PAT_3975_reading_WM_ERSP_HAG1_TN.npy,0.0075710594315245,0.0406976744186046,True,1336,1,0.018289631,1
PAT_3975,reading,LM,HAG3,\\nasac-m2.unige.ch\m-HumanNeuronLab\ANALYSIS\FLM\Analysis_LoraFanda\01_FBM_Analysis\outputs\04_ersp_LM_RAWONLY\PAT_3975\LM\ERSP_matrix\reading\PAT_3975_reading_WM_ERSP_HAG3_TN.npy,0.0021447028423772,0.0422739018087855,True,1337,1,0.03407553,1
PAT_3975,reading,LM,HAG4,\\nasac-m2.unige.ch\m-HumanNeuronLab\ANALYSIS\FLM\Analysis_LoraFanda\01_FBM_Analysis\outputs\04_ersp_LM_RAWONLY\PAT_3975\LM\ERSP_matrix\reading\PAT_3975_reading_WM_ERSP_HAG4_TN.npy,0.0014211886304909,0.1255297157622739,True,1338,1,0.24784763,1
PAT_3975,reading,LM,HAG6,\\nasac-m2.unige.ch\m-HumanNeuronLab\ANALYSIS\FLM\Analysis_LoraFanda\01_FBM_Analysis\outputs\04_ersp_LM_RAWONLY\PAT_3975\LM\ERSP_matrix\reading\PAT_3975_reading_WM_ERSP_HAG6_TN.npy,0.0050645994832041,0.111343669250646,True,1339,1,0.3310186,1
PAT_3975,reading,LM,IAD10,\\nasac-m2.unige.ch\m-HumanNeuronLab\ANALYSIS\FLM\Analysis_LoraFanda\01_FBM_Analysis\outputs\04_ersp_LM_RAWONLY\PAT_3975\LM\ERSP_matrix\reading\PAT_3975_reading_WM_ERSP_IAD10_TN.npy,0.0009302325581395,0.0448578811369509,True,1340,1,0.21737522,1
PAT_3975,reading,LM,IAD12,\\nasac-m2.unige.ch\m-HumanNeuronLab\ANALYSIS\FLM\Analysis_LoraFanda\01_FBM_Analysis\outputs\04_ersp_LM_RAWONLY\PAT_3975\LM\ERSP_matrix\reading\PAT_3975_reading_WM_ERSP_IAD12_TN.npy,0.0010594315245478,0.0436434108527131,True,1341,1,0.18243054,1
PAT_3975,reading,LM,IAD13,\\nasac-m2.unige.ch\m-HumanNeuronLab\ANALYSIS\FLM\Analysis_LoraFanda\01_FBM_Analysis\outputs\04_ersp_LM_RAWONLY\PAT_3975\LM\ERSP_matrix\reading\PAT_3975_reading_WM_ERSP_IAD13_TN.npy,0.00984496124031,0.0670542635658914,True,1342,1,0.28365403,1
PAT_3975,reading,LM,IAD14,\\nasac-m2.unige.ch\m-HumanNeuronLab\ANALYSIS\FLM\Analysis_LoraFanda\01_FBM_Analysis\outputs\04_ersp_LM_RAWONLY\PAT_3975\LM\ERSP_matrix\reading\PAT_3975_reading_WM_ERSP_IAD14_TN.npy,0.0012919896640826,0.0542894056847545,True,1343,1,0.28453463,1
PAT_3975,reading,LM,IAD16,\\nasac-m2.unige.ch\m-HumanNeuronLab\ANALYSIS\FLM\Analysis_LoraFanda\01_FBM_Analysis\outputs\04_ersp_LM_RAWONLY\PAT_3975\LM\ERSP_matrix\reading\PAT_3975_reading_WM_ERSP_IAD16_TN.npy,0.0034108527131782,0.0520671834625323,True,1344,1,0.28648484,1
PAT_3975,reading,LM,IAD17,\\nasac-m2.unige.ch\m-HumanNeuronLab\ANALYSIS\FLM\Analysis_LoraFanda\01_FBM_Analysis\outputs\04_ersp_LM_RAWONLY\PAT_3975\LM\ERSP_matrix\reading\PAT_3975_reading_WM_ERSP_IAD17_TN.npy,0.0069509043927648,0.0790956072351421,True,1345,1,0.3105365,1
PAT_3975,reading,LM,IAD18,\\nasac-m2.unige.ch\m-HumanNeuronLab\ANALYSIS\FLM\Analysis_LoraFanda\01_FBM_Analysis\outputs\04_ersp_LM_RAWONLY\PAT_3975\LM\ERSP_matrix\reading\PAT_3975_reading_WM_ERSP_IAD18_TN.npy,0.011188630490956,0.0704134366925064,True,1346,1,0.2652405,1
PAT_3975,reading,LM,IAD1,\\nasac-m2.unige.ch\m-HumanNeuronLab\ANALYSIS\FLM\Analysis_LoraFanda\01_FBM_Analysis\outputs\04_ersp_LM_RAWONLY\PAT_3975\LM\ERSP_matrix\reading\PAT_3975_reading_WM_ERSP_IAD1_TN.npy,0.0008268733850129,0.1637984496124031,True,1347,1,0.30826974,1
PAT_3975,reading,LM,IAD2,\\nasac-m2.unige.ch\m-HumanNeuronLab\ANALYSIS\FLM\Analysis_LoraFanda\01_FBM_Analysis\outputs\04_ersp_LM_RAWONLY\PAT_3975\LM\ERSP_matrix\reading\PAT_3975_reading_WM_ERSP_IAD2_TN.npy,0.0067183462532299,0.077312661498708,True,1348,1,0.27317014,1
PAT_3975,reading,LM,IAD3,\\nasac-m2.unige.ch\m-HumanNeuronLab\ANALYSIS\FLM\Analysis_LoraFanda\01_FBM_Analysis\outputs\04_ersp_LM_RAWONLY\PAT_3975\LM\ERSP_matrix\reading\PAT_3975_reading_WM_ERSP_IAD3_TN.npy,0.0015245478036175,0.066640826873385,True,1349,1,0.18707134,1
PAT_3975,reading,LM,IAD4,\\nasac-m2.unige.ch\m-HumanNeuronLab\ANALYSIS\FLM\Analysis_LoraFanda\01_FBM_Analysis\outputs\04_ersp_LM_RAWONLY\PAT_3975\LM\ERSP_matrix\reading\PAT_3975_reading_WM_ERSP_IAD4_TN.npy,0.0037726098191214,0.0857364341085271,True,1350,1,0.25045636,1
PAT_3975,reading,LM,IAD5,\\nasac-m2.unige.ch\m-HumanNeuronLab\ANALYSIS\FLM\Analysis_LoraFanda\01_FBM_Analysis\outputs\04_ersp_LM_RAWONLY\PAT_3975\LM\ERSP_matrix\reading\PAT_3975_reading_WM_ERSP_IAD5_TN.npy,0.0103359173126615,0.0460723514211886,True,1351,1,0.12723568,1
PAT_3975,reading,LM,IAD9,\\nasac-m2.unige.ch\m-HumanNeuronLab\ANALYSIS\FLM\Analysis_LoraFanda\01_FBM_Analysis\outputs\04_ersp_LM_RAWONLY\PAT_3975\LM\ERSP_matrix\reading\PAT_3975_reading_WM_ERSP_IAD9_TN.npy,0.0033591731266149,0.0482945736434108,True,1352,1,0.254777,1
PAT_3975,reading,LM,IAG10,\\nasac-m2.unige.ch\m-HumanNeuronLab\ANALYSIS\FLM\Analysis_LoraFanda\01_FBM_Analysis\outputs\04_ersp_LM_RAWONLY\PAT_3975\LM\ERSP_matrix\reading\PAT_3975_reading_WM_ERSP_IAG10_TN.npy,0.0017054263565891,0.0566666666666666,True,1353,1,0.24737376,1
PAT_3975,reading,LM,IAG11,\\nasac-m2.unige.ch\m-HumanNeuronLab\ANALYSIS\FLM\Analysis_LoraFanda\01_FBM_Analysis\outputs\04_ersp_LM_RAWONLY\PAT_3975\LM\ERSP_matrix\reading\PAT_3975_reading_WM_ERSP_IAG11_TN.npy,0.0050645994832041,0.0681136950904392,True,1354,1,0.28580382,1
PAT_3975,reading,LM,IAG12,\\nasac-m2.unige.ch\m-HumanNeuronLab\ANALYSIS\FLM\Analysis_LoraFanda\01_FBM_Analysis\outputs\04_ersp_LM_RAWONLY\PAT_3975\LM\ERSP_matrix\reading\PAT_3975_reading_WM_ERSP_IAG12_TN.npy,0.0023255813953488,0.0550129198966408,True,1355,1,0.25700825,1
PAT_3975,reading,LM,IAG13,\\nasac-m2.unige.ch\m-HumanNeuronLab\ANALYSIS\FLM\Analysis_LoraFanda\01_FBM_Analysis\outputs\04_ersp_LM_RAWONLY\PAT_3975\LM\ERSP_matrix\reading\PAT_3975_reading_WM_ERSP_IAG13_TN.npy,0.0010594315245478,0.0772093023255813,True,1356,1,0.25070557,1
PAT_3975,reading,LM,IAG14,\\nasac-m2.unige.ch\m-HumanNeuronLab\ANALYSIS\FLM\Analysis_LoraFanda\01_FBM_Analysis\outputs\04_ersp_LM_RAWONLY\PAT_3975\LM\ERSP_matrix\reading\PAT_3975_reading_WM_ERSP_IAG14_TN.npy,0.001188630490956,0.0836434108527131,True,1357,1,0.27120572,1
PAT_3975,reading,LM,IAG15,\\nasac-m2.unige.ch\m-HumanNeuronLab\ANALYSIS\FLM\Analysis_LoraFanda\01_FBM_Analysis\outputs\04_ersp_LM_RAWONLY\PAT_3975\LM\ERSP_matrix\reading\PAT_3975_reading_WM_ERSP_IAG15_TN.npy,0.0020671834625322,0.0588888888888888,True,1358,1,0.23419565,1
PAT_3975,reading,LM,IAG17,\\nasac-m2.unige.ch\m-HumanNeuronLab\ANALYSIS\FLM\Analysis_LoraFanda\01_FBM_Analysis\outputs\04_ersp_LM_RAWONLY\PAT_3975\LM\ERSP_matrix\reading\PAT_3975_reading_WM_ERSP_IAG17_TN.npy,0.0016279069767441,0.0413178294573643,True,1359,1,0.26436737,1
PAT_3975,reading,LM,IAG9,\\nasac-m2.unige.ch\m-HumanNeuronLab\ANALYSIS\FLM\Analysis_LoraFanda\01_FBM_Analysis\outputs\04_ersp_LM_RAWONLY\PAT_3975\LM\ERSP_matrix\reading\PAT_3975_reading_WM_ERSP_IAG9_TN.npy,0.0012144702842377,0.0549870801033591,True,1360,1,0.19989346,1
PAT_3975,reading,LM,IMD10,\\nasac-m2.unige.ch\m-HumanNeuronLab\ANALYSIS\FLM\Analysis_LoraFanda\01_FBM_Analysis\outputs\04_ersp_LM_RAWONLY\PAT_3975\LM\ERSP_matrix\reading\PAT_3975_reading_WM_ERSP_IMD10_TN.npy,0.0640568475452196,0.0021188630490956,True,1361,11,-0.0084499195,11
PAT_3975,reading,LM,IMD11,\\nasac-m2.unige.ch\m-HumanNeuronLab\ANALYSIS\FLM\Analysis_LoraFanda\01_FBM_Analysis\outputs\04_ersp_LM_RAWONLY\PAT_3975\LM\ERSP_matrix\reading\PAT_3975_reading_WM_ERSP_IMD11_TN.npy,0.0518087855297157,0.0019121447028423,True,1362,11,0.05001777,11
PAT_3975,reading,LM,IMG18,\\nasac-m2.unige.ch\m-HumanNeuronLab\ANALYSIS\FLM\Analysis_LoraFanda\01_FBM_Analysis\outputs\04_ersp_LM_RAWONLY\PAT_3975\LM\ERSP_matrix\reading\PAT_3975_reading_WM_ERSP_IMG18_TN.npy,0.0032558139534883,0.1023514211886304,True,1363,1,0.23741339,1
PAT_3975,reading,LM,PHD10,\\nasac-m2.unige.ch\m-HumanNeuronLab\ANALYSIS\FLM\Analysis_LoraFanda\01_FBM_Analysis\outputs\04_ersp_LM_RAWONLY\PAT_3975\LM\ERSP_matrix\reading\PAT_3975_reading_WM_ERSP_PHD10_TN.npy,0.0106459948320413,0.1828423772609819,True,1364,1,0.35006198,1
PAT_3975,reading,LM,PHD12,\\nasac-m2.unige.ch\m-HumanNeuronLab\ANALYSIS\FLM\Analysis_LoraFanda\01_FBM_Analysis\outputs\04_ersp_LM_RAWONLY\PAT_3975\LM\ERSP_matrix\reading\PAT_3975_reading_WM_ERSP_PHD12_TN.npy,0.007984496124031,0.2322739018087855,True,1365,1,0.36575454,1
PAT_3975,reading,LM,PHD3,\\nasac-m2.unige.ch\m-HumanNeuronLab\ANALYSIS\FLM\Analysis_LoraFanda\01_FBM_Analysis\outputs\04_ersp_LM_RAWONLY\PAT_3975\LM\ERSP_matrix\reading\PAT_3975_reading_WM_ERSP_PHD3_TN.npy,0.008656330749354,0.0675710594315245,True,1366,1,0.17338605,1
PAT_3975,reading,LM,PHD4,\\nasac-m2.unige.ch\m-HumanNeuronLab\ANALYSIS\FLM\Analysis_LoraFanda\01_FBM_Analysis\outputs\04_ersp_LM_RAWONLY\PAT_3975\LM\ERSP_matrix\reading\PAT_3975_reading_WM_ERSP_PHD4_TN.npy,0.0088113695090439,0.0704392764857881,True,1367,1,0.17269368,1
PAT_3975,reading,LM,PHD6,\\nasac-m2.unige.ch\m-HumanNeuronLab\ANALYSIS\FLM\Analysis_LoraFanda\01_FBM_Analysis\outputs\04_ersp_LM_RAWONLY\PAT_3975\LM\ERSP_matrix\reading\PAT_3975_reading_WM_ERSP_PHD6_TN.npy,0.0056847545219638,0.1443669250645994,True,1368,1,0.3143593,1
PAT_3975,reading,LM,PHD8,\\nasac-m2.unige.ch\m-HumanNeuronLab\ANALYSIS\FLM\Analysis_LoraFanda\01_FBM_Analysis\outputs\04_ersp_LM_RAWONLY\PAT_3975\LM\ERSP_matrix\reading\PAT_3975_reading_WM_ERSP_PHD8_TN.npy,0.0101033591731266,0.1446770025839793,True,1369,1,0.3458713,1
PAT_3975,reading,LM,PHD9,\\nasac-m2.unige.ch\m-HumanNeuronLab\ANALYSIS\FLM\Analysis_LoraFanda\01_FBM_Analysis\outputs\04_ersp_LM_RAWONLY\PAT_3975\LM\ERSP_matrix\reading\PAT_3975_reading_WM_ERSP_PHD9_TN.npy,0.0108010335917312,0.136485788113695,True,1370,1,0.33887228,1
PAT_3975,reading,LM,PHG10,\\nasac-m2.unige.ch\m-HumanNeuronLab\ANALYSIS\FLM\Analysis_LoraFanda\01_FBM_Analysis\outputs\04_ersp_LM_RAWONLY\PAT_3975\LM\ERSP_matrix\reading\PAT_3975_reading_WM_ERSP_PHG10_TN.npy,0.0020671834625322,0.1297157622739018,True,1371,1,0.29991072,1
PAT_3975,reading,LM,PHG11,\\nasac-m2.unige.ch\m-HumanNeuronLab\ANALYSIS\FLM\Analysis_LoraFanda\01_FBM_Analysis\outputs\04_ersp_LM_RAWONLY\PAT_3975\LM\ERSP_matrix\reading\PAT_3975_reading_WM_ERSP_PHG11_TN.npy,0.0049354005167958,0.1050645994832041,True,1372,1,0.3022928,1
PAT_3975,reading,LM,PHG12,\\nasac-m2.unige.ch\m-HumanNeuronLab\ANALYSIS\FLM\Analysis_LoraFanda\01_FBM_Analysis\outputs\04_ersp_LM_RAWONLY\PAT_3975\LM\ERSP_matrix\reading\PAT_3975_reading_WM_ERSP_PHG12_TN.npy,0.0049612403100775,0.0801808785529715,True,1373,1,0.26414898,1
PAT_3975,reading,LM,PHG3,\\nasac-m2.unige.ch\m-HumanNeuronLab\ANALYSIS\FLM\Analysis_LoraFanda\01_FBM_Analysis\outputs\04_ersp_LM_RAWONLY\PAT_3975\LM\ERSP_matrix\reading\PAT_3975_reading_WM_ERSP_PHG3_TN.npy,0.0018087855297157,0.059173126614987,True,1374,1,0.18250348,1
PAT_3975,reading,LM,PHG5,\\nasac-m2.unige.ch\m-HumanNeuronLab\ANALYSIS\FLM\Analysis_LoraFanda\01_FBM_Analysis\outputs\04_ersp_LM_RAWONLY\PAT_3975\LM\ERSP_matrix\reading\PAT_3975_reading_WM_ERSP_PHG5_TN.npy,0.0026873385012919,0.1178036175710594,True,1375,1,0.32766253,1
PAT_3975,reading,LM,PHG6,\\nasac-m2.unige.ch\m-HumanNeuronLab\ANALYSIS\FLM\Analysis_LoraFanda\01_FBM_Analysis\outputs\04_ersp_LM_RAWONLY\PAT_3975\LM\ERSP_matrix\reading\PAT_3975_reading_WM_ERSP_PHG6_TN.npy,0.001188630490956,0.1383204134366925,True,1376,1,0.32959294,1
PAT_3975,reading,LM,PHG7,\\nasac-m2.unige.ch\m-HumanNeuronLab\ANALYSIS\FLM\Analysis_LoraFanda\01_FBM_Analysis\outputs\04_ersp_LM_RAWONLY\PAT_3975\LM\ERSP_matrix\reading\PAT_3975_reading_WM_ERSP_PHG7_TN.npy,0.0017312661498708,0.1137209302325581,True,1377,1,0.31382442,1
PAT_3975,reading,LM,PHG8,\\nasac-m2.unige.ch\m-HumanNeuronLab\ANALYSIS\FLM\Analysis_LoraFanda\01_FBM_Analysis\outputs\04_ersp_LM_RAWONLY\PAT_3975\LM\ERSP_matrix\reading\PAT_3975_reading_WM_ERSP_PHG8_TN.npy,0.0018863049095607,0.1282428940568475,True,1378,1,0.2963721,1
PAT_3975,reading,LM,PHG9,\\nasac-m2.unige.ch\m-HumanNeuronLab\ANALYSIS\FLM\Analysis_LoraFanda\01_FBM_Analysis\outputs\04_ersp_LM_RAWONLY\PAT_3975\LM\ERSP_matrix\reading\PAT_3975_reading_WM_ERSP_PHG9_TN.npy,0.0010852713178294,0.1547028423772609,True,1379,1,0.31570294,1
PAT_3975,reading,LM,TPD1,\\nasac-m2.unige.ch\m-HumanNeuronLab\ANALYSIS\FLM\Analysis_LoraFanda\01_FBM_Analysis\outputs\04_ersp_LM_RAWONLY\PAT_3975\LM\ERSP_matrix\reading\PAT_3975_reading_WM_ERSP_TPD1_TN.npy,0.0026356589147286,0.2460465116279069,True,1380,1,0.2584877,1
PAT_3975,reading,LM,TPD3,\\nasac-m2.unige.ch\m-HumanNeuronLab\ANALYSIS\FLM\Analysis_LoraFanda\01_FBM_Analysis\outputs\04_ersp_LM_RAWONLY\PAT_3975\LM\ERSP_matrix\reading\PAT_3975_reading_WM_ERSP_TPD3_TN.npy,0.0025064599483204,0.2838501291989664,True,1381,1,0.32653508,1
PAT_3975,reading,LM,TPD4,\\nasac-m2.unige.ch\m-HumanNeuronLab\ANALYSIS\FLM\Analysis_LoraFanda\01_FBM_Analysis\outputs\04_ersp_LM_RAWONLY\PAT_3975\LM\ERSP_matrix\reading\PAT_3975_reading_WM_ERSP_TPD4_TN.npy,0.0022222222222222,0.2913695090439276,True,1382,1,0.3483568,1
PAT_3975,reading,LM,TPD5,\\nasac-m2.unige.ch\m-HumanNeuronLab\ANALYSIS\FLM\Analysis_LoraFanda\01_FBM_Analysis\outputs\04_ersp_LM_RAWONLY\PAT_3975\LM\ERSP_matrix\reading\PAT_3975_reading_WM_ERSP_TPD5_TN.npy,0.0020155038759689,0.3094056847545219,True,1383,1,0.34398314,1
PAT_3975,reading,LM,TPG2,\\nasac-m2.unige.ch\m-HumanNeuronLab\ANALYSIS\FLM\Analysis_LoraFanda\01_FBM_Analysis\outputs\04_ersp_LM_RAWONLY\PAT_3975\LM\ERSP_matrix\reading\PAT_3975_reading_WM_ERSP_TPG2_TN.npy,0.0029457364341085,0.3008785529715762,True,1384,1,0.34373674,1
PAT_3975,reading,LM,TPG3,\\nasac-m2.unige.ch\m-HumanNeuronLab\ANALYSIS\FLM\Analysis_LoraFanda\01_FBM_Analysis\outputs\04_ersp_LM_RAWONLY\PAT_3975\LM\ERSP_matrix\reading\PAT_3975_reading_WM_ERSP_TPG3_TN.npy,0.0031007751937984,0.3470542635658915,True,1385,1,0.34790346,1
PAT_3975,reading,LM,TPG4,\\nasac-m2.unige.ch\m-HumanNeuronLab\ANALYSIS\FLM\Analysis_LoraFanda\01_FBM_Analysis\outputs\04_ersp_LM_RAWONLY\PAT_3975\LM\ERSP_matrix\reading\PAT_3975_reading_WM_ERSP_TPG4_TN.npy,0.0035400516795865,0.3837209302325581,True,1386,1,0.3498083,1
PAT_3975,reading,LM,TPG5,\\nasac-m2.unige.ch\m-HumanNeuronLab\ANALYSIS\FLM\Analysis_LoraFanda\01_FBM_Analysis\outputs\04_ersp_LM_RAWONLY\PAT_3975\LM\ERSP_matrix\reading\PAT_3975_reading_WM_ERSP_TPG5_TN.npy,0.0036950904392764,0.3809819121447028,True,1387,1,0.34667972,1
PAT_5515,audio,LM,HAD1,\\nasac-m2.unige.ch\m-HumanNeuronLab\ANALYSIS\FLM\Analysis_LoraFanda\01_FBM_Analysis\outputs\04_ersp_LM_RAWONLY\PAT_5515\LM\ERSP_matrix\audio\PAT_5515_audio_WM_ERSP_HAD1_TN.npy,0.022532299741602,0.0001550387596899,True,1388,7,0.10033015,7
PAT_5515,picture,LM,HAD1,\\nasac-m2.unige.ch\m-HumanNeuronLab\ANALYSIS\FLM\Analysis_LoraFanda\01_FBM_Analysis\outputs\04_ersp_LM_RAWONLY\PAT_5515\LM\ERSP_matrix\picture\PAT_5515_picture_WM_ERSP_HAD1_TN.npy,0.0220155038759689,0.0009043927648578,True,1389,7,0.011489846,7
PAT_5515,picture,LM,IAD5,\\nasac-m2.unige.ch\m-HumanNeuronLab\ANALYSIS\FLM\Analysis_LoraFanda\01_FBM_Analysis\outputs\04_ersp_LM_RAWONLY\PAT_5515\LM\ERSP_matrix\picture\PAT_5515_picture_WM_ERSP_IAD5_TN.npy,0.0227131782945736,0.0013178294573643,True,1390,11,-0.022418933,11
PAT_5515,picture,LM,TPD4,\\nasac-m2.unige.ch\m-HumanNeuronLab\ANALYSIS\FLM\Analysis_LoraFanda\01_FBM_Analysis\outputs\04_ersp_LM_RAWONLY\PAT_5515\LM\ERSP_matrix\picture\PAT_5515_picture_WM_ERSP_TPD4_TN.npy,0.0270284237726098,0.0004134366925064,True,1391,7,0.12309609,7
PAT_5515,picture,LM,TPD5,\\nasac-m2.unige.ch\m-HumanNeuronLab\ANALYSIS\FLM\Analysis_LoraFanda\01_FBM_Analysis\outputs\04_ersp_LM_RAWONLY\PAT_5515\LM\ERSP_matrix\picture\PAT_5515_picture_WM_ERSP_TPD5_TN.npy,0.0254005167958656,0.0003875968992248,True,1392,7,0.10215536,7
PAT_5515,picture,LM,TPD6,\\nasac-m2.unige.ch\m-HumanNeuronLab\ANALYSIS\FLM\Analysis_LoraFanda\01_FBM_Analysis\outputs\04_ersp_LM_RAWONLY\PAT_5515\LM\ERSP_matrix\picture\PAT_5515_picture_WM_ERSP_TPD6_TN.npy,0.0204909560723514,0.0003359173126614,True,1393,7,0.053752057,7
PAT_5515,reading,LM,AD2,\\nasac-m2.unige.ch\m-HumanNeuronLab\ANALYSIS\FLM\Analysis_LoraFanda\01_FBM_Analysis\outputs\04_ersp_LM_RAWONLY\PAT_5515\LM\ERSP_matrix\reading\PAT_5515_reading_WM_ERSP_AD2_TN.npy,0.0206976744186046,0.0002583979328165,True,1394,7,0.12380561,7
PAT_5515,reading,LM,HAG2,\\nasac-m2.unige.ch\m-HumanNeuronLab\ANALYSIS\FLM\Analysis_LoraFanda\01_FBM_Analysis\outputs\04_ersp_LM_RAWONLY\PAT_5515\LM\ERSP_matrix\reading\PAT_5515_reading_WM_ERSP_HAG2_TN.npy,0.0262273901808785,0.0002325581395348,True,1395,7,0.071838036,7
PAT_5515,reading,LM,IAD5,\\nasac-m2.unige.ch\m-HumanNeuronLab\ANALYSIS\FLM\Analysis_LoraFanda\01_FBM_Analysis\outputs\04_ersp_LM_RAWONLY\PAT_5515\LM\ERSP_matrix\reading\PAT_5515_reading_WM_ERSP_IAD5_TN.npy,0.0205684754521963,0.0049612403100775,True,1396,11,0.0545364,11
PAT_5533,audio,LM,HAG6,\\nasac-m2.unige.ch\m-HumanNeuronLab\ANALYSIS\FLM\Analysis_LoraFanda\01_FBM_Analysis\outputs\04_ersp_LM_RAWONLY\PAT_5533\LM\ERSP_matrix\audio\PAT_5533_audio_WM_ERSP_HAG6_TN.npy,0.0996124031007752,0.0040051679586563,True,1397,2,0.06726904,2
PAT_5533,audio,LM,IAD4,\\nasac-m2.unige.ch\m-HumanNeuronLab\ANALYSIS\FLM\Analysis_LoraFanda\01_FBM_Analysis\outputs\04_ersp_LM_RAWONLY\PAT_5533\LM\ERSP_matrix\audio\PAT_5533_audio_WM_ERSP_IAD4_TN.npy,0.0202842377260981,0.0204392764857881,True,1398,11,0.08198966,11
PAT_5533,audio,LM,IMD11,\\nasac-m2.unige.ch\m-HumanNeuronLab\ANALYSIS\FLM\Analysis_LoraFanda\01_FBM_Analysis\outputs\04_ersp_LM_RAWONLY\PAT_5533\LM\ERSP_matrix\audio\PAT_5533_audio_WM_ERSP_IMD11_TN.npy,0.0202583979328165,0.000594315245478,True,1399,7,0.06625019,7
PAT_5533,audio,LM,IPD2,\\nasac-m2.unige.ch\m-HumanNeuronLab\ANALYSIS\FLM\Analysis_LoraFanda\01_FBM_Analysis\outputs\04_ersp_LM_RAWONLY\PAT_5533\LM\ERSP_matrix\audio\PAT_5533_audio_WM_ERSP_IPD2_TN.npy,0.0309043927648578,0.0016020671834625,True,1400,10,-0.03131142,10
PAT_5533,audio,LM,IPD3,\\nasac-m2.unige.ch\m-HumanNeuronLab\ANALYSIS\FLM\Analysis_LoraFanda\01_FBM_Analysis\outputs\04_ersp_LM_RAWONLY\PAT_5533\LM\ERSP_matrix\audio\PAT_5533_audio_WM_ERSP_IPD3_TN.npy,0.0811369509043927,0.0160206718346253,True,1401,10,0.04799594,10
PAT_5533,audio,LM,IPD4,\\nasac-m2.unige.ch\m-HumanNeuronLab\ANALYSIS\FLM\Analysis_LoraFanda\01_FBM_Analysis\outputs\04_ersp_LM_RAWONLY\PAT_5533\LM\ERSP_matrix\audio\PAT_5533_audio_WM_ERSP_IPD4_TN.npy,0.1101808785529715,0.0013695090439276,True,1402,10,0.16713953,10
PAT_5533,audio,LM,IPD5,\\nasac-m2.unige.ch\m-HumanNeuronLab\ANALYSIS\FLM\Analysis_LoraFanda\01_FBM_Analysis\outputs\04_ersp_LM_RAWONLY\PAT_5533\LM\ERSP_matrix\audio\PAT_5533_audio_WM_ERSP_IPD5_TN.npy,0.0410594315245478,0.0004134366925064,True,1403,10,0.10085418,10
PAT_5533,audio,LM,IPD6,\\nasac-m2.unige.ch\m-HumanNeuronLab\ANALYSIS\FLM\Analysis_LoraFanda\01_FBM_Analysis\outputs\04_ersp_LM_RAWONLY\PAT_5533\LM\ERSP_matrix\audio\PAT_5533_audio_WM_ERSP_IPD6_TN.npy,0.0226873385012919,0.0005684754521963,True,1404,7,0.039059397,7
PAT_5533,audio,LM,OFD5,\\nasac-m2.unige.ch\m-HumanNeuronLab\ANALYSIS\FLM\Analysis_LoraFanda\01_FBM_Analysis\outputs\04_ersp_LM_RAWONLY\PAT_5533\LM\ERSP_matrix\audio\PAT_5533_audio_WM_ERSP_OFD5_TN.npy,0.0028165374677002,0.0461757105943152,True,1405,9,0.11746982,9
PAT_5533,audio,LM,TPD10,\\nasac-m2.unige.ch\m-HumanNeuronLab\ANALYSIS\FLM\Analysis_LoraFanda\01_FBM_Analysis\outputs\04_ersp_LM_RAWONLY\PAT_5533\LM\ERSP_matrix\audio\PAT_5533_audio_WM_ERSP_TPD10_TN.npy,0.0202067183462532,0.0075710594315245,True,1406,2,-0.036424197,2
PAT_5533,picture,LM,AD3,\\nasac-m2.unige.ch\m-HumanNeuronLab\ANALYSIS\FLM\Analysis_LoraFanda\01_FBM_Analysis\outputs\04_ersp_LM_RAWONLY\PAT_5533\LM\ERSP_matrix\picture\PAT_5533_picture_WM_ERSP_AD3_TN.npy,0.0228423772609819,0.0017054263565891,True,1407,7,0.09435651,7
PAT_5533,picture,LM,HAG6,\\nasac-m2.unige.ch\m-HumanNeuronLab\ANALYSIS\FLM\Analysis_LoraFanda\01_FBM_Analysis\outputs\04_ersp_LM_RAWONLY\PAT_5533\LM\ERSP_matrix\picture\PAT_5533_picture_WM_ERSP_HAG6_TN.npy,0.029173126614987,0.0019896640826873,True,1408,11,0.032299034,11
PAT_5533,picture,LM,IAD3,\\nasac-m2.unige.ch\m-HumanNeuronLab\ANALYSIS\FLM\Analysis_LoraFanda\01_FBM_Analysis\outputs\04_ersp_LM_RAWONLY\PAT_5533\LM\ERSP_matrix\picture\PAT_5533_picture_WM_ERSP_IAD3_TN.npy,0.0226873385012919,0.0201291989664082,True,1409,11,0.07942594,11
PAT_5533,picture,LM,IPD2,\\nasac-m2.unige.ch\m-HumanNeuronLab\ANALYSIS\FLM\Analysis_LoraFanda\01_FBM_Analysis\outputs\04_ersp_LM_RAWONLY\PAT_5533\LM\ERSP_matrix\picture\PAT_5533_picture_WM_ERSP_IPD2_TN.npy,0.0488113695090439,0.0003617571059431,True,1410,11,0.0944189,11
PAT_5533,picture,LM,IPD3,\\nasac-m2.unige.ch\m-HumanNeuronLab\ANALYSIS\FLM\Analysis_LoraFanda\01_FBM_Analysis\outputs\04_ersp_LM_RAWONLY\PAT_5533\LM\ERSP_matrix\picture\PAT_5533_picture_WM_ERSP_IPD3_TN.npy,0.0754780361757106,0.0024806201550387,True,1411,2,0.0072154226,2
PAT_5533,picture,LM,IPD4,\\nasac-m2.unige.ch\m-HumanNeuronLab\ANALYSIS\FLM\Analysis_LoraFanda\01_FBM_Analysis\outputs\04_ersp_LM_RAWONLY\PAT_5533\LM\ERSP_matrix\picture\PAT_5533_picture_WM_ERSP_IPD4_TN.npy,0.0920413436692506,0.0054263565891472,True,1412,11,-0.028524347,11
PAT_5533,picture,LM,IPD5,\\nasac-m2.unige.ch\m-HumanNeuronLab\ANALYSIS\FLM\Analysis_LoraFanda\01_FBM_Analysis\outputs\04_ersp_LM_RAWONLY\PAT_5533\LM\ERSP_matrix\picture\PAT_5533_picture_WM_ERSP_IPD5_TN.npy,0.0376744186046511,0.0004909560723514,True,1413,11,-0.0020029005,11
PAT_5533,picture,LM,IPD6,\\nasac-m2.unige.ch\m-HumanNeuronLab\ANALYSIS\FLM\Analysis_LoraFanda\01_FBM_Analysis\outputs\04_ersp_LM_RAWONLY\PAT_5533\LM\ERSP_matrix\picture\PAT_5533_picture_WM_ERSP_IPD6_TN.npy,0.0256847545219638,0.0030232558139534,True,1414,11,0.027215408,11
PAT_5533,picture,LM,OFD3,\\nasac-m2.unige.ch\m-HumanNeuronLab\ANALYSIS\FLM\Analysis_LoraFanda\01_FBM_Analysis\outputs\04_ersp_LM_RAWONLY\PAT_5533\LM\ERSP_matrix\picture\PAT_5533_picture_WM_ERSP_OFD3_TN.npy,0.0016020671834625,0.048501291989664,True,1415,9,0.32346082,9
PAT_5533,picture,LM,OFD5,\\nasac-m2.unige.ch\m-HumanNeuronLab\ANALYSIS\FLM\Analysis_LoraFanda\01_FBM_Analysis\outputs\04_ersp_LM_RAWONLY\PAT_5533\LM\ERSP_matrix\picture\PAT_5533_picture_WM_ERSP_OFD5_TN.npy,0.0020413436692506,0.0623255813953488,True,1416,9,0.3144238,9
PAT_5533,picture,LM,PCD6,\\nasac-m2.unige.ch\m-HumanNeuronLab\ANALYSIS\FLM\Analysis_LoraFanda\01_FBM_Analysis\outputs\04_ersp_LM_RAWONLY\PAT_5533\LM\ERSP_matrix\picture\PAT_5533_picture_WM_ERSP_PCD6_TN.npy,0.0213436692506459,0.020594315245478,True,1417,11,0.09673263,11
PAT_5533,picture,LM,TPD1,\\nasac-m2.unige.ch\m-HumanNeuronLab\ANALYSIS\FLM\Analysis_LoraFanda\01_FBM_Analysis\outputs\04_ersp_LM_RAWONLY\PAT_5533\LM\ERSP_matrix\picture\PAT_5533_picture_WM_ERSP_TPD1_TN.npy,0.028501291989664,0.0005426356589147,True,1418,7,0.074597694,7
PAT_5533,picture,LM,TPD2,\\nasac-m2.unige.ch\m-HumanNeuronLab\ANALYSIS\FLM\Analysis_LoraFanda\01_FBM_Analysis\outputs\04_ersp_LM_RAWONLY\PAT_5533\LM\ERSP_matrix\picture\PAT_5533_picture_WM_ERSP_TPD2_TN.npy,0.0222997416020671,0.000594315245478,True,1419,7,0.083003595,7
PAT_5533,picture,LM,TPD4,\\nasac-m2.unige.ch\m-HumanNeuronLab\ANALYSIS\FLM\Analysis_LoraFanda\01_FBM_Analysis\outputs\04_ersp_LM_RAWONLY\PAT_5533\LM\ERSP_matrix\picture\PAT_5533_picture_WM_ERSP_TPD4_TN.npy,0.0219121447028423,0.0005426356589147,True,1420,7,0.1292824,7
PAT_5533,reading,LM,HAG6,\\nasac-m2.unige.ch\m-HumanNeuronLab\ANALYSIS\FLM\Analysis_LoraFanda\01_FBM_Analysis\outputs\04_ersp_LM_RAWONLY\PAT_5533\LM\ERSP_matrix\reading\PAT_5533_reading_WM_ERSP_HAG6_TN.npy,0.0716020671834625,0.011266149870801,True,1421,2,0.048437983,2
PAT_5533,reading,LM,IPD13,\\nasac-m2.unige.ch\m-HumanNeuronLab\ANALYSIS\FLM\Analysis_LoraFanda\01_FBM_Analysis\outputs\04_ersp_LM_RAWONLY\PAT_5533\LM\ERSP_matrix\reading\PAT_5533_reading_WM_ERSP_IPD13_TN.npy,0.0033074935400516,0.0545736434108527,True,1422,9,0.2631579,9
PAT_5533,reading,LM,IPD2,\\nasac-m2.unige.ch\m-HumanNeuronLab\ANALYSIS\FLM\Analysis_LoraFanda\01_FBM_Analysis\outputs\04_ersp_LM_RAWONLY\PAT_5533\LM\ERSP_matrix\reading\PAT_5533_reading_WM_ERSP_IPD2_TN.npy,0.0302325581395348,0.0029198966408268,True,1423,11,0.13179445,11
PAT_5533,reading,LM,IPD3,\\nasac-m2.unige.ch\m-HumanNeuronLab\ANALYSIS\FLM\Analysis_LoraFanda\01_FBM_Analysis\outputs\04_ersp_LM_RAWONLY\PAT_5533\LM\ERSP_matrix\reading\PAT_5533_reading_WM_ERSP_IPD3_TN.npy,0.0591989664082687,0.0055038759689922,True,1424,2,0.03876293,2
PAT_5533,reading,LM,IPD4,\\nasac-m2.unige.ch\m-HumanNeuronLab\ANALYSIS\FLM\Analysis_LoraFanda\01_FBM_Analysis\outputs\04_ersp_LM_RAWONLY\PAT_5533\LM\ERSP_matrix\reading\PAT_5533_reading_WM_ERSP_IPD4_TN.npy,0.0694573643410852,0.0040568475452196,True,1425,11,-0.033477478,11
PAT_5533,reading,LM,IPD5,\\nasac-m2.unige.ch\m-HumanNeuronLab\ANALYSIS\FLM\Analysis_LoraFanda\01_FBM_Analysis\outputs\04_ersp_LM_RAWONLY\PAT_5533\LM\ERSP_matrix\reading\PAT_5533_reading_WM_ERSP_IPD5_TN.npy,0.0368217054263565,0.0012144702842377,True,1426,11,-0.02105535,11
PAT_5533,reading,LM,IPD6,\\nasac-m2.unige.ch\m-HumanNeuronLab\ANALYSIS\FLM\Analysis_LoraFanda\01_FBM_Analysis\outputs\04_ersp_LM_RAWONLY\PAT_5533\LM\ERSP_matrix\reading\PAT_5533_reading_WM_ERSP_IPD6_TN.npy,0.0322222222222222,0.0009043927648578,True,1427,7,0.0075933267,7
PAT_5533,reading,LM,OFD5,\\nasac-m2.unige.ch\m-HumanNeuronLab\ANALYSIS\FLM\Analysis_LoraFanda\01_FBM_Analysis\outputs\04_ersp_LM_RAWONLY\PAT_5533\LM\ERSP_matrix\reading\PAT_5533_reading_WM_ERSP_OFD5_TN.npy,0.0086046511627906,0.0416795865633074,True,1428,9,0.052052397,9
PAT_5533,reading,LM,SMD3,\\nasac-m2.unige.ch\m-HumanNeuronLab\ANALYSIS\FLM\Analysis_LoraFanda\01_FBM_Analysis\outputs\04_ersp_LM_RAWONLY\PAT_5533\LM\ERSP_matrix\reading\PAT_5533_reading_WM_ERSP_SMD3_TN.npy,0.0304134366925064,0.0056072351421188,True,1429,11,-0.0023415615,11
PAT_5533,reading,LM,TPD1,\\nasac-m2.unige.ch\m-HumanNeuronLab\ANALYSIS\FLM\Analysis_LoraFanda\01_FBM_Analysis\outputs\04_ersp_LM_RAWONLY\PAT_5533\LM\ERSP_matrix\reading\PAT_5533_reading_WM_ERSP_TPD1_TN.npy,0.029250645994832,0.0006976744186046,True,1430,7,0.03420571,7
PAT_6684,audio,LM,AG6,\\nasac-m2.unige.ch\m-HumanNeuronLab\ANALYSIS\FLM\Analysis_LoraFanda\01_FBM_Analysis\outputs\04_ersp_LM_RAWONLY\PAT_6684\LM\ERSP_matrix\audio\PAT_6684_audio_WM_ERSP_AG6_TN.npy,0.00984496124031,0.1219896640826873,True,1431,1,0.13615261,1
PAT_6684,audio,LM,FMG1,\\nasac-m2.unige.ch\m-HumanNeuronLab\ANALYSIS\FLM\Analysis_LoraFanda\01_FBM_Analysis\outputs\04_ersp_LM_RAWONLY\PAT_6684\LM\ERSP_matrix\audio\PAT_6684_audio_WM_ERSP_FMG1_TN.npy,0.0312403100775193,0.0017312661498708,True,1432,7,0.14042857,7
PAT_6684,audio,LM,TPG6,\\nasac-m2.unige.ch\m-HumanNeuronLab\ANALYSIS\FLM\Analysis_LoraFanda\01_FBM_Analysis\outputs\04_ersp_LM_RAWONLY\PAT_6684\LM\ERSP_matrix\audio\PAT_6684_audio_WM_ERSP_TPG6_TN.npy,0.005142118863049,0.0447803617571059,True,1433,1,0.0037319236,1
PAT_6684,audio,LM,TPG7,\\nasac-m2.unige.ch\m-HumanNeuronLab\ANALYSIS\FLM\Analysis_LoraFanda\01_FBM_Analysis\outputs\04_ersp_LM_RAWONLY\PAT_6684\LM\ERSP_matrix\audio\PAT_6684_audio_WM_ERSP_TPG7_TN.npy,0.0068992248062015,0.0797932816537467,True,1434,1,0.16688576,1
PAT_6684,audio,LM,TPG8,\\nasac-m2.unige.ch\m-HumanNeuronLab\ANALYSIS\FLM\Analysis_LoraFanda\01_FBM_Analysis\outputs\04_ersp_LM_RAWONLY\PAT_6684\LM\ERSP_matrix\audio\PAT_6684_audio_WM_ERSP_TPG8_TN.npy,0.0087855297157622,0.1394315245478036,True,1435,1,0.24862422,1
PAT_6684,audio,LM,TSP3,\\nasac-m2.unige.ch\m-HumanNeuronLab\ANALYSIS\FLM\Analysis_LoraFanda\01_FBM_Analysis\outputs\04_ersp_LM_RAWONLY\PAT_6684\LM\ERSP_matrix\audio\PAT_6684_audio_WM_ERSP_TSP3_TN.npy,0.0215762273901808,0.0081136950904392,True,1436,10,-0.008324782,10
PAT_6684,picture,LM,AG3,\\nasac-m2.unige.ch\m-HumanNeuronLab\ANALYSIS\FLM\Analysis_LoraFanda\01_FBM_Analysis\outputs\04_ersp_LM_RAWONLY\PAT_6684\LM\ERSP_matrix\picture\PAT_6684_picture_WM_ERSP_AG3_TN.npy,0.0204134366925064,0.0019896640826873,True,1437,11,0.05960125,11
PAT_6684,picture,LM,AG6,\\nasac-m2.unige.ch\m-HumanNeuronLab\ANALYSIS\FLM\Analysis_LoraFanda\01_FBM_Analysis\outputs\04_ersp_LM_RAWONLY\PAT_6684\LM\ERSP_matrix\picture\PAT_6684_picture_WM_ERSP_AG6_TN.npy,0.0662532299741602,0.0065891472868217,True,1438,4,0.070898674,4
PAT_6684,picture,LM,FOL1,\\nasac-m2.unige.ch\m-HumanNeuronLab\ANALYSIS\FLM\Analysis_LoraFanda\01_FBM_Analysis\outputs\04_ersp_LM_RAWONLY\PAT_6684\LM\ERSP_matrix\picture\PAT_6684_picture_WM_ERSP_FOL1_TN.npy,0.0235142118863049,0.0008268733850129,True,1439,11,-0.016867837,11
PAT_6684,picture,LM,FOL4,\\nasac-m2.unige.ch\m-HumanNeuronLab\ANALYSIS\FLM\Analysis_LoraFanda\01_FBM_Analysis\outputs\04_ersp_LM_RAWONLY\PAT_6684\LM\ERSP_matrix\picture\PAT_6684_picture_WM_ERSP_FOL4_TN.npy,0.0201291989664082,0.0004651162790697,True,1440,11,-0.09367488,11
PAT_6684,picture,LM,FPG3,\\nasac-m2.unige.ch\m-HumanNeuronLab\ANALYSIS\FLM\Analysis_LoraFanda\01_FBM_Analysis\outputs\04_ersp_LM_RAWONLY\PAT_6684\LM\ERSP_matrix\picture\PAT_6684_picture_WM_ERSP_FPG3_TN.npy,0.0206459948320413,0.0010077519379844,True,1441,11,-0.04727154,11
PAT_6684,picture,LM,FPG4,\\nasac-m2.unige.ch\m-HumanNeuronLab\ANALYSIS\FLM\Analysis_LoraFanda\01_FBM_Analysis\outputs\04_ersp_LM_RAWONLY\PAT_6684\LM\ERSP_matrix\picture\PAT_6684_picture_WM_ERSP_FPG4_TN.npy,0.02328165374677,0.0007235142118863,True,1442,11,-0.004949795,11
PAT_6684,picture,LM,HAG3,\\nasac-m2.unige.ch\m-HumanNeuronLab\ANALYSIS\FLM\Analysis_LoraFanda\01_FBM_Analysis\outputs\04_ersp_LM_RAWONLY\PAT_6684\LM\ERSP_matrix\picture\PAT_6684_picture_WM_ERSP_HAG3_TN.npy,0.0241085271317829,0.001860465116279,True,1443,11,0.0996338,11
PAT_6684,picture,LM,HAG4,\\nasac-m2.unige.ch\m-HumanNeuronLab\ANALYSIS\FLM\Analysis_LoraFanda\01_FBM_Analysis\outputs\04_ersp_LM_RAWONLY\PAT_6684\LM\ERSP_matrix\picture\PAT_6684_picture_WM_ERSP_HAG4_TN.npy,0.0288630490956072,0.0028682170542635,True,1444,11,0.09646639,11
PAT_6684,picture,LM,HAG7,\\nasac-m2.unige.ch\m-HumanNeuronLab\ANALYSIS\FLM\Analysis_LoraFanda\01_FBM_Analysis\outputs\04_ersp_LM_RAWONLY\PAT_6684\LM\ERSP_matrix\picture\PAT_6684_picture_WM_ERSP_HAG7_TN.npy,0.0341085271317829,0.005297157622739,True,1445,11,0.11918664,11
PAT_6684,picture,LM,HAG8,\\nasac-m2.unige.ch\m-HumanNeuronLab\ANALYSIS\FLM\Analysis_LoraFanda\01_FBM_Analysis\outputs\04_ersp_LM_RAWONLY\PAT_6684\LM\ERSP_matrix\picture\PAT_6684_picture_WM_ERSP_HAG8_TN.npy,0.0503617571059431,0.0055297157622739,True,1446,11,0.12791064,11
PAT_6684,picture,LM,HPG5,\\nasac-m2.unige.ch\m-HumanNeuronLab\ANALYSIS\FLM\Analysis_LoraFanda\01_FBM_Analysis\outputs\04_ersp_LM_RAWONLY\PAT_6684\LM\ERSP_matrix\picture\PAT_6684_picture_WM_ERSP_HPG5_TN.npy,0.0204134366925064,0.0017312661498708,True,1447,11,0.08602611,11
PAT_6684,picture,LM,HPG6,\\nasac-m2.unige.ch\m-HumanNeuronLab\ANALYSIS\FLM\Analysis_LoraFanda\01_FBM_Analysis\outputs\04_ersp_LM_RAWONLY\PAT_6684\LM\ERSP_matrix\picture\PAT_6684_picture_WM_ERSP_HPG6_TN.npy,0.0288630490956072,0.0017829457364341,True,1448,11,0.09355523,11
PAT_6684,picture,LM,HPG7,\\nasac-m2.unige.ch\m-HumanNeuronLab\ANALYSIS\FLM\Analysis_LoraFanda\01_FBM_Analysis\outputs\04_ersp_LM_RAWONLY\PAT_6684\LM\ERSP_matrix\picture\PAT_6684_picture_WM_ERSP_HPG7_TN.npy,0.0268475452196382,0.0017829457364341,True,1449,11,0.10010242,11
PAT_6684,picture,LM,HPG8,\\nasac-m2.unige.ch\m-HumanNeuronLab\ANALYSIS\FLM\Analysis_LoraFanda\01_FBM_Analysis\outputs\04_ersp_LM_RAWONLY\PAT_6684\LM\ERSP_matrix\picture\PAT_6684_picture_WM_ERSP_HPG8_TN.npy,0.0327648578811369,0.0019896640826873,True,1450,11,0.08391114,11
PAT_6684,picture,LM,HPG9,\\nasac-m2.unige.ch\m-HumanNeuronLab\ANALYSIS\FLM\Analysis_LoraFanda\01_FBM_Analysis\outputs\04_ersp_LM_RAWONLY\PAT_6684\LM\ERSP_matrix\picture\PAT_6684_picture_WM_ERSP_HPG9_TN.npy,0.0378811369509043,0.0040826873385012,True,1451,11,0.09151316,11
PAT_6684,picture,LM,IMG18,\\nasac-m2.unige.ch\m-HumanNeuronLab\ANALYSIS\FLM\Analysis_LoraFanda\01_FBM_Analysis\outputs\04_ersp_LM_RAWONLY\PAT_6684\LM\ERSP_matrix\picture\PAT_6684_picture_WM_ERSP_IMG18_TN.npy,0.0283204134366925,0.0075193798449612,True,1452,11,0.034148376,11
PAT_6684,picture,LM,OFG5,\\nasac-m2.unige.ch\m-HumanNeuronLab\ANALYSIS\FLM\Analysis_LoraFanda\01_FBM_Analysis\outputs\04_ersp_LM_RAWONLY\PAT_6684\LM\ERSP_matrix\picture\PAT_6684_picture_WM_ERSP_OFG5_TN.npy,0.0212403100775193,0.008656330749354,True,1453,11,0.13899297,11
PAT_6684,picture,LM,TPG1,\\nasac-m2.unige.ch\m-HumanNeuronLab\ANALYSIS\FLM\Analysis_LoraFanda\01_FBM_Analysis\outputs\04_ersp_LM_RAWONLY\PAT_6684\LM\ERSP_matrix\picture\PAT_6684_picture_WM_ERSP_TPG1_TN.npy,0.0386821705426356,0.0018087855297157,True,1454,11,0.02716063,11
PAT_6684,picture,LM,TPG2,\\nasac-m2.unige.ch\m-HumanNeuronLab\ANALYSIS\FLM\Analysis_LoraFanda\01_FBM_Analysis\outputs\04_ersp_LM_RAWONLY\PAT_6684\LM\ERSP_matrix\picture\PAT_6684_picture_WM_ERSP_TPG2_TN.npy,0.0301808785529715,0.0021963824289405,True,1455,11,0.0019663526,11
PAT_6684,picture,LM,TPG4,\\nasac-m2.unige.ch\m-HumanNeuronLab\ANALYSIS\FLM\Analysis_LoraFanda\01_FBM_Analysis\outputs\04_ersp_LM_RAWONLY\PAT_6684\LM\ERSP_matrix\picture\PAT_6684_picture_WM_ERSP_TPG4_TN.npy,0.0244961240310077,0.0023255813953488,True,1456,11,0.0039896015,11
PAT_6684,picture,LM,TPG8,\\nasac-m2.unige.ch\m-HumanNeuronLab\ANALYSIS\FLM\Analysis_LoraFanda\01_FBM_Analysis\outputs\04_ersp_LM_RAWONLY\PAT_6684\LM\ERSP_matrix\picture\PAT_6684_picture_WM_ERSP_TPG8_TN.npy,0.0205426356589147,0.0042377260981912,True,1457,4,-0.043696936,4
PAT_6684,picture,LM,TSP2,\\nasac-m2.unige.ch\m-HumanNeuronLab\ANALYSIS\FLM\Analysis_LoraFanda\01_FBM_Analysis\outputs\04_ersp_LM_RAWONLY\PAT_6684\LM\ERSP_matrix\picture\PAT_6684_picture_WM_ERSP_TSP2_TN.npy,0.0328423772609819,0.0036175710594315,True,1458,11,0.097297445,11
PAT_6684,picture,LM,TSP5,\\nasac-m2.unige.ch\m-HumanNeuronLab\ANALYSIS\FLM\Analysis_LoraFanda\01_FBM_Analysis\outputs\04_ersp_LM_RAWONLY\PAT_6684\LM\ERSP_matrix\picture\PAT_6684_picture_WM_ERSP_TSP5_TN.npy,0.0207235142118863,0.0134366925064599,True,1459,11,0.13590062,11
PAT_6684,reading,LM,AG6,\\nasac-m2.unige.ch\m-HumanNeuronLab\ANALYSIS\FLM\Analysis_LoraFanda\01_FBM_Analysis\outputs\04_ersp_LM_RAWONLY\PAT_6684\LM\ERSP_matrix\reading\PAT_6684_reading_WM_ERSP_AG6_TN.npy,0.0015762273901808,0.0468217054263565,True,1460,0,-0.01824865,0
PAT_6684,reading,LM,TPG1,\\nasac-m2.unige.ch\m-HumanNeuronLab\ANALYSIS\FLM\Analysis_LoraFanda\01_FBM_Analysis\outputs\04_ersp_LM_RAWONLY\PAT_6684\LM\ERSP_matrix\reading\PAT_6684_reading_WM_ERSP_TPG1_TN.npy,0.0285529715762273,0.0294056847545219,True,1461,0,0.0029362617,0
PAT_6684,reading,LM,TPG2,\\nasac-m2.unige.ch\m-HumanNeuronLab\ANALYSIS\FLM\Analysis_LoraFanda\01_FBM_Analysis\outputs\04_ersp_LM_RAWONLY\PAT_6684\LM\ERSP_matrix\reading\PAT_6684_reading_WM_ERSP_TPG2_TN.npy,0.0227131782945736,0.0215503875968992,True,1462,0,-0.013158861,0
PAT_6684,reading,LM,TPG5,\\nasac-m2.unige.ch\m-HumanNeuronLab\ANALYSIS\FLM\Analysis_LoraFanda\01_FBM_Analysis\outputs\04_ersp_LM_RAWONLY\PAT_6684\LM\ERSP_matrix\reading\PAT_6684_reading_WM_ERSP_TPG5_TN.npy,0.0086304909560723,0.0441343669250646,True,1463,0,0.081373766,0
PAT_6684,reading,LM,TPG6,\\nasac-m2.unige.ch\m-HumanNeuronLab\ANALYSIS\FLM\Analysis_LoraFanda\01_FBM_Analysis\outputs\04_ersp_LM_RAWONLY\PAT_6684\LM\ERSP_matrix\reading\PAT_6684_reading_WM_ERSP_TPG6_TN.npy,0.0041860465116279,0.0528682170542635,True,1464,0,0.112628214,0
PAT_6684,reading,LM,TPG7,\\nasac-m2.unige.ch\m-HumanNeuronLab\ANALYSIS\FLM\Analysis_LoraFanda\01_FBM_Analysis\outputs\04_ersp_LM_RAWONLY\PAT_6684\LM\ERSP_matrix\reading\PAT_6684_reading_WM_ERSP_TPG7_TN.npy,0.0036434108527131,0.0714470284237726,True,1465,0,0.014757543,0
PAT_6684,reading,LM,TPG8,\\nasac-m2.unige.ch\m-HumanNeuronLab\ANALYSIS\FLM\Analysis_LoraFanda\01_FBM_Analysis\outputs\04_ersp_LM_RAWONLY\PAT_6684\LM\ERSP_matrix\reading\PAT_6684_reading_WM_ERSP_TPG8_TN.npy,0.002532299741602,0.0890180878552971,True,1466,0,-0.056282844,0
PAT_6704,audio,LM,AD12,\\nasac-m2.unige.ch\m-HumanNeuronLab\ANALYSIS\FLM\Analysis_LoraFanda\01_FBM_Analysis\outputs\04_ersp_LM_RAWONLY\PAT_6704\LM\ERSP_matrix\audio\PAT_6704_audio_WM_ERSP_AD12_TN.npy,0.029250645994832,0.065219638242894,True,1467,4,-0.039277494,4
PAT_6704,audio,LM,IPD5,\\nasac-m2.unige.ch\m-HumanNeuronLab\ANALYSIS\FLM\Analysis_LoraFanda\01_FBM_Analysis\outputs\04_ersp_LM_RAWONLY\PAT_6704\LM\ERSP_matrix\audio\PAT_6704_audio_WM_ERSP_IPD5_TN.npy,0.0242118863049095,0.0016537467700258,True,1468,11,-0.062026713,11
PAT_6704,audio,LM,POD3,\\nasac-m2.unige.ch\m-HumanNeuronLab\ANALYSIS\FLM\Analysis_LoraFanda\01_FBM_Analysis\outputs\04_ersp_LM_RAWONLY\PAT_6704\LM\ERSP_matrix\audio\PAT_6704_audio_WM_ERSP_POD3_TN.npy,0.0202325581395348,0.0012919896640826,True,1469,11,-0.012548141,11
PAT_6704,audio,LM,THD2,\\nasac-m2.unige.ch\m-HumanNeuronLab\ANALYSIS\FLM\Analysis_LoraFanda\01_FBM_Analysis\outputs\04_ersp_LM_RAWONLY\PAT_6704\LM\ERSP_matrix\audio\PAT_6704_audio_WM_ERSP_THD2_TN.npy,0.0336692506459948,0.0010594315245478,True,1470,11,-0.04349364,11
PAT_6704,picture,LM,AD12,\\nasac-m2.unige.ch\m-HumanNeuronLab\ANALYSIS\FLM\Analysis_LoraFanda\01_FBM_Analysis\outputs\04_ersp_LM_RAWONLY\PAT_6704\LM\ERSP_matrix\picture\PAT_6704_picture_WM_ERSP_AD12_TN.npy,0.0462532299741602,0.02984496124031,True,1471,4,0.078263916,4
PAT_6704,reading,LM,AD10,\\nasac-m2.unige.ch\m-HumanNeuronLab\ANALYSIS\FLM\Analysis_LoraFanda\01_FBM_Analysis\outputs\04_ersp_LM_RAWONLY\PAT_6704\LM\ERSP_matrix\reading\PAT_6704_reading_WM_ERSP_AD10_TN.npy,0.0550129198966408,0.0006201550387596,True,1472,11,-0.13101512,11
PAT_6704,reading,LM,AD11,\\nasac-m2.unige.ch\m-HumanNeuronLab\ANALYSIS\FLM\Analysis_LoraFanda\01_FBM_Analysis\outputs\04_ersp_LM_RAWONLY\PAT_6704\LM\ERSP_matrix\reading\PAT_6704_reading_WM_ERSP_AD11_TN.npy,0.0880103359173126,0.0011627906976744,True,1473,11,-0.1672521,11
PAT_6704,reading,LM,AD12,\\nasac-m2.unige.ch\m-HumanNeuronLab\ANALYSIS\FLM\Analysis_LoraFanda\01_FBM_Analysis\outputs\04_ersp_LM_RAWONLY\PAT_6704\LM\ERSP_matrix\reading\PAT_6704_reading_WM_ERSP_AD12_TN.npy,0.1631782945736434,0.0040826873385012,True,1474,2,0.018056221,2
PAT_6704,reading,LM,AD4,\\nasac-m2.unige.ch\m-HumanNeuronLab\ANALYSIS\FLM\Analysis_LoraFanda\01_FBM_Analysis\outputs\04_ersp_LM_RAWONLY\PAT_6704\LM\ERSP_matrix\reading\PAT_6704_reading_WM_ERSP_AD4_TN.npy,0.0245994832041343,0.0006459948320413,True,1475,7,0.17130539,7
PAT_6704,reading,LM,AD5,\\nasac-m2.unige.ch\m-HumanNeuronLab\ANALYSIS\FLM\Analysis_LoraFanda\01_FBM_Analysis\outputs\04_ersp_LM_RAWONLY\PAT_6704\LM\ERSP_matrix\reading\PAT_6704_reading_WM_ERSP_AD5_TN.npy,0.0301808785529715,0.0004909560723514,True,1476,7,0.1711633,7
PAT_6704,reading,LM,AD6,\\nasac-m2.unige.ch\m-HumanNeuronLab\ANALYSIS\FLM\Analysis_LoraFanda\01_FBM_Analysis\outputs\04_ersp_LM_RAWONLY\PAT_6704\LM\ERSP_matrix\reading\PAT_6704_reading_WM_ERSP_AD6_TN.npy,0.025142118863049,0.0005684754521963,True,1477,7,0.10898966,7
PAT_6704,reading,LM,AD7,\\nasac-m2.unige.ch\m-HumanNeuronLab\ANALYSIS\FLM\Analysis_LoraFanda\01_FBM_Analysis\outputs\04_ersp_LM_RAWONLY\PAT_6704\LM\ERSP_matrix\reading\PAT_6704_reading_WM_ERSP_AD7_TN.npy,0.024470284237726,0.0008527131782945,True,1478,7,0.009914509,7
PAT_6704,reading,LM,AD9,\\nasac-m2.unige.ch\m-HumanNeuronLab\ANALYSIS\FLM\Analysis_LoraFanda\01_FBM_Analysis\outputs\04_ersp_LM_RAWONLY\PAT_6704\LM\ERSP_matrix\reading\PAT_6704_reading_WM_ERSP_AD9_TN.npy,0.0359173126614987,0.0003617571059431,True,1479,11,-0.14745474,11
PAT_6704,reading,LM,HAD3,\\nasac-m2.unige.ch\m-HumanNeuronLab\ANALYSIS\FLM\Analysis_LoraFanda\01_FBM_Analysis\outputs\04_ersp_LM_RAWONLY\PAT_6704\LM\ERSP_matrix\reading\PAT_6704_reading_WM_ERSP_HAD3_TN.npy,0.0264341085271317,0.0003875968992248,True,1480,7,0.12751636,7
PAT_6704,reading,LM,HAD5,\\nasac-m2.unige.ch\m-HumanNeuronLab\ANALYSIS\FLM\Analysis_LoraFanda\01_FBM_Analysis\outputs\04_ersp_LM_RAWONLY\PAT_6704\LM\ERSP_matrix\reading\PAT_6704_reading_WM_ERSP_HAD5_TN.npy,0.0214470284237726,0.0003875968992248,True,1481,11,0.0225366,11
PAT_6704,reading,LM,HAD6,\\nasac-m2.unige.ch\m-HumanNeuronLab\ANALYSIS\FLM\Analysis_LoraFanda\01_FBM_Analysis\outputs\04_ersp_LM_RAWONLY\PAT_6704\LM\ERSP_matrix\reading\PAT_6704_reading_WM_ERSP_HAD6_TN.npy,0.0231007751937984,0.0013436692506459,True,1482,11,0.003063466,11
PAT_6704,reading,LM,HAD8,\\nasac-m2.unige.ch\m-HumanNeuronLab\ANALYSIS\FLM\Analysis_LoraFanda\01_FBM_Analysis\outputs\04_ersp_LM_RAWONLY\PAT_6704\LM\ERSP_matrix\reading\PAT_6704_reading_WM_ERSP_HAD8_TN.npy,0.0253229974160206,0.0008010335917312,True,1483,11,-0.14493372,11
PAT_6704,reading,LM,HAD9,\\nasac-m2.unige.ch\m-HumanNeuronLab\ANALYSIS\FLM\Analysis_LoraFanda\01_FBM_Analysis\outputs\04_ersp_LM_RAWONLY\PAT_6704\LM\ERSP_matrix\reading\PAT_6704_reading_WM_ERSP_HAD9_TN.npy,0.0200516795865633,0.0115503875968992,True,1484,2,-0.043156672,2
PAT_6704,reading,LM,IMD10,\\nasac-m2.unige.ch\m-HumanNeuronLab\ANALYSIS\FLM\Analysis_LoraFanda\01_FBM_Analysis\outputs\04_ersp_LM_RAWONLY\PAT_6704\LM\ERSP_matrix\reading\PAT_6704_reading_WM_ERSP_IMD10_TN.npy,0.0271059431524547,0.0001550387596899,True,1485,7,0.011370144,7
PAT_6704,reading,LM,IMD9,\\nasac-m2.unige.ch\m-HumanNeuronLab\ANALYSIS\FLM\Analysis_LoraFanda\01_FBM_Analysis\outputs\04_ersp_LM_RAWONLY\PAT_6704\LM\ERSP_matrix\reading\PAT_6704_reading_WM_ERSP_IMD9_TN.npy,0.0211111111111111,0.0003100775193798,True,1486,7,0.0662442,7
PAT_6704,reading,LM,POD3,\\nasac-m2.unige.ch\m-HumanNeuronLab\ANALYSIS\FLM\Analysis_LoraFanda\01_FBM_Analysis\outputs\04_ersp_LM_RAWONLY\PAT_6704\LM\ERSP_matrix\reading\PAT_6704_reading_WM_ERSP_POD3_TN.npy,0.0326614987080103,0.0002583979328165,True,1487,7,0.019447023,7
PAT_6704,reading,LM,POD8,\\nasac-m2.unige.ch\m-HumanNeuronLab\ANALYSIS\FLM\Analysis_LoraFanda\01_FBM_Analysis\outputs\04_ersp_LM_RAWONLY\PAT_6704\LM\ERSP_matrix\reading\PAT_6704_reading_WM_ERSP_POD8_TN.npy,0.0410594315245478,0.0019638242894056,True,1488,11,0.07308798,11
PAT_6704,reading,LM,SMD15,\\nasac-m2.unige.ch\m-HumanNeuronLab\ANALYSIS\FLM\Analysis_LoraFanda\01_FBM_Analysis\outputs\04_ersp_LM_RAWONLY\PAT_6704\LM\ERSP_matrix\reading\PAT_6704_reading_WM_ERSP_SMD15_TN.npy,0.070594315245478,0.0029457364341085,True,1489,2,-0.0011704111,2
PAT_6704,reading,LM,THD2,\\nasac-m2.unige.ch\m-HumanNeuronLab\ANALYSIS\FLM\Analysis_LoraFanda\01_FBM_Analysis\outputs\04_ersp_LM_RAWONLY\PAT_6704\LM\ERSP_matrix\reading\PAT_6704_reading_WM_ERSP_THD2_TN.npy,0.0237467700258397,0.0002325581395348,True,1490,11,-0.066325895,11
PAT_6704,reading,LM,THD8,\\nasac-m2.unige.ch\m-HumanNeuronLab\ANALYSIS\FLM\Analysis_LoraFanda\01_FBM_Analysis\outputs\04_ersp_LM_RAWONLY\PAT_6704\LM\ERSP_matrix\reading\PAT_6704_reading_WM_ERSP_THD8_TN.npy,0.0428423772609819,0.0087080103359173,True,1491,11,-0.19340491,11
PAT_6704,reading,LM,TPD1,\\nasac-m2.unige.ch\m-HumanNeuronLab\ANALYSIS\FLM\Analysis_LoraFanda\01_FBM_Analysis\outputs\04_ersp_LM_RAWONLY\PAT_6704\LM\ERSP_matrix\reading\PAT_6704_reading_WM_ERSP_TPD1_TN.npy,0.0303875968992248,0.0012919896640826,True,1492,7,0.08648616,7
PAT_6704,reading,LM,TPD3,\\nasac-m2.unige.ch\m-HumanNeuronLab\ANALYSIS\FLM\Analysis_LoraFanda\01_FBM_Analysis\outputs\04_ersp_LM_RAWONLY\PAT_6704\LM\ERSP_matrix\reading\PAT_6704_reading_WM_ERSP_TPD3_TN.npy,0.0269767441860465,0.001266149870801,True,1493,11,-0.03710323,11
PAT_6704,reading,LM,TPD4,\\nasac-m2.unige.ch\m-HumanNeuronLab\ANALYSIS\FLM\Analysis_LoraFanda\01_FBM_Analysis\outputs\04_ersp_LM_RAWONLY\PAT_6704\LM\ERSP_matrix\reading\PAT_6704_reading_WM_ERSP_TPD4_TN.npy,0.0265116279069767,0.0005684754521963,True,1494,7,0.043245796,7
PAT_6704,reading,LM,TPD5,\\nasac-m2.unige.ch\m-HumanNeuronLab\ANALYSIS\FLM\Analysis_LoraFanda\01_FBM_Analysis\outputs\04_ersp_LM_RAWONLY\PAT_6704\LM\ERSP_matrix\reading\PAT_6704_reading_WM_ERSP_TPD5_TN.npy,0.0272093023255813,0.0011369509043927,True,1495,7,0.024290243,7
PAT_6704,reading,LM,TPD6,\\nasac-m2.unige.ch\m-HumanNeuronLab\ANALYSIS\FLM\Analysis_LoraFanda\01_FBM_Analysis\outputs\04_ersp_LM_RAWONLY\PAT_6704\LM\ERSP_matrix\reading\PAT_6704_reading_WM_ERSP_TPD6_TN.npy,0.0311111111111111,0.0007235142118863,True,1496,11,-0.13048273,11
PAT_6704,reading,LM,TPD7,\\nasac-m2.unige.ch\m-HumanNeuronLab\ANALYSIS\FLM\Analysis_LoraFanda\01_FBM_Analysis\outputs\04_ersp_LM_RAWONLY\PAT_6704\LM\ERSP_matrix\reading\PAT_6704_reading_WM_ERSP_TPD7_TN.npy,0.0380103359173126,0.0010594315245478,True,1497,11,-0.123816505,11
PAT_6704,reading,LM,TPD8,\\nasac-m2.unige.ch\m-HumanNeuronLab\ANALYSIS\FLM\Analysis_LoraFanda\01_FBM_Analysis\outputs\04_ersp_LM_RAWONLY\PAT_6704\LM\ERSP_matrix\reading\PAT_6704_reading_WM_ERSP_TPD8_TN.npy,0.0448578811369509,0.0006976744186046,True,1498,11,-0.14962803,11
PAT_6704,reading,LM,TPD9,\\nasac-m2.unige.ch\m-HumanNeuronLab\ANALYSIS\FLM\Analysis_LoraFanda\01_FBM_Analysis\outputs\04_ersp_LM_RAWONLY\PAT_6704\LM\ERSP_matrix\reading\PAT_6704_reading_WM_ERSP_TPD9_TN.npy,0.0888630490956072,0.0010852713178294,True,1499,2,-0.00545466,2
PAT_6704,reading,LM,TSD2,\\nasac-m2.unige.ch\m-HumanNeuronLab\ANALYSIS\FLM\Analysis_LoraFanda\01_FBM_Analysis\outputs\04_ersp_LM_RAWONLY\PAT_6704\LM\ERSP_matrix\reading\PAT_6704_reading_WM_ERSP_TSD2_TN.npy,0.020671834625323,0.0005684754521963,True,1500,7,-0.071545884,7
PAT_6854,audio,LM,AD4,\\nasac-m2.unige.ch\m-HumanNeuronLab\ANALYSIS\FLM\Analysis_LoraFanda\01_FBM_Analysis\outputs\04_ersp_LM_RAWONLY\PAT_6854\LM\ERSP_matrix\audio\PAT_6854_audio_WM_ERSP_AD4_TN.npy,0.0274418604651162,0.0017571059431524,True,1501,7,0.07307348,7
PAT_6854,audio,LM,AD5,\\nasac-m2.unige.ch\m-HumanNeuronLab\ANALYSIS\FLM\Analysis_LoraFanda\01_FBM_Analysis\outputs\04_ersp_LM_RAWONLY\PAT_6854\LM\ERSP_matrix\audio\PAT_6854_audio_WM_ERSP_AD5_TN.npy,0.0237984496124031,0.0014728682170542,True,1502,7,0.040801316,7
PAT_6854,audio,LM,AD6,\\nasac-m2.unige.ch\m-HumanNeuronLab\ANALYSIS\FLM\Analysis_LoraFanda\01_FBM_Analysis\outputs\04_ersp_LM_RAWONLY\PAT_6854\LM\ERSP_matrix\audio\PAT_6854_audio_WM_ERSP_AD6_TN.npy,0.0215245478036175,0.0005684754521963,True,1503,7,0.035896882,7
PAT_6854,audio,LM,HAD5,\\nasac-m2.unige.ch\m-HumanNeuronLab\ANALYSIS\FLM\Analysis_LoraFanda\01_FBM_Analysis\outputs\04_ersp_LM_RAWONLY\PAT_6854\LM\ERSP_matrix\audio\PAT_6854_audio_WM_ERSP_HAD5_TN.npy,0.0213178294573643,0.0008527131782945,True,1504,7,0.0890273,7
PAT_6854,audio,LM,HAD6,\\nasac-m2.unige.ch\m-HumanNeuronLab\ANALYSIS\FLM\Analysis_LoraFanda\01_FBM_Analysis\outputs\04_ersp_LM_RAWONLY\PAT_6854\LM\ERSP_matrix\audio\PAT_6854_audio_WM_ERSP_HAD6_TN.npy,0.02656330749354,0.000594315245478,True,1505,7,0.10085166,7
PAT_6854,audio,LM,HAD7,\\nasac-m2.unige.ch\m-HumanNeuronLab\ANALYSIS\FLM\Analysis_LoraFanda\01_FBM_Analysis\outputs\04_ersp_LM_RAWONLY\PAT_6854\LM\ERSP_matrix\audio\PAT_6854_audio_WM_ERSP_HAD7_TN.npy,0.0280103359173126,0.0008268733850129,True,1506,7,0.08889319,7
PAT_6854,audio,LM,HAD8,\\nasac-m2.unige.ch\m-HumanNeuronLab\ANALYSIS\FLM\Analysis_LoraFanda\01_FBM_Analysis\outputs\04_ersp_LM_RAWONLY\PAT_6854\LM\ERSP_matrix\audio\PAT_6854_audio_WM_ERSP_HAD8_TN.npy,0.0304909560723514,0.0005684754521963,True,1507,7,0.022222439,7
PAT_6854,audio,LM,HAD9,\\nasac-m2.unige.ch\m-HumanNeuronLab\ANALYSIS\FLM\Analysis_LoraFanda\01_FBM_Analysis\outputs\04_ersp_LM_RAWONLY\PAT_6854\LM\ERSP_matrix\audio\PAT_6854_audio_WM_ERSP_HAD9_TN.npy,0.02656330749354,0.0016795865633074,True,1508,7,-0.028906303,7
PAT_6854,audio,LM,IAG6,\\nasac-m2.unige.ch\m-HumanNeuronLab\ANALYSIS\FLM\Analysis_LoraFanda\01_FBM_Analysis\outputs\04_ersp_LM_RAWONLY\PAT_6854\LM\ERSP_matrix\audio\PAT_6854_audio_WM_ERSP_IAG6_TN.npy,0.027157622739018,0.0075710594315245,True,1509,11,0.014775505,11
PAT_6854,audio,LM,IMG12,\\nasac-m2.unige.ch\m-HumanNeuronLab\ANALYSIS\FLM\Analysis_LoraFanda\01_FBM_Analysis\outputs\04_ersp_LM_RAWONLY\PAT_6854\LM\ERSP_matrix\audio\PAT_6854_audio_WM_ERSP_IMG12_TN.npy,0.0205684754521963,0.0085529715762273,True,1510,11,0.12129449,11
PAT_6854,picture,LM,AG9,\\nasac-m2.unige.ch\m-HumanNeuronLab\ANALYSIS\FLM\Analysis_LoraFanda\01_FBM_Analysis\outputs\04_ersp_LM_RAWONLY\PAT_6854\LM\ERSP_matrix\picture\PAT_6854_picture_WM_ERSP_AG9_TN.npy,0.0023514211886304,0.065813953488372,True,1511,0,0.0019808828,0
PAT_6854,picture,LM,HAD2,\\nasac-m2.unige.ch\m-HumanNeuronLab\ANALYSIS\FLM\Analysis_LoraFanda\01_FBM_Analysis\outputs\04_ersp_LM_RAWONLY\PAT_6854\LM\ERSP_matrix\picture\PAT_6854_picture_WM_ERSP_HAD2_TN.npy,0.0216279069767441,0.000594315245478,True,1512,7,0.15609786,7
PAT_6854,picture,LM,HAD7,\\nasac-m2.unige.ch\m-HumanNeuronLab\ANALYSIS\FLM\Analysis_LoraFanda\01_FBM_Analysis\outputs\04_ersp_LM_RAWONLY\PAT_6854\LM\ERSP_matrix\picture\PAT_6854_picture_WM_ERSP_HAD7_TN.npy,0.0221705426356589,0.000594315245478,True,1513,7,0.07955823,7
PAT_6854,picture,LM,HAG1,\\nasac-m2.unige.ch\m-HumanNeuronLab\ANALYSIS\FLM\Analysis_LoraFanda\01_FBM_Analysis\outputs\04_ersp_LM_RAWONLY\PAT_6854\LM\ERSP_matrix\picture\PAT_6854_picture_WM_ERSP_HAG1_TN.npy,0.029173126614987,0.0015503875968992,True,1514,11,-0.06280637,11
PAT_6854,picture,LM,HAG9,\\nasac-m2.unige.ch\m-HumanNeuronLab\ANALYSIS\FLM\Analysis_LoraFanda\01_FBM_Analysis\outputs\04_ersp_LM_RAWONLY\PAT_6854\LM\ERSP_matrix\picture\PAT_6854_picture_WM_ERSP_HAG9_TN.npy,0.0017054263565891,0.0634108527131783,True,1515,0,-0.0023632331,0
PAT_6854,picture,LM,IMG12,\\nasac-m2.unige.ch\m-HumanNeuronLab\ANALYSIS\FLM\Analysis_LoraFanda\01_FBM_Analysis\outputs\04_ersp_LM_RAWONLY\PAT_6854\LM\ERSP_matrix\picture\PAT_6854_picture_WM_ERSP_IMG12_TN.npy,0.0345994832041343,0.0099483204134366,True,1516,11,0.053779226,11
PAT_6854,picture,LM,IMG3,\\nasac-m2.unige.ch\m-HumanNeuronLab\ANALYSIS\FLM\Analysis_LoraFanda\01_FBM_Analysis\outputs\04_ersp_LM_RAWONLY\PAT_6854\LM\ERSP_matrix\picture\PAT_6854_picture_WM_ERSP_IMG3_TN.npy,0.0250387596899224,0.0025581395348837,True,1517,11,0.05261819,11
PAT_6854,picture,LM,OPG3,\\nasac-m2.unige.ch\m-HumanNeuronLab\ANALYSIS\FLM\Analysis_LoraFanda\01_FBM_Analysis\outputs\04_ersp_LM_RAWONLY\PAT_6854\LM\ERSP_matrix\picture\PAT_6854_picture_WM_ERSP_OPG3_TN.npy,0.0325581395348837,0.0035142118863049,True,1518,11,0.105919175,11
PAT_6854,picture,LM,OPG4,\\nasac-m2.unige.ch\m-HumanNeuronLab\ANALYSIS\FLM\Analysis_LoraFanda\01_FBM_Analysis\outputs\04_ersp_LM_RAWONLY\PAT_6854\LM\ERSP_matrix\picture\PAT_6854_picture_WM_ERSP_OPG4_TN.npy,0.0302067183462532,0.007829457364341,True,1519,11,0.09291406,11
PAT_6854,picture,LM,TPG6,\\nasac-m2.unige.ch\m-HumanNeuronLab\ANALYSIS\FLM\Analysis_LoraFanda\01_FBM_Analysis\outputs\04_ersp_LM_RAWONLY\PAT_6854\LM\ERSP_matrix\picture\PAT_6854_picture_WM_ERSP_TPG6_TN.npy,0.0268992248062015,0.001860465116279,True,1520,7,0.098385125,7
PAT_6854,picture,LM,TPG7,\\nasac-m2.unige.ch\m-HumanNeuronLab\ANALYSIS\FLM\Analysis_LoraFanda\01_FBM_Analysis\outputs\04_ersp_LM_RAWONLY\PAT_6854\LM\ERSP_matrix\picture\PAT_6854_picture_WM_ERSP_TPG7_TN.npy,0.0343152454780361,0.0022739018087855,True,1521,7,0.14822015,7
PAT_6854,reading,LM,AG1,\\nasac-m2.unige.ch\m-HumanNeuronLab\ANALYSIS\FLM\Analysis_LoraFanda\01_FBM_Analysis\outputs\04_ersp_LM_RAWONLY\PAT_6854\LM\ERSP_matrix\reading\PAT_6854_reading_WM_ERSP_AG1_TN.npy,0.0366925064599483,0.0006201550387596,True,1522,7,0.052738737,7
PAT_6854,reading,LM,AG2,\\nasac-m2.unige.ch\m-HumanNeuronLab\ANALYSIS\FLM\Analysis_LoraFanda\01_FBM_Analysis\outputs\04_ersp_LM_RAWONLY\PAT_6854\LM\ERSP_matrix\reading\PAT_6854_reading_WM_ERSP_AG2_TN.npy,0.0390439276485788,0.0004651162790697,True,1523,7,0.050859515,7
PAT_6854,reading,LM,AG3,\\nasac-m2.unige.ch\m-HumanNeuronLab\ANALYSIS\FLM\Analysis_LoraFanda\01_FBM_Analysis\outputs\04_ersp_LM_RAWONLY\PAT_6854\LM\ERSP_matrix\reading\PAT_6854_reading_WM_ERSP_AG3_TN.npy,0.0282170542635658,0.001266149870801,True,1524,7,0.022866726,7
PAT_6854,reading,LM,HAD7,\\nasac-m2.unige.ch\m-HumanNeuronLab\ANALYSIS\FLM\Analysis_LoraFanda\01_FBM_Analysis\outputs\04_ersp_LM_RAWONLY\PAT_6854\LM\ERSP_matrix\reading\PAT_6854_reading_WM_ERSP_HAD7_TN.npy,0.0225839793281653,0.0005426356589147,True,1525,7,0.087761424,7
PAT_6854,reading,LM,HAD8,\\nasac-m2.unige.ch\m-HumanNeuronLab\ANALYSIS\FLM\Analysis_LoraFanda\01_FBM_Analysis\outputs\04_ersp_LM_RAWONLY\PAT_6854\LM\ERSP_matrix\reading\PAT_6854_reading_WM_ERSP_HAD8_TN.npy,0.0207235142118863,0.0009819121447028,True,1526,7,0.037465107,7
PAT_6854,reading,LM,HAG1,\\nasac-m2.unige.ch\m-HumanNeuronLab\ANALYSIS\FLM\Analysis_LoraFanda\01_FBM_Analysis\outputs\04_ersp_LM_RAWONLY\PAT_6854\LM\ERSP_matrix\reading\PAT_6854_reading_WM_ERSP_HAG1_TN.npy,0.0529974160206718,0.0003359173126614,True,1527,7,-0.0082601495,7
PAT_6854,reading,LM,HAG2,\\nasac-m2.unige.ch\m-HumanNeuronLab\ANALYSIS\FLM\Analysis_LoraFanda\01_FBM_Analysis\outputs\04_ersp_LM_RAWONLY\PAT_6854\LM\ERSP_matrix\reading\PAT_6854_reading_WM_ERSP_HAG2_TN.npy,0.0411111111111111,0.0001291989664082,True,1528,7,0.10076978,7
PAT_6854,reading,LM,IMG11,\\nasac-m2.unige.ch\m-HumanNeuronLab\ANALYSIS\FLM\Analysis_LoraFanda\01_FBM_Analysis\outputs\04_ersp_LM_RAWONLY\PAT_6854\LM\ERSP_matrix\reading\PAT_6854_reading_WM_ERSP_IMG11_TN.npy,0.0310594315245478,0.0154780361757105,True,1529,11,0.08231376,11
PAT_6854,reading,LM,IMG12,\\nasac-m2.unige.ch\m-HumanNeuronLab\ANALYSIS\FLM\Analysis_LoraFanda\01_FBM_Analysis\outputs\04_ersp_LM_RAWONLY\PAT_6854\LM\ERSP_matrix\reading\PAT_6854_reading_WM_ERSP_IMG12_TN.npy,0.0312144702842377,0.0165891472868217,True,1530,11,0.12831476,11
PAT_6854,reading,LM,TBG1,\\nasac-m2.unige.ch\m-HumanNeuronLab\ANALYSIS\FLM\Analysis_LoraFanda\01_FBM_Analysis\outputs\04_ersp_LM_RAWONLY\PAT_6854\LM\ERSP_matrix\reading\PAT_6854_reading_WM_ERSP_TBG1_TN.npy,0.0677002583979328,0.0001550387596899,True,1531,7,0.0917419,7
PAT_6854,reading,LM,TBG2,\\nasac-m2.unige.ch\m-HumanNeuronLab\ANALYSIS\FLM\Analysis_LoraFanda\01_FBM_Analysis\outputs\04_ersp_LM_RAWONLY\PAT_6854\LM\ERSP_matrix\reading\PAT_6854_reading_WM_ERSP_TBG2_TN.npy,0.0706459948320413,0.0001291989664082,True,1532,7,0.07530149,7
PAT_6854,reading,LM,TBG3,\\nasac-m2.unige.ch\m-HumanNeuronLab\ANALYSIS\FLM\Analysis_LoraFanda\01_FBM_Analysis\outputs\04_ersp_LM_RAWONLY\PAT_6854\LM\ERSP_matrix\reading\PAT_6854_reading_WM_ERSP_TBG3_TN.npy,0.0248837209302325,0.0007235142118863,True,1533,7,0.038589053,7
PAT_6854,reading,LM,TPG1,\\nasac-m2.unige.ch\m-HumanNeuronLab\ANALYSIS\FLM\Analysis_LoraFanda\01_FBM_Analysis\outputs\04_ersp_LM_RAWONLY\PAT_6854\LM\ERSP_matrix\reading\PAT_6854_reading_WM_ERSP_TPG1_TN.npy,0.0351421188630491,0.0009302325581395,True,1534,7,0.018469602,7
PAT_6854,reading,LM,TPG2,\\nasac-m2.unige.ch\m-HumanNeuronLab\ANALYSIS\FLM\Analysis_LoraFanda\01_FBM_Analysis\outputs\04_ersp_LM_RAWONLY\PAT_6854\LM\ERSP_matrix\reading\PAT_6854_reading_WM_ERSP_TPG2_TN.npy,0.025813953488372,0.0018863049095607,True,1535,7,0.01944887,7
PAT_6854,reading,LM,TPG6,\\nasac-m2.unige.ch\m-HumanNeuronLab\ANALYSIS\FLM\Analysis_LoraFanda\01_FBM_Analysis\outputs\04_ersp_LM_RAWONLY\PAT_6854\LM\ERSP_matrix\reading\PAT_6854_reading_WM_ERSP_TPG6_TN.npy,0.0245994832041343,0.0024031007751937,True,1536,7,0.05690058,7
PAT_6854,reading,LM,TPG7,\\nasac-m2.unige.ch\m-HumanNeuronLab\ANALYSIS\FLM\Analysis_LoraFanda\01_FBM_Analysis\outputs\04_ersp_LM_RAWONLY\PAT_6854\LM\ERSP_matrix\reading\PAT_6854_reading_WM_ERSP_TPG7_TN.npy,0.0305684754521963,0.0020155038759689,True,1537,7,0.076329425,7
