sample_idx,patient_id,contact_norm,electrode,task,condition,n_high_activity,file_path,file_path_audio,file_path_picture,file_path_reading,cluster_kmeans_concat_hg,silhouette,cluster_kmeans_concat_hg_ranked,key,w0,w1,w2,w3,w4,w5,w6
0,EL030,AHL1,aH_L1,LM,concat,3,\\nasac-m2.unige.ch\m-HumanNeuronLab\ANALYSIS\FLM\Analysis_LoraFanda\01_FBM_Analysis\outputs\04_ersp_LM_RAWONLY\EL030\LM\ERSP_matrix\audio\EL030_audio_WM_ERSP_aH_L1_TN.npy,\\nasac-m2.unige.ch\m-HumanNeuronLab\ANALYSIS\FLM\Analysis_LoraFanda\01_FBM_Analysis\outputs\04_ersp_LM_RAWONLY\EL030\LM\ERSP_matrix\audio\EL030_audio_WM_ERSP_aH_L1_TN.npy,\\nasac-m2.unige.ch\m-HumanNeuronLab\ANALYSIS\FLM\Analysis_LoraFanda\01_FBM_Analysis\outputs\04_ersp_LM_RAWONLY\EL030\LM\ERSP_matrix\picture\EL030_picture_WM_ERSP_aH_L1_TN.npy,\\nasac-m2.unige.ch\m-HumanNeuronLab\ANALYSIS\FLM\Analysis_LoraFanda\01_FBM_Analysis\outputs\04_ersp_LM_RAWONLY\EL030\LM\ERSP_matrix\reading\EL030_reading_WM_ERSP_aH_L1_TN.npy,1,0.21507503,1,EL030|AHL1,0.1616254592318156,0.10413972846610194,0.31227669614309717,0.0002891437690807638,0.049509931589743206,2.3810776088823807e-14,0.3721590408001375
1,EL030,AHL10,aH_L10,LM,concat,3,\\nasac-m2.unige.ch\m-HumanNeuronLab\ANALYSIS\FLM\Analysis_LoraFanda\01_FBM_Analysis\outputs\04_ersp_LM_RAWONLY\EL030\LM\ERSP_matrix\audio\EL030_audio_WM_ERSP_aH_L10_TN.npy,\\nasac-m2.unige.ch\m-HumanNeuronLab\ANALYSIS\FLM\Analysis_LoraFanda\01_FBM_Analysis\outputs\04_ersp_LM_RAWONLY\EL030\LM\ERSP_matrix\audio\EL030_audio_WM_ERSP_aH_L10_TN.npy,\\nasac-m2.unige.ch\m-HumanNeuronLab\ANALYSIS\FLM\Analysis_LoraFanda\01_FBM_Analysis\outputs\04_ersp_LM_RAWONLY\EL030\LM\ERSP_matrix\picture\EL030_picture_WM_ERSP_aH_L10_TN.npy,\\nasac-m2.unige.ch\m-HumanNeuronLab\ANALYSIS\FLM\Analysis_LoraFanda\01_FBM_Analysis\outputs\04_ersp_LM_RAWONLY\EL030\LM\ERSP_matrix\reading\EL030_reading_WM_ERSP_aH_L10_TN.npy,3,0.1280997,3,EL030|AHL10,0.17173337193708232,0.04176638909547395,4.179941241774033e-08,0.07232741412413964,0.48372041928103887,0.13028524074463974,0.10016712301821315
2,EL030,AHL11,aH_L11,LM,concat,3,\\nasac-m2.unige.ch\m-HumanNeuronLab\ANALYSIS\FLM\Analysis_LoraFanda\01_FBM_Analysis\outputs\04_ersp_LM_RAWONLY\EL030\LM\ERSP_matrix\audio\EL030_audio_WM_ERSP_aH_L11_TN.npy,\\nasac-m2.unige.ch\m-HumanNeuronLab\ANALYSIS\FLM\Analysis_LoraFanda\01_FBM_Analysis\outputs\04_ersp_LM_RAWONLY\EL030\LM\ERSP_matrix\audio\EL030_audio_WM_ERSP_aH_L11_TN.npy,\\nasac-m2.unige.ch\m-HumanNeuronLab\ANALYSIS\FLM\Analysis_LoraFanda\01_FBM_Analysis\outputs\04_ersp_LM_RAWONLY\EL030\LM\ERSP_matrix\picture\EL030_picture_WM_ERSP_aH_L11_TN.npy,\\nasac-m2.unige.ch\m-HumanNeuronLab\ANALYSIS\FLM\Analysis_LoraFanda\01_FBM_Analysis\outputs\04_ersp_LM_RAWONLY\EL030\LM\ERSP_matrix\reading\EL030_reading_WM_ERSP_aH_L11_TN.npy,3,0.21468028,3,EL030|AHL11,0.14803202225559342,0.07437402739100532,3.483687478145987e-18,0.04382978335084769,0.47611848212903174,0.15172206792445475,0.10592361694906699
3,EL030,AHL12,aH_L12,LM,concat,3,\\nasac-m2.unige.ch\m-HumanNeuronLab\ANALYSIS\FLM\Analysis_LoraFanda\01_FBM_Analysis\outputs\04_ersp_LM_RAWONLY\EL030\LM\ERSP_matrix\audio\EL030_audio_WM_ERSP_aH_L12_TN.npy,\\nasac-m2.unige.ch\m-HumanNeuronLab\ANALYSIS\FLM\Analysis_LoraFanda\01_FBM_Analysis\outputs\04_ersp_LM_RAWONLY\EL030\LM\ERSP_matrix\audio\EL030_audio_WM_ERSP_aH_L12_TN.npy,\\nasac-m2.unige.ch\m-HumanNeuronLab\ANALYSIS\FLM\Analysis_LoraFanda\01_FBM_Analysis\outputs\04_ersp_LM_RAWONLY\EL030\LM\ERSP_matrix\picture\EL030_picture_WM_ERSP_aH_L12_TN.npy,\\nasac-m2.unige.ch\m-HumanNeuronLab\ANALYSIS\FLM\Analysis_LoraFanda\01_FBM_Analysis\outputs\04_ersp_LM_RAWONLY\EL030\LM\ERSP_matrix\reading\EL030_reading_WM_ERSP_aH_L12_TN.npy,3,0.23619078,3,EL030|AHL12,0.1991161393630596,0.020073042855799333,0.006288963585470349,0.0028664800182792525,0.492152841037092,0.16298670927281297,0.11651582386748631
4,EL030,AHL2,aH_L2,LM,concat,3,\\nasac-m2.unige.ch\m-HumanNeuronLab\ANALYSIS\FLM\Analysis_LoraFanda\01_FBM_Analysis\outputs\04_ersp_LM_RAWONLY\EL030\LM\ERSP_matrix\audio\EL030_audio_WM_ERSP_aH_L2_TN.npy,\\nasac-m2.unige.ch\m-HumanNeuronLab\ANALYSIS\FLM\Analysis_LoraFanda\01_FBM_Analysis\outputs\04_ersp_LM_RAWONLY\EL030\LM\ERSP_matrix\audio\EL030_audio_WM_ERSP_aH_L2_TN.npy,\\nasac-m2.unige.ch\m-HumanNeuronLab\ANALYSIS\FLM\Analysis_LoraFanda\01_FBM_Analysis\outputs\04_ersp_LM_RAWONLY\EL030\LM\ERSP_matrix\picture\EL030_picture_WM_ERSP_aH_L2_TN.npy,\\nasac-m2.unige.ch\m-HumanNeuronLab\ANALYSIS\FLM\Analysis_LoraFanda\01_FBM_Analysis\outputs\04_ersp_LM_RAWONLY\EL030\LM\ERSP_matrix\reading\EL030_reading_WM_ERSP_aH_L2_TN.npy,1,0.35217622,1,EL030|AHL2,0.2654680776051371,1.7144185494326192e-05,0.09359946521385266,0.026322704082821155,0.31566450357295156,0.000725429841445526,0.2982026754982976
5,EL030,AHL3,aH_L3,LM,concat,2,\\nasac-m2.unige.ch\m-HumanNeuronLab\ANALYSIS\FLM\Analysis_LoraFanda\01_FBM_Analysis\outputs\04_ersp_LM_RAWONLY\EL030\LM\ERSP_matrix\audio\EL030_audio_WM_ERSP_aH_L3_TN.npy,\\nasac-m2.unige.ch\m-HumanNeuronLab\ANALYSIS\FLM\Analysis_LoraFanda\01_FBM_Analysis\outputs\04_ersp_LM_RAWONLY\EL030\LM\ERSP_matrix\audio\EL030_audio_WM_ERSP_aH_L3_TN.npy,\\nasac-m2.unige.ch\m-HumanNeuronLab\ANALYSIS\FLM\Analysis_LoraFanda\01_FBM_Analysis\outputs\04_ersp_LM_RAWONLY\EL030\LM\ERSP_matrix\picture\EL030_picture_WM_ERSP_aH_L3_TN.npy,\\nasac-m2.unige.ch\m-HumanNeuronLab\ANALYSIS\FLM\Analysis_LoraFanda\01_FBM_Analysis\outputs\04_ersp_LM_RAWONLY\EL030\LM\ERSP_matrix\reading\EL030_reading_WM_ERSP_aH_L3_TN.npy,1,0.24990343,1,EL030|AHL3,0.17648985553888857,0.0978471176877736,6.462323430006311e-16,0.14738823453114352,0.3926304514732968,0.06271494809374652,0.12292939267515048
6,EL030,AHL4,aH_L4,LM,concat,3,\\nasac-m2.unige.ch\m-HumanNeuronLab\ANALYSIS\FLM\Analysis_LoraFanda\01_FBM_Analysis\outputs\04_ersp_LM_RAWONLY\EL030\LM\ERSP_matrix\audio\EL030_audio_WM_ERSP_aH_L4_TN.npy,\\nasac-m2.unige.ch\m-HumanNeuronLab\ANALYSIS\FLM\Analysis_LoraFanda\01_FBM_Analysis\outputs\04_ersp_LM_RAWONLY\EL030\LM\ERSP_matrix\audio\EL030_audio_WM_ERSP_aH_L4_TN.npy,\\nasac-m2.unige.ch\m-HumanNeuronLab\ANALYSIS\FLM\Analysis_LoraFanda\01_FBM_Analysis\outputs\04_ersp_LM_RAWONLY\EL030\LM\ERSP_matrix\picture\EL030_picture_WM_ERSP_aH_L4_TN.npy,\\nasac-m2.unige.ch\m-HumanNeuronLab\ANALYSIS\FLM\Analysis_LoraFanda\01_FBM_Analysis\outputs\04_ersp_LM_RAWONLY\EL030\LM\ERSP_matrix\reading\EL030_reading_WM_ERSP_aH_L4_TN.npy,3,-0.039910536,3,EL030|AHL4,0.20212444268270027,0.05444075938773618,1.1308173333567785e-10,0.02870945801789647,0.4523047046920161,0.14908382759448252,0.11333680751208669
7,EL030,AHL5,aH_L5,LM,concat,3,\\nasac-m2.unige.ch\m-HumanNeuronLab\ANALYSIS\FLM\Analysis_LoraFanda\01_FBM_Analysis\outputs\04_ersp_LM_RAWONLY\EL030\LM\ERSP_matrix\audio\EL030_audio_WM_ERSP_aH_L5_TN.npy,\\nasac-m2.unige.ch\m-HumanNeuronLab\ANALYSIS\FLM\Analysis_LoraFanda\01_FBM_Analysis\outputs\04_ersp_LM_RAWONLY\EL030\LM\ERSP_matrix\audio\EL030_audio_WM_ERSP_aH_L5_TN.npy,\\nasac-m2.unige.ch\m-HumanNeuronLab\ANALYSIS\FLM\Analysis_LoraFanda\01_FBM_Analysis\outputs\04_ersp_LM_RAWONLY\EL030\LM\ERSP_matrix\picture\EL030_picture_WM_ERSP_aH_L5_TN.npy,\\nasac-m2.unige.ch\m-HumanNeuronLab\ANALYSIS\FLM\Analysis_LoraFanda\01_FBM_Analysis\outputs\04_ersp_LM_RAWONLY\EL030\LM\ERSP_matrix\reading\EL030_reading_WM_ERSP_aH_L5_TN.npy,3,-0.12557487,3,EL030|AHL5,0.17988305528607038,0.0520815929255357,4.74140519600049e-10,0.10757150143327374,0.45716218653497376,0.011763114792051632,0.19153854855395422
8,EL030,AHL6,aH_L6,LM,concat,3,\\nasac-m2.unige.ch\m-HumanNeuronLab\ANALYSIS\FLM\Analysis_LoraFanda\01_FBM_Analysis\outputs\04_ersp_LM_RAWONLY\EL030\LM\ERSP_matrix\audio\EL030_audio_WM_ERSP_aH_L6_TN.npy,\\nasac-m2.unige.ch\m-HumanNeuronLab\ANALYSIS\FLM\Analysis_LoraFanda\01_FBM_Analysis\outputs\04_ersp_LM_RAWONLY\EL030\LM\ERSP_matrix\audio\EL030_audio_WM_ERSP_aH_L6_TN.npy,\\nasac-m2.unige.ch\m-HumanNeuronLab\ANALYSIS\FLM\Analysis_LoraFanda\01_FBM_Analysis\outputs\04_ersp_LM_RAWONLY\EL030\LM\ERSP_matrix\picture\EL030_picture_WM_ERSP_aH_L6_TN.npy,\\nasac-m2.unige.ch\m-HumanNeuronLab\ANALYSIS\FLM\Analysis_LoraFanda\01_FBM_Analysis\outputs\04_ersp_LM_RAWONLY\EL030\LM\ERSP_matrix\reading\EL030_reading_WM_ERSP_aH_L6_TN.npy,3,0.12985443,3,EL030|AHL6,0.20242521103044084,0.020684674412730614,0.07216462681313242,0.008214503176940622,0.48433224893690513,0.08085998182338028,0.13131875380647007
9,EL030,AHL7,aH_L7,LM,concat,3,\\nasac-m2.unige.ch\m-HumanNeuronLab\ANALYSIS\FLM\Analysis_LoraFanda\01_FBM_Analysis\outputs\04_ersp_LM_RAWONLY\EL030\LM\ERSP_matrix\audio\EL030_audio_WM_ERSP_aH_L7_TN.npy,\\nasac-m2.unige.ch\m-HumanNeuronLab\ANALYSIS\FLM\Analysis_LoraFanda\01_FBM_Analysis\outputs\04_ersp_LM_RAWONLY\EL030\LM\ERSP_matrix\audio\EL030_audio_WM_ERSP_aH_L7_TN.npy,\\nasac-m2.unige.ch\m-HumanNeuronLab\ANALYSIS\FLM\Analysis_LoraFanda\01_FBM_Analysis\outputs\04_ersp_LM_RAWONLY\EL030\LM\ERSP_matrix\picture\EL030_picture_WM_ERSP_aH_L7_TN.npy,\\nasac-m2.unige.ch\m-HumanNeuronLab\ANALYSIS\FLM\Analysis_LoraFanda\01_FBM_Analysis\outputs\04_ersp_LM_RAWONLY\EL030\LM\ERSP_matrix\reading\EL030_reading_WM_ERSP_aH_L7_TN.npy,3,0.17307436,3,EL030|AHL7,0.13352955415127807,0.03875817343874047,0.03217932674183435,0.008635957362378125,0.518737644041234,0.10377030399523011,0.16438904026930487
10,EL030,AHL8,aH_L8,LM,concat,3,\\nasac-m2.unige.ch\m-HumanNeuronLab\ANALYSIS\FLM\Analysis_LoraFanda\01_FBM_Analysis\outputs\04_ersp_LM_RAWONLY\EL030\LM\ERSP_matrix\audio\EL030_audio_WM_ERSP_aH_L8_TN.npy,\\nasac-m2.unige.ch\m-HumanNeuronLab\ANALYSIS\FLM\Analysis_LoraFanda\01_FBM_Analysis\outputs\04_ersp_LM_RAWONLY\EL030\LM\ERSP_matrix\audio\EL030_audio_WM_ERSP_aH_L8_TN.npy,\\nasac-m2.unige.ch\m-HumanNeuronLab\ANALYSIS\FLM\Analysis_LoraFanda\01_FBM_Analysis\outputs\04_ersp_LM_RAWONLY\EL030\LM\ERSP_matrix\picture\EL030_picture_WM_ERSP_aH_L8_TN.npy,\\nasac-m2.unige.ch\m-HumanNeuronLab\ANALYSIS\FLM\Analysis_LoraFanda\01_FBM_Analysis\outputs\04_ersp_LM_RAWONLY\EL030\LM\ERSP_matrix\reading\EL030_reading_WM_ERSP_aH_L8_TN.npy,3,0.043196183,3,EL030|AHL8,0.0946191000690755,7.561704551658799e-06,0.07555769306766413,0.050169654969141386,0.5108144957581174,0.13977588335193064,0.1290556110795194
11,EL030,AHL9,aH_L9,LM,concat,3,\\nasac-m2.unige.ch\m-HumanNeuronLab\ANALYSIS\FLM\Analysis_LoraFanda\01_FBM_Analysis\outputs\04_ersp_LM_RAWONLY\EL030\LM\ERSP_matrix\audio\EL030_audio_WM_ERSP_aH_L9_TN.npy,\\nasac-m2.unige.ch\m-HumanNeuronLab\ANALYSIS\FLM\Analysis_LoraFanda\01_FBM_Analysis\outputs\04_ersp_LM_RAWONLY\EL030\LM\ERSP_matrix\audio\EL030_audio_WM_ERSP_aH_L9_TN.npy,\\nasac-m2.unige.ch\m-HumanNeuronLab\ANALYSIS\FLM\Analysis_LoraFanda\01_FBM_Analysis\outputs\04_ersp_LM_RAWONLY\EL030\LM\ERSP_matrix\picture\EL030_picture_WM_ERSP_aH_L9_TN.npy,\\nasac-m2.unige.ch\m-HumanNeuronLab\ANALYSIS\FLM\Analysis_LoraFanda\01_FBM_Analysis\outputs\04_ersp_LM_RAWONLY\EL030\LM\ERSP_matrix\reading\EL030_reading_WM_ERSP_aH_L9_TN.npy,3,-0.024109723,3,EL030|AHL9,0.09035488411227505,0.0029728528879032438,2.1857036901191633e-11,0.12695566224782537,0.544288995990872,0.12176301927442806,0.11366458546483943
12,EL030,AHR1,aH_R1,LM,concat,1,\\nasac-m2.unige.ch\m-HumanNeuronLab\ANALYSIS\FLM\Analysis_LoraFanda\01_FBM_Analysis\outputs\04_ersp_LM_RAWONLY\EL030\LM\ERSP_matrix\audio\EL030_audio_WM_ERSP_aH_R1_TN.npy,\\nasac-m2.unige.ch\m-HumanNeuronLab\ANALYSIS\FLM\Analysis_LoraFanda\01_FBM_Analysis\outputs\04_ersp_LM_RAWONLY\EL030\LM\ERSP_matrix\audio\EL030_audio_WM_ERSP_aH_R1_TN.npy,\\nasac-m2.unige.ch\m-HumanNeuronLab\ANALYSIS\FLM\Analysis_LoraFanda\01_FBM_Analysis\outputs\04_ersp_LM_RAWONLY\EL030\LM\ERSP_matrix\picture\EL030_picture_WM_ERSP_aH_R1_TN.npy,\\nasac-m2.unige.ch\m-HumanNeuronLab\ANALYSIS\FLM\Analysis_LoraFanda\01_FBM_Analysis\outputs\04_ersp_LM_RAWONLY\EL030\LM\ERSP_matrix\reading\EL030_reading_WM_ERSP_aH_R1_TN.npy,2,-0.08853026,2,EL030|AHR1,0.4191476534047508,9.250632690122102e-05,5.110960837043821e-14,0.41303837875725263,1.1697428377071766e-06,0.16688997811371334,0.0008303136544932926
13,EL030,AHR10,aH_R10,LM,concat,2,\\nasac-m2.unige.ch\m-HumanNeuronLab\ANALYSIS\FLM\Analysis_LoraFanda\01_FBM_Analysis\outputs\04_ersp_LM_RAWONLY\EL030\LM\ERSP_matrix\audio\EL030_audio_WM_ERSP_aH_R10_TN.npy,\\nasac-m2.unige.ch\m-HumanNeuronLab\ANALYSIS\FLM\Analysis_LoraFanda\01_FBM_Analysis\outputs\04_ersp_LM_RAWONLY\EL030\LM\ERSP_matrix\audio\EL030_audio_WM_ERSP_aH_R10_TN.npy,\\nasac-m2.unige.ch\m-HumanNeuronLab\ANALYSIS\FLM\Analysis_LoraFanda\01_FBM_Analysis\outputs\04_ersp_LM_RAWONLY\EL030\LM\ERSP_matrix\picture\EL030_picture_WM_ERSP_aH_R10_TN.npy,\\nasac-m2.unige.ch\m-HumanNeuronLab\ANALYSIS\FLM\Analysis_LoraFanda\01_FBM_Analysis\outputs\04_ersp_LM_RAWONLY\EL030\LM\ERSP_matrix\reading\EL030_reading_WM_ERSP_aH_R10_TN.npy,1,0.17599705,1,EL030|AHR10,0.1413557164247626,9.035298745956659e-08,0.26073639251480657,0.35658391570132586,0.24125432056830132,2.1929468373469567e-07,6.934514313239594e-05
14,EL030,AHR11,aH_R11,LM,concat,3,\\nasac-m2.unige.ch\m-HumanNeuronLab\ANALYSIS\FLM\Analysis_LoraFanda\01_FBM_Analysis\outputs\04_ersp_LM_RAWONLY\EL030\LM\ERSP_matrix\audio\EL030_audio_WM_ERSP_aH_R11_TN.npy,\\nasac-m2.unige.ch\m-HumanNeuronLab\ANALYSIS\FLM\Analysis_LoraFanda\01_FBM_Analysis\outputs\04_ersp_LM_RAWONLY\EL030\LM\ERSP_matrix\audio\EL030_audio_WM_ERSP_aH_R11_TN.npy,\\nasac-m2.unige.ch\m-HumanNeuronLab\ANALYSIS\FLM\Analysis_LoraFanda\01_FBM_Analysis\outputs\04_ersp_LM_RAWONLY\EL030\LM\ERSP_matrix\picture\EL030_picture_WM_ERSP_aH_R11_TN.npy,\\nasac-m2.unige.ch\m-HumanNeuronLab\ANALYSIS\FLM\Analysis_LoraFanda\01_FBM_Analysis\outputs\04_ersp_LM_RAWONLY\EL030\LM\ERSP_matrix\reading\EL030_reading_WM_ERSP_aH_R11_TN.npy,2,-0.07907028,2,EL030|AHR11,0.09275190349142577,3.4425621475356765e-12,0.10154731178268206,0.4866549456300896,0.19108293289763856,0.12794957508260735,1.3331112114036066e-05
15,EL030,AHR12,aH_R12,LM,concat,2,\\nasac-m2.unige.ch\m-HumanNeuronLab\ANALYSIS\FLM\Analysis_LoraFanda\01_FBM_Analysis\outputs\04_ersp_LM_RAWONLY\EL030\LM\ERSP_matrix\audio\EL030_audio_WM_ERSP_aH_R12_TN.npy,\\nasac-m2.unige.ch\m-HumanNeuronLab\ANALYSIS\FLM\Analysis_LoraFanda\01_FBM_Analysis\outputs\04_ersp_LM_RAWONLY\EL030\LM\ERSP_matrix\audio\EL030_audio_WM_ERSP_aH_R12_TN.npy,\\nasac-m2.unige.ch\m-HumanNeuronLab\ANALYSIS\FLM\Analysis_LoraFanda\01_FBM_Analysis\outputs\04_ersp_LM_RAWONLY\EL030\LM\ERSP_matrix\picture\EL030_picture_WM_ERSP_aH_R12_TN.npy,\\nasac-m2.unige.ch\m-HumanNeuronLab\ANALYSIS\FLM\Analysis_LoraFanda\01_FBM_Analysis\outputs\04_ersp_LM_RAWONLY\EL030\LM\ERSP_matrix\reading\EL030_reading_WM_ERSP_aH_R12_TN.npy,1,0.15962796,1,EL030|AHR12,0.12183476648702245,1.0146092348682999e-11,0.17691384564690799,0.40536982317577436,0.29581036005710737,1.6564657644252739e-16,7.120462304149458e-05
16,EL030,AHR13,aH_R13,LM,concat,3,\\nasac-m2.unige.ch\m-HumanNeuronLab\ANALYSIS\FLM\Analysis_LoraFanda\01_FBM_Analysis\outputs\04_ersp_LM_RAWONLY\EL030\LM\ERSP_matrix\audio\EL030_audio_WM_ERSP_aH_R13_TN.npy,\\nasac-m2.unige.ch\m-HumanNeuronLab\ANALYSIS\FLM\Analysis_LoraFanda\01_FBM_Analysis\outputs\04_ersp_LM_RAWONLY\EL030\LM\ERSP_matrix\audio\EL030_audio_WM_ERSP_aH_R13_TN.npy,\\nasac-m2.unige.ch\m-HumanNeuronLab\ANALYSIS\FLM\Analysis_LoraFanda\01_FBM_Analysis\outputs\04_ersp_LM_RAWONLY\EL030\LM\ERSP_matrix\picture\EL030_picture_WM_ERSP_aH_R13_TN.npy,\\nasac-m2.unige.ch\m-HumanNeuronLab\ANALYSIS\FLM\Analysis_LoraFanda\01_FBM_Analysis\outputs\04_ersp_LM_RAWONLY\EL030\LM\ERSP_matrix\reading\EL030_reading_WM_ERSP_aH_R13_TN.npy,1,0.13536508,1,EL030|AHR13,0.03304028217026014,0.10170050583095042,0.26054727342129574,0.3022545822660065,0.3024525480204491,6.369214526784241e-42,4.808291038142677e-06
17,EL030,AHR14,aH_R14,LM,concat,2,\\nasac-m2.unige.ch\m-HumanNeuronLab\ANALYSIS\FLM\Analysis_LoraFanda\01_FBM_Analysis\outputs\04_ersp_LM_RAWONLY\EL030\LM\ERSP_matrix\audio\EL030_audio_WM_ERSP_aH_R14_TN.npy,\\nasac-m2.unige.ch\m-HumanNeuronLab\ANALYSIS\FLM\Analysis_LoraFanda\01_FBM_Analysis\outputs\04_ersp_LM_RAWONLY\EL030\LM\ERSP_matrix\audio\EL030_audio_WM_ERSP_aH_R14_TN.npy,\\nasac-m2.unige.ch\m-HumanNeuronLab\ANALYSIS\FLM\Analysis_LoraFanda\01_FBM_Analysis\outputs\04_ersp_LM_RAWONLY\EL030\LM\ERSP_matrix\picture\EL030_picture_WM_ERSP_aH_R14_TN.npy,\\nasac-m2.unige.ch\m-HumanNeuronLab\ANALYSIS\FLM\Analysis_LoraFanda\01_FBM_Analysis\outputs\04_ersp_LM_RAWONLY\EL030\LM\ERSP_matrix\reading\EL030_reading_WM_ERSP_aH_R14_TN.npy,2,0.028419692,2,EL030|AHR14,0.02355057513985671,0.054459756855697476,0.37235345047270385,0.3958216871067952,0.15380950857883505,1.9833275245209695e-46,5.02184611171469e-06
18,EL030,AHR15,aH_R15,LM,concat,2,\\nasac-m2.unige.ch\m-HumanNeuronLab\ANALYSIS\FLM\Analysis_LoraFanda\01_FBM_Analysis\outputs\04_ersp_LM_RAWONLY\EL030\LM\ERSP_matrix\audio\EL030_audio_WM_ERSP_aH_R15_TN.npy,\\nasac-m2.unige.ch\m-HumanNeuronLab\ANALYSIS\FLM\Analysis_LoraFanda\01_FBM_Analysis\outputs\04_ersp_LM_RAWONLY\EL030\LM\ERSP_matrix\audio\EL030_audio_WM_ERSP_aH_R15_TN.npy,\\nasac-m2.unige.ch\m-HumanNeuronLab\ANALYSIS\FLM\Analysis_LoraFanda\01_FBM_Analysis\outputs\04_ersp_LM_RAWONLY\EL030\LM\ERSP_matrix\picture\EL030_picture_WM_ERSP_aH_R15_TN.npy,\\nasac-m2.unige.ch\m-HumanNeuronLab\ANALYSIS\FLM\Analysis_LoraFanda\01_FBM_Analysis\outputs\04_ersp_LM_RAWONLY\EL030\LM\ERSP_matrix\reading\EL030_reading_WM_ERSP_aH_R15_TN.npy,2,-0.042467546,2,EL030|AHR15,0.0001031061016778059,0.060576231994743664,0.463434445477541,0.32512957131750536,0.1507540964267015,1.3568162919830434e-44,2.548681830714257e-06
19,EL030,AL1,A_L1,LM,concat,1,\\nasac-m2.unige.ch\m-HumanNeuronLab\ANALYSIS\FLM\Analysis_LoraFanda\01_FBM_Analysis\outputs\04_ersp_LM_RAWONLY\EL030\LM\ERSP_matrix\audio\EL030_audio_WM_ERSP_A_L1_TN.npy,\\nasac-m2.unige.ch\m-HumanNeuronLab\ANALYSIS\FLM\Analysis_LoraFanda\01_FBM_Analysis\outputs\04_ersp_LM_RAWONLY\EL030\LM\ERSP_matrix\audio\EL030_audio_WM_ERSP_A_L1_TN.npy,\\nasac-m2.unige.ch\m-HumanNeuronLab\ANALYSIS\FLM\Analysis_LoraFanda\01_FBM_Analysis\outputs\04_ersp_LM_RAWONLY\EL030\LM\ERSP_matrix\picture\EL030_picture_WM_ERSP_A_L1_TN.npy,\\nasac-m2.unige.ch\m-HumanNeuronLab\ANALYSIS\FLM\Analysis_LoraFanda\01_FBM_Analysis\outputs\04_ersp_LM_RAWONLY\EL030\LM\ERSP_matrix\reading\EL030_reading_WM_ERSP_A_L1_TN.npy,1,0.16132186,1,EL030|AL1,0.19761896355296152,0.03662433975092606,0.14565229531072157,0.049331626972878614,0.3875771668921851,0.1160372340386467,0.06715837348168047
20,EL030,AL10,A_L10,LM,concat,3,\\nasac-m2.unige.ch\m-HumanNeuronLab\ANALYSIS\FLM\Analysis_LoraFanda\01_FBM_Analysis\outputs\04_ersp_LM_RAWONLY\EL030\LM\ERSP_matrix\audio\EL030_audio_WM_ERSP_A_L10_TN.npy,\\nasac-m2.unige.ch\m-HumanNeuronLab\ANALYSIS\FLM\Analysis_LoraFanda\01_FBM_Analysis\outputs\04_ersp_LM_RAWONLY\EL030\LM\ERSP_matrix\audio\EL030_audio_WM_ERSP_A_L10_TN.npy,\\nasac-m2.unige.ch\m-HumanNeuronLab\ANALYSIS\FLM\Analysis_LoraFanda\01_FBM_Analysis\outputs\04_ersp_LM_RAWONLY\EL030\LM\ERSP_matrix\picture\EL030_picture_WM_ERSP_A_L10_TN.npy,\\nasac-m2.unige.ch\m-HumanNeuronLab\ANALYSIS\FLM\Analysis_LoraFanda\01_FBM_Analysis\outputs\04_ersp_LM_RAWONLY\EL030\LM\ERSP_matrix\reading\EL030_reading_WM_ERSP_A_L10_TN.npy,3,0.17122479,3,EL030|AL10,0.18876364978990204,0.006014243185147284,0.13023241104317335,0.01771973361135534,0.5668980429384051,0.06131171644488847,0.02906020298712849
21,EL030,AL11,A_L11,LM,concat,3,\\nasac-m2.unige.ch\m-HumanNeuronLab\ANALYSIS\FLM\Analysis_LoraFanda\01_FBM_Analysis\outputs\04_ersp_LM_RAWONLY\EL030\LM\ERSP_matrix\audio\EL030_audio_WM_ERSP_A_L11_TN.npy,\\nasac-m2.unige.ch\m-HumanNeuronLab\ANALYSIS\FLM\Analysis_LoraFanda\01_FBM_Analysis\outputs\04_ersp_LM_RAWONLY\EL030\LM\ERSP_matrix\audio\EL030_audio_WM_ERSP_A_L11_TN.npy,\\nasac-m2.unige.ch\m-HumanNeuronLab\ANALYSIS\FLM\Analysis_LoraFanda\01_FBM_Analysis\outputs\04_ersp_LM_RAWONLY\EL030\LM\ERSP_matrix\picture\EL030_picture_WM_ERSP_A_L11_TN.npy,\\nasac-m2.unige.ch\m-HumanNeuronLab\ANALYSIS\FLM\Analysis_LoraFanda\01_FBM_Analysis\outputs\04_ersp_LM_RAWONLY\EL030\LM\ERSP_matrix\reading\EL030_reading_WM_ERSP_A_L11_TN.npy,3,0.1707337,3,EL030|AL11,0.14570282802870024,0.01558842459883337,0.12032926416641813,0.03845608857627262,0.6060106226167555,0.00961547184565054,0.06429730016736963
22,EL030,AL12,A_L12,LM,concat,3,\\nasac-m2.unige.ch\m-HumanNeuronLab\ANALYSIS\FLM\Analysis_LoraFanda\01_FBM_Analysis\outputs\04_ersp_LM_RAWONLY\EL030\LM\ERSP_matrix\audio\EL030_audio_WM_ERSP_A_L12_TN.npy,\\nasac-m2.unige.ch\m-HumanNeuronLab\ANALYSIS\FLM\Analysis_LoraFanda\01_FBM_Analysis\outputs\04_ersp_LM_RAWONLY\EL030\LM\ERSP_matrix\audio\EL030_audio_WM_ERSP_A_L12_TN.npy,\\nasac-m2.unige.ch\m-HumanNeuronLab\ANALYSIS\FLM\Analysis_LoraFanda\01_FBM_Analysis\outputs\04_ersp_LM_RAWONLY\EL030\LM\ERSP_matrix\picture\EL030_picture_WM_ERSP_A_L12_TN.npy,\\nasac-m2.unige.ch\m-HumanNeuronLab\ANALYSIS\FLM\Analysis_LoraFanda\01_FBM_Analysis\outputs\04_ersp_LM_RAWONLY\EL030\LM\ERSP_matrix\reading\EL030_reading_WM_ERSP_A_L12_TN.npy,3,0.18914121,3,EL030|AL12,0.17888134142485004,0.04594098602375081,0.06926858929109629,0.013418621047564286,0.6189059072499581,0.0021538669805082635,0.07143068798227217
23,EL030,AL13,A_L13,LM,concat,3,\\nasac-m2.unige.ch\m-HumanNeuronLab\ANALYSIS\FLM\Analysis_LoraFanda\01_FBM_Analysis\outputs\04_ersp_LM_RAWONLY\EL030\LM\ERSP_matrix\audio\EL030_audio_WM_ERSP_A_L13_TN.npy,\\nasac-m2.unige.ch\m-HumanNeuronLab\ANALYSIS\FLM\Analysis_LoraFanda\01_FBM_Analysis\outputs\04_ersp_LM_RAWONLY\EL030\LM\ERSP_matrix\audio\EL030_audio_WM_ERSP_A_L13_TN.npy,\\nasac-m2.unige.ch\m-HumanNeuronLab\ANALYSIS\FLM\Analysis_LoraFanda\01_FBM_Analysis\outputs\04_ersp_LM_RAWONLY\EL030\LM\ERSP_matrix\picture\EL030_picture_WM_ERSP_A_L13_TN.npy,\\nasac-m2.unige.ch\m-HumanNeuronLab\ANALYSIS\FLM\Analysis_LoraFanda\01_FBM_Analysis\outputs\04_ersp_LM_RAWONLY\EL030\LM\ERSP_matrix\reading\EL030_reading_WM_ERSP_A_L13_TN.npy,3,0.18449783,3,EL030|AL13,0.23314569270508886,0.04865672527435237,0.08221740865839841,0.00996684886131065,0.5213188866146468,0.04697896080742141,0.057715477078781635
24,EL030,AL14,A_L14,LM,concat,3,\\nasac-m2.unige.ch\m-HumanNeuronLab\ANALYSIS\FLM\Analysis_LoraFanda\01_FBM_Analysis\outputs\04_ersp_LM_RAWONLY\EL030\LM\ERSP_matrix\audio\EL030_audio_WM_ERSP_A_L14_TN.npy,\\nasac-m2.unige.ch\m-HumanNeuronLab\ANALYSIS\FLM\Analysis_LoraFanda\01_FBM_Analysis\outputs\04_ersp_LM_RAWONLY\EL030\LM\ERSP_matrix\audio\EL030_audio_WM_ERSP_A_L14_TN.npy,\\nasac-m2.unige.ch\m-HumanNeuronLab\ANALYSIS\FLM\Analysis_LoraFanda\01_FBM_Analysis\outputs\04_ersp_LM_RAWONLY\EL030\LM\ERSP_matrix\picture\EL030_picture_WM_ERSP_A_L14_TN.npy,\\nasac-m2.unige.ch\m-HumanNeuronLab\ANALYSIS\FLM\Analysis_LoraFanda\01_FBM_Analysis\outputs\04_ersp_LM_RAWONLY\EL030\LM\ERSP_matrix\reading\EL030_reading_WM_ERSP_A_L14_TN.npy,3,0.1844201,3,EL030|AL14,0.2043942560458039,0.05742414194059656,0.12036228428931944,0.002162384019654476,0.5176297776429895,0.03684829425787568,0.06117886180376056
25,EL030,AL15,A_L15,LM,concat,3,\\nasac-m2.unige.ch\m-HumanNeuronLab\ANALYSIS\FLM\Analysis_LoraFanda\01_FBM_Analysis\outputs\04_ersp_LM_RAWONLY\EL030\LM\ERSP_matrix\audio\EL030_audio_WM_ERSP_A_L15_TN.npy,\\nasac-m2.unige.ch\m-HumanNeuronLab\ANALYSIS\FLM\Analysis_LoraFanda\01_FBM_Analysis\outputs\04_ersp_LM_RAWONLY\EL030\LM\ERSP_matrix\audio\EL030_audio_WM_ERSP_A_L15_TN.npy,\\nasac-m2.unige.ch\m-HumanNeuronLab\ANALYSIS\FLM\Analysis_LoraFanda\01_FBM_Analysis\outputs\04_ersp_LM_RAWONLY\EL030\LM\ERSP_matrix\picture\EL030_picture_WM_ERSP_A_L15_TN.npy,\\nasac-m2.unige.ch\m-HumanNeuronLab\ANALYSIS\FLM\Analysis_LoraFanda\01_FBM_Analysis\outputs\04_ersp_LM_RAWONLY\EL030\LM\ERSP_matrix\reading\EL030_reading_WM_ERSP_A_L15_TN.npy,3,0.18441498,3,EL030|AL15,0.22163596753792303,0.06202686691991307,0.10325922445837064,0.0027752527000487436,0.5071659284228602,0.05333662172232364,0.049800138238560665
26,EL030,AL2,A_L2,LM,concat,3,\\nasac-m2.unige.ch\m-HumanNeuronLab\ANALYSIS\FLM\Analysis_LoraFanda\01_FBM_Analysis\outputs\04_ersp_LM_RAWONLY\EL030\LM\ERSP_matrix\audio\EL030_audio_WM_ERSP_A_L2_TN.npy,\\nasac-m2.unige.ch\m-HumanNeuronLab\ANALYSIS\FLM\Analysis_LoraFanda\01_FBM_Analysis\outputs\04_ersp_LM_RAWONLY\EL030\LM\ERSP_matrix\audio\EL030_audio_WM_ERSP_A_L2_TN.npy,\\nasac-m2.unige.ch\m-HumanNeuronLab\ANALYSIS\FLM\Analysis_LoraFanda\01_FBM_Analysis\outputs\04_ersp_LM_RAWONLY\EL030\LM\ERSP_matrix\picture\EL030_picture_WM_ERSP_A_L2_TN.npy,\\nasac-m2.unige.ch\m-HumanNeuronLab\ANALYSIS\FLM\Analysis_LoraFanda\01_FBM_Analysis\outputs\04_ersp_LM_RAWONLY\EL030\LM\ERSP_matrix\reading\EL030_reading_WM_ERSP_A_L2_TN.npy,3,-0.11452383,3,EL030|AL2,0.1716866981466146,0.05040199838587239,0.1971154567599306,0.016105914018711438,0.3922796681298635,0.09020559878982952,0.08220466576917798
27,EL030,AL3,A_L3,LM,concat,3,\\nasac-m2.unige.ch\m-HumanNeuronLab\ANALYSIS\FLM\Analysis_LoraFanda\01_FBM_Analysis\outputs\04_ersp_LM_RAWONLY\EL030\LM\ERSP_matrix\audio\EL030_audio_WM_ERSP_A_L3_TN.npy,\\nasac-m2.unige.ch\m-HumanNeuronLab\ANALYSIS\FLM\Analysis_LoraFanda\01_FBM_Analysis\outputs\04_ersp_LM_RAWONLY\EL030\LM\ERSP_matrix\audio\EL030_audio_WM_ERSP_A_L3_TN.npy,\\nasac-m2.unige.ch\m-HumanNeuronLab\ANALYSIS\FLM\Analysis_LoraFanda\01_FBM_Analysis\outputs\04_ersp_LM_RAWONLY\EL030\LM\ERSP_matrix\picture\EL030_picture_WM_ERSP_A_L3_TN.npy,\\nasac-m2.unige.ch\m-HumanNeuronLab\ANALYSIS\FLM\Analysis_LoraFanda\01_FBM_Analysis\outputs\04_ersp_LM_RAWONLY\EL030\LM\ERSP_matrix\reading\EL030_reading_WM_ERSP_A_L3_TN.npy,3,-0.047372032,3,EL030|AL3,0.22100160467560648,0.0777674547991795,0.11168148951515508,0.02022749658943185,0.38297685722785807,0.08520672955232989,0.1011383676404391
28,EL030,AL4,A_L4,LM,concat,3,\\nasac-m2.unige.ch\m-HumanNeuronLab\ANALYSIS\FLM\Analysis_LoraFanda\01_FBM_Analysis\outputs\04_ersp_LM_RAWONLY\EL030\LM\ERSP_matrix\audio\EL030_audio_WM_ERSP_A_L4_TN.npy,\\nasac-m2.unige.ch\m-HumanNeuronLab\ANALYSIS\FLM\Analysis_LoraFanda\01_FBM_Analysis\outputs\04_ersp_LM_RAWONLY\EL030\LM\ERSP_matrix\audio\EL030_audio_WM_ERSP_A_L4_TN.npy,\\nasac-m2.unige.ch\m-HumanNeuronLab\ANALYSIS\FLM\Analysis_LoraFanda\01_FBM_Analysis\outputs\04_ersp_LM_RAWONLY\EL030\LM\ERSP_matrix\picture\EL030_picture_WM_ERSP_A_L4_TN.npy,\\nasac-m2.unige.ch\m-HumanNeuronLab\ANALYSIS\FLM\Analysis_LoraFanda\01_FBM_Analysis\outputs\04_ersp_LM_RAWONLY\EL030\LM\ERSP_matrix\reading\EL030_reading_WM_ERSP_A_L4_TN.npy,3,-0.08803597,3,EL030|AL4,0.19138427143706166,0.10215699351324933,0.08442893019127859,0.019314353523368678,0.38212567992659663,0.10892551185437288,0.11166425955407232
29,EL030,AL5,A_L5,LM,concat,3,\\nasac-m2.unige.ch\m-HumanNeuronLab\ANALYSIS\FLM\Analysis_LoraFanda\01_FBM_Analysis\outputs\04_ersp_LM_RAWONLY\EL030\LM\ERSP_matrix\audio\EL030_audio_WM_ERSP_A_L5_TN.npy,\\nasac-m2.unige.ch\m-HumanNeuronLab\ANALYSIS\FLM\Analysis_LoraFanda\01_FBM_Analysis\outputs\04_ersp_LM_RAWONLY\EL030\LM\ERSP_matrix\audio\EL030_audio_WM_ERSP_A_L5_TN.npy,\\nasac-m2.unige.ch\m-HumanNeuronLab\ANALYSIS\FLM\Analysis_LoraFanda\01_FBM_Analysis\outputs\04_ersp_LM_RAWONLY\EL030\LM\ERSP_matrix\picture\EL030_picture_WM_ERSP_A_L5_TN.npy,\\nasac-m2.unige.ch\m-HumanNeuronLab\ANALYSIS\FLM\Analysis_LoraFanda\01_FBM_Analysis\outputs\04_ersp_LM_RAWONLY\EL030\LM\ERSP_matrix\reading\EL030_reading_WM_ERSP_A_L5_TN.npy,3,-0.03465431,3,EL030|AL5,0.16774853603293832,0.08720744076198429,0.1099575933666656,0.03338215510783978,0.39746182149164044,0.10607338216991359,0.09816907106901808
30,EL030,AL6,A_L6,LM,concat,3,\\nasac-m2.unige.ch\m-HumanNeuronLab\ANALYSIS\FLM\Analysis_LoraFanda\01_FBM_Analysis\outputs\04_ersp_LM_RAWONLY\EL030\LM\ERSP_matrix\audio\EL030_audio_WM_ERSP_A_L6_TN.npy,\\nasac-m2.unige.ch\m-HumanNeuronLab\ANALYSIS\FLM\Analysis_LoraFanda\01_FBM_Analysis\outputs\04_ersp_LM_RAWONLY\EL030\LM\ERSP_matrix\audio\EL030_audio_WM_ERSP_A_L6_TN.npy,\\nasac-m2.unige.ch\m-HumanNeuronLab\ANALYSIS\FLM\Analysis_LoraFanda\01_FBM_Analysis\outputs\04_ersp_LM_RAWONLY\EL030\LM\ERSP_matrix\picture\EL030_picture_WM_ERSP_A_L6_TN.npy,\\nasac-m2.unige.ch\m-HumanNeuronLab\ANALYSIS\FLM\Analysis_LoraFanda\01_FBM_Analysis\outputs\04_ersp_LM_RAWONLY\EL030\LM\ERSP_matrix\reading\EL030_reading_WM_ERSP_A_L6_TN.npy,3,0.048994113,3,EL030|AL6,0.1779374427746043,0.07666142916031807,0.12163248463100024,0.003761572962359196,0.4506006356414826,0.06899081621862795,0.10041561861160773
31,EL030,AL7,A_L7,LM,concat,3,\\nasac-m2.unige.ch\m-HumanNeuronLab\ANALYSIS\FLM\Analysis_LoraFanda\01_FBM_Analysis\outputs\04_ersp_LM_RAWONLY\EL030\LM\ERSP_matrix\audio\EL030_audio_WM_ERSP_A_L7_TN.npy,\\nasac-m2.unige.ch\m-HumanNeuronLab\ANALYSIS\FLM\Analysis_LoraFanda\01_FBM_Analysis\outputs\04_ersp_LM_RAWONLY\EL030\LM\ERSP_matrix\audio\EL030_audio_WM_ERSP_A_L7_TN.npy,\\nasac-m2.unige.ch\m-HumanNeuronLab\ANALYSIS\FLM\Analysis_LoraFanda\01_FBM_Analysis\outputs\04_ersp_LM_RAWONLY\EL030\LM\ERSP_matrix\picture\EL030_picture_WM_ERSP_A_L7_TN.npy,\\nasac-m2.unige.ch\m-HumanNeuronLab\ANALYSIS\FLM\Analysis_LoraFanda\01_FBM_Analysis\outputs\04_ersp_LM_RAWONLY\EL030\LM\ERSP_matrix\reading\EL030_reading_WM_ERSP_A_L7_TN.npy,3,0.13565837,3,EL030|AL7,0.1805214255564972,0.061512879918986435,0.11156481660571259,0.007778799759352216,0.4673129238710458,0.05575065551710326,0.1155584987713026
32,EL030,AL8,A_L8,LM,concat,3,\\nasac-m2.unige.ch\m-HumanNeuronLab\ANALYSIS\FLM\Analysis_LoraFanda\01_FBM_Analysis\outputs\04_ersp_LM_RAWONLY\EL030\LM\ERSP_matrix\audio\EL030_audio_WM_ERSP_A_L8_TN.npy,\\nasac-m2.unige.ch\m-HumanNeuronLab\ANALYSIS\FLM\Analysis_LoraFanda\01_FBM_Analysis\outputs\04_ersp_LM_RAWONLY\EL030\LM\ERSP_matrix\audio\EL030_audio_WM_ERSP_A_L8_TN.npy,\\nasac-m2.unige.ch\m-HumanNeuronLab\ANALYSIS\FLM\Analysis_LoraFanda\01_FBM_Analysis\outputs\04_ersp_LM_RAWONLY\EL030\LM\ERSP_matrix\picture\EL030_picture_WM_ERSP_A_L8_TN.npy,\\nasac-m2.unige.ch\m-HumanNeuronLab\ANALYSIS\FLM\Analysis_LoraFanda\01_FBM_Analysis\outputs\04_ersp_LM_RAWONLY\EL030\LM\ERSP_matrix\reading\EL030_reading_WM_ERSP_A_L8_TN.npy,3,0.15204959,3,EL030|AL8,0.14598260839972546,0.04620781779839846,0.016612662767084146,0.020259047495784152,0.5828422599869536,0.05829539478982617,0.129800208762228
33,EL030,AL9,A_L9,LM,concat,3,\\nasac-m2.unige.ch\m-HumanNeuronLab\ANALYSIS\FLM\Analysis_LoraFanda\01_FBM_Analysis\outputs\04_ersp_LM_RAWONLY\EL030\LM\ERSP_matrix\audio\EL030_audio_WM_ERSP_A_L9_TN.npy,\\nasac-m2.unige.ch\m-HumanNeuronLab\ANALYSIS\FLM\Analysis_LoraFanda\01_FBM_Analysis\outputs\04_ersp_LM_RAWONLY\EL030\LM\ERSP_matrix\audio\EL030_audio_WM_ERSP_A_L9_TN.npy,\\nasac-m2.unige.ch\m-HumanNeuronLab\ANALYSIS\FLM\Analysis_LoraFanda\01_FBM_Analysis\outputs\04_ersp_LM_RAWONLY\EL030\LM\ERSP_matrix\picture\EL030_picture_WM_ERSP_A_L9_TN.npy,\\nasac-m2.unige.ch\m-HumanNeuronLab\ANALYSIS\FLM\Analysis_LoraFanda\01_FBM_Analysis\outputs\04_ersp_LM_RAWONLY\EL030\LM\ERSP_matrix\reading\EL030_reading_WM_ERSP_A_L9_TN.npy,3,0.16359816,3,EL030|AL9,0.15868311690541234,0.003896488088016041,0.08686419480747065,0.024831538210029914,0.5861948859687726,0.06053759591731542,0.07899218010298294
34,EL030,AR1,A_R1,LM,concat,2,\\nasac-m2.unige.ch\m-HumanNeuronLab\ANALYSIS\FLM\Analysis_LoraFanda\01_FBM_Analysis\outputs\04_ersp_LM_RAWONLY\EL030\LM\ERSP_matrix\audio\EL030_audio_WM_ERSP_A_R1_TN.npy,\\nasac-m2.unige.ch\m-HumanNeuronLab\ANALYSIS\FLM\Analysis_LoraFanda\01_FBM_Analysis\outputs\04_ersp_LM_RAWONLY\EL030\LM\ERSP_matrix\audio\EL030_audio_WM_ERSP_A_R1_TN.npy,\\nasac-m2.unige.ch\m-HumanNeuronLab\ANALYSIS\FLM\Analysis_LoraFanda\01_FBM_Analysis\outputs\04_ersp_LM_RAWONLY\EL030\LM\ERSP_matrix\picture\EL030_picture_WM_ERSP_A_R1_TN.npy,\\nasac-m2.unige.ch\m-HumanNeuronLab\ANALYSIS\FLM\Analysis_LoraFanda\01_FBM_Analysis\outputs\04_ersp_LM_RAWONLY\EL030\LM\ERSP_matrix\reading\EL030_reading_WM_ERSP_A_R1_TN.npy,1,0.26267657,1,EL030|AR1,0.6139088056803393,2.789243961050229e-20,0.17602047230461246,2.8345627247181046e-06,0.21006753593039212,4.044053190582645e-12,3.515178871690662e-07
35,EL030,AR11,A_R11,LM,concat,2,\\nasac-m2.unige.ch\m-HumanNeuronLab\ANALYSIS\FLM\Analysis_LoraFanda\01_FBM_Analysis\outputs\04_ersp_LM_RAWONLY\EL030\LM\ERSP_matrix\audio\EL030_audio_WM_ERSP_A_R11_TN.npy,\\nasac-m2.unige.ch\m-HumanNeuronLab\ANALYSIS\FLM\Analysis_LoraFanda\01_FBM_Analysis\outputs\04_ersp_LM_RAWONLY\EL030\LM\ERSP_matrix\audio\EL030_audio_WM_ERSP_A_R11_TN.npy,\\nasac-m2.unige.ch\m-HumanNeuronLab\ANALYSIS\FLM\Analysis_LoraFanda\01_FBM_Analysis\outputs\04_ersp_LM_RAWONLY\EL030\LM\ERSP_matrix\picture\EL030_picture_WM_ERSP_A_R11_TN.npy,\\nasac-m2.unige.ch\m-HumanNeuronLab\ANALYSIS\FLM\Analysis_LoraFanda\01_FBM_Analysis\outputs\04_ersp_LM_RAWONLY\EL030\LM\ERSP_matrix\reading\EL030_reading_WM_ERSP_A_R11_TN.npy,2,-0.09020657,2,EL030|AR11,6.75127966281508e-07,0.043494142793034624,0.3889030723605198,0.39831190717841586,0.16921057709678453,9.360416310233628e-42,7.962544327900359e-05
36,EL030,AR12,A_R12,LM,concat,2,\\nasac-m2.unige.ch\m-HumanNeuronLab\ANALYSIS\FLM\Analysis_LoraFanda\01_FBM_Analysis\outputs\04_ersp_LM_RAWONLY\EL030\LM\ERSP_matrix\audio\EL030_audio_WM_ERSP_A_R12_TN.npy,\\nasac-m2.unige.ch\m-HumanNeuronLab\ANALYSIS\FLM\Analysis_LoraFanda\01_FBM_Analysis\outputs\04_ersp_LM_RAWONLY\EL030\LM\ERSP_matrix\audio\EL030_audio_WM_ERSP_A_R12_TN.npy,\\nasac-m2.unige.ch\m-HumanNeuronLab\ANALYSIS\FLM\Analysis_LoraFanda\01_FBM_Analysis\outputs\04_ersp_LM_RAWONLY\EL030\LM\ERSP_matrix\picture\EL030_picture_WM_ERSP_A_R12_TN.npy,\\nasac-m2.unige.ch\m-HumanNeuronLab\ANALYSIS\FLM\Analysis_LoraFanda\01_FBM_Analysis\outputs\04_ersp_LM_RAWONLY\EL030\LM\ERSP_matrix\reading\EL030_reading_WM_ERSP_A_R12_TN.npy,1,0.106869206,1,EL030|AR12,0.10219834343513383,0.07707718907769766,0.3026444134295405,0.30803314007489785,0.21003569583009313,2.1298333833607495e-41,1.1218152637124335e-05
37,EL030,AR13,A_R13,LM,concat,3,\\nasac-m2.unige.ch\m-HumanNeuronLab\ANALYSIS\FLM\Analysis_LoraFanda\01_FBM_Analysis\outputs\04_ersp_LM_RAWONLY\EL030\LM\ERSP_matrix\audio\EL030_audio_WM_ERSP_A_R13_TN.npy,\\nasac-m2.unige.ch\m-HumanNeuronLab\ANALYSIS\FLM\Analysis_LoraFanda\01_FBM_Analysis\outputs\04_ersp_LM_RAWONLY\EL030\LM\ERSP_matrix\audio\EL030_audio_WM_ERSP_A_R13_TN.npy,\\nasac-m2.unige.ch\m-HumanNeuronLab\ANALYSIS\FLM\Analysis_LoraFanda\01_FBM_Analysis\outputs\04_ersp_LM_RAWONLY\EL030\LM\ERSP_matrix\picture\EL030_picture_WM_ERSP_A_R13_TN.npy,\\nasac-m2.unige.ch\m-HumanNeuronLab\ANALYSIS\FLM\Analysis_LoraFanda\01_FBM_Analysis\outputs\04_ersp_LM_RAWONLY\EL030\LM\ERSP_matrix\reading\EL030_reading_WM_ERSP_A_R13_TN.npy,2,0.004277153,2,EL030|AR13,0.0410577007059513,0.0005104784599440168,0.38694616385536956,0.3491860949064126,0.22227522439448777,4.882086917016724e-45,2.433767783481877e-05
38,EL030,AR14,A_R14,LM,concat,3,\\nasac-m2.unige.ch\m-HumanNeuronLab\ANALYSIS\FLM\Analysis_LoraFanda\01_FBM_Analysis\outputs\04_ersp_LM_RAWONLY\EL030\LM\ERSP_matrix\audio\EL030_audio_WM_ERSP_A_R14_TN.npy,\\nasac-m2.unige.ch\m-HumanNeuronLab\ANALYSIS\FLM\Analysis_LoraFanda\01_FBM_Analysis\outputs\04_ersp_LM_RAWONLY\EL030\LM\ERSP_matrix\audio\EL030_audio_WM_ERSP_A_R14_TN.npy,\\nasac-m2.unige.ch\m-HumanNeuronLab\ANALYSIS\FLM\Analysis_LoraFanda\01_FBM_Analysis\outputs\04_ersp_LM_RAWONLY\EL030\LM\ERSP_matrix\picture\EL030_picture_WM_ERSP_A_R14_TN.npy,\\nasac-m2.unige.ch\m-HumanNeuronLab\ANALYSIS\FLM\Analysis_LoraFanda\01_FBM_Analysis\outputs\04_ersp_LM_RAWONLY\EL030\LM\ERSP_matrix\reading\EL030_reading_WM_ERSP_A_R14_TN.npy,2,0.0010650582,2,EL030|AR14,0.05610808066485596,1.2669847997602357e-08,0.4641677433687107,0.29686478007867817,0.18285818161024112,7.551830330278732e-38,1.201607666159369e-06
39,EL030,AR15,A_R15,LM,concat,3,\\nasac-m2.unige.ch\m-HumanNeuronLab\ANALYSIS\FLM\Analysis_LoraFanda\01_FBM_Analysis\outputs\04_ersp_LM_RAWONLY\EL030\LM\ERSP_matrix\audio\EL030_audio_WM_ERSP_A_R15_TN.npy,\\nasac-m2.unige.ch\m-HumanNeuronLab\ANALYSIS\FLM\Analysis_LoraFanda\01_FBM_Analysis\outputs\04_ersp_LM_RAWONLY\EL030\LM\ERSP_matrix\audio\EL030_audio_WM_ERSP_A_R15_TN.npy,\\nasac-m2.unige.ch\m-HumanNeuronLab\ANALYSIS\FLM\Analysis_LoraFanda\01_FBM_Analysis\outputs\04_ersp_LM_RAWONLY\EL030\LM\ERSP_matrix\picture\EL030_picture_WM_ERSP_A_R15_TN.npy,\\nasac-m2.unige.ch\m-HumanNeuronLab\ANALYSIS\FLM\Analysis_LoraFanda\01_FBM_Analysis\outputs\04_ersp_LM_RAWONLY\EL030\LM\ERSP_matrix\reading\EL030_reading_WM_ERSP_A_R15_TN.npy,2,0.015792625,2,EL030|AR15,0.06173504815846483,2.984288485695997e-07,0.4408130954796348,0.3069936068416221,0.1904517624955725,2.2913531181303403e-38,6.188595857233622e-06
40,EL030,AR4,A_R4,LM,concat,1,\\nasac-m2.unige.ch\m-HumanNeuronLab\ANALYSIS\FLM\Analysis_LoraFanda\01_FBM_Analysis\outputs\04_ersp_LM_RAWONLY\EL030\LM\ERSP_matrix\audio\EL030_audio_WM_ERSP_A_R4_TN.npy,\\nasac-m2.unige.ch\m-HumanNeuronLab\ANALYSIS\FLM\Analysis_LoraFanda\01_FBM_Analysis\outputs\04_ersp_LM_RAWONLY\EL030\LM\ERSP_matrix\audio\EL030_audio_WM_ERSP_A_R4_TN.npy,\\nasac-m2.unige.ch\m-HumanNeuronLab\ANALYSIS\FLM\Analysis_LoraFanda\01_FBM_Analysis\outputs\04_ersp_LM_RAWONLY\EL030\LM\ERSP_matrix\picture\EL030_picture_WM_ERSP_A_R4_TN.npy,\\nasac-m2.unige.ch\m-HumanNeuronLab\ANALYSIS\FLM\Analysis_LoraFanda\01_FBM_Analysis\outputs\04_ersp_LM_RAWONLY\EL030\LM\ERSP_matrix\reading\EL030_reading_WM_ERSP_A_R4_TN.npy,1,0.32489374,1,EL030|AR4,0.05311524789863303,8.318874146782942e-06,0.6869397120350094,2.8015065781579216e-09,1.2025953343708132e-06,0.06371900830220646,0.19621650749316344
41,EL030,AR5,A_R5,LM,concat,1,\\nasac-m2.unige.ch\m-HumanNeuronLab\ANALYSIS\FLM\Analysis_LoraFanda\01_FBM_Analysis\outputs\04_ersp_LM_RAWONLY\EL030\LM\ERSP_matrix\audio\EL030_audio_WM_ERSP_A_R5_TN.npy,\\nasac-m2.unige.ch\m-HumanNeuronLab\ANALYSIS\FLM\Analysis_LoraFanda\01_FBM_Analysis\outputs\04_ersp_LM_RAWONLY\EL030\LM\ERSP_matrix\audio\EL030_audio_WM_ERSP_A_R5_TN.npy,\\nasac-m2.unige.ch\m-HumanNeuronLab\ANALYSIS\FLM\Analysis_LoraFanda\01_FBM_Analysis\outputs\04_ersp_LM_RAWONLY\EL030\LM\ERSP_matrix\picture\EL030_picture_WM_ERSP_A_R5_TN.npy,\\nasac-m2.unige.ch\m-HumanNeuronLab\ANALYSIS\FLM\Analysis_LoraFanda\01_FBM_Analysis\outputs\04_ersp_LM_RAWONLY\EL030\LM\ERSP_matrix\reading\EL030_reading_WM_ERSP_A_R5_TN.npy,1,0.32203647,1,EL030|AR5,0.3240702287001536,0.00060767347897998,0.4623945984693553,4.79969759007308e-05,0.042273046614874646,0.07699368491895156,0.09361277084178408
42,EL030,ENTGR1,EntG_R1,LM,concat,2,\\nasac-m2.unige.ch\m-HumanNeuronLab\ANALYSIS\FLM\Analysis_LoraFanda\01_FBM_Analysis\outputs\04_ersp_LM_RAWONLY\EL030\LM\ERSP_matrix\audio\EL030_audio_WM_ERSP_EntG_R1_TN.npy,\\nasac-m2.unige.ch\m-HumanNeuronLab\ANALYSIS\FLM\Analysis_LoraFanda\01_FBM_Analysis\outputs\04_ersp_LM_RAWONLY\EL030\LM\ERSP_matrix\audio\EL030_audio_WM_ERSP_EntG_R1_TN.npy,\\nasac-m2.unige.ch\m-HumanNeuronLab\ANALYSIS\FLM\Analysis_LoraFanda\01_FBM_Analysis\outputs\04_ersp_LM_RAWONLY\EL030\LM\ERSP_matrix\picture\EL030_picture_WM_ERSP_EntG_R1_TN.npy,\\nasac-m2.unige.ch\m-HumanNeuronLab\ANALYSIS\FLM\Analysis_LoraFanda\01_FBM_Analysis\outputs\04_ersp_LM_RAWONLY\EL030\LM\ERSP_matrix\reading\EL030_reading_WM_ERSP_EntG_R1_TN.npy,1,0.27784458,1,EL030|ENTGR1,0.16788671191245072,4.610775328035137e-10,0.28459205398517073,2.5188249568059944e-05,0.1842930376678625,0.2181580191856692,0.14504498853820133
43,EL030,ENTGR10,EntG_R10,LM,concat,1,\\nasac-m2.unige.ch\m-HumanNeuronLab\ANALYSIS\FLM\Analysis_LoraFanda\01_FBM_Analysis\outputs\04_ersp_LM_RAWONLY\EL030\LM\ERSP_matrix\audio\EL030_audio_WM_ERSP_EntG_R10_TN.npy,\\nasac-m2.unige.ch\m-HumanNeuronLab\ANALYSIS\FLM\Analysis_LoraFanda\01_FBM_Analysis\outputs\04_ersp_LM_RAWONLY\EL030\LM\ERSP_matrix\audio\EL030_audio_WM_ERSP_EntG_R10_TN.npy,\\nasac-m2.unige.ch\m-HumanNeuronLab\ANALYSIS\FLM\Analysis_LoraFanda\01_FBM_Analysis\outputs\04_ersp_LM_RAWONLY\EL030\LM\ERSP_matrix\picture\EL030_picture_WM_ERSP_EntG_R10_TN.npy,\\nasac-m2.unige.ch\m-HumanNeuronLab\ANALYSIS\FLM\Analysis_LoraFanda\01_FBM_Analysis\outputs\04_ersp_LM_RAWONLY\EL030\LM\ERSP_matrix\reading\EL030_reading_WM_ERSP_EntG_R10_TN.npy,1,0.19258898,1,EL030|ENTGR10,0.06948253160363649,0.065119718220507,0.19354348248362177,0.2730014992342219,0.39600816554142837,1.663454166717104e-16,0.0028446029165843352
44,EL030,ENTGR11,EntG_R11,LM,concat,1,\\nasac-m2.unige.ch\m-HumanNeuronLab\ANALYSIS\FLM\Analysis_LoraFanda\01_FBM_Analysis\outputs\04_ersp_LM_RAWONLY\EL030\LM\ERSP_matrix\audio\EL030_audio_WM_ERSP_EntG_R11_TN.npy,\\nasac-m2.unige.ch\m-HumanNeuronLab\ANALYSIS\FLM\Analysis_LoraFanda\01_FBM_Analysis\outputs\04_ersp_LM_RAWONLY\EL030\LM\ERSP_matrix\audio\EL030_audio_WM_ERSP_EntG_R11_TN.npy,\\nasac-m2.unige.ch\m-HumanNeuronLab\ANALYSIS\FLM\Analysis_LoraFanda\01_FBM_Analysis\outputs\04_ersp_LM_RAWONLY\EL030\LM\ERSP_matrix\picture\EL030_picture_WM_ERSP_EntG_R11_TN.npy,\\nasac-m2.unige.ch\m-HumanNeuronLab\ANALYSIS\FLM\Analysis_LoraFanda\01_FBM_Analysis\outputs\04_ersp_LM_RAWONLY\EL030\LM\ERSP_matrix\reading\EL030_reading_WM_ERSP_EntG_R11_TN.npy,1,0.12635264,1,EL030|ENTGR11,8.617782582781363e-19,0.015012541122285469,0.10864334109266369,0.38921748054080674,0.47764841211912296,5.868883412217291e-27,0.009478225125121049
45,EL030,ENTGR12,EntG_R12,LM,concat,3,\\nasac-m2.unige.ch\m-HumanNeuronLab\ANALYSIS\FLM\Analysis_LoraFanda\01_FBM_Analysis\outputs\04_ersp_LM_RAWONLY\EL030\LM\ERSP_matrix\audio\EL030_audio_WM_ERSP_EntG_R12_TN.npy,\\nasac-m2.unige.ch\m-HumanNeuronLab\ANALYSIS\FLM\Analysis_LoraFanda\01_FBM_Analysis\outputs\04_ersp_LM_RAWONLY\EL030\LM\ERSP_matrix\audio\EL030_audio_WM_ERSP_EntG_R12_TN.npy,\\nasac-m2.unige.ch\m-HumanNeuronLab\ANALYSIS\FLM\Analysis_LoraFanda\01_FBM_Analysis\outputs\04_ersp_LM_RAWONLY\EL030\LM\ERSP_matrix\picture\EL030_picture_WM_ERSP_EntG_R12_TN.npy,\\nasac-m2.unige.ch\m-HumanNeuronLab\ANALYSIS\FLM\Analysis_LoraFanda\01_FBM_Analysis\outputs\04_ersp_LM_RAWONLY\EL030\LM\ERSP_matrix\reading\EL030_reading_WM_ERSP_EntG_R12_TN.npy,1,0.12823756,1,EL030|ENTGR12,8.365796984875719e-10,2.8908123433818467e-12,0.3661609427949885,0.36203686767904003,0.2717926784255117,4.04550846193147e-15,9.51026098524234e-06
46,EL030,ENTGR13,EntG_R13,LM,concat,2,\\nasac-m2.unige.ch\m-HumanNeuronLab\ANALYSIS\FLM\Analysis_LoraFanda\01_FBM_Analysis\outputs\04_ersp_LM_RAWONLY\EL030\LM\ERSP_matrix\audio\EL030_audio_WM_ERSP_EntG_R13_TN.npy,\\nasac-m2.unige.ch\m-HumanNeuronLab\ANALYSIS\FLM\Analysis_LoraFanda\01_FBM_Analysis\outputs\04_ersp_LM_RAWONLY\EL030\LM\ERSP_matrix\audio\EL030_audio_WM_ERSP_EntG_R13_TN.npy,\\nasac-m2.unige.ch\m-HumanNeuronLab\ANALYSIS\FLM\Analysis_LoraFanda\01_FBM_Analysis\outputs\04_ersp_LM_RAWONLY\EL030\LM\ERSP_matrix\picture\EL030_picture_WM_ERSP_EntG_R13_TN.npy,\\nasac-m2.unige.ch\m-HumanNeuronLab\ANALYSIS\FLM\Analysis_LoraFanda\01_FBM_Analysis\outputs\04_ersp_LM_RAWONLY\EL030\LM\ERSP_matrix\reading\EL030_reading_WM_ERSP_EntG_R13_TN.npy,2,-0.02778881,2,EL030|ENTGR13,0.06857459751901454,3.256185612683636e-11,0.3356782360981264,0.4134406445628697,0.18222845549250175,4.632854565993214e-09,7.806166207103145e-05
47,EL030,ENTGR14,EntG_R14,LM,concat,2,\\nasac-m2.unige.ch\m-HumanNeuronLab\ANALYSIS\FLM\Analysis_LoraFanda\01_FBM_Analysis\outputs\04_ersp_LM_RAWONLY\EL030\LM\ERSP_matrix\audio\EL030_audio_WM_ERSP_EntG_R14_TN.npy,\\nasac-m2.unige.ch\m-HumanNeuronLab\ANALYSIS\FLM\Analysis_LoraFanda\01_FBM_Analysis\outputs\04_ersp_LM_RAWONLY\EL030\LM\ERSP_matrix\audio\EL030_audio_WM_ERSP_EntG_R14_TN.npy,\\nasac-m2.unige.ch\m-HumanNeuronLab\ANALYSIS\FLM\Analysis_LoraFanda\01_FBM_Analysis\outputs\04_ersp_LM_RAWONLY\EL030\LM\ERSP_matrix\picture\EL030_picture_WM_ERSP_EntG_R14_TN.npy,\\nasac-m2.unige.ch\m-HumanNeuronLab\ANALYSIS\FLM\Analysis_LoraFanda\01_FBM_Analysis\outputs\04_ersp_LM_RAWONLY\EL030\LM\ERSP_matrix\reading\EL030_reading_WM_ERSP_EntG_R14_TN.npy,2,-0.022948952,2,EL030|ENTGR14,0.051012171730457155,7.982967226388354e-12,0.2642518985564244,0.39095070166417367,0.2924960555959123,8.993758273104753e-15,0.0012891724450406485
48,EL030,ENTGR15,EntG_R15,LM,concat,2,\\nasac-m2.unige.ch\m-HumanNeuronLab\ANALYSIS\FLM\Analysis_LoraFanda\01_FBM_Analysis\outputs\04_ersp_LM_RAWONLY\EL030\LM\ERSP_matrix\audio\EL030_audio_WM_ERSP_EntG_R15_TN.npy,\\nasac-m2.unige.ch\m-HumanNeuronLab\ANALYSIS\FLM\Analysis_LoraFanda\01_FBM_Analysis\outputs\04_ersp_LM_RAWONLY\EL030\LM\ERSP_matrix\audio\EL030_audio_WM_ERSP_EntG_R15_TN.npy,\\nasac-m2.unige.ch\m-HumanNeuronLab\ANALYSIS\FLM\Analysis_LoraFanda\01_FBM_Analysis\outputs\04_ersp_LM_RAWONLY\EL030\LM\ERSP_matrix\picture\EL030_picture_WM_ERSP_EntG_R15_TN.npy,\\nasac-m2.unige.ch\m-HumanNeuronLab\ANALYSIS\FLM\Analysis_LoraFanda\01_FBM_Analysis\outputs\04_ersp_LM_RAWONLY\EL030\LM\ERSP_matrix\reading\EL030_reading_WM_ERSP_EntG_R15_TN.npy,1,0.18303937,1,EL030|ENTGR15,0.1696468263596076,9.855109147114944e-12,0.27718893496888647,0.20188498037888603,0.3508814194359181,6.099048958693993e-07,0.0003972289419507556
49,EL030,ENTGR16,EntG_R16,LM,concat,1,\\nasac-m2.unige.ch\m-HumanNeuronLab\ANALYSIS\FLM\Analysis_LoraFanda\01_FBM_Analysis\outputs\04_ersp_LM_RAWONLY\EL030\LM\ERSP_matrix\audio\EL030_audio_WM_ERSP_EntG_R16_TN.npy,\\nasac-m2.unige.ch\m-HumanNeuronLab\ANALYSIS\FLM\Analysis_LoraFanda\01_FBM_Analysis\outputs\04_ersp_LM_RAWONLY\EL030\LM\ERSP_matrix\audio\EL030_audio_WM_ERSP_EntG_R16_TN.npy,\\nasac-m2.unige.ch\m-HumanNeuronLab\ANALYSIS\FLM\Analysis_LoraFanda\01_FBM_Analysis\outputs\04_ersp_LM_RAWONLY\EL030\LM\ERSP_matrix\picture\EL030_picture_WM_ERSP_EntG_R16_TN.npy,\\nasac-m2.unige.ch\m-HumanNeuronLab\ANALYSIS\FLM\Analysis_LoraFanda\01_FBM_Analysis\outputs\04_ersp_LM_RAWONLY\EL030\LM\ERSP_matrix\reading\EL030_reading_WM_ERSP_EntG_R16_TN.npy,1,0.16736235,1,EL030|ENTGR16,0.15150533024437113,9.417434889338176e-15,0.32139954435289303,0.18540048607208667,0.3416130326597982,2.2494922616678978e-06,7.935717857987606e-05
50,EL030,ENTGR17,EntG_R17,LM,concat,1,\\nasac-m2.unige.ch\m-HumanNeuronLab\ANALYSIS\FLM\Analysis_LoraFanda\01_FBM_Analysis\outputs\04_ersp_LM_RAWONLY\EL030\LM\ERSP_matrix\audio\EL030_audio_WM_ERSP_EntG_R17_TN.npy,\\nasac-m2.unige.ch\m-HumanNeuronLab\ANALYSIS\FLM\Analysis_LoraFanda\01_FBM_Analysis\outputs\04_ersp_LM_RAWONLY\EL030\LM\ERSP_matrix\audio\EL030_audio_WM_ERSP_EntG_R17_TN.npy,\\nasac-m2.unige.ch\m-HumanNeuronLab\ANALYSIS\FLM\Analysis_LoraFanda\01_FBM_Analysis\outputs\04_ersp_LM_RAWONLY\EL030\LM\ERSP_matrix\picture\EL030_picture_WM_ERSP_EntG_R17_TN.npy,\\nasac-m2.unige.ch\m-HumanNeuronLab\ANALYSIS\FLM\Analysis_LoraFanda\01_FBM_Analysis\outputs\04_ersp_LM_RAWONLY\EL030\LM\ERSP_matrix\reading\EL030_reading_WM_ERSP_EntG_R17_TN.npy,1,0.16173407,1,EL030|ENTGR17,0.1312248363223731,1.1130002264224278e-14,0.33906283076809396,0.17653863722774304,0.3531167533680424,2.0489717659877658e-07,5.673741655969623e-05
51,EL030,ENTGR2,EntG_R2,LM,concat,2,\\nasac-m2.unige.ch\m-HumanNeuronLab\ANALYSIS\FLM\Analysis_LoraFanda\01_FBM_Analysis\outputs\04_ersp_LM_RAWONLY\EL030\LM\ERSP_matrix\audio\EL030_audio_WM_ERSP_EntG_R2_TN.npy,\\nasac-m2.unige.ch\m-HumanNeuronLab\ANALYSIS\FLM\Analysis_LoraFanda\01_FBM_Analysis\outputs\04_ersp_LM_RAWONLY\EL030\LM\ERSP_matrix\audio\EL030_audio_WM_ERSP_EntG_R2_TN.npy,\\nasac-m2.unige.ch\m-HumanNeuronLab\ANALYSIS\FLM\Analysis_LoraFanda\01_FBM_Analysis\outputs\04_ersp_LM_RAWONLY\EL030\LM\ERSP_matrix\picture\EL030_picture_WM_ERSP_EntG_R2_TN.npy,\\nasac-m2.unige.ch\m-HumanNeuronLab\ANALYSIS\FLM\Analysis_LoraFanda\01_FBM_Analysis\outputs\04_ersp_LM_RAWONLY\EL030\LM\ERSP_matrix\reading\EL030_reading_WM_ERSP_EntG_R2_TN.npy,1,0.23829634,1,EL030|ENTGR2,0.24586501341101918,7.664724489160591e-08,0.29013168530501593,1.0838086007301253e-05,0.10284302000901814,0.13969389872568713,0.22145546781600742
52,EL030,ENTGR3,EntG_R3,LM,concat,1,\\nasac-m2.unige.ch\m-HumanNeuronLab\ANALYSIS\FLM\Analysis_LoraFanda\01_FBM_Analysis\outputs\04_ersp_LM_RAWONLY\EL030\LM\ERSP_matrix\audio\EL030_audio_WM_ERSP_EntG_R3_TN.npy,\\nasac-m2.unige.ch\m-HumanNeuronLab\ANALYSIS\FLM\Analysis_LoraFanda\01_FBM_Analysis\outputs\04_ersp_LM_RAWONLY\EL030\LM\ERSP_matrix\audio\EL030_audio_WM_ERSP_EntG_R3_TN.npy,\\nasac-m2.unige.ch\m-HumanNeuronLab\ANALYSIS\FLM\Analysis_LoraFanda\01_FBM_Analysis\outputs\04_ersp_LM_RAWONLY\EL030\LM\ERSP_matrix\picture\EL030_picture_WM_ERSP_EntG_R3_TN.npy,\\nasac-m2.unige.ch\m-HumanNeuronLab\ANALYSIS\FLM\Analysis_LoraFanda\01_FBM_Analysis\outputs\04_ersp_LM_RAWONLY\EL030\LM\ERSP_matrix\reading\EL030_reading_WM_ERSP_EntG_R3_TN.npy,1,0.26371175,1,EL030|ENTGR3,0.1342787329800295,9.58421517043386e-13,0.38657988078494476,3.7773242111186694e-06,0.15021546295012841,0.16567118114902177,0.16325096481070592
53,EL030,ENTGR4,EntG_R4,LM,concat,2,\\nasac-m2.unige.ch\m-HumanNeuronLab\ANALYSIS\FLM\Analysis_LoraFanda\01_FBM_Analysis\outputs\04_ersp_LM_RAWONLY\EL030\LM\ERSP_matrix\audio\EL030_audio_WM_ERSP_EntG_R4_TN.npy,\\nasac-m2.unige.ch\m-HumanNeuronLab\ANALYSIS\FLM\Analysis_LoraFanda\01_FBM_Analysis\outputs\04_ersp_LM_RAWONLY\EL030\LM\ERSP_matrix\audio\EL030_audio_WM_ERSP_EntG_R4_TN.npy,\\nasac-m2.unige.ch\m-HumanNeuronLab\ANALYSIS\FLM\Analysis_LoraFanda\01_FBM_Analysis\outputs\04_ersp_LM_RAWONLY\EL030\LM\ERSP_matrix\picture\EL030_picture_WM_ERSP_EntG_R4_TN.npy,\\nasac-m2.unige.ch\m-HumanNeuronLab\ANALYSIS\FLM\Analysis_LoraFanda\01_FBM_Analysis\outputs\04_ersp_LM_RAWONLY\EL030\LM\ERSP_matrix\reading\EL030_reading_WM_ERSP_EntG_R4_TN.npy,1,0.23748529,1,EL030|ENTGR4,0.2306293284818775,4.050890787400753e-09,0.40525050631942533,3.4749862062423373e-06,0.08914891871255624,0.1418852854196005,0.13308248202944334
54,EL030,ENTGR5,EntG_R5,LM,concat,2,\\nasac-m2.unige.ch\m-HumanNeuronLab\ANALYSIS\FLM\Analysis_LoraFanda\01_FBM_Analysis\outputs\04_ersp_LM_RAWONLY\EL030\LM\ERSP_matrix\audio\EL030_audio_WM_ERSP_EntG_R5_TN.npy,\\nasac-m2.unige.ch\m-HumanNeuronLab\ANALYSIS\FLM\Analysis_LoraFanda\01_FBM_Analysis\outputs\04_ersp_LM_RAWONLY\EL030\LM\ERSP_matrix\audio\EL030_audio_WM_ERSP_EntG_R5_TN.npy,\\nasac-m2.unige.ch\m-HumanNeuronLab\ANALYSIS\FLM\Analysis_LoraFanda\01_FBM_Analysis\outputs\04_ersp_LM_RAWONLY\EL030\LM\ERSP_matrix\picture\EL030_picture_WM_ERSP_EntG_R5_TN.npy,\\nasac-m2.unige.ch\m-HumanNeuronLab\ANALYSIS\FLM\Analysis_LoraFanda\01_FBM_Analysis\outputs\04_ersp_LM_RAWONLY\EL030\LM\ERSP_matrix\reading\EL030_reading_WM_ERSP_EntG_R5_TN.npy,1,0.18496601,1,EL030|ENTGR5,0.33342595294616656,4.861767355944098e-05,0.21610843492095483,0.00018287908657287153,0.19560937502853265,0.137886966231802,0.11673777411241172
55,EL030,ENTGR6,EntG_R6,LM,concat,2,\\nasac-m2.unige.ch\m-HumanNeuronLab\ANALYSIS\FLM\Analysis_LoraFanda\01_FBM_Analysis\outputs\04_ersp_LM_RAWONLY\EL030\LM\ERSP_matrix\audio\EL030_audio_WM_ERSP_EntG_R6_TN.npy,\\nasac-m2.unige.ch\m-HumanNeuronLab\ANALYSIS\FLM\Analysis_LoraFanda\01_FBM_Analysis\outputs\04_ersp_LM_RAWONLY\EL030\LM\ERSP_matrix\audio\EL030_audio_WM_ERSP_EntG_R6_TN.npy,\\nasac-m2.unige.ch\m-HumanNeuronLab\ANALYSIS\FLM\Analysis_LoraFanda\01_FBM_Analysis\outputs\04_ersp_LM_RAWONLY\EL030\LM\ERSP_matrix\picture\EL030_picture_WM_ERSP_EntG_R6_TN.npy,\\nasac-m2.unige.ch\m-HumanNeuronLab\ANALYSIS\FLM\Analysis_LoraFanda\01_FBM_Analysis\outputs\04_ersp_LM_RAWONLY\EL030\LM\ERSP_matrix\reading\EL030_reading_WM_ERSP_EntG_R6_TN.npy,0,-0.17810723,0,EL030|ENTGR6,0.5104044938466852,4.468097974102851e-11,0.24555309874303896,0.0030351029097665685,0.09851467074950163,0.13873880293375798,0.0037538307725686563
56,EL030,ENTGR7,EntG_R7,LM,concat,1,\\nasac-m2.unige.ch\m-HumanNeuronLab\ANALYSIS\FLM\Analysis_LoraFanda\01_FBM_Analysis\outputs\04_ersp_LM_RAWONLY\EL030\LM\ERSP_matrix\audio\EL030_audio_WM_ERSP_EntG_R7_TN.npy,\\nasac-m2.unige.ch\m-HumanNeuronLab\ANALYSIS\FLM\Analysis_LoraFanda\01_FBM_Analysis\outputs\04_ersp_LM_RAWONLY\EL030\LM\ERSP_matrix\audio\EL030_audio_WM_ERSP_EntG_R7_TN.npy,\\nasac-m2.unige.ch\m-HumanNeuronLab\ANALYSIS\FLM\Analysis_LoraFanda\01_FBM_Analysis\outputs\04_ersp_LM_RAWONLY\EL030\LM\ERSP_matrix\picture\EL030_picture_WM_ERSP_EntG_R7_TN.npy,\\nasac-m2.unige.ch\m-HumanNeuronLab\ANALYSIS\FLM\Analysis_LoraFanda\01_FBM_Analysis\outputs\04_ersp_LM_RAWONLY\EL030\LM\ERSP_matrix\reading\EL030_reading_WM_ERSP_EntG_R7_TN.npy,0,0.017237686,0,EL030|ENTGR7,0.8528656041272625,1.1609392728407465e-15,0.14599813906872744,0.0001883271421162539,2.2274324716406114e-14,6.154118483463593e-13,0.0009479296612549024
57,EL030,ENTGR8,EntG_R8,LM,concat,1,\\nasac-m2.unige.ch\m-HumanNeuronLab\ANALYSIS\FLM\Analysis_LoraFanda\01_FBM_Analysis\outputs\04_ersp_LM_RAWONLY\EL030\LM\ERSP_matrix\audio\EL030_audio_WM_ERSP_EntG_R8_TN.npy,\\nasac-m2.unige.ch\m-HumanNeuronLab\ANALYSIS\FLM\Analysis_LoraFanda\01_FBM_Analysis\outputs\04_ersp_LM_RAWONLY\EL030\LM\ERSP_matrix\audio\EL030_audio_WM_ERSP_EntG_R8_TN.npy,\\nasac-m2.unige.ch\m-HumanNeuronLab\ANALYSIS\FLM\Analysis_LoraFanda\01_FBM_Analysis\outputs\04_ersp_LM_RAWONLY\EL030\LM\ERSP_matrix\picture\EL030_picture_WM_ERSP_EntG_R8_TN.npy,\\nasac-m2.unige.ch\m-HumanNeuronLab\ANALYSIS\FLM\Analysis_LoraFanda\01_FBM_Analysis\outputs\04_ersp_LM_RAWONLY\EL030\LM\ERSP_matrix\reading\EL030_reading_WM_ERSP_EntG_R8_TN.npy,0,0.027052743,0,EL030|ENTGR8,0.8754131058842881,4.6819657600137725e-06,1.2646358591462185e-05,0.1148262072236036,0.0024174974995147735,0.0005824189918425193,0.006743442076399474
58,EL030,ENTGR9,EntG_R9,LM,concat,1,\\nasac-m2.unige.ch\m-HumanNeuronLab\ANALYSIS\FLM\Analysis_LoraFanda\01_FBM_Analysis\outputs\04_ersp_LM_RAWONLY\EL030\LM\ERSP_matrix\audio\EL030_audio_WM_ERSP_EntG_R9_TN.npy,\\nasac-m2.unige.ch\m-HumanNeuronLab\ANALYSIS\FLM\Analysis_LoraFanda\01_FBM_Analysis\outputs\04_ersp_LM_RAWONLY\EL030\LM\ERSP_matrix\audio\EL030_audio_WM_ERSP_EntG_R9_TN.npy,\\nasac-m2.unige.ch\m-HumanNeuronLab\ANALYSIS\FLM\Analysis_LoraFanda\01_FBM_Analysis\outputs\04_ersp_LM_RAWONLY\EL030\LM\ERSP_matrix\picture\EL030_picture_WM_ERSP_EntG_R9_TN.npy,\\nasac-m2.unige.ch\m-HumanNeuronLab\ANALYSIS\FLM\Analysis_LoraFanda\01_FBM_Analysis\outputs\04_ersp_LM_RAWONLY\EL030\LM\ERSP_matrix\reading\EL030_reading_WM_ERSP_EntG_R9_TN.npy,1,0.30532816,1,EL030|ENTGR9,0.3558530850737994,1.1842382018216871e-07,0.22512461969974784,0.18097012446262906,0.2362803803468814,0.0017620854411738904,9.586551948298247e-06
59,EL030,PHGR1,pHG_R1,LM,concat,1,\\nasac-m2.unige.ch\m-HumanNeuronLab\ANALYSIS\FLM\Analysis_LoraFanda\01_FBM_Analysis\outputs\04_ersp_LM_RAWONLY\EL030\LM\ERSP_matrix\audio\EL030_audio_WM_ERSP_pHG_R1_TN.npy,\\nasac-m2.unige.ch\m-HumanNeuronLab\ANALYSIS\FLM\Analysis_LoraFanda\01_FBM_Analysis\outputs\04_ersp_LM_RAWONLY\EL030\LM\ERSP_matrix\audio\EL030_audio_WM_ERSP_pHG_R1_TN.npy,\\nasac-m2.unige.ch\m-HumanNeuronLab\ANALYSIS\FLM\Analysis_LoraFanda\01_FBM_Analysis\outputs\04_ersp_LM_RAWONLY\EL030\LM\ERSP_matrix\picture\EL030_picture_WM_ERSP_pHG_R1_TN.npy,\\nasac-m2.unige.ch\m-HumanNeuronLab\ANALYSIS\FLM\Analysis_LoraFanda\01_FBM_Analysis\outputs\04_ersp_LM_RAWONLY\EL030\LM\ERSP_matrix\reading\EL030_reading_WM_ERSP_pHG_R1_TN.npy,0,-0.06255433,0,EL030|PHGR1,0.6844946545528671,0.15030740556208053,0.14932298839785646,0.0003286064880962716,3.431619638719237e-05,3.864930082629505e-11,0.015512028764063318
60,EL030,PHGR10,pHG_R10,LM,concat,1,\\nasac-m2.unige.ch\m-HumanNeuronLab\ANALYSIS\FLM\Analysis_LoraFanda\01_FBM_Analysis\outputs\04_ersp_LM_RAWONLY\EL030\LM\ERSP_matrix\audio\EL030_audio_WM_ERSP_pHG_R10_TN.npy,\\nasac-m2.unige.ch\m-HumanNeuronLab\ANALYSIS\FLM\Analysis_LoraFanda\01_FBM_Analysis\outputs\04_ersp_LM_RAWONLY\EL030\LM\ERSP_matrix\audio\EL030_audio_WM_ERSP_pHG_R10_TN.npy,\\nasac-m2.unige.ch\m-HumanNeuronLab\ANALYSIS\FLM\Analysis_LoraFanda\01_FBM_Analysis\outputs\04_ersp_LM_RAWONLY\EL030\LM\ERSP_matrix\picture\EL030_picture_WM_ERSP_pHG_R10_TN.npy,\\nasac-m2.unige.ch\m-HumanNeuronLab\ANALYSIS\FLM\Analysis_LoraFanda\01_FBM_Analysis\outputs\04_ersp_LM_RAWONLY\EL030\LM\ERSP_matrix\reading\EL030_reading_WM_ERSP_pHG_R10_TN.npy,1,0.29397756,1,EL030|PHGR10,0.2591045171089349,1.5250078996326516e-13,0.22609898811849555,0.19960262958302366,0.11125970988601529,0.19257633797971063,0.011357817323667535
61,EL030,PHGR11,pHG_R11,LM,concat,3,\\nasac-m2.unige.ch\m-HumanNeuronLab\ANALYSIS\FLM\Analysis_LoraFanda\01_FBM_Analysis\outputs\04_ersp_LM_RAWONLY\EL030\LM\ERSP_matrix\audio\EL030_audio_WM_ERSP_pHG_R11_TN.npy,\\nasac-m2.unige.ch\m-HumanNeuronLab\ANALYSIS\FLM\Analysis_LoraFanda\01_FBM_Analysis\outputs\04_ersp_LM_RAWONLY\EL030\LM\ERSP_matrix\audio\EL030_audio_WM_ERSP_pHG_R11_TN.npy,\\nasac-m2.unige.ch\m-HumanNeuronLab\ANALYSIS\FLM\Analysis_LoraFanda\01_FBM_Analysis\outputs\04_ersp_LM_RAWONLY\EL030\LM\ERSP_matrix\picture\EL030_picture_WM_ERSP_pHG_R11_TN.npy,\\nasac-m2.unige.ch\m-HumanNeuronLab\ANALYSIS\FLM\Analysis_LoraFanda\01_FBM_Analysis\outputs\04_ersp_LM_RAWONLY\EL030\LM\ERSP_matrix\reading\EL030_reading_WM_ERSP_pHG_R11_TN.npy,1,0.21733765,1,EL030|PHGR11,0.21551487187716323,1.5960008403014046e-07,0.18327252673847094,0.1402714919969214,0.2616401039887023,0.19819373015434408,0.001107115644313955
62,EL030,PHGR12,pHG_R12,LM,concat,3,\\nasac-m2.unige.ch\m-HumanNeuronLab\ANALYSIS\FLM\Analysis_LoraFanda\01_FBM_Analysis\outputs\04_ersp_LM_RAWONLY\EL030\LM\ERSP_matrix\audio\EL030_audio_WM_ERSP_pHG_R12_TN.npy,\\nasac-m2.unige.ch\m-HumanNeuronLab\ANALYSIS\FLM\Analysis_LoraFanda\01_FBM_Analysis\outputs\04_ersp_LM_RAWONLY\EL030\LM\ERSP_matrix\audio\EL030_audio_WM_ERSP_pHG_R12_TN.npy,\\nasac-m2.unige.ch\m-HumanNeuronLab\ANALYSIS\FLM\Analysis_LoraFanda\01_FBM_Analysis\outputs\04_ersp_LM_RAWONLY\EL030\LM\ERSP_matrix\picture\EL030_picture_WM_ERSP_pHG_R12_TN.npy,\\nasac-m2.unige.ch\m-HumanNeuronLab\ANALYSIS\FLM\Analysis_LoraFanda\01_FBM_Analysis\outputs\04_ersp_LM_RAWONLY\EL030\LM\ERSP_matrix\reading\EL030_reading_WM_ERSP_pHG_R12_TN.npy,3,-0.053387728,3,EL030|PHGR12,0.1785725142200641,3.799233665486519e-08,0.1606920704420973,0.10870670204397576,0.34036702131525626,0.21133563066925165,0.0003260233170183591
63,EL030,PHGR13,pHG_R13,LM,concat,3,\\nasac-m2.unige.ch\m-HumanNeuronLab\ANALYSIS\FLM\Analysis_LoraFanda\01_FBM_Analysis\outputs\04_ersp_LM_RAWONLY\EL030\LM\ERSP_matrix\audio\EL030_audio_WM_ERSP_pHG_R13_TN.npy,\\nasac-m2.unige.ch\m-HumanNeuronLab\ANALYSIS\FLM\Analysis_LoraFanda\01_FBM_Analysis\outputs\04_ersp_LM_RAWONLY\EL030\LM\ERSP_matrix\audio\EL030_audio_WM_ERSP_pHG_R13_TN.npy,\\nasac-m2.unige.ch\m-HumanNeuronLab\ANALYSIS\FLM\Analysis_LoraFanda\01_FBM_Analysis\outputs\04_ersp_LM_RAWONLY\EL030\LM\ERSP_matrix\picture\EL030_picture_WM_ERSP_pHG_R13_TN.npy,\\nasac-m2.unige.ch\m-HumanNeuronLab\ANALYSIS\FLM\Analysis_LoraFanda\01_FBM_Analysis\outputs\04_ersp_LM_RAWONLY\EL030\LM\ERSP_matrix\reading\EL030_reading_WM_ERSP_pHG_R13_TN.npy,3,0.053730246,3,EL030|PHGR13,0.1918433039968939,4.435011267914974e-06,0.17705308508672932,0.0754034158745725,0.35076561733214523,0.2043200762170993,0.0006100664812918105
64,EL030,PHGR14,pHG_R14,LM,concat,3,\\nasac-m2.unige.ch\m-HumanNeuronLab\ANALYSIS\FLM\Analysis_LoraFanda\01_FBM_Analysis\outputs\04_ersp_LM_RAWONLY\EL030\LM\ERSP_matrix\audio\EL030_audio_WM_ERSP_pHG_R14_TN.npy,\\nasac-m2.unige.ch\m-HumanNeuronLab\ANALYSIS\FLM\Analysis_LoraFanda\01_FBM_Analysis\outputs\04_ersp_LM_RAWONLY\EL030\LM\ERSP_matrix\audio\EL030_audio_WM_ERSP_pHG_R14_TN.npy,\\nasac-m2.unige.ch\m-HumanNeuronLab\ANALYSIS\FLM\Analysis_LoraFanda\01_FBM_Analysis\outputs\04_ersp_LM_RAWONLY\EL030\LM\ERSP_matrix\picture\EL030_picture_WM_ERSP_pHG_R14_TN.npy,\\nasac-m2.unige.ch\m-HumanNeuronLab\ANALYSIS\FLM\Analysis_LoraFanda\01_FBM_Analysis\outputs\04_ersp_LM_RAWONLY\EL030\LM\ERSP_matrix\reading\EL030_reading_WM_ERSP_pHG_R14_TN.npy,3,0.056456998,3,EL030|PHGR14,0.19733816036476345,1.1056872261868119e-05,0.17195015306913491,0.07018597103492655,0.35294544186583854,0.20656229520815422,0.001006921584920388
65,EL030,PHGR15,pHG_R15,LM,concat,3,\\nasac-m2.unige.ch\m-HumanNeuronLab\ANALYSIS\FLM\Analysis_LoraFanda\01_FBM_Analysis\outputs\04_ersp_LM_RAWONLY\EL030\LM\ERSP_matrix\audio\EL030_audio_WM_ERSP_pHG_R15_TN.npy,\\nasac-m2.unige.ch\m-HumanNeuronLab\ANALYSIS\FLM\Analysis_LoraFanda\01_FBM_Analysis\outputs\04_ersp_LM_RAWONLY\EL030\LM\ERSP_matrix\audio\EL030_audio_WM_ERSP_pHG_R15_TN.npy,\\nasac-m2.unige.ch\m-HumanNeuronLab\ANALYSIS\FLM\Analysis_LoraFanda\01_FBM_Analysis\outputs\04_ersp_LM_RAWONLY\EL030\LM\ERSP_matrix\picture\EL030_picture_WM_ERSP_pHG_R15_TN.npy,\\nasac-m2.unige.ch\m-HumanNeuronLab\ANALYSIS\FLM\Analysis_LoraFanda\01_FBM_Analysis\outputs\04_ersp_LM_RAWONLY\EL030\LM\ERSP_matrix\reading\EL030_reading_WM_ERSP_pHG_R15_TN.npy,3,0.055535216,3,EL030|PHGR15,0.18345171324155035,4.291903954790223e-05,0.21564994139841673,0.05227450597976332,0.360378166392703,0.18684350292534582,0.0013592510226729494
66,EL030,PHGR2,pHG_R2,LM,concat,1,\\nasac-m2.unige.ch\m-HumanNeuronLab\ANALYSIS\FLM\Analysis_LoraFanda\01_FBM_Analysis\outputs\04_ersp_LM_RAWONLY\EL030\LM\ERSP_matrix\audio\EL030_audio_WM_ERSP_pHG_R2_TN.npy,\\nasac-m2.unige.ch\m-HumanNeuronLab\ANALYSIS\FLM\Analysis_LoraFanda\01_FBM_Analysis\outputs\04_ersp_LM_RAWONLY\EL030\LM\ERSP_matrix\audio\EL030_audio_WM_ERSP_pHG_R2_TN.npy,\\nasac-m2.unige.ch\m-HumanNeuronLab\ANALYSIS\FLM\Analysis_LoraFanda\01_FBM_Analysis\outputs\04_ersp_LM_RAWONLY\EL030\LM\ERSP_matrix\picture\EL030_picture_WM_ERSP_pHG_R2_TN.npy,\\nasac-m2.unige.ch\m-HumanNeuronLab\ANALYSIS\FLM\Analysis_LoraFanda\01_FBM_Analysis\outputs\04_ersp_LM_RAWONLY\EL030\LM\ERSP_matrix\reading\EL030_reading_WM_ERSP_pHG_R2_TN.npy,0,0.094363384,0,EL030|PHGR2,0.8329863658059333,1.8339988572983336e-07,0.07551611854091354,0.09149506803353342,2.553085818875846e-18,5.63758343179983e-20,2.2642197340722926e-06
67,EL030,PHGR3,pHG_R3,LM,concat,2,\\nasac-m2.unige.ch\m-HumanNeuronLab\ANALYSIS\FLM\Analysis_LoraFanda\01_FBM_Analysis\outputs\04_ersp_LM_RAWONLY\EL030\LM\ERSP_matrix\audio\EL030_audio_WM_ERSP_pHG_R3_TN.npy,\\nasac-m2.unige.ch\m-HumanNeuronLab\ANALYSIS\FLM\Analysis_LoraFanda\01_FBM_Analysis\outputs\04_ersp_LM_RAWONLY\EL030\LM\ERSP_matrix\audio\EL030_audio_WM_ERSP_pHG_R3_TN.npy,\\nasac-m2.unige.ch\m-HumanNeuronLab\ANALYSIS\FLM\Analysis_LoraFanda\01_FBM_Analysis\outputs\04_ersp_LM_RAWONLY\EL030\LM\ERSP_matrix\picture\EL030_picture_WM_ERSP_pHG_R3_TN.npy,\\nasac-m2.unige.ch\m-HumanNeuronLab\ANALYSIS\FLM\Analysis_LoraFanda\01_FBM_Analysis\outputs\04_ersp_LM_RAWONLY\EL030\LM\ERSP_matrix\reading\EL030_reading_WM_ERSP_pHG_R3_TN.npy,0,-0.0398393,0,EL030|PHGR3,0.6955754128819537,0.00016457736886961138,0.1371467321780327,0.13966162685474018,7.148817733880095e-08,8.417447609010855e-12,0.02745157921980908
68,EL030,PHGR4,pHG_R4,LM,concat,1,\\nasac-m2.unige.ch\m-HumanNeuronLab\ANALYSIS\FLM\Analysis_LoraFanda\01_FBM_Analysis\outputs\04_ersp_LM_RAWONLY\EL030\LM\ERSP_matrix\audio\EL030_audio_WM_ERSP_pHG_R4_TN.npy,\\nasac-m2.unige.ch\m-HumanNeuronLab\ANALYSIS\FLM\Analysis_LoraFanda\01_FBM_Analysis\outputs\04_ersp_LM_RAWONLY\EL030\LM\ERSP_matrix\audio\EL030_audio_WM_ERSP_pHG_R4_TN.npy,\\nasac-m2.unige.ch\m-HumanNeuronLab\ANALYSIS\FLM\Analysis_LoraFanda\01_FBM_Analysis\outputs\04_ersp_LM_RAWONLY\EL030\LM\ERSP_matrix\picture\EL030_picture_WM_ERSP_pHG_R4_TN.npy,\\nasac-m2.unige.ch\m-HumanNeuronLab\ANALYSIS\FLM\Analysis_LoraFanda\01_FBM_Analysis\outputs\04_ersp_LM_RAWONLY\EL030\LM\ERSP_matrix\reading\EL030_reading_WM_ERSP_pHG_R4_TN.npy,1,0.23113433,1,EL030|PHGR4,0.4775396563087098,0.059841121036069714,2.802179142966164e-17,0.22477533789974505,0.16277445365846485,0.009645398442968594,0.0654240326540418
69,EL030,PHGR6,pHG_R6,LM,concat,1,\\nasac-m2.unige.ch\m-HumanNeuronLab\ANALYSIS\FLM\Analysis_LoraFanda\01_FBM_Analysis\outputs\04_ersp_LM_RAWONLY\EL030\LM\ERSP_matrix\audio\EL030_audio_WM_ERSP_pHG_R6_TN.npy,\\nasac-m2.unige.ch\m-HumanNeuronLab\ANALYSIS\FLM\Analysis_LoraFanda\01_FBM_Analysis\outputs\04_ersp_LM_RAWONLY\EL030\LM\ERSP_matrix\audio\EL030_audio_WM_ERSP_pHG_R6_TN.npy,\\nasac-m2.unige.ch\m-HumanNeuronLab\ANALYSIS\FLM\Analysis_LoraFanda\01_FBM_Analysis\outputs\04_ersp_LM_RAWONLY\EL030\LM\ERSP_matrix\picture\EL030_picture_WM_ERSP_pHG_R6_TN.npy,\\nasac-m2.unige.ch\m-HumanNeuronLab\ANALYSIS\FLM\Analysis_LoraFanda\01_FBM_Analysis\outputs\04_ersp_LM_RAWONLY\EL030\LM\ERSP_matrix\reading\EL030_reading_WM_ERSP_pHG_R6_TN.npy,1,0.1835814,1,EL030|PHGR6,0.4953168105165404,0.04161600928570206,4.07889312063442e-13,0.27544212706050825,0.05054383165134855,1.3276756437614224e-13,0.13708122148535998
70,EL030,PHGR7,pHG_R7,LM,concat,1,\\nasac-m2.unige.ch\m-HumanNeuronLab\ANALYSIS\FLM\Analysis_LoraFanda\01_FBM_Analysis\outputs\04_ersp_LM_RAWONLY\EL030\LM\ERSP_matrix\audio\EL030_audio_WM_ERSP_pHG_R7_TN.npy,\\nasac-m2.unige.ch\m-HumanNeuronLab\ANALYSIS\FLM\Analysis_LoraFanda\01_FBM_Analysis\outputs\04_ersp_LM_RAWONLY\EL030\LM\ERSP_matrix\audio\EL030_audio_WM_ERSP_pHG_R7_TN.npy,\\nasac-m2.unige.ch\m-HumanNeuronLab\ANALYSIS\FLM\Analysis_LoraFanda\01_FBM_Analysis\outputs\04_ersp_LM_RAWONLY\EL030\LM\ERSP_matrix\picture\EL030_picture_WM_ERSP_pHG_R7_TN.npy,\\nasac-m2.unige.ch\m-HumanNeuronLab\ANALYSIS\FLM\Analysis_LoraFanda\01_FBM_Analysis\outputs\04_ersp_LM_RAWONLY\EL030\LM\ERSP_matrix\reading\EL030_reading_WM_ERSP_pHG_R7_TN.npy,1,0.1850954,1,EL030|PHGR7,0.43351541269788857,0.1599822914531683,1.6392683099816422e-14,0.3038179573190489,0.08543025661050915,1.4479457505507456e-15,0.017254081919367142
71,EL030,PHR10,pH_R10,LM,concat,3,\\nasac-m2.unige.ch\m-HumanNeuronLab\ANALYSIS\FLM\Analysis_LoraFanda\01_FBM_Analysis\outputs\04_ersp_LM_RAWONLY\EL030\LM\ERSP_matrix\audio\EL030_audio_WM_ERSP_pH_R10_TN.npy,\\nasac-m2.unige.ch\m-HumanNeuronLab\ANALYSIS\FLM\Analysis_LoraFanda\01_FBM_Analysis\outputs\04_ersp_LM_RAWONLY\EL030\LM\ERSP_matrix\audio\EL030_audio_WM_ERSP_pH_R10_TN.npy,\\nasac-m2.unige.ch\m-HumanNeuronLab\ANALYSIS\FLM\Analysis_LoraFanda\01_FBM_Analysis\outputs\04_ersp_LM_RAWONLY\EL030\LM\ERSP_matrix\picture\EL030_picture_WM_ERSP_pH_R10_TN.npy,\\nasac-m2.unige.ch\m-HumanNeuronLab\ANALYSIS\FLM\Analysis_LoraFanda\01_FBM_Analysis\outputs\04_ersp_LM_RAWONLY\EL030\LM\ERSP_matrix\reading\EL030_reading_WM_ERSP_pH_R10_TN.npy,1,0.2011977,1,EL030|PHR10,0.17563573085081832,3.652165451693916e-07,0.24273167914197447,0.19689168633644266,0.3843271631136731,1.1175688189939612e-10,0.0004133752287895563
72,EL030,PHR11,pH_R11,LM,concat,1,\\nasac-m2.unige.ch\m-HumanNeuronLab\ANALYSIS\FLM\Analysis_LoraFanda\01_FBM_Analysis\outputs\04_ersp_LM_RAWONLY\EL030\LM\ERSP_matrix\audio\EL030_audio_WM_ERSP_pH_R11_TN.npy,\\nasac-m2.unige.ch\m-HumanNeuronLab\ANALYSIS\FLM\Analysis_LoraFanda\01_FBM_Analysis\outputs\04_ersp_LM_RAWONLY\EL030\LM\ERSP_matrix\audio\EL030_audio_WM_ERSP_pH_R11_TN.npy,\\nasac-m2.unige.ch\m-HumanNeuronLab\ANALYSIS\FLM\Analysis_LoraFanda\01_FBM_Analysis\outputs\04_ersp_LM_RAWONLY\EL030\LM\ERSP_matrix\picture\EL030_picture_WM_ERSP_pH_R11_TN.npy,\\nasac-m2.unige.ch\m-HumanNeuronLab\ANALYSIS\FLM\Analysis_LoraFanda\01_FBM_Analysis\outputs\04_ersp_LM_RAWONLY\EL030\LM\ERSP_matrix\reading\EL030_reading_WM_ERSP_pH_R11_TN.npy,1,0.13853112,1,EL030|PHR11,0.135691703702725,5.030737300572502e-09,0.35999294850960034,0.15179145885541379,0.3522638928841239,2.696652286310702e-08,0.00025996405087676976
73,EL030,PHR12,pH_R12,LM,concat,1,\\nasac-m2.unige.ch\m-HumanNeuronLab\ANALYSIS\FLM\Analysis_LoraFanda\01_FBM_Analysis\outputs\04_ersp_LM_RAWONLY\EL030\LM\ERSP_matrix\audio\EL030_audio_WM_ERSP_pH_R12_TN.npy,\\nasac-m2.unige.ch\m-HumanNeuronLab\ANALYSIS\FLM\Analysis_LoraFanda\01_FBM_Analysis\outputs\04_ersp_LM_RAWONLY\EL030\LM\ERSP_matrix\audio\EL030_audio_WM_ERSP_pH_R12_TN.npy,\\nasac-m2.unige.ch\m-HumanNeuronLab\ANALYSIS\FLM\Analysis_LoraFanda\01_FBM_Analysis\outputs\04_ersp_LM_RAWONLY\EL030\LM\ERSP_matrix\picture\EL030_picture_WM_ERSP_pH_R12_TN.npy,\\nasac-m2.unige.ch\m-HumanNeuronLab\ANALYSIS\FLM\Analysis_LoraFanda\01_FBM_Analysis\outputs\04_ersp_LM_RAWONLY\EL030\LM\ERSP_matrix\reading\EL030_reading_WM_ERSP_pH_R12_TN.npy,1,0.14211698,1,EL030|PHR12,0.14041128190081698,1.1823780007188689e-08,0.35417868764097876,0.14814733967894092,0.35694438247061466,7.416831792702939e-09,0.00031828906803691787
74,EL030,PHR6,pH_R6,LM,concat,1,\\nasac-m2.unige.ch\m-HumanNeuronLab\ANALYSIS\FLM\Analysis_LoraFanda\01_FBM_Analysis\outputs\04_ersp_LM_RAWONLY\EL030\LM\ERSP_matrix\audio\EL030_audio_WM_ERSP_pH_R6_TN.npy,\\nasac-m2.unige.ch\m-HumanNeuronLab\ANALYSIS\FLM\Analysis_LoraFanda\01_FBM_Analysis\outputs\04_ersp_LM_RAWONLY\EL030\LM\ERSP_matrix\audio\EL030_audio_WM_ERSP_pH_R6_TN.npy,\\nasac-m2.unige.ch\m-HumanNeuronLab\ANALYSIS\FLM\Analysis_LoraFanda\01_FBM_Analysis\outputs\04_ersp_LM_RAWONLY\EL030\LM\ERSP_matrix\picture\EL030_picture_WM_ERSP_pH_R6_TN.npy,\\nasac-m2.unige.ch\m-HumanNeuronLab\ANALYSIS\FLM\Analysis_LoraFanda\01_FBM_Analysis\outputs\04_ersp_LM_RAWONLY\EL030\LM\ERSP_matrix\reading\EL030_reading_WM_ERSP_pH_R6_TN.npy,1,0.32918152,1,EL030|PHR6,1.0918898610687629e-44,0.30525331260851823,0.00013442933259806864,0.25618504774837486,0.15563117023654974,1.0349260858502364e-14,0.2827960400739487
75,EL030,PHR8,pH_R8,LM,concat,2,\\nasac-m2.unige.ch\m-HumanNeuronLab\ANALYSIS\FLM\Analysis_LoraFanda\01_FBM_Analysis\outputs\04_ersp_LM_RAWONLY\EL030\LM\ERSP_matrix\audio\EL030_audio_WM_ERSP_pH_R8_TN.npy,\\nasac-m2.unige.ch\m-HumanNeuronLab\ANALYSIS\FLM\Analysis_LoraFanda\01_FBM_Analysis\outputs\04_ersp_LM_RAWONLY\EL030\LM\ERSP_matrix\audio\EL030_audio_WM_ERSP_pH_R8_TN.npy,\\nasac-m2.unige.ch\m-HumanNeuronLab\ANALYSIS\FLM\Analysis_LoraFanda\01_FBM_Analysis\outputs\04_ersp_LM_RAWONLY\EL030\LM\ERSP_matrix\picture\EL030_picture_WM_ERSP_pH_R8_TN.npy,\\nasac-m2.unige.ch\m-HumanNeuronLab\ANALYSIS\FLM\Analysis_LoraFanda\01_FBM_Analysis\outputs\04_ersp_LM_RAWONLY\EL030\LM\ERSP_matrix\reading\EL030_reading_WM_ERSP_pH_R8_TN.npy,1,0.2348705,1,EL030|PHR8,1.7085051891350568e-05,0.08199582022258749,0.29209230425221694,0.3681465734669518,0.25761764072585386,1.481528816647761e-09,0.00013057479896988344
76,EL030,PHR9,pH_R9,LM,concat,3,\\nasac-m2.unige.ch\m-HumanNeuronLab\ANALYSIS\FLM\Analysis_LoraFanda\01_FBM_Analysis\outputs\04_ersp_LM_RAWONLY\EL030\LM\ERSP_matrix\audio\EL030_audio_WM_ERSP_pH_R9_TN.npy,\\nasac-m2.unige.ch\m-HumanNeuronLab\ANALYSIS\FLM\Analysis_LoraFanda\01_FBM_Analysis\outputs\04_ersp_LM_RAWONLY\EL030\LM\ERSP_matrix\audio\EL030_audio_WM_ERSP_pH_R9_TN.npy,\\nasac-m2.unige.ch\m-HumanNeuronLab\ANALYSIS\FLM\Analysis_LoraFanda\01_FBM_Analysis\outputs\04_ersp_LM_RAWONLY\EL030\LM\ERSP_matrix\picture\EL030_picture_WM_ERSP_pH_R9_TN.npy,\\nasac-m2.unige.ch\m-HumanNeuronLab\ANALYSIS\FLM\Analysis_LoraFanda\01_FBM_Analysis\outputs\04_ersp_LM_RAWONLY\EL030\LM\ERSP_matrix\reading\EL030_reading_WM_ERSP_pH_R9_TN.npy,1,0.26046026,1,EL030|PHR9,0.23715519761984039,8.824556014591138e-10,0.30644470820774977,0.2075457551386894,0.24880547438895817,4.694004930523744e-05,1.9237130014841403e-06
77,EL033,AHL1,aH_L1,LM,concat,2,\\nasac-m2.unige.ch\m-HumanNeuronLab\ANALYSIS\FLM\Analysis_LoraFanda\01_FBM_Analysis\outputs\04_ersp_LM_RAWONLY\EL033\LM\ERSP_matrix\audio\EL033_audio_WM_ERSP_aH_L1_TN.npy,\\nasac-m2.unige.ch\m-HumanNeuronLab\ANALYSIS\FLM\Analysis_LoraFanda\01_FBM_Analysis\outputs\04_ersp_LM_RAWONLY\EL033\LM\ERSP_matrix\audio\EL033_audio_WM_ERSP_aH_L1_TN.npy,\\nasac-m2.unige.ch\m-HumanNeuronLab\ANALYSIS\FLM\Analysis_LoraFanda\01_FBM_Analysis\outputs\04_ersp_LM_RAWONLY\EL033\LM\ERSP_matrix\picture\EL033_picture_WM_ERSP_aH_L1_TN.npy,\\nasac-m2.unige.ch\m-HumanNeuronLab\ANALYSIS\FLM\Analysis_LoraFanda\01_FBM_Analysis\outputs\04_ersp_LM_RAWONLY\EL033\LM\ERSP_matrix\reading\EL033_reading_WM_ERSP_aH_L1_TN.npy,1,0.18975289,1,EL033|AHL1,0.5767003865046461,2.8207371335007444e-35,0.21637590436976362,0.10254173751803669,1.88069269545982e-44,0.1043819716075538,2.6734185598553155e-19
78,EL033,AHL10,aH_L10,LM,concat,3,\\nasac-m2.unige.ch\m-HumanNeuronLab\ANALYSIS\FLM\Analysis_LoraFanda\01_FBM_Analysis\outputs\04_ersp_LM_RAWONLY\EL033\LM\ERSP_matrix\audio\EL033_audio_WM_ERSP_aH_L10_TN.npy,\\nasac-m2.unige.ch\m-HumanNeuronLab\ANALYSIS\FLM\Analysis_LoraFanda\01_FBM_Analysis\outputs\04_ersp_LM_RAWONLY\EL033\LM\ERSP_matrix\audio\EL033_audio_WM_ERSP_aH_L10_TN.npy,\\nasac-m2.unige.ch\m-HumanNeuronLab\ANALYSIS\FLM\Analysis_LoraFanda\01_FBM_Analysis\outputs\04_ersp_LM_RAWONLY\EL033\LM\ERSP_matrix\picture\EL033_picture_WM_ERSP_aH_L10_TN.npy,\\nasac-m2.unige.ch\m-HumanNeuronLab\ANALYSIS\FLM\Analysis_LoraFanda\01_FBM_Analysis\outputs\04_ersp_LM_RAWONLY\EL033\LM\ERSP_matrix\reading\EL033_reading_WM_ERSP_aH_L10_TN.npy,3,0.25453207,3,EL033|AHL10,0.00019938921773741448,0.02583078692545893,0.0002982573207452862,6.16469547848281e-05,0.15583707678029268,0.6993585586678102,0.11841428413317068
79,EL033,AHL11,aH_L11,LM,concat,3,\\nasac-m2.unige.ch\m-HumanNeuronLab\ANALYSIS\FLM\Analysis_LoraFanda\01_FBM_Analysis\outputs\04_ersp_LM_RAWONLY\EL033\LM\ERSP_matrix\audio\EL033_audio_WM_ERSP_aH_L11_TN.npy,\\nasac-m2.unige.ch\m-HumanNeuronLab\ANALYSIS\FLM\Analysis_LoraFanda\01_FBM_Analysis\outputs\04_ersp_LM_RAWONLY\EL033\LM\ERSP_matrix\audio\EL033_audio_WM_ERSP_aH_L11_TN.npy,\\nasac-m2.unige.ch\m-HumanNeuronLab\ANALYSIS\FLM\Analysis_LoraFanda\01_FBM_Analysis\outputs\04_ersp_LM_RAWONLY\EL033\LM\ERSP_matrix\picture\EL033_picture_WM_ERSP_aH_L11_TN.npy,\\nasac-m2.unige.ch\m-HumanNeuronLab\ANALYSIS\FLM\Analysis_LoraFanda\01_FBM_Analysis\outputs\04_ersp_LM_RAWONLY\EL033\LM\ERSP_matrix\reading\EL033_reading_WM_ERSP_aH_L11_TN.npy,3,0.2540092,3,EL033|AHL11,5.9224974390741726e-08,0.00908169620122116,0.022723515006193847,0.0002562143681445448,0.2555711702632116,0.559529542990837,0.15283780194541732
80,EL033,AHL2,aH_L2,LM,concat,3,\\nasac-m2.unige.ch\m-HumanNeuronLab\ANALYSIS\FLM\Analysis_LoraFanda\01_FBM_Analysis\outputs\04_ersp_LM_RAWONLY\EL033\LM\ERSP_matrix\audio\EL033_audio_WM_ERSP_aH_L2_TN.npy,\\nasac-m2.unige.ch\m-HumanNeuronLab\ANALYSIS\FLM\Analysis_LoraFanda\01_FBM_Analysis\outputs\04_ersp_LM_RAWONLY\EL033\LM\ERSP_matrix\audio\EL033_audio_WM_ERSP_aH_L2_TN.npy,\\nasac-m2.unige.ch\m-HumanNeuronLab\ANALYSIS\FLM\Analysis_LoraFanda\01_FBM_Analysis\outputs\04_ersp_LM_RAWONLY\EL033\LM\ERSP_matrix\picture\EL033_picture_WM_ERSP_aH_L2_TN.npy,\\nasac-m2.unige.ch\m-HumanNeuronLab\ANALYSIS\FLM\Analysis_LoraFanda\01_FBM_Analysis\outputs\04_ersp_LM_RAWONLY\EL033\LM\ERSP_matrix\reading\EL033_reading_WM_ERSP_aH_L2_TN.npy,1,0.14597188,1,EL033|AHL2,0.14324775005061113,0.00016126751319237042,0.16196188320536475,1.792014239720054e-09,1.4177098415351423e-09,0.5445241530966952,0.1501049429244125
81,EL033,AHL3,aH_L3,LM,concat,3,\\nasac-m2.unige.ch\m-HumanNeuronLab\ANALYSIS\FLM\Analysis_LoraFanda\01_FBM_Analysis\outputs\04_ersp_LM_RAWONLY\EL033\LM\ERSP_matrix\audio\EL033_audio_WM_ERSP_aH_L3_TN.npy,\\nasac-m2.unige.ch\m-HumanNeuronLab\ANALYSIS\FLM\Analysis_LoraFanda\01_FBM_Analysis\outputs\04_ersp_LM_RAWONLY\EL033\LM\ERSP_matrix\audio\EL033_audio_WM_ERSP_aH_L3_TN.npy,\\nasac-m2.unige.ch\m-HumanNeuronLab\ANALYSIS\FLM\Analysis_LoraFanda\01_FBM_Analysis\outputs\04_ersp_LM_RAWONLY\EL033\LM\ERSP_matrix\picture\EL033_picture_WM_ERSP_aH_L3_TN.npy,\\nasac-m2.unige.ch\m-HumanNeuronLab\ANALYSIS\FLM\Analysis_LoraFanda\01_FBM_Analysis\outputs\04_ersp_LM_RAWONLY\EL033\LM\ERSP_matrix\reading\EL033_reading_WM_ERSP_aH_L3_TN.npy,3,0.16273898,3,EL033|AHL3,0.10906575680033277,0.005532686422018535,0.06543916115646425,7.409623498527393e-07,0.005537143657049554,0.6451375487971028,0.1692869622046822
82,EL033,AHL4,aH_L4,LM,concat,3,\\nasac-m2.unige.ch\m-HumanNeuronLab\ANALYSIS\FLM\Analysis_LoraFanda\01_FBM_Analysis\outputs\04_ersp_LM_RAWONLY\EL033\LM\ERSP_matrix\audio\EL033_audio_WM_ERSP_aH_L4_TN.npy,\\nasac-m2.unige.ch\m-HumanNeuronLab\ANALYSIS\FLM\Analysis_LoraFanda\01_FBM_Analysis\outputs\04_ersp_LM_RAWONLY\EL033\LM\ERSP_matrix\audio\EL033_audio_WM_ERSP_aH_L4_TN.npy,\\nasac-m2.unige.ch\m-HumanNeuronLab\ANALYSIS\FLM\Analysis_LoraFanda\01_FBM_Analysis\outputs\04_ersp_LM_RAWONLY\EL033\LM\ERSP_matrix\picture\EL033_picture_WM_ERSP_aH_L4_TN.npy,\\nasac-m2.unige.ch\m-HumanNeuronLab\ANALYSIS\FLM\Analysis_LoraFanda\01_FBM_Analysis\outputs\04_ersp_LM_RAWONLY\EL033\LM\ERSP_matrix\reading\EL033_reading_WM_ERSP_aH_L4_TN.npy,3,0.21464184,3,EL033|AHL4,0.03285781497538721,0.026745020142844796,0.03907957628865109,7.626603041731226e-06,0.0384308475555069,0.6382176763194312,0.22466143811513714
83,EL033,AHL5,aH_L5,LM,concat,3,\\nasac-m2.unige.ch\m-HumanNeuronLab\ANALYSIS\FLM\Analysis_LoraFanda\01_FBM_Analysis\outputs\04_ersp_LM_RAWONLY\EL033\LM\ERSP_matrix\audio\EL033_audio_WM_ERSP_aH_L5_TN.npy,\\nasac-m2.unige.ch\m-HumanNeuronLab\ANALYSIS\FLM\Analysis_LoraFanda\01_FBM_Analysis\outputs\04_ersp_LM_RAWONLY\EL033\LM\ERSP_matrix\audio\EL033_audio_WM_ERSP_aH_L5_TN.npy,\\nasac-m2.unige.ch\m-HumanNeuronLab\ANALYSIS\FLM\Analysis_LoraFanda\01_FBM_Analysis\outputs\04_ersp_LM_RAWONLY\EL033\LM\ERSP_matrix\picture\EL033_picture_WM_ERSP_aH_L5_TN.npy,\\nasac-m2.unige.ch\m-HumanNeuronLab\ANALYSIS\FLM\Analysis_LoraFanda\01_FBM_Analysis\outputs\04_ersp_LM_RAWONLY\EL033\LM\ERSP_matrix\reading\EL033_reading_WM_ERSP_aH_L5_TN.npy,3,0.22129704,3,EL033|AHL5,0.010006915167608484,0.02968310164213645,0.07716084813327903,2.8112099006588233e-06,0.04941113198018862,0.6396351349110924,0.19410005695579438
84,EL033,AHL6,aH_L6,LM,concat,3,\\nasac-m2.unige.ch\m-HumanNeuronLab\ANALYSIS\FLM\Analysis_LoraFanda\01_FBM_Analysis\outputs\04_ersp_LM_RAWONLY\EL033\LM\ERSP_matrix\audio\EL033_audio_WM_ERSP_aH_L6_TN.npy,\\nasac-m2.unige.ch\m-HumanNeuronLab\ANALYSIS\FLM\Analysis_LoraFanda\01_FBM_Analysis\outputs\04_ersp_LM_RAWONLY\EL033\LM\ERSP_matrix\audio\EL033_audio_WM_ERSP_aH_L6_TN.npy,\\nasac-m2.unige.ch\m-HumanNeuronLab\ANALYSIS\FLM\Analysis_LoraFanda\01_FBM_Analysis\outputs\04_ersp_LM_RAWONLY\EL033\LM\ERSP_matrix\picture\EL033_picture_WM_ERSP_aH_L6_TN.npy,\\nasac-m2.unige.ch\m-HumanNeuronLab\ANALYSIS\FLM\Analysis_LoraFanda\01_FBM_Analysis\outputs\04_ersp_LM_RAWONLY\EL033\LM\ERSP_matrix\reading\EL033_reading_WM_ERSP_aH_L6_TN.npy,3,0.17533188,3,EL033|AHL6,0.08872861581570575,0.06465047001360325,0.05913534988989963,2.099307043303365e-06,0.03996093297438942,0.5983349944466834,0.14918753755267536
85,EL033,AHL7,aH_L7,LM,concat,3,\\nasac-m2.unige.ch\m-HumanNeuronLab\ANALYSIS\FLM\Analysis_LoraFanda\01_FBM_Analysis\outputs\04_ersp_LM_RAWONLY\EL033\LM\ERSP_matrix\audio\EL033_audio_WM_ERSP_aH_L7_TN.npy,\\nasac-m2.unige.ch\m-HumanNeuronLab\ANALYSIS\FLM\Analysis_LoraFanda\01_FBM_Analysis\outputs\04_ersp_LM_RAWONLY\EL033\LM\ERSP_matrix\audio\EL033_audio_WM_ERSP_aH_L7_TN.npy,\\nasac-m2.unige.ch\m-HumanNeuronLab\ANALYSIS\FLM\Analysis_LoraFanda\01_FBM_Analysis\outputs\04_ersp_LM_RAWONLY\EL033\LM\ERSP_matrix\picture\EL033_picture_WM_ERSP_aH_L7_TN.npy,\\nasac-m2.unige.ch\m-HumanNeuronLab\ANALYSIS\FLM\Analysis_LoraFanda\01_FBM_Analysis\outputs\04_ersp_LM_RAWONLY\EL033\LM\ERSP_matrix\reading\EL033_reading_WM_ERSP_aH_L7_TN.npy,3,0.23065235,3,EL033|AHL7,0.013996983016377564,0.03925163772612633,0.06145695479656381,1.409669142262795e-05,0.061138192638749166,0.6443425987081658,0.17979953642259455
86,EL033,AHL8,aH_L8,LM,concat,3,\\nasac-m2.unige.ch\m-HumanNeuronLab\ANALYSIS\FLM\Analysis_LoraFanda\01_FBM_Analysis\outputs\04_ersp_LM_RAWONLY\EL033\LM\ERSP_matrix\audio\EL033_audio_WM_ERSP_aH_L8_TN.npy,\\nasac-m2.unige.ch\m-HumanNeuronLab\ANALYSIS\FLM\Analysis_LoraFanda\01_FBM_Analysis\outputs\04_ersp_LM_RAWONLY\EL033\LM\ERSP_matrix\audio\EL033_audio_WM_ERSP_aH_L8_TN.npy,\\nasac-m2.unige.ch\m-HumanNeuronLab\ANALYSIS\FLM\Analysis_LoraFanda\01_FBM_Analysis\outputs\04_ersp_LM_RAWONLY\EL033\LM\ERSP_matrix\picture\EL033_picture_WM_ERSP_aH_L8_TN.npy,\\nasac-m2.unige.ch\m-HumanNeuronLab\ANALYSIS\FLM\Analysis_LoraFanda\01_FBM_Analysis\outputs\04_ersp_LM_RAWONLY\EL033\LM\ERSP_matrix\reading\EL033_reading_WM_ERSP_aH_L8_TN.npy,3,0.2430082,3,EL033|AHL8,1.671243116489083e-07,0.028531252477732444,0.061295251485037644,8.833073116449405e-06,0.09924512163190412,0.6540107534003833,0.1569086208075144
87,EL033,AHL9,aH_L9,LM,concat,3,\\nasac-m2.unige.ch\m-HumanNeuronLab\ANALYSIS\FLM\Analysis_LoraFanda\01_FBM_Analysis\outputs\04_ersp_LM_RAWONLY\EL033\LM\ERSP_matrix\audio\EL033_audio_WM_ERSP_aH_L9_TN.npy,\\nasac-m2.unige.ch\m-HumanNeuronLab\ANALYSIS\FLM\Analysis_LoraFanda\01_FBM_Analysis\outputs\04_ersp_LM_RAWONLY\EL033\LM\ERSP_matrix\audio\EL033_audio_WM_ERSP_aH_L9_TN.npy,\\nasac-m2.unige.ch\m-HumanNeuronLab\ANALYSIS\FLM\Analysis_LoraFanda\01_FBM_Analysis\outputs\04_ersp_LM_RAWONLY\EL033\LM\ERSP_matrix\picture\EL033_picture_WM_ERSP_aH_L9_TN.npy,\\nasac-m2.unige.ch\m-HumanNeuronLab\ANALYSIS\FLM\Analysis_LoraFanda\01_FBM_Analysis\outputs\04_ersp_LM_RAWONLY\EL033\LM\ERSP_matrix\reading\EL033_reading_WM_ERSP_aH_L9_TN.npy,3,0.23219055,3,EL033|AHL9,4.2924331681790134e-06,0.013947543019168165,0.036307362468977165,5.547633525299279e-06,0.09491116588337756,0.7634870382086743,0.09133705035310938
88,EL033,AHR10,aH_R10,LM,concat,3,\\nasac-m2.unige.ch\m-HumanNeuronLab\ANALYSIS\FLM\Analysis_LoraFanda\01_FBM_Analysis\outputs\04_ersp_LM_RAWONLY\EL033\LM\ERSP_matrix\audio\EL033_audio_WM_ERSP_aH_R10_TN.npy,\\nasac-m2.unige.ch\m-HumanNeuronLab\ANALYSIS\FLM\Analysis_LoraFanda\01_FBM_Analysis\outputs\04_ersp_LM_RAWONLY\EL033\LM\ERSP_matrix\audio\EL033_audio_WM_ERSP_aH_R10_TN.npy,\\nasac-m2.unige.ch\m-HumanNeuronLab\ANALYSIS\FLM\Analysis_LoraFanda\01_FBM_Analysis\outputs\04_ersp_LM_RAWONLY\EL033\LM\ERSP_matrix\picture\EL033_picture_WM_ERSP_aH_R10_TN.npy,\\nasac-m2.unige.ch\m-HumanNeuronLab\ANALYSIS\FLM\Analysis_LoraFanda\01_FBM_Analysis\outputs\04_ersp_LM_RAWONLY\EL033\LM\ERSP_matrix\reading\EL033_reading_WM_ERSP_aH_R10_TN.npy,3,0.07655145,3,EL033|AHR10,0.0021686277402516983,0.0172241837630755,0.11062209508610019,0.010685984156738168,0.04080107397619816,0.8174091225475301,0.0010889127301062932
89,EL033,AHR11,aH_R11,LM,concat,3,\\nasac-m2.unige.ch\m-HumanNeuronLab\ANALYSIS\FLM\Analysis_LoraFanda\01_FBM_Analysis\outputs\04_ersp_LM_RAWONLY\EL033\LM\ERSP_matrix\audio\EL033_audio_WM_ERSP_aH_R11_TN.npy,\\nasac-m2.unige.ch\m-HumanNeuronLab\ANALYSIS\FLM\Analysis_LoraFanda\01_FBM_Analysis\outputs\04_ersp_LM_RAWONLY\EL033\LM\ERSP_matrix\audio\EL033_audio_WM_ERSP_aH_R11_TN.npy,\\nasac-m2.unige.ch\m-HumanNeuronLab\ANALYSIS\FLM\Analysis_LoraFanda\01_FBM_Analysis\outputs\04_ersp_LM_RAWONLY\EL033\LM\ERSP_matrix\picture\EL033_picture_WM_ERSP_aH_R11_TN.npy,\\nasac-m2.unige.ch\m-HumanNeuronLab\ANALYSIS\FLM\Analysis_LoraFanda\01_FBM_Analysis\outputs\04_ersp_LM_RAWONLY\EL033\LM\ERSP_matrix\reading\EL033_reading_WM_ERSP_aH_R11_TN.npy,3,-0.038485337,3,EL033|AHR11,8.863396348012202e-06,9.538140255813749e-11,1.3367133705859379e-06,0.19280650671991323,0.0009272784449475482,0.8062557562504181,2.5837962106532076e-07
90,EL033,AHR12,aH_R12,LM,concat,3,\\nasac-m2.unige.ch\m-HumanNeuronLab\ANALYSIS\FLM\Analysis_LoraFanda\01_FBM_Analysis\outputs\04_ersp_LM_RAWONLY\EL033\LM\ERSP_matrix\audio\EL033_audio_WM_ERSP_aH_R12_TN.npy,\\nasac-m2.unige.ch\m-HumanNeuronLab\ANALYSIS\FLM\Analysis_LoraFanda\01_FBM_Analysis\outputs\04_ersp_LM_RAWONLY\EL033\LM\ERSP_matrix\audio\EL033_audio_WM_ERSP_aH_R12_TN.npy,\\nasac-m2.unige.ch\m-HumanNeuronLab\ANALYSIS\FLM\Analysis_LoraFanda\01_FBM_Analysis\outputs\04_ersp_LM_RAWONLY\EL033\LM\ERSP_matrix\picture\EL033_picture_WM_ERSP_aH_R12_TN.npy,\\nasac-m2.unige.ch\m-HumanNeuronLab\ANALYSIS\FLM\Analysis_LoraFanda\01_FBM_Analysis\outputs\04_ersp_LM_RAWONLY\EL033\LM\ERSP_matrix\reading\EL033_reading_WM_ERSP_aH_R12_TN.npy,3,0.23674414,3,EL033|AHR12,0.02417977266579311,0.012128310763067663,0.08477091440177238,0.0002671437614343034,0.09878562709305341,0.6971806663339332,0.08268756498094604
91,EL033,AHR3,aH_R3,LM,concat,2,\\nasac-m2.unige.ch\m-HumanNeuronLab\ANALYSIS\FLM\Analysis_LoraFanda\01_FBM_Analysis\outputs\04_ersp_LM_RAWONLY\EL033\LM\ERSP_matrix\audio\EL033_audio_WM_ERSP_aH_R3_TN.npy,\\nasac-m2.unige.ch\m-HumanNeuronLab\ANALYSIS\FLM\Analysis_LoraFanda\01_FBM_Analysis\outputs\04_ersp_LM_RAWONLY\EL033\LM\ERSP_matrix\audio\EL033_audio_WM_ERSP_aH_R3_TN.npy,\\nasac-m2.unige.ch\m-HumanNeuronLab\ANALYSIS\FLM\Analysis_LoraFanda\01_FBM_Analysis\outputs\04_ersp_LM_RAWONLY\EL033\LM\ERSP_matrix\picture\EL033_picture_WM_ERSP_aH_R3_TN.npy,\\nasac-m2.unige.ch\m-HumanNeuronLab\ANALYSIS\FLM\Analysis_LoraFanda\01_FBM_Analysis\outputs\04_ersp_LM_RAWONLY\EL033\LM\ERSP_matrix\reading\EL033_reading_WM_ERSP_aH_R3_TN.npy,1,0.28194275,1,EL033|AHR3,0.19750313059616517,0.009198925961150404,0.21732394073286918,1.3220974898720101e-09,3.2774450370404478e-12,0.5356903163729173,0.040283685011522956
92,EL033,AHR5,aH_R5,LM,concat,1,\\nasac-m2.unige.ch\m-HumanNeuronLab\ANALYSIS\FLM\Analysis_LoraFanda\01_FBM_Analysis\outputs\04_ersp_LM_RAWONLY\EL033\LM\ERSP_matrix\audio\EL033_audio_WM_ERSP_aH_R5_TN.npy,\\nasac-m2.unige.ch\m-HumanNeuronLab\ANALYSIS\FLM\Analysis_LoraFanda\01_FBM_Analysis\outputs\04_ersp_LM_RAWONLY\EL033\LM\ERSP_matrix\audio\EL033_audio_WM_ERSP_aH_R5_TN.npy,\\nasac-m2.unige.ch\m-HumanNeuronLab\ANALYSIS\FLM\Analysis_LoraFanda\01_FBM_Analysis\outputs\04_ersp_LM_RAWONLY\EL033\LM\ERSP_matrix\picture\EL033_picture_WM_ERSP_aH_R5_TN.npy,\\nasac-m2.unige.ch\m-HumanNeuronLab\ANALYSIS\FLM\Analysis_LoraFanda\01_FBM_Analysis\outputs\04_ersp_LM_RAWONLY\EL033\LM\ERSP_matrix\reading\EL033_reading_WM_ERSP_aH_R5_TN.npy,1,0.3067478,1,EL033|AHR5,0.24562869212093966,0.00035326490633771316,0.15014939874541677,0.189678619463606,5.305376055931e-23,0.4141900247461263,1.757352454381488e-11
93,EL033,AHR6,aH_R6,LM,concat,1,\\nasac-m2.unige.ch\m-HumanNeuronLab\ANALYSIS\FLM\Analysis_LoraFanda\01_FBM_Analysis\outputs\04_ersp_LM_RAWONLY\EL033\LM\ERSP_matrix\audio\EL033_audio_WM_ERSP_aH_R6_TN.npy,\\nasac-m2.unige.ch\m-HumanNeuronLab\ANALYSIS\FLM\Analysis_LoraFanda\01_FBM_Analysis\outputs\04_ersp_LM_RAWONLY\EL033\LM\ERSP_matrix\audio\EL033_audio_WM_ERSP_aH_R6_TN.npy,\\nasac-m2.unige.ch\m-HumanNeuronLab\ANALYSIS\FLM\Analysis_LoraFanda\01_FBM_Analysis\outputs\04_ersp_LM_RAWONLY\EL033\LM\ERSP_matrix\picture\EL033_picture_WM_ERSP_aH_R6_TN.npy,\\nasac-m2.unige.ch\m-HumanNeuronLab\ANALYSIS\FLM\Analysis_LoraFanda\01_FBM_Analysis\outputs\04_ersp_LM_RAWONLY\EL033\LM\ERSP_matrix\reading\EL033_reading_WM_ERSP_aH_R6_TN.npy,1,0.23633763,1,EL033|AHR6,0.19874843906819525,0.10953390455248849,0.06111103675643238,1.91488640328089e-06,9.963867219647449e-05,0.6302912033853443,0.00021386267893995376
94,EL033,AHR7,aH_R7,LM,concat,2,\\nasac-m2.unige.ch\m-HumanNeuronLab\ANALYSIS\FLM\Analysis_LoraFanda\01_FBM_Analysis\outputs\04_ersp_LM_RAWONLY\EL033\LM\ERSP_matrix\audio\EL033_audio_WM_ERSP_aH_R7_TN.npy,\\nasac-m2.unige.ch\m-HumanNeuronLab\ANALYSIS\FLM\Analysis_LoraFanda\01_FBM_Analysis\outputs\04_ersp_LM_RAWONLY\EL033\LM\ERSP_matrix\audio\EL033_audio_WM_ERSP_aH_R7_TN.npy,\\nasac-m2.unige.ch\m-HumanNeuronLab\ANALYSIS\FLM\Analysis_LoraFanda\01_FBM_Analysis\outputs\04_ersp_LM_RAWONLY\EL033\LM\ERSP_matrix\picture\EL033_picture_WM_ERSP_aH_R7_TN.npy,\\nasac-m2.unige.ch\m-HumanNeuronLab\ANALYSIS\FLM\Analysis_LoraFanda\01_FBM_Analysis\outputs\04_ersp_LM_RAWONLY\EL033\LM\ERSP_matrix\reading\EL033_reading_WM_ERSP_aH_R7_TN.npy,3,-0.01814232,3,EL033|AHR7,0.11407105545364778,0.05472534753653814,0.00019405774519647533,5.977560692048955e-07,0.0063620994270365714,0.8015652934807299,0.023081548600781904
95,EL033,AHR8,aH_R8,LM,concat,1,\\nasac-m2.unige.ch\m-HumanNeuronLab\ANALYSIS\FLM\Analysis_LoraFanda\01_FBM_Analysis\outputs\04_ersp_LM_RAWONLY\EL033\LM\ERSP_matrix\audio\EL033_audio_WM_ERSP_aH_R8_TN.npy,\\nasac-m2.unige.ch\m-HumanNeuronLab\ANALYSIS\FLM\Analysis_LoraFanda\01_FBM_Analysis\outputs\04_ersp_LM_RAWONLY\EL033\LM\ERSP_matrix\audio\EL033_audio_WM_ERSP_aH_R8_TN.npy,\\nasac-m2.unige.ch\m-HumanNeuronLab\ANALYSIS\FLM\Analysis_LoraFanda\01_FBM_Analysis\outputs\04_ersp_LM_RAWONLY\EL033\LM\ERSP_matrix\picture\EL033_picture_WM_ERSP_aH_R8_TN.npy,\\nasac-m2.unige.ch\m-HumanNeuronLab\ANALYSIS\FLM\Analysis_LoraFanda\01_FBM_Analysis\outputs\04_ersp_LM_RAWONLY\EL033\LM\ERSP_matrix\reading\EL033_reading_WM_ERSP_aH_R8_TN.npy,1,0.19474405,1,EL033|AHR8,0.1315537676666501,3.863139942844401e-12,0.26998160131515064,0.15455740438587465,4.322566480185071e-06,0.44389445724600135,8.44681597985457e-06
96,EL033,AHR9,aH_R9,LM,concat,3,\\nasac-m2.unige.ch\m-HumanNeuronLab\ANALYSIS\FLM\Analysis_LoraFanda\01_FBM_Analysis\outputs\04_ersp_LM_RAWONLY\EL033\LM\ERSP_matrix\audio\EL033_audio_WM_ERSP_aH_R9_TN.npy,\\nasac-m2.unige.ch\m-HumanNeuronLab\ANALYSIS\FLM\Analysis_LoraFanda\01_FBM_Analysis\outputs\04_ersp_LM_RAWONLY\EL033\LM\ERSP_matrix\audio\EL033_audio_WM_ERSP_aH_R9_TN.npy,\\nasac-m2.unige.ch\m-HumanNeuronLab\ANALYSIS\FLM\Analysis_LoraFanda\01_FBM_Analysis\outputs\04_ersp_LM_RAWONLY\EL033\LM\ERSP_matrix\picture\EL033_picture_WM_ERSP_aH_R9_TN.npy,\\nasac-m2.unige.ch\m-HumanNeuronLab\ANALYSIS\FLM\Analysis_LoraFanda\01_FBM_Analysis\outputs\04_ersp_LM_RAWONLY\EL033\LM\ERSP_matrix\reading\EL033_reading_WM_ERSP_aH_R9_TN.npy,3,0.10459799,3,EL033|AHR9,8.918648358608973e-10,0.0006001011837333828,0.11629318597142552,0.051970463773152224,0.05979924721857646,0.7697458616910607,0.0015911392701868754
97,EL033,AL1,A_L1,LM,concat,3,\\nasac-m2.unige.ch\m-HumanNeuronLab\ANALYSIS\FLM\Analysis_LoraFanda\01_FBM_Analysis\outputs\04_ersp_LM_RAWONLY\EL033\LM\ERSP_matrix\audio\EL033_audio_WM_ERSP_A_L1_TN.npy,\\nasac-m2.unige.ch\m-HumanNeuronLab\ANALYSIS\FLM\Analysis_LoraFanda\01_FBM_Analysis\outputs\04_ersp_LM_RAWONLY\EL033\LM\ERSP_matrix\audio\EL033_audio_WM_ERSP_A_L1_TN.npy,\\nasac-m2.unige.ch\m-HumanNeuronLab\ANALYSIS\FLM\Analysis_LoraFanda\01_FBM_Analysis\outputs\04_ersp_LM_RAWONLY\EL033\LM\ERSP_matrix\picture\EL033_picture_WM_ERSP_A_L1_TN.npy,\\nasac-m2.unige.ch\m-HumanNeuronLab\ANALYSIS\FLM\Analysis_LoraFanda\01_FBM_Analysis\outputs\04_ersp_LM_RAWONLY\EL033\LM\ERSP_matrix\reading\EL033_reading_WM_ERSP_A_L1_TN.npy,3,0.05081431,3,EL033|AL1,0.11039850257049125,0.0646191471540455,0.18659992877531414,1.4439488399081842e-07,0.021997855924970312,0.3888300196556589,0.22755440152463585
98,EL033,AL11,A_L11,LM,concat,2,\\nasac-m2.unige.ch\m-HumanNeuronLab\ANALYSIS\FLM\Analysis_LoraFanda\01_FBM_Analysis\outputs\04_ersp_LM_RAWONLY\EL033\LM\ERSP_matrix\audio\EL033_audio_WM_ERSP_A_L11_TN.npy,\\nasac-m2.unige.ch\m-HumanNeuronLab\ANALYSIS\FLM\Analysis_LoraFanda\01_FBM_Analysis\outputs\04_ersp_LM_RAWONLY\EL033\LM\ERSP_matrix\audio\EL033_audio_WM_ERSP_A_L11_TN.npy,\\nasac-m2.unige.ch\m-HumanNeuronLab\ANALYSIS\FLM\Analysis_LoraFanda\01_FBM_Analysis\outputs\04_ersp_LM_RAWONLY\EL033\LM\ERSP_matrix\picture\EL033_picture_WM_ERSP_A_L11_TN.npy,\\nasac-m2.unige.ch\m-HumanNeuronLab\ANALYSIS\FLM\Analysis_LoraFanda\01_FBM_Analysis\outputs\04_ersp_LM_RAWONLY\EL033\LM\ERSP_matrix\reading\EL033_reading_WM_ERSP_A_L11_TN.npy,3,0.21137302,3,EL033|AL11,4.951746371848398e-06,0.0175512566659262,0.063957779010571,9.518727957316493e-05,0.12013742820896871,0.773600860554545,0.024652536534044135
99,EL033,AL12,A_L12,LM,concat,3,\\nasac-m2.unige.ch\m-HumanNeuronLab\ANALYSIS\FLM\Analysis_LoraFanda\01_FBM_Analysis\outputs\04_ersp_LM_RAWONLY\EL033\LM\ERSP_matrix\audio\EL033_audio_WM_ERSP_A_L12_TN.npy,\\nasac-m2.unige.ch\m-HumanNeuronLab\ANALYSIS\FLM\Analysis_LoraFanda\01_FBM_Analysis\outputs\04_ersp_LM_RAWONLY\EL033\LM\ERSP_matrix\audio\EL033_audio_WM_ERSP_A_L12_TN.npy,\\nasac-m2.unige.ch\m-HumanNeuronLab\ANALYSIS\FLM\Analysis_LoraFanda\01_FBM_Analysis\outputs\04_ersp_LM_RAWONLY\EL033\LM\ERSP_matrix\picture\EL033_picture_WM_ERSP_A_L12_TN.npy,\\nasac-m2.unige.ch\m-HumanNeuronLab\ANALYSIS\FLM\Analysis_LoraFanda\01_FBM_Analysis\outputs\04_ersp_LM_RAWONLY\EL033\LM\ERSP_matrix\reading\EL033_reading_WM_ERSP_A_L12_TN.npy,3,0.22225723,3,EL033|AL12,1.648548436510985e-13,0.0003294273671926036,0.05524446770419217,0.04533597453601017,0.17608358587674133,0.7221699131183095,0.0008366313973894482
100,EL033,AL2,A_L2,LM,concat,2,\\nasac-m2.unige.ch\m-HumanNeuronLab\ANALYSIS\FLM\Analysis_LoraFanda\01_FBM_Analysis\outputs\04_ersp_LM_RAWONLY\EL033\LM\ERSP_matrix\audio\EL033_audio_WM_ERSP_A_L2_TN.npy,\\nasac-m2.unige.ch\m-HumanNeuronLab\ANALYSIS\FLM\Analysis_LoraFanda\01_FBM_Analysis\outputs\04_ersp_LM_RAWONLY\EL033\LM\ERSP_matrix\audio\EL033_audio_WM_ERSP_A_L2_TN.npy,\\nasac-m2.unige.ch\m-HumanNeuronLab\ANALYSIS\FLM\Analysis_LoraFanda\01_FBM_Analysis\outputs\04_ersp_LM_RAWONLY\EL033\LM\ERSP_matrix\picture\EL033_picture_WM_ERSP_A_L2_TN.npy,\\nasac-m2.unige.ch\m-HumanNeuronLab\ANALYSIS\FLM\Analysis_LoraFanda\01_FBM_Analysis\outputs\04_ersp_LM_RAWONLY\EL033\LM\ERSP_matrix\reading\EL033_reading_WM_ERSP_A_L2_TN.npy,3,0.027587775,3,EL033|AL2,0.12668166439474265,1.306155238747319e-07,0.13875587227616692,4.938922186695102e-06,0.0012924243596444682,0.6706520559519468,0.06261291347978859
101,EL033,AL3,A_L3,LM,concat,2,\\nasac-m2.unige.ch\m-HumanNeuronLab\ANALYSIS\FLM\Analysis_LoraFanda\01_FBM_Analysis\outputs\04_ersp_LM_RAWONLY\EL033\LM\ERSP_matrix\audio\EL033_audio_WM_ERSP_A_L3_TN.npy,\\nasac-m2.unige.ch\m-HumanNeuronLab\ANALYSIS\FLM\Analysis_LoraFanda\01_FBM_Analysis\outputs\04_ersp_LM_RAWONLY\EL033\LM\ERSP_matrix\audio\EL033_audio_WM_ERSP_A_L3_TN.npy,\\nasac-m2.unige.ch\m-HumanNeuronLab\ANALYSIS\FLM\Analysis_LoraFanda\01_FBM_Analysis\outputs\04_ersp_LM_RAWONLY\EL033\LM\ERSP_matrix\picture\EL033_picture_WM_ERSP_A_L3_TN.npy,\\nasac-m2.unige.ch\m-HumanNeuronLab\ANALYSIS\FLM\Analysis_LoraFanda\01_FBM_Analysis\outputs\04_ersp_LM_RAWONLY\EL033\LM\ERSP_matrix\reading\EL033_reading_WM_ERSP_A_L3_TN.npy,3,-0.037051063,3,EL033|AL3,0.18909793582579099,9.173279251888535e-06,0.07832905012842456,1.5676824049143851e-06,0.00011600673020768205,0.6544781574835504,0.07796810887036953
102,EL033,AL4,A_L4,LM,concat,3,\\nasac-m2.unige.ch\m-HumanNeuronLab\ANALYSIS\FLM\Analysis_LoraFanda\01_FBM_Analysis\outputs\04_ersp_LM_RAWONLY\EL033\LM\ERSP_matrix\audio\EL033_audio_WM_ERSP_A_L4_TN.npy,\\nasac-m2.unige.ch\m-HumanNeuronLab\ANALYSIS\FLM\Analysis_LoraFanda\01_FBM_Analysis\outputs\04_ersp_LM_RAWONLY\EL033\LM\ERSP_matrix\audio\EL033_audio_WM_ERSP_A_L4_TN.npy,\\nasac-m2.unige.ch\m-HumanNeuronLab\ANALYSIS\FLM\Analysis_LoraFanda\01_FBM_Analysis\outputs\04_ersp_LM_RAWONLY\EL033\LM\ERSP_matrix\picture\EL033_picture_WM_ERSP_A_L4_TN.npy,\\nasac-m2.unige.ch\m-HumanNeuronLab\ANALYSIS\FLM\Analysis_LoraFanda\01_FBM_Analysis\outputs\04_ersp_LM_RAWONLY\EL033\LM\ERSP_matrix\reading\EL033_reading_WM_ERSP_A_L4_TN.npy,3,0.13872425,3,EL033|AL4,0.08193442708048461,0.05106626784130228,0.1375763745547867,1.3652688703920473e-06,0.003068839621486118,0.5769492485518641,0.14940347708120572
103,EL033,AL5,A_L5,LM,concat,3,\\nasac-m2.unige.ch\m-HumanNeuronLab\ANALYSIS\FLM\Analysis_LoraFanda\01_FBM_Analysis\outputs\04_ersp_LM_RAWONLY\EL033\LM\ERSP_matrix\audio\EL033_audio_WM_ERSP_A_L5_TN.npy,\\nasac-m2.unige.ch\m-HumanNeuronLab\ANALYSIS\FLM\Analysis_LoraFanda\01_FBM_Analysis\outputs\04_ersp_LM_RAWONLY\EL033\LM\ERSP_matrix\audio\EL033_audio_WM_ERSP_A_L5_TN.npy,\\nasac-m2.unige.ch\m-HumanNeuronLab\ANALYSIS\FLM\Analysis_LoraFanda\01_FBM_Analysis\outputs\04_ersp_LM_RAWONLY\EL033\LM\ERSP_matrix\picture\EL033_picture_WM_ERSP_A_L5_TN.npy,\\nasac-m2.unige.ch\m-HumanNeuronLab\ANALYSIS\FLM\Analysis_LoraFanda\01_FBM_Analysis\outputs\04_ersp_LM_RAWONLY\EL033\LM\ERSP_matrix\reading\EL033_reading_WM_ERSP_A_L5_TN.npy,3,0.17968376,3,EL033|AL5,0.04905848203449531,0.05335278701198375,0.1419151532450032,1.6135981985360828e-06,0.009352464871637553,0.5849734188272235,0.16134608041145823
104,EL033,AL6,A_L6,LM,concat,3,\\nasac-m2.unige.ch\m-HumanNeuronLab\ANALYSIS\FLM\Analysis_LoraFanda\01_FBM_Analysis\outputs\04_ersp_LM_RAWONLY\EL033\LM\ERSP_matrix\audio\EL033_audio_WM_ERSP_A_L6_TN.npy,\\nasac-m2.unige.ch\m-HumanNeuronLab\ANALYSIS\FLM\Analysis_LoraFanda\01_FBM_Analysis\outputs\04_ersp_LM_RAWONLY\EL033\LM\ERSP_matrix\audio\EL033_audio_WM_ERSP_A_L6_TN.npy,\\nasac-m2.unige.ch\m-HumanNeuronLab\ANALYSIS\FLM\Analysis_LoraFanda\01_FBM_Analysis\outputs\04_ersp_LM_RAWONLY\EL033\LM\ERSP_matrix\picture\EL033_picture_WM_ERSP_A_L6_TN.npy,\\nasac-m2.unige.ch\m-HumanNeuronLab\ANALYSIS\FLM\Analysis_LoraFanda\01_FBM_Analysis\outputs\04_ersp_LM_RAWONLY\EL033\LM\ERSP_matrix\reading\EL033_reading_WM_ERSP_A_L6_TN.npy,3,0.2135866,3,EL033|AL6,0.04652481329877301,0.009867525086045902,0.07288299331038628,1.8287474701882684e-05,0.02819555248441866,0.6836524897140478,0.15885833863162652
105,EL033,AL8,A_L8,LM,concat,3,\\nasac-m2.unige.ch\m-HumanNeuronLab\ANALYSIS\FLM\Analysis_LoraFanda\01_FBM_Analysis\outputs\04_ersp_LM_RAWONLY\EL033\LM\ERSP_matrix\audio\EL033_audio_WM_ERSP_A_L8_TN.npy,\\nasac-m2.unige.ch\m-HumanNeuronLab\ANALYSIS\FLM\Analysis_LoraFanda\01_FBM_Analysis\outputs\04_ersp_LM_RAWONLY\EL033\LM\ERSP_matrix\audio\EL033_audio_WM_ERSP_A_L8_TN.npy,\\nasac-m2.unige.ch\m-HumanNeuronLab\ANALYSIS\FLM\Analysis_LoraFanda\01_FBM_Analysis\outputs\04_ersp_LM_RAWONLY\EL033\LM\ERSP_matrix\picture\EL033_picture_WM_ERSP_A_L8_TN.npy,\\nasac-m2.unige.ch\m-HumanNeuronLab\ANALYSIS\FLM\Analysis_LoraFanda\01_FBM_Analysis\outputs\04_ersp_LM_RAWONLY\EL033\LM\ERSP_matrix\reading\EL033_reading_WM_ERSP_A_L8_TN.npy,3,0.22940339,3,EL033|AL8,7.989631720491847e-05,0.028084068406884943,0.08630512288293157,2.346870848852041e-05,0.06398426024923656,0.6522642714331227,0.16925891200213072
106,EL033,AL9,A_L9,LM,concat,2,\\nasac-m2.unige.ch\m-HumanNeuronLab\ANALYSIS\FLM\Analysis_LoraFanda\01_FBM_Analysis\outputs\04_ersp_LM_RAWONLY\EL033\LM\ERSP_matrix\audio\EL033_audio_WM_ERSP_A_L9_TN.npy,\\nasac-m2.unige.ch\m-HumanNeuronLab\ANALYSIS\FLM\Analysis_LoraFanda\01_FBM_Analysis\outputs\04_ersp_LM_RAWONLY\EL033\LM\ERSP_matrix\audio\EL033_audio_WM_ERSP_A_L9_TN.npy,\\nasac-m2.unige.ch\m-HumanNeuronLab\ANALYSIS\FLM\Analysis_LoraFanda\01_FBM_Analysis\outputs\04_ersp_LM_RAWONLY\EL033\LM\ERSP_matrix\picture\EL033_picture_WM_ERSP_A_L9_TN.npy,\\nasac-m2.unige.ch\m-HumanNeuronLab\ANALYSIS\FLM\Analysis_LoraFanda\01_FBM_Analysis\outputs\04_ersp_LM_RAWONLY\EL033\LM\ERSP_matrix\reading\EL033_reading_WM_ERSP_A_L9_TN.npy,3,0.16839772,3,EL033|AL9,9.341286421585372e-08,0.08799573747509543,0.16226668126271032,3.6524199866378516e-06,0.036514455279377946,0.573305842242902,0.13991353790706326
107,EL033,AR1,A_R1,LM,concat,1,\\nasac-m2.unige.ch\m-HumanNeuronLab\ANALYSIS\FLM\Analysis_LoraFanda\01_FBM_Analysis\outputs\04_ersp_LM_RAWONLY\EL033\LM\ERSP_matrix\audio\EL033_audio_WM_ERSP_A_R1_TN.npy,\\nasac-m2.unige.ch\m-HumanNeuronLab\ANALYSIS\FLM\Analysis_LoraFanda\01_FBM_Analysis\outputs\04_ersp_LM_RAWONLY\EL033\LM\ERSP_matrix\audio\EL033_audio_WM_ERSP_A_R1_TN.npy,\\nasac-m2.unige.ch\m-HumanNeuronLab\ANALYSIS\FLM\Analysis_LoraFanda\01_FBM_Analysis\outputs\04_ersp_LM_RAWONLY\EL033\LM\ERSP_matrix\picture\EL033_picture_WM_ERSP_A_R1_TN.npy,\\nasac-m2.unige.ch\m-HumanNeuronLab\ANALYSIS\FLM\Analysis_LoraFanda\01_FBM_Analysis\outputs\04_ersp_LM_RAWONLY\EL033\LM\ERSP_matrix\reading\EL033_reading_WM_ERSP_A_R1_TN.npy,1,0.33678326,1,EL033|AR1,0.4053874685948442,3.3689159814275582e-16,0.20843580251974544,0.022614904931429668,8.600172843573184e-29,0.36356182385525654,9.872380776547535e-11
108,EL033,AR10,A_R10,LM,concat,2,\\nasac-m2.unige.ch\m-HumanNeuronLab\ANALYSIS\FLM\Analysis_LoraFanda\01_FBM_Analysis\outputs\04_ersp_LM_RAWONLY\EL033\LM\ERSP_matrix\audio\EL033_audio_WM_ERSP_A_R10_TN.npy,\\nasac-m2.unige.ch\m-HumanNeuronLab\ANALYSIS\FLM\Analysis_LoraFanda\01_FBM_Analysis\outputs\04_ersp_LM_RAWONLY\EL033\LM\ERSP_matrix\audio\EL033_audio_WM_ERSP_A_R10_TN.npy,\\nasac-m2.unige.ch\m-HumanNeuronLab\ANALYSIS\FLM\Analysis_LoraFanda\01_FBM_Analysis\outputs\04_ersp_LM_RAWONLY\EL033\LM\ERSP_matrix\picture\EL033_picture_WM_ERSP_A_R10_TN.npy,\\nasac-m2.unige.ch\m-HumanNeuronLab\ANALYSIS\FLM\Analysis_LoraFanda\01_FBM_Analysis\outputs\04_ersp_LM_RAWONLY\EL033\LM\ERSP_matrix\reading\EL033_reading_WM_ERSP_A_R10_TN.npy,1,0.35786495,1,EL033|AR10,0.25936218089374763,0.05500084421326847,0.24357455273867135,0.016638644378646768,2.95123348687521e-17,0.4254237079257549,6.984991098748705e-08
109,EL033,AR11,A_R11,LM,concat,2,\\nasac-m2.unige.ch\m-HumanNeuronLab\ANALYSIS\FLM\Analysis_LoraFanda\01_FBM_Analysis\outputs\04_ersp_LM_RAWONLY\EL033\LM\ERSP_matrix\audio\EL033_audio_WM_ERSP_A_R11_TN.npy,\\nasac-m2.unige.ch\m-HumanNeuronLab\ANALYSIS\FLM\Analysis_LoraFanda\01_FBM_Analysis\outputs\04_ersp_LM_RAWONLY\EL033\LM\ERSP_matrix\audio\EL033_audio_WM_ERSP_A_R11_TN.npy,\\nasac-m2.unige.ch\m-HumanNeuronLab\ANALYSIS\FLM\Analysis_LoraFanda\01_FBM_Analysis\outputs\04_ersp_LM_RAWONLY\EL033\LM\ERSP_matrix\picture\EL033_picture_WM_ERSP_A_R11_TN.npy,\\nasac-m2.unige.ch\m-HumanNeuronLab\ANALYSIS\FLM\Analysis_LoraFanda\01_FBM_Analysis\outputs\04_ersp_LM_RAWONLY\EL033\LM\ERSP_matrix\reading\EL033_reading_WM_ERSP_A_R11_TN.npy,1,0.22509307,1,EL033|AR11,6.144423825167178e-19,0.007128280574405687,0.21280980025156415,0.12527255361948156,0.010295873037215443,0.6444934907034178,1.8139154597622746e-09
110,EL033,AR12,A_R12,LM,concat,3,\\nasac-m2.unige.ch\m-HumanNeuronLab\ANALYSIS\FLM\Analysis_LoraFanda\01_FBM_Analysis\outputs\04_ersp_LM_RAWONLY\EL033\LM\ERSP_matrix\audio\EL033_audio_WM_ERSP_A_R12_TN.npy,\\nasac-m2.unige.ch\m-HumanNeuronLab\ANALYSIS\FLM\Analysis_LoraFanda\01_FBM_Analysis\outputs\04_ersp_LM_RAWONLY\EL033\LM\ERSP_matrix\audio\EL033_audio_WM_ERSP_A_R12_TN.npy,\\nasac-m2.unige.ch\m-HumanNeuronLab\ANALYSIS\FLM\Analysis_LoraFanda\01_FBM_Analysis\outputs\04_ersp_LM_RAWONLY\EL033\LM\ERSP_matrix\picture\EL033_picture_WM_ERSP_A_R12_TN.npy,\\nasac-m2.unige.ch\m-HumanNeuronLab\ANALYSIS\FLM\Analysis_LoraFanda\01_FBM_Analysis\outputs\04_ersp_LM_RAWONLY\EL033\LM\ERSP_matrix\reading\EL033_reading_WM_ERSP_A_R12_TN.npy,3,0.24064645,3,EL033|AR12,5.098620861309372e-09,0.06264530703755691,0.05464520336744415,0.00011000505027252734,0.095474578599902,0.6519179903490698,0.13520691049713376
111,EL033,AR2,A_R2,LM,concat,1,\\nasac-m2.unige.ch\m-HumanNeuronLab\ANALYSIS\FLM\Analysis_LoraFanda\01_FBM_Analysis\outputs\04_ersp_LM_RAWONLY\EL033\LM\ERSP_matrix\audio\EL033_audio_WM_ERSP_A_R2_TN.npy,\\nasac-m2.unige.ch\m-HumanNeuronLab\ANALYSIS\FLM\Analysis_LoraFanda\01_FBM_Analysis\outputs\04_ersp_LM_RAWONLY\EL033\LM\ERSP_matrix\audio\EL033_audio_WM_ERSP_A_R2_TN.npy,\\nasac-m2.unige.ch\m-HumanNeuronLab\ANALYSIS\FLM\Analysis_LoraFanda\01_FBM_Analysis\outputs\04_ersp_LM_RAWONLY\EL033\LM\ERSP_matrix\picture\EL033_picture_WM_ERSP_A_R2_TN.npy,\\nasac-m2.unige.ch\m-HumanNeuronLab\ANALYSIS\FLM\Analysis_LoraFanda\01_FBM_Analysis\outputs\04_ersp_LM_RAWONLY\EL033\LM\ERSP_matrix\reading\EL033_reading_WM_ERSP_A_R2_TN.npy,1,0.35984877,1,EL033|AR2,0.2668758329695501,2.270245097183932e-26,0.2233646037187863,0.09117594676875043,3.9892076225729735e-36,0.41858361642163705,1.212760196057389e-10
112,EL033,AR3,A_R3,LM,concat,2,\\nasac-m2.unige.ch\m-HumanNeuronLab\ANALYSIS\FLM\Analysis_LoraFanda\01_FBM_Analysis\outputs\04_ersp_LM_RAWONLY\EL033\LM\ERSP_matrix\audio\EL033_audio_WM_ERSP_A_R3_TN.npy,\\nasac-m2.unige.ch\m-HumanNeuronLab\ANALYSIS\FLM\Analysis_LoraFanda\01_FBM_Analysis\outputs\04_ersp_LM_RAWONLY\EL033\LM\ERSP_matrix\audio\EL033_audio_WM_ERSP_A_R3_TN.npy,\\nasac-m2.unige.ch\m-HumanNeuronLab\ANALYSIS\FLM\Analysis_LoraFanda\01_FBM_Analysis\outputs\04_ersp_LM_RAWONLY\EL033\LM\ERSP_matrix\picture\EL033_picture_WM_ERSP_A_R3_TN.npy,\\nasac-m2.unige.ch\m-HumanNeuronLab\ANALYSIS\FLM\Analysis_LoraFanda\01_FBM_Analysis\outputs\04_ersp_LM_RAWONLY\EL033\LM\ERSP_matrix\reading\EL033_reading_WM_ERSP_A_R3_TN.npy,1,0.20956144,1,EL033|AR3,0.15934919570771683,0.0709871375510167,0.189089443143932,1.655620031110208e-05,9.244584546037021e-09,0.4593011295166505,0.12125652863578838
113,EL033,AR4,A_R4,LM,concat,2,\\nasac-m2.unige.ch\m-HumanNeuronLab\ANALYSIS\FLM\Analysis_LoraFanda\01_FBM_Analysis\outputs\04_ersp_LM_RAWONLY\EL033\LM\ERSP_matrix\audio\EL033_audio_WM_ERSP_A_R4_TN.npy,\\nasac-m2.unige.ch\m-HumanNeuronLab\ANALYSIS\FLM\Analysis_LoraFanda\01_FBM_Analysis\outputs\04_ersp_LM_RAWONLY\EL033\LM\ERSP_matrix\audio\EL033_audio_WM_ERSP_A_R4_TN.npy,\\nasac-m2.unige.ch\m-HumanNeuronLab\ANALYSIS\FLM\Analysis_LoraFanda\01_FBM_Analysis\outputs\04_ersp_LM_RAWONLY\EL033\LM\ERSP_matrix\picture\EL033_picture_WM_ERSP_A_R4_TN.npy,\\nasac-m2.unige.ch\m-HumanNeuronLab\ANALYSIS\FLM\Analysis_LoraFanda\01_FBM_Analysis\outputs\04_ersp_LM_RAWONLY\EL033\LM\ERSP_matrix\reading\EL033_reading_WM_ERSP_A_R4_TN.npy,1,0.17100993,1,EL033|AR4,0.13824445642869065,0.10315164414678893,0.18170009228341244,0.00014641799946327552,3.1229119099038893e-06,0.4854110361567397,0.09134323007299514
114,EL033,AR5,A_R5,LM,concat,2,\\nasac-m2.unige.ch\m-HumanNeuronLab\ANALYSIS\FLM\Analysis_LoraFanda\01_FBM_Analysis\outputs\04_ersp_LM_RAWONLY\EL033\LM\ERSP_matrix\audio\EL033_audio_WM_ERSP_A_R5_TN.npy,\\nasac-m2.unige.ch\m-HumanNeuronLab\ANALYSIS\FLM\Analysis_LoraFanda\01_FBM_Analysis\outputs\04_ersp_LM_RAWONLY\EL033\LM\ERSP_matrix\audio\EL033_audio_WM_ERSP_A_R5_TN.npy,\\nasac-m2.unige.ch\m-HumanNeuronLab\ANALYSIS\FLM\Analysis_LoraFanda\01_FBM_Analysis\outputs\04_ersp_LM_RAWONLY\EL033\LM\ERSP_matrix\picture\EL033_picture_WM_ERSP_A_R5_TN.npy,\\nasac-m2.unige.ch\m-HumanNeuronLab\ANALYSIS\FLM\Analysis_LoraFanda\01_FBM_Analysis\outputs\04_ersp_LM_RAWONLY\EL033\LM\ERSP_matrix\reading\EL033_reading_WM_ERSP_A_R5_TN.npy,3,0.09213976,3,EL033|AR5,0.160355133631309,0.0860313597944558,0.12751561929809457,0.0008069484800184968,0.00588559123298689,0.5490482307536578,0.07035711680947734
115,EL033,AR7,A_R7,LM,concat,2,\\nasac-m2.unige.ch\m-HumanNeuronLab\ANALYSIS\FLM\Analysis_LoraFanda\01_FBM_Analysis\outputs\04_ersp_LM_RAWONLY\EL033\LM\ERSP_matrix\audio\EL033_audio_WM_ERSP_A_R7_TN.npy,\\nasac-m2.unige.ch\m-HumanNeuronLab\ANALYSIS\FLM\Analysis_LoraFanda\01_FBM_Analysis\outputs\04_ersp_LM_RAWONLY\EL033\LM\ERSP_matrix\audio\EL033_audio_WM_ERSP_A_R7_TN.npy,\\nasac-m2.unige.ch\m-HumanNeuronLab\ANALYSIS\FLM\Analysis_LoraFanda\01_FBM_Analysis\outputs\04_ersp_LM_RAWONLY\EL033\LM\ERSP_matrix\picture\EL033_picture_WM_ERSP_A_R7_TN.npy,\\nasac-m2.unige.ch\m-HumanNeuronLab\ANALYSIS\FLM\Analysis_LoraFanda\01_FBM_Analysis\outputs\04_ersp_LM_RAWONLY\EL033\LM\ERSP_matrix\reading\EL033_reading_WM_ERSP_A_R7_TN.npy,3,0.16443357,3,EL033|AR7,0.047283045480118864,0.04653973479846744,0.11508925285523237,0.00014398998099512603,0.05010659957548931,0.6337746938898051,0.10706268341989185
116,EL033,AR8,A_R8,LM,concat,2,\\nasac-m2.unige.ch\m-HumanNeuronLab\ANALYSIS\FLM\Analysis_LoraFanda\01_FBM_Analysis\outputs\04_ersp_LM_RAWONLY\EL033\LM\ERSP_matrix\audio\EL033_audio_WM_ERSP_A_R8_TN.npy,\\nasac-m2.unige.ch\m-HumanNeuronLab\ANALYSIS\FLM\Analysis_LoraFanda\01_FBM_Analysis\outputs\04_ersp_LM_RAWONLY\EL033\LM\ERSP_matrix\audio\EL033_audio_WM_ERSP_A_R8_TN.npy,\\nasac-m2.unige.ch\m-HumanNeuronLab\ANALYSIS\FLM\Analysis_LoraFanda\01_FBM_Analysis\outputs\04_ersp_LM_RAWONLY\EL033\LM\ERSP_matrix\picture\EL033_picture_WM_ERSP_A_R8_TN.npy,\\nasac-m2.unige.ch\m-HumanNeuronLab\ANALYSIS\FLM\Analysis_LoraFanda\01_FBM_Analysis\outputs\04_ersp_LM_RAWONLY\EL033\LM\ERSP_matrix\reading\EL033_reading_WM_ERSP_A_R8_TN.npy,3,0.16296291,3,EL033|AR8,2.2346438048747356e-13,0.018859711006766103,0.12384921683750018,4.649502781781992e-05,0.12612374734059,0.6206467065477207,0.11047412323938174
117,EL033,AR9,A_R9,LM,concat,2,\\nasac-m2.unige.ch\m-HumanNeuronLab\ANALYSIS\FLM\Analysis_LoraFanda\01_FBM_Analysis\outputs\04_ersp_LM_RAWONLY\EL033\LM\ERSP_matrix\audio\EL033_audio_WM_ERSP_A_R9_TN.npy,\\nasac-m2.unige.ch\m-HumanNeuronLab\ANALYSIS\FLM\Analysis_LoraFanda\01_FBM_Analysis\outputs\04_ersp_LM_RAWONLY\EL033\LM\ERSP_matrix\audio\EL033_audio_WM_ERSP_A_R9_TN.npy,\\nasac-m2.unige.ch\m-HumanNeuronLab\ANALYSIS\FLM\Analysis_LoraFanda\01_FBM_Analysis\outputs\04_ersp_LM_RAWONLY\EL033\LM\ERSP_matrix\picture\EL033_picture_WM_ERSP_A_R9_TN.npy,\\nasac-m2.unige.ch\m-HumanNeuronLab\ANALYSIS\FLM\Analysis_LoraFanda\01_FBM_Analysis\outputs\04_ersp_LM_RAWONLY\EL033\LM\ERSP_matrix\reading\EL033_reading_WM_ERSP_A_R9_TN.npy,3,-0.104374625,3,EL033|AR9,0.0291440719095344,0.0491724699311694,0.14660340298448893,0.0002699274346519231,0.010798749584604004,0.7639404364518545,7.094170369696162e-05
118,EL033,ENTGR1,EntG_R1,LM,concat,2,\\nasac-m2.unige.ch\m-HumanNeuronLab\ANALYSIS\FLM\Analysis_LoraFanda\01_FBM_Analysis\outputs\04_ersp_LM_RAWONLY\EL033\LM\ERSP_matrix\audio\EL033_audio_WM_ERSP_EntG_R1_TN.npy,\\nasac-m2.unige.ch\m-HumanNeuronLab\ANALYSIS\FLM\Analysis_LoraFanda\01_FBM_Analysis\outputs\04_ersp_LM_RAWONLY\EL033\LM\ERSP_matrix\audio\EL033_audio_WM_ERSP_EntG_R1_TN.npy,\\nasac-m2.unige.ch\m-HumanNeuronLab\ANALYSIS\FLM\Analysis_LoraFanda\01_FBM_Analysis\outputs\04_ersp_LM_RAWONLY\EL033\LM\ERSP_matrix\picture\EL033_picture_WM_ERSP_EntG_R1_TN.npy,\\nasac-m2.unige.ch\m-HumanNeuronLab\ANALYSIS\FLM\Analysis_LoraFanda\01_FBM_Analysis\outputs\04_ersp_LM_RAWONLY\EL033\LM\ERSP_matrix\reading\EL033_reading_WM_ERSP_EntG_R1_TN.npy,1,0.25126055,1,EL033|ENTGR1,0.22367414614212736,0.030448915473569566,0.11427171339112073,1.4380354171404765e-07,4.4162125565619897e-07,0.6240075096906137,0.0075971298777713315
119,EL033,ENTGR10,EntG_R10,LM,concat,2,\\nasac-m2.unige.ch\m-HumanNeuronLab\ANALYSIS\FLM\Analysis_LoraFanda\01_FBM_Analysis\outputs\04_ersp_LM_RAWONLY\EL033\LM\ERSP_matrix\audio\EL033_audio_WM_ERSP_EntG_R10_TN.npy,\\nasac-m2.unige.ch\m-HumanNeuronLab\ANALYSIS\FLM\Analysis_LoraFanda\01_FBM_Analysis\outputs\04_ersp_LM_RAWONLY\EL033\LM\ERSP_matrix\audio\EL033_audio_WM_ERSP_EntG_R10_TN.npy,\\nasac-m2.unige.ch\m-HumanNeuronLab\ANALYSIS\FLM\Analysis_LoraFanda\01_FBM_Analysis\outputs\04_ersp_LM_RAWONLY\EL033\LM\ERSP_matrix\picture\EL033_picture_WM_ERSP_EntG_R10_TN.npy,\\nasac-m2.unige.ch\m-HumanNeuronLab\ANALYSIS\FLM\Analysis_LoraFanda\01_FBM_Analysis\outputs\04_ersp_LM_RAWONLY\EL033\LM\ERSP_matrix\reading\EL033_reading_WM_ERSP_EntG_R10_TN.npy,3,-0.00659513,3,EL033|ENTGR10,5.394662859162057e-18,0.027354481829593883,0.1416476812713639,0.022053210382900933,0.053422774355808424,0.7554906789957813,3.117316455150929e-05
120,EL033,ENTGR11,EntG_R11,LM,concat,3,\\nasac-m2.unige.ch\m-HumanNeuronLab\ANALYSIS\FLM\Analysis_LoraFanda\01_FBM_Analysis\outputs\04_ersp_LM_RAWONLY\EL033\LM\ERSP_matrix\audio\EL033_audio_WM_ERSP_EntG_R11_TN.npy,\\nasac-m2.unige.ch\m-HumanNeuronLab\ANALYSIS\FLM\Analysis_LoraFanda\01_FBM_Analysis\outputs\04_ersp_LM_RAWONLY\EL033\LM\ERSP_matrix\audio\EL033_audio_WM_ERSP_EntG_R11_TN.npy,\\nasac-m2.unige.ch\m-HumanNeuronLab\ANALYSIS\FLM\Analysis_LoraFanda\01_FBM_Analysis\outputs\04_ersp_LM_RAWONLY\EL033\LM\ERSP_matrix\picture\EL033_picture_WM_ERSP_EntG_R11_TN.npy,\\nasac-m2.unige.ch\m-HumanNeuronLab\ANALYSIS\FLM\Analysis_LoraFanda\01_FBM_Analysis\outputs\04_ersp_LM_RAWONLY\EL033\LM\ERSP_matrix\reading\EL033_reading_WM_ERSP_EntG_R11_TN.npy,3,0.22348915,3,EL033|ENTGR11,7.873992477153658e-09,0.06271973888670865,0.0674000928527197,7.018632341208741e-06,0.08476644556270672,0.6638225792585458,0.12128411693298537
121,EL033,ENTGR2,EntG_R2,LM,concat,2,\\nasac-m2.unige.ch\m-HumanNeuronLab\ANALYSIS\FLM\Analysis_LoraFanda\01_FBM_Analysis\outputs\04_ersp_LM_RAWONLY\EL033\LM\ERSP_matrix\audio\EL033_audio_WM_ERSP_EntG_R2_TN.npy,\\nasac-m2.unige.ch\m-HumanNeuronLab\ANALYSIS\FLM\Analysis_LoraFanda\01_FBM_Analysis\outputs\04_ersp_LM_RAWONLY\EL033\LM\ERSP_matrix\audio\EL033_audio_WM_ERSP_EntG_R2_TN.npy,\\nasac-m2.unige.ch\m-HumanNeuronLab\ANALYSIS\FLM\Analysis_LoraFanda\01_FBM_Analysis\outputs\04_ersp_LM_RAWONLY\EL033\LM\ERSP_matrix\picture\EL033_picture_WM_ERSP_EntG_R2_TN.npy,\\nasac-m2.unige.ch\m-HumanNeuronLab\ANALYSIS\FLM\Analysis_LoraFanda\01_FBM_Analysis\outputs\04_ersp_LM_RAWONLY\EL033\LM\ERSP_matrix\reading\EL033_reading_WM_ERSP_EntG_R2_TN.npy,1,0.30890563,1,EL033|ENTGR2,0.19741136452818447,4.622212417768867e-21,0.1916693293048765,0.14549440804409497,4.153242069547852e-28,0.46542489812283605,8.042846958610103e-15
122,EL033,ENTGR3,EntG_R3,LM,concat,2,\\nasac-m2.unige.ch\m-HumanNeuronLab\ANALYSIS\FLM\Analysis_LoraFanda\01_FBM_Analysis\outputs\04_ersp_LM_RAWONLY\EL033\LM\ERSP_matrix\audio\EL033_audio_WM_ERSP_EntG_R3_TN.npy,\\nasac-m2.unige.ch\m-HumanNeuronLab\ANALYSIS\FLM\Analysis_LoraFanda\01_FBM_Analysis\outputs\04_ersp_LM_RAWONLY\EL033\LM\ERSP_matrix\audio\EL033_audio_WM_ERSP_EntG_R3_TN.npy,\\nasac-m2.unige.ch\m-HumanNeuronLab\ANALYSIS\FLM\Analysis_LoraFanda\01_FBM_Analysis\outputs\04_ersp_LM_RAWONLY\EL033\LM\ERSP_matrix\picture\EL033_picture_WM_ERSP_EntG_R3_TN.npy,\\nasac-m2.unige.ch\m-HumanNeuronLab\ANALYSIS\FLM\Analysis_LoraFanda\01_FBM_Analysis\outputs\04_ersp_LM_RAWONLY\EL033\LM\ERSP_matrix\reading\EL033_reading_WM_ERSP_EntG_R3_TN.npy,1,0.24175814,1,EL033|ENTGR3,0.19738909779215344,0.012183540387044106,0.20751975188140634,3.371946794638926e-08,1.9249338801506946e-10,0.5591994280683467,0.023708147959088148
123,EL033,ENTGR5,EntG_R5,LM,concat,1,\\nasac-m2.unige.ch\m-HumanNeuronLab\ANALYSIS\FLM\Analysis_LoraFanda\01_FBM_Analysis\outputs\04_ersp_LM_RAWONLY\EL033\LM\ERSP_matrix\audio\EL033_audio_WM_ERSP_EntG_R5_TN.npy,\\nasac-m2.unige.ch\m-HumanNeuronLab\ANALYSIS\FLM\Analysis_LoraFanda\01_FBM_Analysis\outputs\04_ersp_LM_RAWONLY\EL033\LM\ERSP_matrix\audio\EL033_audio_WM_ERSP_EntG_R5_TN.npy,\\nasac-m2.unige.ch\m-HumanNeuronLab\ANALYSIS\FLM\Analysis_LoraFanda\01_FBM_Analysis\outputs\04_ersp_LM_RAWONLY\EL033\LM\ERSP_matrix\picture\EL033_picture_WM_ERSP_EntG_R5_TN.npy,\\nasac-m2.unige.ch\m-HumanNeuronLab\ANALYSIS\FLM\Analysis_LoraFanda\01_FBM_Analysis\outputs\04_ersp_LM_RAWONLY\EL033\LM\ERSP_matrix\reading\EL033_reading_WM_ERSP_EntG_R5_TN.npy,1,0.25494707,1,EL033|ENTGR5,0.16025775324284833,3.3660761898381054e-17,0.16861461912451575,0.19463803675671676,3.1588928915361177e-13,0.4764895843505317,6.52507163798422e-09
124,EL033,ENTGR6,EntG_R6,LM,concat,2,\\nasac-m2.unige.ch\m-HumanNeuronLab\ANALYSIS\FLM\Analysis_LoraFanda\01_FBM_Analysis\outputs\04_ersp_LM_RAWONLY\EL033\LM\ERSP_matrix\audio\EL033_audio_WM_ERSP_EntG_R6_TN.npy,\\nasac-m2.unige.ch\m-HumanNeuronLab\ANALYSIS\FLM\Analysis_LoraFanda\01_FBM_Analysis\outputs\04_ersp_LM_RAWONLY\EL033\LM\ERSP_matrix\audio\EL033_audio_WM_ERSP_EntG_R6_TN.npy,\\nasac-m2.unige.ch\m-HumanNeuronLab\ANALYSIS\FLM\Analysis_LoraFanda\01_FBM_Analysis\outputs\04_ersp_LM_RAWONLY\EL033\LM\ERSP_matrix\picture\EL033_picture_WM_ERSP_EntG_R6_TN.npy,\\nasac-m2.unige.ch\m-HumanNeuronLab\ANALYSIS\FLM\Analysis_LoraFanda\01_FBM_Analysis\outputs\04_ersp_LM_RAWONLY\EL033\LM\ERSP_matrix\reading\EL033_reading_WM_ERSP_EntG_R6_TN.npy,3,-0.08712204,3,EL033|ENTGR6,0.07923614216231224,0.0073284117327543745,0.14489209865590597,0.01951606391601774,0.04185399395984953,0.706969022304015,0.00020426726914510467
125,EL033,ENTGR7,EntG_R7,LM,concat,2,\\nasac-m2.unige.ch\m-HumanNeuronLab\ANALYSIS\FLM\Analysis_LoraFanda\01_FBM_Analysis\outputs\04_ersp_LM_RAWONLY\EL033\LM\ERSP_matrix\audio\EL033_audio_WM_ERSP_EntG_R7_TN.npy,\\nasac-m2.unige.ch\m-HumanNeuronLab\ANALYSIS\FLM\Analysis_LoraFanda\01_FBM_Analysis\outputs\04_ersp_LM_RAWONLY\EL033\LM\ERSP_matrix\audio\EL033_audio_WM_ERSP_EntG_R7_TN.npy,\\nasac-m2.unige.ch\m-HumanNeuronLab\ANALYSIS\FLM\Analysis_LoraFanda\01_FBM_Analysis\outputs\04_ersp_LM_RAWONLY\EL033\LM\ERSP_matrix\picture\EL033_picture_WM_ERSP_EntG_R7_TN.npy,\\nasac-m2.unige.ch\m-HumanNeuronLab\ANALYSIS\FLM\Analysis_LoraFanda\01_FBM_Analysis\outputs\04_ersp_LM_RAWONLY\EL033\LM\ERSP_matrix\reading\EL033_reading_WM_ERSP_EntG_R7_TN.npy,3,0.16741803,3,EL033|ENTGR7,0.040684223000752265,0.017948015350253966,0.08035262459978314,7.398965538672849e-05,0.043669187523772315,0.7558007872441446,0.06147117262590698
126,EL033,ENTGR8,EntG_R8,LM,concat,2,\\nasac-m2.unige.ch\m-HumanNeuronLab\ANALYSIS\FLM\Analysis_LoraFanda\01_FBM_Analysis\outputs\04_ersp_LM_RAWONLY\EL033\LM\ERSP_matrix\audio\EL033_audio_WM_ERSP_EntG_R8_TN.npy,\\nasac-m2.unige.ch\m-HumanNeuronLab\ANALYSIS\FLM\Analysis_LoraFanda\01_FBM_Analysis\outputs\04_ersp_LM_RAWONLY\EL033\LM\ERSP_matrix\audio\EL033_audio_WM_ERSP_EntG_R8_TN.npy,\\nasac-m2.unige.ch\m-HumanNeuronLab\ANALYSIS\FLM\Analysis_LoraFanda\01_FBM_Analysis\outputs\04_ersp_LM_RAWONLY\EL033\LM\ERSP_matrix\picture\EL033_picture_WM_ERSP_EntG_R8_TN.npy,\\nasac-m2.unige.ch\m-HumanNeuronLab\ANALYSIS\FLM\Analysis_LoraFanda\01_FBM_Analysis\outputs\04_ersp_LM_RAWONLY\EL033\LM\ERSP_matrix\reading\EL033_reading_WM_ERSP_EntG_R8_TN.npy,3,0.12661292,3,EL033|ENTGR8,0.0015727527348955855,0.04417196638181356,0.04419893074625891,0.010324860869862966,0.024023772748417795,0.8612191583775711,0.01448855814118018
127,EL033,ENTGR9,EntG_R9,LM,concat,2,\\nasac-m2.unige.ch\m-HumanNeuronLab\ANALYSIS\FLM\Analysis_LoraFanda\01_FBM_Analysis\outputs\04_ersp_LM_RAWONLY\EL033\LM\ERSP_matrix\audio\EL033_audio_WM_ERSP_EntG_R9_TN.npy,\\nasac-m2.unige.ch\m-HumanNeuronLab\ANALYSIS\FLM\Analysis_LoraFanda\01_FBM_Analysis\outputs\04_ersp_LM_RAWONLY\EL033\LM\ERSP_matrix\audio\EL033_audio_WM_ERSP_EntG_R9_TN.npy,\\nasac-m2.unige.ch\m-HumanNeuronLab\ANALYSIS\FLM\Analysis_LoraFanda\01_FBM_Analysis\outputs\04_ersp_LM_RAWONLY\EL033\LM\ERSP_matrix\picture\EL033_picture_WM_ERSP_EntG_R9_TN.npy,\\nasac-m2.unige.ch\m-HumanNeuronLab\ANALYSIS\FLM\Analysis_LoraFanda\01_FBM_Analysis\outputs\04_ersp_LM_RAWONLY\EL033\LM\ERSP_matrix\reading\EL033_reading_WM_ERSP_EntG_R9_TN.npy,3,-0.08783759,3,EL033|ENTGR9,0.06266487904394474,1.5290838439277715e-12,0.10865131020598719,0.12498301999142973,1.4567370028591696e-10,0.703700744413507,4.619792842679472e-08
128,EL033,PHGR1,PHG_R1,LM,concat,1,\\nasac-m2.unige.ch\m-HumanNeuronLab\ANALYSIS\FLM\Analysis_LoraFanda\01_FBM_Analysis\outputs\04_ersp_LM_RAWONLY\EL033\LM\ERSP_matrix\audio\EL033_audio_WM_ERSP_PHG_R1_TN.npy,\\nasac-m2.unige.ch\m-HumanNeuronLab\ANALYSIS\FLM\Analysis_LoraFanda\01_FBM_Analysis\outputs\04_ersp_LM_RAWONLY\EL033\LM\ERSP_matrix\audio\EL033_audio_WM_ERSP_PHG_R1_TN.npy,\\nasac-m2.unige.ch\m-HumanNeuronLab\ANALYSIS\FLM\Analysis_LoraFanda\01_FBM_Analysis\outputs\04_ersp_LM_RAWONLY\EL033\LM\ERSP_matrix\picture\EL033_picture_WM_ERSP_PHG_R1_TN.npy,\\nasac-m2.unige.ch\m-HumanNeuronLab\ANALYSIS\FLM\Analysis_LoraFanda\01_FBM_Analysis\outputs\04_ersp_LM_RAWONLY\EL033\LM\ERSP_matrix\reading\EL033_reading_WM_ERSP_PHG_R1_TN.npy,1,0.30710733,1,EL033|PHGR1,0.38596954873309913,3.843191208636595e-36,0.38850687933476963,0.2255235719321312,3.4333758536483126e-68,1.2083094108278536e-29,9.163465419496849e-27
129,EL033,PHGR10,PHG_R10,LM,concat,2,\\nasac-m2.unige.ch\m-HumanNeuronLab\ANALYSIS\FLM\Analysis_LoraFanda\01_FBM_Analysis\outputs\04_ersp_LM_RAWONLY\EL033\LM\ERSP_matrix\audio\EL033_audio_WM_ERSP_PHG_R10_TN.npy,\\nasac-m2.unige.ch\m-HumanNeuronLab\ANALYSIS\FLM\Analysis_LoraFanda\01_FBM_Analysis\outputs\04_ersp_LM_RAWONLY\EL033\LM\ERSP_matrix\audio\EL033_audio_WM_ERSP_PHG_R10_TN.npy,\\nasac-m2.unige.ch\m-HumanNeuronLab\ANALYSIS\FLM\Analysis_LoraFanda\01_FBM_Analysis\outputs\04_ersp_LM_RAWONLY\EL033\LM\ERSP_matrix\picture\EL033_picture_WM_ERSP_PHG_R10_TN.npy,\\nasac-m2.unige.ch\m-HumanNeuronLab\ANALYSIS\FLM\Analysis_LoraFanda\01_FBM_Analysis\outputs\04_ersp_LM_RAWONLY\EL033\LM\ERSP_matrix\reading\EL033_reading_WM_ERSP_PHG_R10_TN.npy,3,-0.042159904,3,EL033|PHGR10,0.0062715369436918515,0.004795050017510137,0.008231968117712735,0.10148054570023926,0.08308313531134853,0.7961282247876602,9.53912183720385e-06
130,EL033,PHGR11,PHG_R11,LM,concat,3,\\nasac-m2.unige.ch\m-HumanNeuronLab\ANALYSIS\FLM\Analysis_LoraFanda\01_FBM_Analysis\outputs\04_ersp_LM_RAWONLY\EL033\LM\ERSP_matrix\audio\EL033_audio_WM_ERSP_PHG_R11_TN.npy,\\nasac-m2.unige.ch\m-HumanNeuronLab\ANALYSIS\FLM\Analysis_LoraFanda\01_FBM_Analysis\outputs\04_ersp_LM_RAWONLY\EL033\LM\ERSP_matrix\audio\EL033_audio_WM_ERSP_PHG_R11_TN.npy,\\nasac-m2.unige.ch\m-HumanNeuronLab\ANALYSIS\FLM\Analysis_LoraFanda\01_FBM_Analysis\outputs\04_ersp_LM_RAWONLY\EL033\LM\ERSP_matrix\picture\EL033_picture_WM_ERSP_PHG_R11_TN.npy,\\nasac-m2.unige.ch\m-HumanNeuronLab\ANALYSIS\FLM\Analysis_LoraFanda\01_FBM_Analysis\outputs\04_ersp_LM_RAWONLY\EL033\LM\ERSP_matrix\reading\EL033_reading_WM_ERSP_PHG_R11_TN.npy,3,0.219744,3,EL033|PHGR11,3.8441138367749245e-08,0.04282915190076897,0.11428208964015575,0.0022004944876952283,0.11888247148354915,0.6760671673585535,0.04573858668813886
131,EL033,PHGR12,PHG_R12,LM,concat,3,\\nasac-m2.unige.ch\m-HumanNeuronLab\ANALYSIS\FLM\Analysis_LoraFanda\01_FBM_Analysis\outputs\04_ersp_LM_RAWONLY\EL033\LM\ERSP_matrix\audio\EL033_audio_WM_ERSP_PHG_R12_TN.npy,\\nasac-m2.unige.ch\m-HumanNeuronLab\ANALYSIS\FLM\Analysis_LoraFanda\01_FBM_Analysis\outputs\04_ersp_LM_RAWONLY\EL033\LM\ERSP_matrix\audio\EL033_audio_WM_ERSP_PHG_R12_TN.npy,\\nasac-m2.unige.ch\m-HumanNeuronLab\ANALYSIS\FLM\Analysis_LoraFanda\01_FBM_Analysis\outputs\04_ersp_LM_RAWONLY\EL033\LM\ERSP_matrix\picture\EL033_picture_WM_ERSP_PHG_R12_TN.npy,\\nasac-m2.unige.ch\m-HumanNeuronLab\ANALYSIS\FLM\Analysis_LoraFanda\01_FBM_Analysis\outputs\04_ersp_LM_RAWONLY\EL033\LM\ERSP_matrix\reading\EL033_reading_WM_ERSP_PHG_R12_TN.npy,3,0.21130776,3,EL033|PHGR12,2.2328751241851668e-17,0.006002689144534099,0.1384225373976209,0.022643270987265252,0.11788057980253051,0.6692793199264349,0.04577160274161434
132,EL033,PHGR5,PHG_R5,LM,concat,1,\\nasac-m2.unige.ch\m-HumanNeuronLab\ANALYSIS\FLM\Analysis_LoraFanda\01_FBM_Analysis\outputs\04_ersp_LM_RAWONLY\EL033\LM\ERSP_matrix\audio\EL033_audio_WM_ERSP_PHG_R5_TN.npy,\\nasac-m2.unige.ch\m-HumanNeuronLab\ANALYSIS\FLM\Analysis_LoraFanda\01_FBM_Analysis\outputs\04_ersp_LM_RAWONLY\EL033\LM\ERSP_matrix\audio\EL033_audio_WM_ERSP_PHG_R5_TN.npy,\\nasac-m2.unige.ch\m-HumanNeuronLab\ANALYSIS\FLM\Analysis_LoraFanda\01_FBM_Analysis\outputs\04_ersp_LM_RAWONLY\EL033\LM\ERSP_matrix\picture\EL033_picture_WM_ERSP_PHG_R5_TN.npy,\\nasac-m2.unige.ch\m-HumanNeuronLab\ANALYSIS\FLM\Analysis_LoraFanda\01_FBM_Analysis\outputs\04_ersp_LM_RAWONLY\EL033\LM\ERSP_matrix\reading\EL033_reading_WM_ERSP_PHG_R5_TN.npy,1,0.118080996,1,EL033|PHGR5,0.21604041181829553,9.442451482996999e-07,0.1170026468733494,0.04622907330887289,9.431442852652041e-06,0.6207172723489305,2.1996255068852654e-07
133,EL033,PHGR6,PHG_R6,LM,concat,2,\\nasac-m2.unige.ch\m-HumanNeuronLab\ANALYSIS\FLM\Analysis_LoraFanda\01_FBM_Analysis\outputs\04_ersp_LM_RAWONLY\EL033\LM\ERSP_matrix\audio\EL033_audio_WM_ERSP_PHG_R6_TN.npy,\\nasac-m2.unige.ch\m-HumanNeuronLab\ANALYSIS\FLM\Analysis_LoraFanda\01_FBM_Analysis\outputs\04_ersp_LM_RAWONLY\EL033\LM\ERSP_matrix\audio\EL033_audio_WM_ERSP_PHG_R6_TN.npy,\\nasac-m2.unige.ch\m-HumanNeuronLab\ANALYSIS\FLM\Analysis_LoraFanda\01_FBM_Analysis\outputs\04_ersp_LM_RAWONLY\EL033\LM\ERSP_matrix\picture\EL033_picture_WM_ERSP_PHG_R6_TN.npy,\\nasac-m2.unige.ch\m-HumanNeuronLab\ANALYSIS\FLM\Analysis_LoraFanda\01_FBM_Analysis\outputs\04_ersp_LM_RAWONLY\EL033\LM\ERSP_matrix\reading\EL033_reading_WM_ERSP_PHG_R6_TN.npy,3,0.017557539,3,EL033|PHGR6,0.14733065721763464,0.025853980537095544,0.11465803510801661,0.05640128030133523,0.027170350004936852,0.6285715601914564,1.4136639524580089e-05
134,EL033,PHGR8,PHG_R8,LM,concat,2,\\nasac-m2.unige.ch\m-HumanNeuronLab\ANALYSIS\FLM\Analysis_LoraFanda\01_FBM_Analysis\outputs\04_ersp_LM_RAWONLY\EL033\LM\ERSP_matrix\audio\EL033_audio_WM_ERSP_PHG_R8_TN.npy,\\nasac-m2.unige.ch\m-HumanNeuronLab\ANALYSIS\FLM\Analysis_LoraFanda\01_FBM_Analysis\outputs\04_ersp_LM_RAWONLY\EL033\LM\ERSP_matrix\audio\EL033_audio_WM_ERSP_PHG_R8_TN.npy,\\nasac-m2.unige.ch\m-HumanNeuronLab\ANALYSIS\FLM\Analysis_LoraFanda\01_FBM_Analysis\outputs\04_ersp_LM_RAWONLY\EL033\LM\ERSP_matrix\picture\EL033_picture_WM_ERSP_PHG_R8_TN.npy,\\nasac-m2.unige.ch\m-HumanNeuronLab\ANALYSIS\FLM\Analysis_LoraFanda\01_FBM_Analysis\outputs\04_ersp_LM_RAWONLY\EL033\LM\ERSP_matrix\reading\EL033_reading_WM_ERSP_PHG_R8_TN.npy,3,-0.0076140715,3,EL033|PHGR8,0.0003755208212283507,0.05817208100307429,0.006106893604614423,0.050907353305153794,0.008323490103600461,0.8741705472783886,0.0019441138839400881
135,EL033,PHGR9,PHG_R9,LM,concat,2,\\nasac-m2.unige.ch\m-HumanNeuronLab\ANALYSIS\FLM\Analysis_LoraFanda\01_FBM_Analysis\outputs\04_ersp_LM_RAWONLY\EL033\LM\ERSP_matrix\audio\EL033_audio_WM_ERSP_PHG_R9_TN.npy,\\nasac-m2.unige.ch\m-HumanNeuronLab\ANALYSIS\FLM\Analysis_LoraFanda\01_FBM_Analysis\outputs\04_ersp_LM_RAWONLY\EL033\LM\ERSP_matrix\audio\EL033_audio_WM_ERSP_PHG_R9_TN.npy,\\nasac-m2.unige.ch\m-HumanNeuronLab\ANALYSIS\FLM\Analysis_LoraFanda\01_FBM_Analysis\outputs\04_ersp_LM_RAWONLY\EL033\LM\ERSP_matrix\picture\EL033_picture_WM_ERSP_PHG_R9_TN.npy,\\nasac-m2.unige.ch\m-HumanNeuronLab\ANALYSIS\FLM\Analysis_LoraFanda\01_FBM_Analysis\outputs\04_ersp_LM_RAWONLY\EL033\LM\ERSP_matrix\reading\EL033_reading_WM_ERSP_PHG_R9_TN.npy,1,0.21895063,1,EL033|PHGR9,1.0663564014063874e-10,5.800832959182566e-09,0.0047715868676489704,0.20060532102922182,0.05495454502751846,0.7396683566082821,1.8455986000857875e-07
136,EL033,PHR2,pH_R2,LM,concat,1,\\nasac-m2.unige.ch\m-HumanNeuronLab\ANALYSIS\FLM\Analysis_LoraFanda\01_FBM_Analysis\outputs\04_ersp_LM_RAWONLY\EL033\LM\ERSP_matrix\audio\EL033_audio_WM_ERSP_pH_R2_TN.npy,\\nasac-m2.unige.ch\m-HumanNeuronLab\ANALYSIS\FLM\Analysis_LoraFanda\01_FBM_Analysis\outputs\04_ersp_LM_RAWONLY\EL033\LM\ERSP_matrix\audio\EL033_audio_WM_ERSP_pH_R2_TN.npy,\\nasac-m2.unige.ch\m-HumanNeuronLab\ANALYSIS\FLM\Analysis_LoraFanda\01_FBM_Analysis\outputs\04_ersp_LM_RAWONLY\EL033\LM\ERSP_matrix\picture\EL033_picture_WM_ERSP_pH_R2_TN.npy,\\nasac-m2.unige.ch\m-HumanNeuronLab\ANALYSIS\FLM\Analysis_LoraFanda\01_FBM_Analysis\outputs\04_ersp_LM_RAWONLY\EL033\LM\ERSP_matrix\reading\EL033_reading_WM_ERSP_pH_R2_TN.npy,1,0.32180014,1,EL033|PHR2,0.4070137268149395,0.06342216304909593,0.2857569780289449,3.764835732905007e-06,3.79153963001192e-11,0.24305249857234273,0.0007508686610286222
137,EL033,PHR3,pH_R3,LM,concat,1,\\nasac-m2.unige.ch\m-HumanNeuronLab\ANALYSIS\FLM\Analysis_LoraFanda\01_FBM_Analysis\outputs\04_ersp_LM_RAWONLY\EL033\LM\ERSP_matrix\audio\EL033_audio_WM_ERSP_pH_R3_TN.npy,\\nasac-m2.unige.ch\m-HumanNeuronLab\ANALYSIS\FLM\Analysis_LoraFanda\01_FBM_Analysis\outputs\04_ersp_LM_RAWONLY\EL033\LM\ERSP_matrix\audio\EL033_audio_WM_ERSP_pH_R3_TN.npy,\\nasac-m2.unige.ch\m-HumanNeuronLab\ANALYSIS\FLM\Analysis_LoraFanda\01_FBM_Analysis\outputs\04_ersp_LM_RAWONLY\EL033\LM\ERSP_matrix\picture\EL033_picture_WM_ERSP_pH_R3_TN.npy,\\nasac-m2.unige.ch\m-HumanNeuronLab\ANALYSIS\FLM\Analysis_LoraFanda\01_FBM_Analysis\outputs\04_ersp_LM_RAWONLY\EL033\LM\ERSP_matrix\reading\EL033_reading_WM_ERSP_pH_R3_TN.npy,1,0.33291733,1,EL033|PHR3,0.3069270139664677,2.017256504469485e-21,0.13916370685095453,0.07086856380586429,1.2740508960815097e-19,0.4830407152956655,8.104789699301009e-11
138,EL033,PHR4,pH_R4,LM,concat,1,\\nasac-m2.unige.ch\m-HumanNeuronLab\ANALYSIS\FLM\Analysis_LoraFanda\01_FBM_Analysis\outputs\04_ersp_LM_RAWONLY\EL033\LM\ERSP_matrix\audio\EL033_audio_WM_ERSP_pH_R4_TN.npy,\\nasac-m2.unige.ch\m-HumanNeuronLab\ANALYSIS\FLM\Analysis_LoraFanda\01_FBM_Analysis\outputs\04_ersp_LM_RAWONLY\EL033\LM\ERSP_matrix\audio\EL033_audio_WM_ERSP_pH_R4_TN.npy,\\nasac-m2.unige.ch\m-HumanNeuronLab\ANALYSIS\FLM\Analysis_LoraFanda\01_FBM_Analysis\outputs\04_ersp_LM_RAWONLY\EL033\LM\ERSP_matrix\picture\EL033_picture_WM_ERSP_pH_R4_TN.npy,\\nasac-m2.unige.ch\m-HumanNeuronLab\ANALYSIS\FLM\Analysis_LoraFanda\01_FBM_Analysis\outputs\04_ersp_LM_RAWONLY\EL033\LM\ERSP_matrix\reading\EL033_reading_WM_ERSP_pH_R4_TN.npy,1,0.2517091,1,EL033|PHR4,0.22608732627553182,6.551118610949141e-23,0.14272651533295583,0.18916271751642397,2.672954366426217e-15,0.44202344070077965,1.743059634807193e-10
139,EL033,PHR7,pH_R7,LM,concat,1,\\nasac-m2.unige.ch\m-HumanNeuronLab\ANALYSIS\FLM\Analysis_LoraFanda\01_FBM_Analysis\outputs\04_ersp_LM_RAWONLY\EL033\LM\ERSP_matrix\audio\EL033_audio_WM_ERSP_pH_R7_TN.npy,\\nasac-m2.unige.ch\m-HumanNeuronLab\ANALYSIS\FLM\Analysis_LoraFanda\01_FBM_Analysis\outputs\04_ersp_LM_RAWONLY\EL033\LM\ERSP_matrix\audio\EL033_audio_WM_ERSP_pH_R7_TN.npy,\\nasac-m2.unige.ch\m-HumanNeuronLab\ANALYSIS\FLM\Analysis_LoraFanda\01_FBM_Analysis\outputs\04_ersp_LM_RAWONLY\EL033\LM\ERSP_matrix\picture\EL033_picture_WM_ERSP_pH_R7_TN.npy,\\nasac-m2.unige.ch\m-HumanNeuronLab\ANALYSIS\FLM\Analysis_LoraFanda\01_FBM_Analysis\outputs\04_ersp_LM_RAWONLY\EL033\LM\ERSP_matrix\reading\EL033_reading_WM_ERSP_pH_R7_TN.npy,1,0.14137134,1,EL033|PHR7,0.1362693635811468,2.433378011857739e-13,0.1028125828034078,0.12226887855360925,0.0004236671513993253,0.6382136645955745,1.1843314619023505e-05
140,EL033,STGR1,STG_R1,LM,concat,2,\\nasac-m2.unige.ch\m-HumanNeuronLab\ANALYSIS\FLM\Analysis_LoraFanda\01_FBM_Analysis\outputs\04_ersp_LM_RAWONLY\EL033\LM\ERSP_matrix\audio\EL033_audio_WM_ERSP_STG_R1_TN.npy,\\nasac-m2.unige.ch\m-HumanNeuronLab\ANALYSIS\FLM\Analysis_LoraFanda\01_FBM_Analysis\outputs\04_ersp_LM_RAWONLY\EL033\LM\ERSP_matrix\audio\EL033_audio_WM_ERSP_STG_R1_TN.npy,\\nasac-m2.unige.ch\m-HumanNeuronLab\ANALYSIS\FLM\Analysis_LoraFanda\01_FBM_Analysis\outputs\04_ersp_LM_RAWONLY\EL033\LM\ERSP_matrix\picture\EL033_picture_WM_ERSP_STG_R1_TN.npy,\\nasac-m2.unige.ch\m-HumanNeuronLab\ANALYSIS\FLM\Analysis_LoraFanda\01_FBM_Analysis\outputs\04_ersp_LM_RAWONLY\EL033\LM\ERSP_matrix\reading\EL033_reading_WM_ERSP_STG_R1_TN.npy,3,0.05913761,3,EL033|STGR1,0.03858035336011143,0.00497396864950175,0.14913485910780133,0.00021302707919952743,0.04628336983768043,0.7079967129838425,0.05281770898186292
141,EL033,STGR6,STG_R6,LM,concat,2,\\nasac-m2.unige.ch\m-HumanNeuronLab\ANALYSIS\FLM\Analysis_LoraFanda\01_FBM_Analysis\outputs\04_ersp_LM_RAWONLY\EL033\LM\ERSP_matrix\audio\EL033_audio_WM_ERSP_STG_R6_TN.npy,\\nasac-m2.unige.ch\m-HumanNeuronLab\ANALYSIS\FLM\Analysis_LoraFanda\01_FBM_Analysis\outputs\04_ersp_LM_RAWONLY\EL033\LM\ERSP_matrix\audio\EL033_audio_WM_ERSP_STG_R6_TN.npy,\\nasac-m2.unige.ch\m-HumanNeuronLab\ANALYSIS\FLM\Analysis_LoraFanda\01_FBM_Analysis\outputs\04_ersp_LM_RAWONLY\EL033\LM\ERSP_matrix\picture\EL033_picture_WM_ERSP_STG_R6_TN.npy,\\nasac-m2.unige.ch\m-HumanNeuronLab\ANALYSIS\FLM\Analysis_LoraFanda\01_FBM_Analysis\outputs\04_ersp_LM_RAWONLY\EL033\LM\ERSP_matrix\reading\EL033_reading_WM_ERSP_STG_R6_TN.npy,3,-0.10901833,3,EL033|STGR6,1.0244109905167769e-14,0.27024876938975917,0.07113928381631032,0.04483905076978069,0.004585830068525634,0.609166363788196,2.0702167417914536e-05
142,EL035,AHL10,aH_L10,LM,concat,2,\\nasac-m2.unige.ch\m-HumanNeuronLab\ANALYSIS\FLM\Analysis_LoraFanda\01_FBM_Analysis\outputs\04_ersp_LM_RAWONLY\EL035\LM\ERSP_matrix\audio\EL035_audio_WM_ERSP_aH_L10_TN.npy,\\nasac-m2.unige.ch\m-HumanNeuronLab\ANALYSIS\FLM\Analysis_LoraFanda\01_FBM_Analysis\outputs\04_ersp_LM_RAWONLY\EL035\LM\ERSP_matrix\audio\EL035_audio_WM_ERSP_aH_L10_TN.npy,\\nasac-m2.unige.ch\m-HumanNeuronLab\ANALYSIS\FLM\Analysis_LoraFanda\01_FBM_Analysis\outputs\04_ersp_LM_RAWONLY\EL035\LM\ERSP_matrix\picture\EL035_picture_WM_ERSP_aH_L10_TN.npy,\\nasac-m2.unige.ch\m-HumanNeuronLab\ANALYSIS\FLM\Analysis_LoraFanda\01_FBM_Analysis\outputs\04_ersp_LM_RAWONLY\EL035\LM\ERSP_matrix\reading\EL035_reading_WM_ERSP_aH_L10_TN.npy,1,0.21825032,1,EL035|AHL10,0.37517821229794956,0.0779355388826458,0.06222952059665164,0.33905564204225025,4.3179862745951705e-07,0.14559796729341828,2.6870884568469797e-06
143,EL035,AHL11,aH_L11,LM,concat,2,\\nasac-m2.unige.ch\m-HumanNeuronLab\ANALYSIS\FLM\Analysis_LoraFanda\01_FBM_Analysis\outputs\04_ersp_LM_RAWONLY\EL035\LM\ERSP_matrix\audio\EL035_audio_WM_ERSP_aH_L11_TN.npy,\\nasac-m2.unige.ch\m-HumanNeuronLab\ANALYSIS\FLM\Analysis_LoraFanda\01_FBM_Analysis\outputs\04_ersp_LM_RAWONLY\EL035\LM\ERSP_matrix\audio\EL035_audio_WM_ERSP_aH_L11_TN.npy,\\nasac-m2.unige.ch\m-HumanNeuronLab\ANALYSIS\FLM\Analysis_LoraFanda\01_FBM_Analysis\outputs\04_ersp_LM_RAWONLY\EL035\LM\ERSP_matrix\picture\EL035_picture_WM_ERSP_aH_L11_TN.npy,\\nasac-m2.unige.ch\m-HumanNeuronLab\ANALYSIS\FLM\Analysis_LoraFanda\01_FBM_Analysis\outputs\04_ersp_LM_RAWONLY\EL035\LM\ERSP_matrix\reading\EL035_reading_WM_ERSP_aH_L11_TN.npy,1,0.23434938,1,EL035|AHL11,0.37765161262907243,0.17996830848212844,9.755909104828846e-09,0.30107419797832785,1.5440384482257783e-05,0.14127934100076103,1.1089769319034006e-05
144,EL035,AHL12,aH_L12,LM,concat,1,\\nasac-m2.unige.ch\m-HumanNeuronLab\ANALYSIS\FLM\Analysis_LoraFanda\01_FBM_Analysis\outputs\04_ersp_LM_RAWONLY\EL035\LM\ERSP_matrix\audio\EL035_audio_WM_ERSP_aH_L12_TN.npy,\\nasac-m2.unige.ch\m-HumanNeuronLab\ANALYSIS\FLM\Analysis_LoraFanda\01_FBM_Analysis\outputs\04_ersp_LM_RAWONLY\EL035\LM\ERSP_matrix\audio\EL035_audio_WM_ERSP_aH_L12_TN.npy,\\nasac-m2.unige.ch\m-HumanNeuronLab\ANALYSIS\FLM\Analysis_LoraFanda\01_FBM_Analysis\outputs\04_ersp_LM_RAWONLY\EL035\LM\ERSP_matrix\picture\EL035_picture_WM_ERSP_aH_L12_TN.npy,\\nasac-m2.unige.ch\m-HumanNeuronLab\ANALYSIS\FLM\Analysis_LoraFanda\01_FBM_Analysis\outputs\04_ersp_LM_RAWONLY\EL035\LM\ERSP_matrix\reading\EL035_reading_WM_ERSP_aH_L12_TN.npy,1,0.14942649,1,EL035|AHL12,0.3448067250747851,0.23399721955527308,7.27915090759602e-05,0.3134006172994653,0.014368967683540464,0.09334297682253831,1.0702055321808366e-05
145,EL035,AHL7,aH_L7,LM,concat,1,\\nasac-m2.unige.ch\m-HumanNeuronLab\ANALYSIS\FLM\Analysis_LoraFanda\01_FBM_Analysis\outputs\04_ersp_LM_RAWONLY\EL035\LM\ERSP_matrix\audio\EL035_audio_WM_ERSP_aH_L7_TN.npy,\\nasac-m2.unige.ch\m-HumanNeuronLab\ANALYSIS\FLM\Analysis_LoraFanda\01_FBM_Analysis\outputs\04_ersp_LM_RAWONLY\EL035\LM\ERSP_matrix\audio\EL035_audio_WM_ERSP_aH_L7_TN.npy,\\nasac-m2.unige.ch\m-HumanNeuronLab\ANALYSIS\FLM\Analysis_LoraFanda\01_FBM_Analysis\outputs\04_ersp_LM_RAWONLY\EL035\LM\ERSP_matrix\picture\EL035_picture_WM_ERSP_aH_L7_TN.npy,\\nasac-m2.unige.ch\m-HumanNeuronLab\ANALYSIS\FLM\Analysis_LoraFanda\01_FBM_Analysis\outputs\04_ersp_LM_RAWONLY\EL035\LM\ERSP_matrix\reading\EL035_reading_WM_ERSP_aH_L7_TN.npy,1,0.2734079,1,EL035|AHL7,0.3558322167590799,0.19868476239997182,4.7004842642625404e-07,0.1903843268541841,0.1689827324710512,0.07114228535489407,0.014973206112392615
146,EL035,AHL9,aH_L9,LM,concat,1,\\nasac-m2.unige.ch\m-HumanNeuronLab\ANALYSIS\FLM\Analysis_LoraFanda\01_FBM_Analysis\outputs\04_ersp_LM_RAWONLY\EL035\LM\ERSP_matrix\audio\EL035_audio_WM_ERSP_aH_L9_TN.npy,\\nasac-m2.unige.ch\m-HumanNeuronLab\ANALYSIS\FLM\Analysis_LoraFanda\01_FBM_Analysis\outputs\04_ersp_LM_RAWONLY\EL035\LM\ERSP_matrix\audio\EL035_audio_WM_ERSP_aH_L9_TN.npy,\\nasac-m2.unige.ch\m-HumanNeuronLab\ANALYSIS\FLM\Analysis_LoraFanda\01_FBM_Analysis\outputs\04_ersp_LM_RAWONLY\EL035\LM\ERSP_matrix\picture\EL035_picture_WM_ERSP_aH_L9_TN.npy,\\nasac-m2.unige.ch\m-HumanNeuronLab\ANALYSIS\FLM\Analysis_LoraFanda\01_FBM_Analysis\outputs\04_ersp_LM_RAWONLY\EL035\LM\ERSP_matrix\reading\EL035_reading_WM_ERSP_aH_L9_TN.npy,1,0.35375437,1,EL035|AHL9,0.39186951120087704,0.28172864821335813,0.04728002488437884,0.13291384460907407,0.139067685104478,6.36559258982977e-05,0.007076630061935827
147,EL035,AHR10,aH_R10,LM,concat,1,\\nasac-m2.unige.ch\m-HumanNeuronLab\ANALYSIS\FLM\Analysis_LoraFanda\01_FBM_Analysis\outputs\04_ersp_LM_RAWONLY\EL035\LM\ERSP_matrix\audio\EL035_audio_WM_ERSP_aH_R10_TN.npy,\\nasac-m2.unige.ch\m-HumanNeuronLab\ANALYSIS\FLM\Analysis_LoraFanda\01_FBM_Analysis\outputs\04_ersp_LM_RAWONLY\EL035\LM\ERSP_matrix\audio\EL035_audio_WM_ERSP_aH_R10_TN.npy,\\nasac-m2.unige.ch\m-HumanNeuronLab\ANALYSIS\FLM\Analysis_LoraFanda\01_FBM_Analysis\outputs\04_ersp_LM_RAWONLY\EL035\LM\ERSP_matrix\picture\EL035_picture_WM_ERSP_aH_R10_TN.npy,\\nasac-m2.unige.ch\m-HumanNeuronLab\ANALYSIS\FLM\Analysis_LoraFanda\01_FBM_Analysis\outputs\04_ersp_LM_RAWONLY\EL035\LM\ERSP_matrix\reading\EL035_reading_WM_ERSP_aH_R10_TN.npy,1,0.30778748,1,EL035|AHR10,0.5214513748988067,0.21111623961784706,2.323334092958024e-12,0.1469662740975077,0.12046071568487204,4.012917541533497e-15,5.395698639224368e-06
148,EL035,AHR11,aH_R11,LM,concat,1,\\nasac-m2.unige.ch\m-HumanNeuronLab\ANALYSIS\FLM\Analysis_LoraFanda\01_FBM_Analysis\outputs\04_ersp_LM_RAWONLY\EL035\LM\ERSP_matrix\audio\EL035_audio_WM_ERSP_aH_R11_TN.npy,\\nasac-m2.unige.ch\m-HumanNeuronLab\ANALYSIS\FLM\Analysis_LoraFanda\01_FBM_Analysis\outputs\04_ersp_LM_RAWONLY\EL035\LM\ERSP_matrix\audio\EL035_audio_WM_ERSP_aH_R11_TN.npy,\\nasac-m2.unige.ch\m-HumanNeuronLab\ANALYSIS\FLM\Analysis_LoraFanda\01_FBM_Analysis\outputs\04_ersp_LM_RAWONLY\EL035\LM\ERSP_matrix\picture\EL035_picture_WM_ERSP_aH_R11_TN.npy,\\nasac-m2.unige.ch\m-HumanNeuronLab\ANALYSIS\FLM\Analysis_LoraFanda\01_FBM_Analysis\outputs\04_ersp_LM_RAWONLY\EL035\LM\ERSP_matrix\reading\EL035_reading_WM_ERSP_aH_R11_TN.npy,1,0.28071806,1,EL035|AHR11,0.5563867456335394,0.11451299157153469,8.920223073921352e-10,0.1973485239182749,0.07249306035366013,0.05925815324798689,5.243829817505211e-07
149,EL035,AHR12,aH_R12,LM,concat,1,\\nasac-m2.unige.ch\m-HumanNeuronLab\ANALYSIS\FLM\Analysis_LoraFanda\01_FBM_Analysis\outputs\04_ersp_LM_RAWONLY\EL035\LM\ERSP_matrix\audio\EL035_audio_WM_ERSP_aH_R12_TN.npy,\\nasac-m2.unige.ch\m-HumanNeuronLab\ANALYSIS\FLM\Analysis_LoraFanda\01_FBM_Analysis\outputs\04_ersp_LM_RAWONLY\EL035\LM\ERSP_matrix\audio\EL035_audio_WM_ERSP_aH_R12_TN.npy,\\nasac-m2.unige.ch\m-HumanNeuronLab\ANALYSIS\FLM\Analysis_LoraFanda\01_FBM_Analysis\outputs\04_ersp_LM_RAWONLY\EL035\LM\ERSP_matrix\picture\EL035_picture_WM_ERSP_aH_R12_TN.npy,\\nasac-m2.unige.ch\m-HumanNeuronLab\ANALYSIS\FLM\Analysis_LoraFanda\01_FBM_Analysis\outputs\04_ersp_LM_RAWONLY\EL035\LM\ERSP_matrix\reading\EL035_reading_WM_ERSP_aH_R12_TN.npy,1,0.21764965,1,EL035|AHR12,0.4899853237619272,0.13525036154132083,6.360518789010981e-06,0.2835693354872546,0.09104635107996503,0.00014215749992529223,1.1011081788763584e-07
150,EL035,AHR3,aH_R3,LM,concat,1,\\nasac-m2.unige.ch\m-HumanNeuronLab\ANALYSIS\FLM\Analysis_LoraFanda\01_FBM_Analysis\outputs\04_ersp_LM_RAWONLY\EL035\LM\ERSP_matrix\audio\EL035_audio_WM_ERSP_aH_R3_TN.npy,\\nasac-m2.unige.ch\m-HumanNeuronLab\ANALYSIS\FLM\Analysis_LoraFanda\01_FBM_Analysis\outputs\04_ersp_LM_RAWONLY\EL035\LM\ERSP_matrix\audio\EL035_audio_WM_ERSP_aH_R3_TN.npy,\\nasac-m2.unige.ch\m-HumanNeuronLab\ANALYSIS\FLM\Analysis_LoraFanda\01_FBM_Analysis\outputs\04_ersp_LM_RAWONLY\EL035\LM\ERSP_matrix\picture\EL035_picture_WM_ERSP_aH_R3_TN.npy,\\nasac-m2.unige.ch\m-HumanNeuronLab\ANALYSIS\FLM\Analysis_LoraFanda\01_FBM_Analysis\outputs\04_ersp_LM_RAWONLY\EL035\LM\ERSP_matrix\reading\EL035_reading_WM_ERSP_aH_R3_TN.npy,1,0.35218963,1,EL035|AHR3,0.5278006629601448,0.35333538454149704,2.410805970168583e-43,0.11886395249835786,1.3159651599504126e-57,4.878376232621495e-39,1.73747749962393e-16
151,EL035,AHR9,aH_R9,LM,concat,1,\\nasac-m2.unige.ch\m-HumanNeuronLab\ANALYSIS\FLM\Analysis_LoraFanda\01_FBM_Analysis\outputs\04_ersp_LM_RAWONLY\EL035\LM\ERSP_matrix\audio\EL035_audio_WM_ERSP_aH_R9_TN.npy,\\nasac-m2.unige.ch\m-HumanNeuronLab\ANALYSIS\FLM\Analysis_LoraFanda\01_FBM_Analysis\outputs\04_ersp_LM_RAWONLY\EL035\LM\ERSP_matrix\audio\EL035_audio_WM_ERSP_aH_R9_TN.npy,\\nasac-m2.unige.ch\m-HumanNeuronLab\ANALYSIS\FLM\Analysis_LoraFanda\01_FBM_Analysis\outputs\04_ersp_LM_RAWONLY\EL035\LM\ERSP_matrix\picture\EL035_picture_WM_ERSP_aH_R9_TN.npy,\\nasac-m2.unige.ch\m-HumanNeuronLab\ANALYSIS\FLM\Analysis_LoraFanda\01_FBM_Analysis\outputs\04_ersp_LM_RAWONLY\EL035\LM\ERSP_matrix\reading\EL035_reading_WM_ERSP_aH_R9_TN.npy,1,0.2743831,1,EL035|AHR9,0.5633928445773938,0.16200464735392686,1.0513415999416062e-08,0.16930806905946003,0.057176323381270294,5.458337732343373e-11,0.048118105059949796
152,EL035,AIR4,aI_R4,LM,concat,1,\\nasac-m2.unige.ch\m-HumanNeuronLab\ANALYSIS\FLM\Analysis_LoraFanda\01_FBM_Analysis\outputs\04_ersp_LM_RAWONLY\EL035\LM\ERSP_matrix\audio\EL035_audio_WM_ERSP_aI_R4_TN.npy,\\nasac-m2.unige.ch\m-HumanNeuronLab\ANALYSIS\FLM\Analysis_LoraFanda\01_FBM_Analysis\outputs\04_ersp_LM_RAWONLY\EL035\LM\ERSP_matrix\audio\EL035_audio_WM_ERSP_aI_R4_TN.npy,\\nasac-m2.unige.ch\m-HumanNeuronLab\ANALYSIS\FLM\Analysis_LoraFanda\01_FBM_Analysis\outputs\04_ersp_LM_RAWONLY\EL035\LM\ERSP_matrix\picture\EL035_picture_WM_ERSP_aI_R4_TN.npy,\\nasac-m2.unige.ch\m-HumanNeuronLab\ANALYSIS\FLM\Analysis_LoraFanda\01_FBM_Analysis\outputs\04_ersp_LM_RAWONLY\EL035\LM\ERSP_matrix\reading\EL035_reading_WM_ERSP_aI_R4_TN.npy,1,0.25736007,1,EL035|AIR4,0.2094904137485704,2.591759372734629e-12,0.13806526920723808,3.561786339452399e-05,0.230364519719273,0.1458655693901978,0.27617861006873445
153,EL035,AIR5,aI_R5,LM,concat,3,\\nasac-m2.unige.ch\m-HumanNeuronLab\ANALYSIS\FLM\Analysis_LoraFanda\01_FBM_Analysis\outputs\04_ersp_LM_RAWONLY\EL035\LM\ERSP_matrix\audio\EL035_audio_WM_ERSP_aI_R5_TN.npy,\\nasac-m2.unige.ch\m-HumanNeuronLab\ANALYSIS\FLM\Analysis_LoraFanda\01_FBM_Analysis\outputs\04_ersp_LM_RAWONLY\EL035\LM\ERSP_matrix\audio\EL035_audio_WM_ERSP_aI_R5_TN.npy,\\nasac-m2.unige.ch\m-HumanNeuronLab\ANALYSIS\FLM\Analysis_LoraFanda\01_FBM_Analysis\outputs\04_ersp_LM_RAWONLY\EL035\LM\ERSP_matrix\picture\EL035_picture_WM_ERSP_aI_R5_TN.npy,\\nasac-m2.unige.ch\m-HumanNeuronLab\ANALYSIS\FLM\Analysis_LoraFanda\01_FBM_Analysis\outputs\04_ersp_LM_RAWONLY\EL035\LM\ERSP_matrix\reading\EL035_reading_WM_ERSP_aI_R5_TN.npy,0,-0.08165653,0,EL035|AIR5,0.2384238750477229,0.0003435622446927072,0.05045324021075898,1.2007945001834113e-05,0.1467925690336733,0.06990749541459425,0.49406725010355595
154,EL035,AL10,A_L10,LM,concat,1,\\nasac-m2.unige.ch\m-HumanNeuronLab\ANALYSIS\FLM\Analysis_LoraFanda\01_FBM_Analysis\outputs\04_ersp_LM_RAWONLY\EL035\LM\ERSP_matrix\audio\EL035_audio_WM_ERSP_A_L10_TN.npy,\\nasac-m2.unige.ch\m-HumanNeuronLab\ANALYSIS\FLM\Analysis_LoraFanda\01_FBM_Analysis\outputs\04_ersp_LM_RAWONLY\EL035\LM\ERSP_matrix\audio\EL035_audio_WM_ERSP_A_L10_TN.npy,\\nasac-m2.unige.ch\m-HumanNeuronLab\ANALYSIS\FLM\Analysis_LoraFanda\01_FBM_Analysis\outputs\04_ersp_LM_RAWONLY\EL035\LM\ERSP_matrix\picture\EL035_picture_WM_ERSP_A_L10_TN.npy,\\nasac-m2.unige.ch\m-HumanNeuronLab\ANALYSIS\FLM\Analysis_LoraFanda\01_FBM_Analysis\outputs\04_ersp_LM_RAWONLY\EL035\LM\ERSP_matrix\reading\EL035_reading_WM_ERSP_A_L10_TN.npy,1,0.17409234,1,EL035|AL10,0.303578506774551,0.07621248377009825,0.00281772343639615,0.3814716947643332,0.12021337919362138,0.05244313671750016,0.06326307534349973
155,EL035,AL11,A_L11,LM,concat,1,\\nasac-m2.unige.ch\m-HumanNeuronLab\ANALYSIS\FLM\Analysis_LoraFanda\01_FBM_Analysis\outputs\04_ersp_LM_RAWONLY\EL035\LM\ERSP_matrix\audio\EL035_audio_WM_ERSP_A_L11_TN.npy,\\nasac-m2.unige.ch\m-HumanNeuronLab\ANALYSIS\FLM\Analysis_LoraFanda\01_FBM_Analysis\outputs\04_ersp_LM_RAWONLY\EL035\LM\ERSP_matrix\audio\EL035_audio_WM_ERSP_A_L11_TN.npy,\\nasac-m2.unige.ch\m-HumanNeuronLab\ANALYSIS\FLM\Analysis_LoraFanda\01_FBM_Analysis\outputs\04_ersp_LM_RAWONLY\EL035\LM\ERSP_matrix\picture\EL035_picture_WM_ERSP_A_L11_TN.npy,\\nasac-m2.unige.ch\m-HumanNeuronLab\ANALYSIS\FLM\Analysis_LoraFanda\01_FBM_Analysis\outputs\04_ersp_LM_RAWONLY\EL035\LM\ERSP_matrix\reading\EL035_reading_WM_ERSP_A_L11_TN.npy,1,0.22531712,1,EL035|AL11,0.4206101932095043,0.07498188393174476,0.062060382653114185,0.2646332919573779,0.13753078144661596,0.035071332386198424,0.0051121344154445685
156,EL035,AL7,A_L7,LM,concat,1,\\nasac-m2.unige.ch\m-HumanNeuronLab\ANALYSIS\FLM\Analysis_LoraFanda\01_FBM_Analysis\outputs\04_ersp_LM_RAWONLY\EL035\LM\ERSP_matrix\audio\EL035_audio_WM_ERSP_A_L7_TN.npy,\\nasac-m2.unige.ch\m-HumanNeuronLab\ANALYSIS\FLM\Analysis_LoraFanda\01_FBM_Analysis\outputs\04_ersp_LM_RAWONLY\EL035\LM\ERSP_matrix\audio\EL035_audio_WM_ERSP_A_L7_TN.npy,\\nasac-m2.unige.ch\m-HumanNeuronLab\ANALYSIS\FLM\Analysis_LoraFanda\01_FBM_Analysis\outputs\04_ersp_LM_RAWONLY\EL035\LM\ERSP_matrix\picture\EL035_picture_WM_ERSP_A_L7_TN.npy,\\nasac-m2.unige.ch\m-HumanNeuronLab\ANALYSIS\FLM\Analysis_LoraFanda\01_FBM_Analysis\outputs\04_ersp_LM_RAWONLY\EL035\LM\ERSP_matrix\reading\EL035_reading_WM_ERSP_A_L7_TN.npy,2,-0.09378871,2,EL035|AL7,0.3027471455518792,0.029690748910496993,0.11001049319289398,0.32867223279298313,0.11531595049248891,0.09243350914235786,0.021129919916899848
157,EL035,AL8,A_L8,LM,concat,1,\\nasac-m2.unige.ch\m-HumanNeuronLab\ANALYSIS\FLM\Analysis_LoraFanda\01_FBM_Analysis\outputs\04_ersp_LM_RAWONLY\EL035\LM\ERSP_matrix\audio\EL035_audio_WM_ERSP_A_L8_TN.npy,\\nasac-m2.unige.ch\m-HumanNeuronLab\ANALYSIS\FLM\Analysis_LoraFanda\01_FBM_Analysis\outputs\04_ersp_LM_RAWONLY\EL035\LM\ERSP_matrix\audio\EL035_audio_WM_ERSP_A_L8_TN.npy,\\nasac-m2.unige.ch\m-HumanNeuronLab\ANALYSIS\FLM\Analysis_LoraFanda\01_FBM_Analysis\outputs\04_ersp_LM_RAWONLY\EL035\LM\ERSP_matrix\picture\EL035_picture_WM_ERSP_A_L8_TN.npy,\\nasac-m2.unige.ch\m-HumanNeuronLab\ANALYSIS\FLM\Analysis_LoraFanda\01_FBM_Analysis\outputs\04_ersp_LM_RAWONLY\EL035\LM\ERSP_matrix\reading\EL035_reading_WM_ERSP_A_L8_TN.npy,2,-0.10148945,2,EL035|AL8,0.35302950766752855,0.0785572826731164,2.685950581504723e-08,0.32368625536927237,0.15493782768709433,0.06774706994154858,0.022042029801933913
158,EL035,AL9,A_L9,LM,concat,1,\\nasac-m2.unige.ch\m-HumanNeuronLab\ANALYSIS\FLM\Analysis_LoraFanda\01_FBM_Analysis\outputs\04_ersp_LM_RAWONLY\EL035\LM\ERSP_matrix\audio\EL035_audio_WM_ERSP_A_L9_TN.npy,\\nasac-m2.unige.ch\m-HumanNeuronLab\ANALYSIS\FLM\Analysis_LoraFanda\01_FBM_Analysis\outputs\04_ersp_LM_RAWONLY\EL035\LM\ERSP_matrix\audio\EL035_audio_WM_ERSP_A_L9_TN.npy,\\nasac-m2.unige.ch\m-HumanNeuronLab\ANALYSIS\FLM\Analysis_LoraFanda\01_FBM_Analysis\outputs\04_ersp_LM_RAWONLY\EL035\LM\ERSP_matrix\picture\EL035_picture_WM_ERSP_A_L9_TN.npy,\\nasac-m2.unige.ch\m-HumanNeuronLab\ANALYSIS\FLM\Analysis_LoraFanda\01_FBM_Analysis\outputs\04_ersp_LM_RAWONLY\EL035\LM\ERSP_matrix\reading\EL035_reading_WM_ERSP_A_L9_TN.npy,1,0.17750399,1,EL035|AL9,0.3789233784029359,0.06521367495533438,0.04870471013244891,0.28681858117256226,0.1739326145869878,0.027855439353913974,0.01855160139581674
159,EL035,AR10,A_R10,LM,concat,1,\\nasac-m2.unige.ch\m-HumanNeuronLab\ANALYSIS\FLM\Analysis_LoraFanda\01_FBM_Analysis\outputs\04_ersp_LM_RAWONLY\EL035\LM\ERSP_matrix\audio\EL035_audio_WM_ERSP_A_R10_TN.npy,\\nasac-m2.unige.ch\m-HumanNeuronLab\ANALYSIS\FLM\Analysis_LoraFanda\01_FBM_Analysis\outputs\04_ersp_LM_RAWONLY\EL035\LM\ERSP_matrix\audio\EL035_audio_WM_ERSP_A_R10_TN.npy,\\nasac-m2.unige.ch\m-HumanNeuronLab\ANALYSIS\FLM\Analysis_LoraFanda\01_FBM_Analysis\outputs\04_ersp_LM_RAWONLY\EL035\LM\ERSP_matrix\picture\EL035_picture_WM_ERSP_A_R10_TN.npy,\\nasac-m2.unige.ch\m-HumanNeuronLab\ANALYSIS\FLM\Analysis_LoraFanda\01_FBM_Analysis\outputs\04_ersp_LM_RAWONLY\EL035\LM\ERSP_matrix\reading\EL035_reading_WM_ERSP_A_R10_TN.npy,1,0.28874022,1,EL035|AR10,0.47057099511539385,0.17909450296256316,2.341376018853144e-11,0.20279833843476178,0.1214096680147876,1.5495706121666187e-05,0.026110999742958094
160,EL035,AR11,A_R11,LM,concat,1,\\nasac-m2.unige.ch\m-HumanNeuronLab\ANALYSIS\FLM\Analysis_LoraFanda\01_FBM_Analysis\outputs\04_ersp_LM_RAWONLY\EL035\LM\ERSP_matrix\audio\EL035_audio_WM_ERSP_A_R11_TN.npy,\\nasac-m2.unige.ch\m-HumanNeuronLab\ANALYSIS\FLM\Analysis_LoraFanda\01_FBM_Analysis\outputs\04_ersp_LM_RAWONLY\EL035\LM\ERSP_matrix\audio\EL035_audio_WM_ERSP_A_R11_TN.npy,\\nasac-m2.unige.ch\m-HumanNeuronLab\ANALYSIS\FLM\Analysis_LoraFanda\01_FBM_Analysis\outputs\04_ersp_LM_RAWONLY\EL035\LM\ERSP_matrix\picture\EL035_picture_WM_ERSP_A_R11_TN.npy,\\nasac-m2.unige.ch\m-HumanNeuronLab\ANALYSIS\FLM\Analysis_LoraFanda\01_FBM_Analysis\outputs\04_ersp_LM_RAWONLY\EL035\LM\ERSP_matrix\reading\EL035_reading_WM_ERSP_A_R11_TN.npy,1,0.2697234,1,EL035|AR11,0.49256335335698176,0.0967881750680116,1.0407942513019998e-11,0.19095985947372288,0.15920305957251601,0.04652910494340968,0.013956447574949949
161,EL035,AR12,A_R12,LM,concat,1,\\nasac-m2.unige.ch\m-HumanNeuronLab\ANALYSIS\FLM\Analysis_LoraFanda\01_FBM_Analysis\outputs\04_ersp_LM_RAWONLY\EL035\LM\ERSP_matrix\audio\EL035_audio_WM_ERSP_A_R12_TN.npy,\\nasac-m2.unige.ch\m-HumanNeuronLab\ANALYSIS\FLM\Analysis_LoraFanda\01_FBM_Analysis\outputs\04_ersp_LM_RAWONLY\EL035\LM\ERSP_matrix\audio\EL035_audio_WM_ERSP_A_R12_TN.npy,\\nasac-m2.unige.ch\m-HumanNeuronLab\ANALYSIS\FLM\Analysis_LoraFanda\01_FBM_Analysis\outputs\04_ersp_LM_RAWONLY\EL035\LM\ERSP_matrix\picture\EL035_picture_WM_ERSP_A_R12_TN.npy,\\nasac-m2.unige.ch\m-HumanNeuronLab\ANALYSIS\FLM\Analysis_LoraFanda\01_FBM_Analysis\outputs\04_ersp_LM_RAWONLY\EL035\LM\ERSP_matrix\reading\EL035_reading_WM_ERSP_A_R12_TN.npy,1,0.27475086,1,EL035|AR12,0.527540565745126,0.052953346713443095,4.9919921351365e-08,0.18556410106964769,0.1825477845053162,0.04662542481112592,0.004768727235419819
162,EL035,ENTGR10,EntG_R10,LM,concat,1,\\nasac-m2.unige.ch\m-HumanNeuronLab\ANALYSIS\FLM\Analysis_LoraFanda\01_FBM_Analysis\outputs\04_ersp_LM_RAWONLY\EL035\LM\ERSP_matrix\audio\EL035_audio_WM_ERSP_EntG_R10_TN.npy,\\nasac-m2.unige.ch\m-HumanNeuronLab\ANALYSIS\FLM\Analysis_LoraFanda\01_FBM_Analysis\outputs\04_ersp_LM_RAWONLY\EL035\LM\ERSP_matrix\audio\EL035_audio_WM_ERSP_EntG_R10_TN.npy,\\nasac-m2.unige.ch\m-HumanNeuronLab\ANALYSIS\FLM\Analysis_LoraFanda\01_FBM_Analysis\outputs\04_ersp_LM_RAWONLY\EL035\LM\ERSP_matrix\picture\EL035_picture_WM_ERSP_EntG_R10_TN.npy,\\nasac-m2.unige.ch\m-HumanNeuronLab\ANALYSIS\FLM\Analysis_LoraFanda\01_FBM_Analysis\outputs\04_ersp_LM_RAWONLY\EL035\LM\ERSP_matrix\reading\EL035_reading_WM_ERSP_EntG_R10_TN.npy,0,-0.07567972,0,EL035|ENTGR10,0.8125132577598841,0.041322417543954056,1.2773495534468362e-13,0.05383212306331109,0.08145308207114652,3.321300001030417e-05,0.0108459065615662
163,EL035,ENTGR11,EntG_R11,LM,concat,1,\\nasac-m2.unige.ch\m-HumanNeuronLab\ANALYSIS\FLM\Analysis_LoraFanda\01_FBM_Analysis\outputs\04_ersp_LM_RAWONLY\EL035\LM\ERSP_matrix\audio\EL035_audio_WM_ERSP_EntG_R11_TN.npy,\\nasac-m2.unige.ch\m-HumanNeuronLab\ANALYSIS\FLM\Analysis_LoraFanda\01_FBM_Analysis\outputs\04_ersp_LM_RAWONLY\EL035\LM\ERSP_matrix\audio\EL035_audio_WM_ERSP_EntG_R11_TN.npy,\\nasac-m2.unige.ch\m-HumanNeuronLab\ANALYSIS\FLM\Analysis_LoraFanda\01_FBM_Analysis\outputs\04_ersp_LM_RAWONLY\EL035\LM\ERSP_matrix\picture\EL035_picture_WM_ERSP_EntG_R11_TN.npy,\\nasac-m2.unige.ch\m-HumanNeuronLab\ANALYSIS\FLM\Analysis_LoraFanda\01_FBM_Analysis\outputs\04_ersp_LM_RAWONLY\EL035\LM\ERSP_matrix\reading\EL035_reading_WM_ERSP_EntG_R11_TN.npy,0,-0.15315194,0,EL035|ENTGR11,0.818629877469087,0.00038801989734738967,0.0006656239989960376,0.012831187795293722,0.15848519043949943,0.005725209851015797,0.00327489054876064
164,EL035,ENTGR12,EntG_R12,LM,concat,1,\\nasac-m2.unige.ch\m-HumanNeuronLab\ANALYSIS\FLM\Analysis_LoraFanda\01_FBM_Analysis\outputs\04_ersp_LM_RAWONLY\EL035\LM\ERSP_matrix\audio\EL035_audio_WM_ERSP_EntG_R12_TN.npy,\\nasac-m2.unige.ch\m-HumanNeuronLab\ANALYSIS\FLM\Analysis_LoraFanda\01_FBM_Analysis\outputs\04_ersp_LM_RAWONLY\EL035\LM\ERSP_matrix\audio\EL035_audio_WM_ERSP_EntG_R12_TN.npy,\\nasac-m2.unige.ch\m-HumanNeuronLab\ANALYSIS\FLM\Analysis_LoraFanda\01_FBM_Analysis\outputs\04_ersp_LM_RAWONLY\EL035\LM\ERSP_matrix\picture\EL035_picture_WM_ERSP_EntG_R12_TN.npy,\\nasac-m2.unige.ch\m-HumanNeuronLab\ANALYSIS\FLM\Analysis_LoraFanda\01_FBM_Analysis\outputs\04_ersp_LM_RAWONLY\EL035\LM\ERSP_matrix\reading\EL035_reading_WM_ERSP_EntG_R12_TN.npy,1,0.17585093,1,EL035|ENTGR12,0.5194079369494214,0.02246951936887123,2.6379828219150153e-11,0.24512501590987043,0.16047589853017954,0.051746104031927226,0.0007755251833502635
165,EL035,ENTGR9,EntG_R9,LM,concat,1,\\nasac-m2.unige.ch\m-HumanNeuronLab\ANALYSIS\FLM\Analysis_LoraFanda\01_FBM_Analysis\outputs\04_ersp_LM_RAWONLY\EL035\LM\ERSP_matrix\audio\EL035_audio_WM_ERSP_EntG_R9_TN.npy,\\nasac-m2.unige.ch\m-HumanNeuronLab\ANALYSIS\FLM\Analysis_LoraFanda\01_FBM_Analysis\outputs\04_ersp_LM_RAWONLY\EL035\LM\ERSP_matrix\audio\EL035_audio_WM_ERSP_EntG_R9_TN.npy,\\nasac-m2.unige.ch\m-HumanNeuronLab\ANALYSIS\FLM\Analysis_LoraFanda\01_FBM_Analysis\outputs\04_ersp_LM_RAWONLY\EL035\LM\ERSP_matrix\picture\EL035_picture_WM_ERSP_EntG_R9_TN.npy,\\nasac-m2.unige.ch\m-HumanNeuronLab\ANALYSIS\FLM\Analysis_LoraFanda\01_FBM_Analysis\outputs\04_ersp_LM_RAWONLY\EL035\LM\ERSP_matrix\reading\EL035_reading_WM_ERSP_EntG_R9_TN.npy,0,-0.14086504,0,EL035|ENTGR9,0.6741170627131242,1.8458707195179287e-08,0.1928657215233834,0.001628515395862478,0.008784101297358701,7.917063442019152e-14,0.12260458061148488
166,EL035,OFR17,OF_R17,LM,concat,1,\\nasac-m2.unige.ch\m-HumanNeuronLab\ANALYSIS\FLM\Analysis_LoraFanda\01_FBM_Analysis\outputs\04_ersp_LM_RAWONLY\EL035\LM\ERSP_matrix\audio\EL035_audio_WM_ERSP_OF_R17_TN.npy,\\nasac-m2.unige.ch\m-HumanNeuronLab\ANALYSIS\FLM\Analysis_LoraFanda\01_FBM_Analysis\outputs\04_ersp_LM_RAWONLY\EL035\LM\ERSP_matrix\audio\EL035_audio_WM_ERSP_OF_R17_TN.npy,\\nasac-m2.unige.ch\m-HumanNeuronLab\ANALYSIS\FLM\Analysis_LoraFanda\01_FBM_Analysis\outputs\04_ersp_LM_RAWONLY\EL035\LM\ERSP_matrix\picture\EL035_picture_WM_ERSP_OF_R17_TN.npy,\\nasac-m2.unige.ch\m-HumanNeuronLab\ANALYSIS\FLM\Analysis_LoraFanda\01_FBM_Analysis\outputs\04_ersp_LM_RAWONLY\EL035\LM\ERSP_matrix\reading\EL035_reading_WM_ERSP_OF_R17_TN.npy,1,0.28063354,1,EL035|OFR17,0.5650232283473752,0.07829621047459591,1.6783850551839742e-25,0.039107898113927876,0.08068658037621408,0.038800903863113245,0.19808517882477372
167,EL035,PHGR11,PHG_R11,LM,concat,1,\\nasac-m2.unige.ch\m-HumanNeuronLab\ANALYSIS\FLM\Analysis_LoraFanda\01_FBM_Analysis\outputs\04_ersp_LM_RAWONLY\EL035\LM\ERSP_matrix\audio\EL035_audio_WM_ERSP_PHG_R11_TN.npy,\\nasac-m2.unige.ch\m-HumanNeuronLab\ANALYSIS\FLM\Analysis_LoraFanda\01_FBM_Analysis\outputs\04_ersp_LM_RAWONLY\EL035\LM\ERSP_matrix\audio\EL035_audio_WM_ERSP_PHG_R11_TN.npy,\\nasac-m2.unige.ch\m-HumanNeuronLab\ANALYSIS\FLM\Analysis_LoraFanda\01_FBM_Analysis\outputs\04_ersp_LM_RAWONLY\EL035\LM\ERSP_matrix\picture\EL035_picture_WM_ERSP_PHG_R11_TN.npy,\\nasac-m2.unige.ch\m-HumanNeuronLab\ANALYSIS\FLM\Analysis_LoraFanda\01_FBM_Analysis\outputs\04_ersp_LM_RAWONLY\EL035\LM\ERSP_matrix\reading\EL035_reading_WM_ERSP_PHG_R11_TN.npy,1,0.31228092,1,EL035|PHGR11,0.5353210491589122,0.15585330962665775,0.07397959922511048,0.14109322176574182,0.08337298433650271,0.003019971372172903,0.007359864514902259
168,EL035,PHGR12,PHG_R12,LM,concat,1,\\nasac-m2.unige.ch\m-HumanNeuronLab\ANALYSIS\FLM\Analysis_LoraFanda\01_FBM_Analysis\outputs\04_ersp_LM_RAWONLY\EL035\LM\ERSP_matrix\audio\EL035_audio_WM_ERSP_PHG_R12_TN.npy,\\nasac-m2.unige.ch\m-HumanNeuronLab\ANALYSIS\FLM\Analysis_LoraFanda\01_FBM_Analysis\outputs\04_ersp_LM_RAWONLY\EL035\LM\ERSP_matrix\audio\EL035_audio_WM_ERSP_PHG_R12_TN.npy,\\nasac-m2.unige.ch\m-HumanNeuronLab\ANALYSIS\FLM\Analysis_LoraFanda\01_FBM_Analysis\outputs\04_ersp_LM_RAWONLY\EL035\LM\ERSP_matrix\picture\EL035_picture_WM_ERSP_PHG_R12_TN.npy,\\nasac-m2.unige.ch\m-HumanNeuronLab\ANALYSIS\FLM\Analysis_LoraFanda\01_FBM_Analysis\outputs\04_ersp_LM_RAWONLY\EL035\LM\ERSP_matrix\reading\EL035_reading_WM_ERSP_PHG_R12_TN.npy,1,0.32402846,1,EL035|PHGR12,0.4520102965208572,0.16137365765418155,0.13851809345986366,0.1454470176761344,0.09624387284201842,0.005993291610142908,0.00041377023680181057
169,EL035,PHR1,pH_R1,LM,concat,1,\\nasac-m2.unige.ch\m-HumanNeuronLab\ANALYSIS\FLM\Analysis_LoraFanda\01_FBM_Analysis\outputs\04_ersp_LM_RAWONLY\EL035\LM\ERSP_matrix\audio\EL035_audio_WM_ERSP_pH_R1_TN.npy,\\nasac-m2.unige.ch\m-HumanNeuronLab\ANALYSIS\FLM\Analysis_LoraFanda\01_FBM_Analysis\outputs\04_ersp_LM_RAWONLY\EL035\LM\ERSP_matrix\audio\EL035_audio_WM_ERSP_pH_R1_TN.npy,\\nasac-m2.unige.ch\m-HumanNeuronLab\ANALYSIS\FLM\Analysis_LoraFanda\01_FBM_Analysis\outputs\04_ersp_LM_RAWONLY\EL035\LM\ERSP_matrix\picture\EL035_picture_WM_ERSP_pH_R1_TN.npy,\\nasac-m2.unige.ch\m-HumanNeuronLab\ANALYSIS\FLM\Analysis_LoraFanda\01_FBM_Analysis\outputs\04_ersp_LM_RAWONLY\EL035\LM\ERSP_matrix\reading\EL035_reading_WM_ERSP_pH_R1_TN.npy,1,0.38647023,1,EL035|PHR1,0.19221314804007958,0.028887977773675605,5.78687767258567e-28,0.23684195557967794,1.529317085928609e-15,0.00017027591962227276,0.541886642686943
170,EL035,PIR5,pI_R5,LM,concat,1,\\nasac-m2.unige.ch\m-HumanNeuronLab\ANALYSIS\FLM\Analysis_LoraFanda\01_FBM_Analysis\outputs\04_ersp_LM_RAWONLY\EL035\LM\ERSP_matrix\audio\EL035_audio_WM_ERSP_pI_R5_TN.npy,\\nasac-m2.unige.ch\m-HumanNeuronLab\ANALYSIS\FLM\Analysis_LoraFanda\01_FBM_Analysis\outputs\04_ersp_LM_RAWONLY\EL035\LM\ERSP_matrix\audio\EL035_audio_WM_ERSP_pI_R5_TN.npy,\\nasac-m2.unige.ch\m-HumanNeuronLab\ANALYSIS\FLM\Analysis_LoraFanda\01_FBM_Analysis\outputs\04_ersp_LM_RAWONLY\EL035\LM\ERSP_matrix\picture\EL035_picture_WM_ERSP_pI_R5_TN.npy,\\nasac-m2.unige.ch\m-HumanNeuronLab\ANALYSIS\FLM\Analysis_LoraFanda\01_FBM_Analysis\outputs\04_ersp_LM_RAWONLY\EL035\LM\ERSP_matrix\reading\EL035_reading_WM_ERSP_pI_R5_TN.npy,1,0.20364438,1,EL035|PIR5,3.6112762638766686e-13,0.6391148210402591,0.13688616159994746,0.2239989932246137,8.486163710518783e-09,1.793752328936225e-15,1.5648653098331024e-08
171,EL035,PIR6,pI_R6,LM,concat,1,\\nasac-m2.unige.ch\m-HumanNeuronLab\ANALYSIS\FLM\Analysis_LoraFanda\01_FBM_Analysis\outputs\04_ersp_LM_RAWONLY\EL035\LM\ERSP_matrix\audio\EL035_audio_WM_ERSP_pI_R6_TN.npy,\\nasac-m2.unige.ch\m-HumanNeuronLab\ANALYSIS\FLM\Analysis_LoraFanda\01_FBM_Analysis\outputs\04_ersp_LM_RAWONLY\EL035\LM\ERSP_matrix\audio\EL035_audio_WM_ERSP_pI_R6_TN.npy,\\nasac-m2.unige.ch\m-HumanNeuronLab\ANALYSIS\FLM\Analysis_LoraFanda\01_FBM_Analysis\outputs\04_ersp_LM_RAWONLY\EL035\LM\ERSP_matrix\picture\EL035_picture_WM_ERSP_pI_R6_TN.npy,\\nasac-m2.unige.ch\m-HumanNeuronLab\ANALYSIS\FLM\Analysis_LoraFanda\01_FBM_Analysis\outputs\04_ersp_LM_RAWONLY\EL035\LM\ERSP_matrix\reading\EL035_reading_WM_ERSP_pI_R6_TN.npy,4,-0.08327593,4,EL035|PIR6,0.10486376336004061,0.7134923219452459,3.254576753841207e-07,0.18161112282806474,2.7510157215491736e-05,1.1838884809867693e-10,4.956133368888091e-06
172,EL035,TTGR1,TTG_R1,LM,concat,1,\\nasac-m2.unige.ch\m-HumanNeuronLab\ANALYSIS\FLM\Analysis_LoraFanda\01_FBM_Analysis\outputs\04_ersp_LM_RAWONLY\EL035\LM\ERSP_matrix\audio\EL035_audio_WM_ERSP_TTG_R1_TN.npy,\\nasac-m2.unige.ch\m-HumanNeuronLab\ANALYSIS\FLM\Analysis_LoraFanda\01_FBM_Analysis\outputs\04_ersp_LM_RAWONLY\EL035\LM\ERSP_matrix\audio\EL035_audio_WM_ERSP_TTG_R1_TN.npy,\\nasac-m2.unige.ch\m-HumanNeuronLab\ANALYSIS\FLM\Analysis_LoraFanda\01_FBM_Analysis\outputs\04_ersp_LM_RAWONLY\EL035\LM\ERSP_matrix\picture\EL035_picture_WM_ERSP_TTG_R1_TN.npy,\\nasac-m2.unige.ch\m-HumanNeuronLab\ANALYSIS\FLM\Analysis_LoraFanda\01_FBM_Analysis\outputs\04_ersp_LM_RAWONLY\EL035\LM\ERSP_matrix\reading\EL035_reading_WM_ERSP_TTG_R1_TN.npy,4,0.2613712,4,EL035|TTGR1,0.07563580005141905,0.8413208341429123,0.025201453662247023,0.05784191021679449,3.585238141322281e-28,9.468689239511637e-24,1.9266271738480273e-09
173,EL035,TTGR2,TTG_R2,LM,concat,2,\\nasac-m2.unige.ch\m-HumanNeuronLab\ANALYSIS\FLM\Analysis_LoraFanda\01_FBM_Analysis\outputs\04_ersp_LM_RAWONLY\EL035\LM\ERSP_matrix\audio\EL035_audio_WM_ERSP_TTG_R2_TN.npy,\\nasac-m2.unige.ch\m-HumanNeuronLab\ANALYSIS\FLM\Analysis_LoraFanda\01_FBM_Analysis\outputs\04_ersp_LM_RAWONLY\EL035\LM\ERSP_matrix\audio\EL035_audio_WM_ERSP_TTG_R2_TN.npy,\\nasac-m2.unige.ch\m-HumanNeuronLab\ANALYSIS\FLM\Analysis_LoraFanda\01_FBM_Analysis\outputs\04_ersp_LM_RAWONLY\EL035\LM\ERSP_matrix\picture\EL035_picture_WM_ERSP_TTG_R2_TN.npy,\\nasac-m2.unige.ch\m-HumanNeuronLab\ANALYSIS\FLM\Analysis_LoraFanda\01_FBM_Analysis\outputs\04_ersp_LM_RAWONLY\EL035\LM\ERSP_matrix\reading\EL035_reading_WM_ERSP_TTG_R2_TN.npy,4,0.2837591,4,EL035|TTGR2,0.15463276103435988,0.8016251709363249,0.02231788685003576,0.0213840571974927,1.8803831285194678e-05,1.0861681309923252e-13,2.132015039307091e-05
174,EL035,TTGR3,TTG_R3,LM,concat,2,\\nasac-m2.unige.ch\m-HumanNeuronLab\ANALYSIS\FLM\Analysis_LoraFanda\01_FBM_Analysis\outputs\04_ersp_LM_RAWONLY\EL035\LM\ERSP_matrix\audio\EL035_audio_WM_ERSP_TTG_R3_TN.npy,\\nasac-m2.unige.ch\m-HumanNeuronLab\ANALYSIS\FLM\Analysis_LoraFanda\01_FBM_Analysis\outputs\04_ersp_LM_RAWONLY\EL035\LM\ERSP_matrix\audio\EL035_audio_WM_ERSP_TTG_R3_TN.npy,\\nasac-m2.unige.ch\m-HumanNeuronLab\ANALYSIS\FLM\Analysis_LoraFanda\01_FBM_Analysis\outputs\04_ersp_LM_RAWONLY\EL035\LM\ERSP_matrix\picture\EL035_picture_WM_ERSP_TTG_R3_TN.npy,\\nasac-m2.unige.ch\m-HumanNeuronLab\ANALYSIS\FLM\Analysis_LoraFanda\01_FBM_Analysis\outputs\04_ersp_LM_RAWONLY\EL035\LM\ERSP_matrix\reading\EL035_reading_WM_ERSP_TTG_R3_TN.npy,4,0.2587365,4,EL035|TTGR3,0.21409423767769073,0.7205218000255552,2.41515039665512e-05,0.0653596289924394,2.7045541600997442e-14,1.1652641183465376e-16,1.8180032096938577e-07
175,EL035,TTGR4,TTG_R4,LM,concat,3,\\nasac-m2.unige.ch\m-HumanNeuronLab\ANALYSIS\FLM\Analysis_LoraFanda\01_FBM_Analysis\outputs\04_ersp_LM_RAWONLY\EL035\LM\ERSP_matrix\audio\EL035_audio_WM_ERSP_TTG_R4_TN.npy,\\nasac-m2.unige.ch\m-HumanNeuronLab\ANALYSIS\FLM\Analysis_LoraFanda\01_FBM_Analysis\outputs\04_ersp_LM_RAWONLY\EL035\LM\ERSP_matrix\audio\EL035_audio_WM_ERSP_TTG_R4_TN.npy,\\nasac-m2.unige.ch\m-HumanNeuronLab\ANALYSIS\FLM\Analysis_LoraFanda\01_FBM_Analysis\outputs\04_ersp_LM_RAWONLY\EL035\LM\ERSP_matrix\picture\EL035_picture_WM_ERSP_TTG_R4_TN.npy,\\nasac-m2.unige.ch\m-HumanNeuronLab\ANALYSIS\FLM\Analysis_LoraFanda\01_FBM_Analysis\outputs\04_ersp_LM_RAWONLY\EL035\LM\ERSP_matrix\reading\EL035_reading_WM_ERSP_TTG_R4_TN.npy,4,0.25790283,4,EL035|TTGR4,0.16621648712175147,0.7605842890156761,0.046556865251983444,0.026642146710801503,1.5217528385725956e-18,1.4072819791425401e-24,2.1189978740701167e-07
176,EL035,TTGR5,TTG_R5,LM,concat,2,\\nasac-m2.unige.ch\m-HumanNeuronLab\ANALYSIS\FLM\Analysis_LoraFanda\01_FBM_Analysis\outputs\04_ersp_LM_RAWONLY\EL035\LM\ERSP_matrix\audio\EL035_audio_WM_ERSP_TTG_R5_TN.npy,\\nasac-m2.unige.ch\m-HumanNeuronLab\ANALYSIS\FLM\Analysis_LoraFanda\01_FBM_Analysis\outputs\04_ersp_LM_RAWONLY\EL035\LM\ERSP_matrix\audio\EL035_audio_WM_ERSP_TTG_R5_TN.npy,\\nasac-m2.unige.ch\m-HumanNeuronLab\ANALYSIS\FLM\Analysis_LoraFanda\01_FBM_Analysis\outputs\04_ersp_LM_RAWONLY\EL035\LM\ERSP_matrix\picture\EL035_picture_WM_ERSP_TTG_R5_TN.npy,\\nasac-m2.unige.ch\m-HumanNeuronLab\ANALYSIS\FLM\Analysis_LoraFanda\01_FBM_Analysis\outputs\04_ersp_LM_RAWONLY\EL035\LM\ERSP_matrix\reading\EL035_reading_WM_ERSP_TTG_R5_TN.npy,4,0.19842975,4,EL035|TTGR5,0.07517275062895805,0.7933359311076823,0.1313705848906603,1.256554745479902e-10,9.215416097217704e-45,4.204599823196049e-45,0.00012073324704394612
177,EL035,TTGR6,TTG_R6,LM,concat,1,\\nasac-m2.unige.ch\m-HumanNeuronLab\ANALYSIS\FLM\Analysis_LoraFanda\01_FBM_Analysis\outputs\04_ersp_LM_RAWONLY\EL035\LM\ERSP_matrix\audio\EL035_audio_WM_ERSP_TTG_R6_TN.npy,\\nasac-m2.unige.ch\m-HumanNeuronLab\ANALYSIS\FLM\Analysis_LoraFanda\01_FBM_Analysis\outputs\04_ersp_LM_RAWONLY\EL035\LM\ERSP_matrix\audio\EL035_audio_WM_ERSP_TTG_R6_TN.npy,\\nasac-m2.unige.ch\m-HumanNeuronLab\ANALYSIS\FLM\Analysis_LoraFanda\01_FBM_Analysis\outputs\04_ersp_LM_RAWONLY\EL035\LM\ERSP_matrix\picture\EL035_picture_WM_ERSP_TTG_R6_TN.npy,\\nasac-m2.unige.ch\m-HumanNeuronLab\ANALYSIS\FLM\Analysis_LoraFanda\01_FBM_Analysis\outputs\04_ersp_LM_RAWONLY\EL035\LM\ERSP_matrix\reading\EL035_reading_WM_ERSP_TTG_R6_TN.npy,4,0.11052936,4,EL035|TTGR6,0.14266852068914251,0.7959854115607086,0.02678305080269251,0.03455623339491481,3.9021319220306774e-19,4.8564611391363323e-14,6.78355249309845e-06
178,EL035,TTGR7,TTG_R7,LM,concat,1,\\nasac-m2.unige.ch\m-HumanNeuronLab\ANALYSIS\FLM\Analysis_LoraFanda\01_FBM_Analysis\outputs\04_ersp_LM_RAWONLY\EL035\LM\ERSP_matrix\audio\EL035_audio_WM_ERSP_TTG_R7_TN.npy,\\nasac-m2.unige.ch\m-HumanNeuronLab\ANALYSIS\FLM\Analysis_LoraFanda\01_FBM_Analysis\outputs\04_ersp_LM_RAWONLY\EL035\LM\ERSP_matrix\audio\EL035_audio_WM_ERSP_TTG_R7_TN.npy,\\nasac-m2.unige.ch\m-HumanNeuronLab\ANALYSIS\FLM\Analysis_LoraFanda\01_FBM_Analysis\outputs\04_ersp_LM_RAWONLY\EL035\LM\ERSP_matrix\picture\EL035_picture_WM_ERSP_TTG_R7_TN.npy,\\nasac-m2.unige.ch\m-HumanNeuronLab\ANALYSIS\FLM\Analysis_LoraFanda\01_FBM_Analysis\outputs\04_ersp_LM_RAWONLY\EL035\LM\ERSP_matrix\reading\EL035_reading_WM_ERSP_TTG_R7_TN.npy,4,-0.029092558,4,EL035|TTGR7,0.2192478200620025,0.4332279110449852,0.13237130428808297,0.13048758526751258,0.08453509067889813,1.5331831773966496e-08,0.00013027332668698568
179,EL036,AHR1,aH_R1,LM,concat,1,\\nasac-m2.unige.ch\m-HumanNeuronLab\ANALYSIS\FLM\Analysis_LoraFanda\01_FBM_Analysis\outputs\04_ersp_LM_RAWONLY\EL036\LM\ERSP_matrix\audio\EL036_audio_WM_ERSP_aH_R1_TN.npy,\\nasac-m2.unige.ch\m-HumanNeuronLab\ANALYSIS\FLM\Analysis_LoraFanda\01_FBM_Analysis\outputs\04_ersp_LM_RAWONLY\EL036\LM\ERSP_matrix\audio\EL036_audio_WM_ERSP_aH_R1_TN.npy,\\nasac-m2.unige.ch\m-HumanNeuronLab\ANALYSIS\FLM\Analysis_LoraFanda\01_FBM_Analysis\outputs\04_ersp_LM_RAWONLY\EL036\LM\ERSP_matrix\picture\EL036_picture_WM_ERSP_aH_R1_TN.npy,\\nasac-m2.unige.ch\m-HumanNeuronLab\ANALYSIS\FLM\Analysis_LoraFanda\01_FBM_Analysis\outputs\04_ersp_LM_RAWONLY\EL036\LM\ERSP_matrix\reading\EL036_reading_WM_ERSP_aH_R1_TN.npy,1,0.3111962,1,EL036|AHR1,0.28637904633095196,0.2551271129593626,0.4584938404409548,2.6873062359079847e-10,9.631514396460837e-93,2.3216099370453385e-104,5.633330049411197e-18
180,EL036,AHR10,aH_R10,LM,concat,2,\\nasac-m2.unige.ch\m-HumanNeuronLab\ANALYSIS\FLM\Analysis_LoraFanda\01_FBM_Analysis\outputs\04_ersp_LM_RAWONLY\EL036\LM\ERSP_matrix\audio\EL036_audio_WM_ERSP_aH_R10_TN.npy,\\nasac-m2.unige.ch\m-HumanNeuronLab\ANALYSIS\FLM\Analysis_LoraFanda\01_FBM_Analysis\outputs\04_ersp_LM_RAWONLY\EL036\LM\ERSP_matrix\audio\EL036_audio_WM_ERSP_aH_R10_TN.npy,\\nasac-m2.unige.ch\m-HumanNeuronLab\ANALYSIS\FLM\Analysis_LoraFanda\01_FBM_Analysis\outputs\04_ersp_LM_RAWONLY\EL036\LM\ERSP_matrix\picture\EL036_picture_WM_ERSP_aH_R10_TN.npy,\\nasac-m2.unige.ch\m-HumanNeuronLab\ANALYSIS\FLM\Analysis_LoraFanda\01_FBM_Analysis\outputs\04_ersp_LM_RAWONLY\EL036\LM\ERSP_matrix\reading\EL036_reading_WM_ERSP_aH_R10_TN.npy,3,-0.07785615,3,EL036|AHR10,0.0023644433047607695,3.2432137838771907e-13,0.27641255750738114,0.09222091127237388,0.5145051912170583,0.11424736676465437,0.0002495299334472653
181,EL036,AHR2,aH_R2,LM,concat,1,\\nasac-m2.unige.ch\m-HumanNeuronLab\ANALYSIS\FLM\Analysis_LoraFanda\01_FBM_Analysis\outputs\04_ersp_LM_RAWONLY\EL036\LM\ERSP_matrix\audio\EL036_audio_WM_ERSP_aH_R2_TN.npy,\\nasac-m2.unige.ch\m-HumanNeuronLab\ANALYSIS\FLM\Analysis_LoraFanda\01_FBM_Analysis\outputs\04_ersp_LM_RAWONLY\EL036\LM\ERSP_matrix\audio\EL036_audio_WM_ERSP_aH_R2_TN.npy,\\nasac-m2.unige.ch\m-HumanNeuronLab\ANALYSIS\FLM\Analysis_LoraFanda\01_FBM_Analysis\outputs\04_ersp_LM_RAWONLY\EL036\LM\ERSP_matrix\picture\EL036_picture_WM_ERSP_aH_R2_TN.npy,\\nasac-m2.unige.ch\m-HumanNeuronLab\ANALYSIS\FLM\Analysis_LoraFanda\01_FBM_Analysis\outputs\04_ersp_LM_RAWONLY\EL036\LM\ERSP_matrix\reading\EL036_reading_WM_ERSP_aH_R2_TN.npy,1,0.29333112,1,EL036|AHR2,0.13983000408779236,1.3127977307231258e-05,0.2610235230679967,5.705739312625106e-14,5.777071421616453e-62,9.171759256736655e-62,0.5991333448668467
182,EL036,AHR8,aH_R8,LM,concat,1,\\nasac-m2.unige.ch\m-HumanNeuronLab\ANALYSIS\FLM\Analysis_LoraFanda\01_FBM_Analysis\outputs\04_ersp_LM_RAWONLY\EL036\LM\ERSP_matrix\audio\EL036_audio_WM_ERSP_aH_R8_TN.npy,\\nasac-m2.unige.ch\m-HumanNeuronLab\ANALYSIS\FLM\Analysis_LoraFanda\01_FBM_Analysis\outputs\04_ersp_LM_RAWONLY\EL036\LM\ERSP_matrix\audio\EL036_audio_WM_ERSP_aH_R8_TN.npy,\\nasac-m2.unige.ch\m-HumanNeuronLab\ANALYSIS\FLM\Analysis_LoraFanda\01_FBM_Analysis\outputs\04_ersp_LM_RAWONLY\EL036\LM\ERSP_matrix\picture\EL036_picture_WM_ERSP_aH_R8_TN.npy,\\nasac-m2.unige.ch\m-HumanNeuronLab\ANALYSIS\FLM\Analysis_LoraFanda\01_FBM_Analysis\outputs\04_ersp_LM_RAWONLY\EL036\LM\ERSP_matrix\reading\EL036_reading_WM_ERSP_aH_R8_TN.npy,1,0.25247693,1,EL036|AHR8,3.6866224446275047e-16,7.407202361458172e-22,0.3761501045547499,0.05228977431060254,0.4482165849341059,0.12334353525016069,9.503805779531627e-10
183,EL036,AHR9,aH_R9,LM,concat,1,\\nasac-m2.unige.ch\m-HumanNeuronLab\ANALYSIS\FLM\Analysis_LoraFanda\01_FBM_Analysis\outputs\04_ersp_LM_RAWONLY\EL036\LM\ERSP_matrix\audio\EL036_audio_WM_ERSP_aH_R9_TN.npy,\\nasac-m2.unige.ch\m-HumanNeuronLab\ANALYSIS\FLM\Analysis_LoraFanda\01_FBM_Analysis\outputs\04_ersp_LM_RAWONLY\EL036\LM\ERSP_matrix\audio\EL036_audio_WM_ERSP_aH_R9_TN.npy,\\nasac-m2.unige.ch\m-HumanNeuronLab\ANALYSIS\FLM\Analysis_LoraFanda\01_FBM_Analysis\outputs\04_ersp_LM_RAWONLY\EL036\LM\ERSP_matrix\picture\EL036_picture_WM_ERSP_aH_R9_TN.npy,\\nasac-m2.unige.ch\m-HumanNeuronLab\ANALYSIS\FLM\Analysis_LoraFanda\01_FBM_Analysis\outputs\04_ersp_LM_RAWONLY\EL036\LM\ERSP_matrix\reading\EL036_reading_WM_ERSP_aH_R9_TN.npy,1,0.20058408,1,EL036|AHR9,7.195727111201644e-18,1.6063742784731933e-17,0.3515527072408298,0.15257054598689748,0.47914514889120435,0.016731387014774047,2.108662941808952e-07
184,EL036,AR10,A_R10,LM,concat,3,\\nasac-m2.unige.ch\m-HumanNeuronLab\ANALYSIS\FLM\Analysis_LoraFanda\01_FBM_Analysis\outputs\04_ersp_LM_RAWONLY\EL036\LM\ERSP_matrix\audio\EL036_audio_WM_ERSP_A_R10_TN.npy,\\nasac-m2.unige.ch\m-HumanNeuronLab\ANALYSIS\FLM\Analysis_LoraFanda\01_FBM_Analysis\outputs\04_ersp_LM_RAWONLY\EL036\LM\ERSP_matrix\audio\EL036_audio_WM_ERSP_A_R10_TN.npy,\\nasac-m2.unige.ch\m-HumanNeuronLab\ANALYSIS\FLM\Analysis_LoraFanda\01_FBM_Analysis\outputs\04_ersp_LM_RAWONLY\EL036\LM\ERSP_matrix\picture\EL036_picture_WM_ERSP_A_R10_TN.npy,\\nasac-m2.unige.ch\m-HumanNeuronLab\ANALYSIS\FLM\Analysis_LoraFanda\01_FBM_Analysis\outputs\04_ersp_LM_RAWONLY\EL036\LM\ERSP_matrix\reading\EL036_reading_WM_ERSP_A_R10_TN.npy,3,0.014886675,3,EL036|AR10,0.034647968912220474,0.03187602768530941,0.12579408899124966,0.04310878315179357,0.5601018219007224,0.12276549107492857,0.08170581828377586
185,EL036,AR11,A_R11,LM,concat,3,\\nasac-m2.unige.ch\m-HumanNeuronLab\ANALYSIS\FLM\Analysis_LoraFanda\01_FBM_Analysis\outputs\04_ersp_LM_RAWONLY\EL036\LM\ERSP_matrix\audio\EL036_audio_WM_ERSP_A_R11_TN.npy,\\nasac-m2.unige.ch\m-HumanNeuronLab\ANALYSIS\FLM\Analysis_LoraFanda\01_FBM_Analysis\outputs\04_ersp_LM_RAWONLY\EL036\LM\ERSP_matrix\audio\EL036_audio_WM_ERSP_A_R11_TN.npy,\\nasac-m2.unige.ch\m-HumanNeuronLab\ANALYSIS\FLM\Analysis_LoraFanda\01_FBM_Analysis\outputs\04_ersp_LM_RAWONLY\EL036\LM\ERSP_matrix\picture\EL036_picture_WM_ERSP_A_R11_TN.npy,\\nasac-m2.unige.ch\m-HumanNeuronLab\ANALYSIS\FLM\Analysis_LoraFanda\01_FBM_Analysis\outputs\04_ersp_LM_RAWONLY\EL036\LM\ERSP_matrix\reading\EL036_reading_WM_ERSP_A_R11_TN.npy,3,0.16553661,3,EL036|AR11,0.11856864234166228,0.08068798324674803,0.09879958185221735,0.036368165306484214,0.5956549028230054,2.0843128098095143e-05,0.06989988130178482
186,EL036,AR6,A_R6,LM,concat,1,\\nasac-m2.unige.ch\m-HumanNeuronLab\ANALYSIS\FLM\Analysis_LoraFanda\01_FBM_Analysis\outputs\04_ersp_LM_RAWONLY\EL036\LM\ERSP_matrix\audio\EL036_audio_WM_ERSP_A_R6_TN.npy,\\nasac-m2.unige.ch\m-HumanNeuronLab\ANALYSIS\FLM\Analysis_LoraFanda\01_FBM_Analysis\outputs\04_ersp_LM_RAWONLY\EL036\LM\ERSP_matrix\audio\EL036_audio_WM_ERSP_A_R6_TN.npy,\\nasac-m2.unige.ch\m-HumanNeuronLab\ANALYSIS\FLM\Analysis_LoraFanda\01_FBM_Analysis\outputs\04_ersp_LM_RAWONLY\EL036\LM\ERSP_matrix\picture\EL036_picture_WM_ERSP_A_R6_TN.npy,\\nasac-m2.unige.ch\m-HumanNeuronLab\ANALYSIS\FLM\Analysis_LoraFanda\01_FBM_Analysis\outputs\04_ersp_LM_RAWONLY\EL036\LM\ERSP_matrix\reading\EL036_reading_WM_ERSP_A_R6_TN.npy,1,0.20098011,1,EL036|AR6,0.09401559578146952,0.08195103837690412,0.24901405906748025,0.00045710972536321934,0.33178244548155034,0.024613970444851384,0.21816578112238122
187,EL036,AR7,A_R7,LM,concat,1,\\nasac-m2.unige.ch\m-HumanNeuronLab\ANALYSIS\FLM\Analysis_LoraFanda\01_FBM_Analysis\outputs\04_ersp_LM_RAWONLY\EL036\LM\ERSP_matrix\audio\EL036_audio_WM_ERSP_A_R7_TN.npy,\\nasac-m2.unige.ch\m-HumanNeuronLab\ANALYSIS\FLM\Analysis_LoraFanda\01_FBM_Analysis\outputs\04_ersp_LM_RAWONLY\EL036\LM\ERSP_matrix\audio\EL036_audio_WM_ERSP_A_R7_TN.npy,\\nasac-m2.unige.ch\m-HumanNeuronLab\ANALYSIS\FLM\Analysis_LoraFanda\01_FBM_Analysis\outputs\04_ersp_LM_RAWONLY\EL036\LM\ERSP_matrix\picture\EL036_picture_WM_ERSP_A_R7_TN.npy,\\nasac-m2.unige.ch\m-HumanNeuronLab\ANALYSIS\FLM\Analysis_LoraFanda\01_FBM_Analysis\outputs\04_ersp_LM_RAWONLY\EL036\LM\ERSP_matrix\reading\EL036_reading_WM_ERSP_A_R7_TN.npy,1,0.14623302,1,EL036|AR7,0.15514884130829779,0.048151536481838265,0.20470520360750302,1.2279610587212532e-05,0.42800190306784164,0.0009654817069456456,0.1630147542169864
188,EL036,AR8,A_R8,LM,concat,2,\\nasac-m2.unige.ch\m-HumanNeuronLab\ANALYSIS\FLM\Analysis_LoraFanda\01_FBM_Analysis\outputs\04_ersp_LM_RAWONLY\EL036\LM\ERSP_matrix\audio\EL036_audio_WM_ERSP_A_R8_TN.npy,\\nasac-m2.unige.ch\m-HumanNeuronLab\ANALYSIS\FLM\Analysis_LoraFanda\01_FBM_Analysis\outputs\04_ersp_LM_RAWONLY\EL036\LM\ERSP_matrix\audio\EL036_audio_WM_ERSP_A_R8_TN.npy,\\nasac-m2.unige.ch\m-HumanNeuronLab\ANALYSIS\FLM\Analysis_LoraFanda\01_FBM_Analysis\outputs\04_ersp_LM_RAWONLY\EL036\LM\ERSP_matrix\picture\EL036_picture_WM_ERSP_A_R8_TN.npy,\\nasac-m2.unige.ch\m-HumanNeuronLab\ANALYSIS\FLM\Analysis_LoraFanda\01_FBM_Analysis\outputs\04_ersp_LM_RAWONLY\EL036\LM\ERSP_matrix\reading\EL036_reading_WM_ERSP_A_R8_TN.npy,1,0.21549812,1,EL036|AR8,0.10228751828539107,0.0024846576806871576,0.2803264713131496,7.360233596032722e-06,0.4601317725582611,0.0002690334973452035,0.15449318643156995
189,EL036,AR9,A_R9,LM,concat,2,\\nasac-m2.unige.ch\m-HumanNeuronLab\ANALYSIS\FLM\Analysis_LoraFanda\01_FBM_Analysis\outputs\04_ersp_LM_RAWONLY\EL036\LM\ERSP_matrix\audio\EL036_audio_WM_ERSP_A_R9_TN.npy,\\nasac-m2.unige.ch\m-HumanNeuronLab\ANALYSIS\FLM\Analysis_LoraFanda\01_FBM_Analysis\outputs\04_ersp_LM_RAWONLY\EL036\LM\ERSP_matrix\audio\EL036_audio_WM_ERSP_A_R9_TN.npy,\\nasac-m2.unige.ch\m-HumanNeuronLab\ANALYSIS\FLM\Analysis_LoraFanda\01_FBM_Analysis\outputs\04_ersp_LM_RAWONLY\EL036\LM\ERSP_matrix\picture\EL036_picture_WM_ERSP_A_R9_TN.npy,\\nasac-m2.unige.ch\m-HumanNeuronLab\ANALYSIS\FLM\Analysis_LoraFanda\01_FBM_Analysis\outputs\04_ersp_LM_RAWONLY\EL036\LM\ERSP_matrix\reading\EL036_reading_WM_ERSP_A_R9_TN.npy,1,0.30328867,1,EL036|AR9,1.488707758802463e-31,0.06399909732931772,0.3041218481814577,4.370736485703033e-05,0.4517511041467934,4.93975569628473e-16,0.18008424297757367
190,EL036,MHR12,mH_R12,LM,concat,1,\\nasac-m2.unige.ch\m-HumanNeuronLab\ANALYSIS\FLM\Analysis_LoraFanda\01_FBM_Analysis\outputs\04_ersp_LM_RAWONLY\EL036\LM\ERSP_matrix\audio\EL036_audio_WM_ERSP_mH_R12_TN.npy,\\nasac-m2.unige.ch\m-HumanNeuronLab\ANALYSIS\FLM\Analysis_LoraFanda\01_FBM_Analysis\outputs\04_ersp_LM_RAWONLY\EL036\LM\ERSP_matrix\audio\EL036_audio_WM_ERSP_mH_R12_TN.npy,\\nasac-m2.unige.ch\m-HumanNeuronLab\ANALYSIS\FLM\Analysis_LoraFanda\01_FBM_Analysis\outputs\04_ersp_LM_RAWONLY\EL036\LM\ERSP_matrix\picture\EL036_picture_WM_ERSP_mH_R12_TN.npy,\\nasac-m2.unige.ch\m-HumanNeuronLab\ANALYSIS\FLM\Analysis_LoraFanda\01_FBM_Analysis\outputs\04_ersp_LM_RAWONLY\EL036\LM\ERSP_matrix\reading\EL036_reading_WM_ERSP_mH_R12_TN.npy,1,0.14240591,1,EL036|MHR12,0.003661898383948654,4.5391820463867695e-23,0.3000711354956018,0.243789553708613,0.3000104252468067,0.1520175382300478,0.00044944893498206326
191,EL036,NHL1,nH_L1,LM,concat,2,\\nasac-m2.unige.ch\m-HumanNeuronLab\ANALYSIS\FLM\Analysis_LoraFanda\01_FBM_Analysis\outputs\04_ersp_LM_RAWONLY\EL036\LM\ERSP_matrix\audio\EL036_audio_WM_ERSP_nH_L1_TN.npy,\\nasac-m2.unige.ch\m-HumanNeuronLab\ANALYSIS\FLM\Analysis_LoraFanda\01_FBM_Analysis\outputs\04_ersp_LM_RAWONLY\EL036\LM\ERSP_matrix\audio\EL036_audio_WM_ERSP_nH_L1_TN.npy,\\nasac-m2.unige.ch\m-HumanNeuronLab\ANALYSIS\FLM\Analysis_LoraFanda\01_FBM_Analysis\outputs\04_ersp_LM_RAWONLY\EL036\LM\ERSP_matrix\picture\EL036_picture_WM_ERSP_nH_L1_TN.npy,\\nasac-m2.unige.ch\m-HumanNeuronLab\ANALYSIS\FLM\Analysis_LoraFanda\01_FBM_Analysis\outputs\04_ersp_LM_RAWONLY\EL036\LM\ERSP_matrix\reading\EL036_reading_WM_ERSP_nH_L1_TN.npy,1,0.2634456,1,EL036|NHL1,0.10399508224289403,2.3832198032995783e-08,0.20329159350104073,0.001630839517522604,0.3409808758126948,0.1502317575218417,0.1998698275718082
192,EL036,NHL2,nH_L2,LM,concat,1,\\nasac-m2.unige.ch\m-HumanNeuronLab\ANALYSIS\FLM\Analysis_LoraFanda\01_FBM_Analysis\outputs\04_ersp_LM_RAWONLY\EL036\LM\ERSP_matrix\audio\EL036_audio_WM_ERSP_nH_L2_TN.npy,\\nasac-m2.unige.ch\m-HumanNeuronLab\ANALYSIS\FLM\Analysis_LoraFanda\01_FBM_Analysis\outputs\04_ersp_LM_RAWONLY\EL036\LM\ERSP_matrix\audio\EL036_audio_WM_ERSP_nH_L2_TN.npy,\\nasac-m2.unige.ch\m-HumanNeuronLab\ANALYSIS\FLM\Analysis_LoraFanda\01_FBM_Analysis\outputs\04_ersp_LM_RAWONLY\EL036\LM\ERSP_matrix\picture\EL036_picture_WM_ERSP_nH_L2_TN.npy,\\nasac-m2.unige.ch\m-HumanNeuronLab\ANALYSIS\FLM\Analysis_LoraFanda\01_FBM_Analysis\outputs\04_ersp_LM_RAWONLY\EL036\LM\ERSP_matrix\reading\EL036_reading_WM_ERSP_nH_L2_TN.npy,1,0.2322007,1,EL036|NHL2,0.051231377087383755,1.8212387046927302e-09,0.2310074126126071,0.004265337186117026,0.29549954207163914,0.16490614275802176,0.2530901864629925
193,EL036,NHL3,nH_L3,LM,concat,2,\\nasac-m2.unige.ch\m-HumanNeuronLab\ANALYSIS\FLM\Analysis_LoraFanda\01_FBM_Analysis\outputs\04_ersp_LM_RAWONLY\EL036\LM\ERSP_matrix\audio\EL036_audio_WM_ERSP_nH_L3_TN.npy,\\nasac-m2.unige.ch\m-HumanNeuronLab\ANALYSIS\FLM\Analysis_LoraFanda\01_FBM_Analysis\outputs\04_ersp_LM_RAWONLY\EL036\LM\ERSP_matrix\audio\EL036_audio_WM_ERSP_nH_L3_TN.npy,\\nasac-m2.unige.ch\m-HumanNeuronLab\ANALYSIS\FLM\Analysis_LoraFanda\01_FBM_Analysis\outputs\04_ersp_LM_RAWONLY\EL036\LM\ERSP_matrix\picture\EL036_picture_WM_ERSP_nH_L3_TN.npy,\\nasac-m2.unige.ch\m-HumanNeuronLab\ANALYSIS\FLM\Analysis_LoraFanda\01_FBM_Analysis\outputs\04_ersp_LM_RAWONLY\EL036\LM\ERSP_matrix\reading\EL036_reading_WM_ERSP_nH_L3_TN.npy,1,0.32305217,1,EL036|NHL3,0.13797524891118598,3.277028787751855e-10,0.19845365339687882,0.12797466460855833,0.17146819611709058,0.10743288780494727,0.2566953488336362
194,EL036,NHL4,nH_L4,LM,concat,1,\\nasac-m2.unige.ch\m-HumanNeuronLab\ANALYSIS\FLM\Analysis_LoraFanda\01_FBM_Analysis\outputs\04_ersp_LM_RAWONLY\EL036\LM\ERSP_matrix\audio\EL036_audio_WM_ERSP_nH_L4_TN.npy,\\nasac-m2.unige.ch\m-HumanNeuronLab\ANALYSIS\FLM\Analysis_LoraFanda\01_FBM_Analysis\outputs\04_ersp_LM_RAWONLY\EL036\LM\ERSP_matrix\audio\EL036_audio_WM_ERSP_nH_L4_TN.npy,\\nasac-m2.unige.ch\m-HumanNeuronLab\ANALYSIS\FLM\Analysis_LoraFanda\01_FBM_Analysis\outputs\04_ersp_LM_RAWONLY\EL036\LM\ERSP_matrix\picture\EL036_picture_WM_ERSP_nH_L4_TN.npy,\\nasac-m2.unige.ch\m-HumanNeuronLab\ANALYSIS\FLM\Analysis_LoraFanda\01_FBM_Analysis\outputs\04_ersp_LM_RAWONLY\EL036\LM\ERSP_matrix\reading\EL036_reading_WM_ERSP_nH_L4_TN.npy,1,0.27305758,1,EL036|NHL4,0.04809894084196809,0.016355226379037014,0.33324753229110526,6.85186066211843e-05,0.4335197823684465,0.00020025351014645775,0.16850974600267574
195,EL036,NHL5,nH_L5,LM,concat,2,\\nasac-m2.unige.ch\m-HumanNeuronLab\ANALYSIS\FLM\Analysis_LoraFanda\01_FBM_Analysis\outputs\04_ersp_LM_RAWONLY\EL036\LM\ERSP_matrix\audio\EL036_audio_WM_ERSP_nH_L5_TN.npy,\\nasac-m2.unige.ch\m-HumanNeuronLab\ANALYSIS\FLM\Analysis_LoraFanda\01_FBM_Analysis\outputs\04_ersp_LM_RAWONLY\EL036\LM\ERSP_matrix\audio\EL036_audio_WM_ERSP_nH_L5_TN.npy,\\nasac-m2.unige.ch\m-HumanNeuronLab\ANALYSIS\FLM\Analysis_LoraFanda\01_FBM_Analysis\outputs\04_ersp_LM_RAWONLY\EL036\LM\ERSP_matrix\picture\EL036_picture_WM_ERSP_nH_L5_TN.npy,\\nasac-m2.unige.ch\m-HumanNeuronLab\ANALYSIS\FLM\Analysis_LoraFanda\01_FBM_Analysis\outputs\04_ersp_LM_RAWONLY\EL036\LM\ERSP_matrix\reading\EL036_reading_WM_ERSP_nH_L5_TN.npy,4,-0.14714737,4,EL036|NHL5,0.053501326369542176,0.3208775989990496,0.1390493220739215,0.0028695684097595265,0.2434404147887458,0.10253194357402809,0.1377298257849532
196,EL036,PFCR9,pfc_R9,LM,concat,2,\\nasac-m2.unige.ch\m-HumanNeuronLab\ANALYSIS\FLM\Analysis_LoraFanda\01_FBM_Analysis\outputs\04_ersp_LM_RAWONLY\EL036\LM\ERSP_matrix\audio\EL036_audio_WM_ERSP_pfc_R9_TN.npy,\\nasac-m2.unige.ch\m-HumanNeuronLab\ANALYSIS\FLM\Analysis_LoraFanda\01_FBM_Analysis\outputs\04_ersp_LM_RAWONLY\EL036\LM\ERSP_matrix\audio\EL036_audio_WM_ERSP_pfc_R9_TN.npy,\\nasac-m2.unige.ch\m-HumanNeuronLab\ANALYSIS\FLM\Analysis_LoraFanda\01_FBM_Analysis\outputs\04_ersp_LM_RAWONLY\EL036\LM\ERSP_matrix\picture\EL036_picture_WM_ERSP_pfc_R9_TN.npy,\\nasac-m2.unige.ch\m-HumanNeuronLab\ANALYSIS\FLM\Analysis_LoraFanda\01_FBM_Analysis\outputs\04_ersp_LM_RAWONLY\EL036\LM\ERSP_matrix\reading\EL036_reading_WM_ERSP_pfc_R9_TN.npy,3,-0.08996168,3,EL036|PFCR9,1.181567131254665e-14,0.009782430413034237,0.04628850282490261,0.1714790642084628,0.597010901778693,0.0015720883900938992,0.17386701238480182
197,EL037,AHL11,aH_L11,LM,concat,1,\\nasac-m2.unige.ch\m-HumanNeuronLab\ANALYSIS\FLM\Analysis_LoraFanda\01_FBM_Analysis\outputs\04_ersp_LM_RAWONLY\EL037\LM\ERSP_matrix\audio\EL037_audio_WM_ERSP_aH_L11_TN.npy,\\nasac-m2.unige.ch\m-HumanNeuronLab\ANALYSIS\FLM\Analysis_LoraFanda\01_FBM_Analysis\outputs\04_ersp_LM_RAWONLY\EL037\LM\ERSP_matrix\audio\EL037_audio_WM_ERSP_aH_L11_TN.npy,\\nasac-m2.unige.ch\m-HumanNeuronLab\ANALYSIS\FLM\Analysis_LoraFanda\01_FBM_Analysis\outputs\04_ersp_LM_RAWONLY\EL037\LM\ERSP_matrix\picture\EL037_picture_WM_ERSP_aH_L11_TN.npy,\\nasac-m2.unige.ch\m-HumanNeuronLab\ANALYSIS\FLM\Analysis_LoraFanda\01_FBM_Analysis\outputs\04_ersp_LM_RAWONLY\EL037\LM\ERSP_matrix\reading\EL037_reading_WM_ERSP_aH_L11_TN.npy,1,0.2477061,1,EL037|AHL11,2.6380711524305092e-39,0.3348130230986902,1.1788765958594458e-05,0.021432316671729096,0.0806806484542188,3.237715604730649e-47,0.5630622230094033
198,EL037,AHL2,aH_L2,LM,concat,1,\\nasac-m2.unige.ch\m-HumanNeuronLab\ANALYSIS\FLM\Analysis_LoraFanda\01_FBM_Analysis\outputs\04_ersp_LM_RAWONLY\EL037\LM\ERSP_matrix\audio\EL037_audio_WM_ERSP_aH_L2_TN.npy,\\nasac-m2.unige.ch\m-HumanNeuronLab\ANALYSIS\FLM\Analysis_LoraFanda\01_FBM_Analysis\outputs\04_ersp_LM_RAWONLY\EL037\LM\ERSP_matrix\audio\EL037_audio_WM_ERSP_aH_L2_TN.npy,\\nasac-m2.unige.ch\m-HumanNeuronLab\ANALYSIS\FLM\Analysis_LoraFanda\01_FBM_Analysis\outputs\04_ersp_LM_RAWONLY\EL037\LM\ERSP_matrix\picture\EL037_picture_WM_ERSP_aH_L2_TN.npy,\\nasac-m2.unige.ch\m-HumanNeuronLab\ANALYSIS\FLM\Analysis_LoraFanda\01_FBM_Analysis\outputs\04_ersp_LM_RAWONLY\EL037\LM\ERSP_matrix\reading\EL037_reading_WM_ERSP_aH_L2_TN.npy,1,0.20987375,1,EL037|AHL2,0.026825778826806774,4.5803218796898726e-23,8.237370577450986e-29,0.5016392423452871,1.6196474498747557e-46,1.3431817050009463e-21,0.47153497882790607
199,EL037,AHL3,aH_L3,LM,concat,1,\\nasac-m2.unige.ch\m-HumanNeuronLab\ANALYSIS\FLM\Analysis_LoraFanda\01_FBM_Analysis\outputs\04_ersp_LM_RAWONLY\EL037\LM\ERSP_matrix\audio\EL037_audio_WM_ERSP_aH_L3_TN.npy,\\nasac-m2.unige.ch\m-HumanNeuronLab\ANALYSIS\FLM\Analysis_LoraFanda\01_FBM_Analysis\outputs\04_ersp_LM_RAWONLY\EL037\LM\ERSP_matrix\audio\EL037_audio_WM_ERSP_aH_L3_TN.npy,\\nasac-m2.unige.ch\m-HumanNeuronLab\ANALYSIS\FLM\Analysis_LoraFanda\01_FBM_Analysis\outputs\04_ersp_LM_RAWONLY\EL037\LM\ERSP_matrix\picture\EL037_picture_WM_ERSP_aH_L3_TN.npy,\\nasac-m2.unige.ch\m-HumanNeuronLab\ANALYSIS\FLM\Analysis_LoraFanda\01_FBM_Analysis\outputs\04_ersp_LM_RAWONLY\EL037\LM\ERSP_matrix\reading\EL037_reading_WM_ERSP_aH_L3_TN.npy,1,0.2385851,1,EL037|AHL3,1.639438138441716e-08,1.8772719664692835e-25,0.008124201376653449,0.49428861447263905,1.0291405378921419e-38,0.18608110648121687,0.31150606127510916
200,EL037,AHL4,aH_L4,LM,concat,1,\\nasac-m2.unige.ch\m-HumanNeuronLab\ANALYSIS\FLM\Analysis_LoraFanda\01_FBM_Analysis\outputs\04_ersp_LM_RAWONLY\EL037\LM\ERSP_matrix\audio\EL037_audio_WM_ERSP_aH_L4_TN.npy,\\nasac-m2.unige.ch\m-HumanNeuronLab\ANALYSIS\FLM\Analysis_LoraFanda\01_FBM_Analysis\outputs\04_ersp_LM_RAWONLY\EL037\LM\ERSP_matrix\audio\EL037_audio_WM_ERSP_aH_L4_TN.npy,\\nasac-m2.unige.ch\m-HumanNeuronLab\ANALYSIS\FLM\Analysis_LoraFanda\01_FBM_Analysis\outputs\04_ersp_LM_RAWONLY\EL037\LM\ERSP_matrix\picture\EL037_picture_WM_ERSP_aH_L4_TN.npy,\\nasac-m2.unige.ch\m-HumanNeuronLab\ANALYSIS\FLM\Analysis_LoraFanda\01_FBM_Analysis\outputs\04_ersp_LM_RAWONLY\EL037\LM\ERSP_matrix\reading\EL037_reading_WM_ERSP_aH_L4_TN.npy,1,0.2116982,1,EL037|AHL4,1.7384873968656014e-32,0.0608570035291657,5.787103730680486e-10,0.535005403773753,2.7446266391223683e-16,3.7375914653915e-22,0.4041375921183707
201,EL037,AHR10,aH_R10,LM,concat,1,\\nasac-m2.unige.ch\m-HumanNeuronLab\ANALYSIS\FLM\Analysis_LoraFanda\01_FBM_Analysis\outputs\04_ersp_LM_RAWONLY\EL037\LM\ERSP_matrix\audio\EL037_audio_WM_ERSP_aH_R10_TN.npy,\\nasac-m2.unige.ch\m-HumanNeuronLab\ANALYSIS\FLM\Analysis_LoraFanda\01_FBM_Analysis\outputs\04_ersp_LM_RAWONLY\EL037\LM\ERSP_matrix\audio\EL037_audio_WM_ERSP_aH_R10_TN.npy,\\nasac-m2.unige.ch\m-HumanNeuronLab\ANALYSIS\FLM\Analysis_LoraFanda\01_FBM_Analysis\outputs\04_ersp_LM_RAWONLY\EL037\LM\ERSP_matrix\picture\EL037_picture_WM_ERSP_aH_R10_TN.npy,\\nasac-m2.unige.ch\m-HumanNeuronLab\ANALYSIS\FLM\Analysis_LoraFanda\01_FBM_Analysis\outputs\04_ersp_LM_RAWONLY\EL037\LM\ERSP_matrix\reading\EL037_reading_WM_ERSP_aH_R10_TN.npy,1,0.34299475,1,EL037|AHR10,6.481551828537873e-07,0.2527884113149228,2.4152330521049436e-23,0.08314000353222584,0.19910059155342316,0.14738562039452996,0.3175847250497153
202,EL037,AHR11,aH_R11,LM,concat,1,\\nasac-m2.unige.ch\m-HumanNeuronLab\ANALYSIS\FLM\Analysis_LoraFanda\01_FBM_Analysis\outputs\04_ersp_LM_RAWONLY\EL037\LM\ERSP_matrix\audio\EL037_audio_WM_ERSP_aH_R11_TN.npy,\\nasac-m2.unige.ch\m-HumanNeuronLab\ANALYSIS\FLM\Analysis_LoraFanda\01_FBM_Analysis\outputs\04_ersp_LM_RAWONLY\EL037\LM\ERSP_matrix\audio\EL037_audio_WM_ERSP_aH_R11_TN.npy,\\nasac-m2.unige.ch\m-HumanNeuronLab\ANALYSIS\FLM\Analysis_LoraFanda\01_FBM_Analysis\outputs\04_ersp_LM_RAWONLY\EL037\LM\ERSP_matrix\picture\EL037_picture_WM_ERSP_aH_R11_TN.npy,\\nasac-m2.unige.ch\m-HumanNeuronLab\ANALYSIS\FLM\Analysis_LoraFanda\01_FBM_Analysis\outputs\04_ersp_LM_RAWONLY\EL037\LM\ERSP_matrix\reading\EL037_reading_WM_ERSP_aH_R11_TN.npy,1,0.29804903,1,EL037|AHR11,9.533113589591905e-39,0.3200899670324266,5.669840711934881e-22,0.1949986564023884,0.12140203190242375,0.275079853708729,0.08842949095403226
203,EL037,AHR12,aH_R12,LM,concat,1,\\nasac-m2.unige.ch\m-HumanNeuronLab\ANALYSIS\FLM\Analysis_LoraFanda\01_FBM_Analysis\outputs\04_ersp_LM_RAWONLY\EL037\LM\ERSP_matrix\audio\EL037_audio_WM_ERSP_aH_R12_TN.npy,\\nasac-m2.unige.ch\m-HumanNeuronLab\ANALYSIS\FLM\Analysis_LoraFanda\01_FBM_Analysis\outputs\04_ersp_LM_RAWONLY\EL037\LM\ERSP_matrix\audio\EL037_audio_WM_ERSP_aH_R12_TN.npy,\\nasac-m2.unige.ch\m-HumanNeuronLab\ANALYSIS\FLM\Analysis_LoraFanda\01_FBM_Analysis\outputs\04_ersp_LM_RAWONLY\EL037\LM\ERSP_matrix\picture\EL037_picture_WM_ERSP_aH_R12_TN.npy,\\nasac-m2.unige.ch\m-HumanNeuronLab\ANALYSIS\FLM\Analysis_LoraFanda\01_FBM_Analysis\outputs\04_ersp_LM_RAWONLY\EL037\LM\ERSP_matrix\reading\EL037_reading_WM_ERSP_aH_R12_TN.npy,2,0.19498938,2,EL037|AHR12,3.6788309671456016e-07,3.811422765501451e-10,2.8512166213305505e-17,0.6920182403686777,1.8790749871183474e-32,0.3079812948738268,9.649325645172753e-08
204,EL037,AHR2,aH_R2,LM,concat,1,\\nasac-m2.unige.ch\m-HumanNeuronLab\ANALYSIS\FLM\Analysis_LoraFanda\01_FBM_Analysis\outputs\04_ersp_LM_RAWONLY\EL037\LM\ERSP_matrix\audio\EL037_audio_WM_ERSP_aH_R2_TN.npy,\\nasac-m2.unige.ch\m-HumanNeuronLab\ANALYSIS\FLM\Analysis_LoraFanda\01_FBM_Analysis\outputs\04_ersp_LM_RAWONLY\EL037\LM\ERSP_matrix\audio\EL037_audio_WM_ERSP_aH_R2_TN.npy,\\nasac-m2.unige.ch\m-HumanNeuronLab\ANALYSIS\FLM\Analysis_LoraFanda\01_FBM_Analysis\outputs\04_ersp_LM_RAWONLY\EL037\LM\ERSP_matrix\picture\EL037_picture_WM_ERSP_aH_R2_TN.npy,\\nasac-m2.unige.ch\m-HumanNeuronLab\ANALYSIS\FLM\Analysis_LoraFanda\01_FBM_Analysis\outputs\04_ersp_LM_RAWONLY\EL037\LM\ERSP_matrix\reading\EL037_reading_WM_ERSP_aH_R2_TN.npy,1,0.23144373,1,EL037|AHR2,0.5345638743830903,0.15983690307926168,6.31497657271848e-15,0.30559922253764155,2.193245858034147e-39,2.597254380224658e-25,3.1810483064743954e-16
205,EL037,AHR3,aH_R3,LM,concat,1,\\nasac-m2.unige.ch\m-HumanNeuronLab\ANALYSIS\FLM\Analysis_LoraFanda\01_FBM_Analysis\outputs\04_ersp_LM_RAWONLY\EL037\LM\ERSP_matrix\audio\EL037_audio_WM_ERSP_aH_R3_TN.npy,\\nasac-m2.unige.ch\m-HumanNeuronLab\ANALYSIS\FLM\Analysis_LoraFanda\01_FBM_Analysis\outputs\04_ersp_LM_RAWONLY\EL037\LM\ERSP_matrix\audio\EL037_audio_WM_ERSP_aH_R3_TN.npy,\\nasac-m2.unige.ch\m-HumanNeuronLab\ANALYSIS\FLM\Analysis_LoraFanda\01_FBM_Analysis\outputs\04_ersp_LM_RAWONLY\EL037\LM\ERSP_matrix\picture\EL037_picture_WM_ERSP_aH_R3_TN.npy,\\nasac-m2.unige.ch\m-HumanNeuronLab\ANALYSIS\FLM\Analysis_LoraFanda\01_FBM_Analysis\outputs\04_ersp_LM_RAWONLY\EL037\LM\ERSP_matrix\reading\EL037_reading_WM_ERSP_aH_R3_TN.npy,1,0.26581457,1,EL037|AHR3,2.6848911347763725e-32,0.34548408649214757,0.27874705325580185,0.3757688602520505,2.9809903196731573e-97,1.4910216461402636e-84,7.014667473353746e-20
206,EL037,AHR4,aH_R4,LM,concat,1,\\nasac-m2.unige.ch\m-HumanNeuronLab\ANALYSIS\FLM\Analysis_LoraFanda\01_FBM_Analysis\outputs\04_ersp_LM_RAWONLY\EL037\LM\ERSP_matrix\audio\EL037_audio_WM_ERSP_aH_R4_TN.npy,\\nasac-m2.unige.ch\m-HumanNeuronLab\ANALYSIS\FLM\Analysis_LoraFanda\01_FBM_Analysis\outputs\04_ersp_LM_RAWONLY\EL037\LM\ERSP_matrix\audio\EL037_audio_WM_ERSP_aH_R4_TN.npy,\\nasac-m2.unige.ch\m-HumanNeuronLab\ANALYSIS\FLM\Analysis_LoraFanda\01_FBM_Analysis\outputs\04_ersp_LM_RAWONLY\EL037\LM\ERSP_matrix\picture\EL037_picture_WM_ERSP_aH_R4_TN.npy,\\nasac-m2.unige.ch\m-HumanNeuronLab\ANALYSIS\FLM\Analysis_LoraFanda\01_FBM_Analysis\outputs\04_ersp_LM_RAWONLY\EL037\LM\ERSP_matrix\reading\EL037_reading_WM_ERSP_aH_R4_TN.npy,1,0.33935013,1,EL037|AHR4,0.4249894925032649,0.16470510026032426,1.4636637562506466e-09,0.16875277504623704,1.4882880220660385e-10,0.13798628877915434,0.103566341798527
207,EL037,AHR9,aH_R9,LM,concat,1,\\nasac-m2.unige.ch\m-HumanNeuronLab\ANALYSIS\FLM\Analysis_LoraFanda\01_FBM_Analysis\outputs\04_ersp_LM_RAWONLY\EL037\LM\ERSP_matrix\audio\EL037_audio_WM_ERSP_aH_R9_TN.npy,\\nasac-m2.unige.ch\m-HumanNeuronLab\ANALYSIS\FLM\Analysis_LoraFanda\01_FBM_Analysis\outputs\04_ersp_LM_RAWONLY\EL037\LM\ERSP_matrix\audio\EL037_audio_WM_ERSP_aH_R9_TN.npy,\\nasac-m2.unige.ch\m-HumanNeuronLab\ANALYSIS\FLM\Analysis_LoraFanda\01_FBM_Analysis\outputs\04_ersp_LM_RAWONLY\EL037\LM\ERSP_matrix\picture\EL037_picture_WM_ERSP_aH_R9_TN.npy,\\nasac-m2.unige.ch\m-HumanNeuronLab\ANALYSIS\FLM\Analysis_LoraFanda\01_FBM_Analysis\outputs\04_ersp_LM_RAWONLY\EL037\LM\ERSP_matrix\reading\EL037_reading_WM_ERSP_aH_R9_TN.npy,1,0.31128255,1,EL037|AHR9,0.0042062441629071735,0.28534708718393614,6.617392043188725e-30,0.1035683035392729,0.035929170781246904,0.3399247372474796,0.23102445708515723
208,EL037,AIL10,aI_L10,LM,concat,1,\\nasac-m2.unige.ch\m-HumanNeuronLab\ANALYSIS\FLM\Analysis_LoraFanda\01_FBM_Analysis\outputs\04_ersp_LM_RAWONLY\EL037\LM\ERSP_matrix\audio\EL037_audio_WM_ERSP_aI_L10_TN.npy,\\nasac-m2.unige.ch\m-HumanNeuronLab\ANALYSIS\FLM\Analysis_LoraFanda\01_FBM_Analysis\outputs\04_ersp_LM_RAWONLY\EL037\LM\ERSP_matrix\audio\EL037_audio_WM_ERSP_aI_L10_TN.npy,\\nasac-m2.unige.ch\m-HumanNeuronLab\ANALYSIS\FLM\Analysis_LoraFanda\01_FBM_Analysis\outputs\04_ersp_LM_RAWONLY\EL037\LM\ERSP_matrix\picture\EL037_picture_WM_ERSP_aI_L10_TN.npy,\\nasac-m2.unige.ch\m-HumanNeuronLab\ANALYSIS\FLM\Analysis_LoraFanda\01_FBM_Analysis\outputs\04_ersp_LM_RAWONLY\EL037\LM\ERSP_matrix\reading\EL037_reading_WM_ERSP_aI_L10_TN.npy,0,-0.108641386,0,EL037|AIL10,0.47078856638081434,2.1111409517338138e-13,0.19131183168308066,3.966222201989841e-06,4.195489964827503e-09,0.009003785294185888,0.32889184622401607
209,EL037,AIL8,aI_L8,LM,concat,2,\\nasac-m2.unige.ch\m-HumanNeuronLab\ANALYSIS\FLM\Analysis_LoraFanda\01_FBM_Analysis\outputs\04_ersp_LM_RAWONLY\EL037\LM\ERSP_matrix\audio\EL037_audio_WM_ERSP_aI_L8_TN.npy,\\nasac-m2.unige.ch\m-HumanNeuronLab\ANALYSIS\FLM\Analysis_LoraFanda\01_FBM_Analysis\outputs\04_ersp_LM_RAWONLY\EL037\LM\ERSP_matrix\audio\EL037_audio_WM_ERSP_aI_L8_TN.npy,\\nasac-m2.unige.ch\m-HumanNeuronLab\ANALYSIS\FLM\Analysis_LoraFanda\01_FBM_Analysis\outputs\04_ersp_LM_RAWONLY\EL037\LM\ERSP_matrix\picture\EL037_picture_WM_ERSP_aI_L8_TN.npy,\\nasac-m2.unige.ch\m-HumanNeuronLab\ANALYSIS\FLM\Analysis_LoraFanda\01_FBM_Analysis\outputs\04_ersp_LM_RAWONLY\EL037\LM\ERSP_matrix\reading\EL037_reading_WM_ERSP_aI_L8_TN.npy,1,0.18896633,1,EL037|AIL8,0.19327194247660207,2.5187878961340787e-07,0.07251824522317928,0.00010873262164871119,0.1199122421099119,1.6059588640994978e-06,0.6141869797310042
210,EL037,ENTGL1,EntG_L1,LM,concat,1,\\nasac-m2.unige.ch\m-HumanNeuronLab\ANALYSIS\FLM\Analysis_LoraFanda\01_FBM_Analysis\outputs\04_ersp_LM_RAWONLY\EL037\LM\ERSP_matrix\audio\EL037_audio_WM_ERSP_EntG_L1_TN.npy,\\nasac-m2.unige.ch\m-HumanNeuronLab\ANALYSIS\FLM\Analysis_LoraFanda\01_FBM_Analysis\outputs\04_ersp_LM_RAWONLY\EL037\LM\ERSP_matrix\audio\EL037_audio_WM_ERSP_EntG_L1_TN.npy,\\nasac-m2.unige.ch\m-HumanNeuronLab\ANALYSIS\FLM\Analysis_LoraFanda\01_FBM_Analysis\outputs\04_ersp_LM_RAWONLY\EL037\LM\ERSP_matrix\picture\EL037_picture_WM_ERSP_EntG_L1_TN.npy,\\nasac-m2.unige.ch\m-HumanNeuronLab\ANALYSIS\FLM\Analysis_LoraFanda\01_FBM_Analysis\outputs\04_ersp_LM_RAWONLY\EL037\LM\ERSP_matrix\reading\EL037_reading_WM_ERSP_EntG_L1_TN.npy,1,0.23941062,1,EL037|ENTGL1,5.834053315676268e-38,0.000530411141463634,0.25461915691251,0.40307722479370084,0.03251118799501403,6.676332396314652e-12,0.3092620191506351
211,EL037,ENTGL11,EntG_L11,LM,concat,2,\\nasac-m2.unige.ch\m-HumanNeuronLab\ANALYSIS\FLM\Analysis_LoraFanda\01_FBM_Analysis\outputs\04_ersp_LM_RAWONLY\EL037\LM\ERSP_matrix\audio\EL037_audio_WM_ERSP_EntG_L11_TN.npy,\\nasac-m2.unige.ch\m-HumanNeuronLab\ANALYSIS\FLM\Analysis_LoraFanda\01_FBM_Analysis\outputs\04_ersp_LM_RAWONLY\EL037\LM\ERSP_matrix\audio\EL037_audio_WM_ERSP_EntG_L11_TN.npy,\\nasac-m2.unige.ch\m-HumanNeuronLab\ANALYSIS\FLM\Analysis_LoraFanda\01_FBM_Analysis\outputs\04_ersp_LM_RAWONLY\EL037\LM\ERSP_matrix\picture\EL037_picture_WM_ERSP_EntG_L11_TN.npy,\\nasac-m2.unige.ch\m-HumanNeuronLab\ANALYSIS\FLM\Analysis_LoraFanda\01_FBM_Analysis\outputs\04_ersp_LM_RAWONLY\EL037\LM\ERSP_matrix\reading\EL037_reading_WM_ERSP_EntG_L11_TN.npy,2,0.2668271,2,EL037|ENTGL11,0.0122274097512991,2.4113514937777457e-21,0.12914304008218547,0.8586295501030131,1.7420640757680122e-47,1.1290756241684495e-20,6.350239486510409e-11
212,EL037,ENTGL2,EntG_L2,LM,concat,1,\\nasac-m2.unige.ch\m-HumanNeuronLab\ANALYSIS\FLM\Analysis_LoraFanda\01_FBM_Analysis\outputs\04_ersp_LM_RAWONLY\EL037\LM\ERSP_matrix\audio\EL037_audio_WM_ERSP_EntG_L2_TN.npy,\\nasac-m2.unige.ch\m-HumanNeuronLab\ANALYSIS\FLM\Analysis_LoraFanda\01_FBM_Analysis\outputs\04_ersp_LM_RAWONLY\EL037\LM\ERSP_matrix\audio\EL037_audio_WM_ERSP_EntG_L2_TN.npy,\\nasac-m2.unige.ch\m-HumanNeuronLab\ANALYSIS\FLM\Analysis_LoraFanda\01_FBM_Analysis\outputs\04_ersp_LM_RAWONLY\EL037\LM\ERSP_matrix\picture\EL037_picture_WM_ERSP_EntG_L2_TN.npy,\\nasac-m2.unige.ch\m-HumanNeuronLab\ANALYSIS\FLM\Analysis_LoraFanda\01_FBM_Analysis\outputs\04_ersp_LM_RAWONLY\EL037\LM\ERSP_matrix\reading\EL037_reading_WM_ERSP_EntG_L2_TN.npy,2,-0.07677435,2,EL037|ENTGL2,1.7069973329733193e-35,5.607837141049008e-17,0.4341013714917992,0.4934651829975034,0.00011872700383821488,0.07229953286435373,1.5185642505254083e-05
213,EL037,ENTGL3,EntG_L3,LM,concat,1,\\nasac-m2.unige.ch\m-HumanNeuronLab\ANALYSIS\FLM\Analysis_LoraFanda\01_FBM_Analysis\outputs\04_ersp_LM_RAWONLY\EL037\LM\ERSP_matrix\audio\EL037_audio_WM_ERSP_EntG_L3_TN.npy,\\nasac-m2.unige.ch\m-HumanNeuronLab\ANALYSIS\FLM\Analysis_LoraFanda\01_FBM_Analysis\outputs\04_ersp_LM_RAWONLY\EL037\LM\ERSP_matrix\audio\EL037_audio_WM_ERSP_EntG_L3_TN.npy,\\nasac-m2.unige.ch\m-HumanNeuronLab\ANALYSIS\FLM\Analysis_LoraFanda\01_FBM_Analysis\outputs\04_ersp_LM_RAWONLY\EL037\LM\ERSP_matrix\picture\EL037_picture_WM_ERSP_EntG_L3_TN.npy,\\nasac-m2.unige.ch\m-HumanNeuronLab\ANALYSIS\FLM\Analysis_LoraFanda\01_FBM_Analysis\outputs\04_ersp_LM_RAWONLY\EL037\LM\ERSP_matrix\reading\EL037_reading_WM_ERSP_EntG_L3_TN.npy,2,-0.023614991,2,EL037|ENTGL3,1.221650371118168e-35,2.2121346711136744e-16,0.4485615200375008,0.4911904923854197,7.07086771301957e-06,0.06023485182881135,6.064880554788061e-06
214,EL037,ENTGL4,EntG_L4,LM,concat,2,\\nasac-m2.unige.ch\m-HumanNeuronLab\ANALYSIS\FLM\Analysis_LoraFanda\01_FBM_Analysis\outputs\04_ersp_LM_RAWONLY\EL037\LM\ERSP_matrix\audio\EL037_audio_WM_ERSP_EntG_L4_TN.npy,\\nasac-m2.unige.ch\m-HumanNeuronLab\ANALYSIS\FLM\Analysis_LoraFanda\01_FBM_Analysis\outputs\04_ersp_LM_RAWONLY\EL037\LM\ERSP_matrix\audio\EL037_audio_WM_ERSP_EntG_L4_TN.npy,\\nasac-m2.unige.ch\m-HumanNeuronLab\ANALYSIS\FLM\Analysis_LoraFanda\01_FBM_Analysis\outputs\04_ersp_LM_RAWONLY\EL037\LM\ERSP_matrix\picture\EL037_picture_WM_ERSP_EntG_L4_TN.npy,\\nasac-m2.unige.ch\m-HumanNeuronLab\ANALYSIS\FLM\Analysis_LoraFanda\01_FBM_Analysis\outputs\04_ersp_LM_RAWONLY\EL037\LM\ERSP_matrix\reading\EL037_reading_WM_ERSP_EntG_L4_TN.npy,1,0.1686358,1,EL037|ENTGL4,1.01226749293122e-41,2.1524933972777921e-19,0.5136230861240438,0.48637447219960833,1.240497888123329e-07,1.3414312177557908e-06,9.761953411972642e-07
215,EL037,PHL1,pH_L1,LM,concat,2,\\nasac-m2.unige.ch\m-HumanNeuronLab\ANALYSIS\FLM\Analysis_LoraFanda\01_FBM_Analysis\outputs\04_ersp_LM_RAWONLY\EL037\LM\ERSP_matrix\audio\EL037_audio_WM_ERSP_pH_L1_TN.npy,\\nasac-m2.unige.ch\m-HumanNeuronLab\ANALYSIS\FLM\Analysis_LoraFanda\01_FBM_Analysis\outputs\04_ersp_LM_RAWONLY\EL037\LM\ERSP_matrix\audio\EL037_audio_WM_ERSP_pH_L1_TN.npy,\\nasac-m2.unige.ch\m-HumanNeuronLab\ANALYSIS\FLM\Analysis_LoraFanda\01_FBM_Analysis\outputs\04_ersp_LM_RAWONLY\EL037\LM\ERSP_matrix\picture\EL037_picture_WM_ERSP_pH_L1_TN.npy,\\nasac-m2.unige.ch\m-HumanNeuronLab\ANALYSIS\FLM\Analysis_LoraFanda\01_FBM_Analysis\outputs\04_ersp_LM_RAWONLY\EL037\LM\ERSP_matrix\reading\EL037_reading_WM_ERSP_pH_L1_TN.npy,0,-0.14463434,0,EL037|PHL1,0.43987042074899846,0.09258337150117972,4.017811131451739e-43,0.1863712141459269,1.9402898057635236e-28,6.159643394050449e-43,0.28117499360389486
216,EL037,PHL10,pH_L10,LM,concat,1,\\nasac-m2.unige.ch\m-HumanNeuronLab\ANALYSIS\FLM\Analysis_LoraFanda\01_FBM_Analysis\outputs\04_ersp_LM_RAWONLY\EL037\LM\ERSP_matrix\audio\EL037_audio_WM_ERSP_pH_L10_TN.npy,\\nasac-m2.unige.ch\m-HumanNeuronLab\ANALYSIS\FLM\Analysis_LoraFanda\01_FBM_Analysis\outputs\04_ersp_LM_RAWONLY\EL037\LM\ERSP_matrix\audio\EL037_audio_WM_ERSP_pH_L10_TN.npy,\\nasac-m2.unige.ch\m-HumanNeuronLab\ANALYSIS\FLM\Analysis_LoraFanda\01_FBM_Analysis\outputs\04_ersp_LM_RAWONLY\EL037\LM\ERSP_matrix\picture\EL037_picture_WM_ERSP_pH_L10_TN.npy,\\nasac-m2.unige.ch\m-HumanNeuronLab\ANALYSIS\FLM\Analysis_LoraFanda\01_FBM_Analysis\outputs\04_ersp_LM_RAWONLY\EL037\LM\ERSP_matrix\reading\EL037_reading_WM_ERSP_pH_L10_TN.npy,1,0.25589785,1,EL037|PHL10,3.4245156589097597e-07,0.4784329284524917,0.04757352293499389,5.008384012750975e-05,0.13618812424646481,1.662323139688153e-09,0.33775499641203305
217,EL037,PHL11,pH_L11,LM,concat,1,\\nasac-m2.unige.ch\m-HumanNeuronLab\ANALYSIS\FLM\Analysis_LoraFanda\01_FBM_Analysis\outputs\04_ersp_LM_RAWONLY\EL037\LM\ERSP_matrix\audio\EL037_audio_WM_ERSP_pH_L11_TN.npy,\\nasac-m2.unige.ch\m-HumanNeuronLab\ANALYSIS\FLM\Analysis_LoraFanda\01_FBM_Analysis\outputs\04_ersp_LM_RAWONLY\EL037\LM\ERSP_matrix\audio\EL037_audio_WM_ERSP_pH_L11_TN.npy,\\nasac-m2.unige.ch\m-HumanNeuronLab\ANALYSIS\FLM\Analysis_LoraFanda\01_FBM_Analysis\outputs\04_ersp_LM_RAWONLY\EL037\LM\ERSP_matrix\picture\EL037_picture_WM_ERSP_pH_L11_TN.npy,\\nasac-m2.unige.ch\m-HumanNeuronLab\ANALYSIS\FLM\Analysis_LoraFanda\01_FBM_Analysis\outputs\04_ersp_LM_RAWONLY\EL037\LM\ERSP_matrix\reading\EL037_reading_WM_ERSP_pH_L11_TN.npy,1,0.24557808,1,EL037|PHL11,1.2639416993092782e-17,0.4940291409355187,1.2376576250673206e-06,0.006766896581862056,0.14451276922681652,4.4369341929884323e-13,0.35468995559773403
218,EL037,PHL9,pH_L9,LM,concat,1,\\nasac-m2.unige.ch\m-HumanNeuronLab\ANALYSIS\FLM\Analysis_LoraFanda\01_FBM_Analysis\outputs\04_ersp_LM_RAWONLY\EL037\LM\ERSP_matrix\audio\EL037_audio_WM_ERSP_pH_L9_TN.npy,\\nasac-m2.unige.ch\m-HumanNeuronLab\ANALYSIS\FLM\Analysis_LoraFanda\01_FBM_Analysis\outputs\04_ersp_LM_RAWONLY\EL037\LM\ERSP_matrix\audio\EL037_audio_WM_ERSP_pH_L9_TN.npy,\\nasac-m2.unige.ch\m-HumanNeuronLab\ANALYSIS\FLM\Analysis_LoraFanda\01_FBM_Analysis\outputs\04_ersp_LM_RAWONLY\EL037\LM\ERSP_matrix\picture\EL037_picture_WM_ERSP_pH_L9_TN.npy,\\nasac-m2.unige.ch\m-HumanNeuronLab\ANALYSIS\FLM\Analysis_LoraFanda\01_FBM_Analysis\outputs\04_ersp_LM_RAWONLY\EL037\LM\ERSP_matrix\reading\EL037_reading_WM_ERSP_pH_L9_TN.npy,1,0.3052901,1,EL037|PHL9,0.03560949189357137,0.3981092468123031,5.608700536154517e-06,0.005729265718253571,0.11322995649711311,0.1764418762144042,0.2708745541638186
219,EL037,PHR10,pH_R10,LM,concat,2,\\nasac-m2.unige.ch\m-HumanNeuronLab\ANALYSIS\FLM\Analysis_LoraFanda\01_FBM_Analysis\outputs\04_ersp_LM_RAWONLY\EL037\LM\ERSP_matrix\audio\EL037_audio_WM_ERSP_pH_R10_TN.npy,\\nasac-m2.unige.ch\m-HumanNeuronLab\ANALYSIS\FLM\Analysis_LoraFanda\01_FBM_Analysis\outputs\04_ersp_LM_RAWONLY\EL037\LM\ERSP_matrix\audio\EL037_audio_WM_ERSP_pH_R10_TN.npy,\\nasac-m2.unige.ch\m-HumanNeuronLab\ANALYSIS\FLM\Analysis_LoraFanda\01_FBM_Analysis\outputs\04_ersp_LM_RAWONLY\EL037\LM\ERSP_matrix\picture\EL037_picture_WM_ERSP_pH_R10_TN.npy,\\nasac-m2.unige.ch\m-HumanNeuronLab\ANALYSIS\FLM\Analysis_LoraFanda\01_FBM_Analysis\outputs\04_ersp_LM_RAWONLY\EL037\LM\ERSP_matrix\reading\EL037_reading_WM_ERSP_pH_R10_TN.npy,1,0.247585,1,EL037|PHR10,5.997699149432672e-31,0.37923497945724877,2.5642332057083286e-07,0.00014499208640233397,0.170162188515468,0.00024490166244335007,0.45021268185511704
220,EL037,PHR11,pH_R11,LM,concat,1,\\nasac-m2.unige.ch\m-HumanNeuronLab\ANALYSIS\FLM\Analysis_LoraFanda\01_FBM_Analysis\outputs\04_ersp_LM_RAWONLY\EL037\LM\ERSP_matrix\audio\EL037_audio_WM_ERSP_pH_R11_TN.npy,\\nasac-m2.unige.ch\m-HumanNeuronLab\ANALYSIS\FLM\Analysis_LoraFanda\01_FBM_Analysis\outputs\04_ersp_LM_RAWONLY\EL037\LM\ERSP_matrix\audio\EL037_audio_WM_ERSP_pH_R11_TN.npy,\\nasac-m2.unige.ch\m-HumanNeuronLab\ANALYSIS\FLM\Analysis_LoraFanda\01_FBM_Analysis\outputs\04_ersp_LM_RAWONLY\EL037\LM\ERSP_matrix\picture\EL037_picture_WM_ERSP_pH_R11_TN.npy,\\nasac-m2.unige.ch\m-HumanNeuronLab\ANALYSIS\FLM\Analysis_LoraFanda\01_FBM_Analysis\outputs\04_ersp_LM_RAWONLY\EL037\LM\ERSP_matrix\reading\EL037_reading_WM_ERSP_pH_R11_TN.npy,1,0.2913768,1,EL037|PHR11,2.4029887518570584e-30,0.3447694215157162,1.9096806818978593e-26,0.09225047728820028,0.04251749929892152,0.1776950762770483,0.34276752562011364
221,EL037,PHR12,pH_R12,LM,concat,1,\\nasac-m2.unige.ch\m-HumanNeuronLab\ANALYSIS\FLM\Analysis_LoraFanda\01_FBM_Analysis\outputs\04_ersp_LM_RAWONLY\EL037\LM\ERSP_matrix\audio\EL037_audio_WM_ERSP_pH_R12_TN.npy,\\nasac-m2.unige.ch\m-HumanNeuronLab\ANALYSIS\FLM\Analysis_LoraFanda\01_FBM_Analysis\outputs\04_ersp_LM_RAWONLY\EL037\LM\ERSP_matrix\audio\EL037_audio_WM_ERSP_pH_R12_TN.npy,\\nasac-m2.unige.ch\m-HumanNeuronLab\ANALYSIS\FLM\Analysis_LoraFanda\01_FBM_Analysis\outputs\04_ersp_LM_RAWONLY\EL037\LM\ERSP_matrix\picture\EL037_picture_WM_ERSP_pH_R12_TN.npy,\\nasac-m2.unige.ch\m-HumanNeuronLab\ANALYSIS\FLM\Analysis_LoraFanda\01_FBM_Analysis\outputs\04_ersp_LM_RAWONLY\EL037\LM\ERSP_matrix\reading\EL037_reading_WM_ERSP_pH_R12_TN.npy,1,0.13698243,1,EL037|PHR12,0.047778276472224324,0.0009262530268001166,5.930122453949821e-18,0.3198192115234616,5.603808109168724e-08,0.3979109401765248,0.2335652627629081
222,EL037,PHR2,pH_R2,LM,concat,1,\\nasac-m2.unige.ch\m-HumanNeuronLab\ANALYSIS\FLM\Analysis_LoraFanda\01_FBM_Analysis\outputs\04_ersp_LM_RAWONLY\EL037\LM\ERSP_matrix\audio\EL037_audio_WM_ERSP_pH_R2_TN.npy,\\nasac-m2.unige.ch\m-HumanNeuronLab\ANALYSIS\FLM\Analysis_LoraFanda\01_FBM_Analysis\outputs\04_ersp_LM_RAWONLY\EL037\LM\ERSP_matrix\audio\EL037_audio_WM_ERSP_pH_R2_TN.npy,\\nasac-m2.unige.ch\m-HumanNeuronLab\ANALYSIS\FLM\Analysis_LoraFanda\01_FBM_Analysis\outputs\04_ersp_LM_RAWONLY\EL037\LM\ERSP_matrix\picture\EL037_picture_WM_ERSP_pH_R2_TN.npy,\\nasac-m2.unige.ch\m-HumanNeuronLab\ANALYSIS\FLM\Analysis_LoraFanda\01_FBM_Analysis\outputs\04_ersp_LM_RAWONLY\EL037\LM\ERSP_matrix\reading\EL037_reading_WM_ERSP_pH_R2_TN.npy,1,0.32906505,1,EL037|PHR2,1.41760073657398e-22,0.29425118968700964,0.07645457508868544,1.0724329123215807e-05,0.16527507662292892,6.30074859235144e-08,0.4640083712647669
223,EL037,PHR8,pH_R8,LM,concat,1,\\nasac-m2.unige.ch\m-HumanNeuronLab\ANALYSIS\FLM\Analysis_LoraFanda\01_FBM_Analysis\outputs\04_ersp_LM_RAWONLY\EL037\LM\ERSP_matrix\audio\EL037_audio_WM_ERSP_pH_R8_TN.npy,\\nasac-m2.unige.ch\m-HumanNeuronLab\ANALYSIS\FLM\Analysis_LoraFanda\01_FBM_Analysis\outputs\04_ersp_LM_RAWONLY\EL037\LM\ERSP_matrix\audio\EL037_audio_WM_ERSP_pH_R8_TN.npy,\\nasac-m2.unige.ch\m-HumanNeuronLab\ANALYSIS\FLM\Analysis_LoraFanda\01_FBM_Analysis\outputs\04_ersp_LM_RAWONLY\EL037\LM\ERSP_matrix\picture\EL037_picture_WM_ERSP_pH_R8_TN.npy,\\nasac-m2.unige.ch\m-HumanNeuronLab\ANALYSIS\FLM\Analysis_LoraFanda\01_FBM_Analysis\outputs\04_ersp_LM_RAWONLY\EL037\LM\ERSP_matrix\reading\EL037_reading_WM_ERSP_pH_R8_TN.npy,1,0.24591723,1,EL037|PHR8,2.2160134270262406e-32,0.36992895199547166,2.9243076432708315e-22,0.12437453230931883,0.06098868276950825,0.13716879430436796,0.3075390386213333
224,EL037,PHR9,pH_R9,LM,concat,1,\\nasac-m2.unige.ch\m-HumanNeuronLab\ANALYSIS\FLM\Analysis_LoraFanda\01_FBM_Analysis\outputs\04_ersp_LM_RAWONLY\EL037\LM\ERSP_matrix\audio\EL037_audio_WM_ERSP_pH_R9_TN.npy,\\nasac-m2.unige.ch\m-HumanNeuronLab\ANALYSIS\FLM\Analysis_LoraFanda\01_FBM_Analysis\outputs\04_ersp_LM_RAWONLY\EL037\LM\ERSP_matrix\audio\EL037_audio_WM_ERSP_pH_R9_TN.npy,\\nasac-m2.unige.ch\m-HumanNeuronLab\ANALYSIS\FLM\Analysis_LoraFanda\01_FBM_Analysis\outputs\04_ersp_LM_RAWONLY\EL037\LM\ERSP_matrix\picture\EL037_picture_WM_ERSP_pH_R9_TN.npy,\\nasac-m2.unige.ch\m-HumanNeuronLab\ANALYSIS\FLM\Analysis_LoraFanda\01_FBM_Analysis\outputs\04_ersp_LM_RAWONLY\EL037\LM\ERSP_matrix\reading\EL037_reading_WM_ERSP_pH_R9_TN.npy,1,0.21491817,1,EL037|PHR9,7.139598518304026e-23,0.38071477133800163,6.397408771578003e-05,1.017007866417132e-06,0.06385845271874627,2.360720829354577e-10,0.5553617846115978
225,EL038,AHL1,aH_L1,LM,concat,2,\\nasac-m2.unige.ch\m-HumanNeuronLab\ANALYSIS\FLM\Analysis_LoraFanda\01_FBM_Analysis\outputs\04_ersp_LM_RAWONLY\EL038\LM\ERSP_matrix\audio\EL038_audio_WM_ERSP_aH_L1_TN.npy,\\nasac-m2.unige.ch\m-HumanNeuronLab\ANALYSIS\FLM\Analysis_LoraFanda\01_FBM_Analysis\outputs\04_ersp_LM_RAWONLY\EL038\LM\ERSP_matrix\audio\EL038_audio_WM_ERSP_aH_L1_TN.npy,\\nasac-m2.unige.ch\m-HumanNeuronLab\ANALYSIS\FLM\Analysis_LoraFanda\01_FBM_Analysis\outputs\04_ersp_LM_RAWONLY\EL038\LM\ERSP_matrix\picture\EL038_picture_WM_ERSP_aH_L1_TN.npy,\\nasac-m2.unige.ch\m-HumanNeuronLab\ANALYSIS\FLM\Analysis_LoraFanda\01_FBM_Analysis\outputs\04_ersp_LM_RAWONLY\EL038\LM\ERSP_matrix\reading\EL038_reading_WM_ERSP_aH_L1_TN.npy,1,0.19185881,1,EL038|AHL1,0.4333086097461118,2.2210763359161748e-17,5.9128523677027094e-15,0.20080564610718704,0.3658856623552667,6.199666191362419e-12,8.178522891550363e-08
226,EL038,AHL10,aH_L10,LM,concat,1,\\nasac-m2.unige.ch\m-HumanNeuronLab\ANALYSIS\FLM\Analysis_LoraFanda\01_FBM_Analysis\outputs\04_ersp_LM_RAWONLY\EL038\LM\ERSP_matrix\audio\EL038_audio_WM_ERSP_aH_L10_TN.npy,\\nasac-m2.unige.ch\m-HumanNeuronLab\ANALYSIS\FLM\Analysis_LoraFanda\01_FBM_Analysis\outputs\04_ersp_LM_RAWONLY\EL038\LM\ERSP_matrix\audio\EL038_audio_WM_ERSP_aH_L10_TN.npy,\\nasac-m2.unige.ch\m-HumanNeuronLab\ANALYSIS\FLM\Analysis_LoraFanda\01_FBM_Analysis\outputs\04_ersp_LM_RAWONLY\EL038\LM\ERSP_matrix\picture\EL038_picture_WM_ERSP_aH_L10_TN.npy,\\nasac-m2.unige.ch\m-HumanNeuronLab\ANALYSIS\FLM\Analysis_LoraFanda\01_FBM_Analysis\outputs\04_ersp_LM_RAWONLY\EL038\LM\ERSP_matrix\reading\EL038_reading_WM_ERSP_aH_L10_TN.npy,1,0.31715834,1,EL038|AHL10,4.820083020975713e-10,7.8514029691474e-30,0.02470909368753484,0.08602107549286055,0.6824861883835808,0.20678364194844526,5.5704976743461004e-12
227,EL038,AHL11,aH_L11,LM,concat,1,\\nasac-m2.unige.ch\m-HumanNeuronLab\ANALYSIS\FLM\Analysis_LoraFanda\01_FBM_Analysis\outputs\04_ersp_LM_RAWONLY\EL038\LM\ERSP_matrix\audio\EL038_audio_WM_ERSP_aH_L11_TN.npy,\\nasac-m2.unige.ch\m-HumanNeuronLab\ANALYSIS\FLM\Analysis_LoraFanda\01_FBM_Analysis\outputs\04_ersp_LM_RAWONLY\EL038\LM\ERSP_matrix\audio\EL038_audio_WM_ERSP_aH_L11_TN.npy,\\nasac-m2.unige.ch\m-HumanNeuronLab\ANALYSIS\FLM\Analysis_LoraFanda\01_FBM_Analysis\outputs\04_ersp_LM_RAWONLY\EL038\LM\ERSP_matrix\picture\EL038_picture_WM_ERSP_aH_L11_TN.npy,\\nasac-m2.unige.ch\m-HumanNeuronLab\ANALYSIS\FLM\Analysis_LoraFanda\01_FBM_Analysis\outputs\04_ersp_LM_RAWONLY\EL038\LM\ERSP_matrix\reading\EL038_reading_WM_ERSP_aH_L11_TN.npy,1,0.2748669,1,EL038|AHL11,0.3324550746517726,3.8123592434675837e-22,0.0814050003115841,1.4707016835614281e-05,0.1759910813428358,0.18044439630467676,0.2296897403722952
228,EL038,AHL12,aH_L12,LM,concat,1,\\nasac-m2.unige.ch\m-HumanNeuronLab\ANALYSIS\FLM\Analysis_LoraFanda\01_FBM_Analysis\outputs\04_ersp_LM_RAWONLY\EL038\LM\ERSP_matrix\audio\EL038_audio_WM_ERSP_aH_L12_TN.npy,\\nasac-m2.unige.ch\m-HumanNeuronLab\ANALYSIS\FLM\Analysis_LoraFanda\01_FBM_Analysis\outputs\04_ersp_LM_RAWONLY\EL038\LM\ERSP_matrix\audio\EL038_audio_WM_ERSP_aH_L12_TN.npy,\\nasac-m2.unige.ch\m-HumanNeuronLab\ANALYSIS\FLM\Analysis_LoraFanda\01_FBM_Analysis\outputs\04_ersp_LM_RAWONLY\EL038\LM\ERSP_matrix\picture\EL038_picture_WM_ERSP_aH_L12_TN.npy,\\nasac-m2.unige.ch\m-HumanNeuronLab\ANALYSIS\FLM\Analysis_LoraFanda\01_FBM_Analysis\outputs\04_ersp_LM_RAWONLY\EL038\LM\ERSP_matrix\reading\EL038_reading_WM_ERSP_aH_L12_TN.npy,1,0.3216203,1,EL038|AHL12,0.22505373825279323,0.019145938991718077,1.3056895634987703e-31,0.12462161749695684,0.08691316214824847,0.5440040529355109,0.00026149017477256997
229,EL038,AHL13,aH_L13,LM,concat,1,\\nasac-m2.unige.ch\m-HumanNeuronLab\ANALYSIS\FLM\Analysis_LoraFanda\01_FBM_Analysis\outputs\04_ersp_LM_RAWONLY\EL038\LM\ERSP_matrix\audio\EL038_audio_WM_ERSP_aH_L13_TN.npy,\\nasac-m2.unige.ch\m-HumanNeuronLab\ANALYSIS\FLM\Analysis_LoraFanda\01_FBM_Analysis\outputs\04_ersp_LM_RAWONLY\EL038\LM\ERSP_matrix\audio\EL038_audio_WM_ERSP_aH_L13_TN.npy,\\nasac-m2.unige.ch\m-HumanNeuronLab\ANALYSIS\FLM\Analysis_LoraFanda\01_FBM_Analysis\outputs\04_ersp_LM_RAWONLY\EL038\LM\ERSP_matrix\picture\EL038_picture_WM_ERSP_aH_L13_TN.npy,\\nasac-m2.unige.ch\m-HumanNeuronLab\ANALYSIS\FLM\Analysis_LoraFanda\01_FBM_Analysis\outputs\04_ersp_LM_RAWONLY\EL038\LM\ERSP_matrix\reading\EL038_reading_WM_ERSP_aH_L13_TN.npy,1,0.30377686,1,EL038|AHL13,0.09921092850256719,0.22498428382579405,2.431997011443332e-30,0.00011052551073539654,0.4481356145630381,0.016750815311836826,0.21080783228602842
230,EL038,AHL2,aH_L2,LM,concat,1,\\nasac-m2.unige.ch\m-HumanNeuronLab\ANALYSIS\FLM\Analysis_LoraFanda\01_FBM_Analysis\outputs\04_ersp_LM_RAWONLY\EL038\LM\ERSP_matrix\audio\EL038_audio_WM_ERSP_aH_L2_TN.npy,\\nasac-m2.unige.ch\m-HumanNeuronLab\ANALYSIS\FLM\Analysis_LoraFanda\01_FBM_Analysis\outputs\04_ersp_LM_RAWONLY\EL038\LM\ERSP_matrix\audio\EL038_audio_WM_ERSP_aH_L2_TN.npy,\\nasac-m2.unige.ch\m-HumanNeuronLab\ANALYSIS\FLM\Analysis_LoraFanda\01_FBM_Analysis\outputs\04_ersp_LM_RAWONLY\EL038\LM\ERSP_matrix\picture\EL038_picture_WM_ERSP_aH_L2_TN.npy,\\nasac-m2.unige.ch\m-HumanNeuronLab\ANALYSIS\FLM\Analysis_LoraFanda\01_FBM_Analysis\outputs\04_ersp_LM_RAWONLY\EL038\LM\ERSP_matrix\reading\EL038_reading_WM_ERSP_aH_L2_TN.npy,1,0.30153337,1,EL038|AHL2,0.675021171286076,2.5043320545092323e-06,0.27489226878922257,0.050074515988671166,1.9427315301425594e-37,5.439220911938005e-22,9.53960397569066e-06
231,EL038,AHL4,aH_L4,LM,concat,3,\\nasac-m2.unige.ch\m-HumanNeuronLab\ANALYSIS\FLM\Analysis_LoraFanda\01_FBM_Analysis\outputs\04_ersp_LM_RAWONLY\EL038\LM\ERSP_matrix\audio\EL038_audio_WM_ERSP_aH_L4_TN.npy,\\nasac-m2.unige.ch\m-HumanNeuronLab\ANALYSIS\FLM\Analysis_LoraFanda\01_FBM_Analysis\outputs\04_ersp_LM_RAWONLY\EL038\LM\ERSP_matrix\audio\EL038_audio_WM_ERSP_aH_L4_TN.npy,\\nasac-m2.unige.ch\m-HumanNeuronLab\ANALYSIS\FLM\Analysis_LoraFanda\01_FBM_Analysis\outputs\04_ersp_LM_RAWONLY\EL038\LM\ERSP_matrix\picture\EL038_picture_WM_ERSP_aH_L4_TN.npy,\\nasac-m2.unige.ch\m-HumanNeuronLab\ANALYSIS\FLM\Analysis_LoraFanda\01_FBM_Analysis\outputs\04_ersp_LM_RAWONLY\EL038\LM\ERSP_matrix\reading\EL038_reading_WM_ERSP_aH_L4_TN.npy,1,0.35314652,1,EL038|AHL4,0.20096021125022626,0.14932742028334853,8.209460462427028e-34,0.22727916908901633,0.10176610485040545,5.316186802044623e-12,0.32066709452168707
232,EL038,AHL5,aH_L5,LM,concat,1,\\nasac-m2.unige.ch\m-HumanNeuronLab\ANALYSIS\FLM\Analysis_LoraFanda\01_FBM_Analysis\outputs\04_ersp_LM_RAWONLY\EL038\LM\ERSP_matrix\audio\EL038_audio_WM_ERSP_aH_L5_TN.npy,\\nasac-m2.unige.ch\m-HumanNeuronLab\ANALYSIS\FLM\Analysis_LoraFanda\01_FBM_Analysis\outputs\04_ersp_LM_RAWONLY\EL038\LM\ERSP_matrix\audio\EL038_audio_WM_ERSP_aH_L5_TN.npy,\\nasac-m2.unige.ch\m-HumanNeuronLab\ANALYSIS\FLM\Analysis_LoraFanda\01_FBM_Analysis\outputs\04_ersp_LM_RAWONLY\EL038\LM\ERSP_matrix\picture\EL038_picture_WM_ERSP_aH_L5_TN.npy,\\nasac-m2.unige.ch\m-HumanNeuronLab\ANALYSIS\FLM\Analysis_LoraFanda\01_FBM_Analysis\outputs\04_ersp_LM_RAWONLY\EL038\LM\ERSP_matrix\reading\EL038_reading_WM_ERSP_aH_L5_TN.npy,1,0.3656052,1,EL038|AHL5,0.30769422535629637,0.024411112377913477,2.3449856541714485e-19,0.040617183384520354,0.27976532920143654,0.10237291066853828,0.24513923901129503
233,EL038,AHL6,aH_L6,LM,concat,2,\\nasac-m2.unige.ch\m-HumanNeuronLab\ANALYSIS\FLM\Analysis_LoraFanda\01_FBM_Analysis\outputs\04_ersp_LM_RAWONLY\EL038\LM\ERSP_matrix\audio\EL038_audio_WM_ERSP_aH_L6_TN.npy,\\nasac-m2.unige.ch\m-HumanNeuronLab\ANALYSIS\FLM\Analysis_LoraFanda\01_FBM_Analysis\outputs\04_ersp_LM_RAWONLY\EL038\LM\ERSP_matrix\audio\EL038_audio_WM_ERSP_aH_L6_TN.npy,\\nasac-m2.unige.ch\m-HumanNeuronLab\ANALYSIS\FLM\Analysis_LoraFanda\01_FBM_Analysis\outputs\04_ersp_LM_RAWONLY\EL038\LM\ERSP_matrix\picture\EL038_picture_WM_ERSP_aH_L6_TN.npy,\\nasac-m2.unige.ch\m-HumanNeuronLab\ANALYSIS\FLM\Analysis_LoraFanda\01_FBM_Analysis\outputs\04_ersp_LM_RAWONLY\EL038\LM\ERSP_matrix\reading\EL038_reading_WM_ERSP_aH_L6_TN.npy,0,-0.10642919,0,EL038|AHL6,0.44389171235957936,0.06592472107633605,0.1059971304230503,1.6021282240146918e-05,0.09646020207179724,0.12054057188229729,0.16716964090469955
234,EL038,AHL7,aH_L7,LM,concat,2,\\nasac-m2.unige.ch\m-HumanNeuronLab\ANALYSIS\FLM\Analysis_LoraFanda\01_FBM_Analysis\outputs\04_ersp_LM_RAWONLY\EL038\LM\ERSP_matrix\audio\EL038_audio_WM_ERSP_aH_L7_TN.npy,\\nasac-m2.unige.ch\m-HumanNeuronLab\ANALYSIS\FLM\Analysis_LoraFanda\01_FBM_Analysis\outputs\04_ersp_LM_RAWONLY\EL038\LM\ERSP_matrix\audio\EL038_audio_WM_ERSP_aH_L7_TN.npy,\\nasac-m2.unige.ch\m-HumanNeuronLab\ANALYSIS\FLM\Analysis_LoraFanda\01_FBM_Analysis\outputs\04_ersp_LM_RAWONLY\EL038\LM\ERSP_matrix\picture\EL038_picture_WM_ERSP_aH_L7_TN.npy,\\nasac-m2.unige.ch\m-HumanNeuronLab\ANALYSIS\FLM\Analysis_LoraFanda\01_FBM_Analysis\outputs\04_ersp_LM_RAWONLY\EL038\LM\ERSP_matrix\reading\EL038_reading_WM_ERSP_aH_L7_TN.npy,1,0.18421346,1,EL038|AHL7,0.39564915885271923,0.10141013613801374,0.00010688481183134422,2.55956818225573e-05,0.3048824434845104,0.07297702074056028,0.12494876029054248
235,EL038,AHL8,aH_L8,LM,concat,2,\\nasac-m2.unige.ch\m-HumanNeuronLab\ANALYSIS\FLM\Analysis_LoraFanda\01_FBM_Analysis\outputs\04_ersp_LM_RAWONLY\EL038\LM\ERSP_matrix\audio\EL038_audio_WM_ERSP_aH_L8_TN.npy,\\nasac-m2.unige.ch\m-HumanNeuronLab\ANALYSIS\FLM\Analysis_LoraFanda\01_FBM_Analysis\outputs\04_ersp_LM_RAWONLY\EL038\LM\ERSP_matrix\audio\EL038_audio_WM_ERSP_aH_L8_TN.npy,\\nasac-m2.unige.ch\m-HumanNeuronLab\ANALYSIS\FLM\Analysis_LoraFanda\01_FBM_Analysis\outputs\04_ersp_LM_RAWONLY\EL038\LM\ERSP_matrix\picture\EL038_picture_WM_ERSP_aH_L8_TN.npy,\\nasac-m2.unige.ch\m-HumanNeuronLab\ANALYSIS\FLM\Analysis_LoraFanda\01_FBM_Analysis\outputs\04_ersp_LM_RAWONLY\EL038\LM\ERSP_matrix\reading\EL038_reading_WM_ERSP_aH_L8_TN.npy,1,0.17638515,1,EL038|AHL8,0.2859556123137143,0.12249571321763306,1.6881133807810171e-10,5.413411048867304e-05,0.32929415285059577,0.2121442974153128,0.050056089923443986
236,EL038,AHL9,aH_L9,LM,concat,1,\\nasac-m2.unige.ch\m-HumanNeuronLab\ANALYSIS\FLM\Analysis_LoraFanda\01_FBM_Analysis\outputs\04_ersp_LM_RAWONLY\EL038\LM\ERSP_matrix\audio\EL038_audio_WM_ERSP_aH_L9_TN.npy,\\nasac-m2.unige.ch\m-HumanNeuronLab\ANALYSIS\FLM\Analysis_LoraFanda\01_FBM_Analysis\outputs\04_ersp_LM_RAWONLY\EL038\LM\ERSP_matrix\audio\EL038_audio_WM_ERSP_aH_L9_TN.npy,\\nasac-m2.unige.ch\m-HumanNeuronLab\ANALYSIS\FLM\Analysis_LoraFanda\01_FBM_Analysis\outputs\04_ersp_LM_RAWONLY\EL038\LM\ERSP_matrix\picture\EL038_picture_WM_ERSP_aH_L9_TN.npy,\\nasac-m2.unige.ch\m-HumanNeuronLab\ANALYSIS\FLM\Analysis_LoraFanda\01_FBM_Analysis\outputs\04_ersp_LM_RAWONLY\EL038\LM\ERSP_matrix\reading\EL038_reading_WM_ERSP_aH_L9_TN.npy,1,0.25981915,1,EL038|AHL9,0.16115881932891093,0.11875231936918394,0.11422308087717126,3.451953909538772e-08,0.28702412854207754,0.232626466821302,0.08621515054181514
237,EL038,AIR10,aI_R10,LM,concat,2,\\nasac-m2.unige.ch\m-HumanNeuronLab\ANALYSIS\FLM\Analysis_LoraFanda\01_FBM_Analysis\outputs\04_ersp_LM_RAWONLY\EL038\LM\ERSP_matrix\audio\EL038_audio_WM_ERSP_aI_R10_TN.npy,\\nasac-m2.unige.ch\m-HumanNeuronLab\ANALYSIS\FLM\Analysis_LoraFanda\01_FBM_Analysis\outputs\04_ersp_LM_RAWONLY\EL038\LM\ERSP_matrix\audio\EL038_audio_WM_ERSP_aI_R10_TN.npy,\\nasac-m2.unige.ch\m-HumanNeuronLab\ANALYSIS\FLM\Analysis_LoraFanda\01_FBM_Analysis\outputs\04_ersp_LM_RAWONLY\EL038\LM\ERSP_matrix\picture\EL038_picture_WM_ERSP_aI_R10_TN.npy,\\nasac-m2.unige.ch\m-HumanNeuronLab\ANALYSIS\FLM\Analysis_LoraFanda\01_FBM_Analysis\outputs\04_ersp_LM_RAWONLY\EL038\LM\ERSP_matrix\reading\EL038_reading_WM_ERSP_aI_R10_TN.npy,4,-0.0124685485,4,EL038|AIR10,0.22495328882093402,0.31234230360526716,1.7040751888967932e-15,0.017566318487367307,0.3028919197464126,0.11100318393114258,0.03124298540887474
238,EL038,AIR11,aI_R11,LM,concat,2,\\nasac-m2.unige.ch\m-HumanNeuronLab\ANALYSIS\FLM\Analysis_LoraFanda\01_FBM_Analysis\outputs\04_ersp_LM_RAWONLY\EL038\LM\ERSP_matrix\audio\EL038_audio_WM_ERSP_aI_R11_TN.npy,\\nasac-m2.unige.ch\m-HumanNeuronLab\ANALYSIS\FLM\Analysis_LoraFanda\01_FBM_Analysis\outputs\04_ersp_LM_RAWONLY\EL038\LM\ERSP_matrix\audio\EL038_audio_WM_ERSP_aI_R11_TN.npy,\\nasac-m2.unige.ch\m-HumanNeuronLab\ANALYSIS\FLM\Analysis_LoraFanda\01_FBM_Analysis\outputs\04_ersp_LM_RAWONLY\EL038\LM\ERSP_matrix\picture\EL038_picture_WM_ERSP_aI_R11_TN.npy,\\nasac-m2.unige.ch\m-HumanNeuronLab\ANALYSIS\FLM\Analysis_LoraFanda\01_FBM_Analysis\outputs\04_ersp_LM_RAWONLY\EL038\LM\ERSP_matrix\reading\EL038_reading_WM_ERSP_aI_R11_TN.npy,4,-0.10864947,4,EL038|AIR11,0.1797274139784918,0.40346515386547743,2.785633956819252e-17,0.0012477986870373197,0.3285356845857109,0.028726671331178386,0.05829727755210391
239,EL038,AIR14,aI_R14,LM,concat,1,\\nasac-m2.unige.ch\m-HumanNeuronLab\ANALYSIS\FLM\Analysis_LoraFanda\01_FBM_Analysis\outputs\04_ersp_LM_RAWONLY\EL038\LM\ERSP_matrix\audio\EL038_audio_WM_ERSP_aI_R14_TN.npy,\\nasac-m2.unige.ch\m-HumanNeuronLab\ANALYSIS\FLM\Analysis_LoraFanda\01_FBM_Analysis\outputs\04_ersp_LM_RAWONLY\EL038\LM\ERSP_matrix\audio\EL038_audio_WM_ERSP_aI_R14_TN.npy,\\nasac-m2.unige.ch\m-HumanNeuronLab\ANALYSIS\FLM\Analysis_LoraFanda\01_FBM_Analysis\outputs\04_ersp_LM_RAWONLY\EL038\LM\ERSP_matrix\picture\EL038_picture_WM_ERSP_aI_R14_TN.npy,\\nasac-m2.unige.ch\m-HumanNeuronLab\ANALYSIS\FLM\Analysis_LoraFanda\01_FBM_Analysis\outputs\04_ersp_LM_RAWONLY\EL038\LM\ERSP_matrix\reading\EL038_reading_WM_ERSP_aI_R14_TN.npy,1,0.27490228,1,EL038|AIR14,0.2665424113339487,0.27449350364432606,2.5879042396457693e-21,0.04217307893044664,0.3340101955776256,0.08228016548398634,0.0005006450296666651
240,EL038,AIR3,aI_R3,LM,concat,1,\\nasac-m2.unige.ch\m-HumanNeuronLab\ANALYSIS\FLM\Analysis_LoraFanda\01_FBM_Analysis\outputs\04_ersp_LM_RAWONLY\EL038\LM\ERSP_matrix\audio\EL038_audio_WM_ERSP_aI_R3_TN.npy,\\nasac-m2.unige.ch\m-HumanNeuronLab\ANALYSIS\FLM\Analysis_LoraFanda\01_FBM_Analysis\outputs\04_ersp_LM_RAWONLY\EL038\LM\ERSP_matrix\audio\EL038_audio_WM_ERSP_aI_R3_TN.npy,\\nasac-m2.unige.ch\m-HumanNeuronLab\ANALYSIS\FLM\Analysis_LoraFanda\01_FBM_Analysis\outputs\04_ersp_LM_RAWONLY\EL038\LM\ERSP_matrix\picture\EL038_picture_WM_ERSP_aI_R3_TN.npy,\\nasac-m2.unige.ch\m-HumanNeuronLab\ANALYSIS\FLM\Analysis_LoraFanda\01_FBM_Analysis\outputs\04_ersp_LM_RAWONLY\EL038\LM\ERSP_matrix\reading\EL038_reading_WM_ERSP_aI_R3_TN.npy,1,0.13914622,1,EL038|AIR3,0.19653745047380988,0.13911890960347803,7.925970390457501e-22,0.026056550283372806,0.4907663873540772,0.14668494841748117,0.0008357538677809214
241,EL038,AIR4,aI_R4,LM,concat,2,\\nasac-m2.unige.ch\m-HumanNeuronLab\ANALYSIS\FLM\Analysis_LoraFanda\01_FBM_Analysis\outputs\04_ersp_LM_RAWONLY\EL038\LM\ERSP_matrix\audio\EL038_audio_WM_ERSP_aI_R4_TN.npy,\\nasac-m2.unige.ch\m-HumanNeuronLab\ANALYSIS\FLM\Analysis_LoraFanda\01_FBM_Analysis\outputs\04_ersp_LM_RAWONLY\EL038\LM\ERSP_matrix\audio\EL038_audio_WM_ERSP_aI_R4_TN.npy,\\nasac-m2.unige.ch\m-HumanNeuronLab\ANALYSIS\FLM\Analysis_LoraFanda\01_FBM_Analysis\outputs\04_ersp_LM_RAWONLY\EL038\LM\ERSP_matrix\picture\EL038_picture_WM_ERSP_aI_R4_TN.npy,\\nasac-m2.unige.ch\m-HumanNeuronLab\ANALYSIS\FLM\Analysis_LoraFanda\01_FBM_Analysis\outputs\04_ersp_LM_RAWONLY\EL038\LM\ERSP_matrix\reading\EL038_reading_WM_ERSP_aI_R4_TN.npy,3,0.025933282,3,EL038|AIR4,0.10513862331621189,0.06124985617765355,6.900454408831713e-13,1.4904386525168627e-06,0.46648104995033635,0.11503082112873379,0.2520981589877218
242,EL038,AIR7,aI_R7,LM,concat,3,\\nasac-m2.unige.ch\m-HumanNeuronLab\ANALYSIS\FLM\Analysis_LoraFanda\01_FBM_Analysis\outputs\04_ersp_LM_RAWONLY\EL038\LM\ERSP_matrix\audio\EL038_audio_WM_ERSP_aI_R7_TN.npy,\\nasac-m2.unige.ch\m-HumanNeuronLab\ANALYSIS\FLM\Analysis_LoraFanda\01_FBM_Analysis\outputs\04_ersp_LM_RAWONLY\EL038\LM\ERSP_matrix\audio\EL038_audio_WM_ERSP_aI_R7_TN.npy,\\nasac-m2.unige.ch\m-HumanNeuronLab\ANALYSIS\FLM\Analysis_LoraFanda\01_FBM_Analysis\outputs\04_ersp_LM_RAWONLY\EL038\LM\ERSP_matrix\picture\EL038_picture_WM_ERSP_aI_R7_TN.npy,\\nasac-m2.unige.ch\m-HumanNeuronLab\ANALYSIS\FLM\Analysis_LoraFanda\01_FBM_Analysis\outputs\04_ersp_LM_RAWONLY\EL038\LM\ERSP_matrix\reading\EL038_reading_WM_ERSP_aI_R7_TN.npy,0,-0.07654536,0,EL038|AIR7,0.18675574842713885,0.02119728921964059,0.0065191383631419825,1.8279042115249797e-05,0.22765612987340905,0.07403099507847138,0.4838224199960829
243,EL038,AIR8,aI_R8,LM,concat,3,\\nasac-m2.unige.ch\m-HumanNeuronLab\ANALYSIS\FLM\Analysis_LoraFanda\01_FBM_Analysis\outputs\04_ersp_LM_RAWONLY\EL038\LM\ERSP_matrix\audio\EL038_audio_WM_ERSP_aI_R8_TN.npy,\\nasac-m2.unige.ch\m-HumanNeuronLab\ANALYSIS\FLM\Analysis_LoraFanda\01_FBM_Analysis\outputs\04_ersp_LM_RAWONLY\EL038\LM\ERSP_matrix\audio\EL038_audio_WM_ERSP_aI_R8_TN.npy,\\nasac-m2.unige.ch\m-HumanNeuronLab\ANALYSIS\FLM\Analysis_LoraFanda\01_FBM_Analysis\outputs\04_ersp_LM_RAWONLY\EL038\LM\ERSP_matrix\picture\EL038_picture_WM_ERSP_aI_R8_TN.npy,\\nasac-m2.unige.ch\m-HumanNeuronLab\ANALYSIS\FLM\Analysis_LoraFanda\01_FBM_Analysis\outputs\04_ersp_LM_RAWONLY\EL038\LM\ERSP_matrix\reading\EL038_reading_WM_ERSP_aI_R8_TN.npy,0,-0.008934906,0,EL038|AIR8,0.2929751757044199,0.04295194923705154,0.09035020166935488,5.3244890980200304e-05,0.12822045301393514,0.11458259667768511,0.3308663788065732
244,EL038,AIR9,aI_R9,LM,concat,1,\\nasac-m2.unige.ch\m-HumanNeuronLab\ANALYSIS\FLM\Analysis_LoraFanda\01_FBM_Analysis\outputs\04_ersp_LM_RAWONLY\EL038\LM\ERSP_matrix\audio\EL038_audio_WM_ERSP_aI_R9_TN.npy,\\nasac-m2.unige.ch\m-HumanNeuronLab\ANALYSIS\FLM\Analysis_LoraFanda\01_FBM_Analysis\outputs\04_ersp_LM_RAWONLY\EL038\LM\ERSP_matrix\audio\EL038_audio_WM_ERSP_aI_R9_TN.npy,\\nasac-m2.unige.ch\m-HumanNeuronLab\ANALYSIS\FLM\Analysis_LoraFanda\01_FBM_Analysis\outputs\04_ersp_LM_RAWONLY\EL038\LM\ERSP_matrix\picture\EL038_picture_WM_ERSP_aI_R9_TN.npy,\\nasac-m2.unige.ch\m-HumanNeuronLab\ANALYSIS\FLM\Analysis_LoraFanda\01_FBM_Analysis\outputs\04_ersp_LM_RAWONLY\EL038\LM\ERSP_matrix\reading\EL038_reading_WM_ERSP_aI_R9_TN.npy,1,0.18621378,1,EL038|AIR9,0.28549412508181166,0.0870855146625503,0.0005069819973665408,0.00011143650111113061,0.22288970069668726,0.30822905229011155,0.09568318877036147
245,EL038,AL1,A_L1,LM,concat,3,\\nasac-m2.unige.ch\m-HumanNeuronLab\ANALYSIS\FLM\Analysis_LoraFanda\01_FBM_Analysis\outputs\04_ersp_LM_RAWONLY\EL038\LM\ERSP_matrix\audio\EL038_audio_WM_ERSP_A_L1_TN.npy,\\nasac-m2.unige.ch\m-HumanNeuronLab\ANALYSIS\FLM\Analysis_LoraFanda\01_FBM_Analysis\outputs\04_ersp_LM_RAWONLY\EL038\LM\ERSP_matrix\audio\EL038_audio_WM_ERSP_A_L1_TN.npy,\\nasac-m2.unige.ch\m-HumanNeuronLab\ANALYSIS\FLM\Analysis_LoraFanda\01_FBM_Analysis\outputs\04_ersp_LM_RAWONLY\EL038\LM\ERSP_matrix\picture\EL038_picture_WM_ERSP_A_L1_TN.npy,\\nasac-m2.unige.ch\m-HumanNeuronLab\ANALYSIS\FLM\Analysis_LoraFanda\01_FBM_Analysis\outputs\04_ersp_LM_RAWONLY\EL038\LM\ERSP_matrix\reading\EL038_reading_WM_ERSP_A_L1_TN.npy,3,0.04551178,3,EL038|AL1,0.2827832606457431,0.07763772379725731,0.016276399606015703,0.021539602548041388,0.320643666940124,0.281117829285002,1.5171778165860952e-06
246,EL038,AL10,A_L10,LM,concat,1,\\nasac-m2.unige.ch\m-HumanNeuronLab\ANALYSIS\FLM\Analysis_LoraFanda\01_FBM_Analysis\outputs\04_ersp_LM_RAWONLY\EL038\LM\ERSP_matrix\audio\EL038_audio_WM_ERSP_A_L10_TN.npy,\\nasac-m2.unige.ch\m-HumanNeuronLab\ANALYSIS\FLM\Analysis_LoraFanda\01_FBM_Analysis\outputs\04_ersp_LM_RAWONLY\EL038\LM\ERSP_matrix\audio\EL038_audio_WM_ERSP_A_L10_TN.npy,\\nasac-m2.unige.ch\m-HumanNeuronLab\ANALYSIS\FLM\Analysis_LoraFanda\01_FBM_Analysis\outputs\04_ersp_LM_RAWONLY\EL038\LM\ERSP_matrix\picture\EL038_picture_WM_ERSP_A_L10_TN.npy,\\nasac-m2.unige.ch\m-HumanNeuronLab\ANALYSIS\FLM\Analysis_LoraFanda\01_FBM_Analysis\outputs\04_ersp_LM_RAWONLY\EL038\LM\ERSP_matrix\reading\EL038_reading_WM_ERSP_A_L10_TN.npy,1,0.24199052,1,EL038|AL10,0.058062493742904515,0.1328631612625237,2.685102615256877e-18,0.062416598549008724,0.4296172103823744,0.3111110866018486,0.005929449461340214
247,EL038,AL11,A_L11,LM,concat,1,\\nasac-m2.unige.ch\m-HumanNeuronLab\ANALYSIS\FLM\Analysis_LoraFanda\01_FBM_Analysis\outputs\04_ersp_LM_RAWONLY\EL038\LM\ERSP_matrix\audio\EL038_audio_WM_ERSP_A_L11_TN.npy,\\nasac-m2.unige.ch\m-HumanNeuronLab\ANALYSIS\FLM\Analysis_LoraFanda\01_FBM_Analysis\outputs\04_ersp_LM_RAWONLY\EL038\LM\ERSP_matrix\audio\EL038_audio_WM_ERSP_A_L11_TN.npy,\\nasac-m2.unige.ch\m-HumanNeuronLab\ANALYSIS\FLM\Analysis_LoraFanda\01_FBM_Analysis\outputs\04_ersp_LM_RAWONLY\EL038\LM\ERSP_matrix\picture\EL038_picture_WM_ERSP_A_L11_TN.npy,\\nasac-m2.unige.ch\m-HumanNeuronLab\ANALYSIS\FLM\Analysis_LoraFanda\01_FBM_Analysis\outputs\04_ersp_LM_RAWONLY\EL038\LM\ERSP_matrix\reading\EL038_reading_WM_ERSP_A_L11_TN.npy,1,0.25893715,1,EL038|AL11,0.35100623608539944,0.08276221000934363,5.516128331950448e-07,3.365530666311137e-05,0.37095493368139043,0.19467781979479645,0.0005645935095737463
248,EL038,AL12,A_L12,LM,concat,1,\\nasac-m2.unige.ch\m-HumanNeuronLab\ANALYSIS\FLM\Analysis_LoraFanda\01_FBM_Analysis\outputs\04_ersp_LM_RAWONLY\EL038\LM\ERSP_matrix\audio\EL038_audio_WM_ERSP_A_L12_TN.npy,\\nasac-m2.unige.ch\m-HumanNeuronLab\ANALYSIS\FLM\Analysis_LoraFanda\01_FBM_Analysis\outputs\04_ersp_LM_RAWONLY\EL038\LM\ERSP_matrix\audio\EL038_audio_WM_ERSP_A_L12_TN.npy,\\nasac-m2.unige.ch\m-HumanNeuronLab\ANALYSIS\FLM\Analysis_LoraFanda\01_FBM_Analysis\outputs\04_ersp_LM_RAWONLY\EL038\LM\ERSP_matrix\picture\EL038_picture_WM_ERSP_A_L12_TN.npy,\\nasac-m2.unige.ch\m-HumanNeuronLab\ANALYSIS\FLM\Analysis_LoraFanda\01_FBM_Analysis\outputs\04_ersp_LM_RAWONLY\EL038\LM\ERSP_matrix\reading\EL038_reading_WM_ERSP_A_L12_TN.npy,1,0.26256314,1,EL038|AL12,0.5099707649986011,0.061461638970148655,3.67546176499606e-17,0.011355611064496767,0.41450577428107843,0.0013177928263544223,0.0013884178593206007
249,EL038,AL2,A_L2,LM,concat,1,\\nasac-m2.unige.ch\m-HumanNeuronLab\ANALYSIS\FLM\Analysis_LoraFanda\01_FBM_Analysis\outputs\04_ersp_LM_RAWONLY\EL038\LM\ERSP_matrix\audio\EL038_audio_WM_ERSP_A_L2_TN.npy,\\nasac-m2.unige.ch\m-HumanNeuronLab\ANALYSIS\FLM\Analysis_LoraFanda\01_FBM_Analysis\outputs\04_ersp_LM_RAWONLY\EL038\LM\ERSP_matrix\audio\EL038_audio_WM_ERSP_A_L2_TN.npy,\\nasac-m2.unige.ch\m-HumanNeuronLab\ANALYSIS\FLM\Analysis_LoraFanda\01_FBM_Analysis\outputs\04_ersp_LM_RAWONLY\EL038\LM\ERSP_matrix\picture\EL038_picture_WM_ERSP_A_L2_TN.npy,\\nasac-m2.unige.ch\m-HumanNeuronLab\ANALYSIS\FLM\Analysis_LoraFanda\01_FBM_Analysis\outputs\04_ersp_LM_RAWONLY\EL038\LM\ERSP_matrix\reading\EL038_reading_WM_ERSP_A_L2_TN.npy,1,0.18197942,1,EL038|AL2,0.24762319952435713,0.2086389849126945,5.68279333548089e-19,0.017808513620962634,0.1820796792122984,2.3794930579451007e-08,0.34384959893475675
250,EL038,AL3,A_L3,LM,concat,1,\\nasac-m2.unige.ch\m-HumanNeuronLab\ANALYSIS\FLM\Analysis_LoraFanda\01_FBM_Analysis\outputs\04_ersp_LM_RAWONLY\EL038\LM\ERSP_matrix\audio\EL038_audio_WM_ERSP_A_L3_TN.npy,\\nasac-m2.unige.ch\m-HumanNeuronLab\ANALYSIS\FLM\Analysis_LoraFanda\01_FBM_Analysis\outputs\04_ersp_LM_RAWONLY\EL038\LM\ERSP_matrix\audio\EL038_audio_WM_ERSP_A_L3_TN.npy,\\nasac-m2.unige.ch\m-HumanNeuronLab\ANALYSIS\FLM\Analysis_LoraFanda\01_FBM_Analysis\outputs\04_ersp_LM_RAWONLY\EL038\LM\ERSP_matrix\picture\EL038_picture_WM_ERSP_A_L3_TN.npy,\\nasac-m2.unige.ch\m-HumanNeuronLab\ANALYSIS\FLM\Analysis_LoraFanda\01_FBM_Analysis\outputs\04_ersp_LM_RAWONLY\EL038\LM\ERSP_matrix\reading\EL038_reading_WM_ERSP_A_L3_TN.npy,1,0.32862535,1,EL038|AL3,0.2504142687284439,0.03192635557284181,0.41202540777142,5.478975980243526e-05,0.19030602426828122,0.10711204694154638,0.008161106957664288
251,EL038,AL8,A_L8,LM,concat,3,\\nasac-m2.unige.ch\m-HumanNeuronLab\ANALYSIS\FLM\Analysis_LoraFanda\01_FBM_Analysis\outputs\04_ersp_LM_RAWONLY\EL038\LM\ERSP_matrix\audio\EL038_audio_WM_ERSP_A_L8_TN.npy,\\nasac-m2.unige.ch\m-HumanNeuronLab\ANALYSIS\FLM\Analysis_LoraFanda\01_FBM_Analysis\outputs\04_ersp_LM_RAWONLY\EL038\LM\ERSP_matrix\audio\EL038_audio_WM_ERSP_A_L8_TN.npy,\\nasac-m2.unige.ch\m-HumanNeuronLab\ANALYSIS\FLM\Analysis_LoraFanda\01_FBM_Analysis\outputs\04_ersp_LM_RAWONLY\EL038\LM\ERSP_matrix\picture\EL038_picture_WM_ERSP_A_L8_TN.npy,\\nasac-m2.unige.ch\m-HumanNeuronLab\ANALYSIS\FLM\Analysis_LoraFanda\01_FBM_Analysis\outputs\04_ersp_LM_RAWONLY\EL038\LM\ERSP_matrix\reading\EL038_reading_WM_ERSP_A_L8_TN.npy,3,-0.06457477,3,EL038|AL8,0.13215585002522218,0.08415414090309406,0.06123764974819863,1.5586247358900587e-07,0.30382671087796453,0.3203255374470029,0.09829995513604413
252,EL038,AL9,A_L9,LM,concat,1,\\nasac-m2.unige.ch\m-HumanNeuronLab\ANALYSIS\FLM\Analysis_LoraFanda\01_FBM_Analysis\outputs\04_ersp_LM_RAWONLY\EL038\LM\ERSP_matrix\audio\EL038_audio_WM_ERSP_A_L9_TN.npy,\\nasac-m2.unige.ch\m-HumanNeuronLab\ANALYSIS\FLM\Analysis_LoraFanda\01_FBM_Analysis\outputs\04_ersp_LM_RAWONLY\EL038\LM\ERSP_matrix\audio\EL038_audio_WM_ERSP_A_L9_TN.npy,\\nasac-m2.unige.ch\m-HumanNeuronLab\ANALYSIS\FLM\Analysis_LoraFanda\01_FBM_Analysis\outputs\04_ersp_LM_RAWONLY\EL038\LM\ERSP_matrix\picture\EL038_picture_WM_ERSP_A_L9_TN.npy,\\nasac-m2.unige.ch\m-HumanNeuronLab\ANALYSIS\FLM\Analysis_LoraFanda\01_FBM_Analysis\outputs\04_ersp_LM_RAWONLY\EL038\LM\ERSP_matrix\reading\EL038_reading_WM_ERSP_A_L9_TN.npy,1,0.17628853,1,EL038|AL9,0.04432304477013818,0.02461826669047161,1.0238954174197014e-15,0.23184753187704113,0.42116201009457666,0.2780471005059048,2.046061866535026e-06
253,EL038,LINGR3,LinG_R3,LM,concat,1,\\nasac-m2.unige.ch\m-HumanNeuronLab\ANALYSIS\FLM\Analysis_LoraFanda\01_FBM_Analysis\outputs\04_ersp_LM_RAWONLY\EL038\LM\ERSP_matrix\audio\EL038_audio_WM_ERSP_LinG_R3_TN.npy,\\nasac-m2.unige.ch\m-HumanNeuronLab\ANALYSIS\FLM\Analysis_LoraFanda\01_FBM_Analysis\outputs\04_ersp_LM_RAWONLY\EL038\LM\ERSP_matrix\audio\EL038_audio_WM_ERSP_LinG_R3_TN.npy,\\nasac-m2.unige.ch\m-HumanNeuronLab\ANALYSIS\FLM\Analysis_LoraFanda\01_FBM_Analysis\outputs\04_ersp_LM_RAWONLY\EL038\LM\ERSP_matrix\picture\EL038_picture_WM_ERSP_LinG_R3_TN.npy,\\nasac-m2.unige.ch\m-HumanNeuronLab\ANALYSIS\FLM\Analysis_LoraFanda\01_FBM_Analysis\outputs\04_ersp_LM_RAWONLY\EL038\LM\ERSP_matrix\reading\EL038_reading_WM_ERSP_LinG_R3_TN.npy,1,0.32886413,1,EL038|LINGR3,0.3038408499881468,0.25363599433116674,2.7040666665069646e-12,0.14405842596078722,0.1537476046909933,0.04646277156730411,0.09825435345889781
254,EL038,LINGR5,LinG_R5,LM,concat,1,\\nasac-m2.unige.ch\m-HumanNeuronLab\ANALYSIS\FLM\Analysis_LoraFanda\01_FBM_Analysis\outputs\04_ersp_LM_RAWONLY\EL038\LM\ERSP_matrix\audio\EL038_audio_WM_ERSP_LinG_R5_TN.npy,\\nasac-m2.unige.ch\m-HumanNeuronLab\ANALYSIS\FLM\Analysis_LoraFanda\01_FBM_Analysis\outputs\04_ersp_LM_RAWONLY\EL038\LM\ERSP_matrix\audio\EL038_audio_WM_ERSP_LinG_R5_TN.npy,\\nasac-m2.unige.ch\m-HumanNeuronLab\ANALYSIS\FLM\Analysis_LoraFanda\01_FBM_Analysis\outputs\04_ersp_LM_RAWONLY\EL038\LM\ERSP_matrix\picture\EL038_picture_WM_ERSP_LinG_R5_TN.npy,\\nasac-m2.unige.ch\m-HumanNeuronLab\ANALYSIS\FLM\Analysis_LoraFanda\01_FBM_Analysis\outputs\04_ersp_LM_RAWONLY\EL038\LM\ERSP_matrix\reading\EL038_reading_WM_ERSP_LinG_R5_TN.npy,1,0.24552952,1,EL038|LINGR5,0.20011685027882037,0.10078745800944384,0.10440175360770268,0.17218937505912055,0.2924687369205706,0.13003560418006244,2.2194427951303422e-07
255,EL038,LINGR7,LinG_R7,LM,concat,1,\\nasac-m2.unige.ch\m-HumanNeuronLab\ANALYSIS\FLM\Analysis_LoraFanda\01_FBM_Analysis\outputs\04_ersp_LM_RAWONLY\EL038\LM\ERSP_matrix\audio\EL038_audio_WM_ERSP_LinG_R7_TN.npy,\\nasac-m2.unige.ch\m-HumanNeuronLab\ANALYSIS\FLM\Analysis_LoraFanda\01_FBM_Analysis\outputs\04_ersp_LM_RAWONLY\EL038\LM\ERSP_matrix\audio\EL038_audio_WM_ERSP_LinG_R7_TN.npy,\\nasac-m2.unige.ch\m-HumanNeuronLab\ANALYSIS\FLM\Analysis_LoraFanda\01_FBM_Analysis\outputs\04_ersp_LM_RAWONLY\EL038\LM\ERSP_matrix\picture\EL038_picture_WM_ERSP_LinG_R7_TN.npy,\\nasac-m2.unige.ch\m-HumanNeuronLab\ANALYSIS\FLM\Analysis_LoraFanda\01_FBM_Analysis\outputs\04_ersp_LM_RAWONLY\EL038\LM\ERSP_matrix\reading\EL038_reading_WM_ERSP_LinG_R7_TN.npy,1,0.28762472,1,EL038|LINGR7,0.37670521402663504,0.10194675555092761,0.12797650169962804,0.011961620795395122,0.03925871391715449,0.34137372631590596,0.000777467694353603
256,EL038,LINGR8,LinG_R8,LM,concat,1,\\nasac-m2.unige.ch\m-HumanNeuronLab\ANALYSIS\FLM\Analysis_LoraFanda\01_FBM_Analysis\outputs\04_ersp_LM_RAWONLY\EL038\LM\ERSP_matrix\audio\EL038_audio_WM_ERSP_LinG_R8_TN.npy,\\nasac-m2.unige.ch\m-HumanNeuronLab\ANALYSIS\FLM\Analysis_LoraFanda\01_FBM_Analysis\outputs\04_ersp_LM_RAWONLY\EL038\LM\ERSP_matrix\audio\EL038_audio_WM_ERSP_LinG_R8_TN.npy,\\nasac-m2.unige.ch\m-HumanNeuronLab\ANALYSIS\FLM\Analysis_LoraFanda\01_FBM_Analysis\outputs\04_ersp_LM_RAWONLY\EL038\LM\ERSP_matrix\picture\EL038_picture_WM_ERSP_LinG_R8_TN.npy,\\nasac-m2.unige.ch\m-HumanNeuronLab\ANALYSIS\FLM\Analysis_LoraFanda\01_FBM_Analysis\outputs\04_ersp_LM_RAWONLY\EL038\LM\ERSP_matrix\reading\EL038_reading_WM_ERSP_LinG_R8_TN.npy,1,0.24350771,1,EL038|LINGR8,0.47628065321540797,0.04322017576817038,0.09233863260526753,0.0009662977766087949,0.06878404121011229,0.3166989889205283,0.0017112105039047852
257,EL038,OFR1,OF_R1,LM,concat,1,\\nasac-m2.unige.ch\m-HumanNeuronLab\ANALYSIS\FLM\Analysis_LoraFanda\01_FBM_Analysis\outputs\04_ersp_LM_RAWONLY\EL038\LM\ERSP_matrix\audio\EL038_audio_WM_ERSP_OF_R1_TN.npy,\\nasac-m2.unige.ch\m-HumanNeuronLab\ANALYSIS\FLM\Analysis_LoraFanda\01_FBM_Analysis\outputs\04_ersp_LM_RAWONLY\EL038\LM\ERSP_matrix\audio\EL038_audio_WM_ERSP_OF_R1_TN.npy,\\nasac-m2.unige.ch\m-HumanNeuronLab\ANALYSIS\FLM\Analysis_LoraFanda\01_FBM_Analysis\outputs\04_ersp_LM_RAWONLY\EL038\LM\ERSP_matrix\picture\EL038_picture_WM_ERSP_OF_R1_TN.npy,\\nasac-m2.unige.ch\m-HumanNeuronLab\ANALYSIS\FLM\Analysis_LoraFanda\01_FBM_Analysis\outputs\04_ersp_LM_RAWONLY\EL038\LM\ERSP_matrix\reading\EL038_reading_WM_ERSP_OF_R1_TN.npy,1,0.25861454,1,EL038|OFR1,0.13685484293100256,0.12668304927654958,0.12085518645887633,0.0013663990195189027,0.3045111044488165,0.06156191258525092,0.24816750527998518
258,EL038,OFR16,OF_R16,LM,concat,1,\\nasac-m2.unige.ch\m-HumanNeuronLab\ANALYSIS\FLM\Analysis_LoraFanda\01_FBM_Analysis\outputs\04_ersp_LM_RAWONLY\EL038\LM\ERSP_matrix\audio\EL038_audio_WM_ERSP_OF_R16_TN.npy,\\nasac-m2.unige.ch\m-HumanNeuronLab\ANALYSIS\FLM\Analysis_LoraFanda\01_FBM_Analysis\outputs\04_ersp_LM_RAWONLY\EL038\LM\ERSP_matrix\audio\EL038_audio_WM_ERSP_OF_R16_TN.npy,\\nasac-m2.unige.ch\m-HumanNeuronLab\ANALYSIS\FLM\Analysis_LoraFanda\01_FBM_Analysis\outputs\04_ersp_LM_RAWONLY\EL038\LM\ERSP_matrix\picture\EL038_picture_WM_ERSP_OF_R16_TN.npy,\\nasac-m2.unige.ch\m-HumanNeuronLab\ANALYSIS\FLM\Analysis_LoraFanda\01_FBM_Analysis\outputs\04_ersp_LM_RAWONLY\EL038\LM\ERSP_matrix\reading\EL038_reading_WM_ERSP_OF_R16_TN.npy,1,0.23481284,1,EL038|OFR16,0.36427271746037365,0.0732775487834268,5.979381052981547e-16,0.04354008867676765,0.28596014333998854,0.22804165006686947,0.004907851672573302
259,EL038,OFR6,OF_R6,LM,concat,2,\\nasac-m2.unige.ch\m-HumanNeuronLab\ANALYSIS\FLM\Analysis_LoraFanda\01_FBM_Analysis\outputs\04_ersp_LM_RAWONLY\EL038\LM\ERSP_matrix\audio\EL038_audio_WM_ERSP_OF_R6_TN.npy,\\nasac-m2.unige.ch\m-HumanNeuronLab\ANALYSIS\FLM\Analysis_LoraFanda\01_FBM_Analysis\outputs\04_ersp_LM_RAWONLY\EL038\LM\ERSP_matrix\audio\EL038_audio_WM_ERSP_OF_R6_TN.npy,\\nasac-m2.unige.ch\m-HumanNeuronLab\ANALYSIS\FLM\Analysis_LoraFanda\01_FBM_Analysis\outputs\04_ersp_LM_RAWONLY\EL038\LM\ERSP_matrix\picture\EL038_picture_WM_ERSP_OF_R6_TN.npy,\\nasac-m2.unige.ch\m-HumanNeuronLab\ANALYSIS\FLM\Analysis_LoraFanda\01_FBM_Analysis\outputs\04_ersp_LM_RAWONLY\EL038\LM\ERSP_matrix\reading\EL038_reading_WM_ERSP_OF_R6_TN.npy,1,0.29469687,1,EL038|OFR6,0.4479691383560123,0.04257379136782519,0.08209898549575213,0.05220233764743572,0.12948932174117497,0.21560989287213256,0.03005653251966705
260,EL038,OFR7,OF_R7,LM,concat,1,\\nasac-m2.unige.ch\m-HumanNeuronLab\ANALYSIS\FLM\Analysis_LoraFanda\01_FBM_Analysis\outputs\04_ersp_LM_RAWONLY\EL038\LM\ERSP_matrix\audio\EL038_audio_WM_ERSP_OF_R7_TN.npy,\\nasac-m2.unige.ch\m-HumanNeuronLab\ANALYSIS\FLM\Analysis_LoraFanda\01_FBM_Analysis\outputs\04_ersp_LM_RAWONLY\EL038\LM\ERSP_matrix\audio\EL038_audio_WM_ERSP_OF_R7_TN.npy,\\nasac-m2.unige.ch\m-HumanNeuronLab\ANALYSIS\FLM\Analysis_LoraFanda\01_FBM_Analysis\outputs\04_ersp_LM_RAWONLY\EL038\LM\ERSP_matrix\picture\EL038_picture_WM_ERSP_OF_R7_TN.npy,\\nasac-m2.unige.ch\m-HumanNeuronLab\ANALYSIS\FLM\Analysis_LoraFanda\01_FBM_Analysis\outputs\04_ersp_LM_RAWONLY\EL038\LM\ERSP_matrix\reading\EL038_reading_WM_ERSP_OF_R7_TN.npy,1,0.20171382,1,EL038|OFR7,0.4784896403291144,8.903327142175835e-05,0.10680086914691438,0.12545014126136889,1.6103590970621385e-10,0.2891702797435124,3.608663227653373e-08
261,EL038,OFR8,OF_R8,LM,concat,2,\\nasac-m2.unige.ch\m-HumanNeuronLab\ANALYSIS\FLM\Analysis_LoraFanda\01_FBM_Analysis\outputs\04_ersp_LM_RAWONLY\EL038\LM\ERSP_matrix\audio\EL038_audio_WM_ERSP_OF_R8_TN.npy,\\nasac-m2.unige.ch\m-HumanNeuronLab\ANALYSIS\FLM\Analysis_LoraFanda\01_FBM_Analysis\outputs\04_ersp_LM_RAWONLY\EL038\LM\ERSP_matrix\audio\EL038_audio_WM_ERSP_OF_R8_TN.npy,\\nasac-m2.unige.ch\m-HumanNeuronLab\ANALYSIS\FLM\Analysis_LoraFanda\01_FBM_Analysis\outputs\04_ersp_LM_RAWONLY\EL038\LM\ERSP_matrix\picture\EL038_picture_WM_ERSP_OF_R8_TN.npy,\\nasac-m2.unige.ch\m-HumanNeuronLab\ANALYSIS\FLM\Analysis_LoraFanda\01_FBM_Analysis\outputs\04_ersp_LM_RAWONLY\EL038\LM\ERSP_matrix\reading\EL038_reading_WM_ERSP_OF_R8_TN.npy,1,0.21417913,1,EL038|OFR8,0.24203024321524041,0.1629150506846593,0.026697363245946987,3.288610531530879e-06,0.13926240944910248,0.4203649424390237,0.008726702355495582
262,EL038,OFR9,OF_R9,LM,concat,2,\\nasac-m2.unige.ch\m-HumanNeuronLab\ANALYSIS\FLM\Analysis_LoraFanda\01_FBM_Analysis\outputs\04_ersp_LM_RAWONLY\EL038\LM\ERSP_matrix\audio\EL038_audio_WM_ERSP_OF_R9_TN.npy,\\nasac-m2.unige.ch\m-HumanNeuronLab\ANALYSIS\FLM\Analysis_LoraFanda\01_FBM_Analysis\outputs\04_ersp_LM_RAWONLY\EL038\LM\ERSP_matrix\audio\EL038_audio_WM_ERSP_OF_R9_TN.npy,\\nasac-m2.unige.ch\m-HumanNeuronLab\ANALYSIS\FLM\Analysis_LoraFanda\01_FBM_Analysis\outputs\04_ersp_LM_RAWONLY\EL038\LM\ERSP_matrix\picture\EL038_picture_WM_ERSP_OF_R9_TN.npy,\\nasac-m2.unige.ch\m-HumanNeuronLab\ANALYSIS\FLM\Analysis_LoraFanda\01_FBM_Analysis\outputs\04_ersp_LM_RAWONLY\EL038\LM\ERSP_matrix\reading\EL038_reading_WM_ERSP_OF_R9_TN.npy,1,0.15102482,1,EL038|OFR9,0.2564341615822476,0.07458153172969254,3.72548421871984e-07,3.794369657861966e-05,0.27641927042937237,0.34472975667815475,0.047796963335532364
263,EL038,PHL1,pH_L1,LM,concat,1,\\nasac-m2.unige.ch\m-HumanNeuronLab\ANALYSIS\FLM\Analysis_LoraFanda\01_FBM_Analysis\outputs\04_ersp_LM_RAWONLY\EL038\LM\ERSP_matrix\audio\EL038_audio_WM_ERSP_pH_L1_TN.npy,\\nasac-m2.unige.ch\m-HumanNeuronLab\ANALYSIS\FLM\Analysis_LoraFanda\01_FBM_Analysis\outputs\04_ersp_LM_RAWONLY\EL038\LM\ERSP_matrix\audio\EL038_audio_WM_ERSP_pH_L1_TN.npy,\\nasac-m2.unige.ch\m-HumanNeuronLab\ANALYSIS\FLM\Analysis_LoraFanda\01_FBM_Analysis\outputs\04_ersp_LM_RAWONLY\EL038\LM\ERSP_matrix\picture\EL038_picture_WM_ERSP_pH_L1_TN.npy,\\nasac-m2.unige.ch\m-HumanNeuronLab\ANALYSIS\FLM\Analysis_LoraFanda\01_FBM_Analysis\outputs\04_ersp_LM_RAWONLY\EL038\LM\ERSP_matrix\reading\EL038_reading_WM_ERSP_pH_L1_TN.npy,1,0.32337448,1,EL038|PHL1,0.004339257655283572,0.26840327288001775,1.5088320188873817e-19,2.8519862337874072e-06,0.43953977394698285,0.009303243496929164,0.27841160003455284
264,EL038,PHL10,pH_L10,LM,concat,1,\\nasac-m2.unige.ch\m-HumanNeuronLab\ANALYSIS\FLM\Analysis_LoraFanda\01_FBM_Analysis\outputs\04_ersp_LM_RAWONLY\EL038\LM\ERSP_matrix\audio\EL038_audio_WM_ERSP_pH_L10_TN.npy,\\nasac-m2.unige.ch\m-HumanNeuronLab\ANALYSIS\FLM\Analysis_LoraFanda\01_FBM_Analysis\outputs\04_ersp_LM_RAWONLY\EL038\LM\ERSP_matrix\audio\EL038_audio_WM_ERSP_pH_L10_TN.npy,\\nasac-m2.unige.ch\m-HumanNeuronLab\ANALYSIS\FLM\Analysis_LoraFanda\01_FBM_Analysis\outputs\04_ersp_LM_RAWONLY\EL038\LM\ERSP_matrix\picture\EL038_picture_WM_ERSP_pH_L10_TN.npy,\\nasac-m2.unige.ch\m-HumanNeuronLab\ANALYSIS\FLM\Analysis_LoraFanda\01_FBM_Analysis\outputs\04_ersp_LM_RAWONLY\EL038\LM\ERSP_matrix\reading\EL038_reading_WM_ERSP_pH_L10_TN.npy,1,0.36845317,1,EL038|PHL10,0.05506766945891775,0.19064478794224807,0.17510404697136359,4.3969289122583767e-07,0.06463879835911036,0.3505799346422225,0.1639643229332466
265,EL038,PHL11,pH_L11,LM,concat,1,\\nasac-m2.unige.ch\m-HumanNeuronLab\ANALYSIS\FLM\Analysis_LoraFanda\01_FBM_Analysis\outputs\04_ersp_LM_RAWONLY\EL038\LM\ERSP_matrix\audio\EL038_audio_WM_ERSP_pH_L11_TN.npy,\\nasac-m2.unige.ch\m-HumanNeuronLab\ANALYSIS\FLM\Analysis_LoraFanda\01_FBM_Analysis\outputs\04_ersp_LM_RAWONLY\EL038\LM\ERSP_matrix\audio\EL038_audio_WM_ERSP_pH_L11_TN.npy,\\nasac-m2.unige.ch\m-HumanNeuronLab\ANALYSIS\FLM\Analysis_LoraFanda\01_FBM_Analysis\outputs\04_ersp_LM_RAWONLY\EL038\LM\ERSP_matrix\picture\EL038_picture_WM_ERSP_pH_L11_TN.npy,\\nasac-m2.unige.ch\m-HumanNeuronLab\ANALYSIS\FLM\Analysis_LoraFanda\01_FBM_Analysis\outputs\04_ersp_LM_RAWONLY\EL038\LM\ERSP_matrix\reading\EL038_reading_WM_ERSP_pH_L11_TN.npy,1,0.3629354,1,EL038|PHL11,0.07263535133399482,0.08275375099078383,0.2710277936395489,1.0206552881674756e-09,1.1541874766620278e-08,0.573582874850122,2.1662302042191882e-07
266,EL038,PHL13,pH_L13,LM,concat,1,\\nasac-m2.unige.ch\m-HumanNeuronLab\ANALYSIS\FLM\Analysis_LoraFanda\01_FBM_Analysis\outputs\04_ersp_LM_RAWONLY\EL038\LM\ERSP_matrix\audio\EL038_audio_WM_ERSP_pH_L13_TN.npy,\\nasac-m2.unige.ch\m-HumanNeuronLab\ANALYSIS\FLM\Analysis_LoraFanda\01_FBM_Analysis\outputs\04_ersp_LM_RAWONLY\EL038\LM\ERSP_matrix\audio\EL038_audio_WM_ERSP_pH_L13_TN.npy,\\nasac-m2.unige.ch\m-HumanNeuronLab\ANALYSIS\FLM\Analysis_LoraFanda\01_FBM_Analysis\outputs\04_ersp_LM_RAWONLY\EL038\LM\ERSP_matrix\picture\EL038_picture_WM_ERSP_pH_L13_TN.npy,\\nasac-m2.unige.ch\m-HumanNeuronLab\ANALYSIS\FLM\Analysis_LoraFanda\01_FBM_Analysis\outputs\04_ersp_LM_RAWONLY\EL038\LM\ERSP_matrix\reading\EL038_reading_WM_ERSP_pH_L13_TN.npy,1,0.18305388,1,EL038|PHL13,0.0453563218001967,0.29686360363927927,0.07005408372797158,1.3342230920452292e-06,0.24300752143396007,1.84765373416054e-20,0.3447171351755003
267,EL038,PHL2,pH_L2,LM,concat,1,\\nasac-m2.unige.ch\m-HumanNeuronLab\ANALYSIS\FLM\Analysis_LoraFanda\01_FBM_Analysis\outputs\04_ersp_LM_RAWONLY\EL038\LM\ERSP_matrix\audio\EL038_audio_WM_ERSP_pH_L2_TN.npy,\\nasac-m2.unige.ch\m-HumanNeuronLab\ANALYSIS\FLM\Analysis_LoraFanda\01_FBM_Analysis\outputs\04_ersp_LM_RAWONLY\EL038\LM\ERSP_matrix\audio\EL038_audio_WM_ERSP_pH_L2_TN.npy,\\nasac-m2.unige.ch\m-HumanNeuronLab\ANALYSIS\FLM\Analysis_LoraFanda\01_FBM_Analysis\outputs\04_ersp_LM_RAWONLY\EL038\LM\ERSP_matrix\picture\EL038_picture_WM_ERSP_pH_L2_TN.npy,\\nasac-m2.unige.ch\m-HumanNeuronLab\ANALYSIS\FLM\Analysis_LoraFanda\01_FBM_Analysis\outputs\04_ersp_LM_RAWONLY\EL038\LM\ERSP_matrix\reading\EL038_reading_WM_ERSP_pH_L2_TN.npy,1,0.33997098,1,EL038|PHL2,6.066937328899727e-05,0.09861408185707615,8.670915474700662e-39,0.009782090820084544,0.3154363564261264,1.9138644707987661e-19,0.5761068015234238
268,EL038,PHL3,pH_L3,LM,concat,1,\\nasac-m2.unige.ch\m-HumanNeuronLab\ANALYSIS\FLM\Analysis_LoraFanda\01_FBM_Analysis\outputs\04_ersp_LM_RAWONLY\EL038\LM\ERSP_matrix\audio\EL038_audio_WM_ERSP_pH_L3_TN.npy,\\nasac-m2.unige.ch\m-HumanNeuronLab\ANALYSIS\FLM\Analysis_LoraFanda\01_FBM_Analysis\outputs\04_ersp_LM_RAWONLY\EL038\LM\ERSP_matrix\audio\EL038_audio_WM_ERSP_pH_L3_TN.npy,\\nasac-m2.unige.ch\m-HumanNeuronLab\ANALYSIS\FLM\Analysis_LoraFanda\01_FBM_Analysis\outputs\04_ersp_LM_RAWONLY\EL038\LM\ERSP_matrix\picture\EL038_picture_WM_ERSP_pH_L3_TN.npy,\\nasac-m2.unige.ch\m-HumanNeuronLab\ANALYSIS\FLM\Analysis_LoraFanda\01_FBM_Analysis\outputs\04_ersp_LM_RAWONLY\EL038\LM\ERSP_matrix\reading\EL038_reading_WM_ERSP_pH_L3_TN.npy,1,0.26710144,1,EL038|PHL3,0.39900382183649263,0.062073719016106706,3.820880349970233e-07,5.1228264697747544e-06,0.15018470332924533,0.005576571721715639,0.3831556791819348
269,EL038,PHL4,pH_L4,LM,concat,2,\\nasac-m2.unige.ch\m-HumanNeuronLab\ANALYSIS\FLM\Analysis_LoraFanda\01_FBM_Analysis\outputs\04_ersp_LM_RAWONLY\EL038\LM\ERSP_matrix\audio\EL038_audio_WM_ERSP_pH_L4_TN.npy,\\nasac-m2.unige.ch\m-HumanNeuronLab\ANALYSIS\FLM\Analysis_LoraFanda\01_FBM_Analysis\outputs\04_ersp_LM_RAWONLY\EL038\LM\ERSP_matrix\audio\EL038_audio_WM_ERSP_pH_L4_TN.npy,\\nasac-m2.unige.ch\m-HumanNeuronLab\ANALYSIS\FLM\Analysis_LoraFanda\01_FBM_Analysis\outputs\04_ersp_LM_RAWONLY\EL038\LM\ERSP_matrix\picture\EL038_picture_WM_ERSP_pH_L4_TN.npy,\\nasac-m2.unige.ch\m-HumanNeuronLab\ANALYSIS\FLM\Analysis_LoraFanda\01_FBM_Analysis\outputs\04_ersp_LM_RAWONLY\EL038\LM\ERSP_matrix\reading\EL038_reading_WM_ERSP_pH_L4_TN.npy,1,0.25124916,1,EL038|PHL4,0.2965255098562418,0.051781912371398627,0.10351267270003853,2.656411142919846e-07,0.09318744363995911,0.10644125910289078,0.34855093668835685
270,EL038,PHL9,pH_L9,LM,concat,1,\\nasac-m2.unige.ch\m-HumanNeuronLab\ANALYSIS\FLM\Analysis_LoraFanda\01_FBM_Analysis\outputs\04_ersp_LM_RAWONLY\EL038\LM\ERSP_matrix\audio\EL038_audio_WM_ERSP_pH_L9_TN.npy,\\nasac-m2.unige.ch\m-HumanNeuronLab\ANALYSIS\FLM\Analysis_LoraFanda\01_FBM_Analysis\outputs\04_ersp_LM_RAWONLY\EL038\LM\ERSP_matrix\audio\EL038_audio_WM_ERSP_pH_L9_TN.npy,\\nasac-m2.unige.ch\m-HumanNeuronLab\ANALYSIS\FLM\Analysis_LoraFanda\01_FBM_Analysis\outputs\04_ersp_LM_RAWONLY\EL038\LM\ERSP_matrix\picture\EL038_picture_WM_ERSP_pH_L9_TN.npy,\\nasac-m2.unige.ch\m-HumanNeuronLab\ANALYSIS\FLM\Analysis_LoraFanda\01_FBM_Analysis\outputs\04_ersp_LM_RAWONLY\EL038\LM\ERSP_matrix\reading\EL038_reading_WM_ERSP_pH_L9_TN.npy,1,0.23208866,1,EL038|PHL9,0.25377961728973003,0.16542788464332694,0.11136558724451597,4.282920360667803e-05,0.20813648055350256,0.22313341956651164,0.03811418149880603
271,EL038,PHR11,pH_R11,LM,concat,1,\\nasac-m2.unige.ch\m-HumanNeuronLab\ANALYSIS\FLM\Analysis_LoraFanda\01_FBM_Analysis\outputs\04_ersp_LM_RAWONLY\EL038\LM\ERSP_matrix\audio\EL038_audio_WM_ERSP_pH_R11_TN.npy,\\nasac-m2.unige.ch\m-HumanNeuronLab\ANALYSIS\FLM\Analysis_LoraFanda\01_FBM_Analysis\outputs\04_ersp_LM_RAWONLY\EL038\LM\ERSP_matrix\audio\EL038_audio_WM_ERSP_pH_R11_TN.npy,\\nasac-m2.unige.ch\m-HumanNeuronLab\ANALYSIS\FLM\Analysis_LoraFanda\01_FBM_Analysis\outputs\04_ersp_LM_RAWONLY\EL038\LM\ERSP_matrix\picture\EL038_picture_WM_ERSP_pH_R11_TN.npy,\\nasac-m2.unige.ch\m-HumanNeuronLab\ANALYSIS\FLM\Analysis_LoraFanda\01_FBM_Analysis\outputs\04_ersp_LM_RAWONLY\EL038\LM\ERSP_matrix\reading\EL038_reading_WM_ERSP_pH_R11_TN.npy,1,0.30343223,1,EL038|PHR11,0.062470213390618486,0.19336875254939506,0.1446876255544402,0.1047303090899719,0.2666660182625928,0.2280583907566964,1.8690396285138912e-05
272,EL038,PHR6,pH_R6,LM,concat,1,\\nasac-m2.unige.ch\m-HumanNeuronLab\ANALYSIS\FLM\Analysis_LoraFanda\01_FBM_Analysis\outputs\04_ersp_LM_RAWONLY\EL038\LM\ERSP_matrix\audio\EL038_audio_WM_ERSP_pH_R6_TN.npy,\\nasac-m2.unige.ch\m-HumanNeuronLab\ANALYSIS\FLM\Analysis_LoraFanda\01_FBM_Analysis\outputs\04_ersp_LM_RAWONLY\EL038\LM\ERSP_matrix\audio\EL038_audio_WM_ERSP_pH_R6_TN.npy,\\nasac-m2.unige.ch\m-HumanNeuronLab\ANALYSIS\FLM\Analysis_LoraFanda\01_FBM_Analysis\outputs\04_ersp_LM_RAWONLY\EL038\LM\ERSP_matrix\picture\EL038_picture_WM_ERSP_pH_R6_TN.npy,\\nasac-m2.unige.ch\m-HumanNeuronLab\ANALYSIS\FLM\Analysis_LoraFanda\01_FBM_Analysis\outputs\04_ersp_LM_RAWONLY\EL038\LM\ERSP_matrix\reading\EL038_reading_WM_ERSP_pH_R6_TN.npy,1,0.22674356,1,EL038|PHR6,0.07438195896383076,0.4189280965509957,0.00013832880773773318,6.965643658445787e-05,0.42584297128691156,0.0008170386617223799,0.07982194929221724
273,EL040,AHL11,aH_L11,LM,concat,3,\\nasac-m2.unige.ch\m-HumanNeuronLab\ANALYSIS\FLM\Analysis_LoraFanda\01_FBM_Analysis\outputs\04_ersp_LM_RAWONLY\EL040\LM\ERSP_matrix\audio\EL040_audio_WM_ERSP_aH_L11_TN.npy,\\nasac-m2.unige.ch\m-HumanNeuronLab\ANALYSIS\FLM\Analysis_LoraFanda\01_FBM_Analysis\outputs\04_ersp_LM_RAWONLY\EL040\LM\ERSP_matrix\audio\EL040_audio_WM_ERSP_aH_L11_TN.npy,\\nasac-m2.unige.ch\m-HumanNeuronLab\ANALYSIS\FLM\Analysis_LoraFanda\01_FBM_Analysis\outputs\04_ersp_LM_RAWONLY\EL040\LM\ERSP_matrix\picture\EL040_picture_WM_ERSP_aH_L11_TN.npy,\\nasac-m2.unige.ch\m-HumanNeuronLab\ANALYSIS\FLM\Analysis_LoraFanda\01_FBM_Analysis\outputs\04_ersp_LM_RAWONLY\EL040\LM\ERSP_matrix\reading\EL040_reading_WM_ERSP_aH_L11_TN.npy,3,0.2009069,3,EL040|AHL11,0.1105232573217435,0.1247988674469939,0.02256337440866383,0.009545740968261614,0.4203293935501271,0.19287673689758883,0.11936262940662133
274,EL040,AHL12,aH_L12,LM,concat,3,\\nasac-m2.unige.ch\m-HumanNeuronLab\ANALYSIS\FLM\Analysis_LoraFanda\01_FBM_Analysis\outputs\04_ersp_LM_RAWONLY\EL040\LM\ERSP_matrix\audio\EL040_audio_WM_ERSP_aH_L12_TN.npy,\\nasac-m2.unige.ch\m-HumanNeuronLab\ANALYSIS\FLM\Analysis_LoraFanda\01_FBM_Analysis\outputs\04_ersp_LM_RAWONLY\EL040\LM\ERSP_matrix\audio\EL040_audio_WM_ERSP_aH_L12_TN.npy,\\nasac-m2.unige.ch\m-HumanNeuronLab\ANALYSIS\FLM\Analysis_LoraFanda\01_FBM_Analysis\outputs\04_ersp_LM_RAWONLY\EL040\LM\ERSP_matrix\picture\EL040_picture_WM_ERSP_aH_L12_TN.npy,\\nasac-m2.unige.ch\m-HumanNeuronLab\ANALYSIS\FLM\Analysis_LoraFanda\01_FBM_Analysis\outputs\04_ersp_LM_RAWONLY\EL040\LM\ERSP_matrix\reading\EL040_reading_WM_ERSP_aH_L12_TN.npy,3,0.18370211,3,EL040|AHL12,0.1232240747185452,0.09434998112754524,0.0729845578936633,0.015336518036489563,0.38493908175900243,0.17941003222726848,0.12975575423748587
275,EL040,AHL7,aH_L7,LM,concat,3,\\nasac-m2.unige.ch\m-HumanNeuronLab\ANALYSIS\FLM\Analysis_LoraFanda\01_FBM_Analysis\outputs\04_ersp_LM_RAWONLY\EL040\LM\ERSP_matrix\audio\EL040_audio_WM_ERSP_aH_L7_TN.npy,\\nasac-m2.unige.ch\m-HumanNeuronLab\ANALYSIS\FLM\Analysis_LoraFanda\01_FBM_Analysis\outputs\04_ersp_LM_RAWONLY\EL040\LM\ERSP_matrix\audio\EL040_audio_WM_ERSP_aH_L7_TN.npy,\\nasac-m2.unige.ch\m-HumanNeuronLab\ANALYSIS\FLM\Analysis_LoraFanda\01_FBM_Analysis\outputs\04_ersp_LM_RAWONLY\EL040\LM\ERSP_matrix\picture\EL040_picture_WM_ERSP_aH_L7_TN.npy,\\nasac-m2.unige.ch\m-HumanNeuronLab\ANALYSIS\FLM\Analysis_LoraFanda\01_FBM_Analysis\outputs\04_ersp_LM_RAWONLY\EL040\LM\ERSP_matrix\reading\EL040_reading_WM_ERSP_aH_L7_TN.npy,3,-0.08634829,3,EL040|AHL7,0.03854814655088017,0.1269155355331742,0.003468731242147723,0.046505465222717826,0.45361870520680037,0.006891087527531565,0.3240523287167482
276,EL040,AHL8,aH_L8,LM,concat,3,\\nasac-m2.unige.ch\m-HumanNeuronLab\ANALYSIS\FLM\Analysis_LoraFanda\01_FBM_Analysis\outputs\04_ersp_LM_RAWONLY\EL040\LM\ERSP_matrix\audio\EL040_audio_WM_ERSP_aH_L8_TN.npy,\\nasac-m2.unige.ch\m-HumanNeuronLab\ANALYSIS\FLM\Analysis_LoraFanda\01_FBM_Analysis\outputs\04_ersp_LM_RAWONLY\EL040\LM\ERSP_matrix\audio\EL040_audio_WM_ERSP_aH_L8_TN.npy,\\nasac-m2.unige.ch\m-HumanNeuronLab\ANALYSIS\FLM\Analysis_LoraFanda\01_FBM_Analysis\outputs\04_ersp_LM_RAWONLY\EL040\LM\ERSP_matrix\picture\EL040_picture_WM_ERSP_aH_L8_TN.npy,\\nasac-m2.unige.ch\m-HumanNeuronLab\ANALYSIS\FLM\Analysis_LoraFanda\01_FBM_Analysis\outputs\04_ersp_LM_RAWONLY\EL040\LM\ERSP_matrix\reading\EL040_reading_WM_ERSP_aH_L8_TN.npy,3,-0.0937918,3,EL040|AHL8,0.030254240163496537,0.12989986487068889,0.10636023263172432,0.0021238837426874216,0.4639867041342498,0.02874667563701287,0.23862839882014034
277,EL040,AHL9,aH_L9,LM,concat,3,\\nasac-m2.unige.ch\m-HumanNeuronLab\ANALYSIS\FLM\Analysis_LoraFanda\01_FBM_Analysis\outputs\04_ersp_LM_RAWONLY\EL040\LM\ERSP_matrix\audio\EL040_audio_WM_ERSP_aH_L9_TN.npy,\\nasac-m2.unige.ch\m-HumanNeuronLab\ANALYSIS\FLM\Analysis_LoraFanda\01_FBM_Analysis\outputs\04_ersp_LM_RAWONLY\EL040\LM\ERSP_matrix\audio\EL040_audio_WM_ERSP_aH_L9_TN.npy,\\nasac-m2.unige.ch\m-HumanNeuronLab\ANALYSIS\FLM\Analysis_LoraFanda\01_FBM_Analysis\outputs\04_ersp_LM_RAWONLY\EL040\LM\ERSP_matrix\picture\EL040_picture_WM_ERSP_aH_L9_TN.npy,\\nasac-m2.unige.ch\m-HumanNeuronLab\ANALYSIS\FLM\Analysis_LoraFanda\01_FBM_Analysis\outputs\04_ersp_LM_RAWONLY\EL040\LM\ERSP_matrix\reading\EL040_reading_WM_ERSP_aH_L9_TN.npy,3,-0.07519711,3,EL040|AHL9,0.13656685379252773,0.11713583284882603,0.02668864726457705,0.001070599761964857,0.4387195094675391,0.12941008259462186,0.15040847426994342
278,EL040,AHR12,aH_R12,LM,concat,1,\\nasac-m2.unige.ch\m-HumanNeuronLab\ANALYSIS\FLM\Analysis_LoraFanda\01_FBM_Analysis\outputs\04_ersp_LM_RAWONLY\EL040\LM\ERSP_matrix\audio\EL040_audio_WM_ERSP_aH_R12_TN.npy,\\nasac-m2.unige.ch\m-HumanNeuronLab\ANALYSIS\FLM\Analysis_LoraFanda\01_FBM_Analysis\outputs\04_ersp_LM_RAWONLY\EL040\LM\ERSP_matrix\audio\EL040_audio_WM_ERSP_aH_R12_TN.npy,\\nasac-m2.unige.ch\m-HumanNeuronLab\ANALYSIS\FLM\Analysis_LoraFanda\01_FBM_Analysis\outputs\04_ersp_LM_RAWONLY\EL040\LM\ERSP_matrix\picture\EL040_picture_WM_ERSP_aH_R12_TN.npy,\\nasac-m2.unige.ch\m-HumanNeuronLab\ANALYSIS\FLM\Analysis_LoraFanda\01_FBM_Analysis\outputs\04_ersp_LM_RAWONLY\EL040\LM\ERSP_matrix\reading\EL040_reading_WM_ERSP_aH_R12_TN.npy,2,-0.07087157,2,EL040|AHR12,0.1526607602770929,0.1310625924622234,1.7654603558628148e-13,0.2553036998936188,0.3553517909107536,0.09154328386603273,0.014077872590102009
279,EL040,AHR13,aH_R13,LM,concat,3,\\nasac-m2.unige.ch\m-HumanNeuronLab\ANALYSIS\FLM\Analysis_LoraFanda\01_FBM_Analysis\outputs\04_ersp_LM_RAWONLY\EL040\LM\ERSP_matrix\audio\EL040_audio_WM_ERSP_aH_R13_TN.npy,\\nasac-m2.unige.ch\m-HumanNeuronLab\ANALYSIS\FLM\Analysis_LoraFanda\01_FBM_Analysis\outputs\04_ersp_LM_RAWONLY\EL040\LM\ERSP_matrix\audio\EL040_audio_WM_ERSP_aH_R13_TN.npy,\\nasac-m2.unige.ch\m-HumanNeuronLab\ANALYSIS\FLM\Analysis_LoraFanda\01_FBM_Analysis\outputs\04_ersp_LM_RAWONLY\EL040\LM\ERSP_matrix\picture\EL040_picture_WM_ERSP_aH_R13_TN.npy,\\nasac-m2.unige.ch\m-HumanNeuronLab\ANALYSIS\FLM\Analysis_LoraFanda\01_FBM_Analysis\outputs\04_ersp_LM_RAWONLY\EL040\LM\ERSP_matrix\reading\EL040_reading_WM_ERSP_aH_R13_TN.npy,3,0.035417598,3,EL040|AHR13,0.1969175744253471,0.11589573818286897,3.822431726217562e-12,0.21571988792407495,0.46316811855794454,0.0008827146287724484,0.007415966277169664
280,EL040,AHR6,aH_R6,LM,concat,1,\\nasac-m2.unige.ch\m-HumanNeuronLab\ANALYSIS\FLM\Analysis_LoraFanda\01_FBM_Analysis\outputs\04_ersp_LM_RAWONLY\EL040\LM\ERSP_matrix\audio\EL040_audio_WM_ERSP_aH_R6_TN.npy,\\nasac-m2.unige.ch\m-HumanNeuronLab\ANALYSIS\FLM\Analysis_LoraFanda\01_FBM_Analysis\outputs\04_ersp_LM_RAWONLY\EL040\LM\ERSP_matrix\audio\EL040_audio_WM_ERSP_aH_R6_TN.npy,\\nasac-m2.unige.ch\m-HumanNeuronLab\ANALYSIS\FLM\Analysis_LoraFanda\01_FBM_Analysis\outputs\04_ersp_LM_RAWONLY\EL040\LM\ERSP_matrix\picture\EL040_picture_WM_ERSP_aH_R6_TN.npy,\\nasac-m2.unige.ch\m-HumanNeuronLab\ANALYSIS\FLM\Analysis_LoraFanda\01_FBM_Analysis\outputs\04_ersp_LM_RAWONLY\EL040\LM\ERSP_matrix\reading\EL040_reading_WM_ERSP_aH_R6_TN.npy,1,0.26263914,1,EL040|AHR6,0.2215098388516205,0.13914470897937017,5.684927260103062e-12,0.14211094378689512,0.2871985779692134,7.32420157558219e-05,0.2099626883914602
281,EL040,AHR7,aH_R7,LM,concat,1,\\nasac-m2.unige.ch\m-HumanNeuronLab\ANALYSIS\FLM\Analysis_LoraFanda\01_FBM_Analysis\outputs\04_ersp_LM_RAWONLY\EL040\LM\ERSP_matrix\audio\EL040_audio_WM_ERSP_aH_R7_TN.npy,\\nasac-m2.unige.ch\m-HumanNeuronLab\ANALYSIS\FLM\Analysis_LoraFanda\01_FBM_Analysis\outputs\04_ersp_LM_RAWONLY\EL040\LM\ERSP_matrix\audio\EL040_audio_WM_ERSP_aH_R7_TN.npy,\\nasac-m2.unige.ch\m-HumanNeuronLab\ANALYSIS\FLM\Analysis_LoraFanda\01_FBM_Analysis\outputs\04_ersp_LM_RAWONLY\EL040\LM\ERSP_matrix\picture\EL040_picture_WM_ERSP_aH_R7_TN.npy,\\nasac-m2.unige.ch\m-HumanNeuronLab\ANALYSIS\FLM\Analysis_LoraFanda\01_FBM_Analysis\outputs\04_ersp_LM_RAWONLY\EL040\LM\ERSP_matrix\reading\EL040_reading_WM_ERSP_aH_R7_TN.npy,1,0.22838922,1,EL040|AHR7,0.07235125895238173,0.16891806486924987,0.02527199116642937,0.02473457162884861,0.46631730547579076,0.005271638443470779,0.23713516946382882
282,EL040,FPR1,FP_R1,LM,concat,3,\\nasac-m2.unige.ch\m-HumanNeuronLab\ANALYSIS\FLM\Analysis_LoraFanda\01_FBM_Analysis\outputs\04_ersp_LM_RAWONLY\EL040\LM\ERSP_matrix\audio\EL040_audio_WM_ERSP_FP_R1_TN.npy,\\nasac-m2.unige.ch\m-HumanNeuronLab\ANALYSIS\FLM\Analysis_LoraFanda\01_FBM_Analysis\outputs\04_ersp_LM_RAWONLY\EL040\LM\ERSP_matrix\audio\EL040_audio_WM_ERSP_FP_R1_TN.npy,\\nasac-m2.unige.ch\m-HumanNeuronLab\ANALYSIS\FLM\Analysis_LoraFanda\01_FBM_Analysis\outputs\04_ersp_LM_RAWONLY\EL040\LM\ERSP_matrix\picture\EL040_picture_WM_ERSP_FP_R1_TN.npy,\\nasac-m2.unige.ch\m-HumanNeuronLab\ANALYSIS\FLM\Analysis_LoraFanda\01_FBM_Analysis\outputs\04_ersp_LM_RAWONLY\EL040\LM\ERSP_matrix\reading\EL040_reading_WM_ERSP_FP_R1_TN.npy,1,0.17989658,1,EL040|FPR1,6.01451677838043e-20,2.36615312481814e-08,0.5952495657912178,0.2922783785531314,0.11247182227315079,2.6580902254530952e-08,1.8314006639373515e-07
283,EL040,FPR5,FP_R5,LM,concat,1,\\nasac-m2.unige.ch\m-HumanNeuronLab\ANALYSIS\FLM\Analysis_LoraFanda\01_FBM_Analysis\outputs\04_ersp_LM_RAWONLY\EL040\LM\ERSP_matrix\audio\EL040_audio_WM_ERSP_FP_R5_TN.npy,\\nasac-m2.unige.ch\m-HumanNeuronLab\ANALYSIS\FLM\Analysis_LoraFanda\01_FBM_Analysis\outputs\04_ersp_LM_RAWONLY\EL040\LM\ERSP_matrix\audio\EL040_audio_WM_ERSP_FP_R5_TN.npy,\\nasac-m2.unige.ch\m-HumanNeuronLab\ANALYSIS\FLM\Analysis_LoraFanda\01_FBM_Analysis\outputs\04_ersp_LM_RAWONLY\EL040\LM\ERSP_matrix\picture\EL040_picture_WM_ERSP_FP_R5_TN.npy,\\nasac-m2.unige.ch\m-HumanNeuronLab\ANALYSIS\FLM\Analysis_LoraFanda\01_FBM_Analysis\outputs\04_ersp_LM_RAWONLY\EL040\LM\ERSP_matrix\reading\EL040_reading_WM_ERSP_FP_R5_TN.npy,1,0.302495,1,EL040|FPR5,0.14613767175047904,7.128686158027814e-12,0.5140827645643652,0.10360030296065932,0.23612530729370518,4.409868409486125e-19,5.395342366249016e-05
284,EL040,INHR17,iNH_R17,LM,concat,3,\\nasac-m2.unige.ch\m-HumanNeuronLab\ANALYSIS\FLM\Analysis_LoraFanda\01_FBM_Analysis\outputs\04_ersp_LM_RAWONLY\EL040\LM\ERSP_matrix\audio\EL040_audio_WM_ERSP_iNH_R17_TN.npy,\\nasac-m2.unige.ch\m-HumanNeuronLab\ANALYSIS\FLM\Analysis_LoraFanda\01_FBM_Analysis\outputs\04_ersp_LM_RAWONLY\EL040\LM\ERSP_matrix\audio\EL040_audio_WM_ERSP_iNH_R17_TN.npy,\\nasac-m2.unige.ch\m-HumanNeuronLab\ANALYSIS\FLM\Analysis_LoraFanda\01_FBM_Analysis\outputs\04_ersp_LM_RAWONLY\EL040\LM\ERSP_matrix\picture\EL040_picture_WM_ERSP_iNH_R17_TN.npy,\\nasac-m2.unige.ch\m-HumanNeuronLab\ANALYSIS\FLM\Analysis_LoraFanda\01_FBM_Analysis\outputs\04_ersp_LM_RAWONLY\EL040\LM\ERSP_matrix\reading\EL040_reading_WM_ERSP_iNH_R17_TN.npy,0,0.0016019462,0,EL040|INHR17,0.4979979238966994,3.136547048441244e-07,0.05408654870395801,0.00473815535190507,0.06387031039550939,0.16600848049329964,0.21329826750392347
285,EL040,INHR18,iNH_R18,LM,concat,3,\\nasac-m2.unige.ch\m-HumanNeuronLab\ANALYSIS\FLM\Analysis_LoraFanda\01_FBM_Analysis\outputs\04_ersp_LM_RAWONLY\EL040\LM\ERSP_matrix\audio\EL040_audio_WM_ERSP_iNH_R18_TN.npy,\\nasac-m2.unige.ch\m-HumanNeuronLab\ANALYSIS\FLM\Analysis_LoraFanda\01_FBM_Analysis\outputs\04_ersp_LM_RAWONLY\EL040\LM\ERSP_matrix\audio\EL040_audio_WM_ERSP_iNH_R18_TN.npy,\\nasac-m2.unige.ch\m-HumanNeuronLab\ANALYSIS\FLM\Analysis_LoraFanda\01_FBM_Analysis\outputs\04_ersp_LM_RAWONLY\EL040\LM\ERSP_matrix\picture\EL040_picture_WM_ERSP_iNH_R18_TN.npy,\\nasac-m2.unige.ch\m-HumanNeuronLab\ANALYSIS\FLM\Analysis_LoraFanda\01_FBM_Analysis\outputs\04_ersp_LM_RAWONLY\EL040\LM\ERSP_matrix\reading\EL040_reading_WM_ERSP_iNH_R18_TN.npy,0,-0.01907142,0,EL040|INHR18,0.42758768031767064,0.014063451056752246,0.034981872992278305,0.02601247054286933,0.20794559836785062,0.11671402925413399,0.17269489746844488
286,EL040,IPVHR1,iPVH_R1,LM,concat,1,\\nasac-m2.unige.ch\m-HumanNeuronLab\ANALYSIS\FLM\Analysis_LoraFanda\01_FBM_Analysis\outputs\04_ersp_LM_RAWONLY\EL040\LM\ERSP_matrix\audio\EL040_audio_WM_ERSP_iPVH_R1_TN.npy,\\nasac-m2.unige.ch\m-HumanNeuronLab\ANALYSIS\FLM\Analysis_LoraFanda\01_FBM_Analysis\outputs\04_ersp_LM_RAWONLY\EL040\LM\ERSP_matrix\audio\EL040_audio_WM_ERSP_iPVH_R1_TN.npy,\\nasac-m2.unige.ch\m-HumanNeuronLab\ANALYSIS\FLM\Analysis_LoraFanda\01_FBM_Analysis\outputs\04_ersp_LM_RAWONLY\EL040\LM\ERSP_matrix\picture\EL040_picture_WM_ERSP_iPVH_R1_TN.npy,\\nasac-m2.unige.ch\m-HumanNeuronLab\ANALYSIS\FLM\Analysis_LoraFanda\01_FBM_Analysis\outputs\04_ersp_LM_RAWONLY\EL040\LM\ERSP_matrix\reading\EL040_reading_WM_ERSP_iPVH_R1_TN.npy,1,0.3443117,1,EL040|IPVHR1,0.11561894688218384,0.14597634293737188,0.22568503000322054,3.6328459280336705e-05,0.2607599158382629,4.7325894286065446e-05,0.25187610998539434
287,EL040,IPVHR2,iPVH_R2,LM,concat,2,\\nasac-m2.unige.ch\m-HumanNeuronLab\ANALYSIS\FLM\Analysis_LoraFanda\01_FBM_Analysis\outputs\04_ersp_LM_RAWONLY\EL040\LM\ERSP_matrix\audio\EL040_audio_WM_ERSP_iPVH_R2_TN.npy,\\nasac-m2.unige.ch\m-HumanNeuronLab\ANALYSIS\FLM\Analysis_LoraFanda\01_FBM_Analysis\outputs\04_ersp_LM_RAWONLY\EL040\LM\ERSP_matrix\audio\EL040_audio_WM_ERSP_iPVH_R2_TN.npy,\\nasac-m2.unige.ch\m-HumanNeuronLab\ANALYSIS\FLM\Analysis_LoraFanda\01_FBM_Analysis\outputs\04_ersp_LM_RAWONLY\EL040\LM\ERSP_matrix\picture\EL040_picture_WM_ERSP_iPVH_R2_TN.npy,\\nasac-m2.unige.ch\m-HumanNeuronLab\ANALYSIS\FLM\Analysis_LoraFanda\01_FBM_Analysis\outputs\04_ersp_LM_RAWONLY\EL040\LM\ERSP_matrix\reading\EL040_reading_WM_ERSP_iPVH_R2_TN.npy,1,0.3198259,1,EL040|IPVHR2,0.21027750021349778,0.00013863989982642878,0.37640985771881325,0.01067836764661707,0.3343257855346912,0.06816977014469096,7.884186316231592e-08
288,EL040,OFR1,OF_R1,LM,concat,1,\\nasac-m2.unige.ch\m-HumanNeuronLab\ANALYSIS\FLM\Analysis_LoraFanda\01_FBM_Analysis\outputs\04_ersp_LM_RAWONLY\EL040\LM\ERSP_matrix\audio\EL040_audio_WM_ERSP_OF_R1_TN.npy,\\nasac-m2.unige.ch\m-HumanNeuronLab\ANALYSIS\FLM\Analysis_LoraFanda\01_FBM_Analysis\outputs\04_ersp_LM_RAWONLY\EL040\LM\ERSP_matrix\audio\EL040_audio_WM_ERSP_OF_R1_TN.npy,\\nasac-m2.unige.ch\m-HumanNeuronLab\ANALYSIS\FLM\Analysis_LoraFanda\01_FBM_Analysis\outputs\04_ersp_LM_RAWONLY\EL040\LM\ERSP_matrix\picture\EL040_picture_WM_ERSP_OF_R1_TN.npy,\\nasac-m2.unige.ch\m-HumanNeuronLab\ANALYSIS\FLM\Analysis_LoraFanda\01_FBM_Analysis\outputs\04_ersp_LM_RAWONLY\EL040\LM\ERSP_matrix\reading\EL040_reading_WM_ERSP_OF_R1_TN.npy,1,0.30442858,1,EL040|OFR1,0.1369789954585279,0.21535745568509018,2.672608303882646e-15,0.08626338932030915,0.49689425140054405,0.0557320941796014,0.008773813955924801
289,EL040,OFR7,OF_R7,LM,concat,1,\\nasac-m2.unige.ch\m-HumanNeuronLab\ANALYSIS\FLM\Analysis_LoraFanda\01_FBM_Analysis\outputs\04_ersp_LM_RAWONLY\EL040\LM\ERSP_matrix\audio\EL040_audio_WM_ERSP_OF_R7_TN.npy,\\nasac-m2.unige.ch\m-HumanNeuronLab\ANALYSIS\FLM\Analysis_LoraFanda\01_FBM_Analysis\outputs\04_ersp_LM_RAWONLY\EL040\LM\ERSP_matrix\audio\EL040_audio_WM_ERSP_OF_R7_TN.npy,\\nasac-m2.unige.ch\m-HumanNeuronLab\ANALYSIS\FLM\Analysis_LoraFanda\01_FBM_Analysis\outputs\04_ersp_LM_RAWONLY\EL040\LM\ERSP_matrix\picture\EL040_picture_WM_ERSP_OF_R7_TN.npy,\\nasac-m2.unige.ch\m-HumanNeuronLab\ANALYSIS\FLM\Analysis_LoraFanda\01_FBM_Analysis\outputs\04_ersp_LM_RAWONLY\EL040\LM\ERSP_matrix\reading\EL040_reading_WM_ERSP_OF_R7_TN.npy,1,0.32992083,1,EL040|OFR7,6.790530814674487e-34,0.2789542324603212,0.5547213359090474,3.397929257852463e-08,2.7372195189021694e-07,3.978477575980375e-30,0.166324123929387
290,EL040,PHGR12,PHG_R12,LM,concat,3,\\nasac-m2.unige.ch\m-HumanNeuronLab\ANALYSIS\FLM\Analysis_LoraFanda\01_FBM_Analysis\outputs\04_ersp_LM_RAWONLY\EL040\LM\ERSP_matrix\audio\EL040_audio_WM_ERSP_PHG_R12_TN.npy,\\nasac-m2.unige.ch\m-HumanNeuronLab\ANALYSIS\FLM\Analysis_LoraFanda\01_FBM_Analysis\outputs\04_ersp_LM_RAWONLY\EL040\LM\ERSP_matrix\audio\EL040_audio_WM_ERSP_PHG_R12_TN.npy,\\nasac-m2.unige.ch\m-HumanNeuronLab\ANALYSIS\FLM\Analysis_LoraFanda\01_FBM_Analysis\outputs\04_ersp_LM_RAWONLY\EL040\LM\ERSP_matrix\picture\EL040_picture_WM_ERSP_PHG_R12_TN.npy,\\nasac-m2.unige.ch\m-HumanNeuronLab\ANALYSIS\FLM\Analysis_LoraFanda\01_FBM_Analysis\outputs\04_ersp_LM_RAWONLY\EL040\LM\ERSP_matrix\reading\EL040_reading_WM_ERSP_PHG_R12_TN.npy,3,-0.0050676577,3,EL040|PHGR12,0.05707566826276067,0.06172545232406202,1.4416574546775044e-05,0.18637066501783572,0.6178506448421599,0.0475890933627708,0.029374059615864177
291,EL040,PHR10,pH_R10,LM,concat,1,\\nasac-m2.unige.ch\m-HumanNeuronLab\ANALYSIS\FLM\Analysis_LoraFanda\01_FBM_Analysis\outputs\04_ersp_LM_RAWONLY\EL040\LM\ERSP_matrix\audio\EL040_audio_WM_ERSP_pH_R10_TN.npy,\\nasac-m2.unige.ch\m-HumanNeuronLab\ANALYSIS\FLM\Analysis_LoraFanda\01_FBM_Analysis\outputs\04_ersp_LM_RAWONLY\EL040\LM\ERSP_matrix\audio\EL040_audio_WM_ERSP_pH_R10_TN.npy,\\nasac-m2.unige.ch\m-HumanNeuronLab\ANALYSIS\FLM\Analysis_LoraFanda\01_FBM_Analysis\outputs\04_ersp_LM_RAWONLY\EL040\LM\ERSP_matrix\picture\EL040_picture_WM_ERSP_pH_R10_TN.npy,\\nasac-m2.unige.ch\m-HumanNeuronLab\ANALYSIS\FLM\Analysis_LoraFanda\01_FBM_Analysis\outputs\04_ersp_LM_RAWONLY\EL040\LM\ERSP_matrix\reading\EL040_reading_WM_ERSP_pH_R10_TN.npy,1,0.29723275,1,EL040|PHR10,2.1081451857993655e-18,0.1347563151764386,8.440763075239552e-06,0.19912932134008793,0.42586700594826765,0.015568930034348815,0.22466998673778169
292,EL040,PHR11,pH_R11,LM,concat,2,\\nasac-m2.unige.ch\m-HumanNeuronLab\ANALYSIS\FLM\Analysis_LoraFanda\01_FBM_Analysis\outputs\04_ersp_LM_RAWONLY\EL040\LM\ERSP_matrix\audio\EL040_audio_WM_ERSP_pH_R11_TN.npy,\\nasac-m2.unige.ch\m-HumanNeuronLab\ANALYSIS\FLM\Analysis_LoraFanda\01_FBM_Analysis\outputs\04_ersp_LM_RAWONLY\EL040\LM\ERSP_matrix\audio\EL040_audio_WM_ERSP_pH_R11_TN.npy,\\nasac-m2.unige.ch\m-HumanNeuronLab\ANALYSIS\FLM\Analysis_LoraFanda\01_FBM_Analysis\outputs\04_ersp_LM_RAWONLY\EL040\LM\ERSP_matrix\picture\EL040_picture_WM_ERSP_pH_R11_TN.npy,\\nasac-m2.unige.ch\m-HumanNeuronLab\ANALYSIS\FLM\Analysis_LoraFanda\01_FBM_Analysis\outputs\04_ersp_LM_RAWONLY\EL040\LM\ERSP_matrix\reading\EL040_reading_WM_ERSP_pH_R11_TN.npy,1,0.27228957,1,EL040|PHR11,1.3599297547457263e-26,0.17912090555450738,0.05713080448291262,0.1679321966196074,0.44023543510521546,0.1456884456785599,0.00989221255919722
293,EL040,PHR12,pH_R12,LM,concat,3,\\nasac-m2.unige.ch\m-HumanNeuronLab\ANALYSIS\FLM\Analysis_LoraFanda\01_FBM_Analysis\outputs\04_ersp_LM_RAWONLY\EL040\LM\ERSP_matrix\audio\EL040_audio_WM_ERSP_pH_R12_TN.npy,\\nasac-m2.unige.ch\m-HumanNeuronLab\ANALYSIS\FLM\Analysis_LoraFanda\01_FBM_Analysis\outputs\04_ersp_LM_RAWONLY\EL040\LM\ERSP_matrix\audio\EL040_audio_WM_ERSP_pH_R12_TN.npy,\\nasac-m2.unige.ch\m-HumanNeuronLab\ANALYSIS\FLM\Analysis_LoraFanda\01_FBM_Analysis\outputs\04_ersp_LM_RAWONLY\EL040\LM\ERSP_matrix\picture\EL040_picture_WM_ERSP_pH_R12_TN.npy,\\nasac-m2.unige.ch\m-HumanNeuronLab\ANALYSIS\FLM\Analysis_LoraFanda\01_FBM_Analysis\outputs\04_ersp_LM_RAWONLY\EL040\LM\ERSP_matrix\reading\EL040_reading_WM_ERSP_pH_R12_TN.npy,1,0.1949997,1,EL040|PHR12,1.518418292652555e-17,0.18410786953840538,0.004933589012952825,0.05074736020772335,0.47455866994994284,0.1024154531364071,0.1832370581545686
294,EL040,PHR13,pH_R13,LM,concat,3,\\nasac-m2.unige.ch\m-HumanNeuronLab\ANALYSIS\FLM\Analysis_LoraFanda\01_FBM_Analysis\outputs\04_ersp_LM_RAWONLY\EL040\LM\ERSP_matrix\audio\EL040_audio_WM_ERSP_pH_R13_TN.npy,\\nasac-m2.unige.ch\m-HumanNeuronLab\ANALYSIS\FLM\Analysis_LoraFanda\01_FBM_Analysis\outputs\04_ersp_LM_RAWONLY\EL040\LM\ERSP_matrix\audio\EL040_audio_WM_ERSP_pH_R13_TN.npy,\\nasac-m2.unige.ch\m-HumanNeuronLab\ANALYSIS\FLM\Analysis_LoraFanda\01_FBM_Analysis\outputs\04_ersp_LM_RAWONLY\EL040\LM\ERSP_matrix\picture\EL040_picture_WM_ERSP_pH_R13_TN.npy,\\nasac-m2.unige.ch\m-HumanNeuronLab\ANALYSIS\FLM\Analysis_LoraFanda\01_FBM_Analysis\outputs\04_ersp_LM_RAWONLY\EL040\LM\ERSP_matrix\reading\EL040_reading_WM_ERSP_pH_R13_TN.npy,3,0.096398324,3,EL040|PHR13,6.269328506976036e-14,0.12428955405572008,0.07168154838794882,0.06584172087431842,0.4789368667746673,0.11571297713620349,0.14353733277107916
295,EL040,PHR14,pH_R14,LM,concat,3,\\nasac-m2.unige.ch\m-HumanNeuronLab\ANALYSIS\FLM\Analysis_LoraFanda\01_FBM_Analysis\outputs\04_ersp_LM_RAWONLY\EL040\LM\ERSP_matrix\audio\EL040_audio_WM_ERSP_pH_R14_TN.npy,\\nasac-m2.unige.ch\m-HumanNeuronLab\ANALYSIS\FLM\Analysis_LoraFanda\01_FBM_Analysis\outputs\04_ersp_LM_RAWONLY\EL040\LM\ERSP_matrix\audio\EL040_audio_WM_ERSP_pH_R14_TN.npy,\\nasac-m2.unige.ch\m-HumanNeuronLab\ANALYSIS\FLM\Analysis_LoraFanda\01_FBM_Analysis\outputs\04_ersp_LM_RAWONLY\EL040\LM\ERSP_matrix\picture\EL040_picture_WM_ERSP_pH_R14_TN.npy,\\nasac-m2.unige.ch\m-HumanNeuronLab\ANALYSIS\FLM\Analysis_LoraFanda\01_FBM_Analysis\outputs\04_ersp_LM_RAWONLY\EL040\LM\ERSP_matrix\reading\EL040_reading_WM_ERSP_pH_R14_TN.npy,3,0.17627884,3,EL040|PHR14,6.379598082130254e-09,0.11169154798218314,0.026505370372636065,0.05676587243370148,0.5749755553231448,0.13218892341044813,0.09787272409828827
296,EL040,PPVHL16,pPVH_L16,LM,concat,3,\\nasac-m2.unige.ch\m-HumanNeuronLab\ANALYSIS\FLM\Analysis_LoraFanda\01_FBM_Analysis\outputs\04_ersp_LM_RAWONLY\EL040\LM\ERSP_matrix\audio\EL040_audio_WM_ERSP_pPVH_L16_TN.npy,\\nasac-m2.unige.ch\m-HumanNeuronLab\ANALYSIS\FLM\Analysis_LoraFanda\01_FBM_Analysis\outputs\04_ersp_LM_RAWONLY\EL040\LM\ERSP_matrix\audio\EL040_audio_WM_ERSP_pPVH_L16_TN.npy,\\nasac-m2.unige.ch\m-HumanNeuronLab\ANALYSIS\FLM\Analysis_LoraFanda\01_FBM_Analysis\outputs\04_ersp_LM_RAWONLY\EL040\LM\ERSP_matrix\picture\EL040_picture_WM_ERSP_pPVH_L16_TN.npy,\\nasac-m2.unige.ch\m-HumanNeuronLab\ANALYSIS\FLM\Analysis_LoraFanda\01_FBM_Analysis\outputs\04_ersp_LM_RAWONLY\EL040\LM\ERSP_matrix\reading\EL040_reading_WM_ERSP_pPVH_L16_TN.npy,3,0.17475477,3,EL040|PPVHL16,0.149884582501363,0.1070376309757159,1.7123606804228123e-07,0.0362175871429468,0.38708093441523006,0.15531777014180323,0.1644613235868729
297,EL040,STGR10,STG_R10,LM,concat,3,\\nasac-m2.unige.ch\m-HumanNeuronLab\ANALYSIS\FLM\Analysis_LoraFanda\01_FBM_Analysis\outputs\04_ersp_LM_RAWONLY\EL040\LM\ERSP_matrix\audio\EL040_audio_WM_ERSP_STG_R10_TN.npy,\\nasac-m2.unige.ch\m-HumanNeuronLab\ANALYSIS\FLM\Analysis_LoraFanda\01_FBM_Analysis\outputs\04_ersp_LM_RAWONLY\EL040\LM\ERSP_matrix\audio\EL040_audio_WM_ERSP_STG_R10_TN.npy,\\nasac-m2.unige.ch\m-HumanNeuronLab\ANALYSIS\FLM\Analysis_LoraFanda\01_FBM_Analysis\outputs\04_ersp_LM_RAWONLY\EL040\LM\ERSP_matrix\picture\EL040_picture_WM_ERSP_STG_R10_TN.npy,\\nasac-m2.unige.ch\m-HumanNeuronLab\ANALYSIS\FLM\Analysis_LoraFanda\01_FBM_Analysis\outputs\04_ersp_LM_RAWONLY\EL040\LM\ERSP_matrix\reading\EL040_reading_WM_ERSP_STG_R10_TN.npy,2,0.015799338,2,EL040|STGR10,0.00028043614677172917,0.12990862093959463,3.940809366862007e-13,0.27153569795262195,0.5747760096146426,2.921524801475808e-07,0.02349894319349477
298,EL040,STGR3,STG_R3,LM,concat,1,\\nasac-m2.unige.ch\m-HumanNeuronLab\ANALYSIS\FLM\Analysis_LoraFanda\01_FBM_Analysis\outputs\04_ersp_LM_RAWONLY\EL040\LM\ERSP_matrix\audio\EL040_audio_WM_ERSP_STG_R3_TN.npy,\\nasac-m2.unige.ch\m-HumanNeuronLab\ANALYSIS\FLM\Analysis_LoraFanda\01_FBM_Analysis\outputs\04_ersp_LM_RAWONLY\EL040\LM\ERSP_matrix\audio\EL040_audio_WM_ERSP_STG_R3_TN.npy,\\nasac-m2.unige.ch\m-HumanNeuronLab\ANALYSIS\FLM\Analysis_LoraFanda\01_FBM_Analysis\outputs\04_ersp_LM_RAWONLY\EL040\LM\ERSP_matrix\picture\EL040_picture_WM_ERSP_STG_R3_TN.npy,\\nasac-m2.unige.ch\m-HumanNeuronLab\ANALYSIS\FLM\Analysis_LoraFanda\01_FBM_Analysis\outputs\04_ersp_LM_RAWONLY\EL040\LM\ERSP_matrix\reading\EL040_reading_WM_ERSP_STG_R3_TN.npy,4,0.1321716,4,EL040|STGR3,1.4792900113386378e-17,0.5951352780714052,0.14003435159832334,0.08704969753539103,0.17773883124200637,2.750725493239272e-16,4.1841552873761415e-05
299,EL040,STGR4,STG_R4,LM,concat,1,\\nasac-m2.unige.ch\m-HumanNeuronLab\ANALYSIS\FLM\Analysis_LoraFanda\01_FBM_Analysis\outputs\04_ersp_LM_RAWONLY\EL040\LM\ERSP_matrix\audio\EL040_audio_WM_ERSP_STG_R4_TN.npy,\\nasac-m2.unige.ch\m-HumanNeuronLab\ANALYSIS\FLM\Analysis_LoraFanda\01_FBM_Analysis\outputs\04_ersp_LM_RAWONLY\EL040\LM\ERSP_matrix\audio\EL040_audio_WM_ERSP_STG_R4_TN.npy,\\nasac-m2.unige.ch\m-HumanNeuronLab\ANALYSIS\FLM\Analysis_LoraFanda\01_FBM_Analysis\outputs\04_ersp_LM_RAWONLY\EL040\LM\ERSP_matrix\picture\EL040_picture_WM_ERSP_STG_R4_TN.npy,\\nasac-m2.unige.ch\m-HumanNeuronLab\ANALYSIS\FLM\Analysis_LoraFanda\01_FBM_Analysis\outputs\04_ersp_LM_RAWONLY\EL040\LM\ERSP_matrix\reading\EL040_reading_WM_ERSP_STG_R4_TN.npy,4,0.13048129,4,EL040|STGR4,3.2612925417214555e-15,0.6173407182382687,0.09019176190715116,0.10724193194042418,0.18508518240489197,1.1464447049079048e-17,0.00014040550926085915
300,EL040,STGR5,STG_R5,LM,concat,1,\\nasac-m2.unige.ch\m-HumanNeuronLab\ANALYSIS\FLM\Analysis_LoraFanda\01_FBM_Analysis\outputs\04_ersp_LM_RAWONLY\EL040\LM\ERSP_matrix\audio\EL040_audio_WM_ERSP_STG_R5_TN.npy,\\nasac-m2.unige.ch\m-HumanNeuronLab\ANALYSIS\FLM\Analysis_LoraFanda\01_FBM_Analysis\outputs\04_ersp_LM_RAWONLY\EL040\LM\ERSP_matrix\audio\EL040_audio_WM_ERSP_STG_R5_TN.npy,\\nasac-m2.unige.ch\m-HumanNeuronLab\ANALYSIS\FLM\Analysis_LoraFanda\01_FBM_Analysis\outputs\04_ersp_LM_RAWONLY\EL040\LM\ERSP_matrix\picture\EL040_picture_WM_ERSP_STG_R5_TN.npy,\\nasac-m2.unige.ch\m-HumanNeuronLab\ANALYSIS\FLM\Analysis_LoraFanda\01_FBM_Analysis\outputs\04_ersp_LM_RAWONLY\EL040\LM\ERSP_matrix\reading\EL040_reading_WM_ERSP_STG_R5_TN.npy,4,0.060619697,4,EL040|STGR5,2.0393568870908462e-10,0.6421782581434736,0.023785841198107033,0.09534762630793048,0.2386330707104879,7.856776086683834e-16,5.5203436064464905e-05
301,EL040,STGR6,STG_R6,LM,concat,1,\\nasac-m2.unige.ch\m-HumanNeuronLab\ANALYSIS\FLM\Analysis_LoraFanda\01_FBM_Analysis\outputs\04_ersp_LM_RAWONLY\EL040\LM\ERSP_matrix\audio\EL040_audio_WM_ERSP_STG_R6_TN.npy,\\nasac-m2.unige.ch\m-HumanNeuronLab\ANALYSIS\FLM\Analysis_LoraFanda\01_FBM_Analysis\outputs\04_ersp_LM_RAWONLY\EL040\LM\ERSP_matrix\audio\EL040_audio_WM_ERSP_STG_R6_TN.npy,\\nasac-m2.unige.ch\m-HumanNeuronLab\ANALYSIS\FLM\Analysis_LoraFanda\01_FBM_Analysis\outputs\04_ersp_LM_RAWONLY\EL040\LM\ERSP_matrix\picture\EL040_picture_WM_ERSP_STG_R6_TN.npy,\\nasac-m2.unige.ch\m-HumanNeuronLab\ANALYSIS\FLM\Analysis_LoraFanda\01_FBM_Analysis\outputs\04_ersp_LM_RAWONLY\EL040\LM\ERSP_matrix\reading\EL040_reading_WM_ERSP_STG_R6_TN.npy,4,0.0015071142,4,EL040|STGR6,0.09523582253724189,0.5635085499037986,9.656215479632774e-11,0.11656910447040686,0.22138202054517464,6.087813223377171e-08,0.00330444156868371
302,EL040,STGR7,STG_R7,LM,concat,1,\\nasac-m2.unige.ch\m-HumanNeuronLab\ANALYSIS\FLM\Analysis_LoraFanda\01_FBM_Analysis\outputs\04_ersp_LM_RAWONLY\EL040\LM\ERSP_matrix\audio\EL040_audio_WM_ERSP_STG_R7_TN.npy,\\nasac-m2.unige.ch\m-HumanNeuronLab\ANALYSIS\FLM\Analysis_LoraFanda\01_FBM_Analysis\outputs\04_ersp_LM_RAWONLY\EL040\LM\ERSP_matrix\audio\EL040_audio_WM_ERSP_STG_R7_TN.npy,\\nasac-m2.unige.ch\m-HumanNeuronLab\ANALYSIS\FLM\Analysis_LoraFanda\01_FBM_Analysis\outputs\04_ersp_LM_RAWONLY\EL040\LM\ERSP_matrix\picture\EL040_picture_WM_ERSP_STG_R7_TN.npy,\\nasac-m2.unige.ch\m-HumanNeuronLab\ANALYSIS\FLM\Analysis_LoraFanda\01_FBM_Analysis\outputs\04_ersp_LM_RAWONLY\EL040\LM\ERSP_matrix\reading\EL040_reading_WM_ERSP_STG_R7_TN.npy,4,-0.1297864,4,EL040|STGR7,3.4222690449315307e-07,0.6019928058605083,4.543384822719801e-18,0.18218767392891527,0.13573494284179252,5.527051532095281e-10,0.08008423458917428
303,EL042,AHL10,aH_L10,LM,concat,2,\\nasac-m2.unige.ch\m-HumanNeuronLab\ANALYSIS\FLM\Analysis_LoraFanda\01_FBM_Analysis\outputs\04_ersp_LM_RAWONLY\EL042\LM\ERSP_matrix\audio\EL042_audio_WM_ERSP_aH_L10_TN.npy,\\nasac-m2.unige.ch\m-HumanNeuronLab\ANALYSIS\FLM\Analysis_LoraFanda\01_FBM_Analysis\outputs\04_ersp_LM_RAWONLY\EL042\LM\ERSP_matrix\audio\EL042_audio_WM_ERSP_aH_L10_TN.npy,\\nasac-m2.unige.ch\m-HumanNeuronLab\ANALYSIS\FLM\Analysis_LoraFanda\01_FBM_Analysis\outputs\04_ersp_LM_RAWONLY\EL042\LM\ERSP_matrix\picture\EL042_picture_WM_ERSP_aH_L10_TN.npy,\\nasac-m2.unige.ch\m-HumanNeuronLab\ANALYSIS\FLM\Analysis_LoraFanda\01_FBM_Analysis\outputs\04_ersp_LM_RAWONLY\EL042\LM\ERSP_matrix\reading\EL042_reading_WM_ERSP_aH_L10_TN.npy,1,0.36050057,1,EL042|AHL10,0.24847074125589363,0.47970424463859185,5.450901934048885e-07,0.12002294175505451,2.2883170677074438e-08,0.15019156325071664,0.001609941126379469
304,EL042,AHL11,aH_L11,LM,concat,1,\\nasac-m2.unige.ch\m-HumanNeuronLab\ANALYSIS\FLM\Analysis_LoraFanda\01_FBM_Analysis\outputs\04_ersp_LM_RAWONLY\EL042\LM\ERSP_matrix\audio\EL042_audio_WM_ERSP_aH_L11_TN.npy,\\nasac-m2.unige.ch\m-HumanNeuronLab\ANALYSIS\FLM\Analysis_LoraFanda\01_FBM_Analysis\outputs\04_ersp_LM_RAWONLY\EL042\LM\ERSP_matrix\audio\EL042_audio_WM_ERSP_aH_L11_TN.npy,\\nasac-m2.unige.ch\m-HumanNeuronLab\ANALYSIS\FLM\Analysis_LoraFanda\01_FBM_Analysis\outputs\04_ersp_LM_RAWONLY\EL042\LM\ERSP_matrix\picture\EL042_picture_WM_ERSP_aH_L11_TN.npy,\\nasac-m2.unige.ch\m-HumanNeuronLab\ANALYSIS\FLM\Analysis_LoraFanda\01_FBM_Analysis\outputs\04_ersp_LM_RAWONLY\EL042\LM\ERSP_matrix\reading\EL042_reading_WM_ERSP_aH_L11_TN.npy,1,0.3341772,1,EL042|AHL11,0.2011966734236946,0.32628212663124556,0.003619922098847253,0.1998887768879897,0.12044941533502578,0.052226978270081784,0.09633610735311528
305,EL042,AHR1,aH_R1,LM,concat,1,\\nasac-m2.unige.ch\m-HumanNeuronLab\ANALYSIS\FLM\Analysis_LoraFanda\01_FBM_Analysis\outputs\04_ersp_LM_RAWONLY\EL042\LM\ERSP_matrix\audio\EL042_audio_WM_ERSP_aH_R1_TN.npy,\\nasac-m2.unige.ch\m-HumanNeuronLab\ANALYSIS\FLM\Analysis_LoraFanda\01_FBM_Analysis\outputs\04_ersp_LM_RAWONLY\EL042\LM\ERSP_matrix\audio\EL042_audio_WM_ERSP_aH_R1_TN.npy,\\nasac-m2.unige.ch\m-HumanNeuronLab\ANALYSIS\FLM\Analysis_LoraFanda\01_FBM_Analysis\outputs\04_ersp_LM_RAWONLY\EL042\LM\ERSP_matrix\picture\EL042_picture_WM_ERSP_aH_R1_TN.npy,\\nasac-m2.unige.ch\m-HumanNeuronLab\ANALYSIS\FLM\Analysis_LoraFanda\01_FBM_Analysis\outputs\04_ersp_LM_RAWONLY\EL042\LM\ERSP_matrix\reading\EL042_reading_WM_ERSP_aH_R1_TN.npy,1,0.22508416,1,EL042|AHR1,0.37919182284434655,1.761047476956549e-21,0.23116434512607692,0.38964383202953434,1.0270141930283681e-42,4.140766518848505e-14,6.218196138552994e-16
306,EL042,AHR10,aH_R10,LM,concat,3,\\nasac-m2.unige.ch\m-HumanNeuronLab\ANALYSIS\FLM\Analysis_LoraFanda\01_FBM_Analysis\outputs\04_ersp_LM_RAWONLY\EL042\LM\ERSP_matrix\audio\EL042_audio_WM_ERSP_aH_R10_TN.npy,\\nasac-m2.unige.ch\m-HumanNeuronLab\ANALYSIS\FLM\Analysis_LoraFanda\01_FBM_Analysis\outputs\04_ersp_LM_RAWONLY\EL042\LM\ERSP_matrix\audio\EL042_audio_WM_ERSP_aH_R10_TN.npy,\\nasac-m2.unige.ch\m-HumanNeuronLab\ANALYSIS\FLM\Analysis_LoraFanda\01_FBM_Analysis\outputs\04_ersp_LM_RAWONLY\EL042\LM\ERSP_matrix\picture\EL042_picture_WM_ERSP_aH_R10_TN.npy,\\nasac-m2.unige.ch\m-HumanNeuronLab\ANALYSIS\FLM\Analysis_LoraFanda\01_FBM_Analysis\outputs\04_ersp_LM_RAWONLY\EL042\LM\ERSP_matrix\reading\EL042_reading_WM_ERSP_aH_R10_TN.npy,1,0.31693193,1,EL042|AHR10,0.09847445989970835,0.5406439194558894,0.0015527832928672223,4.941552756976219e-09,1.2835885999898781e-21,8.494981605453833e-28,0.3593288324099822
307,EL042,AHR11,aH_R11,LM,concat,3,\\nasac-m2.unige.ch\m-HumanNeuronLab\ANALYSIS\FLM\Analysis_LoraFanda\01_FBM_Analysis\outputs\04_ersp_LM_RAWONLY\EL042\LM\ERSP_matrix\audio\EL042_audio_WM_ERSP_aH_R11_TN.npy,\\nasac-m2.unige.ch\m-HumanNeuronLab\ANALYSIS\FLM\Analysis_LoraFanda\01_FBM_Analysis\outputs\04_ersp_LM_RAWONLY\EL042\LM\ERSP_matrix\audio\EL042_audio_WM_ERSP_aH_R11_TN.npy,\\nasac-m2.unige.ch\m-HumanNeuronLab\ANALYSIS\FLM\Analysis_LoraFanda\01_FBM_Analysis\outputs\04_ersp_LM_RAWONLY\EL042\LM\ERSP_matrix\picture\EL042_picture_WM_ERSP_aH_R11_TN.npy,\\nasac-m2.unige.ch\m-HumanNeuronLab\ANALYSIS\FLM\Analysis_LoraFanda\01_FBM_Analysis\outputs\04_ersp_LM_RAWONLY\EL042\LM\ERSP_matrix\reading\EL042_reading_WM_ERSP_aH_R11_TN.npy,1,0.35244465,1,EL042|AHR11,0.2461638728094347,0.5467860021494131,7.5783721698236365e-06,0.008499179743654649,3.847237854266704e-05,2.0038626799256075e-19,0.19850489454678497
308,EL042,AHR12,aH_R12,LM,concat,2,\\nasac-m2.unige.ch\m-HumanNeuronLab\ANALYSIS\FLM\Analysis_LoraFanda\01_FBM_Analysis\outputs\04_ersp_LM_RAWONLY\EL042\LM\ERSP_matrix\audio\EL042_audio_WM_ERSP_aH_R12_TN.npy,\\nasac-m2.unige.ch\m-HumanNeuronLab\ANALYSIS\FLM\Analysis_LoraFanda\01_FBM_Analysis\outputs\04_ersp_LM_RAWONLY\EL042\LM\ERSP_matrix\audio\EL042_audio_WM_ERSP_aH_R12_TN.npy,\\nasac-m2.unige.ch\m-HumanNeuronLab\ANALYSIS\FLM\Analysis_LoraFanda\01_FBM_Analysis\outputs\04_ersp_LM_RAWONLY\EL042\LM\ERSP_matrix\picture\EL042_picture_WM_ERSP_aH_R12_TN.npy,\\nasac-m2.unige.ch\m-HumanNeuronLab\ANALYSIS\FLM\Analysis_LoraFanda\01_FBM_Analysis\outputs\04_ersp_LM_RAWONLY\EL042\LM\ERSP_matrix\reading\EL042_reading_WM_ERSP_aH_R12_TN.npy,1,0.38619262,1,EL042|AHR12,0.08056464645207481,0.424916733273831,0.010211625436342998,0.009120671679906506,0.3526337902120561,1.041544803547131e-07,0.12255242879130832
309,EL042,AHR2,aH_R2,LM,concat,1,\\nasac-m2.unige.ch\m-HumanNeuronLab\ANALYSIS\FLM\Analysis_LoraFanda\01_FBM_Analysis\outputs\04_ersp_LM_RAWONLY\EL042\LM\ERSP_matrix\audio\EL042_audio_WM_ERSP_aH_R2_TN.npy,\\nasac-m2.unige.ch\m-HumanNeuronLab\ANALYSIS\FLM\Analysis_LoraFanda\01_FBM_Analysis\outputs\04_ersp_LM_RAWONLY\EL042\LM\ERSP_matrix\audio\EL042_audio_WM_ERSP_aH_R2_TN.npy,\\nasac-m2.unige.ch\m-HumanNeuronLab\ANALYSIS\FLM\Analysis_LoraFanda\01_FBM_Analysis\outputs\04_ersp_LM_RAWONLY\EL042\LM\ERSP_matrix\picture\EL042_picture_WM_ERSP_aH_R2_TN.npy,\\nasac-m2.unige.ch\m-HumanNeuronLab\ANALYSIS\FLM\Analysis_LoraFanda\01_FBM_Analysis\outputs\04_ersp_LM_RAWONLY\EL042\LM\ERSP_matrix\reading\EL042_reading_WM_ERSP_aH_R2_TN.npy,1,0.3574809,1,EL042|AHR2,0.44648412460452397,0.09561464753381291,0.3740428768500682,0.0838583476989467,3.659699364796152e-30,3.7255901944616226e-20,3.3126482543180888e-09
310,EL042,AHR5,aH_R5,LM,concat,1,\\nasac-m2.unige.ch\m-HumanNeuronLab\ANALYSIS\FLM\Analysis_LoraFanda\01_FBM_Analysis\outputs\04_ersp_LM_RAWONLY\EL042\LM\ERSP_matrix\audio\EL042_audio_WM_ERSP_aH_R5_TN.npy,\\nasac-m2.unige.ch\m-HumanNeuronLab\ANALYSIS\FLM\Analysis_LoraFanda\01_FBM_Analysis\outputs\04_ersp_LM_RAWONLY\EL042\LM\ERSP_matrix\audio\EL042_audio_WM_ERSP_aH_R5_TN.npy,\\nasac-m2.unige.ch\m-HumanNeuronLab\ANALYSIS\FLM\Analysis_LoraFanda\01_FBM_Analysis\outputs\04_ersp_LM_RAWONLY\EL042\LM\ERSP_matrix\picture\EL042_picture_WM_ERSP_aH_R5_TN.npy,\\nasac-m2.unige.ch\m-HumanNeuronLab\ANALYSIS\FLM\Analysis_LoraFanda\01_FBM_Analysis\outputs\04_ersp_LM_RAWONLY\EL042\LM\ERSP_matrix\reading\EL042_reading_WM_ERSP_aH_R5_TN.npy,0,-0.2036728,0,EL042|AHR5,0.5603355099456654,0.18689043315947637,1.944945854490241e-11,0.0006010573408025935,0.00021389874048115297,0.11321936874917894,0.13873973204494597
311,EL042,AHR7,aH_R7,LM,concat,2,\\nasac-m2.unige.ch\m-HumanNeuronLab\ANALYSIS\FLM\Analysis_LoraFanda\01_FBM_Analysis\outputs\04_ersp_LM_RAWONLY\EL042\LM\ERSP_matrix\audio\EL042_audio_WM_ERSP_aH_R7_TN.npy,\\nasac-m2.unige.ch\m-HumanNeuronLab\ANALYSIS\FLM\Analysis_LoraFanda\01_FBM_Analysis\outputs\04_ersp_LM_RAWONLY\EL042\LM\ERSP_matrix\audio\EL042_audio_WM_ERSP_aH_R7_TN.npy,\\nasac-m2.unige.ch\m-HumanNeuronLab\ANALYSIS\FLM\Analysis_LoraFanda\01_FBM_Analysis\outputs\04_ersp_LM_RAWONLY\EL042\LM\ERSP_matrix\picture\EL042_picture_WM_ERSP_aH_R7_TN.npy,\\nasac-m2.unige.ch\m-HumanNeuronLab\ANALYSIS\FLM\Analysis_LoraFanda\01_FBM_Analysis\outputs\04_ersp_LM_RAWONLY\EL042\LM\ERSP_matrix\reading\EL042_reading_WM_ERSP_aH_R7_TN.npy,1,0.22751893,1,EL042|AHR7,0.3187506825873495,0.49840572553767887,4.5923499652026703e-08,1.50097263439768e-05,4.565273744803398e-09,0.11635961801922992,0.06646891364062427
312,EL042,AHR8,aH_R8,LM,concat,2,\\nasac-m2.unige.ch\m-HumanNeuronLab\ANALYSIS\FLM\Analysis_LoraFanda\01_FBM_Analysis\outputs\04_ersp_LM_RAWONLY\EL042\LM\ERSP_matrix\audio\EL042_audio_WM_ERSP_aH_R8_TN.npy,\\nasac-m2.unige.ch\m-HumanNeuronLab\ANALYSIS\FLM\Analysis_LoraFanda\01_FBM_Analysis\outputs\04_ersp_LM_RAWONLY\EL042\LM\ERSP_matrix\audio\EL042_audio_WM_ERSP_aH_R8_TN.npy,\\nasac-m2.unige.ch\m-HumanNeuronLab\ANALYSIS\FLM\Analysis_LoraFanda\01_FBM_Analysis\outputs\04_ersp_LM_RAWONLY\EL042\LM\ERSP_matrix\picture\EL042_picture_WM_ERSP_aH_R8_TN.npy,\\nasac-m2.unige.ch\m-HumanNeuronLab\ANALYSIS\FLM\Analysis_LoraFanda\01_FBM_Analysis\outputs\04_ersp_LM_RAWONLY\EL042\LM\ERSP_matrix\reading\EL042_reading_WM_ERSP_aH_R8_TN.npy,1,0.2729249,1,EL042|AHR8,0.26537443942396083,0.7317034290736593,3.474186475459613e-08,0.002462287029102416,1.590449290176495e-13,3.696066307488337e-11,0.0004598096942930805
313,EL042,AHR9,aH_R9,LM,concat,3,\\nasac-m2.unige.ch\m-HumanNeuronLab\ANALYSIS\FLM\Analysis_LoraFanda\01_FBM_Analysis\outputs\04_ersp_LM_RAWONLY\EL042\LM\ERSP_matrix\audio\EL042_audio_WM_ERSP_aH_R9_TN.npy,\\nasac-m2.unige.ch\m-HumanNeuronLab\ANALYSIS\FLM\Analysis_LoraFanda\01_FBM_Analysis\outputs\04_ersp_LM_RAWONLY\EL042\LM\ERSP_matrix\audio\EL042_audio_WM_ERSP_aH_R9_TN.npy,\\nasac-m2.unige.ch\m-HumanNeuronLab\ANALYSIS\FLM\Analysis_LoraFanda\01_FBM_Analysis\outputs\04_ersp_LM_RAWONLY\EL042\LM\ERSP_matrix\picture\EL042_picture_WM_ERSP_aH_R9_TN.npy,\\nasac-m2.unige.ch\m-HumanNeuronLab\ANALYSIS\FLM\Analysis_LoraFanda\01_FBM_Analysis\outputs\04_ersp_LM_RAWONLY\EL042\LM\ERSP_matrix\reading\EL042_reading_WM_ERSP_aH_R9_TN.npy,1,0.3562042,1,EL042|AHR9,0.16619326592658717,0.7035709359065131,1.0853479687172374e-26,0.12993106089709922,6.022400376102319e-22,2.669954990696326e-07,0.0003044702743013969
314,EL042,AIR1,aI_R1,LM,concat,1,\\nasac-m2.unige.ch\m-HumanNeuronLab\ANALYSIS\FLM\Analysis_LoraFanda\01_FBM_Analysis\outputs\04_ersp_LM_RAWONLY\EL042\LM\ERSP_matrix\audio\EL042_audio_WM_ERSP_aI_R1_TN.npy,\\nasac-m2.unige.ch\m-HumanNeuronLab\ANALYSIS\FLM\Analysis_LoraFanda\01_FBM_Analysis\outputs\04_ersp_LM_RAWONLY\EL042\LM\ERSP_matrix\audio\EL042_audio_WM_ERSP_aI_R1_TN.npy,\\nasac-m2.unige.ch\m-HumanNeuronLab\ANALYSIS\FLM\Analysis_LoraFanda\01_FBM_Analysis\outputs\04_ersp_LM_RAWONLY\EL042\LM\ERSP_matrix\picture\EL042_picture_WM_ERSP_aI_R1_TN.npy,\\nasac-m2.unige.ch\m-HumanNeuronLab\ANALYSIS\FLM\Analysis_LoraFanda\01_FBM_Analysis\outputs\04_ersp_LM_RAWONLY\EL042\LM\ERSP_matrix\reading\EL042_reading_WM_ERSP_aI_R1_TN.npy,1,0.2161486,1,EL042|AIR1,0.25071383600834063,0.551914907241442,0.11281670973681676,0.0037098649316930463,5.069888175603555e-13,0.0745324263370858,0.006312255744114637
315,EL042,AIR10,aI_R10,LM,concat,1,\\nasac-m2.unige.ch\m-HumanNeuronLab\ANALYSIS\FLM\Analysis_LoraFanda\01_FBM_Analysis\outputs\04_ersp_LM_RAWONLY\EL042\LM\ERSP_matrix\audio\EL042_audio_WM_ERSP_aI_R10_TN.npy,\\nasac-m2.unige.ch\m-HumanNeuronLab\ANALYSIS\FLM\Analysis_LoraFanda\01_FBM_Analysis\outputs\04_ersp_LM_RAWONLY\EL042\LM\ERSP_matrix\audio\EL042_audio_WM_ERSP_aI_R10_TN.npy,\\nasac-m2.unige.ch\m-HumanNeuronLab\ANALYSIS\FLM\Analysis_LoraFanda\01_FBM_Analysis\outputs\04_ersp_LM_RAWONLY\EL042\LM\ERSP_matrix\picture\EL042_picture_WM_ERSP_aI_R10_TN.npy,\\nasac-m2.unige.ch\m-HumanNeuronLab\ANALYSIS\FLM\Analysis_LoraFanda\01_FBM_Analysis\outputs\04_ersp_LM_RAWONLY\EL042\LM\ERSP_matrix\reading\EL042_reading_WM_ERSP_aI_R10_TN.npy,4,-0.07504083,4,EL042|AIR10,0.15120638646505105,0.613348502089527,3.477027598040624e-12,0.050922052339427926,3.3194900555563126e-05,0.07535167808638764,0.10913818611557372
316,EL042,AIR11,aI_R11,LM,concat,1,\\nasac-m2.unige.ch\m-HumanNeuronLab\ANALYSIS\FLM\Analysis_LoraFanda\01_FBM_Analysis\outputs\04_ersp_LM_RAWONLY\EL042\LM\ERSP_matrix\audio\EL042_audio_WM_ERSP_aI_R11_TN.npy,\\nasac-m2.unige.ch\m-HumanNeuronLab\ANALYSIS\FLM\Analysis_LoraFanda\01_FBM_Analysis\outputs\04_ersp_LM_RAWONLY\EL042\LM\ERSP_matrix\audio\EL042_audio_WM_ERSP_aI_R11_TN.npy,\\nasac-m2.unige.ch\m-HumanNeuronLab\ANALYSIS\FLM\Analysis_LoraFanda\01_FBM_Analysis\outputs\04_ersp_LM_RAWONLY\EL042\LM\ERSP_matrix\picture\EL042_picture_WM_ERSP_aI_R11_TN.npy,\\nasac-m2.unige.ch\m-HumanNeuronLab\ANALYSIS\FLM\Analysis_LoraFanda\01_FBM_Analysis\outputs\04_ersp_LM_RAWONLY\EL042\LM\ERSP_matrix\reading\EL042_reading_WM_ERSP_aI_R11_TN.npy,4,-0.15756102,4,EL042|AIR11,0.12296946447454958,0.6669864297429355,0.07895622759467034,0.003645102513848941,9.43260716495095e-11,0.12645221232557421,0.0009905632540952937
317,EL042,AIR12,aI_R12,LM,concat,1,\\nasac-m2.unige.ch\m-HumanNeuronLab\ANALYSIS\FLM\Analysis_LoraFanda\01_FBM_Analysis\outputs\04_ersp_LM_RAWONLY\EL042\LM\ERSP_matrix\audio\EL042_audio_WM_ERSP_aI_R12_TN.npy,\\nasac-m2.unige.ch\m-HumanNeuronLab\ANALYSIS\FLM\Analysis_LoraFanda\01_FBM_Analysis\outputs\04_ersp_LM_RAWONLY\EL042\LM\ERSP_matrix\audio\EL042_audio_WM_ERSP_aI_R12_TN.npy,\\nasac-m2.unige.ch\m-HumanNeuronLab\ANALYSIS\FLM\Analysis_LoraFanda\01_FBM_Analysis\outputs\04_ersp_LM_RAWONLY\EL042\LM\ERSP_matrix\picture\EL042_picture_WM_ERSP_aI_R12_TN.npy,\\nasac-m2.unige.ch\m-HumanNeuronLab\ANALYSIS\FLM\Analysis_LoraFanda\01_FBM_Analysis\outputs\04_ersp_LM_RAWONLY\EL042\LM\ERSP_matrix\reading\EL042_reading_WM_ERSP_aI_R12_TN.npy,1,0.25296578,1,EL042|AIR12,0.06488928574296197,0.5436307865922458,0.07595107196177443,0.06748998949508847,3.1193963702584017e-10,0.14508438605595259,0.10295447984003701
318,EL042,AIR17,aI_R17,LM,concat,2,\\nasac-m2.unige.ch\m-HumanNeuronLab\ANALYSIS\FLM\Analysis_LoraFanda\01_FBM_Analysis\outputs\04_ersp_LM_RAWONLY\EL042\LM\ERSP_matrix\audio\EL042_audio_WM_ERSP_aI_R17_TN.npy,\\nasac-m2.unige.ch\m-HumanNeuronLab\ANALYSIS\FLM\Analysis_LoraFanda\01_FBM_Analysis\outputs\04_ersp_LM_RAWONLY\EL042\LM\ERSP_matrix\audio\EL042_audio_WM_ERSP_aI_R17_TN.npy,\\nasac-m2.unige.ch\m-HumanNeuronLab\ANALYSIS\FLM\Analysis_LoraFanda\01_FBM_Analysis\outputs\04_ersp_LM_RAWONLY\EL042\LM\ERSP_matrix\picture\EL042_picture_WM_ERSP_aI_R17_TN.npy,\\nasac-m2.unige.ch\m-HumanNeuronLab\ANALYSIS\FLM\Analysis_LoraFanda\01_FBM_Analysis\outputs\04_ersp_LM_RAWONLY\EL042\LM\ERSP_matrix\reading\EL042_reading_WM_ERSP_aI_R17_TN.npy,1,0.37054172,1,EL042|AIR17,0.16239934342606746,0.4701742490346184,0.1301428363225052,0.08330653066315197,1.1902061067860044e-18,0.14792108686250952,0.006055953691147355
319,EL042,AIR18,aI_R18,LM,concat,2,\\nasac-m2.unige.ch\m-HumanNeuronLab\ANALYSIS\FLM\Analysis_LoraFanda\01_FBM_Analysis\outputs\04_ersp_LM_RAWONLY\EL042\LM\ERSP_matrix\audio\EL042_audio_WM_ERSP_aI_R18_TN.npy,\\nasac-m2.unige.ch\m-HumanNeuronLab\ANALYSIS\FLM\Analysis_LoraFanda\01_FBM_Analysis\outputs\04_ersp_LM_RAWONLY\EL042\LM\ERSP_matrix\audio\EL042_audio_WM_ERSP_aI_R18_TN.npy,\\nasac-m2.unige.ch\m-HumanNeuronLab\ANALYSIS\FLM\Analysis_LoraFanda\01_FBM_Analysis\outputs\04_ersp_LM_RAWONLY\EL042\LM\ERSP_matrix\picture\EL042_picture_WM_ERSP_aI_R18_TN.npy,\\nasac-m2.unige.ch\m-HumanNeuronLab\ANALYSIS\FLM\Analysis_LoraFanda\01_FBM_Analysis\outputs\04_ersp_LM_RAWONLY\EL042\LM\ERSP_matrix\reading\EL042_reading_WM_ERSP_aI_R18_TN.npy,1,0.3361618,1,EL042|AIR18,0.19148625563777502,0.45135889224614567,0.09301131145720694,0.17206517375316585,2.969736127068178e-28,0.09198576450839362,9.260239731295571e-05
320,EL042,AIR2,aI_R2,LM,concat,1,\\nasac-m2.unige.ch\m-HumanNeuronLab\ANALYSIS\FLM\Analysis_LoraFanda\01_FBM_Analysis\outputs\04_ersp_LM_RAWONLY\EL042\LM\ERSP_matrix\audio\EL042_audio_WM_ERSP_aI_R2_TN.npy,\\nasac-m2.unige.ch\m-HumanNeuronLab\ANALYSIS\FLM\Analysis_LoraFanda\01_FBM_Analysis\outputs\04_ersp_LM_RAWONLY\EL042\LM\ERSP_matrix\audio\EL042_audio_WM_ERSP_aI_R2_TN.npy,\\nasac-m2.unige.ch\m-HumanNeuronLab\ANALYSIS\FLM\Analysis_LoraFanda\01_FBM_Analysis\outputs\04_ersp_LM_RAWONLY\EL042\LM\ERSP_matrix\picture\EL042_picture_WM_ERSP_aI_R2_TN.npy,\\nasac-m2.unige.ch\m-HumanNeuronLab\ANALYSIS\FLM\Analysis_LoraFanda\01_FBM_Analysis\outputs\04_ersp_LM_RAWONLY\EL042\LM\ERSP_matrix\reading\EL042_reading_WM_ERSP_aI_R2_TN.npy,1,0.23694766,1,EL042|AIR2,0.09932459097646743,0.5888346266018153,0.0645258200405497,0.046480276847747984,5.335978052505465e-12,0.07953303287021578,0.12130165265786773
321,EL042,AIR3,aI_R3,LM,concat,1,\\nasac-m2.unige.ch\m-HumanNeuronLab\ANALYSIS\FLM\Analysis_LoraFanda\01_FBM_Analysis\outputs\04_ersp_LM_RAWONLY\EL042\LM\ERSP_matrix\audio\EL042_audio_WM_ERSP_aI_R3_TN.npy,\\nasac-m2.unige.ch\m-HumanNeuronLab\ANALYSIS\FLM\Analysis_LoraFanda\01_FBM_Analysis\outputs\04_ersp_LM_RAWONLY\EL042\LM\ERSP_matrix\audio\EL042_audio_WM_ERSP_aI_R3_TN.npy,\\nasac-m2.unige.ch\m-HumanNeuronLab\ANALYSIS\FLM\Analysis_LoraFanda\01_FBM_Analysis\outputs\04_ersp_LM_RAWONLY\EL042\LM\ERSP_matrix\picture\EL042_picture_WM_ERSP_aI_R3_TN.npy,\\nasac-m2.unige.ch\m-HumanNeuronLab\ANALYSIS\FLM\Analysis_LoraFanda\01_FBM_Analysis\outputs\04_ersp_LM_RAWONLY\EL042\LM\ERSP_matrix\reading\EL042_reading_WM_ERSP_aI_R3_TN.npy,1,0.21974817,1,EL042|AIR3,0.2590802417513395,0.5649173505155258,0.06159686812242681,6.246597802324776e-05,1.2610920540212354e-06,0.0004223225559906828,0.11391948998463992
322,EL042,AIR7,aI_R7,LM,concat,1,\\nasac-m2.unige.ch\m-HumanNeuronLab\ANALYSIS\FLM\Analysis_LoraFanda\01_FBM_Analysis\outputs\04_ersp_LM_RAWONLY\EL042\LM\ERSP_matrix\audio\EL042_audio_WM_ERSP_aI_R7_TN.npy,\\nasac-m2.unige.ch\m-HumanNeuronLab\ANALYSIS\FLM\Analysis_LoraFanda\01_FBM_Analysis\outputs\04_ersp_LM_RAWONLY\EL042\LM\ERSP_matrix\audio\EL042_audio_WM_ERSP_aI_R7_TN.npy,\\nasac-m2.unige.ch\m-HumanNeuronLab\ANALYSIS\FLM\Analysis_LoraFanda\01_FBM_Analysis\outputs\04_ersp_LM_RAWONLY\EL042\LM\ERSP_matrix\picture\EL042_picture_WM_ERSP_aI_R7_TN.npy,\\nasac-m2.unige.ch\m-HumanNeuronLab\ANALYSIS\FLM\Analysis_LoraFanda\01_FBM_Analysis\outputs\04_ersp_LM_RAWONLY\EL042\LM\ERSP_matrix\reading\EL042_reading_WM_ERSP_aI_R7_TN.npy,1,0.21800767,1,EL042|AIR7,0.2318836941348546,0.5795070531044987,0.015081877822822881,0.04091112827865768,8.623972772346348e-09,0.11586769088947643,0.016748547145717038
323,EL042,AIR8,aI_R8,LM,concat,1,\\nasac-m2.unige.ch\m-HumanNeuronLab\ANALYSIS\FLM\Analysis_LoraFanda\01_FBM_Analysis\outputs\04_ersp_LM_RAWONLY\EL042\LM\ERSP_matrix\audio\EL042_audio_WM_ERSP_aI_R8_TN.npy,\\nasac-m2.unige.ch\m-HumanNeuronLab\ANALYSIS\FLM\Analysis_LoraFanda\01_FBM_Analysis\outputs\04_ersp_LM_RAWONLY\EL042\LM\ERSP_matrix\audio\EL042_audio_WM_ERSP_aI_R8_TN.npy,\\nasac-m2.unige.ch\m-HumanNeuronLab\ANALYSIS\FLM\Analysis_LoraFanda\01_FBM_Analysis\outputs\04_ersp_LM_RAWONLY\EL042\LM\ERSP_matrix\picture\EL042_picture_WM_ERSP_aI_R8_TN.npy,\\nasac-m2.unige.ch\m-HumanNeuronLab\ANALYSIS\FLM\Analysis_LoraFanda\01_FBM_Analysis\outputs\04_ersp_LM_RAWONLY\EL042\LM\ERSP_matrix\reading\EL042_reading_WM_ERSP_aI_R8_TN.npy,1,0.24686594,1,EL042|AIR8,0.1831267219413676,0.5261515924994175,0.05504424445394989,0.05880295625379328,4.08320722475516e-08,0.1584015659813237,0.01847287803807582
324,EL042,AIR9,aI_R9,LM,concat,1,\\nasac-m2.unige.ch\m-HumanNeuronLab\ANALYSIS\FLM\Analysis_LoraFanda\01_FBM_Analysis\outputs\04_ersp_LM_RAWONLY\EL042\LM\ERSP_matrix\audio\EL042_audio_WM_ERSP_aI_R9_TN.npy,\\nasac-m2.unige.ch\m-HumanNeuronLab\ANALYSIS\FLM\Analysis_LoraFanda\01_FBM_Analysis\outputs\04_ersp_LM_RAWONLY\EL042\LM\ERSP_matrix\audio\EL042_audio_WM_ERSP_aI_R9_TN.npy,\\nasac-m2.unige.ch\m-HumanNeuronLab\ANALYSIS\FLM\Analysis_LoraFanda\01_FBM_Analysis\outputs\04_ersp_LM_RAWONLY\EL042\LM\ERSP_matrix\picture\EL042_picture_WM_ERSP_aI_R9_TN.npy,\\nasac-m2.unige.ch\m-HumanNeuronLab\ANALYSIS\FLM\Analysis_LoraFanda\01_FBM_Analysis\outputs\04_ersp_LM_RAWONLY\EL042\LM\ERSP_matrix\reading\EL042_reading_WM_ERSP_aI_R9_TN.npy,1,0.15850423,1,EL042|AIR9,0.09807093841019698,0.6836754503793915,0.006048894069221773,0.0008058272369500521,3.6341076647678767e-07,0.11486051744265528,0.09653800905081807
325,EL042,AL11,A_L11,LM,concat,1,\\nasac-m2.unige.ch\m-HumanNeuronLab\ANALYSIS\FLM\Analysis_LoraFanda\01_FBM_Analysis\outputs\04_ersp_LM_RAWONLY\EL042\LM\ERSP_matrix\audio\EL042_audio_WM_ERSP_A_L11_TN.npy,\\nasac-m2.unige.ch\m-HumanNeuronLab\ANALYSIS\FLM\Analysis_LoraFanda\01_FBM_Analysis\outputs\04_ersp_LM_RAWONLY\EL042\LM\ERSP_matrix\audio\EL042_audio_WM_ERSP_A_L11_TN.npy,\\nasac-m2.unige.ch\m-HumanNeuronLab\ANALYSIS\FLM\Analysis_LoraFanda\01_FBM_Analysis\outputs\04_ersp_LM_RAWONLY\EL042\LM\ERSP_matrix\picture\EL042_picture_WM_ERSP_A_L11_TN.npy,\\nasac-m2.unige.ch\m-HumanNeuronLab\ANALYSIS\FLM\Analysis_LoraFanda\01_FBM_Analysis\outputs\04_ersp_LM_RAWONLY\EL042\LM\ERSP_matrix\reading\EL042_reading_WM_ERSP_A_L11_TN.npy,1,0.34302723,1,EL042|AL11,0.12735284888835352,0.3120534420172068,0.250206409068623,0.0074465519171210215,0.05428243547222024,0.16397162759776454,0.08468668503871092
326,EL042,AL12,A_L12,LM,concat,2,\\nasac-m2.unige.ch\m-HumanNeuronLab\ANALYSIS\FLM\Analysis_LoraFanda\01_FBM_Analysis\outputs\04_ersp_LM_RAWONLY\EL042\LM\ERSP_matrix\audio\EL042_audio_WM_ERSP_A_L12_TN.npy,\\nasac-m2.unige.ch\m-HumanNeuronLab\ANALYSIS\FLM\Analysis_LoraFanda\01_FBM_Analysis\outputs\04_ersp_LM_RAWONLY\EL042\LM\ERSP_matrix\audio\EL042_audio_WM_ERSP_A_L12_TN.npy,\\nasac-m2.unige.ch\m-HumanNeuronLab\ANALYSIS\FLM\Analysis_LoraFanda\01_FBM_Analysis\outputs\04_ersp_LM_RAWONLY\EL042\LM\ERSP_matrix\picture\EL042_picture_WM_ERSP_A_L12_TN.npy,\\nasac-m2.unige.ch\m-HumanNeuronLab\ANALYSIS\FLM\Analysis_LoraFanda\01_FBM_Analysis\outputs\04_ersp_LM_RAWONLY\EL042\LM\ERSP_matrix\reading\EL042_reading_WM_ERSP_A_L12_TN.npy,1,0.3162167,1,EL042|AL12,0.11103984304025688,0.3531670641327796,0.12619406380570508,0.014347274789897377,0.0716266993133755,0.11324534222755173,0.21037971269043382
327,EL042,AL3,A_L3,LM,concat,1,\\nasac-m2.unige.ch\m-HumanNeuronLab\ANALYSIS\FLM\Analysis_LoraFanda\01_FBM_Analysis\outputs\04_ersp_LM_RAWONLY\EL042\LM\ERSP_matrix\audio\EL042_audio_WM_ERSP_A_L3_TN.npy,\\nasac-m2.unige.ch\m-HumanNeuronLab\ANALYSIS\FLM\Analysis_LoraFanda\01_FBM_Analysis\outputs\04_ersp_LM_RAWONLY\EL042\LM\ERSP_matrix\audio\EL042_audio_WM_ERSP_A_L3_TN.npy,\\nasac-m2.unige.ch\m-HumanNeuronLab\ANALYSIS\FLM\Analysis_LoraFanda\01_FBM_Analysis\outputs\04_ersp_LM_RAWONLY\EL042\LM\ERSP_matrix\picture\EL042_picture_WM_ERSP_A_L3_TN.npy,\\nasac-m2.unige.ch\m-HumanNeuronLab\ANALYSIS\FLM\Analysis_LoraFanda\01_FBM_Analysis\outputs\04_ersp_LM_RAWONLY\EL042\LM\ERSP_matrix\reading\EL042_reading_WM_ERSP_A_L3_TN.npy,1,0.28907236,1,EL042|AL3,0.16633558192495243,0.3695974061830148,0.08894811248778708,0.000434806285247796,0.031195830582036142,0.09540000083880032,0.24808826169816137
328,EL042,AL5,A_L5,LM,concat,1,\\nasac-m2.unige.ch\m-HumanNeuronLab\ANALYSIS\FLM\Analysis_LoraFanda\01_FBM_Analysis\outputs\04_ersp_LM_RAWONLY\EL042\LM\ERSP_matrix\audio\EL042_audio_WM_ERSP_A_L5_TN.npy,\\nasac-m2.unige.ch\m-HumanNeuronLab\ANALYSIS\FLM\Analysis_LoraFanda\01_FBM_Analysis\outputs\04_ersp_LM_RAWONLY\EL042\LM\ERSP_matrix\audio\EL042_audio_WM_ERSP_A_L5_TN.npy,\\nasac-m2.unige.ch\m-HumanNeuronLab\ANALYSIS\FLM\Analysis_LoraFanda\01_FBM_Analysis\outputs\04_ersp_LM_RAWONLY\EL042\LM\ERSP_matrix\picture\EL042_picture_WM_ERSP_A_L5_TN.npy,\\nasac-m2.unige.ch\m-HumanNeuronLab\ANALYSIS\FLM\Analysis_LoraFanda\01_FBM_Analysis\outputs\04_ersp_LM_RAWONLY\EL042\LM\ERSP_matrix\reading\EL042_reading_WM_ERSP_A_L5_TN.npy,1,0.24821143,1,EL042|AL5,0.13113454233037286,0.42276279054007526,0.07534674509515024,0.00023478645345473083,0.11990979918136273,0.09261122209337333,0.15800011430621097
329,EL042,AL6,A_L6,LM,concat,1,\\nasac-m2.unige.ch\m-HumanNeuronLab\ANALYSIS\FLM\Analysis_LoraFanda\01_FBM_Analysis\outputs\04_ersp_LM_RAWONLY\EL042\LM\ERSP_matrix\audio\EL042_audio_WM_ERSP_A_L6_TN.npy,\\nasac-m2.unige.ch\m-HumanNeuronLab\ANALYSIS\FLM\Analysis_LoraFanda\01_FBM_Analysis\outputs\04_ersp_LM_RAWONLY\EL042\LM\ERSP_matrix\audio\EL042_audio_WM_ERSP_A_L6_TN.npy,\\nasac-m2.unige.ch\m-HumanNeuronLab\ANALYSIS\FLM\Analysis_LoraFanda\01_FBM_Analysis\outputs\04_ersp_LM_RAWONLY\EL042\LM\ERSP_matrix\picture\EL042_picture_WM_ERSP_A_L6_TN.npy,\\nasac-m2.unige.ch\m-HumanNeuronLab\ANALYSIS\FLM\Analysis_LoraFanda\01_FBM_Analysis\outputs\04_ersp_LM_RAWONLY\EL042\LM\ERSP_matrix\reading\EL042_reading_WM_ERSP_A_L6_TN.npy,1,0.2678023,1,EL042|AL6,0.14162640061960757,0.35957836393791365,0.1478348619585462,0.0013903700930850689,0.09197136348974992,0.1216432733408241,0.1359553665602735
330,EL042,AL7,A_L7,LM,concat,2,\\nasac-m2.unige.ch\m-HumanNeuronLab\ANALYSIS\FLM\Analysis_LoraFanda\01_FBM_Analysis\outputs\04_ersp_LM_RAWONLY\EL042\LM\ERSP_matrix\audio\EL042_audio_WM_ERSP_A_L7_TN.npy,\\nasac-m2.unige.ch\m-HumanNeuronLab\ANALYSIS\FLM\Analysis_LoraFanda\01_FBM_Analysis\outputs\04_ersp_LM_RAWONLY\EL042\LM\ERSP_matrix\audio\EL042_audio_WM_ERSP_A_L7_TN.npy,\\nasac-m2.unige.ch\m-HumanNeuronLab\ANALYSIS\FLM\Analysis_LoraFanda\01_FBM_Analysis\outputs\04_ersp_LM_RAWONLY\EL042\LM\ERSP_matrix\picture\EL042_picture_WM_ERSP_A_L7_TN.npy,\\nasac-m2.unige.ch\m-HumanNeuronLab\ANALYSIS\FLM\Analysis_LoraFanda\01_FBM_Analysis\outputs\04_ersp_LM_RAWONLY\EL042\LM\ERSP_matrix\reading\EL042_reading_WM_ERSP_A_L7_TN.npy,1,0.18972103,1,EL042|AL7,0.13680107622392246,0.36878189102774445,0.0611757267609914,0.00328687494873879,0.10544993093652036,0.08626673169715172,0.23823776840493094
331,EL042,AL8,A_L8,LM,concat,2,\\nasac-m2.unige.ch\m-HumanNeuronLab\ANALYSIS\FLM\Analysis_LoraFanda\01_FBM_Analysis\outputs\04_ersp_LM_RAWONLY\EL042\LM\ERSP_matrix\audio\EL042_audio_WM_ERSP_A_L8_TN.npy,\\nasac-m2.unige.ch\m-HumanNeuronLab\ANALYSIS\FLM\Analysis_LoraFanda\01_FBM_Analysis\outputs\04_ersp_LM_RAWONLY\EL042\LM\ERSP_matrix\audio\EL042_audio_WM_ERSP_A_L8_TN.npy,\\nasac-m2.unige.ch\m-HumanNeuronLab\ANALYSIS\FLM\Analysis_LoraFanda\01_FBM_Analysis\outputs\04_ersp_LM_RAWONLY\EL042\LM\ERSP_matrix\picture\EL042_picture_WM_ERSP_A_L8_TN.npy,\\nasac-m2.unige.ch\m-HumanNeuronLab\ANALYSIS\FLM\Analysis_LoraFanda\01_FBM_Analysis\outputs\04_ersp_LM_RAWONLY\EL042\LM\ERSP_matrix\reading\EL042_reading_WM_ERSP_A_L8_TN.npy,1,0.2500577,1,EL042|AL8,0.142251684878593,0.36152474732820683,0.08970790395771952,0.00045076256672533263,0.07301541750287201,0.14565833438935635,0.18739114937652696
332,EL042,AL9,A_L9,LM,concat,2,\\nasac-m2.unige.ch\m-HumanNeuronLab\ANALYSIS\FLM\Analysis_LoraFanda\01_FBM_Analysis\outputs\04_ersp_LM_RAWONLY\EL042\LM\ERSP_matrix\audio\EL042_audio_WM_ERSP_A_L9_TN.npy,\\nasac-m2.unige.ch\m-HumanNeuronLab\ANALYSIS\FLM\Analysis_LoraFanda\01_FBM_Analysis\outputs\04_ersp_LM_RAWONLY\EL042\LM\ERSP_matrix\audio\EL042_audio_WM_ERSP_A_L9_TN.npy,\\nasac-m2.unige.ch\m-HumanNeuronLab\ANALYSIS\FLM\Analysis_LoraFanda\01_FBM_Analysis\outputs\04_ersp_LM_RAWONLY\EL042\LM\ERSP_matrix\picture\EL042_picture_WM_ERSP_A_L9_TN.npy,\\nasac-m2.unige.ch\m-HumanNeuronLab\ANALYSIS\FLM\Analysis_LoraFanda\01_FBM_Analysis\outputs\04_ersp_LM_RAWONLY\EL042\LM\ERSP_matrix\reading\EL042_reading_WM_ERSP_A_L9_TN.npy,1,0.20553088,1,EL042|AL9,0.14687434828282972,0.3818835130778038,0.0819720979718178,0.0003358275945943471,0.1299208543094642,0.0549716992160916,0.20404165954739867
333,EL042,AR12,A_R12,LM,concat,2,\\nasac-m2.unige.ch\m-HumanNeuronLab\ANALYSIS\FLM\Analysis_LoraFanda\01_FBM_Analysis\outputs\04_ersp_LM_RAWONLY\EL042\LM\ERSP_matrix\audio\EL042_audio_WM_ERSP_A_R12_TN.npy,\\nasac-m2.unige.ch\m-HumanNeuronLab\ANALYSIS\FLM\Analysis_LoraFanda\01_FBM_Analysis\outputs\04_ersp_LM_RAWONLY\EL042\LM\ERSP_matrix\audio\EL042_audio_WM_ERSP_A_R12_TN.npy,\\nasac-m2.unige.ch\m-HumanNeuronLab\ANALYSIS\FLM\Analysis_LoraFanda\01_FBM_Analysis\outputs\04_ersp_LM_RAWONLY\EL042\LM\ERSP_matrix\picture\EL042_picture_WM_ERSP_A_R12_TN.npy,\\nasac-m2.unige.ch\m-HumanNeuronLab\ANALYSIS\FLM\Analysis_LoraFanda\01_FBM_Analysis\outputs\04_ersp_LM_RAWONLY\EL042\LM\ERSP_matrix\reading\EL042_reading_WM_ERSP_A_R12_TN.npy,1,0.24792466,1,EL042|AR12,0.14194387676524506,0.42518536041726557,0.028385012361165647,0.0025052542067226548,0.27371815816990125,0.02775853455418385,0.10050380352551594
334,EL042,AR4,A_R4,LM,concat,1,\\nasac-m2.unige.ch\m-HumanNeuronLab\ANALYSIS\FLM\Analysis_LoraFanda\01_FBM_Analysis\outputs\04_ersp_LM_RAWONLY\EL042\LM\ERSP_matrix\audio\EL042_audio_WM_ERSP_A_R4_TN.npy,\\nasac-m2.unige.ch\m-HumanNeuronLab\ANALYSIS\FLM\Analysis_LoraFanda\01_FBM_Analysis\outputs\04_ersp_LM_RAWONLY\EL042\LM\ERSP_matrix\audio\EL042_audio_WM_ERSP_A_R4_TN.npy,\\nasac-m2.unige.ch\m-HumanNeuronLab\ANALYSIS\FLM\Analysis_LoraFanda\01_FBM_Analysis\outputs\04_ersp_LM_RAWONLY\EL042\LM\ERSP_matrix\picture\EL042_picture_WM_ERSP_A_R4_TN.npy,\\nasac-m2.unige.ch\m-HumanNeuronLab\ANALYSIS\FLM\Analysis_LoraFanda\01_FBM_Analysis\outputs\04_ersp_LM_RAWONLY\EL042\LM\ERSP_matrix\reading\EL042_reading_WM_ERSP_A_R4_TN.npy,1,0.2523005,1,EL042|AR4,1.795723045235351e-10,0.7231382993085169,0.04265179965021845,2.1487876513651876e-07,0.09814422780058214,1.0816272374041136e-17,0.13606545818234506
335,EL042,AR5,A_R5,LM,concat,1,\\nasac-m2.unige.ch\m-HumanNeuronLab\ANALYSIS\FLM\Analysis_LoraFanda\01_FBM_Analysis\outputs\04_ersp_LM_RAWONLY\EL042\LM\ERSP_matrix\audio\EL042_audio_WM_ERSP_A_R5_TN.npy,\\nasac-m2.unige.ch\m-HumanNeuronLab\ANALYSIS\FLM\Analysis_LoraFanda\01_FBM_Analysis\outputs\04_ersp_LM_RAWONLY\EL042\LM\ERSP_matrix\audio\EL042_audio_WM_ERSP_A_R5_TN.npy,\\nasac-m2.unige.ch\m-HumanNeuronLab\ANALYSIS\FLM\Analysis_LoraFanda\01_FBM_Analysis\outputs\04_ersp_LM_RAWONLY\EL042\LM\ERSP_matrix\picture\EL042_picture_WM_ERSP_A_R5_TN.npy,\\nasac-m2.unige.ch\m-HumanNeuronLab\ANALYSIS\FLM\Analysis_LoraFanda\01_FBM_Analysis\outputs\04_ersp_LM_RAWONLY\EL042\LM\ERSP_matrix\reading\EL042_reading_WM_ERSP_A_R5_TN.npy,1,0.18390974,1,EL042|AR5,0.08357604673437112,0.6886102768906037,0.00014705570071178663,0.0003141689084659264,1.2233461904258458e-11,3.7271603262514125e-10,0.22735245138089805
336,EL042,AR6,A_R6,LM,concat,2,\\nasac-m2.unige.ch\m-HumanNeuronLab\ANALYSIS\FLM\Analysis_LoraFanda\01_FBM_Analysis\outputs\04_ersp_LM_RAWONLY\EL042\LM\ERSP_matrix\audio\EL042_audio_WM_ERSP_A_R6_TN.npy,\\nasac-m2.unige.ch\m-HumanNeuronLab\ANALYSIS\FLM\Analysis_LoraFanda\01_FBM_Analysis\outputs\04_ersp_LM_RAWONLY\EL042\LM\ERSP_matrix\audio\EL042_audio_WM_ERSP_A_R6_TN.npy,\\nasac-m2.unige.ch\m-HumanNeuronLab\ANALYSIS\FLM\Analysis_LoraFanda\01_FBM_Analysis\outputs\04_ersp_LM_RAWONLY\EL042\LM\ERSP_matrix\picture\EL042_picture_WM_ERSP_A_R6_TN.npy,\\nasac-m2.unige.ch\m-HumanNeuronLab\ANALYSIS\FLM\Analysis_LoraFanda\01_FBM_Analysis\outputs\04_ersp_LM_RAWONLY\EL042\LM\ERSP_matrix\reading\EL042_reading_WM_ERSP_A_R6_TN.npy,4,-0.14273013,4,EL042|AR6,0.140302999938027,0.5449560310262185,0.08503816094789736,4.072067791151989e-06,0.0356404199259901,1.022391969419603e-06,0.19405729370210667
337,EL042,AR7,A_R7,LM,concat,3,\\nasac-m2.unige.ch\m-HumanNeuronLab\ANALYSIS\FLM\Analysis_LoraFanda\01_FBM_Analysis\outputs\04_ersp_LM_RAWONLY\EL042\LM\ERSP_matrix\audio\EL042_audio_WM_ERSP_A_R7_TN.npy,\\nasac-m2.unige.ch\m-HumanNeuronLab\ANALYSIS\FLM\Analysis_LoraFanda\01_FBM_Analysis\outputs\04_ersp_LM_RAWONLY\EL042\LM\ERSP_matrix\audio\EL042_audio_WM_ERSP_A_R7_TN.npy,\\nasac-m2.unige.ch\m-HumanNeuronLab\ANALYSIS\FLM\Analysis_LoraFanda\01_FBM_Analysis\outputs\04_ersp_LM_RAWONLY\EL042\LM\ERSP_matrix\picture\EL042_picture_WM_ERSP_A_R7_TN.npy,\\nasac-m2.unige.ch\m-HumanNeuronLab\ANALYSIS\FLM\Analysis_LoraFanda\01_FBM_Analysis\outputs\04_ersp_LM_RAWONLY\EL042\LM\ERSP_matrix\reading\EL042_reading_WM_ERSP_A_R7_TN.npy,1,0.17937368,1,EL042|AR7,0.17359363005756956,0.5784185163122606,0.012502807151394521,4.61788305298194e-05,0.006759631773864103,0.07696876674167566,0.15171046913270572
338,EL042,AR8,A_R8,LM,concat,3,\\nasac-m2.unige.ch\m-HumanNeuronLab\ANALYSIS\FLM\Analysis_LoraFanda\01_FBM_Analysis\outputs\04_ersp_LM_RAWONLY\EL042\LM\ERSP_matrix\audio\EL042_audio_WM_ERSP_A_R8_TN.npy,\\nasac-m2.unige.ch\m-HumanNeuronLab\ANALYSIS\FLM\Analysis_LoraFanda\01_FBM_Analysis\outputs\04_ersp_LM_RAWONLY\EL042\LM\ERSP_matrix\audio\EL042_audio_WM_ERSP_A_R8_TN.npy,\\nasac-m2.unige.ch\m-HumanNeuronLab\ANALYSIS\FLM\Analysis_LoraFanda\01_FBM_Analysis\outputs\04_ersp_LM_RAWONLY\EL042\LM\ERSP_matrix\picture\EL042_picture_WM_ERSP_A_R8_TN.npy,\\nasac-m2.unige.ch\m-HumanNeuronLab\ANALYSIS\FLM\Analysis_LoraFanda\01_FBM_Analysis\outputs\04_ersp_LM_RAWONLY\EL042\LM\ERSP_matrix\reading\EL042_reading_WM_ERSP_A_R8_TN.npy,1,0.18050887,1,EL042|AR8,0.16286684189403478,0.668556768913826,6.438007214515024e-14,0.005549949639330008,2.5836390302185595e-07,0.04505099451451059,0.11797518667433127
339,EL042,AR9,A_R9,LM,concat,2,\\nasac-m2.unige.ch\m-HumanNeuronLab\ANALYSIS\FLM\Analysis_LoraFanda\01_FBM_Analysis\outputs\04_ersp_LM_RAWONLY\EL042\LM\ERSP_matrix\audio\EL042_audio_WM_ERSP_A_R9_TN.npy,\\nasac-m2.unige.ch\m-HumanNeuronLab\ANALYSIS\FLM\Analysis_LoraFanda\01_FBM_Analysis\outputs\04_ersp_LM_RAWONLY\EL042\LM\ERSP_matrix\audio\EL042_audio_WM_ERSP_A_R9_TN.npy,\\nasac-m2.unige.ch\m-HumanNeuronLab\ANALYSIS\FLM\Analysis_LoraFanda\01_FBM_Analysis\outputs\04_ersp_LM_RAWONLY\EL042\LM\ERSP_matrix\picture\EL042_picture_WM_ERSP_A_R9_TN.npy,\\nasac-m2.unige.ch\m-HumanNeuronLab\ANALYSIS\FLM\Analysis_LoraFanda\01_FBM_Analysis\outputs\04_ersp_LM_RAWONLY\EL042\LM\ERSP_matrix\reading\EL042_reading_WM_ERSP_A_R9_TN.npy,1,0.35061604,1,EL042|AR9,0.2854858444805707,0.4929273474703032,3.063317552944283e-11,0.04520060472190503,4.096564908117608e-12,0.17625105886936945,0.00013514442312198105
340,EL042,ENTGR10,EntG_R10,LM,concat,3,\\nasac-m2.unige.ch\m-HumanNeuronLab\ANALYSIS\FLM\Analysis_LoraFanda\01_FBM_Analysis\outputs\04_ersp_LM_RAWONLY\EL042\LM\ERSP_matrix\audio\EL042_audio_WM_ERSP_EntG_R10_TN.npy,\\nasac-m2.unige.ch\m-HumanNeuronLab\ANALYSIS\FLM\Analysis_LoraFanda\01_FBM_Analysis\outputs\04_ersp_LM_RAWONLY\EL042\LM\ERSP_matrix\audio\EL042_audio_WM_ERSP_EntG_R10_TN.npy,\\nasac-m2.unige.ch\m-HumanNeuronLab\ANALYSIS\FLM\Analysis_LoraFanda\01_FBM_Analysis\outputs\04_ersp_LM_RAWONLY\EL042\LM\ERSP_matrix\picture\EL042_picture_WM_ERSP_EntG_R10_TN.npy,\\nasac-m2.unige.ch\m-HumanNeuronLab\ANALYSIS\FLM\Analysis_LoraFanda\01_FBM_Analysis\outputs\04_ersp_LM_RAWONLY\EL042\LM\ERSP_matrix\reading\EL042_reading_WM_ERSP_EntG_R10_TN.npy,4,-0.12491319,4,EL042|ENTGR10,0.17600946713336468,0.3952487724494332,0.00012330974598000693,5.219840937215832e-05,0.20184891604560545,0.011698157488665114,0.21501917872757928
341,EL042,ENTGR2,EntG_R2,LM,concat,1,\\nasac-m2.unige.ch\m-HumanNeuronLab\ANALYSIS\FLM\Analysis_LoraFanda\01_FBM_Analysis\outputs\04_ersp_LM_RAWONLY\EL042\LM\ERSP_matrix\audio\EL042_audio_WM_ERSP_EntG_R2_TN.npy,\\nasac-m2.unige.ch\m-HumanNeuronLab\ANALYSIS\FLM\Analysis_LoraFanda\01_FBM_Analysis\outputs\04_ersp_LM_RAWONLY\EL042\LM\ERSP_matrix\audio\EL042_audio_WM_ERSP_EntG_R2_TN.npy,\\nasac-m2.unige.ch\m-HumanNeuronLab\ANALYSIS\FLM\Analysis_LoraFanda\01_FBM_Analysis\outputs\04_ersp_LM_RAWONLY\EL042\LM\ERSP_matrix\picture\EL042_picture_WM_ERSP_EntG_R2_TN.npy,\\nasac-m2.unige.ch\m-HumanNeuronLab\ANALYSIS\FLM\Analysis_LoraFanda\01_FBM_Analysis\outputs\04_ersp_LM_RAWONLY\EL042\LM\ERSP_matrix\reading\EL042_reading_WM_ERSP_EntG_R2_TN.npy,0,-0.19168048,0,EL042|ENTGR2,0.20819217751962565,0.25212598517181956,0.14758241541843153,0.0002888573516751303,0.0914323257073186,1.4762462079248112e-15,0.300378238831128
342,EL042,ENTGR3,EntG_R3,LM,concat,2,\\nasac-m2.unige.ch\m-HumanNeuronLab\ANALYSIS\FLM\Analysis_LoraFanda\01_FBM_Analysis\outputs\04_ersp_LM_RAWONLY\EL042\LM\ERSP_matrix\audio\EL042_audio_WM_ERSP_EntG_R3_TN.npy,\\nasac-m2.unige.ch\m-HumanNeuronLab\ANALYSIS\FLM\Analysis_LoraFanda\01_FBM_Analysis\outputs\04_ersp_LM_RAWONLY\EL042\LM\ERSP_matrix\audio\EL042_audio_WM_ERSP_EntG_R3_TN.npy,\\nasac-m2.unige.ch\m-HumanNeuronLab\ANALYSIS\FLM\Analysis_LoraFanda\01_FBM_Analysis\outputs\04_ersp_LM_RAWONLY\EL042\LM\ERSP_matrix\picture\EL042_picture_WM_ERSP_EntG_R3_TN.npy,\\nasac-m2.unige.ch\m-HumanNeuronLab\ANALYSIS\FLM\Analysis_LoraFanda\01_FBM_Analysis\outputs\04_ersp_LM_RAWONLY\EL042\LM\ERSP_matrix\reading\EL042_reading_WM_ERSP_EntG_R3_TN.npy,0,-0.16279449,0,EL042|ENTGR3,0.2022979012106796,0.2552133476533651,0.10411861896623645,6.465588479396739e-05,0.1288363429778562,2.6612985271838723e-07,0.30946886717721583
343,EL042,ENTGR5,EntG_R5,LM,concat,2,\\nasac-m2.unige.ch\m-HumanNeuronLab\ANALYSIS\FLM\Analysis_LoraFanda\01_FBM_Analysis\outputs\04_ersp_LM_RAWONLY\EL042\LM\ERSP_matrix\audio\EL042_audio_WM_ERSP_EntG_R5_TN.npy,\\nasac-m2.unige.ch\m-HumanNeuronLab\ANALYSIS\FLM\Analysis_LoraFanda\01_FBM_Analysis\outputs\04_ersp_LM_RAWONLY\EL042\LM\ERSP_matrix\audio\EL042_audio_WM_ERSP_EntG_R5_TN.npy,\\nasac-m2.unige.ch\m-HumanNeuronLab\ANALYSIS\FLM\Analysis_LoraFanda\01_FBM_Analysis\outputs\04_ersp_LM_RAWONLY\EL042\LM\ERSP_matrix\picture\EL042_picture_WM_ERSP_EntG_R5_TN.npy,\\nasac-m2.unige.ch\m-HumanNeuronLab\ANALYSIS\FLM\Analysis_LoraFanda\01_FBM_Analysis\outputs\04_ersp_LM_RAWONLY\EL042\LM\ERSP_matrix\reading\EL042_reading_WM_ERSP_EntG_R5_TN.npy,1,0.22356649,1,EL042|ENTGR5,0.1461065899315308,0.28290496307499197,0.11167624781656357,0.0003341230382886024,0.15564932134257797,5.989311757900736e-07,0.3033281558648711
344,EL042,ENTGR6,EntG_R6,LM,concat,3,\\nasac-m2.unige.ch\m-HumanNeuronLab\ANALYSIS\FLM\Analysis_LoraFanda\01_FBM_Analysis\outputs\04_ersp_LM_RAWONLY\EL042\LM\ERSP_matrix\audio\EL042_audio_WM_ERSP_EntG_R6_TN.npy,\\nasac-m2.unige.ch\m-HumanNeuronLab\ANALYSIS\FLM\Analysis_LoraFanda\01_FBM_Analysis\outputs\04_ersp_LM_RAWONLY\EL042\LM\ERSP_matrix\audio\EL042_audio_WM_ERSP_EntG_R6_TN.npy,\\nasac-m2.unige.ch\m-HumanNeuronLab\ANALYSIS\FLM\Analysis_LoraFanda\01_FBM_Analysis\outputs\04_ersp_LM_RAWONLY\EL042\LM\ERSP_matrix\picture\EL042_picture_WM_ERSP_EntG_R6_TN.npy,\\nasac-m2.unige.ch\m-HumanNeuronLab\ANALYSIS\FLM\Analysis_LoraFanda\01_FBM_Analysis\outputs\04_ersp_LM_RAWONLY\EL042\LM\ERSP_matrix\reading\EL042_reading_WM_ERSP_EntG_R6_TN.npy,1,0.3874729,1,EL042|ENTGR6,0.0060150085780836665,0.25453989199031835,0.09218319556348781,0.11704324165073901,0.262099642565297,0.008044969998889727,0.2600740496531844
345,EL042,ENTGR7,EntG_R7,LM,concat,3,\\nasac-m2.unige.ch\m-HumanNeuronLab\ANALYSIS\FLM\Analysis_LoraFanda\01_FBM_Analysis\outputs\04_ersp_LM_RAWONLY\EL042\LM\ERSP_matrix\audio\EL042_audio_WM_ERSP_EntG_R7_TN.npy,\\nasac-m2.unige.ch\m-HumanNeuronLab\ANALYSIS\FLM\Analysis_LoraFanda\01_FBM_Analysis\outputs\04_ersp_LM_RAWONLY\EL042\LM\ERSP_matrix\audio\EL042_audio_WM_ERSP_EntG_R7_TN.npy,\\nasac-m2.unige.ch\m-HumanNeuronLab\ANALYSIS\FLM\Analysis_LoraFanda\01_FBM_Analysis\outputs\04_ersp_LM_RAWONLY\EL042\LM\ERSP_matrix\picture\EL042_picture_WM_ERSP_EntG_R7_TN.npy,\\nasac-m2.unige.ch\m-HumanNeuronLab\ANALYSIS\FLM\Analysis_LoraFanda\01_FBM_Analysis\outputs\04_ersp_LM_RAWONLY\EL042\LM\ERSP_matrix\reading\EL042_reading_WM_ERSP_EntG_R7_TN.npy,1,0.30179816,1,EL042|ENTGR7,0.1263083871787651,0.2523656490920939,0.23406555091411993,5.502405518996733e-06,0.061491480404389995,0.04165550285156628,0.2841079271535457
346,EL042,ENTGR8,EntG_R8,LM,concat,3,\\nasac-m2.unige.ch\m-HumanNeuronLab\ANALYSIS\FLM\Analysis_LoraFanda\01_FBM_Analysis\outputs\04_ersp_LM_RAWONLY\EL042\LM\ERSP_matrix\audio\EL042_audio_WM_ERSP_EntG_R8_TN.npy,\\nasac-m2.unige.ch\m-HumanNeuronLab\ANALYSIS\FLM\Analysis_LoraFanda\01_FBM_Analysis\outputs\04_ersp_LM_RAWONLY\EL042\LM\ERSP_matrix\audio\EL042_audio_WM_ERSP_EntG_R8_TN.npy,\\nasac-m2.unige.ch\m-HumanNeuronLab\ANALYSIS\FLM\Analysis_LoraFanda\01_FBM_Analysis\outputs\04_ersp_LM_RAWONLY\EL042\LM\ERSP_matrix\picture\EL042_picture_WM_ERSP_EntG_R8_TN.npy,\\nasac-m2.unige.ch\m-HumanNeuronLab\ANALYSIS\FLM\Analysis_LoraFanda\01_FBM_Analysis\outputs\04_ersp_LM_RAWONLY\EL042\LM\ERSP_matrix\reading\EL042_reading_WM_ERSP_EntG_R8_TN.npy,1,0.2750436,1,EL042|ENTGR8,0.23962687490699167,0.0365767304342724,0.11046333037169816,0.22574292860054448,0.16241745700525984,0.22476064895408282,0.0004120297271505588
347,EL042,ENTGR9,EntG_R9,LM,concat,3,\\nasac-m2.unige.ch\m-HumanNeuronLab\ANALYSIS\FLM\Analysis_LoraFanda\01_FBM_Analysis\outputs\04_ersp_LM_RAWONLY\EL042\LM\ERSP_matrix\audio\EL042_audio_WM_ERSP_EntG_R9_TN.npy,\\nasac-m2.unige.ch\m-HumanNeuronLab\ANALYSIS\FLM\Analysis_LoraFanda\01_FBM_Analysis\outputs\04_ersp_LM_RAWONLY\EL042\LM\ERSP_matrix\audio\EL042_audio_WM_ERSP_EntG_R9_TN.npy,\\nasac-m2.unige.ch\m-HumanNeuronLab\ANALYSIS\FLM\Analysis_LoraFanda\01_FBM_Analysis\outputs\04_ersp_LM_RAWONLY\EL042\LM\ERSP_matrix\picture\EL042_picture_WM_ERSP_EntG_R9_TN.npy,\\nasac-m2.unige.ch\m-HumanNeuronLab\ANALYSIS\FLM\Analysis_LoraFanda\01_FBM_Analysis\outputs\04_ersp_LM_RAWONLY\EL042\LM\ERSP_matrix\reading\EL042_reading_WM_ERSP_EntG_R9_TN.npy,1,0.36615497,1,EL042|ENTGR9,4.796078407927745e-24,0.39387390584672716,0.1674186818726432,0.06298115742714183,0.264566965829581,0.10615087272331114,0.0050084163005959
348,EL042,OFR10,OF_R10,LM,concat,1,\\nasac-m2.unige.ch\m-HumanNeuronLab\ANALYSIS\FLM\Analysis_LoraFanda\01_FBM_Analysis\outputs\04_ersp_LM_RAWONLY\EL042\LM\ERSP_matrix\audio\EL042_audio_WM_ERSP_OF_R10_TN.npy,\\nasac-m2.unige.ch\m-HumanNeuronLab\ANALYSIS\FLM\Analysis_LoraFanda\01_FBM_Analysis\outputs\04_ersp_LM_RAWONLY\EL042\LM\ERSP_matrix\audio\EL042_audio_WM_ERSP_OF_R10_TN.npy,\\nasac-m2.unige.ch\m-HumanNeuronLab\ANALYSIS\FLM\Analysis_LoraFanda\01_FBM_Analysis\outputs\04_ersp_LM_RAWONLY\EL042\LM\ERSP_matrix\picture\EL042_picture_WM_ERSP_OF_R10_TN.npy,\\nasac-m2.unige.ch\m-HumanNeuronLab\ANALYSIS\FLM\Analysis_LoraFanda\01_FBM_Analysis\outputs\04_ersp_LM_RAWONLY\EL042\LM\ERSP_matrix\reading\EL042_reading_WM_ERSP_OF_R10_TN.npy,1,0.21796629,1,EL042|OFR10,0.13333172498946388,0.558592046355847,0.01165260081821382,9.779707362946997e-05,0.014319040179919668,0.21934588977575956,0.06266090080716655
349,EL042,OFR11,OF_R11,LM,concat,1,\\nasac-m2.unige.ch\m-HumanNeuronLab\ANALYSIS\FLM\Analysis_LoraFanda\01_FBM_Analysis\outputs\04_ersp_LM_RAWONLY\EL042\LM\ERSP_matrix\audio\EL042_audio_WM_ERSP_OF_R11_TN.npy,\\nasac-m2.unige.ch\m-HumanNeuronLab\ANALYSIS\FLM\Analysis_LoraFanda\01_FBM_Analysis\outputs\04_ersp_LM_RAWONLY\EL042\LM\ERSP_matrix\audio\EL042_audio_WM_ERSP_OF_R11_TN.npy,\\nasac-m2.unige.ch\m-HumanNeuronLab\ANALYSIS\FLM\Analysis_LoraFanda\01_FBM_Analysis\outputs\04_ersp_LM_RAWONLY\EL042\LM\ERSP_matrix\picture\EL042_picture_WM_ERSP_OF_R11_TN.npy,\\nasac-m2.unige.ch\m-HumanNeuronLab\ANALYSIS\FLM\Analysis_LoraFanda\01_FBM_Analysis\outputs\04_ersp_LM_RAWONLY\EL042\LM\ERSP_matrix\reading\EL042_reading_WM_ERSP_OF_R11_TN.npy,1,0.18002504,1,EL042|OFR11,0.00011308523292646153,0.6158886682862211,0.06542591295707138,0.00463814461270713,0.09783444250429357,0.08018705085728259,0.13591269554949773
350,EL042,OFR8,OF_R8,LM,concat,1,\\nasac-m2.unige.ch\m-HumanNeuronLab\ANALYSIS\FLM\Analysis_LoraFanda\01_FBM_Analysis\outputs\04_ersp_LM_RAWONLY\EL042\LM\ERSP_matrix\audio\EL042_audio_WM_ERSP_OF_R8_TN.npy,\\nasac-m2.unige.ch\m-HumanNeuronLab\ANALYSIS\FLM\Analysis_LoraFanda\01_FBM_Analysis\outputs\04_ersp_LM_RAWONLY\EL042\LM\ERSP_matrix\audio\EL042_audio_WM_ERSP_OF_R8_TN.npy,\\nasac-m2.unige.ch\m-HumanNeuronLab\ANALYSIS\FLM\Analysis_LoraFanda\01_FBM_Analysis\outputs\04_ersp_LM_RAWONLY\EL042\LM\ERSP_matrix\picture\EL042_picture_WM_ERSP_OF_R8_TN.npy,\\nasac-m2.unige.ch\m-HumanNeuronLab\ANALYSIS\FLM\Analysis_LoraFanda\01_FBM_Analysis\outputs\04_ersp_LM_RAWONLY\EL042\LM\ERSP_matrix\reading\EL042_reading_WM_ERSP_OF_R8_TN.npy,1,0.26642978,1,EL042|OFR8,0.3328902179503764,0.45102673245463876,0.00011589446389310906,1.2139226766017322e-05,2.2243480187333535e-10,2.2819302678868637e-18,0.21595501568189085
351,EL042,PHR11,pH_R11,LM,concat,1,\\nasac-m2.unige.ch\m-HumanNeuronLab\ANALYSIS\FLM\Analysis_LoraFanda\01_FBM_Analysis\outputs\04_ersp_LM_RAWONLY\EL042\LM\ERSP_matrix\audio\EL042_audio_WM_ERSP_pH_R11_TN.npy,\\nasac-m2.unige.ch\m-HumanNeuronLab\ANALYSIS\FLM\Analysis_LoraFanda\01_FBM_Analysis\outputs\04_ersp_LM_RAWONLY\EL042\LM\ERSP_matrix\audio\EL042_audio_WM_ERSP_pH_R11_TN.npy,\\nasac-m2.unige.ch\m-HumanNeuronLab\ANALYSIS\FLM\Analysis_LoraFanda\01_FBM_Analysis\outputs\04_ersp_LM_RAWONLY\EL042\LM\ERSP_matrix\picture\EL042_picture_WM_ERSP_pH_R11_TN.npy,\\nasac-m2.unige.ch\m-HumanNeuronLab\ANALYSIS\FLM\Analysis_LoraFanda\01_FBM_Analysis\outputs\04_ersp_LM_RAWONLY\EL042\LM\ERSP_matrix\reading\EL042_reading_WM_ERSP_pH_R11_TN.npy,1,0.30328342,1,EL042|PHR11,0.310520405035322,0.493857911972856,3.1691756493639667e-29,0.19562095536338428,1.117892385752421e-24,6.669310937955632e-31,7.276284376669037e-07
352,EL042,PHR12,pH_R12,LM,concat,1,\\nasac-m2.unige.ch\m-HumanNeuronLab\ANALYSIS\FLM\Analysis_LoraFanda\01_FBM_Analysis\outputs\04_ersp_LM_RAWONLY\EL042\LM\ERSP_matrix\audio\EL042_audio_WM_ERSP_pH_R12_TN.npy,\\nasac-m2.unige.ch\m-HumanNeuronLab\ANALYSIS\FLM\Analysis_LoraFanda\01_FBM_Analysis\outputs\04_ersp_LM_RAWONLY\EL042\LM\ERSP_matrix\audio\EL042_audio_WM_ERSP_pH_R12_TN.npy,\\nasac-m2.unige.ch\m-HumanNeuronLab\ANALYSIS\FLM\Analysis_LoraFanda\01_FBM_Analysis\outputs\04_ersp_LM_RAWONLY\EL042\LM\ERSP_matrix\picture\EL042_picture_WM_ERSP_pH_R12_TN.npy,\\nasac-m2.unige.ch\m-HumanNeuronLab\ANALYSIS\FLM\Analysis_LoraFanda\01_FBM_Analysis\outputs\04_ersp_LM_RAWONLY\EL042\LM\ERSP_matrix\reading\EL042_reading_WM_ERSP_pH_R12_TN.npy,1,0.36872682,1,EL042|PHR12,0.3112702989344081,0.25351808139922927,0.24932835864760744,0.09029949395485948,1.3445373525051157e-13,0.095583006772056,7.602917053981469e-07
353,EL042,PHR14,pH_R14,LM,concat,1,\\nasac-m2.unige.ch\m-HumanNeuronLab\ANALYSIS\FLM\Analysis_LoraFanda\01_FBM_Analysis\outputs\04_ersp_LM_RAWONLY\EL042\LM\ERSP_matrix\audio\EL042_audio_WM_ERSP_pH_R14_TN.npy,\\nasac-m2.unige.ch\m-HumanNeuronLab\ANALYSIS\FLM\Analysis_LoraFanda\01_FBM_Analysis\outputs\04_ersp_LM_RAWONLY\EL042\LM\ERSP_matrix\audio\EL042_audio_WM_ERSP_pH_R14_TN.npy,\\nasac-m2.unige.ch\m-HumanNeuronLab\ANALYSIS\FLM\Analysis_LoraFanda\01_FBM_Analysis\outputs\04_ersp_LM_RAWONLY\EL042\LM\ERSP_matrix\picture\EL042_picture_WM_ERSP_pH_R14_TN.npy,\\nasac-m2.unige.ch\m-HumanNeuronLab\ANALYSIS\FLM\Analysis_LoraFanda\01_FBM_Analysis\outputs\04_ersp_LM_RAWONLY\EL042\LM\ERSP_matrix\reading\EL042_reading_WM_ERSP_pH_R14_TN.npy,1,0.3488613,1,EL042|PHR14,0.15080748417534282,0.3338891548345826,0.4090878429862736,0.10621551800380102,4.398492473404457e-40,5.4481832694595565e-58,9.239716002440123e-20
354,EL042,STGR2,STG_R2,LM,concat,1,\\nasac-m2.unige.ch\m-HumanNeuronLab\ANALYSIS\FLM\Analysis_LoraFanda\01_FBM_Analysis\outputs\04_ersp_LM_RAWONLY\EL042\LM\ERSP_matrix\audio\EL042_audio_WM_ERSP_STG_R2_TN.npy,\\nasac-m2.unige.ch\m-HumanNeuronLab\ANALYSIS\FLM\Analysis_LoraFanda\01_FBM_Analysis\outputs\04_ersp_LM_RAWONLY\EL042\LM\ERSP_matrix\audio\EL042_audio_WM_ERSP_STG_R2_TN.npy,\\nasac-m2.unige.ch\m-HumanNeuronLab\ANALYSIS\FLM\Analysis_LoraFanda\01_FBM_Analysis\outputs\04_ersp_LM_RAWONLY\EL042\LM\ERSP_matrix\picture\EL042_picture_WM_ERSP_STG_R2_TN.npy,\\nasac-m2.unige.ch\m-HumanNeuronLab\ANALYSIS\FLM\Analysis_LoraFanda\01_FBM_Analysis\outputs\04_ersp_LM_RAWONLY\EL042\LM\ERSP_matrix\reading\EL042_reading_WM_ERSP_STG_R2_TN.npy,4,0.094942085,4,EL042|STGR2,0.03140338205744443,0.7683343423119096,0.0016213648045110918,0.01837491133666193,4.3911069341552603e-08,0.14703536352712474,0.03323059205127901
355,EL042,STGR4,STG_R4,LM,concat,2,\\nasac-m2.unige.ch\m-HumanNeuronLab\ANALYSIS\FLM\Analysis_LoraFanda\01_FBM_Analysis\outputs\04_ersp_LM_RAWONLY\EL042\LM\ERSP_matrix\audio\EL042_audio_WM_ERSP_STG_R4_TN.npy,\\nasac-m2.unige.ch\m-HumanNeuronLab\ANALYSIS\FLM\Analysis_LoraFanda\01_FBM_Analysis\outputs\04_ersp_LM_RAWONLY\EL042\LM\ERSP_matrix\audio\EL042_audio_WM_ERSP_STG_R4_TN.npy,\\nasac-m2.unige.ch\m-HumanNeuronLab\ANALYSIS\FLM\Analysis_LoraFanda\01_FBM_Analysis\outputs\04_ersp_LM_RAWONLY\EL042\LM\ERSP_matrix\picture\EL042_picture_WM_ERSP_STG_R4_TN.npy,\\nasac-m2.unige.ch\m-HumanNeuronLab\ANALYSIS\FLM\Analysis_LoraFanda\01_FBM_Analysis\outputs\04_ersp_LM_RAWONLY\EL042\LM\ERSP_matrix\reading\EL042_reading_WM_ERSP_STG_R4_TN.npy,4,0.24763563,4,EL042|STGR4,0.04158005650995249,0.6559045233827846,0.0638598386622462,1.7075629340816082e-05,6.3593840473717346e-09,0.13089975904578693,0.10773874041050481
356,EL042,STGR5,STG_R5,LM,concat,3,\\nasac-m2.unige.ch\m-HumanNeuronLab\ANALYSIS\FLM\Analysis_LoraFanda\01_FBM_Analysis\outputs\04_ersp_LM_RAWONLY\EL042\LM\ERSP_matrix\audio\EL042_audio_WM_ERSP_STG_R5_TN.npy,\\nasac-m2.unige.ch\m-HumanNeuronLab\ANALYSIS\FLM\Analysis_LoraFanda\01_FBM_Analysis\outputs\04_ersp_LM_RAWONLY\EL042\LM\ERSP_matrix\audio\EL042_audio_WM_ERSP_STG_R5_TN.npy,\\nasac-m2.unige.ch\m-HumanNeuronLab\ANALYSIS\FLM\Analysis_LoraFanda\01_FBM_Analysis\outputs\04_ersp_LM_RAWONLY\EL042\LM\ERSP_matrix\picture\EL042_picture_WM_ERSP_STG_R5_TN.npy,\\nasac-m2.unige.ch\m-HumanNeuronLab\ANALYSIS\FLM\Analysis_LoraFanda\01_FBM_Analysis\outputs\04_ersp_LM_RAWONLY\EL042\LM\ERSP_matrix\reading\EL042_reading_WM_ERSP_STG_R5_TN.npy,4,0.26319495,4,EL042|STGR5,0.10877595534641742,0.6618492225591556,0.001640917480338933,0.0026542242744889417,1.961668972521582e-06,0.18661756795191695,0.03846015071870951
357,EL042,STGR6,STG_R6,LM,concat,3,\\nasac-m2.unige.ch\m-HumanNeuronLab\ANALYSIS\FLM\Analysis_LoraFanda\01_FBM_Analysis\outputs\04_ersp_LM_RAWONLY\EL042\LM\ERSP_matrix\audio\EL042_audio_WM_ERSP_STG_R6_TN.npy,\\nasac-m2.unige.ch\m-HumanNeuronLab\ANALYSIS\FLM\Analysis_LoraFanda\01_FBM_Analysis\outputs\04_ersp_LM_RAWONLY\EL042\LM\ERSP_matrix\audio\EL042_audio_WM_ERSP_STG_R6_TN.npy,\\nasac-m2.unige.ch\m-HumanNeuronLab\ANALYSIS\FLM\Analysis_LoraFanda\01_FBM_Analysis\outputs\04_ersp_LM_RAWONLY\EL042\LM\ERSP_matrix\picture\EL042_picture_WM_ERSP_STG_R6_TN.npy,\\nasac-m2.unige.ch\m-HumanNeuronLab\ANALYSIS\FLM\Analysis_LoraFanda\01_FBM_Analysis\outputs\04_ersp_LM_RAWONLY\EL042\LM\ERSP_matrix\reading\EL042_reading_WM_ERSP_STG_R6_TN.npy,4,0.26646447,4,EL042|STGR6,0.10930224410501425,0.6161363317683,0.04287899300015578,7.0750964537935e-05,6.382768360459394e-05,0.2047835466295456,0.02676430584884193
358,EL042,STGR9,STG_R9,LM,concat,1,\\nasac-m2.unige.ch\m-HumanNeuronLab\ANALYSIS\FLM\Analysis_LoraFanda\01_FBM_Analysis\outputs\04_ersp_LM_RAWONLY\EL042\LM\ERSP_matrix\audio\EL042_audio_WM_ERSP_STG_R9_TN.npy,\\nasac-m2.unige.ch\m-HumanNeuronLab\ANALYSIS\FLM\Analysis_LoraFanda\01_FBM_Analysis\outputs\04_ersp_LM_RAWONLY\EL042\LM\ERSP_matrix\audio\EL042_audio_WM_ERSP_STG_R9_TN.npy,\\nasac-m2.unige.ch\m-HumanNeuronLab\ANALYSIS\FLM\Analysis_LoraFanda\01_FBM_Analysis\outputs\04_ersp_LM_RAWONLY\EL042\LM\ERSP_matrix\picture\EL042_picture_WM_ERSP_STG_R9_TN.npy,\\nasac-m2.unige.ch\m-HumanNeuronLab\ANALYSIS\FLM\Analysis_LoraFanda\01_FBM_Analysis\outputs\04_ersp_LM_RAWONLY\EL042\LM\ERSP_matrix\reading\EL042_reading_WM_ERSP_STG_R9_TN.npy,4,0.11178742,4,EL042|STGR9,0.12856939571690332,0.6889776166531595,0.05099924146649634,0.00010427410616795497,2.88039098528868e-13,0.12419144279532428,0.00715802926166062
359,EL043,A2,A2,LM,concat,1,\\nasac-m2.unige.ch\m-HumanNeuronLab\ANALYSIS\FLM\Analysis_LoraFanda\01_FBM_Analysis\outputs\04_ersp_LM_RAWONLY\EL043\LM\ERSP_matrix\audio\EL043_audio_WM_ERSP_A2_TN.npy,\\nasac-m2.unige.ch\m-HumanNeuronLab\ANALYSIS\FLM\Analysis_LoraFanda\01_FBM_Analysis\outputs\04_ersp_LM_RAWONLY\EL043\LM\ERSP_matrix\audio\EL043_audio_WM_ERSP_A2_TN.npy,\\nasac-m2.unige.ch\m-HumanNeuronLab\ANALYSIS\FLM\Analysis_LoraFanda\01_FBM_Analysis\outputs\04_ersp_LM_RAWONLY\EL043\LM\ERSP_matrix\picture\EL043_picture_WM_ERSP_A2_TN.npy,\\nasac-m2.unige.ch\m-HumanNeuronLab\ANALYSIS\FLM\Analysis_LoraFanda\01_FBM_Analysis\outputs\04_ersp_LM_RAWONLY\EL043\LM\ERSP_matrix\reading\EL043_reading_WM_ERSP_A2_TN.npy,1,0.31576964,1,EL043|A2,4.5219743475846247e-07,0.13300789528320692,0.22324990863613559,0.22358673449740982,0.11172391380067853,1.0531089619879881e-23,0.30843109558513443
360,EL043,A3,A3,LM,concat,1,\\nasac-m2.unige.ch\m-HumanNeuronLab\ANALYSIS\FLM\Analysis_LoraFanda\01_FBM_Analysis\outputs\04_ersp_LM_RAWONLY\EL043\LM\ERSP_matrix\audio\EL043_audio_WM_ERSP_A3_TN.npy,\\nasac-m2.unige.ch\m-HumanNeuronLab\ANALYSIS\FLM\Analysis_LoraFanda\01_FBM_Analysis\outputs\04_ersp_LM_RAWONLY\EL043\LM\ERSP_matrix\audio\EL043_audio_WM_ERSP_A3_TN.npy,\\nasac-m2.unige.ch\m-HumanNeuronLab\ANALYSIS\FLM\Analysis_LoraFanda\01_FBM_Analysis\outputs\04_ersp_LM_RAWONLY\EL043\LM\ERSP_matrix\picture\EL043_picture_WM_ERSP_A3_TN.npy,\\nasac-m2.unige.ch\m-HumanNeuronLab\ANALYSIS\FLM\Analysis_LoraFanda\01_FBM_Analysis\outputs\04_ersp_LM_RAWONLY\EL043\LM\ERSP_matrix\reading\EL043_reading_WM_ERSP_A3_TN.npy,1,0.32327238,1,EL043|A3,0.03482359511276964,0.33726385302641104,0.3483482404490135,2.332261151565708e-06,9.931836024020208e-05,3.2863174808188963e-18,0.27946266079041393
361,EL043,A4,A4,LM,concat,1,\\nasac-m2.unige.ch\m-HumanNeuronLab\ANALYSIS\FLM\Analysis_LoraFanda\01_FBM_Analysis\outputs\04_ersp_LM_RAWONLY\EL043\LM\ERSP_matrix\audio\EL043_audio_WM_ERSP_A4_TN.npy,\\nasac-m2.unige.ch\m-HumanNeuronLab\ANALYSIS\FLM\Analysis_LoraFanda\01_FBM_Analysis\outputs\04_ersp_LM_RAWONLY\EL043\LM\ERSP_matrix\audio\EL043_audio_WM_ERSP_A4_TN.npy,\\nasac-m2.unige.ch\m-HumanNeuronLab\ANALYSIS\FLM\Analysis_LoraFanda\01_FBM_Analysis\outputs\04_ersp_LM_RAWONLY\EL043\LM\ERSP_matrix\picture\EL043_picture_WM_ERSP_A4_TN.npy,\\nasac-m2.unige.ch\m-HumanNeuronLab\ANALYSIS\FLM\Analysis_LoraFanda\01_FBM_Analysis\outputs\04_ersp_LM_RAWONLY\EL043\LM\ERSP_matrix\reading\EL043_reading_WM_ERSP_A4_TN.npy,1,0.31616053,1,EL043|A4,3.7117012317346126e-14,0.28249951596389156,0.020187914493282583,0.17557801266082732,0.24459022048713258,4.056487807046547e-22,0.2771443363948288
362,EL043,HIP1,Hip1,LM,concat,2,\\nasac-m2.unige.ch\m-HumanNeuronLab\ANALYSIS\FLM\Analysis_LoraFanda\01_FBM_Analysis\outputs\04_ersp_LM_RAWONLY\EL043\LM\ERSP_matrix\audio\EL043_audio_WM_ERSP_Hip1_TN.npy,\\nasac-m2.unige.ch\m-HumanNeuronLab\ANALYSIS\FLM\Analysis_LoraFanda\01_FBM_Analysis\outputs\04_ersp_LM_RAWONLY\EL043\LM\ERSP_matrix\audio\EL043_audio_WM_ERSP_Hip1_TN.npy,\\nasac-m2.unige.ch\m-HumanNeuronLab\ANALYSIS\FLM\Analysis_LoraFanda\01_FBM_Analysis\outputs\04_ersp_LM_RAWONLY\EL043\LM\ERSP_matrix\picture\EL043_picture_WM_ERSP_Hip1_TN.npy,\\nasac-m2.unige.ch\m-HumanNeuronLab\ANALYSIS\FLM\Analysis_LoraFanda\01_FBM_Analysis\outputs\04_ersp_LM_RAWONLY\EL043\LM\ERSP_matrix\reading\EL043_reading_WM_ERSP_Hip1_TN.npy,1,0.21490102,1,EL043|HIP1,0.23189467427598245,0.22209782159489333,6.393639769748096e-08,2.602355431865976e-10,2.9919888543942644e-30,5.087179913234193e-34,0.5460074399324909
363,EL043,HIP2,Hip2,LM,concat,1,\\nasac-m2.unige.ch\m-HumanNeuronLab\ANALYSIS\FLM\Analysis_LoraFanda\01_FBM_Analysis\outputs\04_ersp_LM_RAWONLY\EL043\LM\ERSP_matrix\audio\EL043_audio_WM_ERSP_Hip2_TN.npy,\\nasac-m2.unige.ch\m-HumanNeuronLab\ANALYSIS\FLM\Analysis_LoraFanda\01_FBM_Analysis\outputs\04_ersp_LM_RAWONLY\EL043\LM\ERSP_matrix\audio\EL043_audio_WM_ERSP_Hip2_TN.npy,\\nasac-m2.unige.ch\m-HumanNeuronLab\ANALYSIS\FLM\Analysis_LoraFanda\01_FBM_Analysis\outputs\04_ersp_LM_RAWONLY\EL043\LM\ERSP_matrix\picture\EL043_picture_WM_ERSP_Hip2_TN.npy,\\nasac-m2.unige.ch\m-HumanNeuronLab\ANALYSIS\FLM\Analysis_LoraFanda\01_FBM_Analysis\outputs\04_ersp_LM_RAWONLY\EL043\LM\ERSP_matrix\reading\EL043_reading_WM_ERSP_Hip2_TN.npy,1,0.2941145,1,EL043|HIP2,0.4058857506525015,0.269401836098157,1.1435133492412326e-18,4.580799118054506e-10,5.7686317524855995e-37,2.3119083845052852e-48,0.3247124127912617
364,EL043,HIP7,Hip7,LM,concat,3,\\nasac-m2.unige.ch\m-HumanNeuronLab\ANALYSIS\FLM\Analysis_LoraFanda\01_FBM_Analysis\outputs\04_ersp_LM_RAWONLY\EL043\LM\ERSP_matrix\audio\EL043_audio_WM_ERSP_Hip7_TN.npy,\\nasac-m2.unige.ch\m-HumanNeuronLab\ANALYSIS\FLM\Analysis_LoraFanda\01_FBM_Analysis\outputs\04_ersp_LM_RAWONLY\EL043\LM\ERSP_matrix\audio\EL043_audio_WM_ERSP_Hip7_TN.npy,\\nasac-m2.unige.ch\m-HumanNeuronLab\ANALYSIS\FLM\Analysis_LoraFanda\01_FBM_Analysis\outputs\04_ersp_LM_RAWONLY\EL043\LM\ERSP_matrix\picture\EL043_picture_WM_ERSP_Hip7_TN.npy,\\nasac-m2.unige.ch\m-HumanNeuronLab\ANALYSIS\FLM\Analysis_LoraFanda\01_FBM_Analysis\outputs\04_ersp_LM_RAWONLY\EL043\LM\ERSP_matrix\reading\EL043_reading_WM_ERSP_Hip7_TN.npy,2,0.2067904,2,EL043|HIP7,0.18253765675696268,5.412064249376975e-09,0.0006986528604811401,0.44368162792418475,0.3726980358474752,1.643768584273013e-06,0.00038237743024779365
365,EL043,IOG1,IOG1,LM,concat,1,\\nasac-m2.unige.ch\m-HumanNeuronLab\ANALYSIS\FLM\Analysis_LoraFanda\01_FBM_Analysis\outputs\04_ersp_LM_RAWONLY\EL043\LM\ERSP_matrix\audio\EL043_audio_WM_ERSP_IOG1_TN.npy,\\nasac-m2.unige.ch\m-HumanNeuronLab\ANALYSIS\FLM\Analysis_LoraFanda\01_FBM_Analysis\outputs\04_ersp_LM_RAWONLY\EL043\LM\ERSP_matrix\audio\EL043_audio_WM_ERSP_IOG1_TN.npy,\\nasac-m2.unige.ch\m-HumanNeuronLab\ANALYSIS\FLM\Analysis_LoraFanda\01_FBM_Analysis\outputs\04_ersp_LM_RAWONLY\EL043\LM\ERSP_matrix\picture\EL043_picture_WM_ERSP_IOG1_TN.npy,\\nasac-m2.unige.ch\m-HumanNeuronLab\ANALYSIS\FLM\Analysis_LoraFanda\01_FBM_Analysis\outputs\04_ersp_LM_RAWONLY\EL043\LM\ERSP_matrix\reading\EL043_reading_WM_ERSP_IOG1_TN.npy,1,0.21425816,1,EL043|IOG1,0.3980917125687448,6.220494479322894e-20,0.3521474984372181,0.24976078899354845,4.125450081688582e-13,1.615261314577652e-27,7.615124876756979e-14
366,EL043,IOG2,IOG2,LM,concat,1,\\nasac-m2.unige.ch\m-HumanNeuronLab\ANALYSIS\FLM\Analysis_LoraFanda\01_FBM_Analysis\outputs\04_ersp_LM_RAWONLY\EL043\LM\ERSP_matrix\audio\EL043_audio_WM_ERSP_IOG2_TN.npy,\\nasac-m2.unige.ch\m-HumanNeuronLab\ANALYSIS\FLM\Analysis_LoraFanda\01_FBM_Analysis\outputs\04_ersp_LM_RAWONLY\EL043\LM\ERSP_matrix\audio\EL043_audio_WM_ERSP_IOG2_TN.npy,\\nasac-m2.unige.ch\m-HumanNeuronLab\ANALYSIS\FLM\Analysis_LoraFanda\01_FBM_Analysis\outputs\04_ersp_LM_RAWONLY\EL043\LM\ERSP_matrix\picture\EL043_picture_WM_ERSP_IOG2_TN.npy,\\nasac-m2.unige.ch\m-HumanNeuronLab\ANALYSIS\FLM\Analysis_LoraFanda\01_FBM_Analysis\outputs\04_ersp_LM_RAWONLY\EL043\LM\ERSP_matrix\reading\EL043_reading_WM_ERSP_IOG2_TN.npy,1,0.14174077,1,EL043|IOG2,0.4721551860438013,2.8670833952976495e-20,0.12414588259901138,0.4036989313486119,1.4830442798149808e-27,1.7040200254304478e-42,8.575518323095993e-12
367,EL043,IOG3,IOG3,LM,concat,1,\\nasac-m2.unige.ch\m-HumanNeuronLab\ANALYSIS\FLM\Analysis_LoraFanda\01_FBM_Analysis\outputs\04_ersp_LM_RAWONLY\EL043\LM\ERSP_matrix\audio\EL043_audio_WM_ERSP_IOG3_TN.npy,\\nasac-m2.unige.ch\m-HumanNeuronLab\ANALYSIS\FLM\Analysis_LoraFanda\01_FBM_Analysis\outputs\04_ersp_LM_RAWONLY\EL043\LM\ERSP_matrix\audio\EL043_audio_WM_ERSP_IOG3_TN.npy,\\nasac-m2.unige.ch\m-HumanNeuronLab\ANALYSIS\FLM\Analysis_LoraFanda\01_FBM_Analysis\outputs\04_ersp_LM_RAWONLY\EL043\LM\ERSP_matrix\picture\EL043_picture_WM_ERSP_IOG3_TN.npy,\\nasac-m2.unige.ch\m-HumanNeuronLab\ANALYSIS\FLM\Analysis_LoraFanda\01_FBM_Analysis\outputs\04_ersp_LM_RAWONLY\EL043\LM\ERSP_matrix\reading\EL043_reading_WM_ERSP_IOG3_TN.npy,1,0.17484903,1,EL043|IOG3,0.5527640238676159,2.1387734131138149e-13,0.06908428024513505,0.3781449937674417,6.522395896247072e-06,1.4286217159361396e-07,3.6861525770871656e-08
368,EL043,IOG4,IOG4,LM,concat,2,\\nasac-m2.unige.ch\m-HumanNeuronLab\ANALYSIS\FLM\Analysis_LoraFanda\01_FBM_Analysis\outputs\04_ersp_LM_RAWONLY\EL043\LM\ERSP_matrix\audio\EL043_audio_WM_ERSP_IOG4_TN.npy,\\nasac-m2.unige.ch\m-HumanNeuronLab\ANALYSIS\FLM\Analysis_LoraFanda\01_FBM_Analysis\outputs\04_ersp_LM_RAWONLY\EL043\LM\ERSP_matrix\audio\EL043_audio_WM_ERSP_IOG4_TN.npy,\\nasac-m2.unige.ch\m-HumanNeuronLab\ANALYSIS\FLM\Analysis_LoraFanda\01_FBM_Analysis\outputs\04_ersp_LM_RAWONLY\EL043\LM\ERSP_matrix\picture\EL043_picture_WM_ERSP_IOG4_TN.npy,\\nasac-m2.unige.ch\m-HumanNeuronLab\ANALYSIS\FLM\Analysis_LoraFanda\01_FBM_Analysis\outputs\04_ersp_LM_RAWONLY\EL043\LM\ERSP_matrix\reading\EL043_reading_WM_ERSP_IOG4_TN.npy,0,-0.067035966,0,EL043|IOG4,0.5622149777472468,3.5764163609588634e-16,0.2529120529532484,0.18487296816450466,3.8736056847575046e-11,1.6209430183161024e-21,1.0962635207688e-09
369,EL043,IOG5,IOG5,LM,concat,2,\\nasac-m2.unige.ch\m-HumanNeuronLab\ANALYSIS\FLM\Analysis_LoraFanda\01_FBM_Analysis\outputs\04_ersp_LM_RAWONLY\EL043\LM\ERSP_matrix\audio\EL043_audio_WM_ERSP_IOG5_TN.npy,\\nasac-m2.unige.ch\m-HumanNeuronLab\ANALYSIS\FLM\Analysis_LoraFanda\01_FBM_Analysis\outputs\04_ersp_LM_RAWONLY\EL043\LM\ERSP_matrix\audio\EL043_audio_WM_ERSP_IOG5_TN.npy,\\nasac-m2.unige.ch\m-HumanNeuronLab\ANALYSIS\FLM\Analysis_LoraFanda\01_FBM_Analysis\outputs\04_ersp_LM_RAWONLY\EL043\LM\ERSP_matrix\picture\EL043_picture_WM_ERSP_IOG5_TN.npy,\\nasac-m2.unige.ch\m-HumanNeuronLab\ANALYSIS\FLM\Analysis_LoraFanda\01_FBM_Analysis\outputs\04_ersp_LM_RAWONLY\EL043\LM\ERSP_matrix\reading\EL043_reading_WM_ERSP_IOG5_TN.npy,0,0.081801556,0,EL043|IOG5,0.6271812305617779,1.8601160550804945e-18,0.2555009497829287,0.1173178193483754,5.1698094366690814e-20,1.2594846085689661e-31,3.069179458231376e-10
370,EL043,IOG6,IOG6,LM,concat,2,\\nasac-m2.unige.ch\m-HumanNeuronLab\ANALYSIS\FLM\Analysis_LoraFanda\01_FBM_Analysis\outputs\04_ersp_LM_RAWONLY\EL043\LM\ERSP_matrix\audio\EL043_audio_WM_ERSP_IOG6_TN.npy,\\nasac-m2.unige.ch\m-HumanNeuronLab\ANALYSIS\FLM\Analysis_LoraFanda\01_FBM_Analysis\outputs\04_ersp_LM_RAWONLY\EL043\LM\ERSP_matrix\audio\EL043_audio_WM_ERSP_IOG6_TN.npy,\\nasac-m2.unige.ch\m-HumanNeuronLab\ANALYSIS\FLM\Analysis_LoraFanda\01_FBM_Analysis\outputs\04_ersp_LM_RAWONLY\EL043\LM\ERSP_matrix\picture\EL043_picture_WM_ERSP_IOG6_TN.npy,\\nasac-m2.unige.ch\m-HumanNeuronLab\ANALYSIS\FLM\Analysis_LoraFanda\01_FBM_Analysis\outputs\04_ersp_LM_RAWONLY\EL043\LM\ERSP_matrix\reading\EL043_reading_WM_ERSP_IOG6_TN.npy,0,0.11380295,0,EL043|IOG6,0.618133162310096,8.476824192410823e-21,0.26625206307747357,0.11561477457149298,7.383709091999823e-25,1.026827396443009e-31,4.0937460436205195e-11
371,EL043,IOG7,IOG7,LM,concat,2,\\nasac-m2.unige.ch\m-HumanNeuronLab\ANALYSIS\FLM\Analysis_LoraFanda\01_FBM_Analysis\outputs\04_ersp_LM_RAWONLY\EL043\LM\ERSP_matrix\audio\EL043_audio_WM_ERSP_IOG7_TN.npy,\\nasac-m2.unige.ch\m-HumanNeuronLab\ANALYSIS\FLM\Analysis_LoraFanda\01_FBM_Analysis\outputs\04_ersp_LM_RAWONLY\EL043\LM\ERSP_matrix\audio\EL043_audio_WM_ERSP_IOG7_TN.npy,\\nasac-m2.unige.ch\m-HumanNeuronLab\ANALYSIS\FLM\Analysis_LoraFanda\01_FBM_Analysis\outputs\04_ersp_LM_RAWONLY\EL043\LM\ERSP_matrix\picture\EL043_picture_WM_ERSP_IOG7_TN.npy,\\nasac-m2.unige.ch\m-HumanNeuronLab\ANALYSIS\FLM\Analysis_LoraFanda\01_FBM_Analysis\outputs\04_ersp_LM_RAWONLY\EL043\LM\ERSP_matrix\reading\EL043_reading_WM_ERSP_IOG7_TN.npy,0,0.122327626,0,EL043|IOG7,0.6210725278567691,1.1192831745927055e-21,0.2948871174365272,0.08404035468909755,3.791788025837059e-28,1.0536003897448052e-34,1.760615274521944e-11
372,EL043,IOG8,IOG8,LM,concat,2,\\nasac-m2.unige.ch\m-HumanNeuronLab\ANALYSIS\FLM\Analysis_LoraFanda\01_FBM_Analysis\outputs\04_ersp_LM_RAWONLY\EL043\LM\ERSP_matrix\audio\EL043_audio_WM_ERSP_IOG8_TN.npy,\\nasac-m2.unige.ch\m-HumanNeuronLab\ANALYSIS\FLM\Analysis_LoraFanda\01_FBM_Analysis\outputs\04_ersp_LM_RAWONLY\EL043\LM\ERSP_matrix\audio\EL043_audio_WM_ERSP_IOG8_TN.npy,\\nasac-m2.unige.ch\m-HumanNeuronLab\ANALYSIS\FLM\Analysis_LoraFanda\01_FBM_Analysis\outputs\04_ersp_LM_RAWONLY\EL043\LM\ERSP_matrix\picture\EL043_picture_WM_ERSP_IOG8_TN.npy,\\nasac-m2.unige.ch\m-HumanNeuronLab\ANALYSIS\FLM\Analysis_LoraFanda\01_FBM_Analysis\outputs\04_ersp_LM_RAWONLY\EL043\LM\ERSP_matrix\reading\EL043_reading_WM_ERSP_IOG8_TN.npy,0,0.109673806,0,EL043|IOG8,0.6541610324760916,4.6814311917482095e-15,0.24391579499197008,0.10192297406304991,6.411082513388675e-13,6.47515488271765e-20,1.9846824250724127e-07
373,EL043,ISMG1,iSMG1,LM,concat,1,\\nasac-m2.unige.ch\m-HumanNeuronLab\ANALYSIS\FLM\Analysis_LoraFanda\01_FBM_Analysis\outputs\04_ersp_LM_RAWONLY\EL043\LM\ERSP_matrix\audio\EL043_audio_WM_ERSP_iSMG1_TN.npy,\\nasac-m2.unige.ch\m-HumanNeuronLab\ANALYSIS\FLM\Analysis_LoraFanda\01_FBM_Analysis\outputs\04_ersp_LM_RAWONLY\EL043\LM\ERSP_matrix\audio\EL043_audio_WM_ERSP_iSMG1_TN.npy,\\nasac-m2.unige.ch\m-HumanNeuronLab\ANALYSIS\FLM\Analysis_LoraFanda\01_FBM_Analysis\outputs\04_ersp_LM_RAWONLY\EL043\LM\ERSP_matrix\picture\EL043_picture_WM_ERSP_iSMG1_TN.npy,\\nasac-m2.unige.ch\m-HumanNeuronLab\ANALYSIS\FLM\Analysis_LoraFanda\01_FBM_Analysis\outputs\04_ersp_LM_RAWONLY\EL043\LM\ERSP_matrix\reading\EL043_reading_WM_ERSP_iSMG1_TN.npy,1,0.12838197,1,EL043|ISMG1,9.734859529342033e-41,0.7066639267617975,0.1169158170189665,0.1764202559811857,7.611954127880513e-31,1.0695318494959958e-37,2.380502317519112e-10
374,EL043,ISMG11,iSMG11,LM,concat,1,\\nasac-m2.unige.ch\m-HumanNeuronLab\ANALYSIS\FLM\Analysis_LoraFanda\01_FBM_Analysis\outputs\04_ersp_LM_RAWONLY\EL043\LM\ERSP_matrix\audio\EL043_audio_WM_ERSP_iSMG11_TN.npy,\\nasac-m2.unige.ch\m-HumanNeuronLab\ANALYSIS\FLM\Analysis_LoraFanda\01_FBM_Analysis\outputs\04_ersp_LM_RAWONLY\EL043\LM\ERSP_matrix\audio\EL043_audio_WM_ERSP_iSMG11_TN.npy,\\nasac-m2.unige.ch\m-HumanNeuronLab\ANALYSIS\FLM\Analysis_LoraFanda\01_FBM_Analysis\outputs\04_ersp_LM_RAWONLY\EL043\LM\ERSP_matrix\picture\EL043_picture_WM_ERSP_iSMG11_TN.npy,\\nasac-m2.unige.ch\m-HumanNeuronLab\ANALYSIS\FLM\Analysis_LoraFanda\01_FBM_Analysis\outputs\04_ersp_LM_RAWONLY\EL043\LM\ERSP_matrix\reading\EL043_reading_WM_ERSP_iSMG11_TN.npy,1,0.15506653,1,EL043|ISMG11,5.922427837338039e-61,0.3955313652233151,0.13464792516966786,0.40237955317378005,0.067440597574351,5.600781699046101e-65,5.588588859690072e-07
375,EL043,ISMG13,iSMG13,LM,concat,1,\\nasac-m2.unige.ch\m-HumanNeuronLab\ANALYSIS\FLM\Analysis_LoraFanda\01_FBM_Analysis\outputs\04_ersp_LM_RAWONLY\EL043\LM\ERSP_matrix\audio\EL043_audio_WM_ERSP_iSMG13_TN.npy,\\nasac-m2.unige.ch\m-HumanNeuronLab\ANALYSIS\FLM\Analysis_LoraFanda\01_FBM_Analysis\outputs\04_ersp_LM_RAWONLY\EL043\LM\ERSP_matrix\audio\EL043_audio_WM_ERSP_iSMG13_TN.npy,\\nasac-m2.unige.ch\m-HumanNeuronLab\ANALYSIS\FLM\Analysis_LoraFanda\01_FBM_Analysis\outputs\04_ersp_LM_RAWONLY\EL043\LM\ERSP_matrix\picture\EL043_picture_WM_ERSP_iSMG13_TN.npy,\\nasac-m2.unige.ch\m-HumanNeuronLab\ANALYSIS\FLM\Analysis_LoraFanda\01_FBM_Analysis\outputs\04_ersp_LM_RAWONLY\EL043\LM\ERSP_matrix\reading\EL043_reading_WM_ERSP_iSMG13_TN.npy,1,0.21825005,1,EL043|ISMG13,6.275187638396441e-40,0.2778480221660522,2.975081537628339e-15,0.2973824466747988,0.12034895854444248,1.626042525922432e-33,0.3044205726147035
376,EL043,ISMG14,iSMG14,LM,concat,1,\\nasac-m2.unige.ch\m-HumanNeuronLab\ANALYSIS\FLM\Analysis_LoraFanda\01_FBM_Analysis\outputs\04_ersp_LM_RAWONLY\EL043\LM\ERSP_matrix\audio\EL043_audio_WM_ERSP_iSMG14_TN.npy,\\nasac-m2.unige.ch\m-HumanNeuronLab\ANALYSIS\FLM\Analysis_LoraFanda\01_FBM_Analysis\outputs\04_ersp_LM_RAWONLY\EL043\LM\ERSP_matrix\audio\EL043_audio_WM_ERSP_iSMG14_TN.npy,\\nasac-m2.unige.ch\m-HumanNeuronLab\ANALYSIS\FLM\Analysis_LoraFanda\01_FBM_Analysis\outputs\04_ersp_LM_RAWONLY\EL043\LM\ERSP_matrix\picture\EL043_picture_WM_ERSP_iSMG14_TN.npy,\\nasac-m2.unige.ch\m-HumanNeuronLab\ANALYSIS\FLM\Analysis_LoraFanda\01_FBM_Analysis\outputs\04_ersp_LM_RAWONLY\EL043\LM\ERSP_matrix\reading\EL043_reading_WM_ERSP_iSMG14_TN.npy,1,0.18646078,1,EL043|ISMG14,2.323373733129999e-56,0.41011749396497515,2.1676403936394557e-08,0.27844084634488725,0.26858767186258864,3.0939206291542e-48,0.04285396615114515
377,EL043,ISMG2,iSMG2,LM,concat,3,\\nasac-m2.unige.ch\m-HumanNeuronLab\ANALYSIS\FLM\Analysis_LoraFanda\01_FBM_Analysis\outputs\04_ersp_LM_RAWONLY\EL043\LM\ERSP_matrix\audio\EL043_audio_WM_ERSP_iSMG2_TN.npy,\\nasac-m2.unige.ch\m-HumanNeuronLab\ANALYSIS\FLM\Analysis_LoraFanda\01_FBM_Analysis\outputs\04_ersp_LM_RAWONLY\EL043\LM\ERSP_matrix\audio\EL043_audio_WM_ERSP_iSMG2_TN.npy,\\nasac-m2.unige.ch\m-HumanNeuronLab\ANALYSIS\FLM\Analysis_LoraFanda\01_FBM_Analysis\outputs\04_ersp_LM_RAWONLY\EL043\LM\ERSP_matrix\picture\EL043_picture_WM_ERSP_iSMG2_TN.npy,\\nasac-m2.unige.ch\m-HumanNeuronLab\ANALYSIS\FLM\Analysis_LoraFanda\01_FBM_Analysis\outputs\04_ersp_LM_RAWONLY\EL043\LM\ERSP_matrix\reading\EL043_reading_WM_ERSP_iSMG2_TN.npy,4,0.15825549,4,EL043|ISMG2,1.0153439635005526e-06,0.606271469776081,0.15816289113880008,0.10514789388185186,0.09170594477364792,0.03842254918826615,0.0002882358973895082
378,EL043,ISMG3,iSMG3,LM,concat,3,\\nasac-m2.unige.ch\m-HumanNeuronLab\ANALYSIS\FLM\Analysis_LoraFanda\01_FBM_Analysis\outputs\04_ersp_LM_RAWONLY\EL043\LM\ERSP_matrix\audio\EL043_audio_WM_ERSP_iSMG3_TN.npy,\\nasac-m2.unige.ch\m-HumanNeuronLab\ANALYSIS\FLM\Analysis_LoraFanda\01_FBM_Analysis\outputs\04_ersp_LM_RAWONLY\EL043\LM\ERSP_matrix\audio\EL043_audio_WM_ERSP_iSMG3_TN.npy,\\nasac-m2.unige.ch\m-HumanNeuronLab\ANALYSIS\FLM\Analysis_LoraFanda\01_FBM_Analysis\outputs\04_ersp_LM_RAWONLY\EL043\LM\ERSP_matrix\picture\EL043_picture_WM_ERSP_iSMG3_TN.npy,\\nasac-m2.unige.ch\m-HumanNeuronLab\ANALYSIS\FLM\Analysis_LoraFanda\01_FBM_Analysis\outputs\04_ersp_LM_RAWONLY\EL043\LM\ERSP_matrix\reading\EL043_reading_WM_ERSP_iSMG3_TN.npy,4,0.24509189,4,EL043|ISMG3,0.09278986202848258,0.5512827138221063,0.1520285947767184,0.0001211437040979584,0.12552693707749696,0.04885099310780986,0.02939975548328821
379,EL043,ISMG9,iSMG9,LM,concat,1,\\nasac-m2.unige.ch\m-HumanNeuronLab\ANALYSIS\FLM\Analysis_LoraFanda\01_FBM_Analysis\outputs\04_ersp_LM_RAWONLY\EL043\LM\ERSP_matrix\audio\EL043_audio_WM_ERSP_iSMG9_TN.npy,\\nasac-m2.unige.ch\m-HumanNeuronLab\ANALYSIS\FLM\Analysis_LoraFanda\01_FBM_Analysis\outputs\04_ersp_LM_RAWONLY\EL043\LM\ERSP_matrix\audio\EL043_audio_WM_ERSP_iSMG9_TN.npy,\\nasac-m2.unige.ch\m-HumanNeuronLab\ANALYSIS\FLM\Analysis_LoraFanda\01_FBM_Analysis\outputs\04_ersp_LM_RAWONLY\EL043\LM\ERSP_matrix\picture\EL043_picture_WM_ERSP_iSMG9_TN.npy,\\nasac-m2.unige.ch\m-HumanNeuronLab\ANALYSIS\FLM\Analysis_LoraFanda\01_FBM_Analysis\outputs\04_ersp_LM_RAWONLY\EL043\LM\ERSP_matrix\reading\EL043_reading_WM_ERSP_iSMG9_TN.npy,1,0.20566323,1,EL043|ISMG9,1.951808473304471e-33,0.16700697476093632,0.3253766482185579,0.35563173104295376,0.15198464513163523,7.82523801826378e-38,8.459169669132741e-10
380,EL043,ITG10,ITG10,LM,concat,2,\\nasac-m2.unige.ch\m-HumanNeuronLab\ANALYSIS\FLM\Analysis_LoraFanda\01_FBM_Analysis\outputs\04_ersp_LM_RAWONLY\EL043\LM\ERSP_matrix\audio\EL043_audio_WM_ERSP_ITG10_TN.npy,\\nasac-m2.unige.ch\m-HumanNeuronLab\ANALYSIS\FLM\Analysis_LoraFanda\01_FBM_Analysis\outputs\04_ersp_LM_RAWONLY\EL043\LM\ERSP_matrix\audio\EL043_audio_WM_ERSP_ITG10_TN.npy,\\nasac-m2.unige.ch\m-HumanNeuronLab\ANALYSIS\FLM\Analysis_LoraFanda\01_FBM_Analysis\outputs\04_ersp_LM_RAWONLY\EL043\LM\ERSP_matrix\picture\EL043_picture_WM_ERSP_ITG10_TN.npy,\\nasac-m2.unige.ch\m-HumanNeuronLab\ANALYSIS\FLM\Analysis_LoraFanda\01_FBM_Analysis\outputs\04_ersp_LM_RAWONLY\EL043\LM\ERSP_matrix\reading\EL043_reading_WM_ERSP_ITG10_TN.npy,2,0.2664118,2,EL043|ITG10,0.12023080989234294,4.530103825257066e-11,0.011735925325443788,0.6197453714404606,0.10988794429178614,0.138370800344667,2.9148659998623753e-05
381,EL043,ITG3,ITG3,LM,concat,2,\\nasac-m2.unige.ch\m-HumanNeuronLab\ANALYSIS\FLM\Analysis_LoraFanda\01_FBM_Analysis\outputs\04_ersp_LM_RAWONLY\EL043\LM\ERSP_matrix\audio\EL043_audio_WM_ERSP_ITG3_TN.npy,\\nasac-m2.unige.ch\m-HumanNeuronLab\ANALYSIS\FLM\Analysis_LoraFanda\01_FBM_Analysis\outputs\04_ersp_LM_RAWONLY\EL043\LM\ERSP_matrix\audio\EL043_audio_WM_ERSP_ITG3_TN.npy,\\nasac-m2.unige.ch\m-HumanNeuronLab\ANALYSIS\FLM\Analysis_LoraFanda\01_FBM_Analysis\outputs\04_ersp_LM_RAWONLY\EL043\LM\ERSP_matrix\picture\EL043_picture_WM_ERSP_ITG3_TN.npy,\\nasac-m2.unige.ch\m-HumanNeuronLab\ANALYSIS\FLM\Analysis_LoraFanda\01_FBM_Analysis\outputs\04_ersp_LM_RAWONLY\EL043\LM\ERSP_matrix\reading\EL043_reading_WM_ERSP_ITG3_TN.npy,1,0.29818982,1,EL043|ITG3,0.37641395738216293,0.2548717602425947,0.27279353297347675,0.00018800953654087848,7.56895911502431e-07,1.488788336800887e-16,0.09573198296931296
382,EL043,ITG4,ITG4,LM,concat,3,\\nasac-m2.unige.ch\m-HumanNeuronLab\ANALYSIS\FLM\Analysis_LoraFanda\01_FBM_Analysis\outputs\04_ersp_LM_RAWONLY\EL043\LM\ERSP_matrix\audio\EL043_audio_WM_ERSP_ITG4_TN.npy,\\nasac-m2.unige.ch\m-HumanNeuronLab\ANALYSIS\FLM\Analysis_LoraFanda\01_FBM_Analysis\outputs\04_ersp_LM_RAWONLY\EL043\LM\ERSP_matrix\audio\EL043_audio_WM_ERSP_ITG4_TN.npy,\\nasac-m2.unige.ch\m-HumanNeuronLab\ANALYSIS\FLM\Analysis_LoraFanda\01_FBM_Analysis\outputs\04_ersp_LM_RAWONLY\EL043\LM\ERSP_matrix\picture\EL043_picture_WM_ERSP_ITG4_TN.npy,\\nasac-m2.unige.ch\m-HumanNeuronLab\ANALYSIS\FLM\Analysis_LoraFanda\01_FBM_Analysis\outputs\04_ersp_LM_RAWONLY\EL043\LM\ERSP_matrix\reading\EL043_reading_WM_ERSP_ITG4_TN.npy,0,-0.061665766,0,EL043|ITG4,0.3320915544367744,0.1434912208274561,0.26390286502634935,8.653362570109077e-08,4.40381309538082e-14,1.2630654672757866e-27,0.2605142731757504
383,EL043,LING6,LinG6,LM,concat,2,\\nasac-m2.unige.ch\m-HumanNeuronLab\ANALYSIS\FLM\Analysis_LoraFanda\01_FBM_Analysis\outputs\04_ersp_LM_RAWONLY\EL043\LM\ERSP_matrix\audio\EL043_audio_WM_ERSP_LinG6_TN.npy,\\nasac-m2.unige.ch\m-HumanNeuronLab\ANALYSIS\FLM\Analysis_LoraFanda\01_FBM_Analysis\outputs\04_ersp_LM_RAWONLY\EL043\LM\ERSP_matrix\audio\EL043_audio_WM_ERSP_LinG6_TN.npy,\\nasac-m2.unige.ch\m-HumanNeuronLab\ANALYSIS\FLM\Analysis_LoraFanda\01_FBM_Analysis\outputs\04_ersp_LM_RAWONLY\EL043\LM\ERSP_matrix\picture\EL043_picture_WM_ERSP_LinG6_TN.npy,\\nasac-m2.unige.ch\m-HumanNeuronLab\ANALYSIS\FLM\Analysis_LoraFanda\01_FBM_Analysis\outputs\04_ersp_LM_RAWONLY\EL043\LM\ERSP_matrix\reading\EL043_reading_WM_ERSP_LinG6_TN.npy,1,0.26614958,1,EL043|LING6,0.7685887525667318,1.3240682986493893e-18,0.06844260776416389,0.1627132100265763,1.8673782622201168e-10,6.340802889178983e-18,0.0002554294557901495
384,EL043,LING7,LinG7,LM,concat,1,\\nasac-m2.unige.ch\m-HumanNeuronLab\ANALYSIS\FLM\Analysis_LoraFanda\01_FBM_Analysis\outputs\04_ersp_LM_RAWONLY\EL043\LM\ERSP_matrix\audio\EL043_audio_WM_ERSP_LinG7_TN.npy,\\nasac-m2.unige.ch\m-HumanNeuronLab\ANALYSIS\FLM\Analysis_LoraFanda\01_FBM_Analysis\outputs\04_ersp_LM_RAWONLY\EL043\LM\ERSP_matrix\audio\EL043_audio_WM_ERSP_LinG7_TN.npy,\\nasac-m2.unige.ch\m-HumanNeuronLab\ANALYSIS\FLM\Analysis_LoraFanda\01_FBM_Analysis\outputs\04_ersp_LM_RAWONLY\EL043\LM\ERSP_matrix\picture\EL043_picture_WM_ERSP_LinG7_TN.npy,\\nasac-m2.unige.ch\m-HumanNeuronLab\ANALYSIS\FLM\Analysis_LoraFanda\01_FBM_Analysis\outputs\04_ersp_LM_RAWONLY\EL043\LM\ERSP_matrix\reading\EL043_reading_WM_ERSP_LinG7_TN.npy,1,0.25994584,1,EL043|LING7,0.7075663052994868,0.04783736255073516,1.89686826301939e-16,0.2439751579776302,1.1435183916368354e-09,1.418973978293991e-28,0.0006211730286291666
385,EL043,LING8,LinG8,LM,concat,1,\\nasac-m2.unige.ch\m-HumanNeuronLab\ANALYSIS\FLM\Analysis_LoraFanda\01_FBM_Analysis\outputs\04_ersp_LM_RAWONLY\EL043\LM\ERSP_matrix\audio\EL043_audio_WM_ERSP_LinG8_TN.npy,\\nasac-m2.unige.ch\m-HumanNeuronLab\ANALYSIS\FLM\Analysis_LoraFanda\01_FBM_Analysis\outputs\04_ersp_LM_RAWONLY\EL043\LM\ERSP_matrix\audio\EL043_audio_WM_ERSP_LinG8_TN.npy,\\nasac-m2.unige.ch\m-HumanNeuronLab\ANALYSIS\FLM\Analysis_LoraFanda\01_FBM_Analysis\outputs\04_ersp_LM_RAWONLY\EL043\LM\ERSP_matrix\picture\EL043_picture_WM_ERSP_LinG8_TN.npy,\\nasac-m2.unige.ch\m-HumanNeuronLab\ANALYSIS\FLM\Analysis_LoraFanda\01_FBM_Analysis\outputs\04_ersp_LM_RAWONLY\EL043\LM\ERSP_matrix\reading\EL043_reading_WM_ERSP_LinG8_TN.npy,1,0.17702337,1,EL043|LING8,0.28825805177720215,0.1358361783955085,4.2172323499844057e-26,0.4052552400647609,0.03794312040081355,1.22948872955195e-09,0.13270740813222615
386,EL043,PINS1,pIns1,LM,concat,1,\\nasac-m2.unige.ch\m-HumanNeuronLab\ANALYSIS\FLM\Analysis_LoraFanda\01_FBM_Analysis\outputs\04_ersp_LM_RAWONLY\EL043\LM\ERSP_matrix\audio\EL043_audio_WM_ERSP_pIns1_TN.npy,\\nasac-m2.unige.ch\m-HumanNeuronLab\ANALYSIS\FLM\Analysis_LoraFanda\01_FBM_Analysis\outputs\04_ersp_LM_RAWONLY\EL043\LM\ERSP_matrix\audio\EL043_audio_WM_ERSP_pIns1_TN.npy,\\nasac-m2.unige.ch\m-HumanNeuronLab\ANALYSIS\FLM\Analysis_LoraFanda\01_FBM_Analysis\outputs\04_ersp_LM_RAWONLY\EL043\LM\ERSP_matrix\picture\EL043_picture_WM_ERSP_pIns1_TN.npy,\\nasac-m2.unige.ch\m-HumanNeuronLab\ANALYSIS\FLM\Analysis_LoraFanda\01_FBM_Analysis\outputs\04_ersp_LM_RAWONLY\EL043\LM\ERSP_matrix\reading\EL043_reading_WM_ERSP_pIns1_TN.npy,1,0.16799787,1,EL043|PINS1,3.720854825056945e-21,0.4194545136241436,0.057443897972880124,0.42967862623629505,0.09314787369124503,3.436557936931833e-12,0.0002750884719993918
387,EL043,PINS7,pIns7,LM,concat,1,\\nasac-m2.unige.ch\m-HumanNeuronLab\ANALYSIS\FLM\Analysis_LoraFanda\01_FBM_Analysis\outputs\04_ersp_LM_RAWONLY\EL043\LM\ERSP_matrix\audio\EL043_audio_WM_ERSP_pIns7_TN.npy,\\nasac-m2.unige.ch\m-HumanNeuronLab\ANALYSIS\FLM\Analysis_LoraFanda\01_FBM_Analysis\outputs\04_ersp_LM_RAWONLY\EL043\LM\ERSP_matrix\audio\EL043_audio_WM_ERSP_pIns7_TN.npy,\\nasac-m2.unige.ch\m-HumanNeuronLab\ANALYSIS\FLM\Analysis_LoraFanda\01_FBM_Analysis\outputs\04_ersp_LM_RAWONLY\EL043\LM\ERSP_matrix\picture\EL043_picture_WM_ERSP_pIns7_TN.npy,\\nasac-m2.unige.ch\m-HumanNeuronLab\ANALYSIS\FLM\Analysis_LoraFanda\01_FBM_Analysis\outputs\04_ersp_LM_RAWONLY\EL043\LM\ERSP_matrix\reading\EL043_reading_WM_ERSP_pIns7_TN.npy,2,-0.06819836,2,EL043|PINS7,0.007846362299030971,0.4011725651010184,2.085361271240429e-11,0.45090837894007463,0.026061087297131434,0.08381327308895976,0.030198333252931104
388,EL043,SSMG1,sSMG1,LM,concat,1,\\nasac-m2.unige.ch\m-HumanNeuronLab\ANALYSIS\FLM\Analysis_LoraFanda\01_FBM_Analysis\outputs\04_ersp_LM_RAWONLY\EL043\LM\ERSP_matrix\audio\EL043_audio_WM_ERSP_sSMG1_TN.npy,\\nasac-m2.unige.ch\m-HumanNeuronLab\ANALYSIS\FLM\Analysis_LoraFanda\01_FBM_Analysis\outputs\04_ersp_LM_RAWONLY\EL043\LM\ERSP_matrix\audio\EL043_audio_WM_ERSP_sSMG1_TN.npy,\\nasac-m2.unige.ch\m-HumanNeuronLab\ANALYSIS\FLM\Analysis_LoraFanda\01_FBM_Analysis\outputs\04_ersp_LM_RAWONLY\EL043\LM\ERSP_matrix\picture\EL043_picture_WM_ERSP_sSMG1_TN.npy,\\nasac-m2.unige.ch\m-HumanNeuronLab\ANALYSIS\FLM\Analysis_LoraFanda\01_FBM_Analysis\outputs\04_ersp_LM_RAWONLY\EL043\LM\ERSP_matrix\reading\EL043_reading_WM_ERSP_sSMG1_TN.npy,1,0.16560109,1,EL043|SSMG1,1.1802928460827534e-22,0.44150752141276556,0.2217437683243011,0.33654347706365284,1.1731253248292627e-05,0.0001930025559455787,4.993900867118851e-07
389,EL043,SSMG10,sSMG10,LM,concat,1,\\nasac-m2.unige.ch\m-HumanNeuronLab\ANALYSIS\FLM\Analysis_LoraFanda\01_FBM_Analysis\outputs\04_ersp_LM_RAWONLY\EL043\LM\ERSP_matrix\audio\EL043_audio_WM_ERSP_sSMG10_TN.npy,\\nasac-m2.unige.ch\m-HumanNeuronLab\ANALYSIS\FLM\Analysis_LoraFanda\01_FBM_Analysis\outputs\04_ersp_LM_RAWONLY\EL043\LM\ERSP_matrix\audio\EL043_audio_WM_ERSP_sSMG10_TN.npy,\\nasac-m2.unige.ch\m-HumanNeuronLab\ANALYSIS\FLM\Analysis_LoraFanda\01_FBM_Analysis\outputs\04_ersp_LM_RAWONLY\EL043\LM\ERSP_matrix\picture\EL043_picture_WM_ERSP_sSMG10_TN.npy,\\nasac-m2.unige.ch\m-HumanNeuronLab\ANALYSIS\FLM\Analysis_LoraFanda\01_FBM_Analysis\outputs\04_ersp_LM_RAWONLY\EL043\LM\ERSP_matrix\reading\EL043_reading_WM_ERSP_sSMG10_TN.npy,1,0.21377859,1,EL043|SSMG10,0.5460079251840713,6.610403020213864e-23,2.225877514117633e-11,0.1725114766172039,0.21826070038357692,0.06321938986905619,5.079238329648447e-07
390,EL043,SSMG11,sSMG11,LM,concat,1,\\nasac-m2.unige.ch\m-HumanNeuronLab\ANALYSIS\FLM\Analysis_LoraFanda\01_FBM_Analysis\outputs\04_ersp_LM_RAWONLY\EL043\LM\ERSP_matrix\audio\EL043_audio_WM_ERSP_sSMG11_TN.npy,\\nasac-m2.unige.ch\m-HumanNeuronLab\ANALYSIS\FLM\Analysis_LoraFanda\01_FBM_Analysis\outputs\04_ersp_LM_RAWONLY\EL043\LM\ERSP_matrix\audio\EL043_audio_WM_ERSP_sSMG11_TN.npy,\\nasac-m2.unige.ch\m-HumanNeuronLab\ANALYSIS\FLM\Analysis_LoraFanda\01_FBM_Analysis\outputs\04_ersp_LM_RAWONLY\EL043\LM\ERSP_matrix\picture\EL043_picture_WM_ERSP_sSMG11_TN.npy,\\nasac-m2.unige.ch\m-HumanNeuronLab\ANALYSIS\FLM\Analysis_LoraFanda\01_FBM_Analysis\outputs\04_ersp_LM_RAWONLY\EL043\LM\ERSP_matrix\reading\EL043_reading_WM_ERSP_sSMG11_TN.npy,1,0.21151058,1,EL043|SSMG11,0.01684266443957486,0.10929040740171807,1.2346859668068376e-29,0.32715985910761686,0.14923310297741957,6.632153942144067e-41,0.3974739660736707
391,EL043,SSMG4,sSMG4,LM,concat,1,\\nasac-m2.unige.ch\m-HumanNeuronLab\ANALYSIS\FLM\Analysis_LoraFanda\01_FBM_Analysis\outputs\04_ersp_LM_RAWONLY\EL043\LM\ERSP_matrix\audio\EL043_audio_WM_ERSP_sSMG4_TN.npy,\\nasac-m2.unige.ch\m-HumanNeuronLab\ANALYSIS\FLM\Analysis_LoraFanda\01_FBM_Analysis\outputs\04_ersp_LM_RAWONLY\EL043\LM\ERSP_matrix\audio\EL043_audio_WM_ERSP_sSMG4_TN.npy,\\nasac-m2.unige.ch\m-HumanNeuronLab\ANALYSIS\FLM\Analysis_LoraFanda\01_FBM_Analysis\outputs\04_ersp_LM_RAWONLY\EL043\LM\ERSP_matrix\picture\EL043_picture_WM_ERSP_sSMG4_TN.npy,\\nasac-m2.unige.ch\m-HumanNeuronLab\ANALYSIS\FLM\Analysis_LoraFanda\01_FBM_Analysis\outputs\04_ersp_LM_RAWONLY\EL043\LM\ERSP_matrix\reading\EL043_reading_WM_ERSP_sSMG4_TN.npy,1,0.23519334,1,EL043|SSMG4,0.07476210433580686,0.43924387260128084,1.2707090703015502e-10,0.11791074541816879,0.16569574435604403,2.5044191152838825e-13,0.20238753316137806
392,EL043,SSMG8,sSMG8,LM,concat,1,\\nasac-m2.unige.ch\m-HumanNeuronLab\ANALYSIS\FLM\Analysis_LoraFanda\01_FBM_Analysis\outputs\04_ersp_LM_RAWONLY\EL043\LM\ERSP_matrix\audio\EL043_audio_WM_ERSP_sSMG8_TN.npy,\\nasac-m2.unige.ch\m-HumanNeuronLab\ANALYSIS\FLM\Analysis_LoraFanda\01_FBM_Analysis\outputs\04_ersp_LM_RAWONLY\EL043\LM\ERSP_matrix\audio\EL043_audio_WM_ERSP_sSMG8_TN.npy,\\nasac-m2.unige.ch\m-HumanNeuronLab\ANALYSIS\FLM\Analysis_LoraFanda\01_FBM_Analysis\outputs\04_ersp_LM_RAWONLY\EL043\LM\ERSP_matrix\picture\EL043_picture_WM_ERSP_sSMG8_TN.npy,\\nasac-m2.unige.ch\m-HumanNeuronLab\ANALYSIS\FLM\Analysis_LoraFanda\01_FBM_Analysis\outputs\04_ersp_LM_RAWONLY\EL043\LM\ERSP_matrix\reading\EL043_reading_WM_ERSP_sSMG8_TN.npy,1,0.1852866,1,EL043|SSMG8,0.22791536143492214,8.711022683532276e-25,0.057882628356627115,0.3270690007602809,0.15378827345484639,4.20253945235889e-12,0.23334473598912084
393,EL043,SSMG9,sSMG9,LM,concat,1,\\nasac-m2.unige.ch\m-HumanNeuronLab\ANALYSIS\FLM\Analysis_LoraFanda\01_FBM_Analysis\outputs\04_ersp_LM_RAWONLY\EL043\LM\ERSP_matrix\audio\EL043_audio_WM_ERSP_sSMG9_TN.npy,\\nasac-m2.unige.ch\m-HumanNeuronLab\ANALYSIS\FLM\Analysis_LoraFanda\01_FBM_Analysis\outputs\04_ersp_LM_RAWONLY\EL043\LM\ERSP_matrix\audio\EL043_audio_WM_ERSP_sSMG9_TN.npy,\\nasac-m2.unige.ch\m-HumanNeuronLab\ANALYSIS\FLM\Analysis_LoraFanda\01_FBM_Analysis\outputs\04_ersp_LM_RAWONLY\EL043\LM\ERSP_matrix\picture\EL043_picture_WM_ERSP_sSMG9_TN.npy,\\nasac-m2.unige.ch\m-HumanNeuronLab\ANALYSIS\FLM\Analysis_LoraFanda\01_FBM_Analysis\outputs\04_ersp_LM_RAWONLY\EL043\LM\ERSP_matrix\reading\EL043_reading_WM_ERSP_sSMG9_TN.npy,1,0.1844768,1,EL043|SSMG9,0.5070604132617079,4.798420896477677e-37,0.07832093067405835,0.22488944154951615,0.17277588198394025,0.01695229764971753,1.0348810598053333e-06
394,EL043,STG2,STG2,LM,concat,1,\\nasac-m2.unige.ch\m-HumanNeuronLab\ANALYSIS\FLM\Analysis_LoraFanda\01_FBM_Analysis\outputs\04_ersp_LM_RAWONLY\EL043\LM\ERSP_matrix\audio\EL043_audio_WM_ERSP_STG2_TN.npy,\\nasac-m2.unige.ch\m-HumanNeuronLab\ANALYSIS\FLM\Analysis_LoraFanda\01_FBM_Analysis\outputs\04_ersp_LM_RAWONLY\EL043\LM\ERSP_matrix\audio\EL043_audio_WM_ERSP_STG2_TN.npy,\\nasac-m2.unige.ch\m-HumanNeuronLab\ANALYSIS\FLM\Analysis_LoraFanda\01_FBM_Analysis\outputs\04_ersp_LM_RAWONLY\EL043\LM\ERSP_matrix\picture\EL043_picture_WM_ERSP_STG2_TN.npy,\\nasac-m2.unige.ch\m-HumanNeuronLab\ANALYSIS\FLM\Analysis_LoraFanda\01_FBM_Analysis\outputs\04_ersp_LM_RAWONLY\EL043\LM\ERSP_matrix\reading\EL043_reading_WM_ERSP_STG2_TN.npy,4,0.11852728,4,EL043|STG2,4.545715731508565e-38,0.7287233413372447,0.12347512298977698,0.14780153567297677,1.6221797584956998e-37,2.324026208393209e-36,1.551083030763577e-15
395,EL043,STG3,STG3,LM,concat,1,\\nasac-m2.unige.ch\m-HumanNeuronLab\ANALYSIS\FLM\Analysis_LoraFanda\01_FBM_Analysis\outputs\04_ersp_LM_RAWONLY\EL043\LM\ERSP_matrix\audio\EL043_audio_WM_ERSP_STG3_TN.npy,\\nasac-m2.unige.ch\m-HumanNeuronLab\ANALYSIS\FLM\Analysis_LoraFanda\01_FBM_Analysis\outputs\04_ersp_LM_RAWONLY\EL043\LM\ERSP_matrix\audio\EL043_audio_WM_ERSP_STG3_TN.npy,\\nasac-m2.unige.ch\m-HumanNeuronLab\ANALYSIS\FLM\Analysis_LoraFanda\01_FBM_Analysis\outputs\04_ersp_LM_RAWONLY\EL043\LM\ERSP_matrix\picture\EL043_picture_WM_ERSP_STG3_TN.npy,\\nasac-m2.unige.ch\m-HumanNeuronLab\ANALYSIS\FLM\Analysis_LoraFanda\01_FBM_Analysis\outputs\04_ersp_LM_RAWONLY\EL043\LM\ERSP_matrix\reading\EL043_reading_WM_ERSP_STG3_TN.npy,4,0.09528302,4,EL043|STG3,7.734181312118876e-31,0.8128698038180708,0.11864347174492702,0.06848672443268063,4.292547322573175e-39,1.0846847491636936e-40,4.32159761907786e-12
396,EL043,STG4,STG4,LM,concat,1,\\nasac-m2.unige.ch\m-HumanNeuronLab\ANALYSIS\FLM\Analysis_LoraFanda\01_FBM_Analysis\outputs\04_ersp_LM_RAWONLY\EL043\LM\ERSP_matrix\audio\EL043_audio_WM_ERSP_STG4_TN.npy,\\nasac-m2.unige.ch\m-HumanNeuronLab\ANALYSIS\FLM\Analysis_LoraFanda\01_FBM_Analysis\outputs\04_ersp_LM_RAWONLY\EL043\LM\ERSP_matrix\audio\EL043_audio_WM_ERSP_STG4_TN.npy,\\nasac-m2.unige.ch\m-HumanNeuronLab\ANALYSIS\FLM\Analysis_LoraFanda\01_FBM_Analysis\outputs\04_ersp_LM_RAWONLY\EL043\LM\ERSP_matrix\picture\EL043_picture_WM_ERSP_STG4_TN.npy,\\nasac-m2.unige.ch\m-HumanNeuronLab\ANALYSIS\FLM\Analysis_LoraFanda\01_FBM_Analysis\outputs\04_ersp_LM_RAWONLY\EL043\LM\ERSP_matrix\reading\EL043_reading_WM_ERSP_STG4_TN.npy,4,-0.03957671,4,EL043|STG4,2.5883247835963514e-30,0.7078692827198315,0.11686276825599905,0.17526794902377382,7.426660035606156e-45,6.28371694686848e-42,3.955905404436998e-13
397,EL043,STG6,STG6,LM,concat,1,\\nasac-m2.unige.ch\m-HumanNeuronLab\ANALYSIS\FLM\Analysis_LoraFanda\01_FBM_Analysis\outputs\04_ersp_LM_RAWONLY\EL043\LM\ERSP_matrix\audio\EL043_audio_WM_ERSP_STG6_TN.npy,\\nasac-m2.unige.ch\m-HumanNeuronLab\ANALYSIS\FLM\Analysis_LoraFanda\01_FBM_Analysis\outputs\04_ersp_LM_RAWONLY\EL043\LM\ERSP_matrix\audio\EL043_audio_WM_ERSP_STG6_TN.npy,\\nasac-m2.unige.ch\m-HumanNeuronLab\ANALYSIS\FLM\Analysis_LoraFanda\01_FBM_Analysis\outputs\04_ersp_LM_RAWONLY\EL043\LM\ERSP_matrix\picture\EL043_picture_WM_ERSP_STG6_TN.npy,\\nasac-m2.unige.ch\m-HumanNeuronLab\ANALYSIS\FLM\Analysis_LoraFanda\01_FBM_Analysis\outputs\04_ersp_LM_RAWONLY\EL043\LM\ERSP_matrix\reading\EL043_reading_WM_ERSP_STG6_TN.npy,1,0.1868278,1,EL043|STG6,3.5515845902387195e-20,0.6414095581914426,0.08617995028371078,0.27241049150935875,1.3007228680923903e-28,1.2894644931238424e-22,1.5487742582088488e-11
398,EL045,AHL11,aH_L11,LM,concat,3,\\nasac-m2.unige.ch\m-HumanNeuronLab\ANALYSIS\FLM\Analysis_LoraFanda\01_FBM_Analysis\outputs\04_ersp_LM_RAWONLY\EL045\LM\ERSP_matrix\audio\EL045_audio_WM_ERSP_aH_L11_TN.npy,\\nasac-m2.unige.ch\m-HumanNeuronLab\ANALYSIS\FLM\Analysis_LoraFanda\01_FBM_Analysis\outputs\04_ersp_LM_RAWONLY\EL045\LM\ERSP_matrix\audio\EL045_audio_WM_ERSP_aH_L11_TN.npy,\\nasac-m2.unige.ch\m-HumanNeuronLab\ANALYSIS\FLM\Analysis_LoraFanda\01_FBM_Analysis\outputs\04_ersp_LM_RAWONLY\EL045\LM\ERSP_matrix\picture\EL045_picture_WM_ERSP_aH_L11_TN.npy,\\nasac-m2.unige.ch\m-HumanNeuronLab\ANALYSIS\FLM\Analysis_LoraFanda\01_FBM_Analysis\outputs\04_ersp_LM_RAWONLY\EL045\LM\ERSP_matrix\reading\EL045_reading_WM_ERSP_aH_L11_TN.npy,3,-0.07127606,3,EL045|AHL11,1.6519235318467162e-14,0.021614231396607158,0.18300185197014543,7.57420138291737e-08,0.6712691014694504,0.05047824141399279,0.07363649800777382
399,EL045,AHL12,aH_L12,LM,concat,3,\\nasac-m2.unige.ch\m-HumanNeuronLab\ANALYSIS\FLM\Analysis_LoraFanda\01_FBM_Analysis\outputs\04_ersp_LM_RAWONLY\EL045\LM\ERSP_matrix\audio\EL045_audio_WM_ERSP_aH_L12_TN.npy,\\nasac-m2.unige.ch\m-HumanNeuronLab\ANALYSIS\FLM\Analysis_LoraFanda\01_FBM_Analysis\outputs\04_ersp_LM_RAWONLY\EL045\LM\ERSP_matrix\audio\EL045_audio_WM_ERSP_aH_L12_TN.npy,\\nasac-m2.unige.ch\m-HumanNeuronLab\ANALYSIS\FLM\Analysis_LoraFanda\01_FBM_Analysis\outputs\04_ersp_LM_RAWONLY\EL045\LM\ERSP_matrix\picture\EL045_picture_WM_ERSP_aH_L12_TN.npy,\\nasac-m2.unige.ch\m-HumanNeuronLab\ANALYSIS\FLM\Analysis_LoraFanda\01_FBM_Analysis\outputs\04_ersp_LM_RAWONLY\EL045\LM\ERSP_matrix\reading\EL045_reading_WM_ERSP_aH_L12_TN.npy,3,0.20840718,3,EL045|AHL12,5.848994355098494e-07,0.036456634280729774,0.13564409780048825,4.123974201798023e-06,0.6668756656407461,0.07656984832629071,0.08444904507810794
400,EL045,AHR1,aH_R1,LM,concat,1,\\nasac-m2.unige.ch\m-HumanNeuronLab\ANALYSIS\FLM\Analysis_LoraFanda\01_FBM_Analysis\outputs\04_ersp_LM_RAWONLY\EL045\LM\ERSP_matrix\audio\EL045_audio_WM_ERSP_aH_R1_TN.npy,\\nasac-m2.unige.ch\m-HumanNeuronLab\ANALYSIS\FLM\Analysis_LoraFanda\01_FBM_Analysis\outputs\04_ersp_LM_RAWONLY\EL045\LM\ERSP_matrix\audio\EL045_audio_WM_ERSP_aH_R1_TN.npy,\\nasac-m2.unige.ch\m-HumanNeuronLab\ANALYSIS\FLM\Analysis_LoraFanda\01_FBM_Analysis\outputs\04_ersp_LM_RAWONLY\EL045\LM\ERSP_matrix\picture\EL045_picture_WM_ERSP_aH_R1_TN.npy,\\nasac-m2.unige.ch\m-HumanNeuronLab\ANALYSIS\FLM\Analysis_LoraFanda\01_FBM_Analysis\outputs\04_ersp_LM_RAWONLY\EL045\LM\ERSP_matrix\reading\EL045_reading_WM_ERSP_aH_R1_TN.npy,1,0.31687573,1,EL045|AHR1,0.3663955208930706,0.03913331486574373,0.056848632994969776,0.018888870752495228,0.13996235089416897,0.25214549482424287,0.12662581477530874
401,EL045,AHR10,aH_R10,LM,concat,3,\\nasac-m2.unige.ch\m-HumanNeuronLab\ANALYSIS\FLM\Analysis_LoraFanda\01_FBM_Analysis\outputs\04_ersp_LM_RAWONLY\EL045\LM\ERSP_matrix\audio\EL045_audio_WM_ERSP_aH_R10_TN.npy,\\nasac-m2.unige.ch\m-HumanNeuronLab\ANALYSIS\FLM\Analysis_LoraFanda\01_FBM_Analysis\outputs\04_ersp_LM_RAWONLY\EL045\LM\ERSP_matrix\audio\EL045_audio_WM_ERSP_aH_R10_TN.npy,\\nasac-m2.unige.ch\m-HumanNeuronLab\ANALYSIS\FLM\Analysis_LoraFanda\01_FBM_Analysis\outputs\04_ersp_LM_RAWONLY\EL045\LM\ERSP_matrix\picture\EL045_picture_WM_ERSP_aH_R10_TN.npy,\\nasac-m2.unige.ch\m-HumanNeuronLab\ANALYSIS\FLM\Analysis_LoraFanda\01_FBM_Analysis\outputs\04_ersp_LM_RAWONLY\EL045\LM\ERSP_matrix\reading\EL045_reading_WM_ERSP_aH_R10_TN.npy,3,0.006320793,3,EL045|AHR10,1.6053366526337722e-19,2.0445496590585684e-09,0.12563493655668695,0.13263710701415268,0.5920281334715702,0.14969980617627812,1.4736762408504075e-08
402,EL045,AHR11,aH_R11,LM,concat,3,\\nasac-m2.unige.ch\m-HumanNeuronLab\ANALYSIS\FLM\Analysis_LoraFanda\01_FBM_Analysis\outputs\04_ersp_LM_RAWONLY\EL045\LM\ERSP_matrix\audio\EL045_audio_WM_ERSP_aH_R11_TN.npy,\\nasac-m2.unige.ch\m-HumanNeuronLab\ANALYSIS\FLM\Analysis_LoraFanda\01_FBM_Analysis\outputs\04_ersp_LM_RAWONLY\EL045\LM\ERSP_matrix\audio\EL045_audio_WM_ERSP_aH_R11_TN.npy,\\nasac-m2.unige.ch\m-HumanNeuronLab\ANALYSIS\FLM\Analysis_LoraFanda\01_FBM_Analysis\outputs\04_ersp_LM_RAWONLY\EL045\LM\ERSP_matrix\picture\EL045_picture_WM_ERSP_aH_R11_TN.npy,\\nasac-m2.unige.ch\m-HumanNeuronLab\ANALYSIS\FLM\Analysis_LoraFanda\01_FBM_Analysis\outputs\04_ersp_LM_RAWONLY\EL045\LM\ERSP_matrix\reading\EL045_reading_WM_ERSP_aH_R11_TN.npy,3,0.039764993,3,EL045|AHR11,6.465463274329047e-12,8.170404392850203e-05,2.1606581369134232e-14,0.16433610839105822,0.7331302274645531,0.10217988580113664,0.0002720742928364071
403,EL045,AHR12,aH_R12,LM,concat,3,\\nasac-m2.unige.ch\m-HumanNeuronLab\ANALYSIS\FLM\Analysis_LoraFanda\01_FBM_Analysis\outputs\04_ersp_LM_RAWONLY\EL045\LM\ERSP_matrix\audio\EL045_audio_WM_ERSP_aH_R12_TN.npy,\\nasac-m2.unige.ch\m-HumanNeuronLab\ANALYSIS\FLM\Analysis_LoraFanda\01_FBM_Analysis\outputs\04_ersp_LM_RAWONLY\EL045\LM\ERSP_matrix\audio\EL045_audio_WM_ERSP_aH_R12_TN.npy,\\nasac-m2.unige.ch\m-HumanNeuronLab\ANALYSIS\FLM\Analysis_LoraFanda\01_FBM_Analysis\outputs\04_ersp_LM_RAWONLY\EL045\LM\ERSP_matrix\picture\EL045_picture_WM_ERSP_aH_R12_TN.npy,\\nasac-m2.unige.ch\m-HumanNeuronLab\ANALYSIS\FLM\Analysis_LoraFanda\01_FBM_Analysis\outputs\04_ersp_LM_RAWONLY\EL045\LM\ERSP_matrix\reading\EL045_reading_WM_ERSP_aH_R12_TN.npy,3,0.17631893,3,EL045|AHR12,1.1613856865265774e-08,6.138426767068438e-08,1.6000686199170113e-09,0.0536081716681441,0.8850079919191302,0.06114863799103775,0.0002351238234947045
404,EL045,AHR13,aH_R13,LM,concat,3,\\nasac-m2.unige.ch\m-HumanNeuronLab\ANALYSIS\FLM\Analysis_LoraFanda\01_FBM_Analysis\outputs\04_ersp_LM_RAWONLY\EL045\LM\ERSP_matrix\audio\EL045_audio_WM_ERSP_aH_R13_TN.npy,\\nasac-m2.unige.ch\m-HumanNeuronLab\ANALYSIS\FLM\Analysis_LoraFanda\01_FBM_Analysis\outputs\04_ersp_LM_RAWONLY\EL045\LM\ERSP_matrix\audio\EL045_audio_WM_ERSP_aH_R13_TN.npy,\\nasac-m2.unige.ch\m-HumanNeuronLab\ANALYSIS\FLM\Analysis_LoraFanda\01_FBM_Analysis\outputs\04_ersp_LM_RAWONLY\EL045\LM\ERSP_matrix\picture\EL045_picture_WM_ERSP_aH_R13_TN.npy,\\nasac-m2.unige.ch\m-HumanNeuronLab\ANALYSIS\FLM\Analysis_LoraFanda\01_FBM_Analysis\outputs\04_ersp_LM_RAWONLY\EL045\LM\ERSP_matrix\reading\EL045_reading_WM_ERSP_aH_R13_TN.npy,3,0.18724349,3,EL045|AHR13,1.5597164596145537e-11,3.7904258388671595e-07,1.7218328970391308e-12,0.09069626792590602,0.9092930902773596,4.36557975977232e-06,5.897157071763182e-06
405,EL045,AHR4,aH_R4,LM,concat,1,\\nasac-m2.unige.ch\m-HumanNeuronLab\ANALYSIS\FLM\Analysis_LoraFanda\01_FBM_Analysis\outputs\04_ersp_LM_RAWONLY\EL045\LM\ERSP_matrix\audio\EL045_audio_WM_ERSP_aH_R4_TN.npy,\\nasac-m2.unige.ch\m-HumanNeuronLab\ANALYSIS\FLM\Analysis_LoraFanda\01_FBM_Analysis\outputs\04_ersp_LM_RAWONLY\EL045\LM\ERSP_matrix\audio\EL045_audio_WM_ERSP_aH_R4_TN.npy,\\nasac-m2.unige.ch\m-HumanNeuronLab\ANALYSIS\FLM\Analysis_LoraFanda\01_FBM_Analysis\outputs\04_ersp_LM_RAWONLY\EL045\LM\ERSP_matrix\picture\EL045_picture_WM_ERSP_aH_R4_TN.npy,\\nasac-m2.unige.ch\m-HumanNeuronLab\ANALYSIS\FLM\Analysis_LoraFanda\01_FBM_Analysis\outputs\04_ersp_LM_RAWONLY\EL045\LM\ERSP_matrix\reading\EL045_reading_WM_ERSP_aH_R4_TN.npy,1,0.34378615,1,EL045|AHR4,0.21873369707962773,7.23127231209159e-07,9.590135425046895e-12,0.09765092159349001,0.28948025123790494,0.23027086633027422,0.16386354062188177
406,EL045,AHR5,aH_R5,LM,concat,3,\\nasac-m2.unige.ch\m-HumanNeuronLab\ANALYSIS\FLM\Analysis_LoraFanda\01_FBM_Analysis\outputs\04_ersp_LM_RAWONLY\EL045\LM\ERSP_matrix\audio\EL045_audio_WM_ERSP_aH_R5_TN.npy,\\nasac-m2.unige.ch\m-HumanNeuronLab\ANALYSIS\FLM\Analysis_LoraFanda\01_FBM_Analysis\outputs\04_ersp_LM_RAWONLY\EL045\LM\ERSP_matrix\audio\EL045_audio_WM_ERSP_aH_R5_TN.npy,\\nasac-m2.unige.ch\m-HumanNeuronLab\ANALYSIS\FLM\Analysis_LoraFanda\01_FBM_Analysis\outputs\04_ersp_LM_RAWONLY\EL045\LM\ERSP_matrix\picture\EL045_picture_WM_ERSP_aH_R5_TN.npy,\\nasac-m2.unige.ch\m-HumanNeuronLab\ANALYSIS\FLM\Analysis_LoraFanda\01_FBM_Analysis\outputs\04_ersp_LM_RAWONLY\EL045\LM\ERSP_matrix\reading\EL045_reading_WM_ERSP_aH_R5_TN.npy,3,-0.065565065,3,EL045|AHR5,7.972676574583596e-09,5.3611195390324667e-05,0.003299179420204574,0.0008678693881707454,0.6883660363210835,0.203651838003519,0.10376145769895523
407,EL045,AHR6,aH_R6,LM,concat,3,\\nasac-m2.unige.ch\m-HumanNeuronLab\ANALYSIS\FLM\Analysis_LoraFanda\01_FBM_Analysis\outputs\04_ersp_LM_RAWONLY\EL045\LM\ERSP_matrix\audio\EL045_audio_WM_ERSP_aH_R6_TN.npy,\\nasac-m2.unige.ch\m-HumanNeuronLab\ANALYSIS\FLM\Analysis_LoraFanda\01_FBM_Analysis\outputs\04_ersp_LM_RAWONLY\EL045\LM\ERSP_matrix\audio\EL045_audio_WM_ERSP_aH_R6_TN.npy,\\nasac-m2.unige.ch\m-HumanNeuronLab\ANALYSIS\FLM\Analysis_LoraFanda\01_FBM_Analysis\outputs\04_ersp_LM_RAWONLY\EL045\LM\ERSP_matrix\picture\EL045_picture_WM_ERSP_aH_R6_TN.npy,\\nasac-m2.unige.ch\m-HumanNeuronLab\ANALYSIS\FLM\Analysis_LoraFanda\01_FBM_Analysis\outputs\04_ersp_LM_RAWONLY\EL045\LM\ERSP_matrix\reading\EL045_reading_WM_ERSP_aH_R6_TN.npy,3,0.044370394,3,EL045|AHR6,0.10301735899930727,2.135752550169173e-05,0.054074640773890896,0.00023692185419312903,0.5689261621975641,0.17798620103795434,0.09573735761158846
408,EL045,AHR7,aH_R7,LM,concat,3,\\nasac-m2.unige.ch\m-HumanNeuronLab\ANALYSIS\FLM\Analysis_LoraFanda\01_FBM_Analysis\outputs\04_ersp_LM_RAWONLY\EL045\LM\ERSP_matrix\audio\EL045_audio_WM_ERSP_aH_R7_TN.npy,\\nasac-m2.unige.ch\m-HumanNeuronLab\ANALYSIS\FLM\Analysis_LoraFanda\01_FBM_Analysis\outputs\04_ersp_LM_RAWONLY\EL045\LM\ERSP_matrix\audio\EL045_audio_WM_ERSP_aH_R7_TN.npy,\\nasac-m2.unige.ch\m-HumanNeuronLab\ANALYSIS\FLM\Analysis_LoraFanda\01_FBM_Analysis\outputs\04_ersp_LM_RAWONLY\EL045\LM\ERSP_matrix\picture\EL045_picture_WM_ERSP_aH_R7_TN.npy,\\nasac-m2.unige.ch\m-HumanNeuronLab\ANALYSIS\FLM\Analysis_LoraFanda\01_FBM_Analysis\outputs\04_ersp_LM_RAWONLY\EL045\LM\ERSP_matrix\reading\EL045_reading_WM_ERSP_aH_R7_TN.npy,3,0.1383422,3,EL045|AHR7,0.004426639868698187,0.08752331190499149,0.11912755331711998,4.0794336800348107e-07,0.5778613268887449,0.11610593360998596,0.09495482646709125
409,EL045,AHR9,aH_R9,LM,concat,3,\\nasac-m2.unige.ch\m-HumanNeuronLab\ANALYSIS\FLM\Analysis_LoraFanda\01_FBM_Analysis\outputs\04_ersp_LM_RAWONLY\EL045\LM\ERSP_matrix\audio\EL045_audio_WM_ERSP_aH_R9_TN.npy,\\nasac-m2.unige.ch\m-HumanNeuronLab\ANALYSIS\FLM\Analysis_LoraFanda\01_FBM_Analysis\outputs\04_ersp_LM_RAWONLY\EL045\LM\ERSP_matrix\audio\EL045_audio_WM_ERSP_aH_R9_TN.npy,\\nasac-m2.unige.ch\m-HumanNeuronLab\ANALYSIS\FLM\Analysis_LoraFanda\01_FBM_Analysis\outputs\04_ersp_LM_RAWONLY\EL045\LM\ERSP_matrix\picture\EL045_picture_WM_ERSP_aH_R9_TN.npy,\\nasac-m2.unige.ch\m-HumanNeuronLab\ANALYSIS\FLM\Analysis_LoraFanda\01_FBM_Analysis\outputs\04_ersp_LM_RAWONLY\EL045\LM\ERSP_matrix\reading\EL045_reading_WM_ERSP_aH_R9_TN.npy,3,0.12605144,3,EL045|AHR9,6.278572187997505e-22,1.1147740634937297e-08,0.044510485166780016,0.09533333700269382,0.8096681857230225,0.050487619604310585,3.61355452404771e-07
410,EL045,AL1,A_L1,LM,concat,2,\\nasac-m2.unige.ch\m-HumanNeuronLab\ANALYSIS\FLM\Analysis_LoraFanda\01_FBM_Analysis\outputs\04_ersp_LM_RAWONLY\EL045\LM\ERSP_matrix\audio\EL045_audio_WM_ERSP_A_L1_TN.npy,\\nasac-m2.unige.ch\m-HumanNeuronLab\ANALYSIS\FLM\Analysis_LoraFanda\01_FBM_Analysis\outputs\04_ersp_LM_RAWONLY\EL045\LM\ERSP_matrix\audio\EL045_audio_WM_ERSP_A_L1_TN.npy,\\nasac-m2.unige.ch\m-HumanNeuronLab\ANALYSIS\FLM\Analysis_LoraFanda\01_FBM_Analysis\outputs\04_ersp_LM_RAWONLY\EL045\LM\ERSP_matrix\picture\EL045_picture_WM_ERSP_A_L1_TN.npy,\\nasac-m2.unige.ch\m-HumanNeuronLab\ANALYSIS\FLM\Analysis_LoraFanda\01_FBM_Analysis\outputs\04_ersp_LM_RAWONLY\EL045\LM\ERSP_matrix\reading\EL045_reading_WM_ERSP_A_L1_TN.npy,1,0.2619086,1,EL045|AL1,0.26153827557262915,3.2392994368590823e-13,0.3150268212537858,0.09175343058511727,5.624899327291342e-07,0.054706633628137886,0.2769742764700733
411,EL045,AL10,A_L10,LM,concat,3,\\nasac-m2.unige.ch\m-HumanNeuronLab\ANALYSIS\FLM\Analysis_LoraFanda\01_FBM_Analysis\outputs\04_ersp_LM_RAWONLY\EL045\LM\ERSP_matrix\audio\EL045_audio_WM_ERSP_A_L10_TN.npy,\\nasac-m2.unige.ch\m-HumanNeuronLab\ANALYSIS\FLM\Analysis_LoraFanda\01_FBM_Analysis\outputs\04_ersp_LM_RAWONLY\EL045\LM\ERSP_matrix\audio\EL045_audio_WM_ERSP_A_L10_TN.npy,\\nasac-m2.unige.ch\m-HumanNeuronLab\ANALYSIS\FLM\Analysis_LoraFanda\01_FBM_Analysis\outputs\04_ersp_LM_RAWONLY\EL045\LM\ERSP_matrix\picture\EL045_picture_WM_ERSP_A_L10_TN.npy,\\nasac-m2.unige.ch\m-HumanNeuronLab\ANALYSIS\FLM\Analysis_LoraFanda\01_FBM_Analysis\outputs\04_ersp_LM_RAWONLY\EL045\LM\ERSP_matrix\reading\EL045_reading_WM_ERSP_A_L10_TN.npy,3,0.08230544,3,EL045|AL10,4.753774570365253e-14,3.716753209323741e-08,0.00400645205188409,0.091748282944018,0.904244499895511,2.583378448134683e-14,7.279409814794588e-07
412,EL045,AL11,A_L11,LM,concat,3,\\nasac-m2.unige.ch\m-HumanNeuronLab\ANALYSIS\FLM\Analysis_LoraFanda\01_FBM_Analysis\outputs\04_ersp_LM_RAWONLY\EL045\LM\ERSP_matrix\audio\EL045_audio_WM_ERSP_A_L11_TN.npy,\\nasac-m2.unige.ch\m-HumanNeuronLab\ANALYSIS\FLM\Analysis_LoraFanda\01_FBM_Analysis\outputs\04_ersp_LM_RAWONLY\EL045\LM\ERSP_matrix\audio\EL045_audio_WM_ERSP_A_L11_TN.npy,\\nasac-m2.unige.ch\m-HumanNeuronLab\ANALYSIS\FLM\Analysis_LoraFanda\01_FBM_Analysis\outputs\04_ersp_LM_RAWONLY\EL045\LM\ERSP_matrix\picture\EL045_picture_WM_ERSP_A_L11_TN.npy,\\nasac-m2.unige.ch\m-HumanNeuronLab\ANALYSIS\FLM\Analysis_LoraFanda\01_FBM_Analysis\outputs\04_ersp_LM_RAWONLY\EL045\LM\ERSP_matrix\reading\EL045_reading_WM_ERSP_A_L11_TN.npy,3,0.15691543,3,EL045|AL11,0.004132018543990166,0.09471169671533393,0.030226008740728352,6.921320708924544e-07,0.8402388221823387,3.4225393127126645e-10,0.03069076134328412
413,EL045,AL2,A_L2,LM,concat,1,\\nasac-m2.unige.ch\m-HumanNeuronLab\ANALYSIS\FLM\Analysis_LoraFanda\01_FBM_Analysis\outputs\04_ersp_LM_RAWONLY\EL045\LM\ERSP_matrix\audio\EL045_audio_WM_ERSP_A_L2_TN.npy,\\nasac-m2.unige.ch\m-HumanNeuronLab\ANALYSIS\FLM\Analysis_LoraFanda\01_FBM_Analysis\outputs\04_ersp_LM_RAWONLY\EL045\LM\ERSP_matrix\audio\EL045_audio_WM_ERSP_A_L2_TN.npy,\\nasac-m2.unige.ch\m-HumanNeuronLab\ANALYSIS\FLM\Analysis_LoraFanda\01_FBM_Analysis\outputs\04_ersp_LM_RAWONLY\EL045\LM\ERSP_matrix\picture\EL045_picture_WM_ERSP_A_L2_TN.npy,\\nasac-m2.unige.ch\m-HumanNeuronLab\ANALYSIS\FLM\Analysis_LoraFanda\01_FBM_Analysis\outputs\04_ersp_LM_RAWONLY\EL045\LM\ERSP_matrix\reading\EL045_reading_WM_ERSP_A_L2_TN.npy,1,0.31006682,1,EL045|AL2,0.30154586632270475,2.7922891044322584e-23,0.2355576120202247,0.17374362135337493,0.01914377474538974,0.17418141903863818,0.09582770651966782
414,EL045,AL3,A_L3,LM,concat,1,\\nasac-m2.unige.ch\m-HumanNeuronLab\ANALYSIS\FLM\Analysis_LoraFanda\01_FBM_Analysis\outputs\04_ersp_LM_RAWONLY\EL045\LM\ERSP_matrix\audio\EL045_audio_WM_ERSP_A_L3_TN.npy,\\nasac-m2.unige.ch\m-HumanNeuronLab\ANALYSIS\FLM\Analysis_LoraFanda\01_FBM_Analysis\outputs\04_ersp_LM_RAWONLY\EL045\LM\ERSP_matrix\audio\EL045_audio_WM_ERSP_A_L3_TN.npy,\\nasac-m2.unige.ch\m-HumanNeuronLab\ANALYSIS\FLM\Analysis_LoraFanda\01_FBM_Analysis\outputs\04_ersp_LM_RAWONLY\EL045\LM\ERSP_matrix\picture\EL045_picture_WM_ERSP_A_L3_TN.npy,\\nasac-m2.unige.ch\m-HumanNeuronLab\ANALYSIS\FLM\Analysis_LoraFanda\01_FBM_Analysis\outputs\04_ersp_LM_RAWONLY\EL045\LM\ERSP_matrix\reading\EL045_reading_WM_ERSP_A_L3_TN.npy,1,0.30585548,1,EL045|AL3,0.1236358820790743,1.5926460513214957e-09,0.12364971756598074,0.13909730149789026,0.2905915850990055,0.08114828608344041,0.24187722608196274
415,EL045,AL4,A_L4,LM,concat,1,\\nasac-m2.unige.ch\m-HumanNeuronLab\ANALYSIS\FLM\Analysis_LoraFanda\01_FBM_Analysis\outputs\04_ersp_LM_RAWONLY\EL045\LM\ERSP_matrix\audio\EL045_audio_WM_ERSP_A_L4_TN.npy,\\nasac-m2.unige.ch\m-HumanNeuronLab\ANALYSIS\FLM\Analysis_LoraFanda\01_FBM_Analysis\outputs\04_ersp_LM_RAWONLY\EL045\LM\ERSP_matrix\audio\EL045_audio_WM_ERSP_A_L4_TN.npy,\\nasac-m2.unige.ch\m-HumanNeuronLab\ANALYSIS\FLM\Analysis_LoraFanda\01_FBM_Analysis\outputs\04_ersp_LM_RAWONLY\EL045\LM\ERSP_matrix\picture\EL045_picture_WM_ERSP_A_L4_TN.npy,\\nasac-m2.unige.ch\m-HumanNeuronLab\ANALYSIS\FLM\Analysis_LoraFanda\01_FBM_Analysis\outputs\04_ersp_LM_RAWONLY\EL045\LM\ERSP_matrix\reading\EL045_reading_WM_ERSP_A_L4_TN.npy,1,0.176272,1,EL045|AL4,0.020396930617643,2.0261231881660454e-08,0.18537222123365846,0.009584314457340756,0.5242343334571525,0.03845963405447844,0.22195254591849492
416,EL045,AL5,A_L5,LM,concat,2,\\nasac-m2.unige.ch\m-HumanNeuronLab\ANALYSIS\FLM\Analysis_LoraFanda\01_FBM_Analysis\outputs\04_ersp_LM_RAWONLY\EL045\LM\ERSP_matrix\audio\EL045_audio_WM_ERSP_A_L5_TN.npy,\\nasac-m2.unige.ch\m-HumanNeuronLab\ANALYSIS\FLM\Analysis_LoraFanda\01_FBM_Analysis\outputs\04_ersp_LM_RAWONLY\EL045\LM\ERSP_matrix\audio\EL045_audio_WM_ERSP_A_L5_TN.npy,\\nasac-m2.unige.ch\m-HumanNeuronLab\ANALYSIS\FLM\Analysis_LoraFanda\01_FBM_Analysis\outputs\04_ersp_LM_RAWONLY\EL045\LM\ERSP_matrix\picture\EL045_picture_WM_ERSP_A_L5_TN.npy,\\nasac-m2.unige.ch\m-HumanNeuronLab\ANALYSIS\FLM\Analysis_LoraFanda\01_FBM_Analysis\outputs\04_ersp_LM_RAWONLY\EL045\LM\ERSP_matrix\reading\EL045_reading_WM_ERSP_A_L5_TN.npy,3,-0.054001685,3,EL045|AL5,2.2626283176542877e-11,5.804682937689139e-09,0.06481207897739044,0.03274728804707295,0.6976036625402339,0.08539773639149541,0.11943922821649802
417,EL045,AL6,A_L6,LM,concat,2,\\nasac-m2.unige.ch\m-HumanNeuronLab\ANALYSIS\FLM\Analysis_LoraFanda\01_FBM_Analysis\outputs\04_ersp_LM_RAWONLY\EL045\LM\ERSP_matrix\audio\EL045_audio_WM_ERSP_A_L6_TN.npy,\\nasac-m2.unige.ch\m-HumanNeuronLab\ANALYSIS\FLM\Analysis_LoraFanda\01_FBM_Analysis\outputs\04_ersp_LM_RAWONLY\EL045\LM\ERSP_matrix\audio\EL045_audio_WM_ERSP_A_L6_TN.npy,\\nasac-m2.unige.ch\m-HumanNeuronLab\ANALYSIS\FLM\Analysis_LoraFanda\01_FBM_Analysis\outputs\04_ersp_LM_RAWONLY\EL045\LM\ERSP_matrix\picture\EL045_picture_WM_ERSP_A_L6_TN.npy,\\nasac-m2.unige.ch\m-HumanNeuronLab\ANALYSIS\FLM\Analysis_LoraFanda\01_FBM_Analysis\outputs\04_ersp_LM_RAWONLY\EL045\LM\ERSP_matrix\reading\EL045_reading_WM_ERSP_A_L6_TN.npy,3,0.10510694,3,EL045|AL6,7.384595564100733e-17,8.205669988017466e-09,0.0008375552128940864,0.04302977002218969,0.9345335165555165,0.01226191649525649,0.00933723350847316
418,EL045,AL8,A_L8,LM,concat,3,\\nasac-m2.unige.ch\m-HumanNeuronLab\ANALYSIS\FLM\Analysis_LoraFanda\01_FBM_Analysis\outputs\04_ersp_LM_RAWONLY\EL045\LM\ERSP_matrix\audio\EL045_audio_WM_ERSP_A_L8_TN.npy,\\nasac-m2.unige.ch\m-HumanNeuronLab\ANALYSIS\FLM\Analysis_LoraFanda\01_FBM_Analysis\outputs\04_ersp_LM_RAWONLY\EL045\LM\ERSP_matrix\audio\EL045_audio_WM_ERSP_A_L8_TN.npy,\\nasac-m2.unige.ch\m-HumanNeuronLab\ANALYSIS\FLM\Analysis_LoraFanda\01_FBM_Analysis\outputs\04_ersp_LM_RAWONLY\EL045\LM\ERSP_matrix\picture\EL045_picture_WM_ERSP_A_L8_TN.npy,\\nasac-m2.unige.ch\m-HumanNeuronLab\ANALYSIS\FLM\Analysis_LoraFanda\01_FBM_Analysis\outputs\04_ersp_LM_RAWONLY\EL045\LM\ERSP_matrix\reading\EL045_reading_WM_ERSP_A_L8_TN.npy,3,0.009149791,3,EL045|AL8,1.7294732937785133e-11,1.672721158349071e-19,0.11369576276165558,0.17706659932499946,0.7065702720972539,0.0026671221609577593,2.436378384681793e-07
419,EL045,AL9,A_L9,LM,concat,3,\\nasac-m2.unige.ch\m-HumanNeuronLab\ANALYSIS\FLM\Analysis_LoraFanda\01_FBM_Analysis\outputs\04_ersp_LM_RAWONLY\EL045\LM\ERSP_matrix\audio\EL045_audio_WM_ERSP_A_L9_TN.npy,\\nasac-m2.unige.ch\m-HumanNeuronLab\ANALYSIS\FLM\Analysis_LoraFanda\01_FBM_Analysis\outputs\04_ersp_LM_RAWONLY\EL045\LM\ERSP_matrix\audio\EL045_audio_WM_ERSP_A_L9_TN.npy,\\nasac-m2.unige.ch\m-HumanNeuronLab\ANALYSIS\FLM\Analysis_LoraFanda\01_FBM_Analysis\outputs\04_ersp_LM_RAWONLY\EL045\LM\ERSP_matrix\picture\EL045_picture_WM_ERSP_A_L9_TN.npy,\\nasac-m2.unige.ch\m-HumanNeuronLab\ANALYSIS\FLM\Analysis_LoraFanda\01_FBM_Analysis\outputs\04_ersp_LM_RAWONLY\EL045\LM\ERSP_matrix\reading\EL045_reading_WM_ERSP_A_L9_TN.npy,3,0.06844498,3,EL045|AL9,8.587696025890518e-17,9.34693078908937e-13,0.08873476391713978,0.14463824965462585,0.7666267909773047,1.1192705462995945e-08,1.842572892852357e-07
420,EL045,AR1,A_R1,LM,concat,1,\\nasac-m2.unige.ch\m-HumanNeuronLab\ANALYSIS\FLM\Analysis_LoraFanda\01_FBM_Analysis\outputs\04_ersp_LM_RAWONLY\EL045\LM\ERSP_matrix\audio\EL045_audio_WM_ERSP_A_R1_TN.npy,\\nasac-m2.unige.ch\m-HumanNeuronLab\ANALYSIS\FLM\Analysis_LoraFanda\01_FBM_Analysis\outputs\04_ersp_LM_RAWONLY\EL045\LM\ERSP_matrix\audio\EL045_audio_WM_ERSP_A_R1_TN.npy,\\nasac-m2.unige.ch\m-HumanNeuronLab\ANALYSIS\FLM\Analysis_LoraFanda\01_FBM_Analysis\outputs\04_ersp_LM_RAWONLY\EL045\LM\ERSP_matrix\picture\EL045_picture_WM_ERSP_A_R1_TN.npy,\\nasac-m2.unige.ch\m-HumanNeuronLab\ANALYSIS\FLM\Analysis_LoraFanda\01_FBM_Analysis\outputs\04_ersp_LM_RAWONLY\EL045\LM\ERSP_matrix\reading\EL045_reading_WM_ERSP_A_R1_TN.npy,1,0.30838886,1,EL045|AR1,0.40042487260484666,3.0225014248532848e-05,0.0771848435016071,0.11981694678527112,0.11196940354832854,0.07120036943860637,0.21937333910709184
421,EL045,AR12,A_R12,LM,concat,3,\\nasac-m2.unige.ch\m-HumanNeuronLab\ANALYSIS\FLM\Analysis_LoraFanda\01_FBM_Analysis\outputs\04_ersp_LM_RAWONLY\EL045\LM\ERSP_matrix\audio\EL045_audio_WM_ERSP_A_R12_TN.npy,\\nasac-m2.unige.ch\m-HumanNeuronLab\ANALYSIS\FLM\Analysis_LoraFanda\01_FBM_Analysis\outputs\04_ersp_LM_RAWONLY\EL045\LM\ERSP_matrix\audio\EL045_audio_WM_ERSP_A_R12_TN.npy,\\nasac-m2.unige.ch\m-HumanNeuronLab\ANALYSIS\FLM\Analysis_LoraFanda\01_FBM_Analysis\outputs\04_ersp_LM_RAWONLY\EL045\LM\ERSP_matrix\picture\EL045_picture_WM_ERSP_A_R12_TN.npy,\\nasac-m2.unige.ch\m-HumanNeuronLab\ANALYSIS\FLM\Analysis_LoraFanda\01_FBM_Analysis\outputs\04_ersp_LM_RAWONLY\EL045\LM\ERSP_matrix\reading\EL045_reading_WM_ERSP_A_R12_TN.npy,1,0.15000983,1,EL045|AR12,0.008793381933769632,7.38141240548401e-07,0.1574993177554678,2.7756458800539773e-06,0.4480428259479956,0.34654799210350395,0.03911296847214249
422,EL045,AR14,A_R14,LM,concat,3,\\nasac-m2.unige.ch\m-HumanNeuronLab\ANALYSIS\FLM\Analysis_LoraFanda\01_FBM_Analysis\outputs\04_ersp_LM_RAWONLY\EL045\LM\ERSP_matrix\audio\EL045_audio_WM_ERSP_A_R14_TN.npy,\\nasac-m2.unige.ch\m-HumanNeuronLab\ANALYSIS\FLM\Analysis_LoraFanda\01_FBM_Analysis\outputs\04_ersp_LM_RAWONLY\EL045\LM\ERSP_matrix\audio\EL045_audio_WM_ERSP_A_R14_TN.npy,\\nasac-m2.unige.ch\m-HumanNeuronLab\ANALYSIS\FLM\Analysis_LoraFanda\01_FBM_Analysis\outputs\04_ersp_LM_RAWONLY\EL045\LM\ERSP_matrix\picture\EL045_picture_WM_ERSP_A_R14_TN.npy,\\nasac-m2.unige.ch\m-HumanNeuronLab\ANALYSIS\FLM\Analysis_LoraFanda\01_FBM_Analysis\outputs\04_ersp_LM_RAWONLY\EL045\LM\ERSP_matrix\reading\EL045_reading_WM_ERSP_A_R14_TN.npy,3,-0.002381985,3,EL045|AR14,6.754947808057807e-21,0.23862514596823092,0.14081783888466198,0.05485898968695997,0.5656959259066603,1.9541913214570908e-06,1.453621654709358e-07
423,EL045,AR4,A_R4,LM,concat,3,\\nasac-m2.unige.ch\m-HumanNeuronLab\ANALYSIS\FLM\Analysis_LoraFanda\01_FBM_Analysis\outputs\04_ersp_LM_RAWONLY\EL045\LM\ERSP_matrix\audio\EL045_audio_WM_ERSP_A_R4_TN.npy,\\nasac-m2.unige.ch\m-HumanNeuronLab\ANALYSIS\FLM\Analysis_LoraFanda\01_FBM_Analysis\outputs\04_ersp_LM_RAWONLY\EL045\LM\ERSP_matrix\audio\EL045_audio_WM_ERSP_A_R4_TN.npy,\\nasac-m2.unige.ch\m-HumanNeuronLab\ANALYSIS\FLM\Analysis_LoraFanda\01_FBM_Analysis\outputs\04_ersp_LM_RAWONLY\EL045\LM\ERSP_matrix\picture\EL045_picture_WM_ERSP_A_R4_TN.npy,\\nasac-m2.unige.ch\m-HumanNeuronLab\ANALYSIS\FLM\Analysis_LoraFanda\01_FBM_Analysis\outputs\04_ersp_LM_RAWONLY\EL045\LM\ERSP_matrix\reading\EL045_reading_WM_ERSP_A_R4_TN.npy,3,-0.00069654075,3,EL045|AR4,0.0574304692970545,0.0288760821229304,0.0521515666174932,0.0008504430281349378,0.5326823383741219,0.17322317471476575,0.1547859258454992
424,EL045,AR5,A_R5,LM,concat,2,\\nasac-m2.unige.ch\m-HumanNeuronLab\ANALYSIS\FLM\Analysis_LoraFanda\01_FBM_Analysis\outputs\04_ersp_LM_RAWONLY\EL045\LM\ERSP_matrix\audio\EL045_audio_WM_ERSP_A_R5_TN.npy,\\nasac-m2.unige.ch\m-HumanNeuronLab\ANALYSIS\FLM\Analysis_LoraFanda\01_FBM_Analysis\outputs\04_ersp_LM_RAWONLY\EL045\LM\ERSP_matrix\audio\EL045_audio_WM_ERSP_A_R5_TN.npy,\\nasac-m2.unige.ch\m-HumanNeuronLab\ANALYSIS\FLM\Analysis_LoraFanda\01_FBM_Analysis\outputs\04_ersp_LM_RAWONLY\EL045\LM\ERSP_matrix\picture\EL045_picture_WM_ERSP_A_R5_TN.npy,\\nasac-m2.unige.ch\m-HumanNeuronLab\ANALYSIS\FLM\Analysis_LoraFanda\01_FBM_Analysis\outputs\04_ersp_LM_RAWONLY\EL045\LM\ERSP_matrix\reading\EL045_reading_WM_ERSP_A_R5_TN.npy,3,0.10091852,3,EL045|AR5,0.10628884222246696,0.025654947412744124,0.0826379787287101,6.487109061108846e-06,0.544454725939407,0.0999184186440993,0.14103859994351145
425,EL045,AR6,A_R6,LM,concat,3,\\nasac-m2.unige.ch\m-HumanNeuronLab\ANALYSIS\FLM\Analysis_LoraFanda\01_FBM_Analysis\outputs\04_ersp_LM_RAWONLY\EL045\LM\ERSP_matrix\audio\EL045_audio_WM_ERSP_A_R6_TN.npy,\\nasac-m2.unige.ch\m-HumanNeuronLab\ANALYSIS\FLM\Analysis_LoraFanda\01_FBM_Analysis\outputs\04_ersp_LM_RAWONLY\EL045\LM\ERSP_matrix\audio\EL045_audio_WM_ERSP_A_R6_TN.npy,\\nasac-m2.unige.ch\m-HumanNeuronLab\ANALYSIS\FLM\Analysis_LoraFanda\01_FBM_Analysis\outputs\04_ersp_LM_RAWONLY\EL045\LM\ERSP_matrix\picture\EL045_picture_WM_ERSP_A_R6_TN.npy,\\nasac-m2.unige.ch\m-HumanNeuronLab\ANALYSIS\FLM\Analysis_LoraFanda\01_FBM_Analysis\outputs\04_ersp_LM_RAWONLY\EL045\LM\ERSP_matrix\reading\EL045_reading_WM_ERSP_A_R6_TN.npy,3,0.20607865,3,EL045|AR6,0.040350439917459645,0.01286201824365476,5.063653349956149e-05,0.0003436028771757707,0.671664544421255,0.1757299272149247,0.09899883079203049
426,EL045,AR7,A_R7,LM,concat,3,\\nasac-m2.unige.ch\m-HumanNeuronLab\ANALYSIS\FLM\Analysis_LoraFanda\01_FBM_Analysis\outputs\04_ersp_LM_RAWONLY\EL045\LM\ERSP_matrix\audio\EL045_audio_WM_ERSP_A_R7_TN.npy,\\nasac-m2.unige.ch\m-HumanNeuronLab\ANALYSIS\FLM\Analysis_LoraFanda\01_FBM_Analysis\outputs\04_ersp_LM_RAWONLY\EL045\LM\ERSP_matrix\audio\EL045_audio_WM_ERSP_A_R7_TN.npy,\\nasac-m2.unige.ch\m-HumanNeuronLab\ANALYSIS\FLM\Analysis_LoraFanda\01_FBM_Analysis\outputs\04_ersp_LM_RAWONLY\EL045\LM\ERSP_matrix\picture\EL045_picture_WM_ERSP_A_R7_TN.npy,\\nasac-m2.unige.ch\m-HumanNeuronLab\ANALYSIS\FLM\Analysis_LoraFanda\01_FBM_Analysis\outputs\04_ersp_LM_RAWONLY\EL045\LM\ERSP_matrix\reading\EL045_reading_WM_ERSP_A_R7_TN.npy,3,0.2168916,3,EL045|AR7,5.149935491677342e-14,1.5709181643621295e-07,0.09451404509042673,0.04080227074296921,0.7251992231113029,0.139002484874812,0.00048181908862113276
427,EL045,ENTGL1,EntG_L1,LM,concat,2,\\nasac-m2.unige.ch\m-HumanNeuronLab\ANALYSIS\FLM\Analysis_LoraFanda\01_FBM_Analysis\outputs\04_ersp_LM_RAWONLY\EL045\LM\ERSP_matrix\audio\EL045_audio_WM_ERSP_EntG_L1_TN.npy,\\nasac-m2.unige.ch\m-HumanNeuronLab\ANALYSIS\FLM\Analysis_LoraFanda\01_FBM_Analysis\outputs\04_ersp_LM_RAWONLY\EL045\LM\ERSP_matrix\audio\EL045_audio_WM_ERSP_EntG_L1_TN.npy,\\nasac-m2.unige.ch\m-HumanNeuronLab\ANALYSIS\FLM\Analysis_LoraFanda\01_FBM_Analysis\outputs\04_ersp_LM_RAWONLY\EL045\LM\ERSP_matrix\picture\EL045_picture_WM_ERSP_EntG_L1_TN.npy,\\nasac-m2.unige.ch\m-HumanNeuronLab\ANALYSIS\FLM\Analysis_LoraFanda\01_FBM_Analysis\outputs\04_ersp_LM_RAWONLY\EL045\LM\ERSP_matrix\reading\EL045_reading_WM_ERSP_EntG_L1_TN.npy,1,0.2751949,1,EL045|ENTGL1,7.315492667188876e-05,2.024535224029444e-10,0.4712747612286014,0.16567838677744084,0.12850916691500677,0.18209043424212065,0.052374095707704835
428,EL045,ENTGL10,EntG_L10,LM,concat,3,\\nasac-m2.unige.ch\m-HumanNeuronLab\ANALYSIS\FLM\Analysis_LoraFanda\01_FBM_Analysis\outputs\04_ersp_LM_RAWONLY\EL045\LM\ERSP_matrix\audio\EL045_audio_WM_ERSP_EntG_L10_TN.npy,\\nasac-m2.unige.ch\m-HumanNeuronLab\ANALYSIS\FLM\Analysis_LoraFanda\01_FBM_Analysis\outputs\04_ersp_LM_RAWONLY\EL045\LM\ERSP_matrix\audio\EL045_audio_WM_ERSP_EntG_L10_TN.npy,\\nasac-m2.unige.ch\m-HumanNeuronLab\ANALYSIS\FLM\Analysis_LoraFanda\01_FBM_Analysis\outputs\04_ersp_LM_RAWONLY\EL045\LM\ERSP_matrix\picture\EL045_picture_WM_ERSP_EntG_L10_TN.npy,\\nasac-m2.unige.ch\m-HumanNeuronLab\ANALYSIS\FLM\Analysis_LoraFanda\01_FBM_Analysis\outputs\04_ersp_LM_RAWONLY\EL045\LM\ERSP_matrix\reading\EL045_reading_WM_ERSP_EntG_L10_TN.npy,3,0.12440219,3,EL045|ENTGL10,1.0582681688299085e-07,9.30289578699309e-08,0.08418642723881287,0.19017156358611753,0.7256198613529687,2.2628189092568033e-10,2.1948740044095192e-05
429,EL045,ENTGL11,EntG_L11,LM,concat,3,\\nasac-m2.unige.ch\m-HumanNeuronLab\ANALYSIS\FLM\Analysis_LoraFanda\01_FBM_Analysis\outputs\04_ersp_LM_RAWONLY\EL045\LM\ERSP_matrix\audio\EL045_audio_WM_ERSP_EntG_L11_TN.npy,\\nasac-m2.unige.ch\m-HumanNeuronLab\ANALYSIS\FLM\Analysis_LoraFanda\01_FBM_Analysis\outputs\04_ersp_LM_RAWONLY\EL045\LM\ERSP_matrix\audio\EL045_audio_WM_ERSP_EntG_L11_TN.npy,\\nasac-m2.unige.ch\m-HumanNeuronLab\ANALYSIS\FLM\Analysis_LoraFanda\01_FBM_Analysis\outputs\04_ersp_LM_RAWONLY\EL045\LM\ERSP_matrix\picture\EL045_picture_WM_ERSP_EntG_L11_TN.npy,\\nasac-m2.unige.ch\m-HumanNeuronLab\ANALYSIS\FLM\Analysis_LoraFanda\01_FBM_Analysis\outputs\04_ersp_LM_RAWONLY\EL045\LM\ERSP_matrix\reading\EL045_reading_WM_ERSP_EntG_L11_TN.npy,3,0.16193971,3,EL045|ENTGL11,0.00042642462407462776,0.027491503510683246,0.00026381014685612276,0.1496313598549613,0.8221564274902629,1.4303339847397194e-10,3.047423012845062e-05
430,EL045,ENTGL2,EntG_L2,LM,concat,2,\\nasac-m2.unige.ch\m-HumanNeuronLab\ANALYSIS\FLM\Analysis_LoraFanda\01_FBM_Analysis\outputs\04_ersp_LM_RAWONLY\EL045\LM\ERSP_matrix\audio\EL045_audio_WM_ERSP_EntG_L2_TN.npy,\\nasac-m2.unige.ch\m-HumanNeuronLab\ANALYSIS\FLM\Analysis_LoraFanda\01_FBM_Analysis\outputs\04_ersp_LM_RAWONLY\EL045\LM\ERSP_matrix\audio\EL045_audio_WM_ERSP_EntG_L2_TN.npy,\\nasac-m2.unige.ch\m-HumanNeuronLab\ANALYSIS\FLM\Analysis_LoraFanda\01_FBM_Analysis\outputs\04_ersp_LM_RAWONLY\EL045\LM\ERSP_matrix\picture\EL045_picture_WM_ERSP_EntG_L2_TN.npy,\\nasac-m2.unige.ch\m-HumanNeuronLab\ANALYSIS\FLM\Analysis_LoraFanda\01_FBM_Analysis\outputs\04_ersp_LM_RAWONLY\EL045\LM\ERSP_matrix\reading\EL045_reading_WM_ERSP_EntG_L2_TN.npy,3,-0.07765176,3,EL045|ENTGL2,0.09674123521980162,0.026985456450408264,0.1687384072969411,0.0073090479544103085,0.5047196321259536,0.01819360203778265,0.17731261891470254
431,EL045,ENTGL3,EntG_L3,LM,concat,2,\\nasac-m2.unige.ch\m-HumanNeuronLab\ANALYSIS\FLM\Analysis_LoraFanda\01_FBM_Analysis\outputs\04_ersp_LM_RAWONLY\EL045\LM\ERSP_matrix\audio\EL045_audio_WM_ERSP_EntG_L3_TN.npy,\\nasac-m2.unige.ch\m-HumanNeuronLab\ANALYSIS\FLM\Analysis_LoraFanda\01_FBM_Analysis\outputs\04_ersp_LM_RAWONLY\EL045\LM\ERSP_matrix\audio\EL045_audio_WM_ERSP_EntG_L3_TN.npy,\\nasac-m2.unige.ch\m-HumanNeuronLab\ANALYSIS\FLM\Analysis_LoraFanda\01_FBM_Analysis\outputs\04_ersp_LM_RAWONLY\EL045\LM\ERSP_matrix\picture\EL045_picture_WM_ERSP_EntG_L3_TN.npy,\\nasac-m2.unige.ch\m-HumanNeuronLab\ANALYSIS\FLM\Analysis_LoraFanda\01_FBM_Analysis\outputs\04_ersp_LM_RAWONLY\EL045\LM\ERSP_matrix\reading\EL045_reading_WM_ERSP_EntG_L3_TN.npy,1,0.14144808,1,EL045|ENTGL3,0.07267484536204072,2.5241908487249975e-05,0.1673177683152409,0.07516724804302158,0.46868299324615426,0.05453239319271789,0.1615995099323374
432,EL045,ENTGL4,EntG_L4,LM,concat,3,\\nasac-m2.unige.ch\m-HumanNeuronLab\ANALYSIS\FLM\Analysis_LoraFanda\01_FBM_Analysis\outputs\04_ersp_LM_RAWONLY\EL045\LM\ERSP_matrix\audio\EL045_audio_WM_ERSP_EntG_L4_TN.npy,\\nasac-m2.unige.ch\m-HumanNeuronLab\ANALYSIS\FLM\Analysis_LoraFanda\01_FBM_Analysis\outputs\04_ersp_LM_RAWONLY\EL045\LM\ERSP_matrix\audio\EL045_audio_WM_ERSP_EntG_L4_TN.npy,\\nasac-m2.unige.ch\m-HumanNeuronLab\ANALYSIS\FLM\Analysis_LoraFanda\01_FBM_Analysis\outputs\04_ersp_LM_RAWONLY\EL045\LM\ERSP_matrix\picture\EL045_picture_WM_ERSP_EntG_L4_TN.npy,\\nasac-m2.unige.ch\m-HumanNeuronLab\ANALYSIS\FLM\Analysis_LoraFanda\01_FBM_Analysis\outputs\04_ersp_LM_RAWONLY\EL045\LM\ERSP_matrix\reading\EL045_reading_WM_ERSP_EntG_L4_TN.npy,3,0.11980863,3,EL045|ENTGL4,1.873917223187879e-06,0.018368908925347562,0.10245937332538566,0.04058441551793778,0.6710753544583559,0.030103656934319215,0.13740641692143069
433,EL045,ENTGL5,EntG_L5,LM,concat,3,\\nasac-m2.unige.ch\m-HumanNeuronLab\ANALYSIS\FLM\Analysis_LoraFanda\01_FBM_Analysis\outputs\04_ersp_LM_RAWONLY\EL045\LM\ERSP_matrix\audio\EL045_audio_WM_ERSP_EntG_L5_TN.npy,\\nasac-m2.unige.ch\m-HumanNeuronLab\ANALYSIS\FLM\Analysis_LoraFanda\01_FBM_Analysis\outputs\04_ersp_LM_RAWONLY\EL045\LM\ERSP_matrix\audio\EL045_audio_WM_ERSP_EntG_L5_TN.npy,\\nasac-m2.unige.ch\m-HumanNeuronLab\ANALYSIS\FLM\Analysis_LoraFanda\01_FBM_Analysis\outputs\04_ersp_LM_RAWONLY\EL045\LM\ERSP_matrix\picture\EL045_picture_WM_ERSP_EntG_L5_TN.npy,\\nasac-m2.unige.ch\m-HumanNeuronLab\ANALYSIS\FLM\Analysis_LoraFanda\01_FBM_Analysis\outputs\04_ersp_LM_RAWONLY\EL045\LM\ERSP_matrix\reading\EL045_reading_WM_ERSP_EntG_L5_TN.npy,3,0.11486845,3,EL045|ENTGL5,2.1078579433725252e-16,0.050608284313242866,0.12276936225307622,0.05452824637368962,0.7629402985496456,2.7587957120414397e-06,0.009151049714633428
434,EL045,ENTGL6,EntG_L6,LM,concat,3,\\nasac-m2.unige.ch\m-HumanNeuronLab\ANALYSIS\FLM\Analysis_LoraFanda\01_FBM_Analysis\outputs\04_ersp_LM_RAWONLY\EL045\LM\ERSP_matrix\audio\EL045_audio_WM_ERSP_EntG_L6_TN.npy,\\nasac-m2.unige.ch\m-HumanNeuronLab\ANALYSIS\FLM\Analysis_LoraFanda\01_FBM_Analysis\outputs\04_ersp_LM_RAWONLY\EL045\LM\ERSP_matrix\audio\EL045_audio_WM_ERSP_EntG_L6_TN.npy,\\nasac-m2.unige.ch\m-HumanNeuronLab\ANALYSIS\FLM\Analysis_LoraFanda\01_FBM_Analysis\outputs\04_ersp_LM_RAWONLY\EL045\LM\ERSP_matrix\picture\EL045_picture_WM_ERSP_EntG_L6_TN.npy,\\nasac-m2.unige.ch\m-HumanNeuronLab\ANALYSIS\FLM\Analysis_LoraFanda\01_FBM_Analysis\outputs\04_ersp_LM_RAWONLY\EL045\LM\ERSP_matrix\reading\EL045_reading_WM_ERSP_EntG_L6_TN.npy,3,-0.0035992693,3,EL045|ENTGL6,0.0005729997914384949,5.388128449677106e-17,0.17207798930207127,0.07657763054419635,0.7470553231188224,0.0035800662045506857,0.0001359910389206142
435,EL045,ENTGL7,EntG_L7,LM,concat,2,\\nasac-m2.unige.ch\m-HumanNeuronLab\ANALYSIS\FLM\Analysis_LoraFanda\01_FBM_Analysis\outputs\04_ersp_LM_RAWONLY\EL045\LM\ERSP_matrix\audio\EL045_audio_WM_ERSP_EntG_L7_TN.npy,\\nasac-m2.unige.ch\m-HumanNeuronLab\ANALYSIS\FLM\Analysis_LoraFanda\01_FBM_Analysis\outputs\04_ersp_LM_RAWONLY\EL045\LM\ERSP_matrix\audio\EL045_audio_WM_ERSP_EntG_L7_TN.npy,\\nasac-m2.unige.ch\m-HumanNeuronLab\ANALYSIS\FLM\Analysis_LoraFanda\01_FBM_Analysis\outputs\04_ersp_LM_RAWONLY\EL045\LM\ERSP_matrix\picture\EL045_picture_WM_ERSP_EntG_L7_TN.npy,\\nasac-m2.unige.ch\m-HumanNeuronLab\ANALYSIS\FLM\Analysis_LoraFanda\01_FBM_Analysis\outputs\04_ersp_LM_RAWONLY\EL045\LM\ERSP_matrix\reading\EL045_reading_WM_ERSP_EntG_L7_TN.npy,3,0.016367706,3,EL045|ENTGL7,3.839778917767552e-12,0.00016144305972105004,0.1510773196825343,0.21254664005244495,0.6362132486182501,2.7553370998185295e-07,1.0730494998277719e-06
436,EL045,ENTGL8,EntG_L8,LM,concat,3,\\nasac-m2.unige.ch\m-HumanNeuronLab\ANALYSIS\FLM\Analysis_LoraFanda\01_FBM_Analysis\outputs\04_ersp_LM_RAWONLY\EL045\LM\ERSP_matrix\audio\EL045_audio_WM_ERSP_EntG_L8_TN.npy,\\nasac-m2.unige.ch\m-HumanNeuronLab\ANALYSIS\FLM\Analysis_LoraFanda\01_FBM_Analysis\outputs\04_ersp_LM_RAWONLY\EL045\LM\ERSP_matrix\audio\EL045_audio_WM_ERSP_EntG_L8_TN.npy,\\nasac-m2.unige.ch\m-HumanNeuronLab\ANALYSIS\FLM\Analysis_LoraFanda\01_FBM_Analysis\outputs\04_ersp_LM_RAWONLY\EL045\LM\ERSP_matrix\picture\EL045_picture_WM_ERSP_EntG_L8_TN.npy,\\nasac-m2.unige.ch\m-HumanNeuronLab\ANALYSIS\FLM\Analysis_LoraFanda\01_FBM_Analysis\outputs\04_ersp_LM_RAWONLY\EL045\LM\ERSP_matrix\reading\EL045_reading_WM_ERSP_EntG_L8_TN.npy,3,0.03653095,3,EL045|ENTGL8,3.74661448771948e-17,0.0026553172142605866,0.14400013467982722,0.15344251241537293,0.6999010348605137,1.4173400020371215e-11,1.0008158521756873e-06
437,EL045,ENTGL9,EntG_L9,LM,concat,3,\\nasac-m2.unige.ch\m-HumanNeuronLab\ANALYSIS\FLM\Analysis_LoraFanda\01_FBM_Analysis\outputs\04_ersp_LM_RAWONLY\EL045\LM\ERSP_matrix\audio\EL045_audio_WM_ERSP_EntG_L9_TN.npy,\\nasac-m2.unige.ch\m-HumanNeuronLab\ANALYSIS\FLM\Analysis_LoraFanda\01_FBM_Analysis\outputs\04_ersp_LM_RAWONLY\EL045\LM\ERSP_matrix\audio\EL045_audio_WM_ERSP_EntG_L9_TN.npy,\\nasac-m2.unige.ch\m-HumanNeuronLab\ANALYSIS\FLM\Analysis_LoraFanda\01_FBM_Analysis\outputs\04_ersp_LM_RAWONLY\EL045\LM\ERSP_matrix\picture\EL045_picture_WM_ERSP_EntG_L9_TN.npy,\\nasac-m2.unige.ch\m-HumanNeuronLab\ANALYSIS\FLM\Analysis_LoraFanda\01_FBM_Analysis\outputs\04_ersp_LM_RAWONLY\EL045\LM\ERSP_matrix\reading\EL045_reading_WM_ERSP_EntG_L9_TN.npy,3,0.13536716,3,EL045|ENTGL9,8.611426671239407e-14,0.05194372083997641,0.08747979961967178,0.17466525614005976,0.6858993210251398,1.9071133266716232e-12,1.1902373159133524e-05
438,EL045,PHL10,pH_L10,LM,concat,2,\\nasac-m2.unige.ch\m-HumanNeuronLab\ANALYSIS\FLM\Analysis_LoraFanda\01_FBM_Analysis\outputs\04_ersp_LM_RAWONLY\EL045\LM\ERSP_matrix\audio\EL045_audio_WM_ERSP_pH_L10_TN.npy,\\nasac-m2.unige.ch\m-HumanNeuronLab\ANALYSIS\FLM\Analysis_LoraFanda\01_FBM_Analysis\outputs\04_ersp_LM_RAWONLY\EL045\LM\ERSP_matrix\audio\EL045_audio_WM_ERSP_pH_L10_TN.npy,\\nasac-m2.unige.ch\m-HumanNeuronLab\ANALYSIS\FLM\Analysis_LoraFanda\01_FBM_Analysis\outputs\04_ersp_LM_RAWONLY\EL045\LM\ERSP_matrix\picture\EL045_picture_WM_ERSP_pH_L10_TN.npy,\\nasac-m2.unige.ch\m-HumanNeuronLab\ANALYSIS\FLM\Analysis_LoraFanda\01_FBM_Analysis\outputs\04_ersp_LM_RAWONLY\EL045\LM\ERSP_matrix\reading\EL045_reading_WM_ERSP_pH_L10_TN.npy,1,0.2529313,1,EL045|PHL10,0.17603573026685296,0.1985909409653217,0.1687967460279892,1.0510622239769338e-05,0.34566333042774133,0.0002214000687781166,0.110681341621077
439,EL045,PHL11,pH_L11,LM,concat,2,\\nasac-m2.unige.ch\m-HumanNeuronLab\ANALYSIS\FLM\Analysis_LoraFanda\01_FBM_Analysis\outputs\04_ersp_LM_RAWONLY\EL045\LM\ERSP_matrix\audio\EL045_audio_WM_ERSP_pH_L11_TN.npy,\\nasac-m2.unige.ch\m-HumanNeuronLab\ANALYSIS\FLM\Analysis_LoraFanda\01_FBM_Analysis\outputs\04_ersp_LM_RAWONLY\EL045\LM\ERSP_matrix\audio\EL045_audio_WM_ERSP_pH_L11_TN.npy,\\nasac-m2.unige.ch\m-HumanNeuronLab\ANALYSIS\FLM\Analysis_LoraFanda\01_FBM_Analysis\outputs\04_ersp_LM_RAWONLY\EL045\LM\ERSP_matrix\picture\EL045_picture_WM_ERSP_pH_L11_TN.npy,\\nasac-m2.unige.ch\m-HumanNeuronLab\ANALYSIS\FLM\Analysis_LoraFanda\01_FBM_Analysis\outputs\04_ersp_LM_RAWONLY\EL045\LM\ERSP_matrix\reading\EL045_reading_WM_ERSP_pH_L11_TN.npy,1,0.25554332,1,EL045|PHL11,0.006751497352900472,0.19098008128939795,0.2935200584670778,2.83455907377705e-05,0.37293112950246393,0.0003543504836362997,0.1354345373137857
440,EL045,PHL12,pH_L12,LM,concat,3,\\nasac-m2.unige.ch\m-HumanNeuronLab\ANALYSIS\FLM\Analysis_LoraFanda\01_FBM_Analysis\outputs\04_ersp_LM_RAWONLY\EL045\LM\ERSP_matrix\audio\EL045_audio_WM_ERSP_pH_L12_TN.npy,\\nasac-m2.unige.ch\m-HumanNeuronLab\ANALYSIS\FLM\Analysis_LoraFanda\01_FBM_Analysis\outputs\04_ersp_LM_RAWONLY\EL045\LM\ERSP_matrix\audio\EL045_audio_WM_ERSP_pH_L12_TN.npy,\\nasac-m2.unige.ch\m-HumanNeuronLab\ANALYSIS\FLM\Analysis_LoraFanda\01_FBM_Analysis\outputs\04_ersp_LM_RAWONLY\EL045\LM\ERSP_matrix\picture\EL045_picture_WM_ERSP_pH_L12_TN.npy,\\nasac-m2.unige.ch\m-HumanNeuronLab\ANALYSIS\FLM\Analysis_LoraFanda\01_FBM_Analysis\outputs\04_ersp_LM_RAWONLY\EL045\LM\ERSP_matrix\reading\EL045_reading_WM_ERSP_pH_L12_TN.npy,1,0.24383539,1,EL045|PHL12,2.0891881036249858e-11,0.1820991538851052,0.3407923231809935,2.6839842042972006e-05,0.3149895495503206,2.561119441000159e-11,0.16209213349503462
441,EL045,PHL13,pH_L13,LM,concat,3,\\nasac-m2.unige.ch\m-HumanNeuronLab\ANALYSIS\FLM\Analysis_LoraFanda\01_FBM_Analysis\outputs\04_ersp_LM_RAWONLY\EL045\LM\ERSP_matrix\audio\EL045_audio_WM_ERSP_pH_L13_TN.npy,\\nasac-m2.unige.ch\m-HumanNeuronLab\ANALYSIS\FLM\Analysis_LoraFanda\01_FBM_Analysis\outputs\04_ersp_LM_RAWONLY\EL045\LM\ERSP_matrix\audio\EL045_audio_WM_ERSP_pH_L13_TN.npy,\\nasac-m2.unige.ch\m-HumanNeuronLab\ANALYSIS\FLM\Analysis_LoraFanda\01_FBM_Analysis\outputs\04_ersp_LM_RAWONLY\EL045\LM\ERSP_matrix\picture\EL045_picture_WM_ERSP_pH_L13_TN.npy,\\nasac-m2.unige.ch\m-HumanNeuronLab\ANALYSIS\FLM\Analysis_LoraFanda\01_FBM_Analysis\outputs\04_ersp_LM_RAWONLY\EL045\LM\ERSP_matrix\reading\EL045_reading_WM_ERSP_pH_L13_TN.npy,1,0.20321523,1,EL045|PHL13,0.16150379768771006,0.047486894920882816,0.17435636237842647,5.148154384657499e-06,0.2734208709081639,0.007050932506621955,0.33617599344381
442,EL045,PHL14,pH_L14,LM,concat,3,\\nasac-m2.unige.ch\m-HumanNeuronLab\ANALYSIS\FLM\Analysis_LoraFanda\01_FBM_Analysis\outputs\04_ersp_LM_RAWONLY\EL045\LM\ERSP_matrix\audio\EL045_audio_WM_ERSP_pH_L14_TN.npy,\\nasac-m2.unige.ch\m-HumanNeuronLab\ANALYSIS\FLM\Analysis_LoraFanda\01_FBM_Analysis\outputs\04_ersp_LM_RAWONLY\EL045\LM\ERSP_matrix\audio\EL045_audio_WM_ERSP_pH_L14_TN.npy,\\nasac-m2.unige.ch\m-HumanNeuronLab\ANALYSIS\FLM\Analysis_LoraFanda\01_FBM_Analysis\outputs\04_ersp_LM_RAWONLY\EL045\LM\ERSP_matrix\picture\EL045_picture_WM_ERSP_pH_L14_TN.npy,\\nasac-m2.unige.ch\m-HumanNeuronLab\ANALYSIS\FLM\Analysis_LoraFanda\01_FBM_Analysis\outputs\04_ersp_LM_RAWONLY\EL045\LM\ERSP_matrix\reading\EL045_reading_WM_ERSP_pH_L14_TN.npy,1,0.16751201,1,EL045|PHL14,2.095217738315573e-07,0.11932470131597778,0.11887390907722839,1.422216442797333e-05,0.3925972016879247,9.005373866869926e-09,0.3691897472272934
443,EL045,PHL15,pH_L15,LM,concat,3,\\nasac-m2.unige.ch\m-HumanNeuronLab\ANALYSIS\FLM\Analysis_LoraFanda\01_FBM_Analysis\outputs\04_ersp_LM_RAWONLY\EL045\LM\ERSP_matrix\audio\EL045_audio_WM_ERSP_pH_L15_TN.npy,\\nasac-m2.unige.ch\m-HumanNeuronLab\ANALYSIS\FLM\Analysis_LoraFanda\01_FBM_Analysis\outputs\04_ersp_LM_RAWONLY\EL045\LM\ERSP_matrix\audio\EL045_audio_WM_ERSP_pH_L15_TN.npy,\\nasac-m2.unige.ch\m-HumanNeuronLab\ANALYSIS\FLM\Analysis_LoraFanda\01_FBM_Analysis\outputs\04_ersp_LM_RAWONLY\EL045\LM\ERSP_matrix\picture\EL045_picture_WM_ERSP_pH_L15_TN.npy,\\nasac-m2.unige.ch\m-HumanNeuronLab\ANALYSIS\FLM\Analysis_LoraFanda\01_FBM_Analysis\outputs\04_ersp_LM_RAWONLY\EL045\LM\ERSP_matrix\reading\EL045_reading_WM_ERSP_pH_L15_TN.npy,3,0.19102353,3,EL045|PHL15,0.08251063846512799,0.06353991252243028,0.10731174885081078,6.3171027403374675e-06,0.6458483219535878,3.153724916038944e-08,0.1007830295680537
444,EL045,PHL5,pH_L5,LM,concat,2,\\nasac-m2.unige.ch\m-HumanNeuronLab\ANALYSIS\FLM\Analysis_LoraFanda\01_FBM_Analysis\outputs\04_ersp_LM_RAWONLY\EL045\LM\ERSP_matrix\audio\EL045_audio_WM_ERSP_pH_L5_TN.npy,\\nasac-m2.unige.ch\m-HumanNeuronLab\ANALYSIS\FLM\Analysis_LoraFanda\01_FBM_Analysis\outputs\04_ersp_LM_RAWONLY\EL045\LM\ERSP_matrix\audio\EL045_audio_WM_ERSP_pH_L5_TN.npy,\\nasac-m2.unige.ch\m-HumanNeuronLab\ANALYSIS\FLM\Analysis_LoraFanda\01_FBM_Analysis\outputs\04_ersp_LM_RAWONLY\EL045\LM\ERSP_matrix\picture\EL045_picture_WM_ERSP_pH_L5_TN.npy,\\nasac-m2.unige.ch\m-HumanNeuronLab\ANALYSIS\FLM\Analysis_LoraFanda\01_FBM_Analysis\outputs\04_ersp_LM_RAWONLY\EL045\LM\ERSP_matrix\reading\EL045_reading_WM_ERSP_pH_L5_TN.npy,0,-0.14937095,0,EL045|PHL5,0.6489561783732234,0.07545392196472339,0.21870320859522052,3.358675270044753e-07,0.031610276345339666,0.0004117106773554205,0.024864368176610658
445,EL045,PHL6,pH_L6,LM,concat,1,\\nasac-m2.unige.ch\m-HumanNeuronLab\ANALYSIS\FLM\Analysis_LoraFanda\01_FBM_Analysis\outputs\04_ersp_LM_RAWONLY\EL045\LM\ERSP_matrix\audio\EL045_audio_WM_ERSP_pH_L6_TN.npy,\\nasac-m2.unige.ch\m-HumanNeuronLab\ANALYSIS\FLM\Analysis_LoraFanda\01_FBM_Analysis\outputs\04_ersp_LM_RAWONLY\EL045\LM\ERSP_matrix\audio\EL045_audio_WM_ERSP_pH_L6_TN.npy,\\nasac-m2.unige.ch\m-HumanNeuronLab\ANALYSIS\FLM\Analysis_LoraFanda\01_FBM_Analysis\outputs\04_ersp_LM_RAWONLY\EL045\LM\ERSP_matrix\picture\EL045_picture_WM_ERSP_pH_L6_TN.npy,\\nasac-m2.unige.ch\m-HumanNeuronLab\ANALYSIS\FLM\Analysis_LoraFanda\01_FBM_Analysis\outputs\04_ersp_LM_RAWONLY\EL045\LM\ERSP_matrix\reading\EL045_reading_WM_ERSP_pH_L6_TN.npy,1,0.20572263,1,EL045|PHL6,0.4178432194677949,7.39736322337135e-09,0.32865050110021016,1.0904662660048058e-05,0.16967555151604913,0.07017916376972737,0.013640652086195238
446,EL045,PHL9,pH_L9,LM,concat,1,\\nasac-m2.unige.ch\m-HumanNeuronLab\ANALYSIS\FLM\Analysis_LoraFanda\01_FBM_Analysis\outputs\04_ersp_LM_RAWONLY\EL045\LM\ERSP_matrix\audio\EL045_audio_WM_ERSP_pH_L9_TN.npy,\\nasac-m2.unige.ch\m-HumanNeuronLab\ANALYSIS\FLM\Analysis_LoraFanda\01_FBM_Analysis\outputs\04_ersp_LM_RAWONLY\EL045\LM\ERSP_matrix\audio\EL045_audio_WM_ERSP_pH_L9_TN.npy,\\nasac-m2.unige.ch\m-HumanNeuronLab\ANALYSIS\FLM\Analysis_LoraFanda\01_FBM_Analysis\outputs\04_ersp_LM_RAWONLY\EL045\LM\ERSP_matrix\picture\EL045_picture_WM_ERSP_pH_L9_TN.npy,\\nasac-m2.unige.ch\m-HumanNeuronLab\ANALYSIS\FLM\Analysis_LoraFanda\01_FBM_Analysis\outputs\04_ersp_LM_RAWONLY\EL045\LM\ERSP_matrix\reading\EL045_reading_WM_ERSP_pH_L9_TN.npy,1,0.25886506,1,EL045|PHL9,0.07068302457771199,0.10454553328037781,0.1389561237631695,2.213364362056041e-06,0.5602597289072865,2.425272582502258e-05,0.12552912338126715
447,EL045,PLATL1,PlaT_L1,LM,concat,1,\\nasac-m2.unige.ch\m-HumanNeuronLab\ANALYSIS\FLM\Analysis_LoraFanda\01_FBM_Analysis\outputs\04_ersp_LM_RAWONLY\EL045\LM\ERSP_matrix\audio\EL045_audio_WM_ERSP_PlaT_L1_TN.npy,\\nasac-m2.unige.ch\m-HumanNeuronLab\ANALYSIS\FLM\Analysis_LoraFanda\01_FBM_Analysis\outputs\04_ersp_LM_RAWONLY\EL045\LM\ERSP_matrix\audio\EL045_audio_WM_ERSP_PlaT_L1_TN.npy,\\nasac-m2.unige.ch\m-HumanNeuronLab\ANALYSIS\FLM\Analysis_LoraFanda\01_FBM_Analysis\outputs\04_ersp_LM_RAWONLY\EL045\LM\ERSP_matrix\picture\EL045_picture_WM_ERSP_PlaT_L1_TN.npy,\\nasac-m2.unige.ch\m-HumanNeuronLab\ANALYSIS\FLM\Analysis_LoraFanda\01_FBM_Analysis\outputs\04_ersp_LM_RAWONLY\EL045\LM\ERSP_matrix\reading\EL045_reading_WM_ERSP_PlaT_L1_TN.npy,1,0.17782585,1,EL045|PLATL1,0.03610928758974675,0.2450333503792127,0.24992777143603143,0.07643849944044744,0.34448630052923246,0.047378736975164856,0.0006260536501645123
448,EL045,PLATL2,PlaT_L2,LM,concat,3,\\nasac-m2.unige.ch\m-HumanNeuronLab\ANALYSIS\FLM\Analysis_LoraFanda\01_FBM_Analysis\outputs\04_ersp_LM_RAWONLY\EL045\LM\ERSP_matrix\audio\EL045_audio_WM_ERSP_PlaT_L2_TN.npy,\\nasac-m2.unige.ch\m-HumanNeuronLab\ANALYSIS\FLM\Analysis_LoraFanda\01_FBM_Analysis\outputs\04_ersp_LM_RAWONLY\EL045\LM\ERSP_matrix\audio\EL045_audio_WM_ERSP_PlaT_L2_TN.npy,\\nasac-m2.unige.ch\m-HumanNeuronLab\ANALYSIS\FLM\Analysis_LoraFanda\01_FBM_Analysis\outputs\04_ersp_LM_RAWONLY\EL045\LM\ERSP_matrix\picture\EL045_picture_WM_ERSP_PlaT_L2_TN.npy,\\nasac-m2.unige.ch\m-HumanNeuronLab\ANALYSIS\FLM\Analysis_LoraFanda\01_FBM_Analysis\outputs\04_ersp_LM_RAWONLY\EL045\LM\ERSP_matrix\reading\EL045_reading_WM_ERSP_PlaT_L2_TN.npy,3,-0.061700862,3,EL045|PLATL2,0.02173927679146898,2.6234368138825203e-28,7.944092532734004e-21,0.11521216514499986,0.4945910178372436,0.06445767257975354,0.3039998676465339
449,EL045,PLATL3,PlaT_L3,LM,concat,1,\\nasac-m2.unige.ch\m-HumanNeuronLab\ANALYSIS\FLM\Analysis_LoraFanda\01_FBM_Analysis\outputs\04_ersp_LM_RAWONLY\EL045\LM\ERSP_matrix\audio\EL045_audio_WM_ERSP_PlaT_L3_TN.npy,\\nasac-m2.unige.ch\m-HumanNeuronLab\ANALYSIS\FLM\Analysis_LoraFanda\01_FBM_Analysis\outputs\04_ersp_LM_RAWONLY\EL045\LM\ERSP_matrix\audio\EL045_audio_WM_ERSP_PlaT_L3_TN.npy,\\nasac-m2.unige.ch\m-HumanNeuronLab\ANALYSIS\FLM\Analysis_LoraFanda\01_FBM_Analysis\outputs\04_ersp_LM_RAWONLY\EL045\LM\ERSP_matrix\picture\EL045_picture_WM_ERSP_PlaT_L3_TN.npy,\\nasac-m2.unige.ch\m-HumanNeuronLab\ANALYSIS\FLM\Analysis_LoraFanda\01_FBM_Analysis\outputs\04_ersp_LM_RAWONLY\EL045\LM\ERSP_matrix\reading\EL045_reading_WM_ERSP_PlaT_L3_TN.npy,1,0.14540641,1,EL045|PLATL3,0.06608960587966312,6.459915523389077e-36,0.09434639771232302,0.34000742357880065,0.18809353030733175,0.17064965747485866,0.1408133850470229
450,EL045,PLATL4,PlaT_L4,LM,concat,2,\\nasac-m2.unige.ch\m-HumanNeuronLab\ANALYSIS\FLM\Analysis_LoraFanda\01_FBM_Analysis\outputs\04_ersp_LM_RAWONLY\EL045\LM\ERSP_matrix\audio\EL045_audio_WM_ERSP_PlaT_L4_TN.npy,\\nasac-m2.unige.ch\m-HumanNeuronLab\ANALYSIS\FLM\Analysis_LoraFanda\01_FBM_Analysis\outputs\04_ersp_LM_RAWONLY\EL045\LM\ERSP_matrix\audio\EL045_audio_WM_ERSP_PlaT_L4_TN.npy,\\nasac-m2.unige.ch\m-HumanNeuronLab\ANALYSIS\FLM\Analysis_LoraFanda\01_FBM_Analysis\outputs\04_ersp_LM_RAWONLY\EL045\LM\ERSP_matrix\picture\EL045_picture_WM_ERSP_PlaT_L4_TN.npy,\\nasac-m2.unige.ch\m-HumanNeuronLab\ANALYSIS\FLM\Analysis_LoraFanda\01_FBM_Analysis\outputs\04_ersp_LM_RAWONLY\EL045\LM\ERSP_matrix\reading\EL045_reading_WM_ERSP_PlaT_L4_TN.npy,1,0.22773051,1,EL045|PLATL4,0.11076286478886835,1.0049740486689054e-28,0.0011126906489388089,0.2428175575515105,0.2184500259805812,0.29438481925645293,0.13247204177364819
451,EL045,PLATL5,PlaT_L5,LM,concat,3,\\nasac-m2.unige.ch\m-HumanNeuronLab\ANALYSIS\FLM\Analysis_LoraFanda\01_FBM_Analysis\outputs\04_ersp_LM_RAWONLY\EL045\LM\ERSP_matrix\audio\EL045_audio_WM_ERSP_PlaT_L5_TN.npy,\\nasac-m2.unige.ch\m-HumanNeuronLab\ANALYSIS\FLM\Analysis_LoraFanda\01_FBM_Analysis\outputs\04_ersp_LM_RAWONLY\EL045\LM\ERSP_matrix\audio\EL045_audio_WM_ERSP_PlaT_L5_TN.npy,\\nasac-m2.unige.ch\m-HumanNeuronLab\ANALYSIS\FLM\Analysis_LoraFanda\01_FBM_Analysis\outputs\04_ersp_LM_RAWONLY\EL045\LM\ERSP_matrix\picture\EL045_picture_WM_ERSP_PlaT_L5_TN.npy,\\nasac-m2.unige.ch\m-HumanNeuronLab\ANALYSIS\FLM\Analysis_LoraFanda\01_FBM_Analysis\outputs\04_ersp_LM_RAWONLY\EL045\LM\ERSP_matrix\reading\EL045_reading_WM_ERSP_PlaT_L5_TN.npy,3,0.037447598,3,EL045|PLATL5,0.05141236958276664,0.21953135861881334,0.0806100530106387,2.2551495095871436e-05,0.5321369179553815,2.086932769257776e-05,0.1162658800096112
452,EL045,PLATL6,PlaT_L6,LM,concat,3,\\nasac-m2.unige.ch\m-HumanNeuronLab\ANALYSIS\FLM\Analysis_LoraFanda\01_FBM_Analysis\outputs\04_ersp_LM_RAWONLY\EL045\LM\ERSP_matrix\audio\EL045_audio_WM_ERSP_PlaT_L6_TN.npy,\\nasac-m2.unige.ch\m-HumanNeuronLab\ANALYSIS\FLM\Analysis_LoraFanda\01_FBM_Analysis\outputs\04_ersp_LM_RAWONLY\EL045\LM\ERSP_matrix\audio\EL045_audio_WM_ERSP_PlaT_L6_TN.npy,\\nasac-m2.unige.ch\m-HumanNeuronLab\ANALYSIS\FLM\Analysis_LoraFanda\01_FBM_Analysis\outputs\04_ersp_LM_RAWONLY\EL045\LM\ERSP_matrix\picture\EL045_picture_WM_ERSP_PlaT_L6_TN.npy,\\nasac-m2.unige.ch\m-HumanNeuronLab\ANALYSIS\FLM\Analysis_LoraFanda\01_FBM_Analysis\outputs\04_ersp_LM_RAWONLY\EL045\LM\ERSP_matrix\reading\EL045_reading_WM_ERSP_PlaT_L6_TN.npy,3,0.14629814,3,EL045|PLATL6,0.12474512216039679,0.12326514705702324,0.07257207167372169,1.1812896657466752e-05,0.6035097002206927,4.761041767605432e-07,0.07589566988733126
453,EL045,STGL1,STG_L1,LM,concat,3,\\nasac-m2.unige.ch\m-HumanNeuronLab\ANALYSIS\FLM\Analysis_LoraFanda\01_FBM_Analysis\outputs\04_ersp_LM_RAWONLY\EL045\LM\ERSP_matrix\audio\EL045_audio_WM_ERSP_STG_L1_TN.npy,\\nasac-m2.unige.ch\m-HumanNeuronLab\ANALYSIS\FLM\Analysis_LoraFanda\01_FBM_Analysis\outputs\04_ersp_LM_RAWONLY\EL045\LM\ERSP_matrix\audio\EL045_audio_WM_ERSP_STG_L1_TN.npy,\\nasac-m2.unige.ch\m-HumanNeuronLab\ANALYSIS\FLM\Analysis_LoraFanda\01_FBM_Analysis\outputs\04_ersp_LM_RAWONLY\EL045\LM\ERSP_matrix\picture\EL045_picture_WM_ERSP_STG_L1_TN.npy,\\nasac-m2.unige.ch\m-HumanNeuronLab\ANALYSIS\FLM\Analysis_LoraFanda\01_FBM_Analysis\outputs\04_ersp_LM_RAWONLY\EL045\LM\ERSP_matrix\reading\EL045_reading_WM_ERSP_STG_L1_TN.npy,4,0.115870416,4,EL045|STGL1,0.06527627966399242,0.3772914842946021,0.0833534097847161,0.004505686163203399,0.44414990873401855,0.0004896186831602578,0.024933612676307147
454,EL045,STGL2,STG_L2,LM,concat,3,\\nasac-m2.unige.ch\m-HumanNeuronLab\ANALYSIS\FLM\Analysis_LoraFanda\01_FBM_Analysis\outputs\04_ersp_LM_RAWONLY\EL045\LM\ERSP_matrix\audio\EL045_audio_WM_ERSP_STG_L2_TN.npy,\\nasac-m2.unige.ch\m-HumanNeuronLab\ANALYSIS\FLM\Analysis_LoraFanda\01_FBM_Analysis\outputs\04_ersp_LM_RAWONLY\EL045\LM\ERSP_matrix\audio\EL045_audio_WM_ERSP_STG_L2_TN.npy,\\nasac-m2.unige.ch\m-HumanNeuronLab\ANALYSIS\FLM\Analysis_LoraFanda\01_FBM_Analysis\outputs\04_ersp_LM_RAWONLY\EL045\LM\ERSP_matrix\picture\EL045_picture_WM_ERSP_STG_L2_TN.npy,\\nasac-m2.unige.ch\m-HumanNeuronLab\ANALYSIS\FLM\Analysis_LoraFanda\01_FBM_Analysis\outputs\04_ersp_LM_RAWONLY\EL045\LM\ERSP_matrix\reading\EL045_reading_WM_ERSP_STG_L2_TN.npy,4,-0.119192734,4,EL045|STGL2,0.10606734259465765,0.2714788256262747,0.27743901694608963,1.1153635139587721e-05,0.16283133164138167,1.3771795625791726e-11,0.18217232954268503
455,EL045,STGL3,STG_L3,LM,concat,3,\\nasac-m2.unige.ch\m-HumanNeuronLab\ANALYSIS\FLM\Analysis_LoraFanda\01_FBM_Analysis\outputs\04_ersp_LM_RAWONLY\EL045\LM\ERSP_matrix\audio\EL045_audio_WM_ERSP_STG_L3_TN.npy,\\nasac-m2.unige.ch\m-HumanNeuronLab\ANALYSIS\FLM\Analysis_LoraFanda\01_FBM_Analysis\outputs\04_ersp_LM_RAWONLY\EL045\LM\ERSP_matrix\audio\EL045_audio_WM_ERSP_STG_L3_TN.npy,\\nasac-m2.unige.ch\m-HumanNeuronLab\ANALYSIS\FLM\Analysis_LoraFanda\01_FBM_Analysis\outputs\04_ersp_LM_RAWONLY\EL045\LM\ERSP_matrix\picture\EL045_picture_WM_ERSP_STG_L3_TN.npy,\\nasac-m2.unige.ch\m-HumanNeuronLab\ANALYSIS\FLM\Analysis_LoraFanda\01_FBM_Analysis\outputs\04_ersp_LM_RAWONLY\EL045\LM\ERSP_matrix\reading\EL045_reading_WM_ERSP_STG_L3_TN.npy,0,0.058930956,0,EL045|STGL3,0.27968998999353095,0.1965656026828489,0.1878679273297371,7.743483097221984e-09,1.7380983682967498e-13,7.962862181972549e-24,0.3358764722502261
456,EL045,STGL4,STG_L4,LM,concat,3,\\nasac-m2.unige.ch\m-HumanNeuronLab\ANALYSIS\FLM\Analysis_LoraFanda\01_FBM_Analysis\outputs\04_ersp_LM_RAWONLY\EL045\LM\ERSP_matrix\audio\EL045_audio_WM_ERSP_STG_L4_TN.npy,\\nasac-m2.unige.ch\m-HumanNeuronLab\ANALYSIS\FLM\Analysis_LoraFanda\01_FBM_Analysis\outputs\04_ersp_LM_RAWONLY\EL045\LM\ERSP_matrix\audio\EL045_audio_WM_ERSP_STG_L4_TN.npy,\\nasac-m2.unige.ch\m-HumanNeuronLab\ANALYSIS\FLM\Analysis_LoraFanda\01_FBM_Analysis\outputs\04_ersp_LM_RAWONLY\EL045\LM\ERSP_matrix\picture\EL045_picture_WM_ERSP_STG_L4_TN.npy,\\nasac-m2.unige.ch\m-HumanNeuronLab\ANALYSIS\FLM\Analysis_LoraFanda\01_FBM_Analysis\outputs\04_ersp_LM_RAWONLY\EL045\LM\ERSP_matrix\reading\EL045_reading_WM_ERSP_STG_L4_TN.npy,0,-0.0039291927,0,EL045|STGL4,0.2565989973583771,0.31066143971738636,0.2464668838059171,7.1414488077281136e-09,2.0043312848466854e-21,7.14597685263981e-24,0.18627267197687075
457,EL045,STGL5,STG_L5,LM,concat,3,\\nasac-m2.unige.ch\m-HumanNeuronLab\ANALYSIS\FLM\Analysis_LoraFanda\01_FBM_Analysis\outputs\04_ersp_LM_RAWONLY\EL045\LM\ERSP_matrix\audio\EL045_audio_WM_ERSP_STG_L5_TN.npy,\\nasac-m2.unige.ch\m-HumanNeuronLab\ANALYSIS\FLM\Analysis_LoraFanda\01_FBM_Analysis\outputs\04_ersp_LM_RAWONLY\EL045\LM\ERSP_matrix\audio\EL045_audio_WM_ERSP_STG_L5_TN.npy,\\nasac-m2.unige.ch\m-HumanNeuronLab\ANALYSIS\FLM\Analysis_LoraFanda\01_FBM_Analysis\outputs\04_ersp_LM_RAWONLY\EL045\LM\ERSP_matrix\picture\EL045_picture_WM_ERSP_STG_L5_TN.npy,\\nasac-m2.unige.ch\m-HumanNeuronLab\ANALYSIS\FLM\Analysis_LoraFanda\01_FBM_Analysis\outputs\04_ersp_LM_RAWONLY\EL045\LM\ERSP_matrix\reading\EL045_reading_WM_ERSP_STG_L5_TN.npy,1,0.24189375,1,EL045|STGL5,0.0648349750783769,0.29604793894347947,0.3358029166034017,3.835268214145678e-07,0.04901045286415913,4.329067734910149e-08,0.25430328969308397
458,EL045,STGL6,STG_L6,LM,concat,3,\\nasac-m2.unige.ch\m-HumanNeuronLab\ANALYSIS\FLM\Analysis_LoraFanda\01_FBM_Analysis\outputs\04_ersp_LM_RAWONLY\EL045\LM\ERSP_matrix\audio\EL045_audio_WM_ERSP_STG_L6_TN.npy,\\nasac-m2.unige.ch\m-HumanNeuronLab\ANALYSIS\FLM\Analysis_LoraFanda\01_FBM_Analysis\outputs\04_ersp_LM_RAWONLY\EL045\LM\ERSP_matrix\audio\EL045_audio_WM_ERSP_STG_L6_TN.npy,\\nasac-m2.unige.ch\m-HumanNeuronLab\ANALYSIS\FLM\Analysis_LoraFanda\01_FBM_Analysis\outputs\04_ersp_LM_RAWONLY\EL045\LM\ERSP_matrix\picture\EL045_picture_WM_ERSP_STG_L6_TN.npy,\\nasac-m2.unige.ch\m-HumanNeuronLab\ANALYSIS\FLM\Analysis_LoraFanda\01_FBM_Analysis\outputs\04_ersp_LM_RAWONLY\EL045\LM\ERSP_matrix\reading\EL045_reading_WM_ERSP_STG_L6_TN.npy,4,-0.071956694,4,EL045|STGL6,0.10126569113096723,0.42415048307553654,0.29911950038379465,4.28129913116056e-09,4.368723581454643e-14,1.3586908701747793e-05,0.17545073421965698
459,EL045,STGL7,STG_L7,LM,concat,2,\\nasac-m2.unige.ch\m-HumanNeuronLab\ANALYSIS\FLM\Analysis_LoraFanda\01_FBM_Analysis\outputs\04_ersp_LM_RAWONLY\EL045\LM\ERSP_matrix\audio\EL045_audio_WM_ERSP_STG_L7_TN.npy,\\nasac-m2.unige.ch\m-HumanNeuronLab\ANALYSIS\FLM\Analysis_LoraFanda\01_FBM_Analysis\outputs\04_ersp_LM_RAWONLY\EL045\LM\ERSP_matrix\audio\EL045_audio_WM_ERSP_STG_L7_TN.npy,\\nasac-m2.unige.ch\m-HumanNeuronLab\ANALYSIS\FLM\Analysis_LoraFanda\01_FBM_Analysis\outputs\04_ersp_LM_RAWONLY\EL045\LM\ERSP_matrix\picture\EL045_picture_WM_ERSP_STG_L7_TN.npy,\\nasac-m2.unige.ch\m-HumanNeuronLab\ANALYSIS\FLM\Analysis_LoraFanda\01_FBM_Analysis\outputs\04_ersp_LM_RAWONLY\EL045\LM\ERSP_matrix\reading\EL045_reading_WM_ERSP_STG_L7_TN.npy,1,0.22781724,1,EL045|STGL7,0.13748133980544103,0.3451893403076002,0.21475409028254921,0.08848815261730375,0.07046363407723265,0.1433707014120477,0.000252741497825723
460,EL045,STGL8,STG_L8,LM,concat,1,\\nasac-m2.unige.ch\m-HumanNeuronLab\ANALYSIS\FLM\Analysis_LoraFanda\01_FBM_Analysis\outputs\04_ersp_LM_RAWONLY\EL045\LM\ERSP_matrix\audio\EL045_audio_WM_ERSP_STG_L8_TN.npy,\\nasac-m2.unige.ch\m-HumanNeuronLab\ANALYSIS\FLM\Analysis_LoraFanda\01_FBM_Analysis\outputs\04_ersp_LM_RAWONLY\EL045\LM\ERSP_matrix\audio\EL045_audio_WM_ERSP_STG_L8_TN.npy,\\nasac-m2.unige.ch\m-HumanNeuronLab\ANALYSIS\FLM\Analysis_LoraFanda\01_FBM_Analysis\outputs\04_ersp_LM_RAWONLY\EL045\LM\ERSP_matrix\picture\EL045_picture_WM_ERSP_STG_L8_TN.npy,\\nasac-m2.unige.ch\m-HumanNeuronLab\ANALYSIS\FLM\Analysis_LoraFanda\01_FBM_Analysis\outputs\04_ersp_LM_RAWONLY\EL045\LM\ERSP_matrix\reading\EL045_reading_WM_ERSP_STG_L8_TN.npy,1,0.2865541,1,EL045|STGL8,0.1775065833628562,0.17074613066182215,0.18999685799644678,0.1563318107132806,0.23705228785599583,0.06819982584128698,0.00016650356831151864
461,EL045,STGL9,STG_L9,LM,concat,3,\\nasac-m2.unige.ch\m-HumanNeuronLab\ANALYSIS\FLM\Analysis_LoraFanda\01_FBM_Analysis\outputs\04_ersp_LM_RAWONLY\EL045\LM\ERSP_matrix\audio\EL045_audio_WM_ERSP_STG_L9_TN.npy,\\nasac-m2.unige.ch\m-HumanNeuronLab\ANALYSIS\FLM\Analysis_LoraFanda\01_FBM_Analysis\outputs\04_ersp_LM_RAWONLY\EL045\LM\ERSP_matrix\audio\EL045_audio_WM_ERSP_STG_L9_TN.npy,\\nasac-m2.unige.ch\m-HumanNeuronLab\ANALYSIS\FLM\Analysis_LoraFanda\01_FBM_Analysis\outputs\04_ersp_LM_RAWONLY\EL045\LM\ERSP_matrix\picture\EL045_picture_WM_ERSP_STG_L9_TN.npy,\\nasac-m2.unige.ch\m-HumanNeuronLab\ANALYSIS\FLM\Analysis_LoraFanda\01_FBM_Analysis\outputs\04_ersp_LM_RAWONLY\EL045\LM\ERSP_matrix\reading\EL045_reading_WM_ERSP_STG_L9_TN.npy,3,0.08806289,3,EL045|STGL9,0.0953666852887708,0.1586719733545157,0.10815112129017959,0.030689535056148822,0.6008055827702243,5.537621931206994e-10,0.006315101686398582
462,EL045,TTGL1,TTG_L1,LM,concat,2,\\nasac-m2.unige.ch\m-HumanNeuronLab\ANALYSIS\FLM\Analysis_LoraFanda\01_FBM_Analysis\outputs\04_ersp_LM_RAWONLY\EL045\LM\ERSP_matrix\audio\EL045_audio_WM_ERSP_TTG_L1_TN.npy,\\nasac-m2.unige.ch\m-HumanNeuronLab\ANALYSIS\FLM\Analysis_LoraFanda\01_FBM_Analysis\outputs\04_ersp_LM_RAWONLY\EL045\LM\ERSP_matrix\audio\EL045_audio_WM_ERSP_TTG_L1_TN.npy,\\nasac-m2.unige.ch\m-HumanNeuronLab\ANALYSIS\FLM\Analysis_LoraFanda\01_FBM_Analysis\outputs\04_ersp_LM_RAWONLY\EL045\LM\ERSP_matrix\picture\EL045_picture_WM_ERSP_TTG_L1_TN.npy,\\nasac-m2.unige.ch\m-HumanNeuronLab\ANALYSIS\FLM\Analysis_LoraFanda\01_FBM_Analysis\outputs\04_ersp_LM_RAWONLY\EL045\LM\ERSP_matrix\reading\EL045_reading_WM_ERSP_TTG_L1_TN.npy,4,0.16055669,4,EL045|TTGL1,0.19423155256372754,0.41403544212421267,0.04583798094136393,0.06254593701902489,0.2735170764908374,7.101499196203562e-09,0.009832003759334445
463,EL045,TTGL2,TTG_L2,LM,concat,3,\\nasac-m2.unige.ch\m-HumanNeuronLab\ANALYSIS\FLM\Analysis_LoraFanda\01_FBM_Analysis\outputs\04_ersp_LM_RAWONLY\EL045\LM\ERSP_matrix\audio\EL045_audio_WM_ERSP_TTG_L2_TN.npy,\\nasac-m2.unige.ch\m-HumanNeuronLab\ANALYSIS\FLM\Analysis_LoraFanda\01_FBM_Analysis\outputs\04_ersp_LM_RAWONLY\EL045\LM\ERSP_matrix\audio\EL045_audio_WM_ERSP_TTG_L2_TN.npy,\\nasac-m2.unige.ch\m-HumanNeuronLab\ANALYSIS\FLM\Analysis_LoraFanda\01_FBM_Analysis\outputs\04_ersp_LM_RAWONLY\EL045\LM\ERSP_matrix\picture\EL045_picture_WM_ERSP_TTG_L2_TN.npy,\\nasac-m2.unige.ch\m-HumanNeuronLab\ANALYSIS\FLM\Analysis_LoraFanda\01_FBM_Analysis\outputs\04_ersp_LM_RAWONLY\EL045\LM\ERSP_matrix\reading\EL045_reading_WM_ERSP_TTG_L2_TN.npy,4,0.1780793,4,EL045|TTGL2,0.15384933299846856,0.37566802158666024,0.11181119104383404,0.07456905967333456,0.20918218733941207,0.07405357096628266,0.0008666363920079057
464,EL045,TTGL3,TTG_L3,LM,concat,3,\\nasac-m2.unige.ch\m-HumanNeuronLab\ANALYSIS\FLM\Analysis_LoraFanda\01_FBM_Analysis\outputs\04_ersp_LM_RAWONLY\EL045\LM\ERSP_matrix\audio\EL045_audio_WM_ERSP_TTG_L3_TN.npy,\\nasac-m2.unige.ch\m-HumanNeuronLab\ANALYSIS\FLM\Analysis_LoraFanda\01_FBM_Analysis\outputs\04_ersp_LM_RAWONLY\EL045\LM\ERSP_matrix\audio\EL045_audio_WM_ERSP_TTG_L3_TN.npy,\\nasac-m2.unige.ch\m-HumanNeuronLab\ANALYSIS\FLM\Analysis_LoraFanda\01_FBM_Analysis\outputs\04_ersp_LM_RAWONLY\EL045\LM\ERSP_matrix\picture\EL045_picture_WM_ERSP_TTG_L3_TN.npy,\\nasac-m2.unige.ch\m-HumanNeuronLab\ANALYSIS\FLM\Analysis_LoraFanda\01_FBM_Analysis\outputs\04_ersp_LM_RAWONLY\EL045\LM\ERSP_matrix\reading\EL045_reading_WM_ERSP_TTG_L3_TN.npy,4,0.15545772,4,EL045|TTGL3,0.1604996322914974,0.35502774706146184,0.1026317491145376,0.1288012701287676,0.19586723317462196,0.05706389173870312,0.00010847649041055156
465,EL045,TTGL4,TTG_L4,LM,concat,3,\\nasac-m2.unige.ch\m-HumanNeuronLab\ANALYSIS\FLM\Analysis_LoraFanda\01_FBM_Analysis\outputs\04_ersp_LM_RAWONLY\EL045\LM\ERSP_matrix\audio\EL045_audio_WM_ERSP_TTG_L4_TN.npy,\\nasac-m2.unige.ch\m-HumanNeuronLab\ANALYSIS\FLM\Analysis_LoraFanda\01_FBM_Analysis\outputs\04_ersp_LM_RAWONLY\EL045\LM\ERSP_matrix\audio\EL045_audio_WM_ERSP_TTG_L4_TN.npy,\\nasac-m2.unige.ch\m-HumanNeuronLab\ANALYSIS\FLM\Analysis_LoraFanda\01_FBM_Analysis\outputs\04_ersp_LM_RAWONLY\EL045\LM\ERSP_matrix\picture\EL045_picture_WM_ERSP_TTG_L4_TN.npy,\\nasac-m2.unige.ch\m-HumanNeuronLab\ANALYSIS\FLM\Analysis_LoraFanda\01_FBM_Analysis\outputs\04_ersp_LM_RAWONLY\EL045\LM\ERSP_matrix\reading\EL045_reading_WM_ERSP_TTG_L4_TN.npy,4,0.21821424,4,EL045|TTGL4,0.13957942441616417,0.3912065316186675,0.10938492270272394,0.14230444859450495,0.11305098337921343,0.10446518340410751,8.505884618594942e-06
466,EL045,TTGL5,TTG_L5,LM,concat,3,\\nasac-m2.unige.ch\m-HumanNeuronLab\ANALYSIS\FLM\Analysis_LoraFanda\01_FBM_Analysis\outputs\04_ersp_LM_RAWONLY\EL045\LM\ERSP_matrix\audio\EL045_audio_WM_ERSP_TTG_L5_TN.npy,\\nasac-m2.unige.ch\m-HumanNeuronLab\ANALYSIS\FLM\Analysis_LoraFanda\01_FBM_Analysis\outputs\04_ersp_LM_RAWONLY\EL045\LM\ERSP_matrix\audio\EL045_audio_WM_ERSP_TTG_L5_TN.npy,\\nasac-m2.unige.ch\m-HumanNeuronLab\ANALYSIS\FLM\Analysis_LoraFanda\01_FBM_Analysis\outputs\04_ersp_LM_RAWONLY\EL045\LM\ERSP_matrix\picture\EL045_picture_WM_ERSP_TTG_L5_TN.npy,\\nasac-m2.unige.ch\m-HumanNeuronLab\ANALYSIS\FLM\Analysis_LoraFanda\01_FBM_Analysis\outputs\04_ersp_LM_RAWONLY\EL045\LM\ERSP_matrix\reading\EL045_reading_WM_ERSP_TTG_L5_TN.npy,4,0.23232427,4,EL045|TTGL5,0.13270982143336796,0.44176415900865035,0.12539469848685714,0.10159834696425687,0.12871089681456835,0.06981372479372747,8.352498571983881e-06
467,EL045,TTGL6,TTG_L6,LM,concat,2,\\nasac-m2.unige.ch\m-HumanNeuronLab\ANALYSIS\FLM\Analysis_LoraFanda\01_FBM_Analysis\outputs\04_ersp_LM_RAWONLY\EL045\LM\ERSP_matrix\audio\EL045_audio_WM_ERSP_TTG_L6_TN.npy,\\nasac-m2.unige.ch\m-HumanNeuronLab\ANALYSIS\FLM\Analysis_LoraFanda\01_FBM_Analysis\outputs\04_ersp_LM_RAWONLY\EL045\LM\ERSP_matrix\audio\EL045_audio_WM_ERSP_TTG_L6_TN.npy,\\nasac-m2.unige.ch\m-HumanNeuronLab\ANALYSIS\FLM\Analysis_LoraFanda\01_FBM_Analysis\outputs\04_ersp_LM_RAWONLY\EL045\LM\ERSP_matrix\picture\EL045_picture_WM_ERSP_TTG_L6_TN.npy,\\nasac-m2.unige.ch\m-HumanNeuronLab\ANALYSIS\FLM\Analysis_LoraFanda\01_FBM_Analysis\outputs\04_ersp_LM_RAWONLY\EL045\LM\ERSP_matrix\reading\EL045_reading_WM_ERSP_TTG_L6_TN.npy,4,0.14209738,4,EL045|TTGL6,0.09879285004444201,0.4379737106059212,0.0782737300123057,0.2092262274165868,0.08472612756261028,0.09100725665320443,9.770492949467643e-08
468,EL045,TTGL7,TTG_L7,LM,concat,1,\\nasac-m2.unige.ch\m-HumanNeuronLab\ANALYSIS\FLM\Analysis_LoraFanda\01_FBM_Analysis\outputs\04_ersp_LM_RAWONLY\EL045\LM\ERSP_matrix\audio\EL045_audio_WM_ERSP_TTG_L7_TN.npy,\\nasac-m2.unige.ch\m-HumanNeuronLab\ANALYSIS\FLM\Analysis_LoraFanda\01_FBM_Analysis\outputs\04_ersp_LM_RAWONLY\EL045\LM\ERSP_matrix\audio\EL045_audio_WM_ERSP_TTG_L7_TN.npy,\\nasac-m2.unige.ch\m-HumanNeuronLab\ANALYSIS\FLM\Analysis_LoraFanda\01_FBM_Analysis\outputs\04_ersp_LM_RAWONLY\EL045\LM\ERSP_matrix\picture\EL045_picture_WM_ERSP_TTG_L7_TN.npy,\\nasac-m2.unige.ch\m-HumanNeuronLab\ANALYSIS\FLM\Analysis_LoraFanda\01_FBM_Analysis\outputs\04_ersp_LM_RAWONLY\EL045\LM\ERSP_matrix\reading\EL045_reading_WM_ERSP_TTG_L7_TN.npy,4,0.016726252,4,EL045|TTGL7,0.049959380279239095,0.4053332648626611,0.09526735965543966,0.21554408918648077,0.1854653907200081,0.04842829062740795,2.2246687632556756e-06
469,EL045,TTGL8,TTG_L8,LM,concat,1,\\nasac-m2.unige.ch\m-HumanNeuronLab\ANALYSIS\FLM\Analysis_LoraFanda\01_FBM_Analysis\outputs\04_ersp_LM_RAWONLY\EL045\LM\ERSP_matrix\audio\EL045_audio_WM_ERSP_TTG_L8_TN.npy,\\nasac-m2.unige.ch\m-HumanNeuronLab\ANALYSIS\FLM\Analysis_LoraFanda\01_FBM_Analysis\outputs\04_ersp_LM_RAWONLY\EL045\LM\ERSP_matrix\audio\EL045_audio_WM_ERSP_TTG_L8_TN.npy,\\nasac-m2.unige.ch\m-HumanNeuronLab\ANALYSIS\FLM\Analysis_LoraFanda\01_FBM_Analysis\outputs\04_ersp_LM_RAWONLY\EL045\LM\ERSP_matrix\picture\EL045_picture_WM_ERSP_TTG_L8_TN.npy,\\nasac-m2.unige.ch\m-HumanNeuronLab\ANALYSIS\FLM\Analysis_LoraFanda\01_FBM_Analysis\outputs\04_ersp_LM_RAWONLY\EL045\LM\ERSP_matrix\reading\EL045_reading_WM_ERSP_TTG_L8_TN.npy,1,0.13475487,1,EL045|TTGL8,0.08781527676775043,0.2678944638931483,0.1005210534653705,0.22785279500031183,0.26954835014112283,0.04636666265548914,1.398076807091902e-06
470,PAT_2868,FOP3,FOP3,LM,concat,1,\\nasac-m2.unige.ch\m-HumanNeuronLab\ANALYSIS\FLM\Analysis_LoraFanda\01_FBM_Analysis\outputs\04_ersp_LM_RAWONLY\PAT_2868\LM\ERSP_matrix\audio\PAT_2868_audio_WM_ERSP_FOP3_TN.npy,\\nasac-m2.unige.ch\m-HumanNeuronLab\ANALYSIS\FLM\Analysis_LoraFanda\01_FBM_Analysis\outputs\04_ersp_LM_RAWONLY\PAT_2868\LM\ERSP_matrix\audio\PAT_2868_audio_WM_ERSP_FOP3_TN.npy,\\nasac-m2.unige.ch\m-HumanNeuronLab\ANALYSIS\FLM\Analysis_LoraFanda\01_FBM_Analysis\outputs\04_ersp_LM_RAWONLY\PAT_2868\LM\ERSP_matrix\picture\PAT_2868_picture_WM_ERSP_FOP3_TN.npy,\\nasac-m2.unige.ch\m-HumanNeuronLab\ANALYSIS\FLM\Analysis_LoraFanda\01_FBM_Analysis\outputs\04_ersp_LM_RAWONLY\PAT_2868\LM\ERSP_matrix\reading\PAT_2868_reading_WM_ERSP_FOP3_TN.npy,1,0.16392513,1,PAT_2868|FOP3,0.0008743785365059729,0.05591483523458033,0.007731048516944018,6.59806717138946e-06,0.4585885476373459,7.88109963525547e-06,0.47687671090781697
471,PAT_2868,FOP4,FOP4,LM,concat,1,\\nasac-m2.unige.ch\m-HumanNeuronLab\ANALYSIS\FLM\Analysis_LoraFanda\01_FBM_Analysis\outputs\04_ersp_LM_RAWONLY\PAT_2868\LM\ERSP_matrix\audio\PAT_2868_audio_WM_ERSP_FOP4_TN.npy,\\nasac-m2.unige.ch\m-HumanNeuronLab\ANALYSIS\FLM\Analysis_LoraFanda\01_FBM_Analysis\outputs\04_ersp_LM_RAWONLY\PAT_2868\LM\ERSP_matrix\audio\PAT_2868_audio_WM_ERSP_FOP4_TN.npy,\\nasac-m2.unige.ch\m-HumanNeuronLab\ANALYSIS\FLM\Analysis_LoraFanda\01_FBM_Analysis\outputs\04_ersp_LM_RAWONLY\PAT_2868\LM\ERSP_matrix\picture\PAT_2868_picture_WM_ERSP_FOP4_TN.npy,\\nasac-m2.unige.ch\m-HumanNeuronLab\ANALYSIS\FLM\Analysis_LoraFanda\01_FBM_Analysis\outputs\04_ersp_LM_RAWONLY\PAT_2868\LM\ERSP_matrix\reading\PAT_2868_reading_WM_ERSP_FOP4_TN.npy,3,-0.02229167,3,PAT_2868|FOP4,0.0499474254193867,0.03423432350410398,2.8777063762159603e-11,1.4537072064227449e-06,0.6004093350229773,0.04835287735285996,0.2670545849646885
472,PAT_2868,FOP5,FOP5,LM,concat,1,\\nasac-m2.unige.ch\m-HumanNeuronLab\ANALYSIS\FLM\Analysis_LoraFanda\01_FBM_Analysis\outputs\04_ersp_LM_RAWONLY\PAT_2868\LM\ERSP_matrix\audio\PAT_2868_audio_WM_ERSP_FOP5_TN.npy,\\nasac-m2.unige.ch\m-HumanNeuronLab\ANALYSIS\FLM\Analysis_LoraFanda\01_FBM_Analysis\outputs\04_ersp_LM_RAWONLY\PAT_2868\LM\ERSP_matrix\audio\PAT_2868_audio_WM_ERSP_FOP5_TN.npy,\\nasac-m2.unige.ch\m-HumanNeuronLab\ANALYSIS\FLM\Analysis_LoraFanda\01_FBM_Analysis\outputs\04_ersp_LM_RAWONLY\PAT_2868\LM\ERSP_matrix\picture\PAT_2868_picture_WM_ERSP_FOP5_TN.npy,\\nasac-m2.unige.ch\m-HumanNeuronLab\ANALYSIS\FLM\Analysis_LoraFanda\01_FBM_Analysis\outputs\04_ersp_LM_RAWONLY\PAT_2868\LM\ERSP_matrix\reading\PAT_2868_reading_WM_ERSP_FOP5_TN.npy,3,-0.11774227,3,PAT_2868|FOP5,6.492061383388118e-21,0.043541476118555036,1.3834736772890997e-24,0.10570153834250572,0.6459434891605842,2.1413521910142484e-05,0.20479208285644498
473,PAT_2868,POS4,POS4,LM,concat,1,\\nasac-m2.unige.ch\m-HumanNeuronLab\ANALYSIS\FLM\Analysis_LoraFanda\01_FBM_Analysis\outputs\04_ersp_LM_RAWONLY\PAT_2868\LM\ERSP_matrix\audio\PAT_2868_audio_WM_ERSP_POS4_TN.npy,\\nasac-m2.unige.ch\m-HumanNeuronLab\ANALYSIS\FLM\Analysis_LoraFanda\01_FBM_Analysis\outputs\04_ersp_LM_RAWONLY\PAT_2868\LM\ERSP_matrix\audio\PAT_2868_audio_WM_ERSP_POS4_TN.npy,\\nasac-m2.unige.ch\m-HumanNeuronLab\ANALYSIS\FLM\Analysis_LoraFanda\01_FBM_Analysis\outputs\04_ersp_LM_RAWONLY\PAT_2868\LM\ERSP_matrix\picture\PAT_2868_picture_WM_ERSP_POS4_TN.npy,\\nasac-m2.unige.ch\m-HumanNeuronLab\ANALYSIS\FLM\Analysis_LoraFanda\01_FBM_Analysis\outputs\04_ersp_LM_RAWONLY\PAT_2868\LM\ERSP_matrix\reading\PAT_2868_reading_WM_ERSP_POS4_TN.npy,1,0.16920331,1,PAT_2868|POS4,5.794989272790179e-06,1.225241121871544e-13,0.16684911384415302,0.05287804586996724,0.4835850474608908,0.2966491283727935,3.286946280006338e-05
474,PAT_2868,POS7,POS7,LM,concat,1,\\nasac-m2.unige.ch\m-HumanNeuronLab\ANALYSIS\FLM\Analysis_LoraFanda\01_FBM_Analysis\outputs\04_ersp_LM_RAWONLY\PAT_2868\LM\ERSP_matrix\audio\PAT_2868_audio_WM_ERSP_POS7_TN.npy,\\nasac-m2.unige.ch\m-HumanNeuronLab\ANALYSIS\FLM\Analysis_LoraFanda\01_FBM_Analysis\outputs\04_ersp_LM_RAWONLY\PAT_2868\LM\ERSP_matrix\audio\PAT_2868_audio_WM_ERSP_POS7_TN.npy,\\nasac-m2.unige.ch\m-HumanNeuronLab\ANALYSIS\FLM\Analysis_LoraFanda\01_FBM_Analysis\outputs\04_ersp_LM_RAWONLY\PAT_2868\LM\ERSP_matrix\picture\PAT_2868_picture_WM_ERSP_POS7_TN.npy,\\nasac-m2.unige.ch\m-HumanNeuronLab\ANALYSIS\FLM\Analysis_LoraFanda\01_FBM_Analysis\outputs\04_ersp_LM_RAWONLY\PAT_2868\LM\ERSP_matrix\reading\PAT_2868_reading_WM_ERSP_POS7_TN.npy,3,-0.12438481,3,PAT_2868|POS7,0.1722798805724782,0.09470051142452622,2.9553147582614154e-06,0.0018769518188423936,0.37899304743691253,0.24368258238574986,0.10846407104673257
475,PAT_2868,PPS5,PPS5,LM,concat,1,\\nasac-m2.unige.ch\m-HumanNeuronLab\ANALYSIS\FLM\Analysis_LoraFanda\01_FBM_Analysis\outputs\04_ersp_LM_RAWONLY\PAT_2868\LM\ERSP_matrix\audio\PAT_2868_audio_WM_ERSP_PPS5_TN.npy,\\nasac-m2.unige.ch\m-HumanNeuronLab\ANALYSIS\FLM\Analysis_LoraFanda\01_FBM_Analysis\outputs\04_ersp_LM_RAWONLY\PAT_2868\LM\ERSP_matrix\audio\PAT_2868_audio_WM_ERSP_PPS5_TN.npy,\\nasac-m2.unige.ch\m-HumanNeuronLab\ANALYSIS\FLM\Analysis_LoraFanda\01_FBM_Analysis\outputs\04_ersp_LM_RAWONLY\PAT_2868\LM\ERSP_matrix\picture\PAT_2868_picture_WM_ERSP_PPS5_TN.npy,\\nasac-m2.unige.ch\m-HumanNeuronLab\ANALYSIS\FLM\Analysis_LoraFanda\01_FBM_Analysis\outputs\04_ersp_LM_RAWONLY\PAT_2868\LM\ERSP_matrix\reading\PAT_2868_reading_WM_ERSP_PPS5_TN.npy,1,0.3209736,1,PAT_2868|PPS5,0.1420292397255381,9.506914562246231e-18,0.1659309547875669,0.15374824638096027,0.15881533168781797,0.32328556035038913,0.05619066706772762
476,PAT_3066,CAG12,CAG12,LM,concat,1,\\nasac-m2.unige.ch\m-HumanNeuronLab\ANALYSIS\FLM\Analysis_LoraFanda\01_FBM_Analysis\outputs\04_ersp_LM_RAWONLY\PAT_3066\LM\ERSP_matrix\audio\PAT_3066_audio_WM_ERSP_CAG12_TN.npy,\\nasac-m2.unige.ch\m-HumanNeuronLab\ANALYSIS\FLM\Analysis_LoraFanda\01_FBM_Analysis\outputs\04_ersp_LM_RAWONLY\PAT_3066\LM\ERSP_matrix\audio\PAT_3066_audio_WM_ERSP_CAG12_TN.npy,\\nasac-m2.unige.ch\m-HumanNeuronLab\ANALYSIS\FLM\Analysis_LoraFanda\01_FBM_Analysis\outputs\04_ersp_LM_RAWONLY\PAT_3066\LM\ERSP_matrix\picture\PAT_3066_picture_WM_ERSP_CAG12_TN.npy,\\nasac-m2.unige.ch\m-HumanNeuronLab\ANALYSIS\FLM\Analysis_LoraFanda\01_FBM_Analysis\outputs\04_ersp_LM_RAWONLY\PAT_3066\LM\ERSP_matrix\reading\PAT_3066_reading_WM_ERSP_CAG12_TN.npy,1,0.35081893,1,PAT_3066|CAG12,1.5099839010932166e-09,0.029402710560165086,1.1316740267934379e-05,0.013169322180692352,0.05783126375795628,0.08019434186681566,0.8193910433841188
477,PAT_3066,CAG5,CAG5,LM,concat,1,\\nasac-m2.unige.ch\m-HumanNeuronLab\ANALYSIS\FLM\Analysis_LoraFanda\01_FBM_Analysis\outputs\04_ersp_LM_RAWONLY\PAT_3066\LM\ERSP_matrix\audio\PAT_3066_audio_WM_ERSP_CAG5_TN.npy,\\nasac-m2.unige.ch\m-HumanNeuronLab\ANALYSIS\FLM\Analysis_LoraFanda\01_FBM_Analysis\outputs\04_ersp_LM_RAWONLY\PAT_3066\LM\ERSP_matrix\audio\PAT_3066_audio_WM_ERSP_CAG5_TN.npy,\\nasac-m2.unige.ch\m-HumanNeuronLab\ANALYSIS\FLM\Analysis_LoraFanda\01_FBM_Analysis\outputs\04_ersp_LM_RAWONLY\PAT_3066\LM\ERSP_matrix\picture\PAT_3066_picture_WM_ERSP_CAG5_TN.npy,\\nasac-m2.unige.ch\m-HumanNeuronLab\ANALYSIS\FLM\Analysis_LoraFanda\01_FBM_Analysis\outputs\04_ersp_LM_RAWONLY\PAT_3066\LM\ERSP_matrix\reading\PAT_3066_reading_WM_ERSP_CAG5_TN.npy,1,0.3377841,1,PAT_3066|CAG5,1.2080432319355928e-27,0.10939953203157166,0.23179419691864114,0.15997545916437633,0.09134545650503054,4.479614074499262e-17,0.4074853553803803
478,PAT_3066,CAG6,CAG6,LM,concat,1,\\nasac-m2.unige.ch\m-HumanNeuronLab\ANALYSIS\FLM\Analysis_LoraFanda\01_FBM_Analysis\outputs\04_ersp_LM_RAWONLY\PAT_3066\LM\ERSP_matrix\audio\PAT_3066_audio_WM_ERSP_CAG6_TN.npy,\\nasac-m2.unige.ch\m-HumanNeuronLab\ANALYSIS\FLM\Analysis_LoraFanda\01_FBM_Analysis\outputs\04_ersp_LM_RAWONLY\PAT_3066\LM\ERSP_matrix\audio\PAT_3066_audio_WM_ERSP_CAG6_TN.npy,\\nasac-m2.unige.ch\m-HumanNeuronLab\ANALYSIS\FLM\Analysis_LoraFanda\01_FBM_Analysis\outputs\04_ersp_LM_RAWONLY\PAT_3066\LM\ERSP_matrix\picture\PAT_3066_picture_WM_ERSP_CAG6_TN.npy,\\nasac-m2.unige.ch\m-HumanNeuronLab\ANALYSIS\FLM\Analysis_LoraFanda\01_FBM_Analysis\outputs\04_ersp_LM_RAWONLY\PAT_3066\LM\ERSP_matrix\reading\PAT_3066_reading_WM_ERSP_CAG6_TN.npy,1,0.3203329,1,PAT_3066|CAG6,0.004489309197025741,0.0027593044818909427,0.4673939732239739,0.006272122650368937,0.1690514273250441,0.00010521448317343561,0.34992864863852297
479,PAT_3066,FOG14,FOG14,LM,concat,1,\\nasac-m2.unige.ch\m-HumanNeuronLab\ANALYSIS\FLM\Analysis_LoraFanda\01_FBM_Analysis\outputs\04_ersp_LM_RAWONLY\PAT_3066\LM\ERSP_matrix\audio\PAT_3066_audio_WM_ERSP_FOG14_TN.npy,\\nasac-m2.unige.ch\m-HumanNeuronLab\ANALYSIS\FLM\Analysis_LoraFanda\01_FBM_Analysis\outputs\04_ersp_LM_RAWONLY\PAT_3066\LM\ERSP_matrix\audio\PAT_3066_audio_WM_ERSP_FOG14_TN.npy,\\nasac-m2.unige.ch\m-HumanNeuronLab\ANALYSIS\FLM\Analysis_LoraFanda\01_FBM_Analysis\outputs\04_ersp_LM_RAWONLY\PAT_3066\LM\ERSP_matrix\picture\PAT_3066_picture_WM_ERSP_FOG14_TN.npy,\\nasac-m2.unige.ch\m-HumanNeuronLab\ANALYSIS\FLM\Analysis_LoraFanda\01_FBM_Analysis\outputs\04_ersp_LM_RAWONLY\PAT_3066\LM\ERSP_matrix\reading\PAT_3066_reading_WM_ERSP_FOG14_TN.npy,1,0.22722626,1,PAT_3066|FOG14,4.364474616805217e-27,9.077538338331372e-28,1.1014693957980484e-13,0.0753638643477962,0.4920405181106566,0.15118596081157248,0.2814096567298646
480,PAT_3066,HAD1,HAD1,LM,concat,1,\\nasac-m2.unige.ch\m-HumanNeuronLab\ANALYSIS\FLM\Analysis_LoraFanda\01_FBM_Analysis\outputs\04_ersp_LM_RAWONLY\PAT_3066\LM\ERSP_matrix\audio\PAT_3066_audio_WM_ERSP_HAD1_TN.npy,\\nasac-m2.unige.ch\m-HumanNeuronLab\ANALYSIS\FLM\Analysis_LoraFanda\01_FBM_Analysis\outputs\04_ersp_LM_RAWONLY\PAT_3066\LM\ERSP_matrix\audio\PAT_3066_audio_WM_ERSP_HAD1_TN.npy,\\nasac-m2.unige.ch\m-HumanNeuronLab\ANALYSIS\FLM\Analysis_LoraFanda\01_FBM_Analysis\outputs\04_ersp_LM_RAWONLY\PAT_3066\LM\ERSP_matrix\picture\PAT_3066_picture_WM_ERSP_HAD1_TN.npy,\\nasac-m2.unige.ch\m-HumanNeuronLab\ANALYSIS\FLM\Analysis_LoraFanda\01_FBM_Analysis\outputs\04_ersp_LM_RAWONLY\PAT_3066\LM\ERSP_matrix\reading\PAT_3066_reading_WM_ERSP_HAD1_TN.npy,1,0.2919272,1,PAT_3066|HAD1,0.32491018647827186,0.295252013172106,0.30744355023022363,4.237339353102045e-39,8.897717482169237e-117,2.6139625743796144e-136,0.07239425011939843
481,PAT_3066,HAD12,HAD12,LM,concat,1,\\nasac-m2.unige.ch\m-HumanNeuronLab\ANALYSIS\FLM\Analysis_LoraFanda\01_FBM_Analysis\outputs\04_ersp_LM_RAWONLY\PAT_3066\LM\ERSP_matrix\audio\PAT_3066_audio_WM_ERSP_HAD12_TN.npy,\\nasac-m2.unige.ch\m-HumanNeuronLab\ANALYSIS\FLM\Analysis_LoraFanda\01_FBM_Analysis\outputs\04_ersp_LM_RAWONLY\PAT_3066\LM\ERSP_matrix\audio\PAT_3066_audio_WM_ERSP_HAD12_TN.npy,\\nasac-m2.unige.ch\m-HumanNeuronLab\ANALYSIS\FLM\Analysis_LoraFanda\01_FBM_Analysis\outputs\04_ersp_LM_RAWONLY\PAT_3066\LM\ERSP_matrix\picture\PAT_3066_picture_WM_ERSP_HAD12_TN.npy,\\nasac-m2.unige.ch\m-HumanNeuronLab\ANALYSIS\FLM\Analysis_LoraFanda\01_FBM_Analysis\outputs\04_ersp_LM_RAWONLY\PAT_3066\LM\ERSP_matrix\reading\PAT_3066_reading_WM_ERSP_HAD12_TN.npy,2,0.07540936,2,PAT_3066|HAD12,0.17694075312470225,6.869130548668062e-17,0.17434641661535957,0.43088513012786595,8.944572473907632e-25,0.21782769990623238,2.258397332240098e-10
482,PAT_3066,HAD2,HAD2,LM,concat,1,\\nasac-m2.unige.ch\m-HumanNeuronLab\ANALYSIS\FLM\Analysis_LoraFanda\01_FBM_Analysis\outputs\04_ersp_LM_RAWONLY\PAT_3066\LM\ERSP_matrix\audio\PAT_3066_audio_WM_ERSP_HAD2_TN.npy,\\nasac-m2.unige.ch\m-HumanNeuronLab\ANALYSIS\FLM\Analysis_LoraFanda\01_FBM_Analysis\outputs\04_ersp_LM_RAWONLY\PAT_3066\LM\ERSP_matrix\audio\PAT_3066_audio_WM_ERSP_HAD2_TN.npy,\\nasac-m2.unige.ch\m-HumanNeuronLab\ANALYSIS\FLM\Analysis_LoraFanda\01_FBM_Analysis\outputs\04_ersp_LM_RAWONLY\PAT_3066\LM\ERSP_matrix\picture\PAT_3066_picture_WM_ERSP_HAD2_TN.npy,\\nasac-m2.unige.ch\m-HumanNeuronLab\ANALYSIS\FLM\Analysis_LoraFanda\01_FBM_Analysis\outputs\04_ersp_LM_RAWONLY\PAT_3066\LM\ERSP_matrix\reading\PAT_3066_reading_WM_ERSP_HAD2_TN.npy,1,0.29828623,1,PAT_3066|HAD2,0.3366276979970075,0.00013728675838738447,0.25226369471013155,1.5251300733774339e-18,3.109975530591367e-73,9.592012067380456e-91,0.4109713205344736
483,PAT_3066,HAD5,HAD5,LM,concat,1,\\nasac-m2.unige.ch\m-HumanNeuronLab\ANALYSIS\FLM\Analysis_LoraFanda\01_FBM_Analysis\outputs\04_ersp_LM_RAWONLY\PAT_3066\LM\ERSP_matrix\audio\PAT_3066_audio_WM_ERSP_HAD5_TN.npy,\\nasac-m2.unige.ch\m-HumanNeuronLab\ANALYSIS\FLM\Analysis_LoraFanda\01_FBM_Analysis\outputs\04_ersp_LM_RAWONLY\PAT_3066\LM\ERSP_matrix\audio\PAT_3066_audio_WM_ERSP_HAD5_TN.npy,\\nasac-m2.unige.ch\m-HumanNeuronLab\ANALYSIS\FLM\Analysis_LoraFanda\01_FBM_Analysis\outputs\04_ersp_LM_RAWONLY\PAT_3066\LM\ERSP_matrix\picture\PAT_3066_picture_WM_ERSP_HAD5_TN.npy,\\nasac-m2.unige.ch\m-HumanNeuronLab\ANALYSIS\FLM\Analysis_LoraFanda\01_FBM_Analysis\outputs\04_ersp_LM_RAWONLY\PAT_3066\LM\ERSP_matrix\reading\PAT_3066_reading_WM_ERSP_HAD5_TN.npy,1,0.27516854,1,PAT_3066|HAD5,0.1479570797836848,0.08415140794599467,0.16227314204006568,0.23872324703880105,0.1795650840418118,0.11876022740903223,0.06856981174060969
484,PAT_3066,HAG1,HAG1,LM,concat,1,\\nasac-m2.unige.ch\m-HumanNeuronLab\ANALYSIS\FLM\Analysis_LoraFanda\01_FBM_Analysis\outputs\04_ersp_LM_RAWONLY\PAT_3066\LM\ERSP_matrix\audio\PAT_3066_audio_WM_ERSP_HAG1_TN.npy,\\nasac-m2.unige.ch\m-HumanNeuronLab\ANALYSIS\FLM\Analysis_LoraFanda\01_FBM_Analysis\outputs\04_ersp_LM_RAWONLY\PAT_3066\LM\ERSP_matrix\audio\PAT_3066_audio_WM_ERSP_HAG1_TN.npy,\\nasac-m2.unige.ch\m-HumanNeuronLab\ANALYSIS\FLM\Analysis_LoraFanda\01_FBM_Analysis\outputs\04_ersp_LM_RAWONLY\PAT_3066\LM\ERSP_matrix\picture\PAT_3066_picture_WM_ERSP_HAG1_TN.npy,\\nasac-m2.unige.ch\m-HumanNeuronLab\ANALYSIS\FLM\Analysis_LoraFanda\01_FBM_Analysis\outputs\04_ersp_LM_RAWONLY\PAT_3066\LM\ERSP_matrix\reading\PAT_3066_reading_WM_ERSP_HAG1_TN.npy,1,0.32559538,1,PAT_3066|HAG1,0.12812380278001,0.3372605972847714,0.19987973329445904,3.3287241132781587e-34,8.291087399899302e-124,1.4685801521621257e-117,0.3347358666407595
485,PAT_3066,HAG2,HAG2,LM,concat,1,\\nasac-m2.unige.ch\m-HumanNeuronLab\ANALYSIS\FLM\Analysis_LoraFanda\01_FBM_Analysis\outputs\04_ersp_LM_RAWONLY\PAT_3066\LM\ERSP_matrix\audio\PAT_3066_audio_WM_ERSP_HAG2_TN.npy,\\nasac-m2.unige.ch\m-HumanNeuronLab\ANALYSIS\FLM\Analysis_LoraFanda\01_FBM_Analysis\outputs\04_ersp_LM_RAWONLY\PAT_3066\LM\ERSP_matrix\audio\PAT_3066_audio_WM_ERSP_HAG2_TN.npy,\\nasac-m2.unige.ch\m-HumanNeuronLab\ANALYSIS\FLM\Analysis_LoraFanda\01_FBM_Analysis\outputs\04_ersp_LM_RAWONLY\PAT_3066\LM\ERSP_matrix\picture\PAT_3066_picture_WM_ERSP_HAG2_TN.npy,\\nasac-m2.unige.ch\m-HumanNeuronLab\ANALYSIS\FLM\Analysis_LoraFanda\01_FBM_Analysis\outputs\04_ersp_LM_RAWONLY\PAT_3066\LM\ERSP_matrix\reading\PAT_3066_reading_WM_ERSP_HAG2_TN.npy,1,0.29585102,1,PAT_3066|HAG2,0.12025493901704226,0.25519032365524125,0.28837467066871286,2.1743522395111325e-16,1.17547233279368e-72,2.094190212875724e-76,0.3361800666590034
486,PAT_3066,HPD2,HPD2,LM,concat,1,\\nasac-m2.unige.ch\m-HumanNeuronLab\ANALYSIS\FLM\Analysis_LoraFanda\01_FBM_Analysis\outputs\04_ersp_LM_RAWONLY\PAT_3066\LM\ERSP_matrix\audio\PAT_3066_audio_WM_ERSP_HPD2_TN.npy,\\nasac-m2.unige.ch\m-HumanNeuronLab\ANALYSIS\FLM\Analysis_LoraFanda\01_FBM_Analysis\outputs\04_ersp_LM_RAWONLY\PAT_3066\LM\ERSP_matrix\audio\PAT_3066_audio_WM_ERSP_HPD2_TN.npy,\\nasac-m2.unige.ch\m-HumanNeuronLab\ANALYSIS\FLM\Analysis_LoraFanda\01_FBM_Analysis\outputs\04_ersp_LM_RAWONLY\PAT_3066\LM\ERSP_matrix\picture\PAT_3066_picture_WM_ERSP_HPD2_TN.npy,\\nasac-m2.unige.ch\m-HumanNeuronLab\ANALYSIS\FLM\Analysis_LoraFanda\01_FBM_Analysis\outputs\04_ersp_LM_RAWONLY\PAT_3066\LM\ERSP_matrix\reading\PAT_3066_reading_WM_ERSP_HPD2_TN.npy,1,0.23916452,1,PAT_3066|HPD2,0.7986793176162262,1.4799576719027024e-06,0.02647785354840727,6.478086684769542e-10,4.801816259412284e-44,2.8545003571589867e-54,0.17484134822988587
487,PAT_3066,IAG7,IAG7,LM,concat,1,\\nasac-m2.unige.ch\m-HumanNeuronLab\ANALYSIS\FLM\Analysis_LoraFanda\01_FBM_Analysis\outputs\04_ersp_LM_RAWONLY\PAT_3066\LM\ERSP_matrix\audio\PAT_3066_audio_WM_ERSP_IAG7_TN.npy,\\nasac-m2.unige.ch\m-HumanNeuronLab\ANALYSIS\FLM\Analysis_LoraFanda\01_FBM_Analysis\outputs\04_ersp_LM_RAWONLY\PAT_3066\LM\ERSP_matrix\audio\PAT_3066_audio_WM_ERSP_IAG7_TN.npy,\\nasac-m2.unige.ch\m-HumanNeuronLab\ANALYSIS\FLM\Analysis_LoraFanda\01_FBM_Analysis\outputs\04_ersp_LM_RAWONLY\PAT_3066\LM\ERSP_matrix\picture\PAT_3066_picture_WM_ERSP_IAG7_TN.npy,\\nasac-m2.unige.ch\m-HumanNeuronLab\ANALYSIS\FLM\Analysis_LoraFanda\01_FBM_Analysis\outputs\04_ersp_LM_RAWONLY\PAT_3066\LM\ERSP_matrix\reading\PAT_3066_reading_WM_ERSP_IAG7_TN.npy,1,0.33105722,1,PAT_3066|IAG7,1.1341754703827385e-11,0.03615323206803015,0.2732488381415705,0.06903368597764907,0.20242998125042547,0.1407853578825408,0.27834890466844225
488,PAT_3066,IMG10,IMG10,LM,concat,1,\\nasac-m2.unige.ch\m-HumanNeuronLab\ANALYSIS\FLM\Analysis_LoraFanda\01_FBM_Analysis\outputs\04_ersp_LM_RAWONLY\PAT_3066\LM\ERSP_matrix\audio\PAT_3066_audio_WM_ERSP_IMG10_TN.npy,\\nasac-m2.unige.ch\m-HumanNeuronLab\ANALYSIS\FLM\Analysis_LoraFanda\01_FBM_Analysis\outputs\04_ersp_LM_RAWONLY\PAT_3066\LM\ERSP_matrix\audio\PAT_3066_audio_WM_ERSP_IMG10_TN.npy,\\nasac-m2.unige.ch\m-HumanNeuronLab\ANALYSIS\FLM\Analysis_LoraFanda\01_FBM_Analysis\outputs\04_ersp_LM_RAWONLY\PAT_3066\LM\ERSP_matrix\picture\PAT_3066_picture_WM_ERSP_IMG10_TN.npy,\\nasac-m2.unige.ch\m-HumanNeuronLab\ANALYSIS\FLM\Analysis_LoraFanda\01_FBM_Analysis\outputs\04_ersp_LM_RAWONLY\PAT_3066\LM\ERSP_matrix\reading\PAT_3066_reading_WM_ERSP_IMG10_TN.npy,0,-0.0884673,0,PAT_3066|IMG10,0.3334936767273901,1.072064286399647e-07,0.06736186491766263,5.0854707206335734e-08,8.296476787362193e-07,0.07890401785761741,0.5202394527885154
489,PAT_3066,IMG11,IMG11,LM,concat,2,\\nasac-m2.unige.ch\m-HumanNeuronLab\ANALYSIS\FLM\Analysis_LoraFanda\01_FBM_Analysis\outputs\04_ersp_LM_RAWONLY\PAT_3066\LM\ERSP_matrix\audio\PAT_3066_audio_WM_ERSP_IMG11_TN.npy,\\nasac-m2.unige.ch\m-HumanNeuronLab\ANALYSIS\FLM\Analysis_LoraFanda\01_FBM_Analysis\outputs\04_ersp_LM_RAWONLY\PAT_3066\LM\ERSP_matrix\audio\PAT_3066_audio_WM_ERSP_IMG11_TN.npy,\\nasac-m2.unige.ch\m-HumanNeuronLab\ANALYSIS\FLM\Analysis_LoraFanda\01_FBM_Analysis\outputs\04_ersp_LM_RAWONLY\PAT_3066\LM\ERSP_matrix\picture\PAT_3066_picture_WM_ERSP_IMG11_TN.npy,\\nasac-m2.unige.ch\m-HumanNeuronLab\ANALYSIS\FLM\Analysis_LoraFanda\01_FBM_Analysis\outputs\04_ersp_LM_RAWONLY\PAT_3066\LM\ERSP_matrix\reading\PAT_3066_reading_WM_ERSP_IMG11_TN.npy,0,-0.08162183,0,PAT_3066|IMG11,0.31870832020032824,5.5330937942612805e-22,0.13892849617826095,5.02152186287709e-08,1.062985958501607e-18,0.024908431124979594,0.5174547022812126
490,PAT_3066,IMG12,IMG12,LM,concat,1,\\nasac-m2.unige.ch\m-HumanNeuronLab\ANALYSIS\FLM\Analysis_LoraFanda\01_FBM_Analysis\outputs\04_ersp_LM_RAWONLY\PAT_3066\LM\ERSP_matrix\audio\PAT_3066_audio_WM_ERSP_IMG12_TN.npy,\\nasac-m2.unige.ch\m-HumanNeuronLab\ANALYSIS\FLM\Analysis_LoraFanda\01_FBM_Analysis\outputs\04_ersp_LM_RAWONLY\PAT_3066\LM\ERSP_matrix\audio\PAT_3066_audio_WM_ERSP_IMG12_TN.npy,\\nasac-m2.unige.ch\m-HumanNeuronLab\ANALYSIS\FLM\Analysis_LoraFanda\01_FBM_Analysis\outputs\04_ersp_LM_RAWONLY\PAT_3066\LM\ERSP_matrix\picture\PAT_3066_picture_WM_ERSP_IMG12_TN.npy,\\nasac-m2.unige.ch\m-HumanNeuronLab\ANALYSIS\FLM\Analysis_LoraFanda\01_FBM_Analysis\outputs\04_ersp_LM_RAWONLY\PAT_3066\LM\ERSP_matrix\reading\PAT_3066_reading_WM_ERSP_IMG12_TN.npy,1,0.27314648,1,PAT_3066|IMG12,0.11686401608877561,4.571455753418138e-31,0.30294172476197095,1.3786163901749534e-08,2.291588994687058e-28,0.07257978061503448,0.5076144647480552
491,PAT_3066,IMG13,IMG13,LM,concat,1,\\nasac-m2.unige.ch\m-HumanNeuronLab\ANALYSIS\FLM\Analysis_LoraFanda\01_FBM_Analysis\outputs\04_ersp_LM_RAWONLY\PAT_3066\LM\ERSP_matrix\audio\PAT_3066_audio_WM_ERSP_IMG13_TN.npy,\\nasac-m2.unige.ch\m-HumanNeuronLab\ANALYSIS\FLM\Analysis_LoraFanda\01_FBM_Analysis\outputs\04_ersp_LM_RAWONLY\PAT_3066\LM\ERSP_matrix\audio\PAT_3066_audio_WM_ERSP_IMG13_TN.npy,\\nasac-m2.unige.ch\m-HumanNeuronLab\ANALYSIS\FLM\Analysis_LoraFanda\01_FBM_Analysis\outputs\04_ersp_LM_RAWONLY\PAT_3066\LM\ERSP_matrix\picture\PAT_3066_picture_WM_ERSP_IMG13_TN.npy,\\nasac-m2.unige.ch\m-HumanNeuronLab\ANALYSIS\FLM\Analysis_LoraFanda\01_FBM_Analysis\outputs\04_ersp_LM_RAWONLY\PAT_3066\LM\ERSP_matrix\reading\PAT_3066_reading_WM_ERSP_IMG13_TN.npy,1,0.3154232,1,PAT_3066|IMG13,0.1850370180057414,1.0467049310728727e-12,9.798653723220824e-09,2.2127827234538608e-05,6.456094515063195e-13,0.04724088934437237,0.7676999550223057
492,PAT_3066,IMG15,IMG15,LM,concat,1,\\nasac-m2.unige.ch\m-HumanNeuronLab\ANALYSIS\FLM\Analysis_LoraFanda\01_FBM_Analysis\outputs\04_ersp_LM_RAWONLY\PAT_3066\LM\ERSP_matrix\audio\PAT_3066_audio_WM_ERSP_IMG15_TN.npy,\\nasac-m2.unige.ch\m-HumanNeuronLab\ANALYSIS\FLM\Analysis_LoraFanda\01_FBM_Analysis\outputs\04_ersp_LM_RAWONLY\PAT_3066\LM\ERSP_matrix\audio\PAT_3066_audio_WM_ERSP_IMG15_TN.npy,\\nasac-m2.unige.ch\m-HumanNeuronLab\ANALYSIS\FLM\Analysis_LoraFanda\01_FBM_Analysis\outputs\04_ersp_LM_RAWONLY\PAT_3066\LM\ERSP_matrix\picture\PAT_3066_picture_WM_ERSP_IMG15_TN.npy,\\nasac-m2.unige.ch\m-HumanNeuronLab\ANALYSIS\FLM\Analysis_LoraFanda\01_FBM_Analysis\outputs\04_ersp_LM_RAWONLY\PAT_3066\LM\ERSP_matrix\reading\PAT_3066_reading_WM_ERSP_IMG15_TN.npy,1,0.3213263,1,PAT_3066|IMG15,2.5599812192355232e-06,4.176358797306061e-06,9.072085246261187e-06,0.0005104810284453396,0.10618838241745086,0.0006166605490248936,0.8926686675798161
493,PAT_3066,IMG16,IMG16,LM,concat,1,\\nasac-m2.unige.ch\m-HumanNeuronLab\ANALYSIS\FLM\Analysis_LoraFanda\01_FBM_Analysis\outputs\04_ersp_LM_RAWONLY\PAT_3066\LM\ERSP_matrix\audio\PAT_3066_audio_WM_ERSP_IMG16_TN.npy,\\nasac-m2.unige.ch\m-HumanNeuronLab\ANALYSIS\FLM\Analysis_LoraFanda\01_FBM_Analysis\outputs\04_ersp_LM_RAWONLY\PAT_3066\LM\ERSP_matrix\audio\PAT_3066_audio_WM_ERSP_IMG16_TN.npy,\\nasac-m2.unige.ch\m-HumanNeuronLab\ANALYSIS\FLM\Analysis_LoraFanda\01_FBM_Analysis\outputs\04_ersp_LM_RAWONLY\PAT_3066\LM\ERSP_matrix\picture\PAT_3066_picture_WM_ERSP_IMG16_TN.npy,\\nasac-m2.unige.ch\m-HumanNeuronLab\ANALYSIS\FLM\Analysis_LoraFanda\01_FBM_Analysis\outputs\04_ersp_LM_RAWONLY\PAT_3066\LM\ERSP_matrix\reading\PAT_3066_reading_WM_ERSP_IMG16_TN.npy,1,0.35005528,1,PAT_3066|IMG16,4.082462002628571e-24,3.3218587161774105e-11,0.033069935394605086,0.0011081948506046762,0.16475902442703083,0.15054530173743155,0.6505175435571092
494,PAT_3066,IMG17,IMG17,LM,concat,2,\\nasac-m2.unige.ch\m-HumanNeuronLab\ANALYSIS\FLM\Analysis_LoraFanda\01_FBM_Analysis\outputs\04_ersp_LM_RAWONLY\PAT_3066\LM\ERSP_matrix\audio\PAT_3066_audio_WM_ERSP_IMG17_TN.npy,\\nasac-m2.unige.ch\m-HumanNeuronLab\ANALYSIS\FLM\Analysis_LoraFanda\01_FBM_Analysis\outputs\04_ersp_LM_RAWONLY\PAT_3066\LM\ERSP_matrix\audio\PAT_3066_audio_WM_ERSP_IMG17_TN.npy,\\nasac-m2.unige.ch\m-HumanNeuronLab\ANALYSIS\FLM\Analysis_LoraFanda\01_FBM_Analysis\outputs\04_ersp_LM_RAWONLY\PAT_3066\LM\ERSP_matrix\picture\PAT_3066_picture_WM_ERSP_IMG17_TN.npy,\\nasac-m2.unige.ch\m-HumanNeuronLab\ANALYSIS\FLM\Analysis_LoraFanda\01_FBM_Analysis\outputs\04_ersp_LM_RAWONLY\PAT_3066\LM\ERSP_matrix\reading\PAT_3066_reading_WM_ERSP_IMG17_TN.npy,1,0.15315121,1,PAT_3066|IMG17,0.005676454875264011,7.72547877550658e-13,0.03945520173968124,1.2443048890542379e-05,0.13950915802387895,0.23609268706975658,0.5792540552417561
495,PAT_3066,IMG5,IMG5,LM,concat,1,\\nasac-m2.unige.ch\m-HumanNeuronLab\ANALYSIS\FLM\Analysis_LoraFanda\01_FBM_Analysis\outputs\04_ersp_LM_RAWONLY\PAT_3066\LM\ERSP_matrix\audio\PAT_3066_audio_WM_ERSP_IMG5_TN.npy,\\nasac-m2.unige.ch\m-HumanNeuronLab\ANALYSIS\FLM\Analysis_LoraFanda\01_FBM_Analysis\outputs\04_ersp_LM_RAWONLY\PAT_3066\LM\ERSP_matrix\audio\PAT_3066_audio_WM_ERSP_IMG5_TN.npy,\\nasac-m2.unige.ch\m-HumanNeuronLab\ANALYSIS\FLM\Analysis_LoraFanda\01_FBM_Analysis\outputs\04_ersp_LM_RAWONLY\PAT_3066\LM\ERSP_matrix\picture\PAT_3066_picture_WM_ERSP_IMG5_TN.npy,\\nasac-m2.unige.ch\m-HumanNeuronLab\ANALYSIS\FLM\Analysis_LoraFanda\01_FBM_Analysis\outputs\04_ersp_LM_RAWONLY\PAT_3066\LM\ERSP_matrix\reading\PAT_3066_reading_WM_ERSP_IMG5_TN.npy,1,0.3247784,1,PAT_3066|IMG5,1.4592569072229684e-11,2.0671879103614044e-05,0.053418171775239276,8.011740232636924e-06,0.11660172929436247,0.32704156055409433,0.502909854742375
496,PAT_3066,PPG3,PPG3,LM,concat,1,\\nasac-m2.unige.ch\m-HumanNeuronLab\ANALYSIS\FLM\Analysis_LoraFanda\01_FBM_Analysis\outputs\04_ersp_LM_RAWONLY\PAT_3066\LM\ERSP_matrix\audio\PAT_3066_audio_WM_ERSP_PPG3_TN.npy,\\nasac-m2.unige.ch\m-HumanNeuronLab\ANALYSIS\FLM\Analysis_LoraFanda\01_FBM_Analysis\outputs\04_ersp_LM_RAWONLY\PAT_3066\LM\ERSP_matrix\audio\PAT_3066_audio_WM_ERSP_PPG3_TN.npy,\\nasac-m2.unige.ch\m-HumanNeuronLab\ANALYSIS\FLM\Analysis_LoraFanda\01_FBM_Analysis\outputs\04_ersp_LM_RAWONLY\PAT_3066\LM\ERSP_matrix\picture\PAT_3066_picture_WM_ERSP_PPG3_TN.npy,\\nasac-m2.unige.ch\m-HumanNeuronLab\ANALYSIS\FLM\Analysis_LoraFanda\01_FBM_Analysis\outputs\04_ersp_LM_RAWONLY\PAT_3066\LM\ERSP_matrix\reading\PAT_3066_reading_WM_ERSP_PPG3_TN.npy,1,0.20979357,1,PAT_3066|PPG3,0.00083008740436496,0.29689646588933505,0.10461287150369156,0.004537116063637166,0.15251986849760774,0.18192285947966147,0.25868073116170204
497,PAT_3066,PPG4,PPG4,LM,concat,1,\\nasac-m2.unige.ch\m-HumanNeuronLab\ANALYSIS\FLM\Analysis_LoraFanda\01_FBM_Analysis\outputs\04_ersp_LM_RAWONLY\PAT_3066\LM\ERSP_matrix\audio\PAT_3066_audio_WM_ERSP_PPG4_TN.npy,\\nasac-m2.unige.ch\m-HumanNeuronLab\ANALYSIS\FLM\Analysis_LoraFanda\01_FBM_Analysis\outputs\04_ersp_LM_RAWONLY\PAT_3066\LM\ERSP_matrix\audio\PAT_3066_audio_WM_ERSP_PPG4_TN.npy,\\nasac-m2.unige.ch\m-HumanNeuronLab\ANALYSIS\FLM\Analysis_LoraFanda\01_FBM_Analysis\outputs\04_ersp_LM_RAWONLY\PAT_3066\LM\ERSP_matrix\picture\PAT_3066_picture_WM_ERSP_PPG4_TN.npy,\\nasac-m2.unige.ch\m-HumanNeuronLab\ANALYSIS\FLM\Analysis_LoraFanda\01_FBM_Analysis\outputs\04_ersp_LM_RAWONLY\PAT_3066\LM\ERSP_matrix\reading\PAT_3066_reading_WM_ERSP_PPG4_TN.npy,1,0.25382867,1,PAT_3066|PPG4,0.04238642798562498,0.25004653786378667,0.10552192983669108,0.003024350423582236,0.15025785294482413,0.20706194787809934,0.24170095306739148
498,PAT_3066,STG3,STG3,LM,concat,1,\\nasac-m2.unige.ch\m-HumanNeuronLab\ANALYSIS\FLM\Analysis_LoraFanda\01_FBM_Analysis\outputs\04_ersp_LM_RAWONLY\PAT_3066\LM\ERSP_matrix\audio\PAT_3066_audio_WM_ERSP_STG3_TN.npy,\\nasac-m2.unige.ch\m-HumanNeuronLab\ANALYSIS\FLM\Analysis_LoraFanda\01_FBM_Analysis\outputs\04_ersp_LM_RAWONLY\PAT_3066\LM\ERSP_matrix\audio\PAT_3066_audio_WM_ERSP_STG3_TN.npy,\\nasac-m2.unige.ch\m-HumanNeuronLab\ANALYSIS\FLM\Analysis_LoraFanda\01_FBM_Analysis\outputs\04_ersp_LM_RAWONLY\PAT_3066\LM\ERSP_matrix\picture\PAT_3066_picture_WM_ERSP_STG3_TN.npy,\\nasac-m2.unige.ch\m-HumanNeuronLab\ANALYSIS\FLM\Analysis_LoraFanda\01_FBM_Analysis\outputs\04_ersp_LM_RAWONLY\PAT_3066\LM\ERSP_matrix\reading\PAT_3066_reading_WM_ERSP_STG3_TN.npy,1,0.23819861,1,PAT_3066|STG3,1.954688758781852e-11,0.5143379873974232,0.2714864026710103,0.07873165556721869,2.939930692054943e-11,0.1354439210566804,3.325872107408849e-08
499,PAT_3066,STG4,STG4,LM,concat,1,\\nasac-m2.unige.ch\m-HumanNeuronLab\ANALYSIS\FLM\Analysis_LoraFanda\01_FBM_Analysis\outputs\04_ersp_LM_RAWONLY\PAT_3066\LM\ERSP_matrix\audio\PAT_3066_audio_WM_ERSP_STG4_TN.npy,\\nasac-m2.unige.ch\m-HumanNeuronLab\ANALYSIS\FLM\Analysis_LoraFanda\01_FBM_Analysis\outputs\04_ersp_LM_RAWONLY\PAT_3066\LM\ERSP_matrix\audio\PAT_3066_audio_WM_ERSP_STG4_TN.npy,\\nasac-m2.unige.ch\m-HumanNeuronLab\ANALYSIS\FLM\Analysis_LoraFanda\01_FBM_Analysis\outputs\04_ersp_LM_RAWONLY\PAT_3066\LM\ERSP_matrix\picture\PAT_3066_picture_WM_ERSP_STG4_TN.npy,\\nasac-m2.unige.ch\m-HumanNeuronLab\ANALYSIS\FLM\Analysis_LoraFanda\01_FBM_Analysis\outputs\04_ersp_LM_RAWONLY\PAT_3066\LM\ERSP_matrix\reading\PAT_3066_reading_WM_ERSP_STG4_TN.npy,1,0.18699177,1,PAT_3066|STG4,1.0225657809550626e-05,0.7209721374404043,0.08453334119848734,0.019614791343547787,3.421758300576791e-10,0.17486780440437363,1.699613201447173e-06
500,PAT_3066,STG5,STG5,LM,concat,1,\\nasac-m2.unige.ch\m-HumanNeuronLab\ANALYSIS\FLM\Analysis_LoraFanda\01_FBM_Analysis\outputs\04_ersp_LM_RAWONLY\PAT_3066\LM\ERSP_matrix\audio\PAT_3066_audio_WM_ERSP_STG5_TN.npy,\\nasac-m2.unige.ch\m-HumanNeuronLab\ANALYSIS\FLM\Analysis_LoraFanda\01_FBM_Analysis\outputs\04_ersp_LM_RAWONLY\PAT_3066\LM\ERSP_matrix\audio\PAT_3066_audio_WM_ERSP_STG5_TN.npy,\\nasac-m2.unige.ch\m-HumanNeuronLab\ANALYSIS\FLM\Analysis_LoraFanda\01_FBM_Analysis\outputs\04_ersp_LM_RAWONLY\PAT_3066\LM\ERSP_matrix\picture\PAT_3066_picture_WM_ERSP_STG5_TN.npy,\\nasac-m2.unige.ch\m-HumanNeuronLab\ANALYSIS\FLM\Analysis_LoraFanda\01_FBM_Analysis\outputs\04_ersp_LM_RAWONLY\PAT_3066\LM\ERSP_matrix\reading\PAT_3066_reading_WM_ERSP_STG5_TN.npy,1,0.2748337,1,PAT_3066|STG5,7.746275767315049e-08,0.5985836548144851,3.868472266164068e-12,0.16617108498695826,2.6744471410386986e-18,0.23524518243627027,2.956604503964527e-10
501,PAT_3066,STG6,STG6,LM,concat,1,\\nasac-m2.unige.ch\m-HumanNeuronLab\ANALYSIS\FLM\Analysis_LoraFanda\01_FBM_Analysis\outputs\04_ersp_LM_RAWONLY\PAT_3066\LM\ERSP_matrix\audio\PAT_3066_audio_WM_ERSP_STG6_TN.npy,\\nasac-m2.unige.ch\m-HumanNeuronLab\ANALYSIS\FLM\Analysis_LoraFanda\01_FBM_Analysis\outputs\04_ersp_LM_RAWONLY\PAT_3066\LM\ERSP_matrix\audio\PAT_3066_audio_WM_ERSP_STG6_TN.npy,\\nasac-m2.unige.ch\m-HumanNeuronLab\ANALYSIS\FLM\Analysis_LoraFanda\01_FBM_Analysis\outputs\04_ersp_LM_RAWONLY\PAT_3066\LM\ERSP_matrix\picture\PAT_3066_picture_WM_ERSP_STG6_TN.npy,\\nasac-m2.unige.ch\m-HumanNeuronLab\ANALYSIS\FLM\Analysis_LoraFanda\01_FBM_Analysis\outputs\04_ersp_LM_RAWONLY\PAT_3066\LM\ERSP_matrix\reading\PAT_3066_reading_WM_ERSP_STG6_TN.npy,1,0.2043465,1,PAT_3066|STG6,7.039505973107141e-12,0.4777662329114154,4.1659786952758036e-13,0.29667892661116607,6.109283702049147e-08,0.22555291968668265,1.8596904427982896e-06
502,PAT_3066,STG7,STG7,LM,concat,1,\\nasac-m2.unige.ch\m-HumanNeuronLab\ANALYSIS\FLM\Analysis_LoraFanda\01_FBM_Analysis\outputs\04_ersp_LM_RAWONLY\PAT_3066\LM\ERSP_matrix\audio\PAT_3066_audio_WM_ERSP_STG7_TN.npy,\\nasac-m2.unige.ch\m-HumanNeuronLab\ANALYSIS\FLM\Analysis_LoraFanda\01_FBM_Analysis\outputs\04_ersp_LM_RAWONLY\PAT_3066\LM\ERSP_matrix\audio\PAT_3066_audio_WM_ERSP_STG7_TN.npy,\\nasac-m2.unige.ch\m-HumanNeuronLab\ANALYSIS\FLM\Analysis_LoraFanda\01_FBM_Analysis\outputs\04_ersp_LM_RAWONLY\PAT_3066\LM\ERSP_matrix\picture\PAT_3066_picture_WM_ERSP_STG7_TN.npy,\\nasac-m2.unige.ch\m-HumanNeuronLab\ANALYSIS\FLM\Analysis_LoraFanda\01_FBM_Analysis\outputs\04_ersp_LM_RAWONLY\PAT_3066\LM\ERSP_matrix\reading\PAT_3066_reading_WM_ERSP_STG7_TN.npy,1,0.33693713,1,PAT_3066|STG7,5.378834286914604e-07,0.34442844804992856,0.1714960274632163,0.12538831062642306,0.07737887063733158,0.28125092945448876,5.687588518306599e-05
503,PAT_3066,STG8,STG8,LM,concat,1,\\nasac-m2.unige.ch\m-HumanNeuronLab\ANALYSIS\FLM\Analysis_LoraFanda\01_FBM_Analysis\outputs\04_ersp_LM_RAWONLY\PAT_3066\LM\ERSP_matrix\audio\PAT_3066_audio_WM_ERSP_STG8_TN.npy,\\nasac-m2.unige.ch\m-HumanNeuronLab\ANALYSIS\FLM\Analysis_LoraFanda\01_FBM_Analysis\outputs\04_ersp_LM_RAWONLY\PAT_3066\LM\ERSP_matrix\audio\PAT_3066_audio_WM_ERSP_STG8_TN.npy,\\nasac-m2.unige.ch\m-HumanNeuronLab\ANALYSIS\FLM\Analysis_LoraFanda\01_FBM_Analysis\outputs\04_ersp_LM_RAWONLY\PAT_3066\LM\ERSP_matrix\picture\PAT_3066_picture_WM_ERSP_STG8_TN.npy,\\nasac-m2.unige.ch\m-HumanNeuronLab\ANALYSIS\FLM\Analysis_LoraFanda\01_FBM_Analysis\outputs\04_ersp_LM_RAWONLY\PAT_3066\LM\ERSP_matrix\reading\PAT_3066_reading_WM_ERSP_STG8_TN.npy,1,0.330894,1,PAT_3066|STG8,1.5709857645328466e-05,0.3249140872274314,0.1640215024722879,0.10047722731766509,0.20074168020876623,0.2098280347989256,1.7581172784080312e-06
504,PAT_3390,CPG10,CPG10,LM,concat,3,\\nasac-m2.unige.ch\m-HumanNeuronLab\ANALYSIS\FLM\Analysis_LoraFanda\01_FBM_Analysis\outputs\04_ersp_LM_RAWONLY\PAT_3390\LM\ERSP_matrix\audio\PAT_3390_audio_WM_ERSP_CPG10_TN.npy,\\nasac-m2.unige.ch\m-HumanNeuronLab\ANALYSIS\FLM\Analysis_LoraFanda\01_FBM_Analysis\outputs\04_ersp_LM_RAWONLY\PAT_3390\LM\ERSP_matrix\audio\PAT_3390_audio_WM_ERSP_CPG10_TN.npy,\\nasac-m2.unige.ch\m-HumanNeuronLab\ANALYSIS\FLM\Analysis_LoraFanda\01_FBM_Analysis\outputs\04_ersp_LM_RAWONLY\PAT_3390\LM\ERSP_matrix\picture\PAT_3390_picture_WM_ERSP_CPG10_TN.npy,\\nasac-m2.unige.ch\m-HumanNeuronLab\ANALYSIS\FLM\Analysis_LoraFanda\01_FBM_Analysis\outputs\04_ersp_LM_RAWONLY\PAT_3390\LM\ERSP_matrix\reading\PAT_3390_reading_WM_ERSP_CPG10_TN.npy,4,0.11398175,4,PAT_3390|CPG10,0.13147968885403705,0.29223759829908674,0.1775465445494148,5.069862546584992e-05,0.28247429230163856,1.9313777470743553e-05,0.1161918635928862
505,PAT_3390,CPG11,CPG11,LM,concat,3,\\nasac-m2.unige.ch\m-HumanNeuronLab\ANALYSIS\FLM\Analysis_LoraFanda\01_FBM_Analysis\outputs\04_ersp_LM_RAWONLY\PAT_3390\LM\ERSP_matrix\audio\PAT_3390_audio_WM_ERSP_CPG11_TN.npy,\\nasac-m2.unige.ch\m-HumanNeuronLab\ANALYSIS\FLM\Analysis_LoraFanda\01_FBM_Analysis\outputs\04_ersp_LM_RAWONLY\PAT_3390\LM\ERSP_matrix\audio\PAT_3390_audio_WM_ERSP_CPG11_TN.npy,\\nasac-m2.unige.ch\m-HumanNeuronLab\ANALYSIS\FLM\Analysis_LoraFanda\01_FBM_Analysis\outputs\04_ersp_LM_RAWONLY\PAT_3390\LM\ERSP_matrix\picture\PAT_3390_picture_WM_ERSP_CPG11_TN.npy,\\nasac-m2.unige.ch\m-HumanNeuronLab\ANALYSIS\FLM\Analysis_LoraFanda\01_FBM_Analysis\outputs\04_ersp_LM_RAWONLY\PAT_3390\LM\ERSP_matrix\reading\PAT_3390_reading_WM_ERSP_CPG11_TN.npy,4,0.085139945,4,PAT_3390|CPG11,0.1899343623164159,0.21731343895105726,0.15074250944934472,7.132337786309728e-05,0.30361250136172746,0.00272697185258933,0.1355988926910022
506,PAT_3390,CPG12,CPG12,LM,concat,3,\\nasac-m2.unige.ch\m-HumanNeuronLab\ANALYSIS\FLM\Analysis_LoraFanda\01_FBM_Analysis\outputs\04_ersp_LM_RAWONLY\PAT_3390\LM\ERSP_matrix\audio\PAT_3390_audio_WM_ERSP_CPG12_TN.npy,\\nasac-m2.unige.ch\m-HumanNeuronLab\ANALYSIS\FLM\Analysis_LoraFanda\01_FBM_Analysis\outputs\04_ersp_LM_RAWONLY\PAT_3390\LM\ERSP_matrix\audio\PAT_3390_audio_WM_ERSP_CPG12_TN.npy,\\nasac-m2.unige.ch\m-HumanNeuronLab\ANALYSIS\FLM\Analysis_LoraFanda\01_FBM_Analysis\outputs\04_ersp_LM_RAWONLY\PAT_3390\LM\ERSP_matrix\picture\PAT_3390_picture_WM_ERSP_CPG12_TN.npy,\\nasac-m2.unige.ch\m-HumanNeuronLab\ANALYSIS\FLM\Analysis_LoraFanda\01_FBM_Analysis\outputs\04_ersp_LM_RAWONLY\PAT_3390\LM\ERSP_matrix\reading\PAT_3390_reading_WM_ERSP_CPG12_TN.npy,4,0.079999596,4,PAT_3390|CPG12,0.15033275005059413,0.20051838660431226,0.18164671041217229,4.400335751455697e-05,0.27991827197106395,0.0005303396635437484,0.18700953794079908
507,PAT_3390,CPG13,CPG13,LM,concat,3,\\nasac-m2.unige.ch\m-HumanNeuronLab\ANALYSIS\FLM\Analysis_LoraFanda\01_FBM_Analysis\outputs\04_ersp_LM_RAWONLY\PAT_3390\LM\ERSP_matrix\audio\PAT_3390_audio_WM_ERSP_CPG13_TN.npy,\\nasac-m2.unige.ch\m-HumanNeuronLab\ANALYSIS\FLM\Analysis_LoraFanda\01_FBM_Analysis\outputs\04_ersp_LM_RAWONLY\PAT_3390\LM\ERSP_matrix\audio\PAT_3390_audio_WM_ERSP_CPG13_TN.npy,\\nasac-m2.unige.ch\m-HumanNeuronLab\ANALYSIS\FLM\Analysis_LoraFanda\01_FBM_Analysis\outputs\04_ersp_LM_RAWONLY\PAT_3390\LM\ERSP_matrix\picture\PAT_3390_picture_WM_ERSP_CPG13_TN.npy,\\nasac-m2.unige.ch\m-HumanNeuronLab\ANALYSIS\FLM\Analysis_LoraFanda\01_FBM_Analysis\outputs\04_ersp_LM_RAWONLY\PAT_3390\LM\ERSP_matrix\reading\PAT_3390_reading_WM_ERSP_CPG13_TN.npy,4,0.041281786,4,PAT_3390|CPG13,0.13560044413102434,0.16928830211015491,0.18899895539786188,9.207978869772144e-05,0.2916864219318643,0.0025407750007766365,0.21179302163962027
508,PAT_3390,CPG14,CPG14,LM,concat,3,\\nasac-m2.unige.ch\m-HumanNeuronLab\ANALYSIS\FLM\Analysis_LoraFanda\01_FBM_Analysis\outputs\04_ersp_LM_RAWONLY\PAT_3390\LM\ERSP_matrix\audio\PAT_3390_audio_WM_ERSP_CPG14_TN.npy,\\nasac-m2.unige.ch\m-HumanNeuronLab\ANALYSIS\FLM\Analysis_LoraFanda\01_FBM_Analysis\outputs\04_ersp_LM_RAWONLY\PAT_3390\LM\ERSP_matrix\audio\PAT_3390_audio_WM_ERSP_CPG14_TN.npy,\\nasac-m2.unige.ch\m-HumanNeuronLab\ANALYSIS\FLM\Analysis_LoraFanda\01_FBM_Analysis\outputs\04_ersp_LM_RAWONLY\PAT_3390\LM\ERSP_matrix\picture\PAT_3390_picture_WM_ERSP_CPG14_TN.npy,\\nasac-m2.unige.ch\m-HumanNeuronLab\ANALYSIS\FLM\Analysis_LoraFanda\01_FBM_Analysis\outputs\04_ersp_LM_RAWONLY\PAT_3390\LM\ERSP_matrix\reading\PAT_3390_reading_WM_ERSP_CPG14_TN.npy,4,0.034288537,4,PAT_3390|CPG14,0.09737785591287847,0.1632656834234608,0.20218101679458067,6.763443688871136e-05,0.29030591132187444,0.0003660643194215019,0.2464358337908954
509,PAT_3390,CPG15,CPG15,LM,concat,3,\\nasac-m2.unige.ch\m-HumanNeuronLab\ANALYSIS\FLM\Analysis_LoraFanda\01_FBM_Analysis\outputs\04_ersp_LM_RAWONLY\PAT_3390\LM\ERSP_matrix\audio\PAT_3390_audio_WM_ERSP_CPG15_TN.npy,\\nasac-m2.unige.ch\m-HumanNeuronLab\ANALYSIS\FLM\Analysis_LoraFanda\01_FBM_Analysis\outputs\04_ersp_LM_RAWONLY\PAT_3390\LM\ERSP_matrix\audio\PAT_3390_audio_WM_ERSP_CPG15_TN.npy,\\nasac-m2.unige.ch\m-HumanNeuronLab\ANALYSIS\FLM\Analysis_LoraFanda\01_FBM_Analysis\outputs\04_ersp_LM_RAWONLY\PAT_3390\LM\ERSP_matrix\picture\PAT_3390_picture_WM_ERSP_CPG15_TN.npy,\\nasac-m2.unige.ch\m-HumanNeuronLab\ANALYSIS\FLM\Analysis_LoraFanda\01_FBM_Analysis\outputs\04_ersp_LM_RAWONLY\PAT_3390\LM\ERSP_matrix\reading\PAT_3390_reading_WM_ERSP_CPG15_TN.npy,4,0.031953823,4,PAT_3390|CPG15,0.07783865470093565,0.16281894900559044,0.19950529684398677,9.58718420112673e-05,0.2944453071848398,0.00017606561731390305,0.26511985480532213
510,PAT_3390,CPG7,CPG7,LM,concat,1,\\nasac-m2.unige.ch\m-HumanNeuronLab\ANALYSIS\FLM\Analysis_LoraFanda\01_FBM_Analysis\outputs\04_ersp_LM_RAWONLY\PAT_3390\LM\ERSP_matrix\audio\PAT_3390_audio_WM_ERSP_CPG7_TN.npy,\\nasac-m2.unige.ch\m-HumanNeuronLab\ANALYSIS\FLM\Analysis_LoraFanda\01_FBM_Analysis\outputs\04_ersp_LM_RAWONLY\PAT_3390\LM\ERSP_matrix\audio\PAT_3390_audio_WM_ERSP_CPG7_TN.npy,\\nasac-m2.unige.ch\m-HumanNeuronLab\ANALYSIS\FLM\Analysis_LoraFanda\01_FBM_Analysis\outputs\04_ersp_LM_RAWONLY\PAT_3390\LM\ERSP_matrix\picture\PAT_3390_picture_WM_ERSP_CPG7_TN.npy,\\nasac-m2.unige.ch\m-HumanNeuronLab\ANALYSIS\FLM\Analysis_LoraFanda\01_FBM_Analysis\outputs\04_ersp_LM_RAWONLY\PAT_3390\LM\ERSP_matrix\reading\PAT_3390_reading_WM_ERSP_CPG7_TN.npy,1,0.31828302,1,PAT_3390|CPG7,0.047010612593919046,0.2621301383672014,0.09519181124678745,0.022029027527778234,0.33172743398529336,2.5349313208626867e-06,0.24190844134769976
511,PAT_3390,CPG9,CPG9,LM,concat,3,\\nasac-m2.unige.ch\m-HumanNeuronLab\ANALYSIS\FLM\Analysis_LoraFanda\01_FBM_Analysis\outputs\04_ersp_LM_RAWONLY\PAT_3390\LM\ERSP_matrix\audio\PAT_3390_audio_WM_ERSP_CPG9_TN.npy,\\nasac-m2.unige.ch\m-HumanNeuronLab\ANALYSIS\FLM\Analysis_LoraFanda\01_FBM_Analysis\outputs\04_ersp_LM_RAWONLY\PAT_3390\LM\ERSP_matrix\audio\PAT_3390_audio_WM_ERSP_CPG9_TN.npy,\\nasac-m2.unige.ch\m-HumanNeuronLab\ANALYSIS\FLM\Analysis_LoraFanda\01_FBM_Analysis\outputs\04_ersp_LM_RAWONLY\PAT_3390\LM\ERSP_matrix\picture\PAT_3390_picture_WM_ERSP_CPG9_TN.npy,\\nasac-m2.unige.ch\m-HumanNeuronLab\ANALYSIS\FLM\Analysis_LoraFanda\01_FBM_Analysis\outputs\04_ersp_LM_RAWONLY\PAT_3390\LM\ERSP_matrix\reading\PAT_3390_reading_WM_ERSP_CPG9_TN.npy,4,0.015643582,4,PAT_3390|CPG9,0.17525044675793544,0.3295596782920056,0.14905100083905523,0.0005875956547741441,0.28491338980762076,0.0012419850218425897,0.05939590362676633
512,PAT_3390,PHG12,PHG12,LM,concat,1,\\nasac-m2.unige.ch\m-HumanNeuronLab\ANALYSIS\FLM\Analysis_LoraFanda\01_FBM_Analysis\outputs\04_ersp_LM_RAWONLY\PAT_3390\LM\ERSP_matrix\audio\PAT_3390_audio_WM_ERSP_PHG12_TN.npy,\\nasac-m2.unige.ch\m-HumanNeuronLab\ANALYSIS\FLM\Analysis_LoraFanda\01_FBM_Analysis\outputs\04_ersp_LM_RAWONLY\PAT_3390\LM\ERSP_matrix\audio\PAT_3390_audio_WM_ERSP_PHG12_TN.npy,\\nasac-m2.unige.ch\m-HumanNeuronLab\ANALYSIS\FLM\Analysis_LoraFanda\01_FBM_Analysis\outputs\04_ersp_LM_RAWONLY\PAT_3390\LM\ERSP_matrix\picture\PAT_3390_picture_WM_ERSP_PHG12_TN.npy,\\nasac-m2.unige.ch\m-HumanNeuronLab\ANALYSIS\FLM\Analysis_LoraFanda\01_FBM_Analysis\outputs\04_ersp_LM_RAWONLY\PAT_3390\LM\ERSP_matrix\reading\PAT_3390_reading_WM_ERSP_PHG12_TN.npy,1,0.09753766,1,PAT_3390|PHG12,1.5318181646108026e-09,0.2653087843862784,0.24971326603621957,0.198376705381062,0.25821608899025433,0.017498522029379078,0.010886631644988471
513,PAT_3390,TPG1,TPG1,LM,concat,1,\\nasac-m2.unige.ch\m-HumanNeuronLab\ANALYSIS\FLM\Analysis_LoraFanda\01_FBM_Analysis\outputs\04_ersp_LM_RAWONLY\PAT_3390\LM\ERSP_matrix\audio\PAT_3390_audio_WM_ERSP_TPG1_TN.npy,\\nasac-m2.unige.ch\m-HumanNeuronLab\ANALYSIS\FLM\Analysis_LoraFanda\01_FBM_Analysis\outputs\04_ersp_LM_RAWONLY\PAT_3390\LM\ERSP_matrix\audio\PAT_3390_audio_WM_ERSP_TPG1_TN.npy,\\nasac-m2.unige.ch\m-HumanNeuronLab\ANALYSIS\FLM\Analysis_LoraFanda\01_FBM_Analysis\outputs\04_ersp_LM_RAWONLY\PAT_3390\LM\ERSP_matrix\picture\PAT_3390_picture_WM_ERSP_TPG1_TN.npy,\\nasac-m2.unige.ch\m-HumanNeuronLab\ANALYSIS\FLM\Analysis_LoraFanda\01_FBM_Analysis\outputs\04_ersp_LM_RAWONLY\PAT_3390\LM\ERSP_matrix\reading\PAT_3390_reading_WM_ERSP_TPG1_TN.npy,1,0.12834038,1,PAT_3390|TPG1,0.075841938748081,0.39611797922522435,1.0492262541826328e-15,0.11257240482417506,0.3266010606625762,1.6494999925458406e-14,0.08886661653992589
514,PAT_3390,TPG2,TPG2,LM,concat,1,\\nasac-m2.unige.ch\m-HumanNeuronLab\ANALYSIS\FLM\Analysis_LoraFanda\01_FBM_Analysis\outputs\04_ersp_LM_RAWONLY\PAT_3390\LM\ERSP_matrix\audio\PAT_3390_audio_WM_ERSP_TPG2_TN.npy,\\nasac-m2.unige.ch\m-HumanNeuronLab\ANALYSIS\FLM\Analysis_LoraFanda\01_FBM_Analysis\outputs\04_ersp_LM_RAWONLY\PAT_3390\LM\ERSP_matrix\audio\PAT_3390_audio_WM_ERSP_TPG2_TN.npy,\\nasac-m2.unige.ch\m-HumanNeuronLab\ANALYSIS\FLM\Analysis_LoraFanda\01_FBM_Analysis\outputs\04_ersp_LM_RAWONLY\PAT_3390\LM\ERSP_matrix\picture\PAT_3390_picture_WM_ERSP_TPG2_TN.npy,\\nasac-m2.unige.ch\m-HumanNeuronLab\ANALYSIS\FLM\Analysis_LoraFanda\01_FBM_Analysis\outputs\04_ersp_LM_RAWONLY\PAT_3390\LM\ERSP_matrix\reading\PAT_3390_reading_WM_ERSP_TPG2_TN.npy,1,0.12199701,1,PAT_3390|TPG2,8.77671374018498e-07,0.42190305502369785,1.2454685004036202e-16,0.11870798568771235,0.37542455876376174,5.645982346526606e-18,0.08396352285345401
515,PAT_3390,TPG4,TPG4,LM,concat,1,\\nasac-m2.unige.ch\m-HumanNeuronLab\ANALYSIS\FLM\Analysis_LoraFanda\01_FBM_Analysis\outputs\04_ersp_LM_RAWONLY\PAT_3390\LM\ERSP_matrix\audio\PAT_3390_audio_WM_ERSP_TPG4_TN.npy,\\nasac-m2.unige.ch\m-HumanNeuronLab\ANALYSIS\FLM\Analysis_LoraFanda\01_FBM_Analysis\outputs\04_ersp_LM_RAWONLY\PAT_3390\LM\ERSP_matrix\audio\PAT_3390_audio_WM_ERSP_TPG4_TN.npy,\\nasac-m2.unige.ch\m-HumanNeuronLab\ANALYSIS\FLM\Analysis_LoraFanda\01_FBM_Analysis\outputs\04_ersp_LM_RAWONLY\PAT_3390\LM\ERSP_matrix\picture\PAT_3390_picture_WM_ERSP_TPG4_TN.npy,\\nasac-m2.unige.ch\m-HumanNeuronLab\ANALYSIS\FLM\Analysis_LoraFanda\01_FBM_Analysis\outputs\04_ersp_LM_RAWONLY\PAT_3390\LM\ERSP_matrix\reading\PAT_3390_reading_WM_ERSP_TPG4_TN.npy,2,-0.056879953,2,PAT_3390|TPG4,0.06436981734487021,0.22843833043407538,6.998804330823321e-17,0.3131826432175891,0.32626539913294583,0.06609953461130492,0.0016442752592144736
516,PAT_3390,TPG5,TPG5,LM,concat,1,\\nasac-m2.unige.ch\m-HumanNeuronLab\ANALYSIS\FLM\Analysis_LoraFanda\01_FBM_Analysis\outputs\04_ersp_LM_RAWONLY\PAT_3390\LM\ERSP_matrix\audio\PAT_3390_audio_WM_ERSP_TPG5_TN.npy,\\nasac-m2.unige.ch\m-HumanNeuronLab\ANALYSIS\FLM\Analysis_LoraFanda\01_FBM_Analysis\outputs\04_ersp_LM_RAWONLY\PAT_3390\LM\ERSP_matrix\audio\PAT_3390_audio_WM_ERSP_TPG5_TN.npy,\\nasac-m2.unige.ch\m-HumanNeuronLab\ANALYSIS\FLM\Analysis_LoraFanda\01_FBM_Analysis\outputs\04_ersp_LM_RAWONLY\PAT_3390\LM\ERSP_matrix\picture\PAT_3390_picture_WM_ERSP_TPG5_TN.npy,\\nasac-m2.unige.ch\m-HumanNeuronLab\ANALYSIS\FLM\Analysis_LoraFanda\01_FBM_Analysis\outputs\04_ersp_LM_RAWONLY\PAT_3390\LM\ERSP_matrix\reading\PAT_3390_reading_WM_ERSP_TPG5_TN.npy,2,0.076609336,2,PAT_3390|TPG5,0.00013486052121667325,0.15439884275467353,9.295370369619556e-08,0.38046306767663346,0.31295970933035067,0.15007001871926767,0.001973408044154447
517,PAT_3415,OI1,OI1,LM,concat,3,\\nasac-m2.unige.ch\m-HumanNeuronLab\ANALYSIS\FLM\Analysis_LoraFanda\01_FBM_Analysis\outputs\04_ersp_LM_RAWONLY\PAT_3415\LM\ERSP_matrix\audio\PAT_3415_audio_WM_ERSP_OI1_TN.npy,\\nasac-m2.unige.ch\m-HumanNeuronLab\ANALYSIS\FLM\Analysis_LoraFanda\01_FBM_Analysis\outputs\04_ersp_LM_RAWONLY\PAT_3415\LM\ERSP_matrix\audio\PAT_3415_audio_WM_ERSP_OI1_TN.npy,\\nasac-m2.unige.ch\m-HumanNeuronLab\ANALYSIS\FLM\Analysis_LoraFanda\01_FBM_Analysis\outputs\04_ersp_LM_RAWONLY\PAT_3415\LM\ERSP_matrix\picture\PAT_3415_picture_WM_ERSP_OI1_TN.npy,\\nasac-m2.unige.ch\m-HumanNeuronLab\ANALYSIS\FLM\Analysis_LoraFanda\01_FBM_Analysis\outputs\04_ersp_LM_RAWONLY\PAT_3415\LM\ERSP_matrix\reading\PAT_3415_reading_WM_ERSP_OI1_TN.npy,0,0.059043895,0,PAT_3415|OI1,0.5236802286548528,0.21096311886464678,3.724495085496042e-11,0.00748022361420836,0.16830403385809853,0.0005404156452822262,0.08903197932566641
518,PAT_3415,OI2,OI2,LM,concat,3,\\nasac-m2.unige.ch\m-HumanNeuronLab\ANALYSIS\FLM\Analysis_LoraFanda\01_FBM_Analysis\outputs\04_ersp_LM_RAWONLY\PAT_3415\LM\ERSP_matrix\audio\PAT_3415_audio_WM_ERSP_OI2_TN.npy,\\nasac-m2.unige.ch\m-HumanNeuronLab\ANALYSIS\FLM\Analysis_LoraFanda\01_FBM_Analysis\outputs\04_ersp_LM_RAWONLY\PAT_3415\LM\ERSP_matrix\audio\PAT_3415_audio_WM_ERSP_OI2_TN.npy,\\nasac-m2.unige.ch\m-HumanNeuronLab\ANALYSIS\FLM\Analysis_LoraFanda\01_FBM_Analysis\outputs\04_ersp_LM_RAWONLY\PAT_3415\LM\ERSP_matrix\picture\PAT_3415_picture_WM_ERSP_OI2_TN.npy,\\nasac-m2.unige.ch\m-HumanNeuronLab\ANALYSIS\FLM\Analysis_LoraFanda\01_FBM_Analysis\outputs\04_ersp_LM_RAWONLY\PAT_3415\LM\ERSP_matrix\reading\PAT_3415_reading_WM_ERSP_OI2_TN.npy,2,0.15175876,2,PAT_3415|OI2,0.40679074279509175,3.2741372556469363e-22,9.797890270549887e-12,0.45418603349485615,1.0562024067652864e-22,0.1390225111501385,7.125501157254458e-07
519,PAT_3415,OI3,OI3,LM,concat,2,\\nasac-m2.unige.ch\m-HumanNeuronLab\ANALYSIS\FLM\Analysis_LoraFanda\01_FBM_Analysis\outputs\04_ersp_LM_RAWONLY\PAT_3415\LM\ERSP_matrix\audio\PAT_3415_audio_WM_ERSP_OI3_TN.npy,\\nasac-m2.unige.ch\m-HumanNeuronLab\ANALYSIS\FLM\Analysis_LoraFanda\01_FBM_Analysis\outputs\04_ersp_LM_RAWONLY\PAT_3415\LM\ERSP_matrix\audio\PAT_3415_audio_WM_ERSP_OI3_TN.npy,\\nasac-m2.unige.ch\m-HumanNeuronLab\ANALYSIS\FLM\Analysis_LoraFanda\01_FBM_Analysis\outputs\04_ersp_LM_RAWONLY\PAT_3415\LM\ERSP_matrix\picture\PAT_3415_picture_WM_ERSP_OI3_TN.npy,\\nasac-m2.unige.ch\m-HumanNeuronLab\ANALYSIS\FLM\Analysis_LoraFanda\01_FBM_Analysis\outputs\04_ersp_LM_RAWONLY\PAT_3415\LM\ERSP_matrix\reading\PAT_3415_reading_WM_ERSP_OI3_TN.npy,0,-0.04163354,0,PAT_3415|OI3,0.45609276383409125,0.13999101707348616,1.4743311335528603e-06,0.10805187455590046,0.1908821649890516,0.0521416760735983,0.05283902914273855
520,PAT_3415,OI4,OI4,LM,concat,3,\\nasac-m2.unige.ch\m-HumanNeuronLab\ANALYSIS\FLM\Analysis_LoraFanda\01_FBM_Analysis\outputs\04_ersp_LM_RAWONLY\PAT_3415\LM\ERSP_matrix\audio\PAT_3415_audio_WM_ERSP_OI4_TN.npy,\\nasac-m2.unige.ch\m-HumanNeuronLab\ANALYSIS\FLM\Analysis_LoraFanda\01_FBM_Analysis\outputs\04_ersp_LM_RAWONLY\PAT_3415\LM\ERSP_matrix\audio\PAT_3415_audio_WM_ERSP_OI4_TN.npy,\\nasac-m2.unige.ch\m-HumanNeuronLab\ANALYSIS\FLM\Analysis_LoraFanda\01_FBM_Analysis\outputs\04_ersp_LM_RAWONLY\PAT_3415\LM\ERSP_matrix\picture\PAT_3415_picture_WM_ERSP_OI4_TN.npy,\\nasac-m2.unige.ch\m-HumanNeuronLab\ANALYSIS\FLM\Analysis_LoraFanda\01_FBM_Analysis\outputs\04_ersp_LM_RAWONLY\PAT_3415\LM\ERSP_matrix\reading\PAT_3415_reading_WM_ERSP_OI4_TN.npy,0,0.10772383,0,PAT_3415|OI4,0.5192585820220341,0.2145809949869909,2.97894400237045e-14,0.03432139241565046,3.6624589634563636e-08,0.17274419813272449,0.05909479581798052
521,PAT_3415,OI5,OI5,LM,concat,2,\\nasac-m2.unige.ch\m-HumanNeuronLab\ANALYSIS\FLM\Analysis_LoraFanda\01_FBM_Analysis\outputs\04_ersp_LM_RAWONLY\PAT_3415\LM\ERSP_matrix\audio\PAT_3415_audio_WM_ERSP_OI5_TN.npy,\\nasac-m2.unige.ch\m-HumanNeuronLab\ANALYSIS\FLM\Analysis_LoraFanda\01_FBM_Analysis\outputs\04_ersp_LM_RAWONLY\PAT_3415\LM\ERSP_matrix\audio\PAT_3415_audio_WM_ERSP_OI5_TN.npy,\\nasac-m2.unige.ch\m-HumanNeuronLab\ANALYSIS\FLM\Analysis_LoraFanda\01_FBM_Analysis\outputs\04_ersp_LM_RAWONLY\PAT_3415\LM\ERSP_matrix\picture\PAT_3415_picture_WM_ERSP_OI5_TN.npy,\\nasac-m2.unige.ch\m-HumanNeuronLab\ANALYSIS\FLM\Analysis_LoraFanda\01_FBM_Analysis\outputs\04_ersp_LM_RAWONLY\PAT_3415\LM\ERSP_matrix\reading\PAT_3415_reading_WM_ERSP_OI5_TN.npy,0,0.049519904,0,PAT_3415|OI5,0.4053352455118097,0.16638656551305284,3.6403769327928575e-22,0.13621923306091596,3.5615941669827074e-09,0.23995619627901307,0.05210275607361419
522,PAT_3415,OI6,OI6,LM,concat,2,\\nasac-m2.unige.ch\m-HumanNeuronLab\ANALYSIS\FLM\Analysis_LoraFanda\01_FBM_Analysis\outputs\04_ersp_LM_RAWONLY\PAT_3415\LM\ERSP_matrix\audio\PAT_3415_audio_WM_ERSP_OI6_TN.npy,\\nasac-m2.unige.ch\m-HumanNeuronLab\ANALYSIS\FLM\Analysis_LoraFanda\01_FBM_Analysis\outputs\04_ersp_LM_RAWONLY\PAT_3415\LM\ERSP_matrix\audio\PAT_3415_audio_WM_ERSP_OI6_TN.npy,\\nasac-m2.unige.ch\m-HumanNeuronLab\ANALYSIS\FLM\Analysis_LoraFanda\01_FBM_Analysis\outputs\04_ersp_LM_RAWONLY\PAT_3415\LM\ERSP_matrix\picture\PAT_3415_picture_WM_ERSP_OI6_TN.npy,\\nasac-m2.unige.ch\m-HumanNeuronLab\ANALYSIS\FLM\Analysis_LoraFanda\01_FBM_Analysis\outputs\04_ersp_LM_RAWONLY\PAT_3415\LM\ERSP_matrix\reading\PAT_3415_reading_WM_ERSP_OI6_TN.npy,3,-0.07257681,3,PAT_3415|OI6,0.2643405576343568,0.15713099587770438,5.188700386287714e-18,0.19814046835178464,0.25181023850258843,0.06127325397646138,0.0673044856571043
523,PAT_3415,OS1,OS1,LM,concat,3,\\nasac-m2.unige.ch\m-HumanNeuronLab\ANALYSIS\FLM\Analysis_LoraFanda\01_FBM_Analysis\outputs\04_ersp_LM_RAWONLY\PAT_3415\LM\ERSP_matrix\audio\PAT_3415_audio_WM_ERSP_OS1_TN.npy,\\nasac-m2.unige.ch\m-HumanNeuronLab\ANALYSIS\FLM\Analysis_LoraFanda\01_FBM_Analysis\outputs\04_ersp_LM_RAWONLY\PAT_3415\LM\ERSP_matrix\audio\PAT_3415_audio_WM_ERSP_OS1_TN.npy,\\nasac-m2.unige.ch\m-HumanNeuronLab\ANALYSIS\FLM\Analysis_LoraFanda\01_FBM_Analysis\outputs\04_ersp_LM_RAWONLY\PAT_3415\LM\ERSP_matrix\picture\PAT_3415_picture_WM_ERSP_OS1_TN.npy,\\nasac-m2.unige.ch\m-HumanNeuronLab\ANALYSIS\FLM\Analysis_LoraFanda\01_FBM_Analysis\outputs\04_ersp_LM_RAWONLY\PAT_3415\LM\ERSP_matrix\reading\PAT_3415_reading_WM_ERSP_OS1_TN.npy,0,0.10978034,0,PAT_3415|OS1,0.5874065920041095,0.12488520377898649,0.13142305841120228,1.1932595085679817e-11,4.876284578554749e-40,1.5758528070009267e-34,0.15628514579376931
524,PAT_3415,OS2,OS2,LM,concat,3,\\nasac-m2.unige.ch\m-HumanNeuronLab\ANALYSIS\FLM\Analysis_LoraFanda\01_FBM_Analysis\outputs\04_ersp_LM_RAWONLY\PAT_3415\LM\ERSP_matrix\audio\PAT_3415_audio_WM_ERSP_OS2_TN.npy,\\nasac-m2.unige.ch\m-HumanNeuronLab\ANALYSIS\FLM\Analysis_LoraFanda\01_FBM_Analysis\outputs\04_ersp_LM_RAWONLY\PAT_3415\LM\ERSP_matrix\audio\PAT_3415_audio_WM_ERSP_OS2_TN.npy,\\nasac-m2.unige.ch\m-HumanNeuronLab\ANALYSIS\FLM\Analysis_LoraFanda\01_FBM_Analysis\outputs\04_ersp_LM_RAWONLY\PAT_3415\LM\ERSP_matrix\picture\PAT_3415_picture_WM_ERSP_OS2_TN.npy,\\nasac-m2.unige.ch\m-HumanNeuronLab\ANALYSIS\FLM\Analysis_LoraFanda\01_FBM_Analysis\outputs\04_ersp_LM_RAWONLY\PAT_3415\LM\ERSP_matrix\reading\PAT_3415_reading_WM_ERSP_OS2_TN.npy,0,0.14683242,0,PAT_3415|OS2,0.6716063215178071,0.18072284988412374,0.014331219069322271,1.1330379060999618e-06,3.697908017773468e-19,0.03191814275991491,0.10142033373092602
525,PAT_3415,OS3,OS3,LM,concat,2,\\nasac-m2.unige.ch\m-HumanNeuronLab\ANALYSIS\FLM\Analysis_LoraFanda\01_FBM_Analysis\outputs\04_ersp_LM_RAWONLY\PAT_3415\LM\ERSP_matrix\audio\PAT_3415_audio_WM_ERSP_OS3_TN.npy,\\nasac-m2.unige.ch\m-HumanNeuronLab\ANALYSIS\FLM\Analysis_LoraFanda\01_FBM_Analysis\outputs\04_ersp_LM_RAWONLY\PAT_3415\LM\ERSP_matrix\audio\PAT_3415_audio_WM_ERSP_OS3_TN.npy,\\nasac-m2.unige.ch\m-HumanNeuronLab\ANALYSIS\FLM\Analysis_LoraFanda\01_FBM_Analysis\outputs\04_ersp_LM_RAWONLY\PAT_3415\LM\ERSP_matrix\picture\PAT_3415_picture_WM_ERSP_OS3_TN.npy,\\nasac-m2.unige.ch\m-HumanNeuronLab\ANALYSIS\FLM\Analysis_LoraFanda\01_FBM_Analysis\outputs\04_ersp_LM_RAWONLY\PAT_3415\LM\ERSP_matrix\reading\PAT_3415_reading_WM_ERSP_OS3_TN.npy,0,0.026623998,0,PAT_3415|OS3,0.4089300029737172,0.24829047972573748,3.969512188707881e-12,0.15682471378236004,0.022314578572694654,0.13144599066023802,0.032194234281283186
526,PAT_3415,OS4,OS4,LM,concat,2,\\nasac-m2.unige.ch\m-HumanNeuronLab\ANALYSIS\FLM\Analysis_LoraFanda\01_FBM_Analysis\outputs\04_ersp_LM_RAWONLY\PAT_3415\LM\ERSP_matrix\audio\PAT_3415_audio_WM_ERSP_OS4_TN.npy,\\nasac-m2.unige.ch\m-HumanNeuronLab\ANALYSIS\FLM\Analysis_LoraFanda\01_FBM_Analysis\outputs\04_ersp_LM_RAWONLY\PAT_3415\LM\ERSP_matrix\audio\PAT_3415_audio_WM_ERSP_OS4_TN.npy,\\nasac-m2.unige.ch\m-HumanNeuronLab\ANALYSIS\FLM\Analysis_LoraFanda\01_FBM_Analysis\outputs\04_ersp_LM_RAWONLY\PAT_3415\LM\ERSP_matrix\picture\PAT_3415_picture_WM_ERSP_OS4_TN.npy,\\nasac-m2.unige.ch\m-HumanNeuronLab\ANALYSIS\FLM\Analysis_LoraFanda\01_FBM_Analysis\outputs\04_ersp_LM_RAWONLY\PAT_3415\LM\ERSP_matrix\reading\PAT_3415_reading_WM_ERSP_OS4_TN.npy,1,0.1606918,1,PAT_3415|OS4,0.15006675948432935,0.16955524723125173,3.820962289388139e-24,0.30716554064363344,0.15041535275086582,9.120444049588277e-05,0.2227058954494238
527,PAT_3415,OS5,OS5,LM,concat,3,\\nasac-m2.unige.ch\m-HumanNeuronLab\ANALYSIS\FLM\Analysis_LoraFanda\01_FBM_Analysis\outputs\04_ersp_LM_RAWONLY\PAT_3415\LM\ERSP_matrix\audio\PAT_3415_audio_WM_ERSP_OS5_TN.npy,\\nasac-m2.unige.ch\m-HumanNeuronLab\ANALYSIS\FLM\Analysis_LoraFanda\01_FBM_Analysis\outputs\04_ersp_LM_RAWONLY\PAT_3415\LM\ERSP_matrix\audio\PAT_3415_audio_WM_ERSP_OS5_TN.npy,\\nasac-m2.unige.ch\m-HumanNeuronLab\ANALYSIS\FLM\Analysis_LoraFanda\01_FBM_Analysis\outputs\04_ersp_LM_RAWONLY\PAT_3415\LM\ERSP_matrix\picture\PAT_3415_picture_WM_ERSP_OS5_TN.npy,\\nasac-m2.unige.ch\m-HumanNeuronLab\ANALYSIS\FLM\Analysis_LoraFanda\01_FBM_Analysis\outputs\04_ersp_LM_RAWONLY\PAT_3415\LM\ERSP_matrix\reading\PAT_3415_reading_WM_ERSP_OS5_TN.npy,2,0.17331041,2,PAT_3415|OS5,0.0693562294045869,0.031881979225322474,2.073802316557061e-25,0.5095172509091567,0.10719124352124788,8.087162525637941e-07,0.28205248822343365
528,PAT_3415,OS6,OS6,LM,concat,1,\\nasac-m2.unige.ch\m-HumanNeuronLab\ANALYSIS\FLM\Analysis_LoraFanda\01_FBM_Analysis\outputs\04_ersp_LM_RAWONLY\PAT_3415\LM\ERSP_matrix\audio\PAT_3415_audio_WM_ERSP_OS6_TN.npy,\\nasac-m2.unige.ch\m-HumanNeuronLab\ANALYSIS\FLM\Analysis_LoraFanda\01_FBM_Analysis\outputs\04_ersp_LM_RAWONLY\PAT_3415\LM\ERSP_matrix\audio\PAT_3415_audio_WM_ERSP_OS6_TN.npy,\\nasac-m2.unige.ch\m-HumanNeuronLab\ANALYSIS\FLM\Analysis_LoraFanda\01_FBM_Analysis\outputs\04_ersp_LM_RAWONLY\PAT_3415\LM\ERSP_matrix\picture\PAT_3415_picture_WM_ERSP_OS6_TN.npy,\\nasac-m2.unige.ch\m-HumanNeuronLab\ANALYSIS\FLM\Analysis_LoraFanda\01_FBM_Analysis\outputs\04_ersp_LM_RAWONLY\PAT_3415\LM\ERSP_matrix\reading\PAT_3415_reading_WM_ERSP_OS6_TN.npy,2,0.18798336,2,PAT_3415|OS6,1.392145991451617e-17,0.12833933878475004,4.385044691301022e-21,0.5209857431336954,0.2503544467397432,0.06816949917477048,0.03215097216704111
529,PAT_3415,TP1,TP1,LM,concat,2,\\nasac-m2.unige.ch\m-HumanNeuronLab\ANALYSIS\FLM\Analysis_LoraFanda\01_FBM_Analysis\outputs\04_ersp_LM_RAWONLY\PAT_3415\LM\ERSP_matrix\audio\PAT_3415_audio_WM_ERSP_TP1_TN.npy,\\nasac-m2.unige.ch\m-HumanNeuronLab\ANALYSIS\FLM\Analysis_LoraFanda\01_FBM_Analysis\outputs\04_ersp_LM_RAWONLY\PAT_3415\LM\ERSP_matrix\audio\PAT_3415_audio_WM_ERSP_TP1_TN.npy,\\nasac-m2.unige.ch\m-HumanNeuronLab\ANALYSIS\FLM\Analysis_LoraFanda\01_FBM_Analysis\outputs\04_ersp_LM_RAWONLY\PAT_3415\LM\ERSP_matrix\picture\PAT_3415_picture_WM_ERSP_TP1_TN.npy,\\nasac-m2.unige.ch\m-HumanNeuronLab\ANALYSIS\FLM\Analysis_LoraFanda\01_FBM_Analysis\outputs\04_ersp_LM_RAWONLY\PAT_3415\LM\ERSP_matrix\reading\PAT_3415_reading_WM_ERSP_TP1_TN.npy,4,-0.029433949,4,PAT_3415|TP1,0.2879272386564272,0.3197354288852935,2.2564787823053673e-18,0.18662041271238944,0.18623436683239178,0.0067517844196742114,0.01273076849382377
530,PAT_3415,TP2,TP2,LM,concat,2,\\nasac-m2.unige.ch\m-HumanNeuronLab\ANALYSIS\FLM\Analysis_LoraFanda\01_FBM_Analysis\outputs\04_ersp_LM_RAWONLY\PAT_3415\LM\ERSP_matrix\audio\PAT_3415_audio_WM_ERSP_TP2_TN.npy,\\nasac-m2.unige.ch\m-HumanNeuronLab\ANALYSIS\FLM\Analysis_LoraFanda\01_FBM_Analysis\outputs\04_ersp_LM_RAWONLY\PAT_3415\LM\ERSP_matrix\audio\PAT_3415_audio_WM_ERSP_TP2_TN.npy,\\nasac-m2.unige.ch\m-HumanNeuronLab\ANALYSIS\FLM\Analysis_LoraFanda\01_FBM_Analysis\outputs\04_ersp_LM_RAWONLY\PAT_3415\LM\ERSP_matrix\picture\PAT_3415_picture_WM_ERSP_TP2_TN.npy,\\nasac-m2.unige.ch\m-HumanNeuronLab\ANALYSIS\FLM\Analysis_LoraFanda\01_FBM_Analysis\outputs\04_ersp_LM_RAWONLY\PAT_3415\LM\ERSP_matrix\reading\PAT_3415_reading_WM_ERSP_TP2_TN.npy,4,0.013995745,4,PAT_3415|TP2,0.35347307228824976,0.2708784347534611,8.437305392776758e-17,0.16619191085728757,0.16889764979565827,0.00047714410319877075,0.040081788202144475
531,PAT_3415,TP3,TP3,LM,concat,2,\\nasac-m2.unige.ch\m-HumanNeuronLab\ANALYSIS\FLM\Analysis_LoraFanda\01_FBM_Analysis\outputs\04_ersp_LM_RAWONLY\PAT_3415\LM\ERSP_matrix\audio\PAT_3415_audio_WM_ERSP_TP3_TN.npy,\\nasac-m2.unige.ch\m-HumanNeuronLab\ANALYSIS\FLM\Analysis_LoraFanda\01_FBM_Analysis\outputs\04_ersp_LM_RAWONLY\PAT_3415\LM\ERSP_matrix\audio\PAT_3415_audio_WM_ERSP_TP3_TN.npy,\\nasac-m2.unige.ch\m-HumanNeuronLab\ANALYSIS\FLM\Analysis_LoraFanda\01_FBM_Analysis\outputs\04_ersp_LM_RAWONLY\PAT_3415\LM\ERSP_matrix\picture\PAT_3415_picture_WM_ERSP_TP3_TN.npy,\\nasac-m2.unige.ch\m-HumanNeuronLab\ANALYSIS\FLM\Analysis_LoraFanda\01_FBM_Analysis\outputs\04_ersp_LM_RAWONLY\PAT_3415\LM\ERSP_matrix\reading\PAT_3415_reading_WM_ERSP_TP3_TN.npy,3,-0.05503377,3,PAT_3415|TP3,0.27764464027089397,0.13879319772148657,1.7067306045220146e-11,0.18353326384129845,0.2984623103872921,0.02370277322413239,0.0778638145378292
532,PAT_3415,TP4,TP4,LM,concat,3,\\nasac-m2.unige.ch\m-HumanNeuronLab\ANALYSIS\FLM\Analysis_LoraFanda\01_FBM_Analysis\outputs\04_ersp_LM_RAWONLY\PAT_3415\LM\ERSP_matrix\audio\PAT_3415_audio_WM_ERSP_TP4_TN.npy,\\nasac-m2.unige.ch\m-HumanNeuronLab\ANALYSIS\FLM\Analysis_LoraFanda\01_FBM_Analysis\outputs\04_ersp_LM_RAWONLY\PAT_3415\LM\ERSP_matrix\audio\PAT_3415_audio_WM_ERSP_TP4_TN.npy,\\nasac-m2.unige.ch\m-HumanNeuronLab\ANALYSIS\FLM\Analysis_LoraFanda\01_FBM_Analysis\outputs\04_ersp_LM_RAWONLY\PAT_3415\LM\ERSP_matrix\picture\PAT_3415_picture_WM_ERSP_TP4_TN.npy,\\nasac-m2.unige.ch\m-HumanNeuronLab\ANALYSIS\FLM\Analysis_LoraFanda\01_FBM_Analysis\outputs\04_ersp_LM_RAWONLY\PAT_3415\LM\ERSP_matrix\reading\PAT_3415_reading_WM_ERSP_TP4_TN.npy,3,-0.028227726,3,PAT_3415|TP4,0.21179315598208326,0.16640974524838795,1.8380420523238327e-17,0.21740735245358708,0.29347630154599896,0.01779634275721418,0.09311710201272864
533,PAT_3415,TP5,TP5,LM,concat,2,\\nasac-m2.unige.ch\m-HumanNeuronLab\ANALYSIS\FLM\Analysis_LoraFanda\01_FBM_Analysis\outputs\04_ersp_LM_RAWONLY\PAT_3415\LM\ERSP_matrix\audio\PAT_3415_audio_WM_ERSP_TP5_TN.npy,\\nasac-m2.unige.ch\m-HumanNeuronLab\ANALYSIS\FLM\Analysis_LoraFanda\01_FBM_Analysis\outputs\04_ersp_LM_RAWONLY\PAT_3415\LM\ERSP_matrix\audio\PAT_3415_audio_WM_ERSP_TP5_TN.npy,\\nasac-m2.unige.ch\m-HumanNeuronLab\ANALYSIS\FLM\Analysis_LoraFanda\01_FBM_Analysis\outputs\04_ersp_LM_RAWONLY\PAT_3415\LM\ERSP_matrix\picture\PAT_3415_picture_WM_ERSP_TP5_TN.npy,\\nasac-m2.unige.ch\m-HumanNeuronLab\ANALYSIS\FLM\Analysis_LoraFanda\01_FBM_Analysis\outputs\04_ersp_LM_RAWONLY\PAT_3415\LM\ERSP_matrix\reading\PAT_3415_reading_WM_ERSP_TP5_TN.npy,3,-0.028785162,3,PAT_3415|TP5,0.20981066747721266,0.15152899643290701,2.911687110413384e-18,0.2241105870476162,0.3142925889442665,0.025325382245128217,0.07493177785286936
534,PAT_3415,TP6,TP6,LM,concat,3,\\nasac-m2.unige.ch\m-HumanNeuronLab\ANALYSIS\FLM\Analysis_LoraFanda\01_FBM_Analysis\outputs\04_ersp_LM_RAWONLY\PAT_3415\LM\ERSP_matrix\audio\PAT_3415_audio_WM_ERSP_TP6_TN.npy,\\nasac-m2.unige.ch\m-HumanNeuronLab\ANALYSIS\FLM\Analysis_LoraFanda\01_FBM_Analysis\outputs\04_ersp_LM_RAWONLY\PAT_3415\LM\ERSP_matrix\audio\PAT_3415_audio_WM_ERSP_TP6_TN.npy,\\nasac-m2.unige.ch\m-HumanNeuronLab\ANALYSIS\FLM\Analysis_LoraFanda\01_FBM_Analysis\outputs\04_ersp_LM_RAWONLY\PAT_3415\LM\ERSP_matrix\picture\PAT_3415_picture_WM_ERSP_TP6_TN.npy,\\nasac-m2.unige.ch\m-HumanNeuronLab\ANALYSIS\FLM\Analysis_LoraFanda\01_FBM_Analysis\outputs\04_ersp_LM_RAWONLY\PAT_3415\LM\ERSP_matrix\reading\PAT_3415_reading_WM_ERSP_TP6_TN.npy,3,-0.071870916,3,PAT_3415|TP6,0.19431694939894367,0.15790693219121907,3.3737760843236067e-19,0.24324269841176732,0.2645645569407807,0.003915783831244189,0.136053079226045
535,PAT_3455,AD4,AD4,LM,concat,2,\\nasac-m2.unige.ch\m-HumanNeuronLab\ANALYSIS\FLM\Analysis_LoraFanda\01_FBM_Analysis\outputs\04_ersp_LM_RAWONLY\PAT_3455\LM\ERSP_matrix\audio\PAT_3455_audio_WM_ERSP_AD4_TN.npy,\\nasac-m2.unige.ch\m-HumanNeuronLab\ANALYSIS\FLM\Analysis_LoraFanda\01_FBM_Analysis\outputs\04_ersp_LM_RAWONLY\PAT_3455\LM\ERSP_matrix\audio\PAT_3455_audio_WM_ERSP_AD4_TN.npy,\\nasac-m2.unige.ch\m-HumanNeuronLab\ANALYSIS\FLM\Analysis_LoraFanda\01_FBM_Analysis\outputs\04_ersp_LM_RAWONLY\PAT_3455\LM\ERSP_matrix\picture\PAT_3455_picture_WM_ERSP_AD4_TN.npy,\\nasac-m2.unige.ch\m-HumanNeuronLab\ANALYSIS\FLM\Analysis_LoraFanda\01_FBM_Analysis\outputs\04_ersp_LM_RAWONLY\PAT_3455\LM\ERSP_matrix\reading\PAT_3455_reading_WM_ERSP_AD4_TN.npy,2,0.17631245,2,PAT_3455|AD4,0.15006550181428394,0.1858962940153428,0.21638642021110932,0.3784484399362637,0.06909982865421536,1.9982941222374055e-19,0.00010351536878504296
536,PAT_3455,AD5,AD5,LM,concat,2,\\nasac-m2.unige.ch\m-HumanNeuronLab\ANALYSIS\FLM\Analysis_LoraFanda\01_FBM_Analysis\outputs\04_ersp_LM_RAWONLY\PAT_3455\LM\ERSP_matrix\audio\PAT_3455_audio_WM_ERSP_AD5_TN.npy,\\nasac-m2.unige.ch\m-HumanNeuronLab\ANALYSIS\FLM\Analysis_LoraFanda\01_FBM_Analysis\outputs\04_ersp_LM_RAWONLY\PAT_3455\LM\ERSP_matrix\audio\PAT_3455_audio_WM_ERSP_AD5_TN.npy,\\nasac-m2.unige.ch\m-HumanNeuronLab\ANALYSIS\FLM\Analysis_LoraFanda\01_FBM_Analysis\outputs\04_ersp_LM_RAWONLY\PAT_3455\LM\ERSP_matrix\picture\PAT_3455_picture_WM_ERSP_AD5_TN.npy,\\nasac-m2.unige.ch\m-HumanNeuronLab\ANALYSIS\FLM\Analysis_LoraFanda\01_FBM_Analysis\outputs\04_ersp_LM_RAWONLY\PAT_3455\LM\ERSP_matrix\reading\PAT_3455_reading_WM_ERSP_AD5_TN.npy,2,0.23443869,2,PAT_3455|AD5,0.12064629604206457,0.17820601228374244,0.21133144158242134,0.42263182224381735,0.06692754992853862,1.7250013651710588e-17,0.0002568779194158129
537,PAT_3455,AD6,AD6,LM,concat,2,\\nasac-m2.unige.ch\m-HumanNeuronLab\ANALYSIS\FLM\Analysis_LoraFanda\01_FBM_Analysis\outputs\04_ersp_LM_RAWONLY\PAT_3455\LM\ERSP_matrix\audio\PAT_3455_audio_WM_ERSP_AD6_TN.npy,\\nasac-m2.unige.ch\m-HumanNeuronLab\ANALYSIS\FLM\Analysis_LoraFanda\01_FBM_Analysis\outputs\04_ersp_LM_RAWONLY\PAT_3455\LM\ERSP_matrix\audio\PAT_3455_audio_WM_ERSP_AD6_TN.npy,\\nasac-m2.unige.ch\m-HumanNeuronLab\ANALYSIS\FLM\Analysis_LoraFanda\01_FBM_Analysis\outputs\04_ersp_LM_RAWONLY\PAT_3455\LM\ERSP_matrix\picture\PAT_3455_picture_WM_ERSP_AD6_TN.npy,\\nasac-m2.unige.ch\m-HumanNeuronLab\ANALYSIS\FLM\Analysis_LoraFanda\01_FBM_Analysis\outputs\04_ersp_LM_RAWONLY\PAT_3455\LM\ERSP_matrix\reading\PAT_3455_reading_WM_ERSP_AD6_TN.npy,2,0.25637066,2,PAT_3455|AD6,0.13640388189362976,0.16224695468307407,0.19737139926753922,0.44633271978861794,0.05743317855015209,2.743755976277304e-13,0.0002118658167125725
538,PAT_3455,AD7,AD7,LM,concat,2,\\nasac-m2.unige.ch\m-HumanNeuronLab\ANALYSIS\FLM\Analysis_LoraFanda\01_FBM_Analysis\outputs\04_ersp_LM_RAWONLY\PAT_3455\LM\ERSP_matrix\audio\PAT_3455_audio_WM_ERSP_AD7_TN.npy,\\nasac-m2.unige.ch\m-HumanNeuronLab\ANALYSIS\FLM\Analysis_LoraFanda\01_FBM_Analysis\outputs\04_ersp_LM_RAWONLY\PAT_3455\LM\ERSP_matrix\audio\PAT_3455_audio_WM_ERSP_AD7_TN.npy,\\nasac-m2.unige.ch\m-HumanNeuronLab\ANALYSIS\FLM\Analysis_LoraFanda\01_FBM_Analysis\outputs\04_ersp_LM_RAWONLY\PAT_3455\LM\ERSP_matrix\picture\PAT_3455_picture_WM_ERSP_AD7_TN.npy,\\nasac-m2.unige.ch\m-HumanNeuronLab\ANALYSIS\FLM\Analysis_LoraFanda\01_FBM_Analysis\outputs\04_ersp_LM_RAWONLY\PAT_3455\LM\ERSP_matrix\reading\PAT_3455_reading_WM_ERSP_AD7_TN.npy,2,0.3114404,2,PAT_3455|AD7,0.11023167954112048,0.12950829297765312,0.2038042043471836,0.5562099133931225,0.0001758838375874329,3.426455104779236e-08,6.999163878186004e-05
539,PAT_3455,AD8,AD8,LM,concat,2,\\nasac-m2.unige.ch\m-HumanNeuronLab\ANALYSIS\FLM\Analysis_LoraFanda\01_FBM_Analysis\outputs\04_ersp_LM_RAWONLY\PAT_3455\LM\ERSP_matrix\audio\PAT_3455_audio_WM_ERSP_AD8_TN.npy,\\nasac-m2.unige.ch\m-HumanNeuronLab\ANALYSIS\FLM\Analysis_LoraFanda\01_FBM_Analysis\outputs\04_ersp_LM_RAWONLY\PAT_3455\LM\ERSP_matrix\audio\PAT_3455_audio_WM_ERSP_AD8_TN.npy,\\nasac-m2.unige.ch\m-HumanNeuronLab\ANALYSIS\FLM\Analysis_LoraFanda\01_FBM_Analysis\outputs\04_ersp_LM_RAWONLY\PAT_3455\LM\ERSP_matrix\picture\PAT_3455_picture_WM_ERSP_AD8_TN.npy,\\nasac-m2.unige.ch\m-HumanNeuronLab\ANALYSIS\FLM\Analysis_LoraFanda\01_FBM_Analysis\outputs\04_ersp_LM_RAWONLY\PAT_3455\LM\ERSP_matrix\reading\PAT_3455_reading_WM_ERSP_AD8_TN.npy,2,0.31910837,2,PAT_3455|AD8,0.07260276737029532,0.020723301708446978,0.2286056545561097,0.6780436621035488,2.4224730322209745e-08,1.6102984856206915e-05,8.487052012453899e-06
540,PAT_3455,HAD10,HAD10,LM,concat,2,\\nasac-m2.unige.ch\m-HumanNeuronLab\ANALYSIS\FLM\Analysis_LoraFanda\01_FBM_Analysis\outputs\04_ersp_LM_RAWONLY\PAT_3455\LM\ERSP_matrix\audio\PAT_3455_audio_WM_ERSP_HAD10_TN.npy,\\nasac-m2.unige.ch\m-HumanNeuronLab\ANALYSIS\FLM\Analysis_LoraFanda\01_FBM_Analysis\outputs\04_ersp_LM_RAWONLY\PAT_3455\LM\ERSP_matrix\audio\PAT_3455_audio_WM_ERSP_HAD10_TN.npy,\\nasac-m2.unige.ch\m-HumanNeuronLab\ANALYSIS\FLM\Analysis_LoraFanda\01_FBM_Analysis\outputs\04_ersp_LM_RAWONLY\PAT_3455\LM\ERSP_matrix\picture\PAT_3455_picture_WM_ERSP_HAD10_TN.npy,\\nasac-m2.unige.ch\m-HumanNeuronLab\ANALYSIS\FLM\Analysis_LoraFanda\01_FBM_Analysis\outputs\04_ersp_LM_RAWONLY\PAT_3455\LM\ERSP_matrix\reading\PAT_3455_reading_WM_ERSP_HAD10_TN.npy,2,0.28828183,2,PAT_3455|HAD10,0.06490891748550412,3.152864908087369e-05,0.18651033532083908,0.7485491876403515,9.225549974787814e-24,2.7690441067840383e-16,3.090422424174986e-08
541,PAT_3455,HAD4,HAD4,LM,concat,1,\\nasac-m2.unige.ch\m-HumanNeuronLab\ANALYSIS\FLM\Analysis_LoraFanda\01_FBM_Analysis\outputs\04_ersp_LM_RAWONLY\PAT_3455\LM\ERSP_matrix\audio\PAT_3455_audio_WM_ERSP_HAD4_TN.npy,\\nasac-m2.unige.ch\m-HumanNeuronLab\ANALYSIS\FLM\Analysis_LoraFanda\01_FBM_Analysis\outputs\04_ersp_LM_RAWONLY\PAT_3455\LM\ERSP_matrix\audio\PAT_3455_audio_WM_ERSP_HAD4_TN.npy,\\nasac-m2.unige.ch\m-HumanNeuronLab\ANALYSIS\FLM\Analysis_LoraFanda\01_FBM_Analysis\outputs\04_ersp_LM_RAWONLY\PAT_3455\LM\ERSP_matrix\picture\PAT_3455_picture_WM_ERSP_HAD4_TN.npy,\\nasac-m2.unige.ch\m-HumanNeuronLab\ANALYSIS\FLM\Analysis_LoraFanda\01_FBM_Analysis\outputs\04_ersp_LM_RAWONLY\PAT_3455\LM\ERSP_matrix\reading\PAT_3455_reading_WM_ERSP_HAD4_TN.npy,2,0.20383586,2,PAT_3455|HAD4,0.12827554131701344,0.19719598910478997,0.2276164595090936,0.43426418679698425,0.01244057858714084,1.0273567507491503e-17,0.0002072446849779847
542,PAT_3455,HAD5,HAD5,LM,concat,1,\\nasac-m2.unige.ch\m-HumanNeuronLab\ANALYSIS\FLM\Analysis_LoraFanda\01_FBM_Analysis\outputs\04_ersp_LM_RAWONLY\PAT_3455\LM\ERSP_matrix\audio\PAT_3455_audio_WM_ERSP_HAD5_TN.npy,\\nasac-m2.unige.ch\m-HumanNeuronLab\ANALYSIS\FLM\Analysis_LoraFanda\01_FBM_Analysis\outputs\04_ersp_LM_RAWONLY\PAT_3455\LM\ERSP_matrix\audio\PAT_3455_audio_WM_ERSP_HAD5_TN.npy,\\nasac-m2.unige.ch\m-HumanNeuronLab\ANALYSIS\FLM\Analysis_LoraFanda\01_FBM_Analysis\outputs\04_ersp_LM_RAWONLY\PAT_3455\LM\ERSP_matrix\picture\PAT_3455_picture_WM_ERSP_HAD5_TN.npy,\\nasac-m2.unige.ch\m-HumanNeuronLab\ANALYSIS\FLM\Analysis_LoraFanda\01_FBM_Analysis\outputs\04_ersp_LM_RAWONLY\PAT_3455\LM\ERSP_matrix\reading\PAT_3455_reading_WM_ERSP_HAD5_TN.npy,2,0.28097418,2,PAT_3455|HAD5,0.1441387518006736,0.18462661142378353,0.17005011014020893,0.5011135129247422,3.677627661599489e-05,6.754635521882134e-15,3.4237433968883016e-05
543,PAT_3455,HAD6,HAD6,LM,concat,1,\\nasac-m2.unige.ch\m-HumanNeuronLab\ANALYSIS\FLM\Analysis_LoraFanda\01_FBM_Analysis\outputs\04_ersp_LM_RAWONLY\PAT_3455\LM\ERSP_matrix\audio\PAT_3455_audio_WM_ERSP_HAD6_TN.npy,\\nasac-m2.unige.ch\m-HumanNeuronLab\ANALYSIS\FLM\Analysis_LoraFanda\01_FBM_Analysis\outputs\04_ersp_LM_RAWONLY\PAT_3455\LM\ERSP_matrix\audio\PAT_3455_audio_WM_ERSP_HAD6_TN.npy,\\nasac-m2.unige.ch\m-HumanNeuronLab\ANALYSIS\FLM\Analysis_LoraFanda\01_FBM_Analysis\outputs\04_ersp_LM_RAWONLY\PAT_3455\LM\ERSP_matrix\picture\PAT_3455_picture_WM_ERSP_HAD6_TN.npy,\\nasac-m2.unige.ch\m-HumanNeuronLab\ANALYSIS\FLM\Analysis_LoraFanda\01_FBM_Analysis\outputs\04_ersp_LM_RAWONLY\PAT_3455\LM\ERSP_matrix\reading\PAT_3455_reading_WM_ERSP_HAD6_TN.npy,2,0.30475718,2,PAT_3455|HAD6,0.11402006291052987,0.17066943102788198,0.1432039215005608,0.5720784659556349,3.7986111095462034e-07,4.592964961817044e-11,2.7738698351776432e-05
544,PAT_3455,HAD7,HAD7,LM,concat,1,\\nasac-m2.unige.ch\m-HumanNeuronLab\ANALYSIS\FLM\Analysis_LoraFanda\01_FBM_Analysis\outputs\04_ersp_LM_RAWONLY\PAT_3455\LM\ERSP_matrix\audio\PAT_3455_audio_WM_ERSP_HAD7_TN.npy,\\nasac-m2.unige.ch\m-HumanNeuronLab\ANALYSIS\FLM\Analysis_LoraFanda\01_FBM_Analysis\outputs\04_ersp_LM_RAWONLY\PAT_3455\LM\ERSP_matrix\audio\PAT_3455_audio_WM_ERSP_HAD7_TN.npy,\\nasac-m2.unige.ch\m-HumanNeuronLab\ANALYSIS\FLM\Analysis_LoraFanda\01_FBM_Analysis\outputs\04_ersp_LM_RAWONLY\PAT_3455\LM\ERSP_matrix\picture\PAT_3455_picture_WM_ERSP_HAD7_TN.npy,\\nasac-m2.unige.ch\m-HumanNeuronLab\ANALYSIS\FLM\Analysis_LoraFanda\01_FBM_Analysis\outputs\04_ersp_LM_RAWONLY\PAT_3455\LM\ERSP_matrix\reading\PAT_3455_reading_WM_ERSP_HAD7_TN.npy,2,0.21286234,2,PAT_3455|HAD7,0.0275921971396156,0.1408253033507743,0.1909161846904987,0.6406659786322682,5.451837784834611e-27,1.0167886271124418e-24,3.3618684324747595e-07
545,PAT_3455,HAD8,HAD8,LM,concat,2,\\nasac-m2.unige.ch\m-HumanNeuronLab\ANALYSIS\FLM\Analysis_LoraFanda\01_FBM_Analysis\outputs\04_ersp_LM_RAWONLY\PAT_3455\LM\ERSP_matrix\audio\PAT_3455_audio_WM_ERSP_HAD8_TN.npy,\\nasac-m2.unige.ch\m-HumanNeuronLab\ANALYSIS\FLM\Analysis_LoraFanda\01_FBM_Analysis\outputs\04_ersp_LM_RAWONLY\PAT_3455\LM\ERSP_matrix\audio\PAT_3455_audio_WM_ERSP_HAD8_TN.npy,\\nasac-m2.unige.ch\m-HumanNeuronLab\ANALYSIS\FLM\Analysis_LoraFanda\01_FBM_Analysis\outputs\04_ersp_LM_RAWONLY\PAT_3455\LM\ERSP_matrix\picture\PAT_3455_picture_WM_ERSP_HAD8_TN.npy,\\nasac-m2.unige.ch\m-HumanNeuronLab\ANALYSIS\FLM\Analysis_LoraFanda\01_FBM_Analysis\outputs\04_ersp_LM_RAWONLY\PAT_3455\LM\ERSP_matrix\reading\PAT_3455_reading_WM_ERSP_HAD8_TN.npy,2,0.31463763,2,PAT_3455|HAD8,0.05869835686202006,0.10838284759872972,0.15544837104115503,0.6774675729762629,7.22370381435442e-15,1.0333143432279493e-12,2.851520791540379e-06
546,PAT_3455,HAD9,HAD9,LM,concat,2,\\nasac-m2.unige.ch\m-HumanNeuronLab\ANALYSIS\FLM\Analysis_LoraFanda\01_FBM_Analysis\outputs\04_ersp_LM_RAWONLY\PAT_3455\LM\ERSP_matrix\audio\PAT_3455_audio_WM_ERSP_HAD9_TN.npy,\\nasac-m2.unige.ch\m-HumanNeuronLab\ANALYSIS\FLM\Analysis_LoraFanda\01_FBM_Analysis\outputs\04_ersp_LM_RAWONLY\PAT_3455\LM\ERSP_matrix\audio\PAT_3455_audio_WM_ERSP_HAD9_TN.npy,\\nasac-m2.unige.ch\m-HumanNeuronLab\ANALYSIS\FLM\Analysis_LoraFanda\01_FBM_Analysis\outputs\04_ersp_LM_RAWONLY\PAT_3455\LM\ERSP_matrix\picture\PAT_3455_picture_WM_ERSP_HAD9_TN.npy,\\nasac-m2.unige.ch\m-HumanNeuronLab\ANALYSIS\FLM\Analysis_LoraFanda\01_FBM_Analysis\outputs\04_ersp_LM_RAWONLY\PAT_3455\LM\ERSP_matrix\reading\PAT_3455_reading_WM_ERSP_HAD9_TN.npy,2,0.33151448,2,PAT_3455|HAD9,0.11138057432588222,0.07962337908039183,0.16986974301864127,0.639122704534793,1.3132971829868868e-13,7.339562192743998e-10,3.5983062042625476e-06
547,PAT_3455,HPD10,HPD10,LM,concat,1,\\nasac-m2.unige.ch\m-HumanNeuronLab\ANALYSIS\FLM\Analysis_LoraFanda\01_FBM_Analysis\outputs\04_ersp_LM_RAWONLY\PAT_3455\LM\ERSP_matrix\audio\PAT_3455_audio_WM_ERSP_HPD10_TN.npy,\\nasac-m2.unige.ch\m-HumanNeuronLab\ANALYSIS\FLM\Analysis_LoraFanda\01_FBM_Analysis\outputs\04_ersp_LM_RAWONLY\PAT_3455\LM\ERSP_matrix\audio\PAT_3455_audio_WM_ERSP_HPD10_TN.npy,\\nasac-m2.unige.ch\m-HumanNeuronLab\ANALYSIS\FLM\Analysis_LoraFanda\01_FBM_Analysis\outputs\04_ersp_LM_RAWONLY\PAT_3455\LM\ERSP_matrix\picture\PAT_3455_picture_WM_ERSP_HPD10_TN.npy,\\nasac-m2.unige.ch\m-HumanNeuronLab\ANALYSIS\FLM\Analysis_LoraFanda\01_FBM_Analysis\outputs\04_ersp_LM_RAWONLY\PAT_3455\LM\ERSP_matrix\reading\PAT_3455_reading_WM_ERSP_HPD10_TN.npy,2,0.30181634,2,PAT_3455|HPD10,6.093736191391366e-09,0.10253490611034119,0.17489885937278118,0.7225623379077893,3.7997695171632573e-13,3.0213741320669647e-12,3.890511950697303e-06
548,PAT_3455,HPD4,HPD4,LM,concat,1,\\nasac-m2.unige.ch\m-HumanNeuronLab\ANALYSIS\FLM\Analysis_LoraFanda\01_FBM_Analysis\outputs\04_ersp_LM_RAWONLY\PAT_3455\LM\ERSP_matrix\audio\PAT_3455_audio_WM_ERSP_HPD4_TN.npy,\\nasac-m2.unige.ch\m-HumanNeuronLab\ANALYSIS\FLM\Analysis_LoraFanda\01_FBM_Analysis\outputs\04_ersp_LM_RAWONLY\PAT_3455\LM\ERSP_matrix\audio\PAT_3455_audio_WM_ERSP_HPD4_TN.npy,\\nasac-m2.unige.ch\m-HumanNeuronLab\ANALYSIS\FLM\Analysis_LoraFanda\01_FBM_Analysis\outputs\04_ersp_LM_RAWONLY\PAT_3455\LM\ERSP_matrix\picture\PAT_3455_picture_WM_ERSP_HPD4_TN.npy,\\nasac-m2.unige.ch\m-HumanNeuronLab\ANALYSIS\FLM\Analysis_LoraFanda\01_FBM_Analysis\outputs\04_ersp_LM_RAWONLY\PAT_3455\LM\ERSP_matrix\reading\PAT_3455_reading_WM_ERSP_HPD4_TN.npy,2,0.30955428,2,PAT_3455|HPD4,0.10361760332536667,0.17990357237727314,0.16463681216005138,0.5506162385171852,0.001068338282391095,2.8560051213024533e-13,0.00015743533744686942
549,PAT_3455,HPD6,HPD6,LM,concat,1,\\nasac-m2.unige.ch\m-HumanNeuronLab\ANALYSIS\FLM\Analysis_LoraFanda\01_FBM_Analysis\outputs\04_ersp_LM_RAWONLY\PAT_3455\LM\ERSP_matrix\audio\PAT_3455_audio_WM_ERSP_HPD6_TN.npy,\\nasac-m2.unige.ch\m-HumanNeuronLab\ANALYSIS\FLM\Analysis_LoraFanda\01_FBM_Analysis\outputs\04_ersp_LM_RAWONLY\PAT_3455\LM\ERSP_matrix\audio\PAT_3455_audio_WM_ERSP_HPD6_TN.npy,\\nasac-m2.unige.ch\m-HumanNeuronLab\ANALYSIS\FLM\Analysis_LoraFanda\01_FBM_Analysis\outputs\04_ersp_LM_RAWONLY\PAT_3455\LM\ERSP_matrix\picture\PAT_3455_picture_WM_ERSP_HPD6_TN.npy,\\nasac-m2.unige.ch\m-HumanNeuronLab\ANALYSIS\FLM\Analysis_LoraFanda\01_FBM_Analysis\outputs\04_ersp_LM_RAWONLY\PAT_3455\LM\ERSP_matrix\reading\PAT_3455_reading_WM_ERSP_HPD6_TN.npy,2,0.30742192,2,PAT_3455|HPD6,0.08111880867955659,0.1854583524945331,0.13837098039157758,0.5950304870143502,5.4045968689617905e-08,3.3855124902772795e-12,2.1317370628271013e-05
550,PAT_3455,HPD8,HPD8,LM,concat,1,\\nasac-m2.unige.ch\m-HumanNeuronLab\ANALYSIS\FLM\Analysis_LoraFanda\01_FBM_Analysis\outputs\04_ersp_LM_RAWONLY\PAT_3455\LM\ERSP_matrix\audio\PAT_3455_audio_WM_ERSP_HPD8_TN.npy,\\nasac-m2.unige.ch\m-HumanNeuronLab\ANALYSIS\FLM\Analysis_LoraFanda\01_FBM_Analysis\outputs\04_ersp_LM_RAWONLY\PAT_3455\LM\ERSP_matrix\audio\PAT_3455_audio_WM_ERSP_HPD8_TN.npy,\\nasac-m2.unige.ch\m-HumanNeuronLab\ANALYSIS\FLM\Analysis_LoraFanda\01_FBM_Analysis\outputs\04_ersp_LM_RAWONLY\PAT_3455\LM\ERSP_matrix\picture\PAT_3455_picture_WM_ERSP_HPD8_TN.npy,\\nasac-m2.unige.ch\m-HumanNeuronLab\ANALYSIS\FLM\Analysis_LoraFanda\01_FBM_Analysis\outputs\04_ersp_LM_RAWONLY\PAT_3455\LM\ERSP_matrix\reading\PAT_3455_reading_WM_ERSP_HPD8_TN.npy,2,0.29910725,2,PAT_3455|HPD8,0.08174418795382357,0.1497694015942121,0.12773484156025167,0.640734870529324,1.3804612844547968e-08,7.745502819720291e-09,1.6676812273259113e-05
551,PAT_3455,HPD9,HPD9,LM,concat,1,\\nasac-m2.unige.ch\m-HumanNeuronLab\ANALYSIS\FLM\Analysis_LoraFanda\01_FBM_Analysis\outputs\04_ersp_LM_RAWONLY\PAT_3455\LM\ERSP_matrix\audio\PAT_3455_audio_WM_ERSP_HPD9_TN.npy,\\nasac-m2.unige.ch\m-HumanNeuronLab\ANALYSIS\FLM\Analysis_LoraFanda\01_FBM_Analysis\outputs\04_ersp_LM_RAWONLY\PAT_3455\LM\ERSP_matrix\audio\PAT_3455_audio_WM_ERSP_HPD9_TN.npy,\\nasac-m2.unige.ch\m-HumanNeuronLab\ANALYSIS\FLM\Analysis_LoraFanda\01_FBM_Analysis\outputs\04_ersp_LM_RAWONLY\PAT_3455\LM\ERSP_matrix\picture\PAT_3455_picture_WM_ERSP_HPD9_TN.npy,\\nasac-m2.unige.ch\m-HumanNeuronLab\ANALYSIS\FLM\Analysis_LoraFanda\01_FBM_Analysis\outputs\04_ersp_LM_RAWONLY\PAT_3455\LM\ERSP_matrix\reading\PAT_3455_reading_WM_ERSP_HPD9_TN.npy,2,0.2998637,2,PAT_3455|HPD9,0.00033774406087436887,0.1487684084159106,0.15358938229684943,0.6972741794423014,5.638356810805318e-11,1.0134231566087657e-10,3.0285626338343307e-05
552,PAT_3455,IMD1,IMD1,LM,concat,1,\\nasac-m2.unige.ch\m-HumanNeuronLab\ANALYSIS\FLM\Analysis_LoraFanda\01_FBM_Analysis\outputs\04_ersp_LM_RAWONLY\PAT_3455\LM\ERSP_matrix\audio\PAT_3455_audio_WM_ERSP_IMD1_TN.npy,\\nasac-m2.unige.ch\m-HumanNeuronLab\ANALYSIS\FLM\Analysis_LoraFanda\01_FBM_Analysis\outputs\04_ersp_LM_RAWONLY\PAT_3455\LM\ERSP_matrix\audio\PAT_3455_audio_WM_ERSP_IMD1_TN.npy,\\nasac-m2.unige.ch\m-HumanNeuronLab\ANALYSIS\FLM\Analysis_LoraFanda\01_FBM_Analysis\outputs\04_ersp_LM_RAWONLY\PAT_3455\LM\ERSP_matrix\picture\PAT_3455_picture_WM_ERSP_IMD1_TN.npy,\\nasac-m2.unige.ch\m-HumanNeuronLab\ANALYSIS\FLM\Analysis_LoraFanda\01_FBM_Analysis\outputs\04_ersp_LM_RAWONLY\PAT_3455\LM\ERSP_matrix\reading\PAT_3455_reading_WM_ERSP_IMD1_TN.npy,2,-0.036431763,2,PAT_3455|IMD1,0.010723447999728164,0.2632191398658732,0.15981732546129793,0.28383471470956767,0.2822485254266057,4.898572940333579e-20,0.0001568465369271433
553,PAT_3455,IPD10,IPD10,LM,concat,1,\\nasac-m2.unige.ch\m-HumanNeuronLab\ANALYSIS\FLM\Analysis_LoraFanda\01_FBM_Analysis\outputs\04_ersp_LM_RAWONLY\PAT_3455\LM\ERSP_matrix\audio\PAT_3455_audio_WM_ERSP_IPD10_TN.npy,\\nasac-m2.unige.ch\m-HumanNeuronLab\ANALYSIS\FLM\Analysis_LoraFanda\01_FBM_Analysis\outputs\04_ersp_LM_RAWONLY\PAT_3455\LM\ERSP_matrix\audio\PAT_3455_audio_WM_ERSP_IPD10_TN.npy,\\nasac-m2.unige.ch\m-HumanNeuronLab\ANALYSIS\FLM\Analysis_LoraFanda\01_FBM_Analysis\outputs\04_ersp_LM_RAWONLY\PAT_3455\LM\ERSP_matrix\picture\PAT_3455_picture_WM_ERSP_IPD10_TN.npy,\\nasac-m2.unige.ch\m-HumanNeuronLab\ANALYSIS\FLM\Analysis_LoraFanda\01_FBM_Analysis\outputs\04_ersp_LM_RAWONLY\PAT_3455\LM\ERSP_matrix\reading\PAT_3455_reading_WM_ERSP_IPD10_TN.npy,1,0.21028902,1,PAT_3455|IPD10,0.17122664514485225,0.19478058923157301,0.365103094241459,6.950827949361694e-06,0.010436615907639446,1.1143387340438634e-17,0.25844610464652695
554,PAT_3455,OTD1,OTD1,LM,concat,3,\\nasac-m2.unige.ch\m-HumanNeuronLab\ANALYSIS\FLM\Analysis_LoraFanda\01_FBM_Analysis\outputs\04_ersp_LM_RAWONLY\PAT_3455\LM\ERSP_matrix\audio\PAT_3455_audio_WM_ERSP_OTD1_TN.npy,\\nasac-m2.unige.ch\m-HumanNeuronLab\ANALYSIS\FLM\Analysis_LoraFanda\01_FBM_Analysis\outputs\04_ersp_LM_RAWONLY\PAT_3455\LM\ERSP_matrix\audio\PAT_3455_audio_WM_ERSP_OTD1_TN.npy,\\nasac-m2.unige.ch\m-HumanNeuronLab\ANALYSIS\FLM\Analysis_LoraFanda\01_FBM_Analysis\outputs\04_ersp_LM_RAWONLY\PAT_3455\LM\ERSP_matrix\picture\PAT_3455_picture_WM_ERSP_OTD1_TN.npy,\\nasac-m2.unige.ch\m-HumanNeuronLab\ANALYSIS\FLM\Analysis_LoraFanda\01_FBM_Analysis\outputs\04_ersp_LM_RAWONLY\PAT_3455\LM\ERSP_matrix\reading\PAT_3455_reading_WM_ERSP_OTD1_TN.npy,4,0.06641548,4,PAT_3455|OTD1,0.10978966645269186,0.3865328594866227,0.20002290665773523,0.24172229673048226,0.061931588551047925,2.561700512645591e-15,6.821214174694161e-07
555,PAT_3455,OTD2,OTD2,LM,concat,3,\\nasac-m2.unige.ch\m-HumanNeuronLab\ANALYSIS\FLM\Analysis_LoraFanda\01_FBM_Analysis\outputs\04_ersp_LM_RAWONLY\PAT_3455\LM\ERSP_matrix\audio\PAT_3455_audio_WM_ERSP_OTD2_TN.npy,\\nasac-m2.unige.ch\m-HumanNeuronLab\ANALYSIS\FLM\Analysis_LoraFanda\01_FBM_Analysis\outputs\04_ersp_LM_RAWONLY\PAT_3455\LM\ERSP_matrix\audio\PAT_3455_audio_WM_ERSP_OTD2_TN.npy,\\nasac-m2.unige.ch\m-HumanNeuronLab\ANALYSIS\FLM\Analysis_LoraFanda\01_FBM_Analysis\outputs\04_ersp_LM_RAWONLY\PAT_3455\LM\ERSP_matrix\picture\PAT_3455_picture_WM_ERSP_OTD2_TN.npy,\\nasac-m2.unige.ch\m-HumanNeuronLab\ANALYSIS\FLM\Analysis_LoraFanda\01_FBM_Analysis\outputs\04_ersp_LM_RAWONLY\PAT_3455\LM\ERSP_matrix\reading\PAT_3455_reading_WM_ERSP_OTD2_TN.npy,4,0.12232108,4,PAT_3455|OTD2,0.09330337849087379,0.4648609618800378,0.18753644610050804,0.2542964260299937,2.7692249836785227e-06,7.354233995541123e-15,1.827359564175313e-08
556,PAT_3455,OTD3,OTD3,LM,concat,2,\\nasac-m2.unige.ch\m-HumanNeuronLab\ANALYSIS\FLM\Analysis_LoraFanda\01_FBM_Analysis\outputs\04_ersp_LM_RAWONLY\PAT_3455\LM\ERSP_matrix\audio\PAT_3455_audio_WM_ERSP_OTD3_TN.npy,\\nasac-m2.unige.ch\m-HumanNeuronLab\ANALYSIS\FLM\Analysis_LoraFanda\01_FBM_Analysis\outputs\04_ersp_LM_RAWONLY\PAT_3455\LM\ERSP_matrix\audio\PAT_3455_audio_WM_ERSP_OTD3_TN.npy,\\nasac-m2.unige.ch\m-HumanNeuronLab\ANALYSIS\FLM\Analysis_LoraFanda\01_FBM_Analysis\outputs\04_ersp_LM_RAWONLY\PAT_3455\LM\ERSP_matrix\picture\PAT_3455_picture_WM_ERSP_OTD3_TN.npy,\\nasac-m2.unige.ch\m-HumanNeuronLab\ANALYSIS\FLM\Analysis_LoraFanda\01_FBM_Analysis\outputs\04_ersp_LM_RAWONLY\PAT_3455\LM\ERSP_matrix\reading\PAT_3455_reading_WM_ERSP_OTD3_TN.npy,4,0.058796432,4,PAT_3455|OTD3,0.1086768501324856,0.45981428929112467,0.20638547553987005,0.2251134141714083,9.924466030409782e-06,1.9886332475848735e-15,4.639907906524932e-08
557,PAT_3455,OTD6,OTD6,LM,concat,2,\\nasac-m2.unige.ch\m-HumanNeuronLab\ANALYSIS\FLM\Analysis_LoraFanda\01_FBM_Analysis\outputs\04_ersp_LM_RAWONLY\PAT_3455\LM\ERSP_matrix\audio\PAT_3455_audio_WM_ERSP_OTD6_TN.npy,\\nasac-m2.unige.ch\m-HumanNeuronLab\ANALYSIS\FLM\Analysis_LoraFanda\01_FBM_Analysis\outputs\04_ersp_LM_RAWONLY\PAT_3455\LM\ERSP_matrix\audio\PAT_3455_audio_WM_ERSP_OTD6_TN.npy,\\nasac-m2.unige.ch\m-HumanNeuronLab\ANALYSIS\FLM\Analysis_LoraFanda\01_FBM_Analysis\outputs\04_ersp_LM_RAWONLY\PAT_3455\LM\ERSP_matrix\picture\PAT_3455_picture_WM_ERSP_OTD6_TN.npy,\\nasac-m2.unige.ch\m-HumanNeuronLab\ANALYSIS\FLM\Analysis_LoraFanda\01_FBM_Analysis\outputs\04_ersp_LM_RAWONLY\PAT_3455\LM\ERSP_matrix\reading\PAT_3455_reading_WM_ERSP_OTD6_TN.npy,4,-0.08232727,4,PAT_3455|OTD6,0.13005291875282396,0.41946460817428144,0.18594305603727107,0.26453934472094187,7.673238133905182e-09,3.0880637506847563e-12,6.463835559974905e-08
558,PAT_3455,OTD7,OTD7,LM,concat,3,\\nasac-m2.unige.ch\m-HumanNeuronLab\ANALYSIS\FLM\Analysis_LoraFanda\01_FBM_Analysis\outputs\04_ersp_LM_RAWONLY\PAT_3455\LM\ERSP_matrix\audio\PAT_3455_audio_WM_ERSP_OTD7_TN.npy,\\nasac-m2.unige.ch\m-HumanNeuronLab\ANALYSIS\FLM\Analysis_LoraFanda\01_FBM_Analysis\outputs\04_ersp_LM_RAWONLY\PAT_3455\LM\ERSP_matrix\audio\PAT_3455_audio_WM_ERSP_OTD7_TN.npy,\\nasac-m2.unige.ch\m-HumanNeuronLab\ANALYSIS\FLM\Analysis_LoraFanda\01_FBM_Analysis\outputs\04_ersp_LM_RAWONLY\PAT_3455\LM\ERSP_matrix\picture\PAT_3455_picture_WM_ERSP_OTD7_TN.npy,\\nasac-m2.unige.ch\m-HumanNeuronLab\ANALYSIS\FLM\Analysis_LoraFanda\01_FBM_Analysis\outputs\04_ersp_LM_RAWONLY\PAT_3455\LM\ERSP_matrix\reading\PAT_3455_reading_WM_ERSP_OTD7_TN.npy,4,0.14300576,4,PAT_3455|OTD7,0.15231231148257512,0.4651026244229844,0.15128068051565016,0.2313043834334579,2.6145320704632684e-14,1.4340426771700876e-17,1.4530613553866452e-10
559,PAT_3455,PHD1,PHD1,LM,concat,1,\\nasac-m2.unige.ch\m-HumanNeuronLab\ANALYSIS\FLM\Analysis_LoraFanda\01_FBM_Analysis\outputs\04_ersp_LM_RAWONLY\PAT_3455\LM\ERSP_matrix\audio\PAT_3455_audio_WM_ERSP_PHD1_TN.npy,\\nasac-m2.unige.ch\m-HumanNeuronLab\ANALYSIS\FLM\Analysis_LoraFanda\01_FBM_Analysis\outputs\04_ersp_LM_RAWONLY\PAT_3455\LM\ERSP_matrix\audio\PAT_3455_audio_WM_ERSP_PHD1_TN.npy,\\nasac-m2.unige.ch\m-HumanNeuronLab\ANALYSIS\FLM\Analysis_LoraFanda\01_FBM_Analysis\outputs\04_ersp_LM_RAWONLY\PAT_3455\LM\ERSP_matrix\picture\PAT_3455_picture_WM_ERSP_PHD1_TN.npy,\\nasac-m2.unige.ch\m-HumanNeuronLab\ANALYSIS\FLM\Analysis_LoraFanda\01_FBM_Analysis\outputs\04_ersp_LM_RAWONLY\PAT_3455\LM\ERSP_matrix\reading\PAT_3455_reading_WM_ERSP_PHD1_TN.npy,2,0.05629338,2,PAT_3455|PHD1,0.3251552687063599,0.09409442119094474,0.1566237540357027,0.40187376095022276,0.022183755465441383,5.609586677382849e-08,6.898355546179498e-05
560,PAT_3455,PHD10,PHD10,LM,concat,1,\\nasac-m2.unige.ch\m-HumanNeuronLab\ANALYSIS\FLM\Analysis_LoraFanda\01_FBM_Analysis\outputs\04_ersp_LM_RAWONLY\PAT_3455\LM\ERSP_matrix\audio\PAT_3455_audio_WM_ERSP_PHD10_TN.npy,\\nasac-m2.unige.ch\m-HumanNeuronLab\ANALYSIS\FLM\Analysis_LoraFanda\01_FBM_Analysis\outputs\04_ersp_LM_RAWONLY\PAT_3455\LM\ERSP_matrix\audio\PAT_3455_audio_WM_ERSP_PHD10_TN.npy,\\nasac-m2.unige.ch\m-HumanNeuronLab\ANALYSIS\FLM\Analysis_LoraFanda\01_FBM_Analysis\outputs\04_ersp_LM_RAWONLY\PAT_3455\LM\ERSP_matrix\picture\PAT_3455_picture_WM_ERSP_PHD10_TN.npy,\\nasac-m2.unige.ch\m-HumanNeuronLab\ANALYSIS\FLM\Analysis_LoraFanda\01_FBM_Analysis\outputs\04_ersp_LM_RAWONLY\PAT_3455\LM\ERSP_matrix\reading\PAT_3455_reading_WM_ERSP_PHD10_TN.npy,2,0.30138013,2,PAT_3455|PHD10,0.058942480569745534,0.1811589782099065,0.18887347803827773,0.5709611909549692,2.725314860573392e-06,3.5492700031065953e-10,6.114655731354177e-05
561,PAT_3455,PHD2,PHD2,LM,concat,1,\\nasac-m2.unige.ch\m-HumanNeuronLab\ANALYSIS\FLM\Analysis_LoraFanda\01_FBM_Analysis\outputs\04_ersp_LM_RAWONLY\PAT_3455\LM\ERSP_matrix\audio\PAT_3455_audio_WM_ERSP_PHD2_TN.npy,\\nasac-m2.unige.ch\m-HumanNeuronLab\ANALYSIS\FLM\Analysis_LoraFanda\01_FBM_Analysis\outputs\04_ersp_LM_RAWONLY\PAT_3455\LM\ERSP_matrix\audio\PAT_3455_audio_WM_ERSP_PHD2_TN.npy,\\nasac-m2.unige.ch\m-HumanNeuronLab\ANALYSIS\FLM\Analysis_LoraFanda\01_FBM_Analysis\outputs\04_ersp_LM_RAWONLY\PAT_3455\LM\ERSP_matrix\picture\PAT_3455_picture_WM_ERSP_PHD2_TN.npy,\\nasac-m2.unige.ch\m-HumanNeuronLab\ANALYSIS\FLM\Analysis_LoraFanda\01_FBM_Analysis\outputs\04_ersp_LM_RAWONLY\PAT_3455\LM\ERSP_matrix\reading\PAT_3455_reading_WM_ERSP_PHD2_TN.npy,2,-0.040496457,2,PAT_3455|PHD2,0.3668043715970672,0.13029064986176528,0.12614770622714594,0.3439135512667058,0.03275962295958269,3.672659541657445e-07,8.373082177880442e-05
562,PAT_3455,PHD7,PHD7,LM,concat,1,\\nasac-m2.unige.ch\m-HumanNeuronLab\ANALYSIS\FLM\Analysis_LoraFanda\01_FBM_Analysis\outputs\04_ersp_LM_RAWONLY\PAT_3455\LM\ERSP_matrix\audio\PAT_3455_audio_WM_ERSP_PHD7_TN.npy,\\nasac-m2.unige.ch\m-HumanNeuronLab\ANALYSIS\FLM\Analysis_LoraFanda\01_FBM_Analysis\outputs\04_ersp_LM_RAWONLY\PAT_3455\LM\ERSP_matrix\audio\PAT_3455_audio_WM_ERSP_PHD7_TN.npy,\\nasac-m2.unige.ch\m-HumanNeuronLab\ANALYSIS\FLM\Analysis_LoraFanda\01_FBM_Analysis\outputs\04_ersp_LM_RAWONLY\PAT_3455\LM\ERSP_matrix\picture\PAT_3455_picture_WM_ERSP_PHD7_TN.npy,\\nasac-m2.unige.ch\m-HumanNeuronLab\ANALYSIS\FLM\Analysis_LoraFanda\01_FBM_Analysis\outputs\04_ersp_LM_RAWONLY\PAT_3455\LM\ERSP_matrix\reading\PAT_3455_reading_WM_ERSP_PHD7_TN.npy,2,0.2881404,2,PAT_3455|PHD7,0.0774674250474188,0.212901105369086,0.15920513814128345,0.5503916153184821,1.1933584160304701e-09,2.4064039632316367e-18,3.4714930371085464e-05
563,PAT_3455,PHD8,PHD8,LM,concat,1,\\nasac-m2.unige.ch\m-HumanNeuronLab\ANALYSIS\FLM\Analysis_LoraFanda\01_FBM_Analysis\outputs\04_ersp_LM_RAWONLY\PAT_3455\LM\ERSP_matrix\audio\PAT_3455_audio_WM_ERSP_PHD8_TN.npy,\\nasac-m2.unige.ch\m-HumanNeuronLab\ANALYSIS\FLM\Analysis_LoraFanda\01_FBM_Analysis\outputs\04_ersp_LM_RAWONLY\PAT_3455\LM\ERSP_matrix\audio\PAT_3455_audio_WM_ERSP_PHD8_TN.npy,\\nasac-m2.unige.ch\m-HumanNeuronLab\ANALYSIS\FLM\Analysis_LoraFanda\01_FBM_Analysis\outputs\04_ersp_LM_RAWONLY\PAT_3455\LM\ERSP_matrix\picture\PAT_3455_picture_WM_ERSP_PHD8_TN.npy,\\nasac-m2.unige.ch\m-HumanNeuronLab\ANALYSIS\FLM\Analysis_LoraFanda\01_FBM_Analysis\outputs\04_ersp_LM_RAWONLY\PAT_3455\LM\ERSP_matrix\reading\PAT_3455_reading_WM_ERSP_PHD8_TN.npy,2,0.285907,2,PAT_3455|PHD8,0.09870485057923349,0.20163282522767756,0.16310068792717486,0.536533376892928,3.2314296274817513e-09,4.610553522796545e-15,2.8256141551948316e-05
564,PAT_3455,PHD9,PHD9,LM,concat,2,\\nasac-m2.unige.ch\m-HumanNeuronLab\ANALYSIS\FLM\Analysis_LoraFanda\01_FBM_Analysis\outputs\04_ersp_LM_RAWONLY\PAT_3455\LM\ERSP_matrix\audio\PAT_3455_audio_WM_ERSP_PHD9_TN.npy,\\nasac-m2.unige.ch\m-HumanNeuronLab\ANALYSIS\FLM\Analysis_LoraFanda\01_FBM_Analysis\outputs\04_ersp_LM_RAWONLY\PAT_3455\LM\ERSP_matrix\audio\PAT_3455_audio_WM_ERSP_PHD9_TN.npy,\\nasac-m2.unige.ch\m-HumanNeuronLab\ANALYSIS\FLM\Analysis_LoraFanda\01_FBM_Analysis\outputs\04_ersp_LM_RAWONLY\PAT_3455\LM\ERSP_matrix\picture\PAT_3455_picture_WM_ERSP_PHD9_TN.npy,\\nasac-m2.unige.ch\m-HumanNeuronLab\ANALYSIS\FLM\Analysis_LoraFanda\01_FBM_Analysis\outputs\04_ersp_LM_RAWONLY\PAT_3455\LM\ERSP_matrix\reading\PAT_3455_reading_WM_ERSP_PHD9_TN.npy,2,0.2949638,2,PAT_3455|PHD9,0.11150274465863078,0.1733764409189644,0.18120620931926315,0.5338792295007336,2.5913998628563843e-08,4.9182182872278064e-11,3.534963922731919e-05
565,PAT_3455,TOD11,TOD11,LM,concat,1,\\nasac-m2.unige.ch\m-HumanNeuronLab\ANALYSIS\FLM\Analysis_LoraFanda\01_FBM_Analysis\outputs\04_ersp_LM_RAWONLY\PAT_3455\LM\ERSP_matrix\audio\PAT_3455_audio_WM_ERSP_TOD11_TN.npy,\\nasac-m2.unige.ch\m-HumanNeuronLab\ANALYSIS\FLM\Analysis_LoraFanda\01_FBM_Analysis\outputs\04_ersp_LM_RAWONLY\PAT_3455\LM\ERSP_matrix\audio\PAT_3455_audio_WM_ERSP_TOD11_TN.npy,\\nasac-m2.unige.ch\m-HumanNeuronLab\ANALYSIS\FLM\Analysis_LoraFanda\01_FBM_Analysis\outputs\04_ersp_LM_RAWONLY\PAT_3455\LM\ERSP_matrix\picture\PAT_3455_picture_WM_ERSP_TOD11_TN.npy,\\nasac-m2.unige.ch\m-HumanNeuronLab\ANALYSIS\FLM\Analysis_LoraFanda\01_FBM_Analysis\outputs\04_ersp_LM_RAWONLY\PAT_3455\LM\ERSP_matrix\reading\PAT_3455_reading_WM_ERSP_TOD11_TN.npy,2,0.23146431,2,PAT_3455|TOD11,0.17956470306241806,0.12374782605682831,0.182790876468672,0.5136290058603741,0.00021984214480525485,1.1994373607090702e-10,4.774628695855344e-05
566,PAT_3455,TOD12,TOD12,LM,concat,2,\\nasac-m2.unige.ch\m-HumanNeuronLab\ANALYSIS\FLM\Analysis_LoraFanda\01_FBM_Analysis\outputs\04_ersp_LM_RAWONLY\PAT_3455\LM\ERSP_matrix\audio\PAT_3455_audio_WM_ERSP_TOD12_TN.npy,\\nasac-m2.unige.ch\m-HumanNeuronLab\ANALYSIS\FLM\Analysis_LoraFanda\01_FBM_Analysis\outputs\04_ersp_LM_RAWONLY\PAT_3455\LM\ERSP_matrix\audio\PAT_3455_audio_WM_ERSP_TOD12_TN.npy,\\nasac-m2.unige.ch\m-HumanNeuronLab\ANALYSIS\FLM\Analysis_LoraFanda\01_FBM_Analysis\outputs\04_ersp_LM_RAWONLY\PAT_3455\LM\ERSP_matrix\picture\PAT_3455_picture_WM_ERSP_TOD12_TN.npy,\\nasac-m2.unige.ch\m-HumanNeuronLab\ANALYSIS\FLM\Analysis_LoraFanda\01_FBM_Analysis\outputs\04_ersp_LM_RAWONLY\PAT_3455\LM\ERSP_matrix\reading\PAT_3455_reading_WM_ERSP_TOD12_TN.npy,2,0.24811292,2,PAT_3455|TOD12,0.16885602567249255,0.14044034021163643,0.16351573102441241,0.40265154304495787,0.12429615805407389,3.9001821998878814e-11,0.00024020195342499686
567,PAT_3455,TOD4,TOD4,LM,concat,1,\\nasac-m2.unige.ch\m-HumanNeuronLab\ANALYSIS\FLM\Analysis_LoraFanda\01_FBM_Analysis\outputs\04_ersp_LM_RAWONLY\PAT_3455\LM\ERSP_matrix\audio\PAT_3455_audio_WM_ERSP_TOD4_TN.npy,\\nasac-m2.unige.ch\m-HumanNeuronLab\ANALYSIS\FLM\Analysis_LoraFanda\01_FBM_Analysis\outputs\04_ersp_LM_RAWONLY\PAT_3455\LM\ERSP_matrix\audio\PAT_3455_audio_WM_ERSP_TOD4_TN.npy,\\nasac-m2.unige.ch\m-HumanNeuronLab\ANALYSIS\FLM\Analysis_LoraFanda\01_FBM_Analysis\outputs\04_ersp_LM_RAWONLY\PAT_3455\LM\ERSP_matrix\picture\PAT_3455_picture_WM_ERSP_TOD4_TN.npy,\\nasac-m2.unige.ch\m-HumanNeuronLab\ANALYSIS\FLM\Analysis_LoraFanda\01_FBM_Analysis\outputs\04_ersp_LM_RAWONLY\PAT_3455\LM\ERSP_matrix\reading\PAT_3455_reading_WM_ERSP_TOD4_TN.npy,2,0.2802163,2,PAT_3455|TOD4,0.17582188481981284,0.17048282744814908,0.12683781389675935,0.4488371038896147,0.07793624445300439,1.1085472372467352e-10,8.412538180485601e-05
568,PAT_3455,TOD7,TOD7,LM,concat,1,\\nasac-m2.unige.ch\m-HumanNeuronLab\ANALYSIS\FLM\Analysis_LoraFanda\01_FBM_Analysis\outputs\04_ersp_LM_RAWONLY\PAT_3455\LM\ERSP_matrix\audio\PAT_3455_audio_WM_ERSP_TOD7_TN.npy,\\nasac-m2.unige.ch\m-HumanNeuronLab\ANALYSIS\FLM\Analysis_LoraFanda\01_FBM_Analysis\outputs\04_ersp_LM_RAWONLY\PAT_3455\LM\ERSP_matrix\audio\PAT_3455_audio_WM_ERSP_TOD7_TN.npy,\\nasac-m2.unige.ch\m-HumanNeuronLab\ANALYSIS\FLM\Analysis_LoraFanda\01_FBM_Analysis\outputs\04_ersp_LM_RAWONLY\PAT_3455\LM\ERSP_matrix\picture\PAT_3455_picture_WM_ERSP_TOD7_TN.npy,\\nasac-m2.unige.ch\m-HumanNeuronLab\ANALYSIS\FLM\Analysis_LoraFanda\01_FBM_Analysis\outputs\04_ersp_LM_RAWONLY\PAT_3455\LM\ERSP_matrix\reading\PAT_3455_reading_WM_ERSP_TOD7_TN.npy,2,0.17995514,2,PAT_3455|TOD7,0.24158855785501152,0.21382189429803655,0.08647875982954294,0.4580717205134533,7.131527678161276e-09,3.068080717093155e-14,3.9060372397498494e-05
569,PAT_3455,TSP1,TSP1,LM,concat,1,\\nasac-m2.unige.ch\m-HumanNeuronLab\ANALYSIS\FLM\Analysis_LoraFanda\01_FBM_Analysis\outputs\04_ersp_LM_RAWONLY\PAT_3455\LM\ERSP_matrix\audio\PAT_3455_audio_WM_ERSP_TSP1_TN.npy,\\nasac-m2.unige.ch\m-HumanNeuronLab\ANALYSIS\FLM\Analysis_LoraFanda\01_FBM_Analysis\outputs\04_ersp_LM_RAWONLY\PAT_3455\LM\ERSP_matrix\audio\PAT_3455_audio_WM_ERSP_TSP1_TN.npy,\\nasac-m2.unige.ch\m-HumanNeuronLab\ANALYSIS\FLM\Analysis_LoraFanda\01_FBM_Analysis\outputs\04_ersp_LM_RAWONLY\PAT_3455\LM\ERSP_matrix\picture\PAT_3455_picture_WM_ERSP_TSP1_TN.npy,\\nasac-m2.unige.ch\m-HumanNeuronLab\ANALYSIS\FLM\Analysis_LoraFanda\01_FBM_Analysis\outputs\04_ersp_LM_RAWONLY\PAT_3455\LM\ERSP_matrix\reading\PAT_3455_reading_WM_ERSP_TSP1_TN.npy,2,0.27166927,2,PAT_3455|TSP1,0.15560185270998111,0.1915749649335581,0.15646806309924047,0.4405051722520287,0.05582930837008375,5.105987362802713e-08,2.0587575234159227e-05
570,PAT_3455,TSP2,TSP2,LM,concat,1,\\nasac-m2.unige.ch\m-HumanNeuronLab\ANALYSIS\FLM\Analysis_LoraFanda\01_FBM_Analysis\outputs\04_ersp_LM_RAWONLY\PAT_3455\LM\ERSP_matrix\audio\PAT_3455_audio_WM_ERSP_TSP2_TN.npy,\\nasac-m2.unige.ch\m-HumanNeuronLab\ANALYSIS\FLM\Analysis_LoraFanda\01_FBM_Analysis\outputs\04_ersp_LM_RAWONLY\PAT_3455\LM\ERSP_matrix\audio\PAT_3455_audio_WM_ERSP_TSP2_TN.npy,\\nasac-m2.unige.ch\m-HumanNeuronLab\ANALYSIS\FLM\Analysis_LoraFanda\01_FBM_Analysis\outputs\04_ersp_LM_RAWONLY\PAT_3455\LM\ERSP_matrix\picture\PAT_3455_picture_WM_ERSP_TSP2_TN.npy,\\nasac-m2.unige.ch\m-HumanNeuronLab\ANALYSIS\FLM\Analysis_LoraFanda\01_FBM_Analysis\outputs\04_ersp_LM_RAWONLY\PAT_3455\LM\ERSP_matrix\reading\PAT_3455_reading_WM_ERSP_TSP2_TN.npy,2,0.20467846,2,PAT_3455|TSP2,0.11095464691766438,0.2763191779254667,0.16649056329898748,0.3866858063164441,0.059543158636821705,7.422162996514288e-10,6.646162399262463e-06
571,PAT_3455,TSP7,TSP7,LM,concat,3,\\nasac-m2.unige.ch\m-HumanNeuronLab\ANALYSIS\FLM\Analysis_LoraFanda\01_FBM_Analysis\outputs\04_ersp_LM_RAWONLY\PAT_3455\LM\ERSP_matrix\audio\PAT_3455_audio_WM_ERSP_TSP7_TN.npy,\\nasac-m2.unige.ch\m-HumanNeuronLab\ANALYSIS\FLM\Analysis_LoraFanda\01_FBM_Analysis\outputs\04_ersp_LM_RAWONLY\PAT_3455\LM\ERSP_matrix\audio\PAT_3455_audio_WM_ERSP_TSP7_TN.npy,\\nasac-m2.unige.ch\m-HumanNeuronLab\ANALYSIS\FLM\Analysis_LoraFanda\01_FBM_Analysis\outputs\04_ersp_LM_RAWONLY\PAT_3455\LM\ERSP_matrix\picture\PAT_3455_picture_WM_ERSP_TSP7_TN.npy,\\nasac-m2.unige.ch\m-HumanNeuronLab\ANALYSIS\FLM\Analysis_LoraFanda\01_FBM_Analysis\outputs\04_ersp_LM_RAWONLY\PAT_3455\LM\ERSP_matrix\reading\PAT_3455_reading_WM_ERSP_TSP7_TN.npy,2,0.0972253,2,PAT_3455|TSP7,0.164522874628904,0.2840407514435781,0.14531013483558552,0.3543697675304969,0.051552789413420244,1.2891878219154741e-05,0.00019079026979596276
572,PAT_3455,TSP8,TSP8,LM,concat,3,\\nasac-m2.unige.ch\m-HumanNeuronLab\ANALYSIS\FLM\Analysis_LoraFanda\01_FBM_Analysis\outputs\04_ersp_LM_RAWONLY\PAT_3455\LM\ERSP_matrix\audio\PAT_3455_audio_WM_ERSP_TSP8_TN.npy,\\nasac-m2.unige.ch\m-HumanNeuronLab\ANALYSIS\FLM\Analysis_LoraFanda\01_FBM_Analysis\outputs\04_ersp_LM_RAWONLY\PAT_3455\LM\ERSP_matrix\audio\PAT_3455_audio_WM_ERSP_TSP8_TN.npy,\\nasac-m2.unige.ch\m-HumanNeuronLab\ANALYSIS\FLM\Analysis_LoraFanda\01_FBM_Analysis\outputs\04_ersp_LM_RAWONLY\PAT_3455\LM\ERSP_matrix\picture\PAT_3455_picture_WM_ERSP_TSP8_TN.npy,\\nasac-m2.unige.ch\m-HumanNeuronLab\ANALYSIS\FLM\Analysis_LoraFanda\01_FBM_Analysis\outputs\04_ersp_LM_RAWONLY\PAT_3455\LM\ERSP_matrix\reading\PAT_3455_reading_WM_ERSP_TSP8_TN.npy,2,0.14735927,2,PAT_3455|TSP8,0.18917181949890793,0.25399789918137716,0.13548930204006793,0.37149800483849205,0.04886528192090868,0.0009527712520840902,2.492126816207531e-05
573,PAT_3780,FAP1,FAP1,LM,concat,1,\\nasac-m2.unige.ch\m-HumanNeuronLab\ANALYSIS\FLM\Analysis_LoraFanda\01_FBM_Analysis\outputs\04_ersp_LM_RAWONLY\PAT_3780\LM\ERSP_matrix\audio\PAT_3780_audio_WM_ERSP_FAP1_TN.npy,\\nasac-m2.unige.ch\m-HumanNeuronLab\ANALYSIS\FLM\Analysis_LoraFanda\01_FBM_Analysis\outputs\04_ersp_LM_RAWONLY\PAT_3780\LM\ERSP_matrix\audio\PAT_3780_audio_WM_ERSP_FAP1_TN.npy,\\nasac-m2.unige.ch\m-HumanNeuronLab\ANALYSIS\FLM\Analysis_LoraFanda\01_FBM_Analysis\outputs\04_ersp_LM_RAWONLY\PAT_3780\LM\ERSP_matrix\picture\PAT_3780_picture_WM_ERSP_FAP1_TN.npy,\\nasac-m2.unige.ch\m-HumanNeuronLab\ANALYSIS\FLM\Analysis_LoraFanda\01_FBM_Analysis\outputs\04_ersp_LM_RAWONLY\PAT_3780\LM\ERSP_matrix\reading\PAT_3780_reading_WM_ERSP_FAP1_TN.npy,1,0.2973327,1,PAT_3780|FAP1,0.13103685361158954,7.621770324004524e-05,0.6864396582319195,0.015061870134335556,0.08196670732836508,0.0736991105038123,0.011719582486738015
574,PAT_3780,FAP2,FAP2,LM,concat,1,\\nasac-m2.unige.ch\m-HumanNeuronLab\ANALYSIS\FLM\Analysis_LoraFanda\01_FBM_Analysis\outputs\04_ersp_LM_RAWONLY\PAT_3780\LM\ERSP_matrix\audio\PAT_3780_audio_WM_ERSP_FAP2_TN.npy,\\nasac-m2.unige.ch\m-HumanNeuronLab\ANALYSIS\FLM\Analysis_LoraFanda\01_FBM_Analysis\outputs\04_ersp_LM_RAWONLY\PAT_3780\LM\ERSP_matrix\audio\PAT_3780_audio_WM_ERSP_FAP2_TN.npy,\\nasac-m2.unige.ch\m-HumanNeuronLab\ANALYSIS\FLM\Analysis_LoraFanda\01_FBM_Analysis\outputs\04_ersp_LM_RAWONLY\PAT_3780\LM\ERSP_matrix\picture\PAT_3780_picture_WM_ERSP_FAP2_TN.npy,\\nasac-m2.unige.ch\m-HumanNeuronLab\ANALYSIS\FLM\Analysis_LoraFanda\01_FBM_Analysis\outputs\04_ersp_LM_RAWONLY\PAT_3780\LM\ERSP_matrix\reading\PAT_3780_reading_WM_ERSP_FAP2_TN.npy,1,0.26104534,1,PAT_3780|FAP2,0.014252534993118553,0.011853373351352852,0.7872491180873559,0.000946859484845344,0.03750639966977638,0.10207692860335427,0.04611478581019662
575,PAT_3780,FAP3,FAP3,LM,concat,1,\\nasac-m2.unige.ch\m-HumanNeuronLab\ANALYSIS\FLM\Analysis_LoraFanda\01_FBM_Analysis\outputs\04_ersp_LM_RAWONLY\PAT_3780\LM\ERSP_matrix\audio\PAT_3780_audio_WM_ERSP_FAP3_TN.npy,\\nasac-m2.unige.ch\m-HumanNeuronLab\ANALYSIS\FLM\Analysis_LoraFanda\01_FBM_Analysis\outputs\04_ersp_LM_RAWONLY\PAT_3780\LM\ERSP_matrix\audio\PAT_3780_audio_WM_ERSP_FAP3_TN.npy,\\nasac-m2.unige.ch\m-HumanNeuronLab\ANALYSIS\FLM\Analysis_LoraFanda\01_FBM_Analysis\outputs\04_ersp_LM_RAWONLY\PAT_3780\LM\ERSP_matrix\picture\PAT_3780_picture_WM_ERSP_FAP3_TN.npy,\\nasac-m2.unige.ch\m-HumanNeuronLab\ANALYSIS\FLM\Analysis_LoraFanda\01_FBM_Analysis\outputs\04_ersp_LM_RAWONLY\PAT_3780\LM\ERSP_matrix\reading\PAT_3780_reading_WM_ERSP_FAP3_TN.npy,1,0.2868341,1,PAT_3780|FAP3,4.972144438421576e-10,4.311200073345944e-05,0.791584260068872,0.07141709746587235,0.06871747210617055,0.04670402517183848,0.021534032689298648
576,PAT_3780,FAP4,FAP4,LM,concat,1,\\nasac-m2.unige.ch\m-HumanNeuronLab\ANALYSIS\FLM\Analysis_LoraFanda\01_FBM_Analysis\outputs\04_ersp_LM_RAWONLY\PAT_3780\LM\ERSP_matrix\audio\PAT_3780_audio_WM_ERSP_FAP4_TN.npy,\\nasac-m2.unige.ch\m-HumanNeuronLab\ANALYSIS\FLM\Analysis_LoraFanda\01_FBM_Analysis\outputs\04_ersp_LM_RAWONLY\PAT_3780\LM\ERSP_matrix\audio\PAT_3780_audio_WM_ERSP_FAP4_TN.npy,\\nasac-m2.unige.ch\m-HumanNeuronLab\ANALYSIS\FLM\Analysis_LoraFanda\01_FBM_Analysis\outputs\04_ersp_LM_RAWONLY\PAT_3780\LM\ERSP_matrix\picture\PAT_3780_picture_WM_ERSP_FAP4_TN.npy,\\nasac-m2.unige.ch\m-HumanNeuronLab\ANALYSIS\FLM\Analysis_LoraFanda\01_FBM_Analysis\outputs\04_ersp_LM_RAWONLY\PAT_3780\LM\ERSP_matrix\reading\PAT_3780_reading_WM_ERSP_FAP4_TN.npy,1,0.30403793,1,PAT_3780|FAP4,0.037197123395169236,2.140002779372665e-09,0.7112717925078417,0.09039572411277172,7.598764724417938e-08,0.15605151106507023,0.005083770791496929
577,PAT_3780,FAP5,FAP5,LM,concat,1,\\nasac-m2.unige.ch\m-HumanNeuronLab\ANALYSIS\FLM\Analysis_LoraFanda\01_FBM_Analysis\outputs\04_ersp_LM_RAWONLY\PAT_3780\LM\ERSP_matrix\audio\PAT_3780_audio_WM_ERSP_FAP5_TN.npy,\\nasac-m2.unige.ch\m-HumanNeuronLab\ANALYSIS\FLM\Analysis_LoraFanda\01_FBM_Analysis\outputs\04_ersp_LM_RAWONLY\PAT_3780\LM\ERSP_matrix\audio\PAT_3780_audio_WM_ERSP_FAP5_TN.npy,\\nasac-m2.unige.ch\m-HumanNeuronLab\ANALYSIS\FLM\Analysis_LoraFanda\01_FBM_Analysis\outputs\04_ersp_LM_RAWONLY\PAT_3780\LM\ERSP_matrix\picture\PAT_3780_picture_WM_ERSP_FAP5_TN.npy,\\nasac-m2.unige.ch\m-HumanNeuronLab\ANALYSIS\FLM\Analysis_LoraFanda\01_FBM_Analysis\outputs\04_ersp_LM_RAWONLY\PAT_3780\LM\ERSP_matrix\reading\PAT_3780_reading_WM_ERSP_FAP5_TN.npy,1,0.31674236,1,PAT_3780|FAP5,0.03533535749710725,1.085563777997785e-12,0.6813936052037834,0.11103008461882267,2.07825709671995e-10,0.16928187482304347,0.002959077648332057
578,PAT_3780,FAP6,FAP6,LM,concat,1,\\nasac-m2.unige.ch\m-HumanNeuronLab\ANALYSIS\FLM\Analysis_LoraFanda\01_FBM_Analysis\outputs\04_ersp_LM_RAWONLY\PAT_3780\LM\ERSP_matrix\audio\PAT_3780_audio_WM_ERSP_FAP6_TN.npy,\\nasac-m2.unige.ch\m-HumanNeuronLab\ANALYSIS\FLM\Analysis_LoraFanda\01_FBM_Analysis\outputs\04_ersp_LM_RAWONLY\PAT_3780\LM\ERSP_matrix\audio\PAT_3780_audio_WM_ERSP_FAP6_TN.npy,\\nasac-m2.unige.ch\m-HumanNeuronLab\ANALYSIS\FLM\Analysis_LoraFanda\01_FBM_Analysis\outputs\04_ersp_LM_RAWONLY\PAT_3780\LM\ERSP_matrix\picture\PAT_3780_picture_WM_ERSP_FAP6_TN.npy,\\nasac-m2.unige.ch\m-HumanNeuronLab\ANALYSIS\FLM\Analysis_LoraFanda\01_FBM_Analysis\outputs\04_ersp_LM_RAWONLY\PAT_3780\LM\ERSP_matrix\reading\PAT_3780_reading_WM_ERSP_FAP6_TN.npy,1,0.26422617,1,PAT_3780|FAP6,0.10769133605934313,1.0064125676725852e-17,0.5729353094564845,0.168015778831098,4.497898817106454e-13,0.15135637184490977,1.2038077148238876e-06
579,PAT_3780,FAP7,FAP7,LM,concat,1,\\nasac-m2.unige.ch\m-HumanNeuronLab\ANALYSIS\FLM\Analysis_LoraFanda\01_FBM_Analysis\outputs\04_ersp_LM_RAWONLY\PAT_3780\LM\ERSP_matrix\audio\PAT_3780_audio_WM_ERSP_FAP7_TN.npy,\\nasac-m2.unige.ch\m-HumanNeuronLab\ANALYSIS\FLM\Analysis_LoraFanda\01_FBM_Analysis\outputs\04_ersp_LM_RAWONLY\PAT_3780\LM\ERSP_matrix\audio\PAT_3780_audio_WM_ERSP_FAP7_TN.npy,\\nasac-m2.unige.ch\m-HumanNeuronLab\ANALYSIS\FLM\Analysis_LoraFanda\01_FBM_Analysis\outputs\04_ersp_LM_RAWONLY\PAT_3780\LM\ERSP_matrix\picture\PAT_3780_picture_WM_ERSP_FAP7_TN.npy,\\nasac-m2.unige.ch\m-HumanNeuronLab\ANALYSIS\FLM\Analysis_LoraFanda\01_FBM_Analysis\outputs\04_ersp_LM_RAWONLY\PAT_3780\LM\ERSP_matrix\reading\PAT_3780_reading_WM_ERSP_FAP7_TN.npy,1,0.2674133,1,PAT_3780|FAP7,0.09074533014308822,1.0007188573645244e-15,0.593331296329716,0.174833113956669,2.357161282048559e-12,0.1410882736345663,1.985933602151475e-06
580,PAT_3780,FAP8,FAP8,LM,concat,1,\\nasac-m2.unige.ch\m-HumanNeuronLab\ANALYSIS\FLM\Analysis_LoraFanda\01_FBM_Analysis\outputs\04_ersp_LM_RAWONLY\PAT_3780\LM\ERSP_matrix\audio\PAT_3780_audio_WM_ERSP_FAP8_TN.npy,\\nasac-m2.unige.ch\m-HumanNeuronLab\ANALYSIS\FLM\Analysis_LoraFanda\01_FBM_Analysis\outputs\04_ersp_LM_RAWONLY\PAT_3780\LM\ERSP_matrix\audio\PAT_3780_audio_WM_ERSP_FAP8_TN.npy,\\nasac-m2.unige.ch\m-HumanNeuronLab\ANALYSIS\FLM\Analysis_LoraFanda\01_FBM_Analysis\outputs\04_ersp_LM_RAWONLY\PAT_3780\LM\ERSP_matrix\picture\PAT_3780_picture_WM_ERSP_FAP8_TN.npy,\\nasac-m2.unige.ch\m-HumanNeuronLab\ANALYSIS\FLM\Analysis_LoraFanda\01_FBM_Analysis\outputs\04_ersp_LM_RAWONLY\PAT_3780\LM\ERSP_matrix\reading\PAT_3780_reading_WM_ERSP_FAP8_TN.npy,1,0.27030018,1,PAT_3780|FAP8,0.09236419335227142,2.2163949265310355e-17,0.639251620374575,0.15495129208881217,3.9696626664219376e-11,0.11342903447997871,3.859664666106609e-06
581,PAT_3780,FLA1,FLA1,LM,concat,1,\\nasac-m2.unige.ch\m-HumanNeuronLab\ANALYSIS\FLM\Analysis_LoraFanda\01_FBM_Analysis\outputs\04_ersp_LM_RAWONLY\PAT_3780\LM\ERSP_matrix\audio\PAT_3780_audio_WM_ERSP_FLA1_TN.npy,\\nasac-m2.unige.ch\m-HumanNeuronLab\ANALYSIS\FLM\Analysis_LoraFanda\01_FBM_Analysis\outputs\04_ersp_LM_RAWONLY\PAT_3780\LM\ERSP_matrix\audio\PAT_3780_audio_WM_ERSP_FLA1_TN.npy,\\nasac-m2.unige.ch\m-HumanNeuronLab\ANALYSIS\FLM\Analysis_LoraFanda\01_FBM_Analysis\outputs\04_ersp_LM_RAWONLY\PAT_3780\LM\ERSP_matrix\picture\PAT_3780_picture_WM_ERSP_FLA1_TN.npy,\\nasac-m2.unige.ch\m-HumanNeuronLab\ANALYSIS\FLM\Analysis_LoraFanda\01_FBM_Analysis\outputs\04_ersp_LM_RAWONLY\PAT_3780\LM\ERSP_matrix\reading\PAT_3780_reading_WM_ERSP_FLA1_TN.npy,1,0.3071458,1,PAT_3780|FLA1,1.987763501659321e-06,1.3784071805480102e-11,0.7629983307798703,0.11099279368540839,1.2445885774353248e-12,0.1259239221208232,8.296563536776411e-05
582,PAT_3780,FLA2,FLA2,LM,concat,1,\\nasac-m2.unige.ch\m-HumanNeuronLab\ANALYSIS\FLM\Analysis_LoraFanda\01_FBM_Analysis\outputs\04_ersp_LM_RAWONLY\PAT_3780\LM\ERSP_matrix\audio\PAT_3780_audio_WM_ERSP_FLA2_TN.npy,\\nasac-m2.unige.ch\m-HumanNeuronLab\ANALYSIS\FLM\Analysis_LoraFanda\01_FBM_Analysis\outputs\04_ersp_LM_RAWONLY\PAT_3780\LM\ERSP_matrix\audio\PAT_3780_audio_WM_ERSP_FLA2_TN.npy,\\nasac-m2.unige.ch\m-HumanNeuronLab\ANALYSIS\FLM\Analysis_LoraFanda\01_FBM_Analysis\outputs\04_ersp_LM_RAWONLY\PAT_3780\LM\ERSP_matrix\picture\PAT_3780_picture_WM_ERSP_FLA2_TN.npy,\\nasac-m2.unige.ch\m-HumanNeuronLab\ANALYSIS\FLM\Analysis_LoraFanda\01_FBM_Analysis\outputs\04_ersp_LM_RAWONLY\PAT_3780\LM\ERSP_matrix\reading\PAT_3780_reading_WM_ERSP_FLA2_TN.npy,1,0.30573028,1,PAT_3780|FLA2,0.09569150278737455,0.00014019374762666703,0.6158952621789012,0.13374870808277695,5.330728288857605e-10,0.1504957659287434,0.004028566741504306
583,PAT_3780,FLA3,FLA3,LM,concat,1,\\nasac-m2.unige.ch\m-HumanNeuronLab\ANALYSIS\FLM\Analysis_LoraFanda\01_FBM_Analysis\outputs\04_ersp_LM_RAWONLY\PAT_3780\LM\ERSP_matrix\audio\PAT_3780_audio_WM_ERSP_FLA3_TN.npy,\\nasac-m2.unige.ch\m-HumanNeuronLab\ANALYSIS\FLM\Analysis_LoraFanda\01_FBM_Analysis\outputs\04_ersp_LM_RAWONLY\PAT_3780\LM\ERSP_matrix\audio\PAT_3780_audio_WM_ERSP_FLA3_TN.npy,\\nasac-m2.unige.ch\m-HumanNeuronLab\ANALYSIS\FLM\Analysis_LoraFanda\01_FBM_Analysis\outputs\04_ersp_LM_RAWONLY\PAT_3780\LM\ERSP_matrix\picture\PAT_3780_picture_WM_ERSP_FLA3_TN.npy,\\nasac-m2.unige.ch\m-HumanNeuronLab\ANALYSIS\FLM\Analysis_LoraFanda\01_FBM_Analysis\outputs\04_ersp_LM_RAWONLY\PAT_3780\LM\ERSP_matrix\reading\PAT_3780_reading_WM_ERSP_FLA3_TN.npy,1,0.3163376,1,PAT_3780|FLA3,0.14771237327869455,1.1179253212293551e-09,0.5566040509590667,0.15312988968407024,6.104847446843432e-11,0.14212808979151897,0.0004255951076755348
584,PAT_3780,FLA4,FLA4,LM,concat,1,\\nasac-m2.unige.ch\m-HumanNeuronLab\ANALYSIS\FLM\Analysis_LoraFanda\01_FBM_Analysis\outputs\04_ersp_LM_RAWONLY\PAT_3780\LM\ERSP_matrix\audio\PAT_3780_audio_WM_ERSP_FLA4_TN.npy,\\nasac-m2.unige.ch\m-HumanNeuronLab\ANALYSIS\FLM\Analysis_LoraFanda\01_FBM_Analysis\outputs\04_ersp_LM_RAWONLY\PAT_3780\LM\ERSP_matrix\audio\PAT_3780_audio_WM_ERSP_FLA4_TN.npy,\\nasac-m2.unige.ch\m-HumanNeuronLab\ANALYSIS\FLM\Analysis_LoraFanda\01_FBM_Analysis\outputs\04_ersp_LM_RAWONLY\PAT_3780\LM\ERSP_matrix\picture\PAT_3780_picture_WM_ERSP_FLA4_TN.npy,\\nasac-m2.unige.ch\m-HumanNeuronLab\ANALYSIS\FLM\Analysis_LoraFanda\01_FBM_Analysis\outputs\04_ersp_LM_RAWONLY\PAT_3780\LM\ERSP_matrix\reading\PAT_3780_reading_WM_ERSP_FLA4_TN.npy,1,0.33607706,1,PAT_3780|FLA4,0.10198419404658425,0.0010637977509450928,0.5344653621050484,0.11772338728301089,3.7925192825540474e-05,0.20129980647541346,0.04342552714617245
585,PAT_3780,FLA5,FLA5,LM,concat,1,\\nasac-m2.unige.ch\m-HumanNeuronLab\ANALYSIS\FLM\Analysis_LoraFanda\01_FBM_Analysis\outputs\04_ersp_LM_RAWONLY\PAT_3780\LM\ERSP_matrix\audio\PAT_3780_audio_WM_ERSP_FLA5_TN.npy,\\nasac-m2.unige.ch\m-HumanNeuronLab\ANALYSIS\FLM\Analysis_LoraFanda\01_FBM_Analysis\outputs\04_ersp_LM_RAWONLY\PAT_3780\LM\ERSP_matrix\audio\PAT_3780_audio_WM_ERSP_FLA5_TN.npy,\\nasac-m2.unige.ch\m-HumanNeuronLab\ANALYSIS\FLM\Analysis_LoraFanda\01_FBM_Analysis\outputs\04_ersp_LM_RAWONLY\PAT_3780\LM\ERSP_matrix\picture\PAT_3780_picture_WM_ERSP_FLA5_TN.npy,\\nasac-m2.unige.ch\m-HumanNeuronLab\ANALYSIS\FLM\Analysis_LoraFanda\01_FBM_Analysis\outputs\04_ersp_LM_RAWONLY\PAT_3780\LM\ERSP_matrix\reading\PAT_3780_reading_WM_ERSP_FLA5_TN.npy,1,0.29828864,1,PAT_3780|FLA5,0.07034835926361425,8.80024849401344e-15,0.5456606485207958,0.181034887674774,1.5969090697851372e-21,0.20293890209365925,1.720244714792435e-05
586,PAT_3780,FLA6,FLA6,LM,concat,1,\\nasac-m2.unige.ch\m-HumanNeuronLab\ANALYSIS\FLM\Analysis_LoraFanda\01_FBM_Analysis\outputs\04_ersp_LM_RAWONLY\PAT_3780\LM\ERSP_matrix\audio\PAT_3780_audio_WM_ERSP_FLA6_TN.npy,\\nasac-m2.unige.ch\m-HumanNeuronLab\ANALYSIS\FLM\Analysis_LoraFanda\01_FBM_Analysis\outputs\04_ersp_LM_RAWONLY\PAT_3780\LM\ERSP_matrix\audio\PAT_3780_audio_WM_ERSP_FLA6_TN.npy,\\nasac-m2.unige.ch\m-HumanNeuronLab\ANALYSIS\FLM\Analysis_LoraFanda\01_FBM_Analysis\outputs\04_ersp_LM_RAWONLY\PAT_3780\LM\ERSP_matrix\picture\PAT_3780_picture_WM_ERSP_FLA6_TN.npy,\\nasac-m2.unige.ch\m-HumanNeuronLab\ANALYSIS\FLM\Analysis_LoraFanda\01_FBM_Analysis\outputs\04_ersp_LM_RAWONLY\PAT_3780\LM\ERSP_matrix\reading\PAT_3780_reading_WM_ERSP_FLA6_TN.npy,1,0.2928538,1,PAT_3780|FLA6,0.05759650691795705,3.000561234448457e-08,0.6459297640432813,0.1190715448971631,1.132764214952801e-12,0.17695842798185019,0.0004437261530034652
587,PAT_3780,FLA7,FLA7,LM,concat,1,\\nasac-m2.unige.ch\m-HumanNeuronLab\ANALYSIS\FLM\Analysis_LoraFanda\01_FBM_Analysis\outputs\04_ersp_LM_RAWONLY\PAT_3780\LM\ERSP_matrix\audio\PAT_3780_audio_WM_ERSP_FLA7_TN.npy,\\nasac-m2.unige.ch\m-HumanNeuronLab\ANALYSIS\FLM\Analysis_LoraFanda\01_FBM_Analysis\outputs\04_ersp_LM_RAWONLY\PAT_3780\LM\ERSP_matrix\audio\PAT_3780_audio_WM_ERSP_FLA7_TN.npy,\\nasac-m2.unige.ch\m-HumanNeuronLab\ANALYSIS\FLM\Analysis_LoraFanda\01_FBM_Analysis\outputs\04_ersp_LM_RAWONLY\PAT_3780\LM\ERSP_matrix\picture\PAT_3780_picture_WM_ERSP_FLA7_TN.npy,\\nasac-m2.unige.ch\m-HumanNeuronLab\ANALYSIS\FLM\Analysis_LoraFanda\01_FBM_Analysis\outputs\04_ersp_LM_RAWONLY\PAT_3780\LM\ERSP_matrix\reading\PAT_3780_reading_WM_ERSP_FLA7_TN.npy,1,0.30853873,1,PAT_3780|FLA7,6.269841219781379e-05,0.015113386848056146,0.66425892066289,0.12959300112817854,4.7558746885587856e-08,0.17056828588693185,0.02040365950299878
588,PAT_3780,FLA8,FLA8,LM,concat,1,\\nasac-m2.unige.ch\m-HumanNeuronLab\ANALYSIS\FLM\Analysis_LoraFanda\01_FBM_Analysis\outputs\04_ersp_LM_RAWONLY\PAT_3780\LM\ERSP_matrix\audio\PAT_3780_audio_WM_ERSP_FLA8_TN.npy,\\nasac-m2.unige.ch\m-HumanNeuronLab\ANALYSIS\FLM\Analysis_LoraFanda\01_FBM_Analysis\outputs\04_ersp_LM_RAWONLY\PAT_3780\LM\ERSP_matrix\audio\PAT_3780_audio_WM_ERSP_FLA8_TN.npy,\\nasac-m2.unige.ch\m-HumanNeuronLab\ANALYSIS\FLM\Analysis_LoraFanda\01_FBM_Analysis\outputs\04_ersp_LM_RAWONLY\PAT_3780\LM\ERSP_matrix\picture\PAT_3780_picture_WM_ERSP_FLA8_TN.npy,\\nasac-m2.unige.ch\m-HumanNeuronLab\ANALYSIS\FLM\Analysis_LoraFanda\01_FBM_Analysis\outputs\04_ersp_LM_RAWONLY\PAT_3780\LM\ERSP_matrix\reading\PAT_3780_reading_WM_ERSP_FLA8_TN.npy,1,0.28290337,1,PAT_3780|FLA8,5.977410092812901e-13,0.11213792757619416,0.6148127780515996,0.08591264018208765,0.030692834301607647,0.137709899298196,0.018733920589717182
589,PAT_3780,FLA9,FLA9,LM,concat,1,\\nasac-m2.unige.ch\m-HumanNeuronLab\ANALYSIS\FLM\Analysis_LoraFanda\01_FBM_Analysis\outputs\04_ersp_LM_RAWONLY\PAT_3780\LM\ERSP_matrix\audio\PAT_3780_audio_WM_ERSP_FLA9_TN.npy,\\nasac-m2.unige.ch\m-HumanNeuronLab\ANALYSIS\FLM\Analysis_LoraFanda\01_FBM_Analysis\outputs\04_ersp_LM_RAWONLY\PAT_3780\LM\ERSP_matrix\audio\PAT_3780_audio_WM_ERSP_FLA9_TN.npy,\\nasac-m2.unige.ch\m-HumanNeuronLab\ANALYSIS\FLM\Analysis_LoraFanda\01_FBM_Analysis\outputs\04_ersp_LM_RAWONLY\PAT_3780\LM\ERSP_matrix\picture\PAT_3780_picture_WM_ERSP_FLA9_TN.npy,\\nasac-m2.unige.ch\m-HumanNeuronLab\ANALYSIS\FLM\Analysis_LoraFanda\01_FBM_Analysis\outputs\04_ersp_LM_RAWONLY\PAT_3780\LM\ERSP_matrix\reading\PAT_3780_reading_WM_ERSP_FLA9_TN.npy,1,0.24863273,1,PAT_3780|FLA9,4.6491653729410815e-07,0.10204179550653551,0.6994960239056187,0.008272250744343405,0.01121004798372073,0.10247967165484798,0.07649974528839663
590,PAT_3780,FLP10,FLP10,LM,concat,2,\\nasac-m2.unige.ch\m-HumanNeuronLab\ANALYSIS\FLM\Analysis_LoraFanda\01_FBM_Analysis\outputs\04_ersp_LM_RAWONLY\PAT_3780\LM\ERSP_matrix\audio\PAT_3780_audio_WM_ERSP_FLP10_TN.npy,\\nasac-m2.unige.ch\m-HumanNeuronLab\ANALYSIS\FLM\Analysis_LoraFanda\01_FBM_Analysis\outputs\04_ersp_LM_RAWONLY\PAT_3780\LM\ERSP_matrix\audio\PAT_3780_audio_WM_ERSP_FLP10_TN.npy,\\nasac-m2.unige.ch\m-HumanNeuronLab\ANALYSIS\FLM\Analysis_LoraFanda\01_FBM_Analysis\outputs\04_ersp_LM_RAWONLY\PAT_3780\LM\ERSP_matrix\picture\PAT_3780_picture_WM_ERSP_FLP10_TN.npy,\\nasac-m2.unige.ch\m-HumanNeuronLab\ANALYSIS\FLM\Analysis_LoraFanda\01_FBM_Analysis\outputs\04_ersp_LM_RAWONLY\PAT_3780\LM\ERSP_matrix\reading\PAT_3780_reading_WM_ERSP_FLP10_TN.npy,1,0.2532196,1,PAT_3780|FLP10,2.1490598967418443e-16,0.12471700906626182,0.6790149982277656,3.1786895736001705e-05,6.490419512939371e-07,3.6491889609223946e-06,0.1962319075793241
591,PAT_3780,FLP2,FLP2,LM,concat,1,\\nasac-m2.unige.ch\m-HumanNeuronLab\ANALYSIS\FLM\Analysis_LoraFanda\01_FBM_Analysis\outputs\04_ersp_LM_RAWONLY\PAT_3780\LM\ERSP_matrix\audio\PAT_3780_audio_WM_ERSP_FLP2_TN.npy,\\nasac-m2.unige.ch\m-HumanNeuronLab\ANALYSIS\FLM\Analysis_LoraFanda\01_FBM_Analysis\outputs\04_ersp_LM_RAWONLY\PAT_3780\LM\ERSP_matrix\audio\PAT_3780_audio_WM_ERSP_FLP2_TN.npy,\\nasac-m2.unige.ch\m-HumanNeuronLab\ANALYSIS\FLM\Analysis_LoraFanda\01_FBM_Analysis\outputs\04_ersp_LM_RAWONLY\PAT_3780\LM\ERSP_matrix\picture\PAT_3780_picture_WM_ERSP_FLP2_TN.npy,\\nasac-m2.unige.ch\m-HumanNeuronLab\ANALYSIS\FLM\Analysis_LoraFanda\01_FBM_Analysis\outputs\04_ersp_LM_RAWONLY\PAT_3780\LM\ERSP_matrix\reading\PAT_3780_reading_WM_ERSP_FLP2_TN.npy,1,0.37792793,1,PAT_3780|FLP2,0.10216500557717531,0.045830579540571945,0.5007898652657443,0.09790737791326856,2.9891351497000205e-13,0.20177365878205986,0.051533512920880986
592,PAT_3780,FLP3,FLP3,LM,concat,1,\\nasac-m2.unige.ch\m-HumanNeuronLab\ANALYSIS\FLM\Analysis_LoraFanda\01_FBM_Analysis\outputs\04_ersp_LM_RAWONLY\PAT_3780\LM\ERSP_matrix\audio\PAT_3780_audio_WM_ERSP_FLP3_TN.npy,\\nasac-m2.unige.ch\m-HumanNeuronLab\ANALYSIS\FLM\Analysis_LoraFanda\01_FBM_Analysis\outputs\04_ersp_LM_RAWONLY\PAT_3780\LM\ERSP_matrix\audio\PAT_3780_audio_WM_ERSP_FLP3_TN.npy,\\nasac-m2.unige.ch\m-HumanNeuronLab\ANALYSIS\FLM\Analysis_LoraFanda\01_FBM_Analysis\outputs\04_ersp_LM_RAWONLY\PAT_3780\LM\ERSP_matrix\picture\PAT_3780_picture_WM_ERSP_FLP3_TN.npy,\\nasac-m2.unige.ch\m-HumanNeuronLab\ANALYSIS\FLM\Analysis_LoraFanda\01_FBM_Analysis\outputs\04_ersp_LM_RAWONLY\PAT_3780\LM\ERSP_matrix\reading\PAT_3780_reading_WM_ERSP_FLP3_TN.npy,1,0.336274,1,PAT_3780|FLP3,0.09072045136458531,0.09617860302486571,0.5022463269848564,0.10721606688641419,6.06277758982947e-10,0.16703442325181425,0.03660412788118646
593,PAT_3780,FLP4,FLP4,LM,concat,1,\\nasac-m2.unige.ch\m-HumanNeuronLab\ANALYSIS\FLM\Analysis_LoraFanda\01_FBM_Analysis\outputs\04_ersp_LM_RAWONLY\PAT_3780\LM\ERSP_matrix\audio\PAT_3780_audio_WM_ERSP_FLP4_TN.npy,\\nasac-m2.unige.ch\m-HumanNeuronLab\ANALYSIS\FLM\Analysis_LoraFanda\01_FBM_Analysis\outputs\04_ersp_LM_RAWONLY\PAT_3780\LM\ERSP_matrix\audio\PAT_3780_audio_WM_ERSP_FLP4_TN.npy,\\nasac-m2.unige.ch\m-HumanNeuronLab\ANALYSIS\FLM\Analysis_LoraFanda\01_FBM_Analysis\outputs\04_ersp_LM_RAWONLY\PAT_3780\LM\ERSP_matrix\picture\PAT_3780_picture_WM_ERSP_FLP4_TN.npy,\\nasac-m2.unige.ch\m-HumanNeuronLab\ANALYSIS\FLM\Analysis_LoraFanda\01_FBM_Analysis\outputs\04_ersp_LM_RAWONLY\PAT_3780\LM\ERSP_matrix\reading\PAT_3780_reading_WM_ERSP_FLP4_TN.npy,1,0.29144162,1,PAT_3780|FLP4,0.0032798871157452857,0.07251364459335612,0.6694086478254383,0.03510001174079061,1.9612254148645867e-10,0.19719245137629526,0.022505357152251798
594,PAT_3780,FLP5,FLP5,LM,concat,1,\\nasac-m2.unige.ch\m-HumanNeuronLab\ANALYSIS\FLM\Analysis_LoraFanda\01_FBM_Analysis\outputs\04_ersp_LM_RAWONLY\PAT_3780\LM\ERSP_matrix\audio\PAT_3780_audio_WM_ERSP_FLP5_TN.npy,\\nasac-m2.unige.ch\m-HumanNeuronLab\ANALYSIS\FLM\Analysis_LoraFanda\01_FBM_Analysis\outputs\04_ersp_LM_RAWONLY\PAT_3780\LM\ERSP_matrix\audio\PAT_3780_audio_WM_ERSP_FLP5_TN.npy,\\nasac-m2.unige.ch\m-HumanNeuronLab\ANALYSIS\FLM\Analysis_LoraFanda\01_FBM_Analysis\outputs\04_ersp_LM_RAWONLY\PAT_3780\LM\ERSP_matrix\picture\PAT_3780_picture_WM_ERSP_FLP5_TN.npy,\\nasac-m2.unige.ch\m-HumanNeuronLab\ANALYSIS\FLM\Analysis_LoraFanda\01_FBM_Analysis\outputs\04_ersp_LM_RAWONLY\PAT_3780\LM\ERSP_matrix\reading\PAT_3780_reading_WM_ERSP_FLP5_TN.npy,1,0.2877732,1,PAT_3780|FLP5,4.365625121330873e-05,0.07077891479067334,0.691323126541881,0.003347316661122907,1.2475654974096596e-10,0.17948337659571803,0.05502360903463488
595,PAT_3780,FLP7,FLP7,LM,concat,1,\\nasac-m2.unige.ch\m-HumanNeuronLab\ANALYSIS\FLM\Analysis_LoraFanda\01_FBM_Analysis\outputs\04_ersp_LM_RAWONLY\PAT_3780\LM\ERSP_matrix\audio\PAT_3780_audio_WM_ERSP_FLP7_TN.npy,\\nasac-m2.unige.ch\m-HumanNeuronLab\ANALYSIS\FLM\Analysis_LoraFanda\01_FBM_Analysis\outputs\04_ersp_LM_RAWONLY\PAT_3780\LM\ERSP_matrix\audio\PAT_3780_audio_WM_ERSP_FLP7_TN.npy,\\nasac-m2.unige.ch\m-HumanNeuronLab\ANALYSIS\FLM\Analysis_LoraFanda\01_FBM_Analysis\outputs\04_ersp_LM_RAWONLY\PAT_3780\LM\ERSP_matrix\picture\PAT_3780_picture_WM_ERSP_FLP7_TN.npy,\\nasac-m2.unige.ch\m-HumanNeuronLab\ANALYSIS\FLM\Analysis_LoraFanda\01_FBM_Analysis\outputs\04_ersp_LM_RAWONLY\PAT_3780\LM\ERSP_matrix\reading\PAT_3780_reading_WM_ERSP_FLP7_TN.npy,1,0.2812804,1,PAT_3780|FLP7,2.3690729675917727e-12,0.07750711358212078,0.7356549922785508,0.000540990538346479,3.409879123953151e-11,0.08836826299433449,0.0979286405701797
596,PAT_3780,FLP8,FLP8,LM,concat,1,\\nasac-m2.unige.ch\m-HumanNeuronLab\ANALYSIS\FLM\Analysis_LoraFanda\01_FBM_Analysis\outputs\04_ersp_LM_RAWONLY\PAT_3780\LM\ERSP_matrix\audio\PAT_3780_audio_WM_ERSP_FLP8_TN.npy,\\nasac-m2.unige.ch\m-HumanNeuronLab\ANALYSIS\FLM\Analysis_LoraFanda\01_FBM_Analysis\outputs\04_ersp_LM_RAWONLY\PAT_3780\LM\ERSP_matrix\audio\PAT_3780_audio_WM_ERSP_FLP8_TN.npy,\\nasac-m2.unige.ch\m-HumanNeuronLab\ANALYSIS\FLM\Analysis_LoraFanda\01_FBM_Analysis\outputs\04_ersp_LM_RAWONLY\PAT_3780\LM\ERSP_matrix\picture\PAT_3780_picture_WM_ERSP_FLP8_TN.npy,\\nasac-m2.unige.ch\m-HumanNeuronLab\ANALYSIS\FLM\Analysis_LoraFanda\01_FBM_Analysis\outputs\04_ersp_LM_RAWONLY\PAT_3780\LM\ERSP_matrix\reading\PAT_3780_reading_WM_ERSP_FLP8_TN.npy,1,0.27065727,1,PAT_3780|FLP8,2.8499596962542814e-11,0.071448043445283,0.7277474800447588,0.0006037554610271164,2.091859409961895e-07,0.08518840461346879,0.1150121072210217
597,PAT_3780,FLP9,FLP9,LM,concat,2,\\nasac-m2.unige.ch\m-HumanNeuronLab\ANALYSIS\FLM\Analysis_LoraFanda\01_FBM_Analysis\outputs\04_ersp_LM_RAWONLY\PAT_3780\LM\ERSP_matrix\audio\PAT_3780_audio_WM_ERSP_FLP9_TN.npy,\\nasac-m2.unige.ch\m-HumanNeuronLab\ANALYSIS\FLM\Analysis_LoraFanda\01_FBM_Analysis\outputs\04_ersp_LM_RAWONLY\PAT_3780\LM\ERSP_matrix\audio\PAT_3780_audio_WM_ERSP_FLP9_TN.npy,\\nasac-m2.unige.ch\m-HumanNeuronLab\ANALYSIS\FLM\Analysis_LoraFanda\01_FBM_Analysis\outputs\04_ersp_LM_RAWONLY\PAT_3780\LM\ERSP_matrix\picture\PAT_3780_picture_WM_ERSP_FLP9_TN.npy,\\nasac-m2.unige.ch\m-HumanNeuronLab\ANALYSIS\FLM\Analysis_LoraFanda\01_FBM_Analysis\outputs\04_ersp_LM_RAWONLY\PAT_3780\LM\ERSP_matrix\reading\PAT_3780_reading_WM_ERSP_FLP9_TN.npy,1,0.27526563,1,PAT_3780|FLP9,8.300219362875375e-17,0.10700452257943839,0.7401941340485503,0.00022370931590701612,1.4700472183910683e-05,0.012349126901395861,0.14021380668252437
598,PAT_3780,FMA12,FMA12,LM,concat,1,\\nasac-m2.unige.ch\m-HumanNeuronLab\ANALYSIS\FLM\Analysis_LoraFanda\01_FBM_Analysis\outputs\04_ersp_LM_RAWONLY\PAT_3780\LM\ERSP_matrix\audio\PAT_3780_audio_WM_ERSP_FMA12_TN.npy,\\nasac-m2.unige.ch\m-HumanNeuronLab\ANALYSIS\FLM\Analysis_LoraFanda\01_FBM_Analysis\outputs\04_ersp_LM_RAWONLY\PAT_3780\LM\ERSP_matrix\audio\PAT_3780_audio_WM_ERSP_FMA12_TN.npy,\\nasac-m2.unige.ch\m-HumanNeuronLab\ANALYSIS\FLM\Analysis_LoraFanda\01_FBM_Analysis\outputs\04_ersp_LM_RAWONLY\PAT_3780\LM\ERSP_matrix\picture\PAT_3780_picture_WM_ERSP_FMA12_TN.npy,\\nasac-m2.unige.ch\m-HumanNeuronLab\ANALYSIS\FLM\Analysis_LoraFanda\01_FBM_Analysis\outputs\04_ersp_LM_RAWONLY\PAT_3780\LM\ERSP_matrix\reading\PAT_3780_reading_WM_ERSP_FMA12_TN.npy,1,0.38254735,1,PAT_3780|FMA12,0.15583623120569334,0.053865412853553604,0.6418428370292635,0.0017002062044413145,1.883336985970995e-20,0.14672184922859624,3.346347845202643e-05
599,PAT_3780,FMP1,FMP1,LM,concat,1,\\nasac-m2.unige.ch\m-HumanNeuronLab\ANALYSIS\FLM\Analysis_LoraFanda\01_FBM_Analysis\outputs\04_ersp_LM_RAWONLY\PAT_3780\LM\ERSP_matrix\audio\PAT_3780_audio_WM_ERSP_FMP1_TN.npy,\\nasac-m2.unige.ch\m-HumanNeuronLab\ANALYSIS\FLM\Analysis_LoraFanda\01_FBM_Analysis\outputs\04_ersp_LM_RAWONLY\PAT_3780\LM\ERSP_matrix\audio\PAT_3780_audio_WM_ERSP_FMP1_TN.npy,\\nasac-m2.unige.ch\m-HumanNeuronLab\ANALYSIS\FLM\Analysis_LoraFanda\01_FBM_Analysis\outputs\04_ersp_LM_RAWONLY\PAT_3780\LM\ERSP_matrix\picture\PAT_3780_picture_WM_ERSP_FMP1_TN.npy,\\nasac-m2.unige.ch\m-HumanNeuronLab\ANALYSIS\FLM\Analysis_LoraFanda\01_FBM_Analysis\outputs\04_ersp_LM_RAWONLY\PAT_3780\LM\ERSP_matrix\reading\PAT_3780_reading_WM_ERSP_FMP1_TN.npy,1,0.29458597,1,PAT_3780|FMP1,0.0007324894575380157,0.13373727971950292,0.5601048543468745,0.07599344594873005,0.011051183420912387,0.2183746951226587,6.051983783370161e-06
600,PAT_3780,FMP10,FMP10,LM,concat,1,\\nasac-m2.unige.ch\m-HumanNeuronLab\ANALYSIS\FLM\Analysis_LoraFanda\01_FBM_Analysis\outputs\04_ersp_LM_RAWONLY\PAT_3780\LM\ERSP_matrix\audio\PAT_3780_audio_WM_ERSP_FMP10_TN.npy,\\nasac-m2.unige.ch\m-HumanNeuronLab\ANALYSIS\FLM\Analysis_LoraFanda\01_FBM_Analysis\outputs\04_ersp_LM_RAWONLY\PAT_3780\LM\ERSP_matrix\audio\PAT_3780_audio_WM_ERSP_FMP10_TN.npy,\\nasac-m2.unige.ch\m-HumanNeuronLab\ANALYSIS\FLM\Analysis_LoraFanda\01_FBM_Analysis\outputs\04_ersp_LM_RAWONLY\PAT_3780\LM\ERSP_matrix\picture\PAT_3780_picture_WM_ERSP_FMP10_TN.npy,\\nasac-m2.unige.ch\m-HumanNeuronLab\ANALYSIS\FLM\Analysis_LoraFanda\01_FBM_Analysis\outputs\04_ersp_LM_RAWONLY\PAT_3780\LM\ERSP_matrix\reading\PAT_3780_reading_WM_ERSP_FMP10_TN.npy,1,0.35970527,1,PAT_3780|FMP10,0.03876168746177743,0.04114272858428463,0.7450951159899558,0.004492326540597981,0.002560876515391782,0.1458863543340572,0.022060910573935257
601,PAT_3780,FMP11,FMP11,LM,concat,1,\\nasac-m2.unige.ch\m-HumanNeuronLab\ANALYSIS\FLM\Analysis_LoraFanda\01_FBM_Analysis\outputs\04_ersp_LM_RAWONLY\PAT_3780\LM\ERSP_matrix\audio\PAT_3780_audio_WM_ERSP_FMP11_TN.npy,\\nasac-m2.unige.ch\m-HumanNeuronLab\ANALYSIS\FLM\Analysis_LoraFanda\01_FBM_Analysis\outputs\04_ersp_LM_RAWONLY\PAT_3780\LM\ERSP_matrix\audio\PAT_3780_audio_WM_ERSP_FMP11_TN.npy,\\nasac-m2.unige.ch\m-HumanNeuronLab\ANALYSIS\FLM\Analysis_LoraFanda\01_FBM_Analysis\outputs\04_ersp_LM_RAWONLY\PAT_3780\LM\ERSP_matrix\picture\PAT_3780_picture_WM_ERSP_FMP11_TN.npy,\\nasac-m2.unige.ch\m-HumanNeuronLab\ANALYSIS\FLM\Analysis_LoraFanda\01_FBM_Analysis\outputs\04_ersp_LM_RAWONLY\PAT_3780\LM\ERSP_matrix\reading\PAT_3780_reading_WM_ERSP_FMP11_TN.npy,1,0.34234586,1,PAT_3780|FMP11,2.6619821124890387e-06,0.053089946809244414,0.6035392590285429,0.11424008756417216,0.07216681920463709,0.15642889015689562,0.0005323352543953556
602,PAT_3780,FMP2,FMP2,LM,concat,1,\\nasac-m2.unige.ch\m-HumanNeuronLab\ANALYSIS\FLM\Analysis_LoraFanda\01_FBM_Analysis\outputs\04_ersp_LM_RAWONLY\PAT_3780\LM\ERSP_matrix\audio\PAT_3780_audio_WM_ERSP_FMP2_TN.npy,\\nasac-m2.unige.ch\m-HumanNeuronLab\ANALYSIS\FLM\Analysis_LoraFanda\01_FBM_Analysis\outputs\04_ersp_LM_RAWONLY\PAT_3780\LM\ERSP_matrix\audio\PAT_3780_audio_WM_ERSP_FMP2_TN.npy,\\nasac-m2.unige.ch\m-HumanNeuronLab\ANALYSIS\FLM\Analysis_LoraFanda\01_FBM_Analysis\outputs\04_ersp_LM_RAWONLY\PAT_3780\LM\ERSP_matrix\picture\PAT_3780_picture_WM_ERSP_FMP2_TN.npy,\\nasac-m2.unige.ch\m-HumanNeuronLab\ANALYSIS\FLM\Analysis_LoraFanda\01_FBM_Analysis\outputs\04_ersp_LM_RAWONLY\PAT_3780\LM\ERSP_matrix\reading\PAT_3780_reading_WM_ERSP_FMP2_TN.npy,1,0.307411,1,PAT_3780|FMP2,0.04378438263164703,0.05467642392941669,0.5834035997807674,0.11084045303110313,0.02092271131200346,0.1863707532127995,1.6761022627099314e-06
603,PAT_3780,FMP7,FMP7,LM,concat,1,\\nasac-m2.unige.ch\m-HumanNeuronLab\ANALYSIS\FLM\Analysis_LoraFanda\01_FBM_Analysis\outputs\04_ersp_LM_RAWONLY\PAT_3780\LM\ERSP_matrix\audio\PAT_3780_audio_WM_ERSP_FMP7_TN.npy,\\nasac-m2.unige.ch\m-HumanNeuronLab\ANALYSIS\FLM\Analysis_LoraFanda\01_FBM_Analysis\outputs\04_ersp_LM_RAWONLY\PAT_3780\LM\ERSP_matrix\audio\PAT_3780_audio_WM_ERSP_FMP7_TN.npy,\\nasac-m2.unige.ch\m-HumanNeuronLab\ANALYSIS\FLM\Analysis_LoraFanda\01_FBM_Analysis\outputs\04_ersp_LM_RAWONLY\PAT_3780\LM\ERSP_matrix\picture\PAT_3780_picture_WM_ERSP_FMP7_TN.npy,\\nasac-m2.unige.ch\m-HumanNeuronLab\ANALYSIS\FLM\Analysis_LoraFanda\01_FBM_Analysis\outputs\04_ersp_LM_RAWONLY\PAT_3780\LM\ERSP_matrix\reading\PAT_3780_reading_WM_ERSP_FMP7_TN.npy,1,0.29375863,1,PAT_3780|FMP7,0.03669900301618911,1.1935028373800623e-06,0.7236974649521137,0.05538551988694866,9.227806573225864e-07,0.17810829323240965,0.006107602628844126
604,PAT_3780,FMP9,FMP9,LM,concat,1,\\nasac-m2.unige.ch\m-HumanNeuronLab\ANALYSIS\FLM\Analysis_LoraFanda\01_FBM_Analysis\outputs\04_ersp_LM_RAWONLY\PAT_3780\LM\ERSP_matrix\audio\PAT_3780_audio_WM_ERSP_FMP9_TN.npy,\\nasac-m2.unige.ch\m-HumanNeuronLab\ANALYSIS\FLM\Analysis_LoraFanda\01_FBM_Analysis\outputs\04_ersp_LM_RAWONLY\PAT_3780\LM\ERSP_matrix\audio\PAT_3780_audio_WM_ERSP_FMP9_TN.npy,\\nasac-m2.unige.ch\m-HumanNeuronLab\ANALYSIS\FLM\Analysis_LoraFanda\01_FBM_Analysis\outputs\04_ersp_LM_RAWONLY\PAT_3780\LM\ERSP_matrix\picture\PAT_3780_picture_WM_ERSP_FMP9_TN.npy,\\nasac-m2.unige.ch\m-HumanNeuronLab\ANALYSIS\FLM\Analysis_LoraFanda\01_FBM_Analysis\outputs\04_ersp_LM_RAWONLY\PAT_3780\LM\ERSP_matrix\reading\PAT_3780_reading_WM_ERSP_FMP9_TN.npy,1,0.35342473,1,PAT_3780|FMP9,0.1298270066874453,0.00035543769990262376,0.5867119370999527,0.10741078189884277,2.7755698487485775e-08,0.17505403960714924,0.0006407692510087366
605,PAT_3780,FSS10,FSS10,LM,concat,1,\\nasac-m2.unige.ch\m-HumanNeuronLab\ANALYSIS\FLM\Analysis_LoraFanda\01_FBM_Analysis\outputs\04_ersp_LM_RAWONLY\PAT_3780\LM\ERSP_matrix\audio\PAT_3780_audio_WM_ERSP_FSS10_TN.npy,\\nasac-m2.unige.ch\m-HumanNeuronLab\ANALYSIS\FLM\Analysis_LoraFanda\01_FBM_Analysis\outputs\04_ersp_LM_RAWONLY\PAT_3780\LM\ERSP_matrix\audio\PAT_3780_audio_WM_ERSP_FSS10_TN.npy,\\nasac-m2.unige.ch\m-HumanNeuronLab\ANALYSIS\FLM\Analysis_LoraFanda\01_FBM_Analysis\outputs\04_ersp_LM_RAWONLY\PAT_3780\LM\ERSP_matrix\picture\PAT_3780_picture_WM_ERSP_FSS10_TN.npy,\\nasac-m2.unige.ch\m-HumanNeuronLab\ANALYSIS\FLM\Analysis_LoraFanda\01_FBM_Analysis\outputs\04_ersp_LM_RAWONLY\PAT_3780\LM\ERSP_matrix\reading\PAT_3780_reading_WM_ERSP_FSS10_TN.npy,1,0.36877972,1,PAT_3780|FSS10,0.06028922361368512,0.006255503014437648,0.7142683363618774,0.00046525107037204225,9.032628140191238e-30,0.2168279905440402,0.001893695395587596
606,PAT_3780,FSS6,FSS6,LM,concat,1,\\nasac-m2.unige.ch\m-HumanNeuronLab\ANALYSIS\FLM\Analysis_LoraFanda\01_FBM_Analysis\outputs\04_ersp_LM_RAWONLY\PAT_3780\LM\ERSP_matrix\audio\PAT_3780_audio_WM_ERSP_FSS6_TN.npy,\\nasac-m2.unige.ch\m-HumanNeuronLab\ANALYSIS\FLM\Analysis_LoraFanda\01_FBM_Analysis\outputs\04_ersp_LM_RAWONLY\PAT_3780\LM\ERSP_matrix\audio\PAT_3780_audio_WM_ERSP_FSS6_TN.npy,\\nasac-m2.unige.ch\m-HumanNeuronLab\ANALYSIS\FLM\Analysis_LoraFanda\01_FBM_Analysis\outputs\04_ersp_LM_RAWONLY\PAT_3780\LM\ERSP_matrix\picture\PAT_3780_picture_WM_ERSP_FSS6_TN.npy,\\nasac-m2.unige.ch\m-HumanNeuronLab\ANALYSIS\FLM\Analysis_LoraFanda\01_FBM_Analysis\outputs\04_ersp_LM_RAWONLY\PAT_3780\LM\ERSP_matrix\reading\PAT_3780_reading_WM_ERSP_FSS6_TN.npy,1,0.354844,1,PAT_3780|FSS6,5.467412626897917e-10,0.12295084678736304,0.5232757988445963,0.12977776357604,0.00012341655849346523,0.22368350444789978,0.00018866923886611613
607,PAT_3780,FSS7,FSS7,LM,concat,1,\\nasac-m2.unige.ch\m-HumanNeuronLab\ANALYSIS\FLM\Analysis_LoraFanda\01_FBM_Analysis\outputs\04_ersp_LM_RAWONLY\PAT_3780\LM\ERSP_matrix\audio\PAT_3780_audio_WM_ERSP_FSS7_TN.npy,\\nasac-m2.unige.ch\m-HumanNeuronLab\ANALYSIS\FLM\Analysis_LoraFanda\01_FBM_Analysis\outputs\04_ersp_LM_RAWONLY\PAT_3780\LM\ERSP_matrix\audio\PAT_3780_audio_WM_ERSP_FSS7_TN.npy,\\nasac-m2.unige.ch\m-HumanNeuronLab\ANALYSIS\FLM\Analysis_LoraFanda\01_FBM_Analysis\outputs\04_ersp_LM_RAWONLY\PAT_3780\LM\ERSP_matrix\picture\PAT_3780_picture_WM_ERSP_FSS7_TN.npy,\\nasac-m2.unige.ch\m-HumanNeuronLab\ANALYSIS\FLM\Analysis_LoraFanda\01_FBM_Analysis\outputs\04_ersp_LM_RAWONLY\PAT_3780\LM\ERSP_matrix\reading\PAT_3780_reading_WM_ERSP_FSS7_TN.npy,1,0.32844648,1,PAT_3780|FSS7,8.388813829220917e-16,0.03561322464273104,0.5911947899561099,0.17948040251171946,1.842380643896231e-07,0.1936986019474767,1.2796703897671852e-05
608,PAT_3780,FSS8,FSS8,LM,concat,1,\\nasac-m2.unige.ch\m-HumanNeuronLab\ANALYSIS\FLM\Analysis_LoraFanda\01_FBM_Analysis\outputs\04_ersp_LM_RAWONLY\PAT_3780\LM\ERSP_matrix\audio\PAT_3780_audio_WM_ERSP_FSS8_TN.npy,\\nasac-m2.unige.ch\m-HumanNeuronLab\ANALYSIS\FLM\Analysis_LoraFanda\01_FBM_Analysis\outputs\04_ersp_LM_RAWONLY\PAT_3780\LM\ERSP_matrix\audio\PAT_3780_audio_WM_ERSP_FSS8_TN.npy,\\nasac-m2.unige.ch\m-HumanNeuronLab\ANALYSIS\FLM\Analysis_LoraFanda\01_FBM_Analysis\outputs\04_ersp_LM_RAWONLY\PAT_3780\LM\ERSP_matrix\picture\PAT_3780_picture_WM_ERSP_FSS8_TN.npy,\\nasac-m2.unige.ch\m-HumanNeuronLab\ANALYSIS\FLM\Analysis_LoraFanda\01_FBM_Analysis\outputs\04_ersp_LM_RAWONLY\PAT_3780\LM\ERSP_matrix\reading\PAT_3780_reading_WM_ERSP_FSS8_TN.npy,1,0.32968977,1,PAT_3780|FSS8,5.059609066839721e-17,0.06102105259019259,0.5339864259847471,0.19000913613271408,1.2763411887566457e-08,0.21481789908131008,0.00016547344762418736
609,PAT_3780,FSS9,FSS9,LM,concat,1,\\nasac-m2.unige.ch\m-HumanNeuronLab\ANALYSIS\FLM\Analysis_LoraFanda\01_FBM_Analysis\outputs\04_ersp_LM_RAWONLY\PAT_3780\LM\ERSP_matrix\audio\PAT_3780_audio_WM_ERSP_FSS9_TN.npy,\\nasac-m2.unige.ch\m-HumanNeuronLab\ANALYSIS\FLM\Analysis_LoraFanda\01_FBM_Analysis\outputs\04_ersp_LM_RAWONLY\PAT_3780\LM\ERSP_matrix\audio\PAT_3780_audio_WM_ERSP_FSS9_TN.npy,\\nasac-m2.unige.ch\m-HumanNeuronLab\ANALYSIS\FLM\Analysis_LoraFanda\01_FBM_Analysis\outputs\04_ersp_LM_RAWONLY\PAT_3780\LM\ERSP_matrix\picture\PAT_3780_picture_WM_ERSP_FSS9_TN.npy,\\nasac-m2.unige.ch\m-HumanNeuronLab\ANALYSIS\FLM\Analysis_LoraFanda\01_FBM_Analysis\outputs\04_ersp_LM_RAWONLY\PAT_3780\LM\ERSP_matrix\reading\PAT_3780_reading_WM_ERSP_FSS9_TN.npy,1,0.33052912,1,PAT_3780|FSS9,0.08714450823057084,8.33211999460637e-21,0.475828434523214,0.17636122088682166,2.9374008970050014e-33,0.2606658289771307,7.382262877821299e-09
610,PAT_3780,HAG2,HAG2,LM,concat,1,\\nasac-m2.unige.ch\m-HumanNeuronLab\ANALYSIS\FLM\Analysis_LoraFanda\01_FBM_Analysis\outputs\04_ersp_LM_RAWONLY\PAT_3780\LM\ERSP_matrix\audio\PAT_3780_audio_WM_ERSP_HAG2_TN.npy,\\nasac-m2.unige.ch\m-HumanNeuronLab\ANALYSIS\FLM\Analysis_LoraFanda\01_FBM_Analysis\outputs\04_ersp_LM_RAWONLY\PAT_3780\LM\ERSP_matrix\audio\PAT_3780_audio_WM_ERSP_HAG2_TN.npy,\\nasac-m2.unige.ch\m-HumanNeuronLab\ANALYSIS\FLM\Analysis_LoraFanda\01_FBM_Analysis\outputs\04_ersp_LM_RAWONLY\PAT_3780\LM\ERSP_matrix\picture\PAT_3780_picture_WM_ERSP_HAG2_TN.npy,\\nasac-m2.unige.ch\m-HumanNeuronLab\ANALYSIS\FLM\Analysis_LoraFanda\01_FBM_Analysis\outputs\04_ersp_LM_RAWONLY\PAT_3780\LM\ERSP_matrix\reading\PAT_3780_reading_WM_ERSP_HAG2_TN.npy,1,0.36477822,1,PAT_3780|HAG2,1.967219871202777e-12,0.13722353380092212,0.626786480089977,3.162842569433756e-07,0.1981395136170993,1.2840267794188987e-07,0.03785002780309942
611,PAT_3780,HAG3,HAG3,LM,concat,1,\\nasac-m2.unige.ch\m-HumanNeuronLab\ANALYSIS\FLM\Analysis_LoraFanda\01_FBM_Analysis\outputs\04_ersp_LM_RAWONLY\PAT_3780\LM\ERSP_matrix\audio\PAT_3780_audio_WM_ERSP_HAG3_TN.npy,\\nasac-m2.unige.ch\m-HumanNeuronLab\ANALYSIS\FLM\Analysis_LoraFanda\01_FBM_Analysis\outputs\04_ersp_LM_RAWONLY\PAT_3780\LM\ERSP_matrix\audio\PAT_3780_audio_WM_ERSP_HAG3_TN.npy,\\nasac-m2.unige.ch\m-HumanNeuronLab\ANALYSIS\FLM\Analysis_LoraFanda\01_FBM_Analysis\outputs\04_ersp_LM_RAWONLY\PAT_3780\LM\ERSP_matrix\picture\PAT_3780_picture_WM_ERSP_HAG3_TN.npy,\\nasac-m2.unige.ch\m-HumanNeuronLab\ANALYSIS\FLM\Analysis_LoraFanda\01_FBM_Analysis\outputs\04_ersp_LM_RAWONLY\PAT_3780\LM\ERSP_matrix\reading\PAT_3780_reading_WM_ERSP_HAG3_TN.npy,1,0.34739473,1,PAT_3780|HAG3,9.519457839815893e-19,0.09845008220762887,0.6810962526892662,9.986597189538807e-07,0.1557336664646487,5.158769471545234e-06,0.06471384120926582
612,PAT_3780,TPG1,TPG1,LM,concat,1,\\nasac-m2.unige.ch\m-HumanNeuronLab\ANALYSIS\FLM\Analysis_LoraFanda\01_FBM_Analysis\outputs\04_ersp_LM_RAWONLY\PAT_3780\LM\ERSP_matrix\audio\PAT_3780_audio_WM_ERSP_TPG1_TN.npy,\\nasac-m2.unige.ch\m-HumanNeuronLab\ANALYSIS\FLM\Analysis_LoraFanda\01_FBM_Analysis\outputs\04_ersp_LM_RAWONLY\PAT_3780\LM\ERSP_matrix\audio\PAT_3780_audio_WM_ERSP_TPG1_TN.npy,\\nasac-m2.unige.ch\m-HumanNeuronLab\ANALYSIS\FLM\Analysis_LoraFanda\01_FBM_Analysis\outputs\04_ersp_LM_RAWONLY\PAT_3780\LM\ERSP_matrix\picture\PAT_3780_picture_WM_ERSP_TPG1_TN.npy,\\nasac-m2.unige.ch\m-HumanNeuronLab\ANALYSIS\FLM\Analysis_LoraFanda\01_FBM_Analysis\outputs\04_ersp_LM_RAWONLY\PAT_3780\LM\ERSP_matrix\reading\PAT_3780_reading_WM_ERSP_TPG1_TN.npy,1,0.2897201,1,PAT_3780|TPG1,2.17143250494428e-10,4.770364559923275e-07,0.7695430924603296,0.002091466823856102,0.0010198771917347728,0.09497282009513568,0.13237226617534453
613,PAT_3780,TPG2,TPG2,LM,concat,1,\\nasac-m2.unige.ch\m-HumanNeuronLab\ANALYSIS\FLM\Analysis_LoraFanda\01_FBM_Analysis\outputs\04_ersp_LM_RAWONLY\PAT_3780\LM\ERSP_matrix\audio\PAT_3780_audio_WM_ERSP_TPG2_TN.npy,\\nasac-m2.unige.ch\m-HumanNeuronLab\ANALYSIS\FLM\Analysis_LoraFanda\01_FBM_Analysis\outputs\04_ersp_LM_RAWONLY\PAT_3780\LM\ERSP_matrix\audio\PAT_3780_audio_WM_ERSP_TPG2_TN.npy,\\nasac-m2.unige.ch\m-HumanNeuronLab\ANALYSIS\FLM\Analysis_LoraFanda\01_FBM_Analysis\outputs\04_ersp_LM_RAWONLY\PAT_3780\LM\ERSP_matrix\picture\PAT_3780_picture_WM_ERSP_TPG2_TN.npy,\\nasac-m2.unige.ch\m-HumanNeuronLab\ANALYSIS\FLM\Analysis_LoraFanda\01_FBM_Analysis\outputs\04_ersp_LM_RAWONLY\PAT_3780\LM\ERSP_matrix\reading\PAT_3780_reading_WM_ERSP_TPG2_TN.npy,1,0.24845454,1,PAT_3780|TPG2,6.39376029609177e-06,0.0004795359910096681,0.8138000056453647,0.0001084336070785614,8.077542668981697e-06,0.06479022984276171,0.12080732361082025
614,PAT_3780,TPG3,TPG3,LM,concat,1,\\nasac-m2.unige.ch\m-HumanNeuronLab\ANALYSIS\FLM\Analysis_LoraFanda\01_FBM_Analysis\outputs\04_ersp_LM_RAWONLY\PAT_3780\LM\ERSP_matrix\audio\PAT_3780_audio_WM_ERSP_TPG3_TN.npy,\\nasac-m2.unige.ch\m-HumanNeuronLab\ANALYSIS\FLM\Analysis_LoraFanda\01_FBM_Analysis\outputs\04_ersp_LM_RAWONLY\PAT_3780\LM\ERSP_matrix\audio\PAT_3780_audio_WM_ERSP_TPG3_TN.npy,\\nasac-m2.unige.ch\m-HumanNeuronLab\ANALYSIS\FLM\Analysis_LoraFanda\01_FBM_Analysis\outputs\04_ersp_LM_RAWONLY\PAT_3780\LM\ERSP_matrix\picture\PAT_3780_picture_WM_ERSP_TPG3_TN.npy,\\nasac-m2.unige.ch\m-HumanNeuronLab\ANALYSIS\FLM\Analysis_LoraFanda\01_FBM_Analysis\outputs\04_ersp_LM_RAWONLY\PAT_3780\LM\ERSP_matrix\reading\PAT_3780_reading_WM_ERSP_TPG3_TN.npy,1,0.26151824,1,PAT_3780|TPG3,8.90734136925574e-05,1.611182288846337e-06,0.8056438699407354,5.944798722919692e-05,2.3761567222337932e-05,0.09923149213259874,0.09495074377623293
615,PAT_3780,TPG4,TPG4,LM,concat,1,\\nasac-m2.unige.ch\m-HumanNeuronLab\ANALYSIS\FLM\Analysis_LoraFanda\01_FBM_Analysis\outputs\04_ersp_LM_RAWONLY\PAT_3780\LM\ERSP_matrix\audio\PAT_3780_audio_WM_ERSP_TPG4_TN.npy,\\nasac-m2.unige.ch\m-HumanNeuronLab\ANALYSIS\FLM\Analysis_LoraFanda\01_FBM_Analysis\outputs\04_ersp_LM_RAWONLY\PAT_3780\LM\ERSP_matrix\audio\PAT_3780_audio_WM_ERSP_TPG4_TN.npy,\\nasac-m2.unige.ch\m-HumanNeuronLab\ANALYSIS\FLM\Analysis_LoraFanda\01_FBM_Analysis\outputs\04_ersp_LM_RAWONLY\PAT_3780\LM\ERSP_matrix\picture\PAT_3780_picture_WM_ERSP_TPG4_TN.npy,\\nasac-m2.unige.ch\m-HumanNeuronLab\ANALYSIS\FLM\Analysis_LoraFanda\01_FBM_Analysis\outputs\04_ersp_LM_RAWONLY\PAT_3780\LM\ERSP_matrix\reading\PAT_3780_reading_WM_ERSP_TPG4_TN.npy,1,0.28780052,1,PAT_3780|TPG4,0.00014071556196262693,0.015246854376353307,0.7617782448942139,1.7119784256409986e-05,3.147436186277309e-05,0.093771871277634,0.12901371974371706
616,PAT_3780,TPG5,TPG5,LM,concat,1,\\nasac-m2.unige.ch\m-HumanNeuronLab\ANALYSIS\FLM\Analysis_LoraFanda\01_FBM_Analysis\outputs\04_ersp_LM_RAWONLY\PAT_3780\LM\ERSP_matrix\audio\PAT_3780_audio_WM_ERSP_TPG5_TN.npy,\\nasac-m2.unige.ch\m-HumanNeuronLab\ANALYSIS\FLM\Analysis_LoraFanda\01_FBM_Analysis\outputs\04_ersp_LM_RAWONLY\PAT_3780\LM\ERSP_matrix\audio\PAT_3780_audio_WM_ERSP_TPG5_TN.npy,\\nasac-m2.unige.ch\m-HumanNeuronLab\ANALYSIS\FLM\Analysis_LoraFanda\01_FBM_Analysis\outputs\04_ersp_LM_RAWONLY\PAT_3780\LM\ERSP_matrix\picture\PAT_3780_picture_WM_ERSP_TPG5_TN.npy,\\nasac-m2.unige.ch\m-HumanNeuronLab\ANALYSIS\FLM\Analysis_LoraFanda\01_FBM_Analysis\outputs\04_ersp_LM_RAWONLY\PAT_3780\LM\ERSP_matrix\reading\PAT_3780_reading_WM_ERSP_TPG5_TN.npy,1,0.2938028,1,PAT_3780|TPG5,1.630018441060457e-05,0.0689920716980634,0.6951452874351206,1.6558241566266548e-07,0.007277926525488007,0.050148136521680535,0.17842011205282135
617,PAT_3780,TPG6,TPG6,LM,concat,1,\\nasac-m2.unige.ch\m-HumanNeuronLab\ANALYSIS\FLM\Analysis_LoraFanda\01_FBM_Analysis\outputs\04_ersp_LM_RAWONLY\PAT_3780\LM\ERSP_matrix\audio\PAT_3780_audio_WM_ERSP_TPG6_TN.npy,\\nasac-m2.unige.ch\m-HumanNeuronLab\ANALYSIS\FLM\Analysis_LoraFanda\01_FBM_Analysis\outputs\04_ersp_LM_RAWONLY\PAT_3780\LM\ERSP_matrix\audio\PAT_3780_audio_WM_ERSP_TPG6_TN.npy,\\nasac-m2.unige.ch\m-HumanNeuronLab\ANALYSIS\FLM\Analysis_LoraFanda\01_FBM_Analysis\outputs\04_ersp_LM_RAWONLY\PAT_3780\LM\ERSP_matrix\picture\PAT_3780_picture_WM_ERSP_TPG6_TN.npy,\\nasac-m2.unige.ch\m-HumanNeuronLab\ANALYSIS\FLM\Analysis_LoraFanda\01_FBM_Analysis\outputs\04_ersp_LM_RAWONLY\PAT_3780\LM\ERSP_matrix\reading\PAT_3780_reading_WM_ERSP_TPG6_TN.npy,1,0.29825303,1,PAT_3780|TPG6,6.615212963175186e-10,0.12945284607087365,0.7348025606878991,4.125546698862026e-08,0.0018845256245239384,0.0002433147321683402,0.13361671096754682
618,PAT_3780,TPG8,TPG8,LM,concat,1,\\nasac-m2.unige.ch\m-HumanNeuronLab\ANALYSIS\FLM\Analysis_LoraFanda\01_FBM_Analysis\outputs\04_ersp_LM_RAWONLY\PAT_3780\LM\ERSP_matrix\audio\PAT_3780_audio_WM_ERSP_TPG8_TN.npy,\\nasac-m2.unige.ch\m-HumanNeuronLab\ANALYSIS\FLM\Analysis_LoraFanda\01_FBM_Analysis\outputs\04_ersp_LM_RAWONLY\PAT_3780\LM\ERSP_matrix\audio\PAT_3780_audio_WM_ERSP_TPG8_TN.npy,\\nasac-m2.unige.ch\m-HumanNeuronLab\ANALYSIS\FLM\Analysis_LoraFanda\01_FBM_Analysis\outputs\04_ersp_LM_RAWONLY\PAT_3780\LM\ERSP_matrix\picture\PAT_3780_picture_WM_ERSP_TPG8_TN.npy,\\nasac-m2.unige.ch\m-HumanNeuronLab\ANALYSIS\FLM\Analysis_LoraFanda\01_FBM_Analysis\outputs\04_ersp_LM_RAWONLY\PAT_3780\LM\ERSP_matrix\reading\PAT_3780_reading_WM_ERSP_TPG8_TN.npy,1,0.3190654,1,PAT_3780|TPG8,1.3293608181903192e-12,0.14334827353444443,0.7272798798715753,2.1154489388568198e-08,0.01493670836830824,0.0001397443362734836,0.11429537273357995
619,PAT_3780,TPG9,TPG9,LM,concat,1,\\nasac-m2.unige.ch\m-HumanNeuronLab\ANALYSIS\FLM\Analysis_LoraFanda\01_FBM_Analysis\outputs\04_ersp_LM_RAWONLY\PAT_3780\LM\ERSP_matrix\audio\PAT_3780_audio_WM_ERSP_TPG9_TN.npy,\\nasac-m2.unige.ch\m-HumanNeuronLab\ANALYSIS\FLM\Analysis_LoraFanda\01_FBM_Analysis\outputs\04_ersp_LM_RAWONLY\PAT_3780\LM\ERSP_matrix\audio\PAT_3780_audio_WM_ERSP_TPG9_TN.npy,\\nasac-m2.unige.ch\m-HumanNeuronLab\ANALYSIS\FLM\Analysis_LoraFanda\01_FBM_Analysis\outputs\04_ersp_LM_RAWONLY\PAT_3780\LM\ERSP_matrix\picture\PAT_3780_picture_WM_ERSP_TPG9_TN.npy,\\nasac-m2.unige.ch\m-HumanNeuronLab\ANALYSIS\FLM\Analysis_LoraFanda\01_FBM_Analysis\outputs\04_ersp_LM_RAWONLY\PAT_3780\LM\ERSP_matrix\reading\PAT_3780_reading_WM_ERSP_TPG9_TN.npy,1,0.33416805,1,PAT_3780|TPG9,5.360606642063455e-19,0.16484335632655295,0.7837215151297889,1.0669157404811041e-08,0.0382076784815699,0.00027161919297552143,0.012955820199955009
620,PAT_3965,AD10,ad10,LM,concat,3,\\nasac-m2.unige.ch\m-HumanNeuronLab\ANALYSIS\FLM\Analysis_LoraFanda\01_FBM_Analysis\outputs\04_ersp_LM_RAWONLY\PAT_3965\LM\ERSP_matrix\audio\PAT_3965_audio_WM_ERSP_ad10_TN.npy,\\nasac-m2.unige.ch\m-HumanNeuronLab\ANALYSIS\FLM\Analysis_LoraFanda\01_FBM_Analysis\outputs\04_ersp_LM_RAWONLY\PAT_3965\LM\ERSP_matrix\audio\PAT_3965_audio_WM_ERSP_ad10_TN.npy,\\nasac-m2.unige.ch\m-HumanNeuronLab\ANALYSIS\FLM\Analysis_LoraFanda\01_FBM_Analysis\outputs\04_ersp_LM_RAWONLY\PAT_3965\LM\ERSP_matrix\picture\PAT_3965_picture_WM_ERSP_ad10_TN.npy,\\nasac-m2.unige.ch\m-HumanNeuronLab\ANALYSIS\FLM\Analysis_LoraFanda\01_FBM_Analysis\outputs\04_ersp_LM_RAWONLY\PAT_3965\LM\ERSP_matrix\reading\PAT_3965_reading_WM_ERSP_ad10_TN.npy,2,0.26880774,2,PAT_3965|AD10,8.058160699256889e-15,4.483886046398439e-15,0.22100154599918584,0.7227149508690112,1.3974007997824394e-07,0.056283046587510266,3.1680420015625843e-07
621,PAT_3965,AD3,ad3,LM,concat,2,\\nasac-m2.unige.ch\m-HumanNeuronLab\ANALYSIS\FLM\Analysis_LoraFanda\01_FBM_Analysis\outputs\04_ersp_LM_RAWONLY\PAT_3965\LM\ERSP_matrix\audio\PAT_3965_audio_WM_ERSP_ad3_TN.npy,\\nasac-m2.unige.ch\m-HumanNeuronLab\ANALYSIS\FLM\Analysis_LoraFanda\01_FBM_Analysis\outputs\04_ersp_LM_RAWONLY\PAT_3965\LM\ERSP_matrix\audio\PAT_3965_audio_WM_ERSP_ad3_TN.npy,\\nasac-m2.unige.ch\m-HumanNeuronLab\ANALYSIS\FLM\Analysis_LoraFanda\01_FBM_Analysis\outputs\04_ersp_LM_RAWONLY\PAT_3965\LM\ERSP_matrix\picture\PAT_3965_picture_WM_ERSP_ad3_TN.npy,\\nasac-m2.unige.ch\m-HumanNeuronLab\ANALYSIS\FLM\Analysis_LoraFanda\01_FBM_Analysis\outputs\04_ersp_LM_RAWONLY\PAT_3965\LM\ERSP_matrix\reading\PAT_3965_reading_WM_ERSP_ad3_TN.npy,2,0.23614472,2,PAT_3965|AD3,9.780928287081284e-09,4.076877848794395e-15,0.2423011550188117,0.6298286100385796,2.5331472079119594e-10,0.12786879662359976,1.428284761933281e-06
622,PAT_3965,AD4,ad4,LM,concat,2,\\nasac-m2.unige.ch\m-HumanNeuronLab\ANALYSIS\FLM\Analysis_LoraFanda\01_FBM_Analysis\outputs\04_ersp_LM_RAWONLY\PAT_3965\LM\ERSP_matrix\audio\PAT_3965_audio_WM_ERSP_ad4_TN.npy,\\nasac-m2.unige.ch\m-HumanNeuronLab\ANALYSIS\FLM\Analysis_LoraFanda\01_FBM_Analysis\outputs\04_ersp_LM_RAWONLY\PAT_3965\LM\ERSP_matrix\audio\PAT_3965_audio_WM_ERSP_ad4_TN.npy,\\nasac-m2.unige.ch\m-HumanNeuronLab\ANALYSIS\FLM\Analysis_LoraFanda\01_FBM_Analysis\outputs\04_ersp_LM_RAWONLY\PAT_3965\LM\ERSP_matrix\picture\PAT_3965_picture_WM_ERSP_ad4_TN.npy,\\nasac-m2.unige.ch\m-HumanNeuronLab\ANALYSIS\FLM\Analysis_LoraFanda\01_FBM_Analysis\outputs\04_ersp_LM_RAWONLY\PAT_3965\LM\ERSP_matrix\reading\PAT_3965_reading_WM_ERSP_ad4_TN.npy,2,0.2762001,2,PAT_3965|AD4,2.2919350904170422e-08,6.090559395505403e-17,0.21079780239895238,0.6490408378664637,2.5908890135215227e-11,0.14016001817660867,1.3186127154122181e-06
623,PAT_3965,AD5,ad5,LM,concat,2,\\nasac-m2.unige.ch\m-HumanNeuronLab\ANALYSIS\FLM\Analysis_LoraFanda\01_FBM_Analysis\outputs\04_ersp_LM_RAWONLY\PAT_3965\LM\ERSP_matrix\audio\PAT_3965_audio_WM_ERSP_ad5_TN.npy,\\nasac-m2.unige.ch\m-HumanNeuronLab\ANALYSIS\FLM\Analysis_LoraFanda\01_FBM_Analysis\outputs\04_ersp_LM_RAWONLY\PAT_3965\LM\ERSP_matrix\audio\PAT_3965_audio_WM_ERSP_ad5_TN.npy,\\nasac-m2.unige.ch\m-HumanNeuronLab\ANALYSIS\FLM\Analysis_LoraFanda\01_FBM_Analysis\outputs\04_ersp_LM_RAWONLY\PAT_3965\LM\ERSP_matrix\picture\PAT_3965_picture_WM_ERSP_ad5_TN.npy,\\nasac-m2.unige.ch\m-HumanNeuronLab\ANALYSIS\FLM\Analysis_LoraFanda\01_FBM_Analysis\outputs\04_ersp_LM_RAWONLY\PAT_3965\LM\ERSP_matrix\reading\PAT_3965_reading_WM_ERSP_ad5_TN.npy,2,0.28451276,2,PAT_3965|AD5,9.733633180009646e-12,3.8121907649835175e-15,0.2332183409906413,0.6369902428871308,2.9720051716973424e-07,0.12978902318963376,2.095722339664052e-06
624,PAT_3965,AD6,ad6,LM,concat,3,\\nasac-m2.unige.ch\m-HumanNeuronLab\ANALYSIS\FLM\Analysis_LoraFanda\01_FBM_Analysis\outputs\04_ersp_LM_RAWONLY\PAT_3965\LM\ERSP_matrix\audio\PAT_3965_audio_WM_ERSP_ad6_TN.npy,\\nasac-m2.unige.ch\m-HumanNeuronLab\ANALYSIS\FLM\Analysis_LoraFanda\01_FBM_Analysis\outputs\04_ersp_LM_RAWONLY\PAT_3965\LM\ERSP_matrix\audio\PAT_3965_audio_WM_ERSP_ad6_TN.npy,\\nasac-m2.unige.ch\m-HumanNeuronLab\ANALYSIS\FLM\Analysis_LoraFanda\01_FBM_Analysis\outputs\04_ersp_LM_RAWONLY\PAT_3965\LM\ERSP_matrix\picture\PAT_3965_picture_WM_ERSP_ad6_TN.npy,\\nasac-m2.unige.ch\m-HumanNeuronLab\ANALYSIS\FLM\Analysis_LoraFanda\01_FBM_Analysis\outputs\04_ersp_LM_RAWONLY\PAT_3965\LM\ERSP_matrix\reading\PAT_3965_reading_WM_ERSP_ad6_TN.npy,2,0.29686362,2,PAT_3965|AD6,2.7693456415276713e-11,1.1228787877778486e-14,0.19066840629090587,0.6745133323622436,2.153284982670249e-07,0.13481521270560073,2.8332850468960107e-06
625,PAT_3965,AD7,ad7,LM,concat,3,\\nasac-m2.unige.ch\m-HumanNeuronLab\ANALYSIS\FLM\Analysis_LoraFanda\01_FBM_Analysis\outputs\04_ersp_LM_RAWONLY\PAT_3965\LM\ERSP_matrix\audio\PAT_3965_audio_WM_ERSP_ad7_TN.npy,\\nasac-m2.unige.ch\m-HumanNeuronLab\ANALYSIS\FLM\Analysis_LoraFanda\01_FBM_Analysis\outputs\04_ersp_LM_RAWONLY\PAT_3965\LM\ERSP_matrix\audio\PAT_3965_audio_WM_ERSP_ad7_TN.npy,\\nasac-m2.unige.ch\m-HumanNeuronLab\ANALYSIS\FLM\Analysis_LoraFanda\01_FBM_Analysis\outputs\04_ersp_LM_RAWONLY\PAT_3965\LM\ERSP_matrix\picture\PAT_3965_picture_WM_ERSP_ad7_TN.npy,\\nasac-m2.unige.ch\m-HumanNeuronLab\ANALYSIS\FLM\Analysis_LoraFanda\01_FBM_Analysis\outputs\04_ersp_LM_RAWONLY\PAT_3965\LM\ERSP_matrix\reading\PAT_3965_reading_WM_ERSP_ad7_TN.npy,2,0.28895876,2,PAT_3965|AD7,4.211908231441343e-14,8.946907788106709e-15,0.20857042999119355,0.6867349082699848,1.7022470297230873e-06,0.10469102544986784,1.9340418729678506e-06
626,PAT_3965,AD8,ad8,LM,concat,3,\\nasac-m2.unige.ch\m-HumanNeuronLab\ANALYSIS\FLM\Analysis_LoraFanda\01_FBM_Analysis\outputs\04_ersp_LM_RAWONLY\PAT_3965\LM\ERSP_matrix\audio\PAT_3965_audio_WM_ERSP_ad8_TN.npy,\\nasac-m2.unige.ch\m-HumanNeuronLab\ANALYSIS\FLM\Analysis_LoraFanda\01_FBM_Analysis\outputs\04_ersp_LM_RAWONLY\PAT_3965\LM\ERSP_matrix\audio\PAT_3965_audio_WM_ERSP_ad8_TN.npy,\\nasac-m2.unige.ch\m-HumanNeuronLab\ANALYSIS\FLM\Analysis_LoraFanda\01_FBM_Analysis\outputs\04_ersp_LM_RAWONLY\PAT_3965\LM\ERSP_matrix\picture\PAT_3965_picture_WM_ERSP_ad8_TN.npy,\\nasac-m2.unige.ch\m-HumanNeuronLab\ANALYSIS\FLM\Analysis_LoraFanda\01_FBM_Analysis\outputs\04_ersp_LM_RAWONLY\PAT_3965\LM\ERSP_matrix\reading\PAT_3965_reading_WM_ERSP_ad8_TN.npy,2,0.2810616,2,PAT_3965|AD8,7.034334850685273e-14,2.2606020547364125e-14,0.21717221618101257,0.6876094997834624,3.263804768398925e-06,0.09521356289713856,1.4573335251280148e-06
627,PAT_3965,AG1,ag1,LM,concat,1,\\nasac-m2.unige.ch\m-HumanNeuronLab\ANALYSIS\FLM\Analysis_LoraFanda\01_FBM_Analysis\outputs\04_ersp_LM_RAWONLY\PAT_3965\LM\ERSP_matrix\audio\PAT_3965_audio_WM_ERSP_ag1_TN.npy,\\nasac-m2.unige.ch\m-HumanNeuronLab\ANALYSIS\FLM\Analysis_LoraFanda\01_FBM_Analysis\outputs\04_ersp_LM_RAWONLY\PAT_3965\LM\ERSP_matrix\audio\PAT_3965_audio_WM_ERSP_ag1_TN.npy,\\nasac-m2.unige.ch\m-HumanNeuronLab\ANALYSIS\FLM\Analysis_LoraFanda\01_FBM_Analysis\outputs\04_ersp_LM_RAWONLY\PAT_3965\LM\ERSP_matrix\picture\PAT_3965_picture_WM_ERSP_ag1_TN.npy,\\nasac-m2.unige.ch\m-HumanNeuronLab\ANALYSIS\FLM\Analysis_LoraFanda\01_FBM_Analysis\outputs\04_ersp_LM_RAWONLY\PAT_3965\LM\ERSP_matrix\reading\PAT_3965_reading_WM_ERSP_ag1_TN.npy,1,0.14907666,1,PAT_3965|AG1,0.4030049666584316,0.11050159348813211,3.7542236167702933e-10,0.33775112218911346,0.09642469079849887,0.03127562225498895,0.02104200423541254
628,PAT_3965,AG10,ag10,LM,concat,3,\\nasac-m2.unige.ch\m-HumanNeuronLab\ANALYSIS\FLM\Analysis_LoraFanda\01_FBM_Analysis\outputs\04_ersp_LM_RAWONLY\PAT_3965\LM\ERSP_matrix\audio\PAT_3965_audio_WM_ERSP_ag10_TN.npy,\\nasac-m2.unige.ch\m-HumanNeuronLab\ANALYSIS\FLM\Analysis_LoraFanda\01_FBM_Analysis\outputs\04_ersp_LM_RAWONLY\PAT_3965\LM\ERSP_matrix\audio\PAT_3965_audio_WM_ERSP_ag10_TN.npy,\\nasac-m2.unige.ch\m-HumanNeuronLab\ANALYSIS\FLM\Analysis_LoraFanda\01_FBM_Analysis\outputs\04_ersp_LM_RAWONLY\PAT_3965\LM\ERSP_matrix\picture\PAT_3965_picture_WM_ERSP_ag10_TN.npy,\\nasac-m2.unige.ch\m-HumanNeuronLab\ANALYSIS\FLM\Analysis_LoraFanda\01_FBM_Analysis\outputs\04_ersp_LM_RAWONLY\PAT_3965\LM\ERSP_matrix\reading\PAT_3965_reading_WM_ERSP_ag10_TN.npy,2,0.18008624,2,PAT_3965|AG10,0.10019066082360903,0.18051804396587814,2.9895853870681655e-15,0.34504607694861217,0.3715475812508761,0.00022203978674032785,0.002475597224281297
629,PAT_3965,AG2,ag2,LM,concat,1,\\nasac-m2.unige.ch\m-HumanNeuronLab\ANALYSIS\FLM\Analysis_LoraFanda\01_FBM_Analysis\outputs\04_ersp_LM_RAWONLY\PAT_3965\LM\ERSP_matrix\audio\PAT_3965_audio_WM_ERSP_ag2_TN.npy,\\nasac-m2.unige.ch\m-HumanNeuronLab\ANALYSIS\FLM\Analysis_LoraFanda\01_FBM_Analysis\outputs\04_ersp_LM_RAWONLY\PAT_3965\LM\ERSP_matrix\audio\PAT_3965_audio_WM_ERSP_ag2_TN.npy,\\nasac-m2.unige.ch\m-HumanNeuronLab\ANALYSIS\FLM\Analysis_LoraFanda\01_FBM_Analysis\outputs\04_ersp_LM_RAWONLY\PAT_3965\LM\ERSP_matrix\picture\PAT_3965_picture_WM_ERSP_ag2_TN.npy,\\nasac-m2.unige.ch\m-HumanNeuronLab\ANALYSIS\FLM\Analysis_LoraFanda\01_FBM_Analysis\outputs\04_ersp_LM_RAWONLY\PAT_3965\LM\ERSP_matrix\reading\PAT_3965_reading_WM_ERSP_ag2_TN.npy,1,0.22121719,1,PAT_3965|AG2,0.14632391540663653,0.17755998110272722,0.07043884420346333,0.34751555367475273,0.1345067177363308,1.5455816243833738e-11,0.12365498786063346
630,PAT_3965,AG3,ag3,LM,concat,1,\\nasac-m2.unige.ch\m-HumanNeuronLab\ANALYSIS\FLM\Analysis_LoraFanda\01_FBM_Analysis\outputs\04_ersp_LM_RAWONLY\PAT_3965\LM\ERSP_matrix\audio\PAT_3965_audio_WM_ERSP_ag3_TN.npy,\\nasac-m2.unige.ch\m-HumanNeuronLab\ANALYSIS\FLM\Analysis_LoraFanda\01_FBM_Analysis\outputs\04_ersp_LM_RAWONLY\PAT_3965\LM\ERSP_matrix\audio\PAT_3965_audio_WM_ERSP_ag3_TN.npy,\\nasac-m2.unige.ch\m-HumanNeuronLab\ANALYSIS\FLM\Analysis_LoraFanda\01_FBM_Analysis\outputs\04_ersp_LM_RAWONLY\PAT_3965\LM\ERSP_matrix\picture\PAT_3965_picture_WM_ERSP_ag3_TN.npy,\\nasac-m2.unige.ch\m-HumanNeuronLab\ANALYSIS\FLM\Analysis_LoraFanda\01_FBM_Analysis\outputs\04_ersp_LM_RAWONLY\PAT_3965\LM\ERSP_matrix\reading\PAT_3965_reading_WM_ERSP_ag3_TN.npy,2,0.07079909,2,PAT_3965|AG3,0.03602370291678463,0.11357027536625737,3.2131755755500535e-06,0.4788052672327479,0.3345826716636711,0.02982576956058124,0.0071891000843819644
631,PAT_3965,AG4,ag4,LM,concat,1,\\nasac-m2.unige.ch\m-HumanNeuronLab\ANALYSIS\FLM\Analysis_LoraFanda\01_FBM_Analysis\outputs\04_ersp_LM_RAWONLY\PAT_3965\LM\ERSP_matrix\audio\PAT_3965_audio_WM_ERSP_ag4_TN.npy,\\nasac-m2.unige.ch\m-HumanNeuronLab\ANALYSIS\FLM\Analysis_LoraFanda\01_FBM_Analysis\outputs\04_ersp_LM_RAWONLY\PAT_3965\LM\ERSP_matrix\audio\PAT_3965_audio_WM_ERSP_ag4_TN.npy,\\nasac-m2.unige.ch\m-HumanNeuronLab\ANALYSIS\FLM\Analysis_LoraFanda\01_FBM_Analysis\outputs\04_ersp_LM_RAWONLY\PAT_3965\LM\ERSP_matrix\picture\PAT_3965_picture_WM_ERSP_ag4_TN.npy,\\nasac-m2.unige.ch\m-HumanNeuronLab\ANALYSIS\FLM\Analysis_LoraFanda\01_FBM_Analysis\outputs\04_ersp_LM_RAWONLY\PAT_3965\LM\ERSP_matrix\reading\PAT_3965_reading_WM_ERSP_ag4_TN.npy,2,0.15472038,2,PAT_3965|AG4,0.11287358001056705,0.13821408616057151,1.2893435987965712e-13,0.3927886027813407,0.2906619643877954,0.0498891047216356,0.015572661937960721
632,PAT_3965,AG5,ag5,LM,concat,2,\\nasac-m2.unige.ch\m-HumanNeuronLab\ANALYSIS\FLM\Analysis_LoraFanda\01_FBM_Analysis\outputs\04_ersp_LM_RAWONLY\PAT_3965\LM\ERSP_matrix\audio\PAT_3965_audio_WM_ERSP_ag5_TN.npy,\\nasac-m2.unige.ch\m-HumanNeuronLab\ANALYSIS\FLM\Analysis_LoraFanda\01_FBM_Analysis\outputs\04_ersp_LM_RAWONLY\PAT_3965\LM\ERSP_matrix\audio\PAT_3965_audio_WM_ERSP_ag5_TN.npy,\\nasac-m2.unige.ch\m-HumanNeuronLab\ANALYSIS\FLM\Analysis_LoraFanda\01_FBM_Analysis\outputs\04_ersp_LM_RAWONLY\PAT_3965\LM\ERSP_matrix\picture\PAT_3965_picture_WM_ERSP_ag5_TN.npy,\\nasac-m2.unige.ch\m-HumanNeuronLab\ANALYSIS\FLM\Analysis_LoraFanda\01_FBM_Analysis\outputs\04_ersp_LM_RAWONLY\PAT_3965\LM\ERSP_matrix\reading\PAT_3965_reading_WM_ERSP_ag5_TN.npy,2,0.18347292,2,PAT_3965|AG5,0.1076330377810646,0.15827959735072147,1.2363300201390148e-14,0.3882705117453818,0.29844171400984054,0.03533388324023517,0.01204125587274418
633,PAT_3965,AG6,ag6,LM,concat,2,\\nasac-m2.unige.ch\m-HumanNeuronLab\ANALYSIS\FLM\Analysis_LoraFanda\01_FBM_Analysis\outputs\04_ersp_LM_RAWONLY\PAT_3965\LM\ERSP_matrix\audio\PAT_3965_audio_WM_ERSP_ag6_TN.npy,\\nasac-m2.unige.ch\m-HumanNeuronLab\ANALYSIS\FLM\Analysis_LoraFanda\01_FBM_Analysis\outputs\04_ersp_LM_RAWONLY\PAT_3965\LM\ERSP_matrix\audio\PAT_3965_audio_WM_ERSP_ag6_TN.npy,\\nasac-m2.unige.ch\m-HumanNeuronLab\ANALYSIS\FLM\Analysis_LoraFanda\01_FBM_Analysis\outputs\04_ersp_LM_RAWONLY\PAT_3965\LM\ERSP_matrix\picture\PAT_3965_picture_WM_ERSP_ag6_TN.npy,\\nasac-m2.unige.ch\m-HumanNeuronLab\ANALYSIS\FLM\Analysis_LoraFanda\01_FBM_Analysis\outputs\04_ersp_LM_RAWONLY\PAT_3965\LM\ERSP_matrix\reading\PAT_3965_reading_WM_ERSP_ag6_TN.npy,2,0.185401,2,PAT_3965|AG6,0.10442708136804794,0.16354533230750015,1.3257137355703382e-14,0.37443164921526934,0.3128139081080745,0.033405958338720086,0.011376070662374711
634,PAT_3965,AG7,ag7,LM,concat,3,\\nasac-m2.unige.ch\m-HumanNeuronLab\ANALYSIS\FLM\Analysis_LoraFanda\01_FBM_Analysis\outputs\04_ersp_LM_RAWONLY\PAT_3965\LM\ERSP_matrix\audio\PAT_3965_audio_WM_ERSP_ag7_TN.npy,\\nasac-m2.unige.ch\m-HumanNeuronLab\ANALYSIS\FLM\Analysis_LoraFanda\01_FBM_Analysis\outputs\04_ersp_LM_RAWONLY\PAT_3965\LM\ERSP_matrix\audio\PAT_3965_audio_WM_ERSP_ag7_TN.npy,\\nasac-m2.unige.ch\m-HumanNeuronLab\ANALYSIS\FLM\Analysis_LoraFanda\01_FBM_Analysis\outputs\04_ersp_LM_RAWONLY\PAT_3965\LM\ERSP_matrix\picture\PAT_3965_picture_WM_ERSP_ag7_TN.npy,\\nasac-m2.unige.ch\m-HumanNeuronLab\ANALYSIS\FLM\Analysis_LoraFanda\01_FBM_Analysis\outputs\04_ersp_LM_RAWONLY\PAT_3965\LM\ERSP_matrix\reading\PAT_3965_reading_WM_ERSP_ag7_TN.npy,2,0.18285576,2,PAT_3965|AG7,0.08212144251787988,0.1890185340285651,1.8232370553971005e-15,0.37362930851385273,0.3270570218922136,0.015087107009805372,0.013086586037681534
635,PAT_3965,AG8,ag8,LM,concat,3,\\nasac-m2.unige.ch\m-HumanNeuronLab\ANALYSIS\FLM\Analysis_LoraFanda\01_FBM_Analysis\outputs\04_ersp_LM_RAWONLY\PAT_3965\LM\ERSP_matrix\audio\PAT_3965_audio_WM_ERSP_ag8_TN.npy,\\nasac-m2.unige.ch\m-HumanNeuronLab\ANALYSIS\FLM\Analysis_LoraFanda\01_FBM_Analysis\outputs\04_ersp_LM_RAWONLY\PAT_3965\LM\ERSP_matrix\audio\PAT_3965_audio_WM_ERSP_ag8_TN.npy,\\nasac-m2.unige.ch\m-HumanNeuronLab\ANALYSIS\FLM\Analysis_LoraFanda\01_FBM_Analysis\outputs\04_ersp_LM_RAWONLY\PAT_3965\LM\ERSP_matrix\picture\PAT_3965_picture_WM_ERSP_ag8_TN.npy,\\nasac-m2.unige.ch\m-HumanNeuronLab\ANALYSIS\FLM\Analysis_LoraFanda\01_FBM_Analysis\outputs\04_ersp_LM_RAWONLY\PAT_3965\LM\ERSP_matrix\reading\PAT_3965_reading_WM_ERSP_ag8_TN.npy,2,0.17751297,2,PAT_3965|AG8,0.11249041870690103,0.16393998392476294,3.524683803564078e-15,0.35441785954551697,0.3262170477800512,0.03689258584822393,0.006042104194540415
636,PAT_3965,AG9,ag9,LM,concat,3,\\nasac-m2.unige.ch\m-HumanNeuronLab\ANALYSIS\FLM\Analysis_LoraFanda\01_FBM_Analysis\outputs\04_ersp_LM_RAWONLY\PAT_3965\LM\ERSP_matrix\audio\PAT_3965_audio_WM_ERSP_ag9_TN.npy,\\nasac-m2.unige.ch\m-HumanNeuronLab\ANALYSIS\FLM\Analysis_LoraFanda\01_FBM_Analysis\outputs\04_ersp_LM_RAWONLY\PAT_3965\LM\ERSP_matrix\audio\PAT_3965_audio_WM_ERSP_ag9_TN.npy,\\nasac-m2.unige.ch\m-HumanNeuronLab\ANALYSIS\FLM\Analysis_LoraFanda\01_FBM_Analysis\outputs\04_ersp_LM_RAWONLY\PAT_3965\LM\ERSP_matrix\picture\PAT_3965_picture_WM_ERSP_ag9_TN.npy,\\nasac-m2.unige.ch\m-HumanNeuronLab\ANALYSIS\FLM\Analysis_LoraFanda\01_FBM_Analysis\outputs\04_ersp_LM_RAWONLY\PAT_3965\LM\ERSP_matrix\reading\PAT_3965_reading_WM_ERSP_ag9_TN.npy,2,0.1844046,2,PAT_3965|AG9,0.0678635564061409,0.19366079348390605,1.3241015606646375e-15,0.3653861967531544,0.3634527464842441,0.002540561851120792,0.007096145021432331
637,PAT_3965,CAD10,cad10,LM,concat,1,\\nasac-m2.unige.ch\m-HumanNeuronLab\ANALYSIS\FLM\Analysis_LoraFanda\01_FBM_Analysis\outputs\04_ersp_LM_RAWONLY\PAT_3965\LM\ERSP_matrix\audio\PAT_3965_audio_WM_ERSP_cad10_TN.npy,\\nasac-m2.unige.ch\m-HumanNeuronLab\ANALYSIS\FLM\Analysis_LoraFanda\01_FBM_Analysis\outputs\04_ersp_LM_RAWONLY\PAT_3965\LM\ERSP_matrix\audio\PAT_3965_audio_WM_ERSP_cad10_TN.npy,\\nasac-m2.unige.ch\m-HumanNeuronLab\ANALYSIS\FLM\Analysis_LoraFanda\01_FBM_Analysis\outputs\04_ersp_LM_RAWONLY\PAT_3965\LM\ERSP_matrix\picture\PAT_3965_picture_WM_ERSP_cad10_TN.npy,\\nasac-m2.unige.ch\m-HumanNeuronLab\ANALYSIS\FLM\Analysis_LoraFanda\01_FBM_Analysis\outputs\04_ersp_LM_RAWONLY\PAT_3965\LM\ERSP_matrix\reading\PAT_3965_reading_WM_ERSP_cad10_TN.npy,2,0.12146376,2,PAT_3965|CAD10,0.0010946196555103355,1.2406221395172034e-21,0.03607037420749849,0.9628349807670877,1.7510153445055257e-32,1.8919501971701857e-09,2.347795331707243e-08
638,PAT_3965,CAD11,cad11,LM,concat,1,\\nasac-m2.unige.ch\m-HumanNeuronLab\ANALYSIS\FLM\Analysis_LoraFanda\01_FBM_Analysis\outputs\04_ersp_LM_RAWONLY\PAT_3965\LM\ERSP_matrix\audio\PAT_3965_audio_WM_ERSP_cad11_TN.npy,\\nasac-m2.unige.ch\m-HumanNeuronLab\ANALYSIS\FLM\Analysis_LoraFanda\01_FBM_Analysis\outputs\04_ersp_LM_RAWONLY\PAT_3965\LM\ERSP_matrix\audio\PAT_3965_audio_WM_ERSP_cad11_TN.npy,\\nasac-m2.unige.ch\m-HumanNeuronLab\ANALYSIS\FLM\Analysis_LoraFanda\01_FBM_Analysis\outputs\04_ersp_LM_RAWONLY\PAT_3965\LM\ERSP_matrix\picture\PAT_3965_picture_WM_ERSP_cad11_TN.npy,\\nasac-m2.unige.ch\m-HumanNeuronLab\ANALYSIS\FLM\Analysis_LoraFanda\01_FBM_Analysis\outputs\04_ersp_LM_RAWONLY\PAT_3965\LM\ERSP_matrix\reading\PAT_3965_reading_WM_ERSP_cad11_TN.npy,2,0.05016823,2,PAT_3965|CAD11,0.0008432477416069553,1.5655613419423553e-21,0.006243905817622823,0.9929128464175263,6.354592783260574e-48,1.1619073986279061e-26,2.3243870861693195e-11
639,PAT_3965,CAD12,cad12,LM,concat,3,\\nasac-m2.unige.ch\m-HumanNeuronLab\ANALYSIS\FLM\Analysis_LoraFanda\01_FBM_Analysis\outputs\04_ersp_LM_RAWONLY\PAT_3965\LM\ERSP_matrix\audio\PAT_3965_audio_WM_ERSP_cad12_TN.npy,\\nasac-m2.unige.ch\m-HumanNeuronLab\ANALYSIS\FLM\Analysis_LoraFanda\01_FBM_Analysis\outputs\04_ersp_LM_RAWONLY\PAT_3965\LM\ERSP_matrix\audio\PAT_3965_audio_WM_ERSP_cad12_TN.npy,\\nasac-m2.unige.ch\m-HumanNeuronLab\ANALYSIS\FLM\Analysis_LoraFanda\01_FBM_Analysis\outputs\04_ersp_LM_RAWONLY\PAT_3965\LM\ERSP_matrix\picture\PAT_3965_picture_WM_ERSP_cad12_TN.npy,\\nasac-m2.unige.ch\m-HumanNeuronLab\ANALYSIS\FLM\Analysis_LoraFanda\01_FBM_Analysis\outputs\04_ersp_LM_RAWONLY\PAT_3965\LM\ERSP_matrix\reading\PAT_3965_reading_WM_ERSP_cad12_TN.npy,2,0.087748,2,PAT_3965|CAD12,1.8368933228674773e-14,8.833938569635604e-26,0.16879165831349838,0.8312083416850746,1.5845808933622835e-48,6.744677978943328e-30,1.4085747095540777e-12
640,PAT_3965,CAG12,cag12,LM,concat,1,\\nasac-m2.unige.ch\m-HumanNeuronLab\ANALYSIS\FLM\Analysis_LoraFanda\01_FBM_Analysis\outputs\04_ersp_LM_RAWONLY\PAT_3965\LM\ERSP_matrix\audio\PAT_3965_audio_WM_ERSP_cag12_TN.npy,\\nasac-m2.unige.ch\m-HumanNeuronLab\ANALYSIS\FLM\Analysis_LoraFanda\01_FBM_Analysis\outputs\04_ersp_LM_RAWONLY\PAT_3965\LM\ERSP_matrix\audio\PAT_3965_audio_WM_ERSP_cag12_TN.npy,\\nasac-m2.unige.ch\m-HumanNeuronLab\ANALYSIS\FLM\Analysis_LoraFanda\01_FBM_Analysis\outputs\04_ersp_LM_RAWONLY\PAT_3965\LM\ERSP_matrix\picture\PAT_3965_picture_WM_ERSP_cag12_TN.npy,\\nasac-m2.unige.ch\m-HumanNeuronLab\ANALYSIS\FLM\Analysis_LoraFanda\01_FBM_Analysis\outputs\04_ersp_LM_RAWONLY\PAT_3965\LM\ERSP_matrix\reading\PAT_3965_reading_WM_ERSP_cag12_TN.npy,1,0.29705712,1,PAT_3965|CAG12,0.2840467026356856,7.78455821841253e-12,0.08864570892238949,0.18305794020698174,0.2194308602537558,0.2208000090237815,0.004018778949621348
641,PAT_3965,CPG8,cpg8,LM,concat,1,\\nasac-m2.unige.ch\m-HumanNeuronLab\ANALYSIS\FLM\Analysis_LoraFanda\01_FBM_Analysis\outputs\04_ersp_LM_RAWONLY\PAT_3965\LM\ERSP_matrix\audio\PAT_3965_audio_WM_ERSP_cpg8_TN.npy,\\nasac-m2.unige.ch\m-HumanNeuronLab\ANALYSIS\FLM\Analysis_LoraFanda\01_FBM_Analysis\outputs\04_ersp_LM_RAWONLY\PAT_3965\LM\ERSP_matrix\audio\PAT_3965_audio_WM_ERSP_cpg8_TN.npy,\\nasac-m2.unige.ch\m-HumanNeuronLab\ANALYSIS\FLM\Analysis_LoraFanda\01_FBM_Analysis\outputs\04_ersp_LM_RAWONLY\PAT_3965\LM\ERSP_matrix\picture\PAT_3965_picture_WM_ERSP_cpg8_TN.npy,\\nasac-m2.unige.ch\m-HumanNeuronLab\ANALYSIS\FLM\Analysis_LoraFanda\01_FBM_Analysis\outputs\04_ersp_LM_RAWONLY\PAT_3965\LM\ERSP_matrix\reading\PAT_3965_reading_WM_ERSP_cpg8_TN.npy,1,0.36888483,1,PAT_3965|CPG8,0.33907893893420143,0.10540413535607947,1.4809290574018336e-16,0.07160165375504292,0.16364209451725367,0.30226383046976946,0.01800934696765296
642,PAT_3965,HAD10,had10,LM,concat,3,\\nasac-m2.unige.ch\m-HumanNeuronLab\ANALYSIS\FLM\Analysis_LoraFanda\01_FBM_Analysis\outputs\04_ersp_LM_RAWONLY\PAT_3965\LM\ERSP_matrix\audio\PAT_3965_audio_WM_ERSP_had10_TN.npy,\\nasac-m2.unige.ch\m-HumanNeuronLab\ANALYSIS\FLM\Analysis_LoraFanda\01_FBM_Analysis\outputs\04_ersp_LM_RAWONLY\PAT_3965\LM\ERSP_matrix\audio\PAT_3965_audio_WM_ERSP_had10_TN.npy,\\nasac-m2.unige.ch\m-HumanNeuronLab\ANALYSIS\FLM\Analysis_LoraFanda\01_FBM_Analysis\outputs\04_ersp_LM_RAWONLY\PAT_3965\LM\ERSP_matrix\picture\PAT_3965_picture_WM_ERSP_had10_TN.npy,\\nasac-m2.unige.ch\m-HumanNeuronLab\ANALYSIS\FLM\Analysis_LoraFanda\01_FBM_Analysis\outputs\04_ersp_LM_RAWONLY\PAT_3965\LM\ERSP_matrix\reading\PAT_3965_reading_WM_ERSP_had10_TN.npy,2,0.29964668,2,PAT_3965|HAD10,1.5097639007791458e-12,4.037014976279339e-13,0.19175708518443096,0.7308784249008526,6.972893137094528e-09,0.07736392976289333,5.531770165666265e-07
643,PAT_3965,HAD4,had4,LM,concat,1,\\nasac-m2.unige.ch\m-HumanNeuronLab\ANALYSIS\FLM\Analysis_LoraFanda\01_FBM_Analysis\outputs\04_ersp_LM_RAWONLY\PAT_3965\LM\ERSP_matrix\audio\PAT_3965_audio_WM_ERSP_had4_TN.npy,\\nasac-m2.unige.ch\m-HumanNeuronLab\ANALYSIS\FLM\Analysis_LoraFanda\01_FBM_Analysis\outputs\04_ersp_LM_RAWONLY\PAT_3965\LM\ERSP_matrix\audio\PAT_3965_audio_WM_ERSP_had4_TN.npy,\\nasac-m2.unige.ch\m-HumanNeuronLab\ANALYSIS\FLM\Analysis_LoraFanda\01_FBM_Analysis\outputs\04_ersp_LM_RAWONLY\PAT_3965\LM\ERSP_matrix\picture\PAT_3965_picture_WM_ERSP_had4_TN.npy,\\nasac-m2.unige.ch\m-HumanNeuronLab\ANALYSIS\FLM\Analysis_LoraFanda\01_FBM_Analysis\outputs\04_ersp_LM_RAWONLY\PAT_3965\LM\ERSP_matrix\reading\PAT_3965_reading_WM_ERSP_had4_TN.npy,2,0.24821943,2,PAT_3965|HAD4,4.8368982478262355e-12,1.399389657060133e-17,0.06208387709933093,0.812219125550011,1.216918473411694e-15,0.12569601576622022,9.815795998603922e-07
644,PAT_3965,HAD5,had5,LM,concat,2,\\nasac-m2.unige.ch\m-HumanNeuronLab\ANALYSIS\FLM\Analysis_LoraFanda\01_FBM_Analysis\outputs\04_ersp_LM_RAWONLY\PAT_3965\LM\ERSP_matrix\audio\PAT_3965_audio_WM_ERSP_had5_TN.npy,\\nasac-m2.unige.ch\m-HumanNeuronLab\ANALYSIS\FLM\Analysis_LoraFanda\01_FBM_Analysis\outputs\04_ersp_LM_RAWONLY\PAT_3965\LM\ERSP_matrix\audio\PAT_3965_audio_WM_ERSP_had5_TN.npy,\\nasac-m2.unige.ch\m-HumanNeuronLab\ANALYSIS\FLM\Analysis_LoraFanda\01_FBM_Analysis\outputs\04_ersp_LM_RAWONLY\PAT_3965\LM\ERSP_matrix\picture\PAT_3965_picture_WM_ERSP_had5_TN.npy,\\nasac-m2.unige.ch\m-HumanNeuronLab\ANALYSIS\FLM\Analysis_LoraFanda\01_FBM_Analysis\outputs\04_ersp_LM_RAWONLY\PAT_3965\LM\ERSP_matrix\reading\PAT_3965_reading_WM_ERSP_had5_TN.npy,2,0.2856668,2,PAT_3965|HAD5,8.57710645831518e-14,1.1740905782864733e-13,0.152819185603856,0.6734793067434304,3.627006839135508e-08,0.17369885738719373,2.6139952484571623e-06
645,PAT_3965,HAD6,had6,LM,concat,2,\\nasac-m2.unige.ch\m-HumanNeuronLab\ANALYSIS\FLM\Analysis_LoraFanda\01_FBM_Analysis\outputs\04_ersp_LM_RAWONLY\PAT_3965\LM\ERSP_matrix\audio\PAT_3965_audio_WM_ERSP_had6_TN.npy,\\nasac-m2.unige.ch\m-HumanNeuronLab\ANALYSIS\FLM\Analysis_LoraFanda\01_FBM_Analysis\outputs\04_ersp_LM_RAWONLY\PAT_3965\LM\ERSP_matrix\audio\PAT_3965_audio_WM_ERSP_had6_TN.npy,\\nasac-m2.unige.ch\m-HumanNeuronLab\ANALYSIS\FLM\Analysis_LoraFanda\01_FBM_Analysis\outputs\04_ersp_LM_RAWONLY\PAT_3965\LM\ERSP_matrix\picture\PAT_3965_picture_WM_ERSP_had6_TN.npy,\\nasac-m2.unige.ch\m-HumanNeuronLab\ANALYSIS\FLM\Analysis_LoraFanda\01_FBM_Analysis\outputs\04_ersp_LM_RAWONLY\PAT_3965\LM\ERSP_matrix\reading\PAT_3965_reading_WM_ERSP_had6_TN.npy,2,0.30058905,2,PAT_3965|HAD6,7.23127867832776e-13,1.1467367624889326e-12,0.16438569155493826,0.6672312536199116,6.523259781050106e-07,0.1683780148971147,4.387600187473629e-06
646,PAT_3965,HAD8,had8,LM,concat,2,\\nasac-m2.unige.ch\m-HumanNeuronLab\ANALYSIS\FLM\Analysis_LoraFanda\01_FBM_Analysis\outputs\04_ersp_LM_RAWONLY\PAT_3965\LM\ERSP_matrix\audio\PAT_3965_audio_WM_ERSP_had8_TN.npy,\\nasac-m2.unige.ch\m-HumanNeuronLab\ANALYSIS\FLM\Analysis_LoraFanda\01_FBM_Analysis\outputs\04_ersp_LM_RAWONLY\PAT_3965\LM\ERSP_matrix\audio\PAT_3965_audio_WM_ERSP_had8_TN.npy,\\nasac-m2.unige.ch\m-HumanNeuronLab\ANALYSIS\FLM\Analysis_LoraFanda\01_FBM_Analysis\outputs\04_ersp_LM_RAWONLY\PAT_3965\LM\ERSP_matrix\picture\PAT_3965_picture_WM_ERSP_had8_TN.npy,\\nasac-m2.unige.ch\m-HumanNeuronLab\ANALYSIS\FLM\Analysis_LoraFanda\01_FBM_Analysis\outputs\04_ersp_LM_RAWONLY\PAT_3965\LM\ERSP_matrix\reading\PAT_3965_reading_WM_ERSP_had8_TN.npy,2,0.30946726,2,PAT_3965|HAD8,3.0940355453649855e-13,1.1086360737649775e-12,0.16360580573715294,0.7105703762067145,9.997031320274472e-08,0.12582295086113143,7.672232698590682e-07
647,PAT_3965,HAD9,had9,LM,concat,3,\\nasac-m2.unige.ch\m-HumanNeuronLab\ANALYSIS\FLM\Analysis_LoraFanda\01_FBM_Analysis\outputs\04_ersp_LM_RAWONLY\PAT_3965\LM\ERSP_matrix\audio\PAT_3965_audio_WM_ERSP_had9_TN.npy,\\nasac-m2.unige.ch\m-HumanNeuronLab\ANALYSIS\FLM\Analysis_LoraFanda\01_FBM_Analysis\outputs\04_ersp_LM_RAWONLY\PAT_3965\LM\ERSP_matrix\audio\PAT_3965_audio_WM_ERSP_had9_TN.npy,\\nasac-m2.unige.ch\m-HumanNeuronLab\ANALYSIS\FLM\Analysis_LoraFanda\01_FBM_Analysis\outputs\04_ersp_LM_RAWONLY\PAT_3965\LM\ERSP_matrix\picture\PAT_3965_picture_WM_ERSP_had9_TN.npy,\\nasac-m2.unige.ch\m-HumanNeuronLab\ANALYSIS\FLM\Analysis_LoraFanda\01_FBM_Analysis\outputs\04_ersp_LM_RAWONLY\PAT_3965\LM\ERSP_matrix\reading\PAT_3965_reading_WM_ERSP_had9_TN.npy,2,0.30652785,2,PAT_3965|HAD9,4.94383206973984e-13,8.223110717061962e-13,0.1792061360400206,0.7221793897397001,7.165920741599007e-08,0.09861305593701741,1.3466227376628996e-06
648,PAT_3965,HAG10,hag10,LM,concat,3,\\nasac-m2.unige.ch\m-HumanNeuronLab\ANALYSIS\FLM\Analysis_LoraFanda\01_FBM_Analysis\outputs\04_ersp_LM_RAWONLY\PAT_3965\LM\ERSP_matrix\audio\PAT_3965_audio_WM_ERSP_hag10_TN.npy,\\nasac-m2.unige.ch\m-HumanNeuronLab\ANALYSIS\FLM\Analysis_LoraFanda\01_FBM_Analysis\outputs\04_ersp_LM_RAWONLY\PAT_3965\LM\ERSP_matrix\audio\PAT_3965_audio_WM_ERSP_hag10_TN.npy,\\nasac-m2.unige.ch\m-HumanNeuronLab\ANALYSIS\FLM\Analysis_LoraFanda\01_FBM_Analysis\outputs\04_ersp_LM_RAWONLY\PAT_3965\LM\ERSP_matrix\picture\PAT_3965_picture_WM_ERSP_hag10_TN.npy,\\nasac-m2.unige.ch\m-HumanNeuronLab\ANALYSIS\FLM\Analysis_LoraFanda\01_FBM_Analysis\outputs\04_ersp_LM_RAWONLY\PAT_3965\LM\ERSP_matrix\reading\PAT_3965_reading_WM_ERSP_hag10_TN.npy,2,0.20016395,2,PAT_3965|HAG10,0.009499950367039323,0.14252369647508245,8.820873407890177e-08,0.4431757130345346,0.4013227088525535,0.0033498266985001095,0.0001280163635559094
649,PAT_3965,HAG2,hag2,LM,concat,1,\\nasac-m2.unige.ch\m-HumanNeuronLab\ANALYSIS\FLM\Analysis_LoraFanda\01_FBM_Analysis\outputs\04_ersp_LM_RAWONLY\PAT_3965\LM\ERSP_matrix\audio\PAT_3965_audio_WM_ERSP_hag2_TN.npy,\\nasac-m2.unige.ch\m-HumanNeuronLab\ANALYSIS\FLM\Analysis_LoraFanda\01_FBM_Analysis\outputs\04_ersp_LM_RAWONLY\PAT_3965\LM\ERSP_matrix\audio\PAT_3965_audio_WM_ERSP_hag2_TN.npy,\\nasac-m2.unige.ch\m-HumanNeuronLab\ANALYSIS\FLM\Analysis_LoraFanda\01_FBM_Analysis\outputs\04_ersp_LM_RAWONLY\PAT_3965\LM\ERSP_matrix\picture\PAT_3965_picture_WM_ERSP_hag2_TN.npy,\\nasac-m2.unige.ch\m-HumanNeuronLab\ANALYSIS\FLM\Analysis_LoraFanda\01_FBM_Analysis\outputs\04_ersp_LM_RAWONLY\PAT_3965\LM\ERSP_matrix\reading\PAT_3965_reading_WM_ERSP_hag2_TN.npy,2,0.102403745,2,PAT_3965|HAG2,0.22109198904181818,7.805116837927325e-10,3.0715853799942435e-05,0.6278953101149312,3.6110313286868286e-15,0.1509816635864616,3.2062247383620754e-07
650,PAT_3965,HAG3,hag3,LM,concat,1,\\nasac-m2.unige.ch\m-HumanNeuronLab\ANALYSIS\FLM\Analysis_LoraFanda\01_FBM_Analysis\outputs\04_ersp_LM_RAWONLY\PAT_3965\LM\ERSP_matrix\audio\PAT_3965_audio_WM_ERSP_hag3_TN.npy,\\nasac-m2.unige.ch\m-HumanNeuronLab\ANALYSIS\FLM\Analysis_LoraFanda\01_FBM_Analysis\outputs\04_ersp_LM_RAWONLY\PAT_3965\LM\ERSP_matrix\audio\PAT_3965_audio_WM_ERSP_hag3_TN.npy,\\nasac-m2.unige.ch\m-HumanNeuronLab\ANALYSIS\FLM\Analysis_LoraFanda\01_FBM_Analysis\outputs\04_ersp_LM_RAWONLY\PAT_3965\LM\ERSP_matrix\picture\PAT_3965_picture_WM_ERSP_hag3_TN.npy,\\nasac-m2.unige.ch\m-HumanNeuronLab\ANALYSIS\FLM\Analysis_LoraFanda\01_FBM_Analysis\outputs\04_ersp_LM_RAWONLY\PAT_3965\LM\ERSP_matrix\reading\PAT_3965_reading_WM_ERSP_hag3_TN.npy,2,0.096228175,2,PAT_3965|HAG3,0.20614472184904187,0.08784028767412291,1.8103409820518058e-11,0.4629062599880418,0.08519410513994148,0.15736958724760441,0.000545038083144288
651,PAT_3965,HAG4,hag4,LM,concat,1,\\nasac-m2.unige.ch\m-HumanNeuronLab\ANALYSIS\FLM\Analysis_LoraFanda\01_FBM_Analysis\outputs\04_ersp_LM_RAWONLY\PAT_3965\LM\ERSP_matrix\audio\PAT_3965_audio_WM_ERSP_hag4_TN.npy,\\nasac-m2.unige.ch\m-HumanNeuronLab\ANALYSIS\FLM\Analysis_LoraFanda\01_FBM_Analysis\outputs\04_ersp_LM_RAWONLY\PAT_3965\LM\ERSP_matrix\audio\PAT_3965_audio_WM_ERSP_hag4_TN.npy,\\nasac-m2.unige.ch\m-HumanNeuronLab\ANALYSIS\FLM\Analysis_LoraFanda\01_FBM_Analysis\outputs\04_ersp_LM_RAWONLY\PAT_3965\LM\ERSP_matrix\picture\PAT_3965_picture_WM_ERSP_hag4_TN.npy,\\nasac-m2.unige.ch\m-HumanNeuronLab\ANALYSIS\FLM\Analysis_LoraFanda\01_FBM_Analysis\outputs\04_ersp_LM_RAWONLY\PAT_3965\LM\ERSP_matrix\reading\PAT_3965_reading_WM_ERSP_hag4_TN.npy,2,0.13631642,2,PAT_3965|HAG4,0.060240569423934395,0.16231899713752512,1.5280703342856892e-13,0.44778500907033153,0.24409614346190422,0.08105043871446777,0.004508842191684205
652,PAT_3965,HAG5,hag5,LM,concat,1,\\nasac-m2.unige.ch\m-HumanNeuronLab\ANALYSIS\FLM\Analysis_LoraFanda\01_FBM_Analysis\outputs\04_ersp_LM_RAWONLY\PAT_3965\LM\ERSP_matrix\audio\PAT_3965_audio_WM_ERSP_hag5_TN.npy,\\nasac-m2.unige.ch\m-HumanNeuronLab\ANALYSIS\FLM\Analysis_LoraFanda\01_FBM_Analysis\outputs\04_ersp_LM_RAWONLY\PAT_3965\LM\ERSP_matrix\audio\PAT_3965_audio_WM_ERSP_hag5_TN.npy,\\nasac-m2.unige.ch\m-HumanNeuronLab\ANALYSIS\FLM\Analysis_LoraFanda\01_FBM_Analysis\outputs\04_ersp_LM_RAWONLY\PAT_3965\LM\ERSP_matrix\picture\PAT_3965_picture_WM_ERSP_hag5_TN.npy,\\nasac-m2.unige.ch\m-HumanNeuronLab\ANALYSIS\FLM\Analysis_LoraFanda\01_FBM_Analysis\outputs\04_ersp_LM_RAWONLY\PAT_3965\LM\ERSP_matrix\reading\PAT_3965_reading_WM_ERSP_hag5_TN.npy,2,0.19148253,2,PAT_3965|HAG5,0.011976679076689405,0.18979154478868507,1.7771615363516836e-15,0.4485957420204106,0.2548461245183207,0.07100666444743928,0.023783245148453223
653,PAT_3965,HAG6,hag6,LM,concat,1,\\nasac-m2.unige.ch\m-HumanNeuronLab\ANALYSIS\FLM\Analysis_LoraFanda\01_FBM_Analysis\outputs\04_ersp_LM_RAWONLY\PAT_3965\LM\ERSP_matrix\audio\PAT_3965_audio_WM_ERSP_hag6_TN.npy,\\nasac-m2.unige.ch\m-HumanNeuronLab\ANALYSIS\FLM\Analysis_LoraFanda\01_FBM_Analysis\outputs\04_ersp_LM_RAWONLY\PAT_3965\LM\ERSP_matrix\audio\PAT_3965_audio_WM_ERSP_hag6_TN.npy,\\nasac-m2.unige.ch\m-HumanNeuronLab\ANALYSIS\FLM\Analysis_LoraFanda\01_FBM_Analysis\outputs\04_ersp_LM_RAWONLY\PAT_3965\LM\ERSP_matrix\picture\PAT_3965_picture_WM_ERSP_hag6_TN.npy,\\nasac-m2.unige.ch\m-HumanNeuronLab\ANALYSIS\FLM\Analysis_LoraFanda\01_FBM_Analysis\outputs\04_ersp_LM_RAWONLY\PAT_3965\LM\ERSP_matrix\reading\PAT_3965_reading_WM_ERSP_hag6_TN.npy,2,0.16407698,2,PAT_3965|HAG6,0.0007184847351744285,0.23297114843874434,3.2546956741758717e-15,0.41419955859517094,0.3022857427321788,0.04169499189364999,0.008130073605078334
654,PAT_3965,HAG8,hag8,LM,concat,1,\\nasac-m2.unige.ch\m-HumanNeuronLab\ANALYSIS\FLM\Analysis_LoraFanda\01_FBM_Analysis\outputs\04_ersp_LM_RAWONLY\PAT_3965\LM\ERSP_matrix\audio\PAT_3965_audio_WM_ERSP_hag8_TN.npy,\\nasac-m2.unige.ch\m-HumanNeuronLab\ANALYSIS\FLM\Analysis_LoraFanda\01_FBM_Analysis\outputs\04_ersp_LM_RAWONLY\PAT_3965\LM\ERSP_matrix\audio\PAT_3965_audio_WM_ERSP_hag8_TN.npy,\\nasac-m2.unige.ch\m-HumanNeuronLab\ANALYSIS\FLM\Analysis_LoraFanda\01_FBM_Analysis\outputs\04_ersp_LM_RAWONLY\PAT_3965\LM\ERSP_matrix\picture\PAT_3965_picture_WM_ERSP_hag8_TN.npy,\\nasac-m2.unige.ch\m-HumanNeuronLab\ANALYSIS\FLM\Analysis_LoraFanda\01_FBM_Analysis\outputs\04_ersp_LM_RAWONLY\PAT_3965\LM\ERSP_matrix\reading\PAT_3965_reading_WM_ERSP_hag8_TN.npy,2,0.17762333,2,PAT_3965|HAG8,0.0004458971444758712,0.24277799528726363,3.6806367231442217e-14,0.4326497356650914,0.30998841967315804,0.01198161108701088,0.0021563411429634818
655,PAT_3965,HAG9,hag9,LM,concat,3,\\nasac-m2.unige.ch\m-HumanNeuronLab\ANALYSIS\FLM\Analysis_LoraFanda\01_FBM_Analysis\outputs\04_ersp_LM_RAWONLY\PAT_3965\LM\ERSP_matrix\audio\PAT_3965_audio_WM_ERSP_hag9_TN.npy,\\nasac-m2.unige.ch\m-HumanNeuronLab\ANALYSIS\FLM\Analysis_LoraFanda\01_FBM_Analysis\outputs\04_ersp_LM_RAWONLY\PAT_3965\LM\ERSP_matrix\audio\PAT_3965_audio_WM_ERSP_hag9_TN.npy,\\nasac-m2.unige.ch\m-HumanNeuronLab\ANALYSIS\FLM\Analysis_LoraFanda\01_FBM_Analysis\outputs\04_ersp_LM_RAWONLY\PAT_3965\LM\ERSP_matrix\picture\PAT_3965_picture_WM_ERSP_hag9_TN.npy,\\nasac-m2.unige.ch\m-HumanNeuronLab\ANALYSIS\FLM\Analysis_LoraFanda\01_FBM_Analysis\outputs\04_ersp_LM_RAWONLY\PAT_3965\LM\ERSP_matrix\reading\PAT_3965_reading_WM_ERSP_hag9_TN.npy,2,0.17476079,2,PAT_3965|HAG9,0.0005099163419228872,0.22624544646758954,5.922076421221298e-12,0.4164975322280749,0.34647524655826784,0.009584623657382468,0.0006872347408403533
656,PAT_3965,HPG11,hpg11,LM,concat,1,\\nasac-m2.unige.ch\m-HumanNeuronLab\ANALYSIS\FLM\Analysis_LoraFanda\01_FBM_Analysis\outputs\04_ersp_LM_RAWONLY\PAT_3965\LM\ERSP_matrix\audio\PAT_3965_audio_WM_ERSP_hpg11_TN.npy,\\nasac-m2.unige.ch\m-HumanNeuronLab\ANALYSIS\FLM\Analysis_LoraFanda\01_FBM_Analysis\outputs\04_ersp_LM_RAWONLY\PAT_3965\LM\ERSP_matrix\audio\PAT_3965_audio_WM_ERSP_hpg11_TN.npy,\\nasac-m2.unige.ch\m-HumanNeuronLab\ANALYSIS\FLM\Analysis_LoraFanda\01_FBM_Analysis\outputs\04_ersp_LM_RAWONLY\PAT_3965\LM\ERSP_matrix\picture\PAT_3965_picture_WM_ERSP_hpg11_TN.npy,\\nasac-m2.unige.ch\m-HumanNeuronLab\ANALYSIS\FLM\Analysis_LoraFanda\01_FBM_Analysis\outputs\04_ersp_LM_RAWONLY\PAT_3965\LM\ERSP_matrix\reading\PAT_3965_reading_WM_ERSP_hpg11_TN.npy,4,-0.077923134,4,PAT_3965|HPG11,7.607634069949362e-05,0.6261444930250964,0.04303882199120902,0.003553562042063524,0.04183354267239627,0.2123081363918586,0.07304536753667654
657,PAT_3965,IAG1,iag1,LM,concat,1,\\nasac-m2.unige.ch\m-HumanNeuronLab\ANALYSIS\FLM\Analysis_LoraFanda\01_FBM_Analysis\outputs\04_ersp_LM_RAWONLY\PAT_3965\LM\ERSP_matrix\audio\PAT_3965_audio_WM_ERSP_iag1_TN.npy,\\nasac-m2.unige.ch\m-HumanNeuronLab\ANALYSIS\FLM\Analysis_LoraFanda\01_FBM_Analysis\outputs\04_ersp_LM_RAWONLY\PAT_3965\LM\ERSP_matrix\audio\PAT_3965_audio_WM_ERSP_iag1_TN.npy,\\nasac-m2.unige.ch\m-HumanNeuronLab\ANALYSIS\FLM\Analysis_LoraFanda\01_FBM_Analysis\outputs\04_ersp_LM_RAWONLY\PAT_3965\LM\ERSP_matrix\picture\PAT_3965_picture_WM_ERSP_iag1_TN.npy,\\nasac-m2.unige.ch\m-HumanNeuronLab\ANALYSIS\FLM\Analysis_LoraFanda\01_FBM_Analysis\outputs\04_ersp_LM_RAWONLY\PAT_3965\LM\ERSP_matrix\reading\PAT_3965_reading_WM_ERSP_iag1_TN.npy,2,-0.12646915,2,PAT_3965|IAG1,0.05800298714514185,0.06918507349632928,0.06993129986070916,0.37891645868860896,0.29322227049675587,0.06529605290063463,0.06544585741182016
658,PAT_3975,AD1,AD1,LM,concat,2,\\nasac-m2.unige.ch\m-HumanNeuronLab\ANALYSIS\FLM\Analysis_LoraFanda\01_FBM_Analysis\outputs\04_ersp_LM_RAWONLY\PAT_3975\LM\ERSP_matrix\audio\PAT_3975_audio_WM_ERSP_AD1_TN.npy,\\nasac-m2.unige.ch\m-HumanNeuronLab\ANALYSIS\FLM\Analysis_LoraFanda\01_FBM_Analysis\outputs\04_ersp_LM_RAWONLY\PAT_3975\LM\ERSP_matrix\audio\PAT_3975_audio_WM_ERSP_AD1_TN.npy,\\nasac-m2.unige.ch\m-HumanNeuronLab\ANALYSIS\FLM\Analysis_LoraFanda\01_FBM_Analysis\outputs\04_ersp_LM_RAWONLY\PAT_3975\LM\ERSP_matrix\picture\PAT_3975_picture_WM_ERSP_AD1_TN.npy,\\nasac-m2.unige.ch\m-HumanNeuronLab\ANALYSIS\FLM\Analysis_LoraFanda\01_FBM_Analysis\outputs\04_ersp_LM_RAWONLY\PAT_3975\LM\ERSP_matrix\reading\PAT_3975_reading_WM_ERSP_AD1_TN.npy,0,-0.07906818,0,PAT_3975|AD1,0.4054381370108348,0.05379239581966738,0.3088260968601783,0.013676002051527771,1.3452380387401003e-21,6.781996549942689e-41,0.21826736825779158
659,PAT_3975,AD10,AD10,LM,concat,1,\\nasac-m2.unige.ch\m-HumanNeuronLab\ANALYSIS\FLM\Analysis_LoraFanda\01_FBM_Analysis\outputs\04_ersp_LM_RAWONLY\PAT_3975\LM\ERSP_matrix\audio\PAT_3975_audio_WM_ERSP_AD10_TN.npy,\\nasac-m2.unige.ch\m-HumanNeuronLab\ANALYSIS\FLM\Analysis_LoraFanda\01_FBM_Analysis\outputs\04_ersp_LM_RAWONLY\PAT_3975\LM\ERSP_matrix\audio\PAT_3975_audio_WM_ERSP_AD10_TN.npy,\\nasac-m2.unige.ch\m-HumanNeuronLab\ANALYSIS\FLM\Analysis_LoraFanda\01_FBM_Analysis\outputs\04_ersp_LM_RAWONLY\PAT_3975\LM\ERSP_matrix\picture\PAT_3975_picture_WM_ERSP_AD10_TN.npy,\\nasac-m2.unige.ch\m-HumanNeuronLab\ANALYSIS\FLM\Analysis_LoraFanda\01_FBM_Analysis\outputs\04_ersp_LM_RAWONLY\PAT_3975\LM\ERSP_matrix\reading\PAT_3975_reading_WM_ERSP_AD10_TN.npy,2,-0.029000051,2,PAT_3975|AD10,0.16542037761213035,0.0749502679729869,0.05881730458966239,0.39261865857508305,0.050563849078096246,0.034295728452552306,0.2233338137194889
660,PAT_3975,AD2,AD2,LM,concat,2,\\nasac-m2.unige.ch\m-HumanNeuronLab\ANALYSIS\FLM\Analysis_LoraFanda\01_FBM_Analysis\outputs\04_ersp_LM_RAWONLY\PAT_3975\LM\ERSP_matrix\audio\PAT_3975_audio_WM_ERSP_AD2_TN.npy,\\nasac-m2.unige.ch\m-HumanNeuronLab\ANALYSIS\FLM\Analysis_LoraFanda\01_FBM_Analysis\outputs\04_ersp_LM_RAWONLY\PAT_3975\LM\ERSP_matrix\audio\PAT_3975_audio_WM_ERSP_AD2_TN.npy,\\nasac-m2.unige.ch\m-HumanNeuronLab\ANALYSIS\FLM\Analysis_LoraFanda\01_FBM_Analysis\outputs\04_ersp_LM_RAWONLY\PAT_3975\LM\ERSP_matrix\picture\PAT_3975_picture_WM_ERSP_AD2_TN.npy,\\nasac-m2.unige.ch\m-HumanNeuronLab\ANALYSIS\FLM\Analysis_LoraFanda\01_FBM_Analysis\outputs\04_ersp_LM_RAWONLY\PAT_3975\LM\ERSP_matrix\reading\PAT_3975_reading_WM_ERSP_AD2_TN.npy,0,-0.06393978,0,PAT_3975|AD2,0.5161877250211974,0.050788161990669094,0.05491756981686909,0.11923615635653521,0.02943660463344103,1.4387153712007515e-15,0.2294337821812869
661,PAT_3975,AD3,AD3,LM,concat,2,\\nasac-m2.unige.ch\m-HumanNeuronLab\ANALYSIS\FLM\Analysis_LoraFanda\01_FBM_Analysis\outputs\04_ersp_LM_RAWONLY\PAT_3975\LM\ERSP_matrix\audio\PAT_3975_audio_WM_ERSP_AD3_TN.npy,\\nasac-m2.unige.ch\m-HumanNeuronLab\ANALYSIS\FLM\Analysis_LoraFanda\01_FBM_Analysis\outputs\04_ersp_LM_RAWONLY\PAT_3975\LM\ERSP_matrix\audio\PAT_3975_audio_WM_ERSP_AD3_TN.npy,\\nasac-m2.unige.ch\m-HumanNeuronLab\ANALYSIS\FLM\Analysis_LoraFanda\01_FBM_Analysis\outputs\04_ersp_LM_RAWONLY\PAT_3975\LM\ERSP_matrix\picture\PAT_3975_picture_WM_ERSP_AD3_TN.npy,\\nasac-m2.unige.ch\m-HumanNeuronLab\ANALYSIS\FLM\Analysis_LoraFanda\01_FBM_Analysis\outputs\04_ersp_LM_RAWONLY\PAT_3975\LM\ERSP_matrix\reading\PAT_3975_reading_WM_ERSP_AD3_TN.npy,0,-0.10491862,0,PAT_3975|AD3,0.46965733428434997,0.08051605710318319,0.14345004943065887,0.15985914087136777,0.0489791360353852,1.736656621448116e-09,0.09753828053839839
662,PAT_3975,AD4,AD4,LM,concat,2,\\nasac-m2.unige.ch\m-HumanNeuronLab\ANALYSIS\FLM\Analysis_LoraFanda\01_FBM_Analysis\outputs\04_ersp_LM_RAWONLY\PAT_3975\LM\ERSP_matrix\audio\PAT_3975_audio_WM_ERSP_AD4_TN.npy,\\nasac-m2.unige.ch\m-HumanNeuronLab\ANALYSIS\FLM\Analysis_LoraFanda\01_FBM_Analysis\outputs\04_ersp_LM_RAWONLY\PAT_3975\LM\ERSP_matrix\audio\PAT_3975_audio_WM_ERSP_AD4_TN.npy,\\nasac-m2.unige.ch\m-HumanNeuronLab\ANALYSIS\FLM\Analysis_LoraFanda\01_FBM_Analysis\outputs\04_ersp_LM_RAWONLY\PAT_3975\LM\ERSP_matrix\picture\PAT_3975_picture_WM_ERSP_AD4_TN.npy,\\nasac-m2.unige.ch\m-HumanNeuronLab\ANALYSIS\FLM\Analysis_LoraFanda\01_FBM_Analysis\outputs\04_ersp_LM_RAWONLY\PAT_3975\LM\ERSP_matrix\reading\PAT_3975_reading_WM_ERSP_AD4_TN.npy,0,-0.16512094,0,PAT_3975|AD4,0.3322282716374019,0.06661040035799115,0.07887949964463778,0.21650180037326341,0.03631270933067542,1.461029346630472e-10,0.26946731850992756
663,PAT_3975,AD5,AD5,LM,concat,2,\\nasac-m2.unige.ch\m-HumanNeuronLab\ANALYSIS\FLM\Analysis_LoraFanda\01_FBM_Analysis\outputs\04_ersp_LM_RAWONLY\PAT_3975\LM\ERSP_matrix\audio\PAT_3975_audio_WM_ERSP_AD5_TN.npy,\\nasac-m2.unige.ch\m-HumanNeuronLab\ANALYSIS\FLM\Analysis_LoraFanda\01_FBM_Analysis\outputs\04_ersp_LM_RAWONLY\PAT_3975\LM\ERSP_matrix\audio\PAT_3975_audio_WM_ERSP_AD5_TN.npy,\\nasac-m2.unige.ch\m-HumanNeuronLab\ANALYSIS\FLM\Analysis_LoraFanda\01_FBM_Analysis\outputs\04_ersp_LM_RAWONLY\PAT_3975\LM\ERSP_matrix\picture\PAT_3975_picture_WM_ERSP_AD5_TN.npy,\\nasac-m2.unige.ch\m-HumanNeuronLab\ANALYSIS\FLM\Analysis_LoraFanda\01_FBM_Analysis\outputs\04_ersp_LM_RAWONLY\PAT_3975\LM\ERSP_matrix\reading\PAT_3975_reading_WM_ERSP_AD5_TN.npy,0,-0.15914059,0,PAT_3975|AD5,0.23001584139392037,0.039867091923796436,0.11433927769068175,0.24954733926813505,0.06261106073470586,5.4096210314970915e-05,0.3035652927784455
664,PAT_3975,AD6,AD6,LM,concat,2,\\nasac-m2.unige.ch\m-HumanNeuronLab\ANALYSIS\FLM\Analysis_LoraFanda\01_FBM_Analysis\outputs\04_ersp_LM_RAWONLY\PAT_3975\LM\ERSP_matrix\audio\PAT_3975_audio_WM_ERSP_AD6_TN.npy,\\nasac-m2.unige.ch\m-HumanNeuronLab\ANALYSIS\FLM\Analysis_LoraFanda\01_FBM_Analysis\outputs\04_ersp_LM_RAWONLY\PAT_3975\LM\ERSP_matrix\audio\PAT_3975_audio_WM_ERSP_AD6_TN.npy,\\nasac-m2.unige.ch\m-HumanNeuronLab\ANALYSIS\FLM\Analysis_LoraFanda\01_FBM_Analysis\outputs\04_ersp_LM_RAWONLY\PAT_3975\LM\ERSP_matrix\picture\PAT_3975_picture_WM_ERSP_AD6_TN.npy,\\nasac-m2.unige.ch\m-HumanNeuronLab\ANALYSIS\FLM\Analysis_LoraFanda\01_FBM_Analysis\outputs\04_ersp_LM_RAWONLY\PAT_3975\LM\ERSP_matrix\reading\PAT_3975_reading_WM_ERSP_AD6_TN.npy,1,0.18262914,1,PAT_3975|AD6,0.22240527374923075,0.050879120730790955,0.08339259554766133,0.2718419200108186,0.08647916920194217,0.004735475576524237,0.280266445183032
665,PAT_3975,AD8,AD8,LM,concat,1,\\nasac-m2.unige.ch\m-HumanNeuronLab\ANALYSIS\FLM\Analysis_LoraFanda\01_FBM_Analysis\outputs\04_ersp_LM_RAWONLY\PAT_3975\LM\ERSP_matrix\audio\PAT_3975_audio_WM_ERSP_AD8_TN.npy,\\nasac-m2.unige.ch\m-HumanNeuronLab\ANALYSIS\FLM\Analysis_LoraFanda\01_FBM_Analysis\outputs\04_ersp_LM_RAWONLY\PAT_3975\LM\ERSP_matrix\audio\PAT_3975_audio_WM_ERSP_AD8_TN.npy,\\nasac-m2.unige.ch\m-HumanNeuronLab\ANALYSIS\FLM\Analysis_LoraFanda\01_FBM_Analysis\outputs\04_ersp_LM_RAWONLY\PAT_3975\LM\ERSP_matrix\picture\PAT_3975_picture_WM_ERSP_AD8_TN.npy,\\nasac-m2.unige.ch\m-HumanNeuronLab\ANALYSIS\FLM\Analysis_LoraFanda\01_FBM_Analysis\outputs\04_ersp_LM_RAWONLY\PAT_3975\LM\ERSP_matrix\reading\PAT_3975_reading_WM_ERSP_AD8_TN.npy,1,0.14006712,1,PAT_3975|AD8,0.1943283734343619,0.052280232879267516,0.07719852603054315,0.33248913527885593,0.05784344934246784,0.04168530996705612,0.24417497306744754
666,PAT_3975,AD9,AD9,LM,concat,1,\\nasac-m2.unige.ch\m-HumanNeuronLab\ANALYSIS\FLM\Analysis_LoraFanda\01_FBM_Analysis\outputs\04_ersp_LM_RAWONLY\PAT_3975\LM\ERSP_matrix\audio\PAT_3975_audio_WM_ERSP_AD9_TN.npy,\\nasac-m2.unige.ch\m-HumanNeuronLab\ANALYSIS\FLM\Analysis_LoraFanda\01_FBM_Analysis\outputs\04_ersp_LM_RAWONLY\PAT_3975\LM\ERSP_matrix\audio\PAT_3975_audio_WM_ERSP_AD9_TN.npy,\\nasac-m2.unige.ch\m-HumanNeuronLab\ANALYSIS\FLM\Analysis_LoraFanda\01_FBM_Analysis\outputs\04_ersp_LM_RAWONLY\PAT_3975\LM\ERSP_matrix\picture\PAT_3975_picture_WM_ERSP_AD9_TN.npy,\\nasac-m2.unige.ch\m-HumanNeuronLab\ANALYSIS\FLM\Analysis_LoraFanda\01_FBM_Analysis\outputs\04_ersp_LM_RAWONLY\PAT_3975\LM\ERSP_matrix\reading\PAT_3975_reading_WM_ERSP_AD9_TN.npy,1,0.14821877,1,PAT_3975|AD9,0.168588457516326,0.07378028821921424,0.08309630192868009,0.3310268015617384,0.04199968228436164,0.058822184619625635,0.24268628387005414
667,PAT_3975,AG10,AG10,LM,concat,1,\\nasac-m2.unige.ch\m-HumanNeuronLab\ANALYSIS\FLM\Analysis_LoraFanda\01_FBM_Analysis\outputs\04_ersp_LM_RAWONLY\PAT_3975\LM\ERSP_matrix\audio\PAT_3975_audio_WM_ERSP_AG10_TN.npy,\\nasac-m2.unige.ch\m-HumanNeuronLab\ANALYSIS\FLM\Analysis_LoraFanda\01_FBM_Analysis\outputs\04_ersp_LM_RAWONLY\PAT_3975\LM\ERSP_matrix\audio\PAT_3975_audio_WM_ERSP_AG10_TN.npy,\\nasac-m2.unige.ch\m-HumanNeuronLab\ANALYSIS\FLM\Analysis_LoraFanda\01_FBM_Analysis\outputs\04_ersp_LM_RAWONLY\PAT_3975\LM\ERSP_matrix\picture\PAT_3975_picture_WM_ERSP_AG10_TN.npy,\\nasac-m2.unige.ch\m-HumanNeuronLab\ANALYSIS\FLM\Analysis_LoraFanda\01_FBM_Analysis\outputs\04_ersp_LM_RAWONLY\PAT_3975\LM\ERSP_matrix\reading\PAT_3975_reading_WM_ERSP_AG10_TN.npy,2,0.027348906,2,PAT_3975|AG10,0.0005293791067041378,0.04047060538292659,0.0033591390091683875,0.4852471162617323,0.010319888224659712,0.08247884432501824,0.37759502768979064
668,PAT_3975,AG11,AG11,LM,concat,1,\\nasac-m2.unige.ch\m-HumanNeuronLab\ANALYSIS\FLM\Analysis_LoraFanda\01_FBM_Analysis\outputs\04_ersp_LM_RAWONLY\PAT_3975\LM\ERSP_matrix\audio\PAT_3975_audio_WM_ERSP_AG11_TN.npy,\\nasac-m2.unige.ch\m-HumanNeuronLab\ANALYSIS\FLM\Analysis_LoraFanda\01_FBM_Analysis\outputs\04_ersp_LM_RAWONLY\PAT_3975\LM\ERSP_matrix\audio\PAT_3975_audio_WM_ERSP_AG11_TN.npy,\\nasac-m2.unige.ch\m-HumanNeuronLab\ANALYSIS\FLM\Analysis_LoraFanda\01_FBM_Analysis\outputs\04_ersp_LM_RAWONLY\PAT_3975\LM\ERSP_matrix\picture\PAT_3975_picture_WM_ERSP_AG11_TN.npy,\\nasac-m2.unige.ch\m-HumanNeuronLab\ANALYSIS\FLM\Analysis_LoraFanda\01_FBM_Analysis\outputs\04_ersp_LM_RAWONLY\PAT_3975\LM\ERSP_matrix\reading\PAT_3975_reading_WM_ERSP_AG11_TN.npy,2,0.05802147,2,PAT_3975|AG11,0.00020435537471145507,0.01290171885741563,0.0643077496583838,0.5140824456125737,4.559825106491527e-05,0.10184155248570435,0.3066165797601461
669,PAT_3975,AG12,AG12,LM,concat,1,\\nasac-m2.unige.ch\m-HumanNeuronLab\ANALYSIS\FLM\Analysis_LoraFanda\01_FBM_Analysis\outputs\04_ersp_LM_RAWONLY\PAT_3975\LM\ERSP_matrix\audio\PAT_3975_audio_WM_ERSP_AG12_TN.npy,\\nasac-m2.unige.ch\m-HumanNeuronLab\ANALYSIS\FLM\Analysis_LoraFanda\01_FBM_Analysis\outputs\04_ersp_LM_RAWONLY\PAT_3975\LM\ERSP_matrix\audio\PAT_3975_audio_WM_ERSP_AG12_TN.npy,\\nasac-m2.unige.ch\m-HumanNeuronLab\ANALYSIS\FLM\Analysis_LoraFanda\01_FBM_Analysis\outputs\04_ersp_LM_RAWONLY\PAT_3975\LM\ERSP_matrix\picture\PAT_3975_picture_WM_ERSP_AG12_TN.npy,\\nasac-m2.unige.ch\m-HumanNeuronLab\ANALYSIS\FLM\Analysis_LoraFanda\01_FBM_Analysis\outputs\04_ersp_LM_RAWONLY\PAT_3975\LM\ERSP_matrix\reading\PAT_3975_reading_WM_ERSP_AG12_TN.npy,2,-0.061497375,2,PAT_3975|AG12,0.05451360526031713,0.039050687314529056,0.1186188292151285,0.4018619997401057,0.022489091456044587,0.10397520476240225,0.25949058225147287
670,PAT_3975,AG4,AG4,LM,concat,1,\\nasac-m2.unige.ch\m-HumanNeuronLab\ANALYSIS\FLM\Analysis_LoraFanda\01_FBM_Analysis\outputs\04_ersp_LM_RAWONLY\PAT_3975\LM\ERSP_matrix\audio\PAT_3975_audio_WM_ERSP_AG4_TN.npy,\\nasac-m2.unige.ch\m-HumanNeuronLab\ANALYSIS\FLM\Analysis_LoraFanda\01_FBM_Analysis\outputs\04_ersp_LM_RAWONLY\PAT_3975\LM\ERSP_matrix\audio\PAT_3975_audio_WM_ERSP_AG4_TN.npy,\\nasac-m2.unige.ch\m-HumanNeuronLab\ANALYSIS\FLM\Analysis_LoraFanda\01_FBM_Analysis\outputs\04_ersp_LM_RAWONLY\PAT_3975\LM\ERSP_matrix\picture\PAT_3975_picture_WM_ERSP_AG4_TN.npy,\\nasac-m2.unige.ch\m-HumanNeuronLab\ANALYSIS\FLM\Analysis_LoraFanda\01_FBM_Analysis\outputs\04_ersp_LM_RAWONLY\PAT_3975\LM\ERSP_matrix\reading\PAT_3975_reading_WM_ERSP_AG4_TN.npy,1,0.13512704,1,PAT_3975|AG4,0.04923405340483406,0.0011638076784154607,3.291309537662676e-05,0.49166929711495216,3.390052145233192e-13,2.294686491777952e-15,0.4578999287060804
671,PAT_3975,AG5,AG5,LM,concat,1,\\nasac-m2.unige.ch\m-HumanNeuronLab\ANALYSIS\FLM\Analysis_LoraFanda\01_FBM_Analysis\outputs\04_ersp_LM_RAWONLY\PAT_3975\LM\ERSP_matrix\audio\PAT_3975_audio_WM_ERSP_AG5_TN.npy,\\nasac-m2.unige.ch\m-HumanNeuronLab\ANALYSIS\FLM\Analysis_LoraFanda\01_FBM_Analysis\outputs\04_ersp_LM_RAWONLY\PAT_3975\LM\ERSP_matrix\audio\PAT_3975_audio_WM_ERSP_AG5_TN.npy,\\nasac-m2.unige.ch\m-HumanNeuronLab\ANALYSIS\FLM\Analysis_LoraFanda\01_FBM_Analysis\outputs\04_ersp_LM_RAWONLY\PAT_3975\LM\ERSP_matrix\picture\PAT_3975_picture_WM_ERSP_AG5_TN.npy,\\nasac-m2.unige.ch\m-HumanNeuronLab\ANALYSIS\FLM\Analysis_LoraFanda\01_FBM_Analysis\outputs\04_ersp_LM_RAWONLY\PAT_3975\LM\ERSP_matrix\reading\PAT_3975_reading_WM_ERSP_AG5_TN.npy,1,0.23583125,1,PAT_3975|AG5,0.10233392477114554,0.049358670646253947,0.04625546941163328,0.36093565037504205,0.03142809754353028,2.710324127189477e-06,0.40968547692826773
672,PAT_3975,AG7,AG7,LM,concat,1,\\nasac-m2.unige.ch\m-HumanNeuronLab\ANALYSIS\FLM\Analysis_LoraFanda\01_FBM_Analysis\outputs\04_ersp_LM_RAWONLY\PAT_3975\LM\ERSP_matrix\audio\PAT_3975_audio_WM_ERSP_AG7_TN.npy,\\nasac-m2.unige.ch\m-HumanNeuronLab\ANALYSIS\FLM\Analysis_LoraFanda\01_FBM_Analysis\outputs\04_ersp_LM_RAWONLY\PAT_3975\LM\ERSP_matrix\audio\PAT_3975_audio_WM_ERSP_AG7_TN.npy,\\nasac-m2.unige.ch\m-HumanNeuronLab\ANALYSIS\FLM\Analysis_LoraFanda\01_FBM_Analysis\outputs\04_ersp_LM_RAWONLY\PAT_3975\LM\ERSP_matrix\picture\PAT_3975_picture_WM_ERSP_AG7_TN.npy,\\nasac-m2.unige.ch\m-HumanNeuronLab\ANALYSIS\FLM\Analysis_LoraFanda\01_FBM_Analysis\outputs\04_ersp_LM_RAWONLY\PAT_3975\LM\ERSP_matrix\reading\PAT_3975_reading_WM_ERSP_AG7_TN.npy,1,0.12788667,1,PAT_3975|AG7,0.10366423569358461,0.06972275004723284,0.008582062517538095,0.3776475489371679,0.06742741565267188,0.010623139446315728,0.36233284770548885
673,PAT_3975,AG8,AG8,LM,concat,1,\\nasac-m2.unige.ch\m-HumanNeuronLab\ANALYSIS\FLM\Analysis_LoraFanda\01_FBM_Analysis\outputs\04_ersp_LM_RAWONLY\PAT_3975\LM\ERSP_matrix\audio\PAT_3975_audio_WM_ERSP_AG8_TN.npy,\\nasac-m2.unige.ch\m-HumanNeuronLab\ANALYSIS\FLM\Analysis_LoraFanda\01_FBM_Analysis\outputs\04_ersp_LM_RAWONLY\PAT_3975\LM\ERSP_matrix\audio\PAT_3975_audio_WM_ERSP_AG8_TN.npy,\\nasac-m2.unige.ch\m-HumanNeuronLab\ANALYSIS\FLM\Analysis_LoraFanda\01_FBM_Analysis\outputs\04_ersp_LM_RAWONLY\PAT_3975\LM\ERSP_matrix\picture\PAT_3975_picture_WM_ERSP_AG8_TN.npy,\\nasac-m2.unige.ch\m-HumanNeuronLab\ANALYSIS\FLM\Analysis_LoraFanda\01_FBM_Analysis\outputs\04_ersp_LM_RAWONLY\PAT_3975\LM\ERSP_matrix\reading\PAT_3975_reading_WM_ERSP_AG8_TN.npy,2,-0.013625569,2,PAT_3975|AG8,0.0474209246435166,0.033770451034727256,0.0002790090433424977,0.4376603435073406,0.04975175635075936,0.04098753197962276,0.39012998344069094
674,PAT_3975,AG9,AG9,LM,concat,1,\\nasac-m2.unige.ch\m-HumanNeuronLab\ANALYSIS\FLM\Analysis_LoraFanda\01_FBM_Analysis\outputs\04_ersp_LM_RAWONLY\PAT_3975\LM\ERSP_matrix\audio\PAT_3975_audio_WM_ERSP_AG9_TN.npy,\\nasac-m2.unige.ch\m-HumanNeuronLab\ANALYSIS\FLM\Analysis_LoraFanda\01_FBM_Analysis\outputs\04_ersp_LM_RAWONLY\PAT_3975\LM\ERSP_matrix\audio\PAT_3975_audio_WM_ERSP_AG9_TN.npy,\\nasac-m2.unige.ch\m-HumanNeuronLab\ANALYSIS\FLM\Analysis_LoraFanda\01_FBM_Analysis\outputs\04_ersp_LM_RAWONLY\PAT_3975\LM\ERSP_matrix\picture\PAT_3975_picture_WM_ERSP_AG9_TN.npy,\\nasac-m2.unige.ch\m-HumanNeuronLab\ANALYSIS\FLM\Analysis_LoraFanda\01_FBM_Analysis\outputs\04_ersp_LM_RAWONLY\PAT_3975\LM\ERSP_matrix\reading\PAT_3975_reading_WM_ERSP_AG9_TN.npy,2,0.020985369,2,PAT_3975|AG9,0.01868674921488435,0.04609320602578265,3.164799284581109e-06,0.45894161822900675,0.009834941690712888,0.07164217856468741,0.3947981414756414
675,PAT_3975,CPG8,CPG8,LM,concat,1,\\nasac-m2.unige.ch\m-HumanNeuronLab\ANALYSIS\FLM\Analysis_LoraFanda\01_FBM_Analysis\outputs\04_ersp_LM_RAWONLY\PAT_3975\LM\ERSP_matrix\audio\PAT_3975_audio_WM_ERSP_CPG8_TN.npy,\\nasac-m2.unige.ch\m-HumanNeuronLab\ANALYSIS\FLM\Analysis_LoraFanda\01_FBM_Analysis\outputs\04_ersp_LM_RAWONLY\PAT_3975\LM\ERSP_matrix\audio\PAT_3975_audio_WM_ERSP_CPG8_TN.npy,\\nasac-m2.unige.ch\m-HumanNeuronLab\ANALYSIS\FLM\Analysis_LoraFanda\01_FBM_Analysis\outputs\04_ersp_LM_RAWONLY\PAT_3975\LM\ERSP_matrix\picture\PAT_3975_picture_WM_ERSP_CPG8_TN.npy,\\nasac-m2.unige.ch\m-HumanNeuronLab\ANALYSIS\FLM\Analysis_LoraFanda\01_FBM_Analysis\outputs\04_ersp_LM_RAWONLY\PAT_3975\LM\ERSP_matrix\reading\PAT_3975_reading_WM_ERSP_CPG8_TN.npy,1,0.21022265,1,PAT_3975|CPG8,0.18922043675512026,0.13263856341150465,0.11263870970262867,0.012420390051055594,0.31996701895130925,0.04663384396490949,0.18648103716347214
676,PAT_3975,CPG9,CPG9,LM,concat,1,\\nasac-m2.unige.ch\m-HumanNeuronLab\ANALYSIS\FLM\Analysis_LoraFanda\01_FBM_Analysis\outputs\04_ersp_LM_RAWONLY\PAT_3975\LM\ERSP_matrix\audio\PAT_3975_audio_WM_ERSP_CPG9_TN.npy,\\nasac-m2.unige.ch\m-HumanNeuronLab\ANALYSIS\FLM\Analysis_LoraFanda\01_FBM_Analysis\outputs\04_ersp_LM_RAWONLY\PAT_3975\LM\ERSP_matrix\audio\PAT_3975_audio_WM_ERSP_CPG9_TN.npy,\\nasac-m2.unige.ch\m-HumanNeuronLab\ANALYSIS\FLM\Analysis_LoraFanda\01_FBM_Analysis\outputs\04_ersp_LM_RAWONLY\PAT_3975\LM\ERSP_matrix\picture\PAT_3975_picture_WM_ERSP_CPG9_TN.npy,\\nasac-m2.unige.ch\m-HumanNeuronLab\ANALYSIS\FLM\Analysis_LoraFanda\01_FBM_Analysis\outputs\04_ersp_LM_RAWONLY\PAT_3975\LM\ERSP_matrix\reading\PAT_3975_reading_WM_ERSP_CPG9_TN.npy,1,0.17481653,1,PAT_3975|CPG9,0.21438644771790927,0.20481952179052162,0.09904026007972772,0.012746225564537052,0.23364431350829687,0.10216814291952699,0.13319508841948033
677,PAT_3975,FOD1,FOD1,LM,concat,1,\\nasac-m2.unige.ch\m-HumanNeuronLab\ANALYSIS\FLM\Analysis_LoraFanda\01_FBM_Analysis\outputs\04_ersp_LM_RAWONLY\PAT_3975\LM\ERSP_matrix\audio\PAT_3975_audio_WM_ERSP_FOD1_TN.npy,\\nasac-m2.unige.ch\m-HumanNeuronLab\ANALYSIS\FLM\Analysis_LoraFanda\01_FBM_Analysis\outputs\04_ersp_LM_RAWONLY\PAT_3975\LM\ERSP_matrix\audio\PAT_3975_audio_WM_ERSP_FOD1_TN.npy,\\nasac-m2.unige.ch\m-HumanNeuronLab\ANALYSIS\FLM\Analysis_LoraFanda\01_FBM_Analysis\outputs\04_ersp_LM_RAWONLY\PAT_3975\LM\ERSP_matrix\picture\PAT_3975_picture_WM_ERSP_FOD1_TN.npy,\\nasac-m2.unige.ch\m-HumanNeuronLab\ANALYSIS\FLM\Analysis_LoraFanda\01_FBM_Analysis\outputs\04_ersp_LM_RAWONLY\PAT_3975\LM\ERSP_matrix\reading\PAT_3975_reading_WM_ERSP_FOD1_TN.npy,0,-0.13551353,0,PAT_3975|FOD1,0.2926258002658793,0.1112133757341527,0.04915658416679042,0.18368859669646073,0.11745453004692948,6.313570508431361e-13,0.24586111308915598
678,PAT_3975,FOD15,FOD15,LM,concat,1,\\nasac-m2.unige.ch\m-HumanNeuronLab\ANALYSIS\FLM\Analysis_LoraFanda\01_FBM_Analysis\outputs\04_ersp_LM_RAWONLY\PAT_3975\LM\ERSP_matrix\audio\PAT_3975_audio_WM_ERSP_FOD15_TN.npy,\\nasac-m2.unige.ch\m-HumanNeuronLab\ANALYSIS\FLM\Analysis_LoraFanda\01_FBM_Analysis\outputs\04_ersp_LM_RAWONLY\PAT_3975\LM\ERSP_matrix\audio\PAT_3975_audio_WM_ERSP_FOD15_TN.npy,\\nasac-m2.unige.ch\m-HumanNeuronLab\ANALYSIS\FLM\Analysis_LoraFanda\01_FBM_Analysis\outputs\04_ersp_LM_RAWONLY\PAT_3975\LM\ERSP_matrix\picture\PAT_3975_picture_WM_ERSP_FOD15_TN.npy,\\nasac-m2.unige.ch\m-HumanNeuronLab\ANALYSIS\FLM\Analysis_LoraFanda\01_FBM_Analysis\outputs\04_ersp_LM_RAWONLY\PAT_3975\LM\ERSP_matrix\reading\PAT_3975_reading_WM_ERSP_FOD15_TN.npy,2,0.23317072,2,PAT_3975|FOD15,0.01500460860764979,0.16751007364620732,1.83747411200634e-10,0.8103707317271551,9.84555624659668e-25,3.293586488136714e-20,0.007114585835240322
679,PAT_3975,FOD2,FOD2,LM,concat,1,\\nasac-m2.unige.ch\m-HumanNeuronLab\ANALYSIS\FLM\Analysis_LoraFanda\01_FBM_Analysis\outputs\04_ersp_LM_RAWONLY\PAT_3975\LM\ERSP_matrix\audio\PAT_3975_audio_WM_ERSP_FOD2_TN.npy,\\nasac-m2.unige.ch\m-HumanNeuronLab\ANALYSIS\FLM\Analysis_LoraFanda\01_FBM_Analysis\outputs\04_ersp_LM_RAWONLY\PAT_3975\LM\ERSP_matrix\audio\PAT_3975_audio_WM_ERSP_FOD2_TN.npy,\\nasac-m2.unige.ch\m-HumanNeuronLab\ANALYSIS\FLM\Analysis_LoraFanda\01_FBM_Analysis\outputs\04_ersp_LM_RAWONLY\PAT_3975\LM\ERSP_matrix\picture\PAT_3975_picture_WM_ERSP_FOD2_TN.npy,\\nasac-m2.unige.ch\m-HumanNeuronLab\ANALYSIS\FLM\Analysis_LoraFanda\01_FBM_Analysis\outputs\04_ersp_LM_RAWONLY\PAT_3975\LM\ERSP_matrix\reading\PAT_3975_reading_WM_ERSP_FOD2_TN.npy,1,0.19364181,1,PAT_3975|FOD2,0.30490950912560205,0.0964977346380929,0.008633153856797192,0.19864720979051667,0.14350131208699857,3.87606902121423e-09,0.24781107662592358
680,PAT_3975,FOG11,FOG11,LM,concat,1,\\nasac-m2.unige.ch\m-HumanNeuronLab\ANALYSIS\FLM\Analysis_LoraFanda\01_FBM_Analysis\outputs\04_ersp_LM_RAWONLY\PAT_3975\LM\ERSP_matrix\audio\PAT_3975_audio_WM_ERSP_FOG11_TN.npy,\\nasac-m2.unige.ch\m-HumanNeuronLab\ANALYSIS\FLM\Analysis_LoraFanda\01_FBM_Analysis\outputs\04_ersp_LM_RAWONLY\PAT_3975\LM\ERSP_matrix\audio\PAT_3975_audio_WM_ERSP_FOG11_TN.npy,\\nasac-m2.unige.ch\m-HumanNeuronLab\ANALYSIS\FLM\Analysis_LoraFanda\01_FBM_Analysis\outputs\04_ersp_LM_RAWONLY\PAT_3975\LM\ERSP_matrix\picture\PAT_3975_picture_WM_ERSP_FOG11_TN.npy,\\nasac-m2.unige.ch\m-HumanNeuronLab\ANALYSIS\FLM\Analysis_LoraFanda\01_FBM_Analysis\outputs\04_ersp_LM_RAWONLY\PAT_3975\LM\ERSP_matrix\reading\PAT_3975_reading_WM_ERSP_FOG11_TN.npy,2,0.03063348,2,PAT_3975|FOG11,1.4800751119282299e-12,9.524671378949216e-14,4.886892376294403e-08,0.5568292869045608,2.943981404481536e-09,0.10219082274887102,0.34097983853208763
681,PAT_3975,FOG12,FOG12,LM,concat,1,\\nasac-m2.unige.ch\m-HumanNeuronLab\ANALYSIS\FLM\Analysis_LoraFanda\01_FBM_Analysis\outputs\04_ersp_LM_RAWONLY\PAT_3975\LM\ERSP_matrix\audio\PAT_3975_audio_WM_ERSP_FOG12_TN.npy,\\nasac-m2.unige.ch\m-HumanNeuronLab\ANALYSIS\FLM\Analysis_LoraFanda\01_FBM_Analysis\outputs\04_ersp_LM_RAWONLY\PAT_3975\LM\ERSP_matrix\audio\PAT_3975_audio_WM_ERSP_FOG12_TN.npy,\\nasac-m2.unige.ch\m-HumanNeuronLab\ANALYSIS\FLM\Analysis_LoraFanda\01_FBM_Analysis\outputs\04_ersp_LM_RAWONLY\PAT_3975\LM\ERSP_matrix\picture\PAT_3975_picture_WM_ERSP_FOG12_TN.npy,\\nasac-m2.unige.ch\m-HumanNeuronLab\ANALYSIS\FLM\Analysis_LoraFanda\01_FBM_Analysis\outputs\04_ersp_LM_RAWONLY\PAT_3975\LM\ERSP_matrix\reading\PAT_3975_reading_WM_ERSP_FOG12_TN.npy,2,0.060604867,2,PAT_3975|FOG12,1.0951736962146973e-14,4.816352119217767e-14,1.8208834899163688e-14,0.6013032589564967,1.8401923422089013e-07,0.01639201012350102,0.3823045469006907
682,PAT_3975,FOG13,FOG13,LM,concat,1,\\nasac-m2.unige.ch\m-HumanNeuronLab\ANALYSIS\FLM\Analysis_LoraFanda\01_FBM_Analysis\outputs\04_ersp_LM_RAWONLY\PAT_3975\LM\ERSP_matrix\audio\PAT_3975_audio_WM_ERSP_FOG13_TN.npy,\\nasac-m2.unige.ch\m-HumanNeuronLab\ANALYSIS\FLM\Analysis_LoraFanda\01_FBM_Analysis\outputs\04_ersp_LM_RAWONLY\PAT_3975\LM\ERSP_matrix\audio\PAT_3975_audio_WM_ERSP_FOG13_TN.npy,\\nasac-m2.unige.ch\m-HumanNeuronLab\ANALYSIS\FLM\Analysis_LoraFanda\01_FBM_Analysis\outputs\04_ersp_LM_RAWONLY\PAT_3975\LM\ERSP_matrix\picture\PAT_3975_picture_WM_ERSP_FOG13_TN.npy,\\nasac-m2.unige.ch\m-HumanNeuronLab\ANALYSIS\FLM\Analysis_LoraFanda\01_FBM_Analysis\outputs\04_ersp_LM_RAWONLY\PAT_3975\LM\ERSP_matrix\reading\PAT_3975_reading_WM_ERSP_FOG13_TN.npy,1,0.16574235,1,PAT_3975|FOG13,0.01897583389482183,9.855710678002714e-09,4.026566086907152e-17,0.4706652393585509,1.3581858454506194e-31,8.942756740406428e-17,0.5103589168909163
683,PAT_3975,FOG7,FOG7,LM,concat,1,\\nasac-m2.unige.ch\m-HumanNeuronLab\ANALYSIS\FLM\Analysis_LoraFanda\01_FBM_Analysis\outputs\04_ersp_LM_RAWONLY\PAT_3975\LM\ERSP_matrix\audio\PAT_3975_audio_WM_ERSP_FOG7_TN.npy,\\nasac-m2.unige.ch\m-HumanNeuronLab\ANALYSIS\FLM\Analysis_LoraFanda\01_FBM_Analysis\outputs\04_ersp_LM_RAWONLY\PAT_3975\LM\ERSP_matrix\audio\PAT_3975_audio_WM_ERSP_FOG7_TN.npy,\\nasac-m2.unige.ch\m-HumanNeuronLab\ANALYSIS\FLM\Analysis_LoraFanda\01_FBM_Analysis\outputs\04_ersp_LM_RAWONLY\PAT_3975\LM\ERSP_matrix\picture\PAT_3975_picture_WM_ERSP_FOG7_TN.npy,\\nasac-m2.unige.ch\m-HumanNeuronLab\ANALYSIS\FLM\Analysis_LoraFanda\01_FBM_Analysis\outputs\04_ersp_LM_RAWONLY\PAT_3975\LM\ERSP_matrix\reading\PAT_3975_reading_WM_ERSP_FOG7_TN.npy,1,0.2888052,1,PAT_3975|FOG7,0.12041657263507345,0.027585607816263596,0.06276172886896068,0.3678402150215317,1.906693738635289e-11,2.4073315707841222e-14,0.42139587563907954
684,PAT_3975,HAD1,HAD1,LM,concat,2,\\nasac-m2.unige.ch\m-HumanNeuronLab\ANALYSIS\FLM\Analysis_LoraFanda\01_FBM_Analysis\outputs\04_ersp_LM_RAWONLY\PAT_3975\LM\ERSP_matrix\audio\PAT_3975_audio_WM_ERSP_HAD1_TN.npy,\\nasac-m2.unige.ch\m-HumanNeuronLab\ANALYSIS\FLM\Analysis_LoraFanda\01_FBM_Analysis\outputs\04_ersp_LM_RAWONLY\PAT_3975\LM\ERSP_matrix\audio\PAT_3975_audio_WM_ERSP_HAD1_TN.npy,\\nasac-m2.unige.ch\m-HumanNeuronLab\ANALYSIS\FLM\Analysis_LoraFanda\01_FBM_Analysis\outputs\04_ersp_LM_RAWONLY\PAT_3975\LM\ERSP_matrix\picture\PAT_3975_picture_WM_ERSP_HAD1_TN.npy,\\nasac-m2.unige.ch\m-HumanNeuronLab\ANALYSIS\FLM\Analysis_LoraFanda\01_FBM_Analysis\outputs\04_ersp_LM_RAWONLY\PAT_3975\LM\ERSP_matrix\reading\PAT_3975_reading_WM_ERSP_HAD1_TN.npy,0,0.012437078,0,PAT_3975|HAD1,0.4690130001595123,1.1697765047491932e-30,0.49149849130985696,0.03948850730124595,3.378100799326067e-38,2.1445924018378802e-20,1.229384751642844e-09
685,PAT_3975,HAD10,HAD10,LM,concat,1,\\nasac-m2.unige.ch\m-HumanNeuronLab\ANALYSIS\FLM\Analysis_LoraFanda\01_FBM_Analysis\outputs\04_ersp_LM_RAWONLY\PAT_3975\LM\ERSP_matrix\audio\PAT_3975_audio_WM_ERSP_HAD10_TN.npy,\\nasac-m2.unige.ch\m-HumanNeuronLab\ANALYSIS\FLM\Analysis_LoraFanda\01_FBM_Analysis\outputs\04_ersp_LM_RAWONLY\PAT_3975\LM\ERSP_matrix\audio\PAT_3975_audio_WM_ERSP_HAD10_TN.npy,\\nasac-m2.unige.ch\m-HumanNeuronLab\ANALYSIS\FLM\Analysis_LoraFanda\01_FBM_Analysis\outputs\04_ersp_LM_RAWONLY\PAT_3975\LM\ERSP_matrix\picture\PAT_3975_picture_WM_ERSP_HAD10_TN.npy,\\nasac-m2.unige.ch\m-HumanNeuronLab\ANALYSIS\FLM\Analysis_LoraFanda\01_FBM_Analysis\outputs\04_ersp_LM_RAWONLY\PAT_3975\LM\ERSP_matrix\reading\PAT_3975_reading_WM_ERSP_HAD10_TN.npy,2,-0.06622622,2,PAT_3975|HAD10,0.12844491492325474,0.12417486176426186,0.1469813941987565,0.36725662575204965,0.005415881926387947,0.08088337459342583,0.14684294684186353
686,PAT_3975,HAD12,HAD12,LM,concat,2,\\nasac-m2.unige.ch\m-HumanNeuronLab\ANALYSIS\FLM\Analysis_LoraFanda\01_FBM_Analysis\outputs\04_ersp_LM_RAWONLY\PAT_3975\LM\ERSP_matrix\audio\PAT_3975_audio_WM_ERSP_HAD12_TN.npy,\\nasac-m2.unige.ch\m-HumanNeuronLab\ANALYSIS\FLM\Analysis_LoraFanda\01_FBM_Analysis\outputs\04_ersp_LM_RAWONLY\PAT_3975\LM\ERSP_matrix\audio\PAT_3975_audio_WM_ERSP_HAD12_TN.npy,\\nasac-m2.unige.ch\m-HumanNeuronLab\ANALYSIS\FLM\Analysis_LoraFanda\01_FBM_Analysis\outputs\04_ersp_LM_RAWONLY\PAT_3975\LM\ERSP_matrix\picture\PAT_3975_picture_WM_ERSP_HAD12_TN.npy,\\nasac-m2.unige.ch\m-HumanNeuronLab\ANALYSIS\FLM\Analysis_LoraFanda\01_FBM_Analysis\outputs\04_ersp_LM_RAWONLY\PAT_3975\LM\ERSP_matrix\reading\PAT_3975_reading_WM_ERSP_HAD12_TN.npy,2,-0.052540068,2,PAT_3975|HAD12,0.12999546780330395,0.15734148415770038,0.1659685907305546,0.3107626801617103,0.060772064099521954,0.07453149762442574,0.10062821542278312
687,PAT_3975,HAD2,HAD2,LM,concat,2,\\nasac-m2.unige.ch\m-HumanNeuronLab\ANALYSIS\FLM\Analysis_LoraFanda\01_FBM_Analysis\outputs\04_ersp_LM_RAWONLY\PAT_3975\LM\ERSP_matrix\audio\PAT_3975_audio_WM_ERSP_HAD2_TN.npy,\\nasac-m2.unige.ch\m-HumanNeuronLab\ANALYSIS\FLM\Analysis_LoraFanda\01_FBM_Analysis\outputs\04_ersp_LM_RAWONLY\PAT_3975\LM\ERSP_matrix\audio\PAT_3975_audio_WM_ERSP_HAD2_TN.npy,\\nasac-m2.unige.ch\m-HumanNeuronLab\ANALYSIS\FLM\Analysis_LoraFanda\01_FBM_Analysis\outputs\04_ersp_LM_RAWONLY\PAT_3975\LM\ERSP_matrix\picture\PAT_3975_picture_WM_ERSP_HAD2_TN.npy,\\nasac-m2.unige.ch\m-HumanNeuronLab\ANALYSIS\FLM\Analysis_LoraFanda\01_FBM_Analysis\outputs\04_ersp_LM_RAWONLY\PAT_3975\LM\ERSP_matrix\reading\PAT_3975_reading_WM_ERSP_HAD2_TN.npy,0,0.07744945,0,PAT_3975|HAD2,0.5924116316265573,3.5022593726170374e-14,0.35459938367986293,0.0001668934502066951,5.411377845074648e-18,7.806614943394032e-11,0.052822091165272075
688,PAT_3975,HAD3,HAD3,LM,concat,2,\\nasac-m2.unige.ch\m-HumanNeuronLab\ANALYSIS\FLM\Analysis_LoraFanda\01_FBM_Analysis\outputs\04_ersp_LM_RAWONLY\PAT_3975\LM\ERSP_matrix\audio\PAT_3975_audio_WM_ERSP_HAD3_TN.npy,\\nasac-m2.unige.ch\m-HumanNeuronLab\ANALYSIS\FLM\Analysis_LoraFanda\01_FBM_Analysis\outputs\04_ersp_LM_RAWONLY\PAT_3975\LM\ERSP_matrix\audio\PAT_3975_audio_WM_ERSP_HAD3_TN.npy,\\nasac-m2.unige.ch\m-HumanNeuronLab\ANALYSIS\FLM\Analysis_LoraFanda\01_FBM_Analysis\outputs\04_ersp_LM_RAWONLY\PAT_3975\LM\ERSP_matrix\picture\PAT_3975_picture_WM_ERSP_HAD3_TN.npy,\\nasac-m2.unige.ch\m-HumanNeuronLab\ANALYSIS\FLM\Analysis_LoraFanda\01_FBM_Analysis\outputs\04_ersp_LM_RAWONLY\PAT_3975\LM\ERSP_matrix\reading\PAT_3975_reading_WM_ERSP_HAD3_TN.npy,0,-0.011466535,0,PAT_3975|HAD3,0.5365336520675734,1.2740468144681636e-11,0.3790743902192397,0.006477051925067137,1.2596869243588364e-20,9.915491865302902e-16,0.07791490577537827
689,PAT_3975,HAD4,HAD4,LM,concat,2,\\nasac-m2.unige.ch\m-HumanNeuronLab\ANALYSIS\FLM\Analysis_LoraFanda\01_FBM_Analysis\outputs\04_ersp_LM_RAWONLY\PAT_3975\LM\ERSP_matrix\audio\PAT_3975_audio_WM_ERSP_HAD4_TN.npy,\\nasac-m2.unige.ch\m-HumanNeuronLab\ANALYSIS\FLM\Analysis_LoraFanda\01_FBM_Analysis\outputs\04_ersp_LM_RAWONLY\PAT_3975\LM\ERSP_matrix\audio\PAT_3975_audio_WM_ERSP_HAD4_TN.npy,\\nasac-m2.unige.ch\m-HumanNeuronLab\ANALYSIS\FLM\Analysis_LoraFanda\01_FBM_Analysis\outputs\04_ersp_LM_RAWONLY\PAT_3975\LM\ERSP_matrix\picture\PAT_3975_picture_WM_ERSP_HAD4_TN.npy,\\nasac-m2.unige.ch\m-HumanNeuronLab\ANALYSIS\FLM\Analysis_LoraFanda\01_FBM_Analysis\outputs\04_ersp_LM_RAWONLY\PAT_3975\LM\ERSP_matrix\reading\PAT_3975_reading_WM_ERSP_HAD4_TN.npy,0,-0.10424711,0,PAT_3975|HAD4,0.2648027712459836,9.709111588801043e-11,0.23176082676241586,0.21973336872445148,3.596329109349702e-06,0.04351942730173543,0.24018000953921304
690,PAT_3975,HAD5,HAD5,LM,concat,2,\\nasac-m2.unige.ch\m-HumanNeuronLab\ANALYSIS\FLM\Analysis_LoraFanda\01_FBM_Analysis\outputs\04_ersp_LM_RAWONLY\PAT_3975\LM\ERSP_matrix\audio\PAT_3975_audio_WM_ERSP_HAD5_TN.npy,\\nasac-m2.unige.ch\m-HumanNeuronLab\ANALYSIS\FLM\Analysis_LoraFanda\01_FBM_Analysis\outputs\04_ersp_LM_RAWONLY\PAT_3975\LM\ERSP_matrix\audio\PAT_3975_audio_WM_ERSP_HAD5_TN.npy,\\nasac-m2.unige.ch\m-HumanNeuronLab\ANALYSIS\FLM\Analysis_LoraFanda\01_FBM_Analysis\outputs\04_ersp_LM_RAWONLY\PAT_3975\LM\ERSP_matrix\picture\PAT_3975_picture_WM_ERSP_HAD5_TN.npy,\\nasac-m2.unige.ch\m-HumanNeuronLab\ANALYSIS\FLM\Analysis_LoraFanda\01_FBM_Analysis\outputs\04_ersp_LM_RAWONLY\PAT_3975\LM\ERSP_matrix\reading\PAT_3975_reading_WM_ERSP_HAD5_TN.npy,1,0.2237506,1,PAT_3975|HAD5,0.19334218870160594,0.04770328901355312,0.14651698809497987,0.258288919517432,0.04973889549423605,0.02960934465781211,0.2748003745203809
691,PAT_3975,HAD6,HAD6,LM,concat,1,\\nasac-m2.unige.ch\m-HumanNeuronLab\ANALYSIS\FLM\Analysis_LoraFanda\01_FBM_Analysis\outputs\04_ersp_LM_RAWONLY\PAT_3975\LM\ERSP_matrix\audio\PAT_3975_audio_WM_ERSP_HAD6_TN.npy,\\nasac-m2.unige.ch\m-HumanNeuronLab\ANALYSIS\FLM\Analysis_LoraFanda\01_FBM_Analysis\outputs\04_ersp_LM_RAWONLY\PAT_3975\LM\ERSP_matrix\audio\PAT_3975_audio_WM_ERSP_HAD6_TN.npy,\\nasac-m2.unige.ch\m-HumanNeuronLab\ANALYSIS\FLM\Analysis_LoraFanda\01_FBM_Analysis\outputs\04_ersp_LM_RAWONLY\PAT_3975\LM\ERSP_matrix\picture\PAT_3975_picture_WM_ERSP_HAD6_TN.npy,\\nasac-m2.unige.ch\m-HumanNeuronLab\ANALYSIS\FLM\Analysis_LoraFanda\01_FBM_Analysis\outputs\04_ersp_LM_RAWONLY\PAT_3975\LM\ERSP_matrix\reading\PAT_3975_reading_WM_ERSP_HAD6_TN.npy,1,0.20216154,1,PAT_3975|HAD6,0.15741821060999825,0.06142231548598237,0.11327329244168877,0.3112866083246073,0.02704856315977148,0.08676970415484409,0.24278130582310772
692,PAT_3975,HAD7,HAD7,LM,concat,1,\\nasac-m2.unige.ch\m-HumanNeuronLab\ANALYSIS\FLM\Analysis_LoraFanda\01_FBM_Analysis\outputs\04_ersp_LM_RAWONLY\PAT_3975\LM\ERSP_matrix\audio\PAT_3975_audio_WM_ERSP_HAD7_TN.npy,\\nasac-m2.unige.ch\m-HumanNeuronLab\ANALYSIS\FLM\Analysis_LoraFanda\01_FBM_Analysis\outputs\04_ersp_LM_RAWONLY\PAT_3975\LM\ERSP_matrix\audio\PAT_3975_audio_WM_ERSP_HAD7_TN.npy,\\nasac-m2.unige.ch\m-HumanNeuronLab\ANALYSIS\FLM\Analysis_LoraFanda\01_FBM_Analysis\outputs\04_ersp_LM_RAWONLY\PAT_3975\LM\ERSP_matrix\picture\PAT_3975_picture_WM_ERSP_HAD7_TN.npy,\\nasac-m2.unige.ch\m-HumanNeuronLab\ANALYSIS\FLM\Analysis_LoraFanda\01_FBM_Analysis\outputs\04_ersp_LM_RAWONLY\PAT_3975\LM\ERSP_matrix\reading\PAT_3975_reading_WM_ERSP_HAD7_TN.npy,1,0.17668687,1,PAT_3975|HAD7,0.12869680365242955,0.0718492342719629,0.13459511284572667,0.3231677318762255,0.027821503108753826,0.08086658548970907,0.23300302875519247
693,PAT_3975,HAD8,HAD8,LM,concat,1,\\nasac-m2.unige.ch\m-HumanNeuronLab\ANALYSIS\FLM\Analysis_LoraFanda\01_FBM_Analysis\outputs\04_ersp_LM_RAWONLY\PAT_3975\LM\ERSP_matrix\audio\PAT_3975_audio_WM_ERSP_HAD8_TN.npy,\\nasac-m2.unige.ch\m-HumanNeuronLab\ANALYSIS\FLM\Analysis_LoraFanda\01_FBM_Analysis\outputs\04_ersp_LM_RAWONLY\PAT_3975\LM\ERSP_matrix\audio\PAT_3975_audio_WM_ERSP_HAD8_TN.npy,\\nasac-m2.unige.ch\m-HumanNeuronLab\ANALYSIS\FLM\Analysis_LoraFanda\01_FBM_Analysis\outputs\04_ersp_LM_RAWONLY\PAT_3975\LM\ERSP_matrix\picture\PAT_3975_picture_WM_ERSP_HAD8_TN.npy,\\nasac-m2.unige.ch\m-HumanNeuronLab\ANALYSIS\FLM\Analysis_LoraFanda\01_FBM_Analysis\outputs\04_ersp_LM_RAWONLY\PAT_3975\LM\ERSP_matrix\reading\PAT_3975_reading_WM_ERSP_HAD8_TN.npy,1,0.15279855,1,PAT_3975|HAD8,0.14999975967551513,0.10449217082717581,0.10579492639060818,0.3169981796353351,0.06099310364472447,0.060997545251635414,0.20072431457500572
694,PAT_3975,HAD9,HAD9,LM,concat,1,\\nasac-m2.unige.ch\m-HumanNeuronLab\ANALYSIS\FLM\Analysis_LoraFanda\01_FBM_Analysis\outputs\04_ersp_LM_RAWONLY\PAT_3975\LM\ERSP_matrix\audio\PAT_3975_audio_WM_ERSP_HAD9_TN.npy,\\nasac-m2.unige.ch\m-HumanNeuronLab\ANALYSIS\FLM\Analysis_LoraFanda\01_FBM_Analysis\outputs\04_ersp_LM_RAWONLY\PAT_3975\LM\ERSP_matrix\audio\PAT_3975_audio_WM_ERSP_HAD9_TN.npy,\\nasac-m2.unige.ch\m-HumanNeuronLab\ANALYSIS\FLM\Analysis_LoraFanda\01_FBM_Analysis\outputs\04_ersp_LM_RAWONLY\PAT_3975\LM\ERSP_matrix\picture\PAT_3975_picture_WM_ERSP_HAD9_TN.npy,\\nasac-m2.unige.ch\m-HumanNeuronLab\ANALYSIS\FLM\Analysis_LoraFanda\01_FBM_Analysis\outputs\04_ersp_LM_RAWONLY\PAT_3975\LM\ERSP_matrix\reading\PAT_3975_reading_WM_ERSP_HAD9_TN.npy,1,0.1674732,1,PAT_3975|HAD9,0.15750123484233636,0.12248150747483996,0.13589543359355388,0.31926921990470064,0.041807256749737176,0.057157632966460245,0.16588771446837167
695,PAT_3975,HAG1,HAG1,LM,concat,1,\\nasac-m2.unige.ch\m-HumanNeuronLab\ANALYSIS\FLM\Analysis_LoraFanda\01_FBM_Analysis\outputs\04_ersp_LM_RAWONLY\PAT_3975\LM\ERSP_matrix\audio\PAT_3975_audio_WM_ERSP_HAG1_TN.npy,\\nasac-m2.unige.ch\m-HumanNeuronLab\ANALYSIS\FLM\Analysis_LoraFanda\01_FBM_Analysis\outputs\04_ersp_LM_RAWONLY\PAT_3975\LM\ERSP_matrix\audio\PAT_3975_audio_WM_ERSP_HAG1_TN.npy,\\nasac-m2.unige.ch\m-HumanNeuronLab\ANALYSIS\FLM\Analysis_LoraFanda\01_FBM_Analysis\outputs\04_ersp_LM_RAWONLY\PAT_3975\LM\ERSP_matrix\picture\PAT_3975_picture_WM_ERSP_HAG1_TN.npy,\\nasac-m2.unige.ch\m-HumanNeuronLab\ANALYSIS\FLM\Analysis_LoraFanda\01_FBM_Analysis\outputs\04_ersp_LM_RAWONLY\PAT_3975\LM\ERSP_matrix\reading\PAT_3975_reading_WM_ERSP_HAG1_TN.npy,1,0.29656863,1,PAT_3975|HAG1,9.464437141181549e-20,4.102244301397539e-11,0.9529885095396362,0.04701149041922274,2.34437257148339e-37,4.4650766135245176e-24,1.1853317733123682e-13
696,PAT_3975,HAG2,HAG2,LM,concat,1,\\nasac-m2.unige.ch\m-HumanNeuronLab\ANALYSIS\FLM\Analysis_LoraFanda\01_FBM_Analysis\outputs\04_ersp_LM_RAWONLY\PAT_3975\LM\ERSP_matrix\audio\PAT_3975_audio_WM_ERSP_HAG2_TN.npy,\\nasac-m2.unige.ch\m-HumanNeuronLab\ANALYSIS\FLM\Analysis_LoraFanda\01_FBM_Analysis\outputs\04_ersp_LM_RAWONLY\PAT_3975\LM\ERSP_matrix\audio\PAT_3975_audio_WM_ERSP_HAG2_TN.npy,\\nasac-m2.unige.ch\m-HumanNeuronLab\ANALYSIS\FLM\Analysis_LoraFanda\01_FBM_Analysis\outputs\04_ersp_LM_RAWONLY\PAT_3975\LM\ERSP_matrix\picture\PAT_3975_picture_WM_ERSP_HAG2_TN.npy,\\nasac-m2.unige.ch\m-HumanNeuronLab\ANALYSIS\FLM\Analysis_LoraFanda\01_FBM_Analysis\outputs\04_ersp_LM_RAWONLY\PAT_3975\LM\ERSP_matrix\reading\PAT_3975_reading_WM_ERSP_HAG2_TN.npy,1,0.2619292,1,PAT_3975|HAG2,6.082430664146586e-39,2.5046715100788372e-05,0.882026285162544,4.1302011774615654e-10,1.1556144002345525e-34,1.4371054229918785e-46,0.11794866770933526
697,PAT_3975,IAD4,IAD4,LM,concat,1,\\nasac-m2.unige.ch\m-HumanNeuronLab\ANALYSIS\FLM\Analysis_LoraFanda\01_FBM_Analysis\outputs\04_ersp_LM_RAWONLY\PAT_3975\LM\ERSP_matrix\audio\PAT_3975_audio_WM_ERSP_IAD4_TN.npy,\\nasac-m2.unige.ch\m-HumanNeuronLab\ANALYSIS\FLM\Analysis_LoraFanda\01_FBM_Analysis\outputs\04_ersp_LM_RAWONLY\PAT_3975\LM\ERSP_matrix\audio\PAT_3975_audio_WM_ERSP_IAD4_TN.npy,\\nasac-m2.unige.ch\m-HumanNeuronLab\ANALYSIS\FLM\Analysis_LoraFanda\01_FBM_Analysis\outputs\04_ersp_LM_RAWONLY\PAT_3975\LM\ERSP_matrix\picture\PAT_3975_picture_WM_ERSP_IAD4_TN.npy,\\nasac-m2.unige.ch\m-HumanNeuronLab\ANALYSIS\FLM\Analysis_LoraFanda\01_FBM_Analysis\outputs\04_ersp_LM_RAWONLY\PAT_3975\LM\ERSP_matrix\reading\PAT_3975_reading_WM_ERSP_IAD4_TN.npy,1,0.21711135,1,PAT_3975|IAD4,0.36967253871413747,1.1294073895375384e-18,0.004896677408080485,0.3869460126716495,5.420642117727074e-11,0.09846054219765514,0.1400242289542708
698,PAT_3975,IAD6,IAD6,LM,concat,1,\\nasac-m2.unige.ch\m-HumanNeuronLab\ANALYSIS\FLM\Analysis_LoraFanda\01_FBM_Analysis\outputs\04_ersp_LM_RAWONLY\PAT_3975\LM\ERSP_matrix\audio\PAT_3975_audio_WM_ERSP_IAD6_TN.npy,\\nasac-m2.unige.ch\m-HumanNeuronLab\ANALYSIS\FLM\Analysis_LoraFanda\01_FBM_Analysis\outputs\04_ersp_LM_RAWONLY\PAT_3975\LM\ERSP_matrix\audio\PAT_3975_audio_WM_ERSP_IAD6_TN.npy,\\nasac-m2.unige.ch\m-HumanNeuronLab\ANALYSIS\FLM\Analysis_LoraFanda\01_FBM_Analysis\outputs\04_ersp_LM_RAWONLY\PAT_3975\LM\ERSP_matrix\picture\PAT_3975_picture_WM_ERSP_IAD6_TN.npy,\\nasac-m2.unige.ch\m-HumanNeuronLab\ANALYSIS\FLM\Analysis_LoraFanda\01_FBM_Analysis\outputs\04_ersp_LM_RAWONLY\PAT_3975\LM\ERSP_matrix\reading\PAT_3975_reading_WM_ERSP_IAD6_TN.npy,1,0.26406115,1,PAT_3975|IAD6,0.3923906048237002,0.0006910655300523531,2.827195284824859e-23,0.23534912258846233,0.1650381807208816,0.08069552194487294,0.12583550439203067
699,PAT_3975,IMD10,IMD10,LM,concat,3,\\nasac-m2.unige.ch\m-HumanNeuronLab\ANALYSIS\FLM\Analysis_LoraFanda\01_FBM_Analysis\outputs\04_ersp_LM_RAWONLY\PAT_3975\LM\ERSP_matrix\audio\PAT_3975_audio_WM_ERSP_IMD10_TN.npy,\\nasac-m2.unige.ch\m-HumanNeuronLab\ANALYSIS\FLM\Analysis_LoraFanda\01_FBM_Analysis\outputs\04_ersp_LM_RAWONLY\PAT_3975\LM\ERSP_matrix\audio\PAT_3975_audio_WM_ERSP_IMD10_TN.npy,\\nasac-m2.unige.ch\m-HumanNeuronLab\ANALYSIS\FLM\Analysis_LoraFanda\01_FBM_Analysis\outputs\04_ersp_LM_RAWONLY\PAT_3975\LM\ERSP_matrix\picture\PAT_3975_picture_WM_ERSP_IMD10_TN.npy,\\nasac-m2.unige.ch\m-HumanNeuronLab\ANALYSIS\FLM\Analysis_LoraFanda\01_FBM_Analysis\outputs\04_ersp_LM_RAWONLY\PAT_3975\LM\ERSP_matrix\reading\PAT_3975_reading_WM_ERSP_IMD10_TN.npy,3,0.14133805,3,PAT_3975|IMD10,0.15835278593793686,0.005937362716699238,0.08858612170506898,0.00023675399149752737,0.37375024305523286,0.11371903811077895,0.2594176944827856
700,PAT_3975,IMD11,IMD11,LM,concat,3,\\nasac-m2.unige.ch\m-HumanNeuronLab\ANALYSIS\FLM\Analysis_LoraFanda\01_FBM_Analysis\outputs\04_ersp_LM_RAWONLY\PAT_3975\LM\ERSP_matrix\audio\PAT_3975_audio_WM_ERSP_IMD11_TN.npy,\\nasac-m2.unige.ch\m-HumanNeuronLab\ANALYSIS\FLM\Analysis_LoraFanda\01_FBM_Analysis\outputs\04_ersp_LM_RAWONLY\PAT_3975\LM\ERSP_matrix\audio\PAT_3975_audio_WM_ERSP_IMD11_TN.npy,\\nasac-m2.unige.ch\m-HumanNeuronLab\ANALYSIS\FLM\Analysis_LoraFanda\01_FBM_Analysis\outputs\04_ersp_LM_RAWONLY\PAT_3975\LM\ERSP_matrix\picture\PAT_3975_picture_WM_ERSP_IMD11_TN.npy,\\nasac-m2.unige.ch\m-HumanNeuronLab\ANALYSIS\FLM\Analysis_LoraFanda\01_FBM_Analysis\outputs\04_ersp_LM_RAWONLY\PAT_3975\LM\ERSP_matrix\reading\PAT_3975_reading_WM_ERSP_IMD11_TN.npy,3,0.11045485,3,PAT_3975|IMD11,0.1790179581560076,0.042921772818741814,0.1313969785712336,0.0005726296872924031,0.42951006113662077,0.02244655624569809,0.19413404338440562
701,PAT_3975,IMD13,IMD13,LM,concat,1,\\nasac-m2.unige.ch\m-HumanNeuronLab\ANALYSIS\FLM\Analysis_LoraFanda\01_FBM_Analysis\outputs\04_ersp_LM_RAWONLY\PAT_3975\LM\ERSP_matrix\audio\PAT_3975_audio_WM_ERSP_IMD13_TN.npy,\\nasac-m2.unige.ch\m-HumanNeuronLab\ANALYSIS\FLM\Analysis_LoraFanda\01_FBM_Analysis\outputs\04_ersp_LM_RAWONLY\PAT_3975\LM\ERSP_matrix\audio\PAT_3975_audio_WM_ERSP_IMD13_TN.npy,\\nasac-m2.unige.ch\m-HumanNeuronLab\ANALYSIS\FLM\Analysis_LoraFanda\01_FBM_Analysis\outputs\04_ersp_LM_RAWONLY\PAT_3975\LM\ERSP_matrix\picture\PAT_3975_picture_WM_ERSP_IMD13_TN.npy,\\nasac-m2.unige.ch\m-HumanNeuronLab\ANALYSIS\FLM\Analysis_LoraFanda\01_FBM_Analysis\outputs\04_ersp_LM_RAWONLY\PAT_3975\LM\ERSP_matrix\reading\PAT_3975_reading_WM_ERSP_IMD13_TN.npy,1,0.2583568,1,PAT_3975|IMD13,0.12817794241657077,0.21537516171072996,0.19625889761176696,0.043153057455971415,0.24079363444667048,1.1679569779001623e-12,0.17624130635712254
702,PAT_3975,IMD8,IMD8,LM,concat,1,\\nasac-m2.unige.ch\m-HumanNeuronLab\ANALYSIS\FLM\Analysis_LoraFanda\01_FBM_Analysis\outputs\04_ersp_LM_RAWONLY\PAT_3975\LM\ERSP_matrix\audio\PAT_3975_audio_WM_ERSP_IMD8_TN.npy,\\nasac-m2.unige.ch\m-HumanNeuronLab\ANALYSIS\FLM\Analysis_LoraFanda\01_FBM_Analysis\outputs\04_ersp_LM_RAWONLY\PAT_3975\LM\ERSP_matrix\audio\PAT_3975_audio_WM_ERSP_IMD8_TN.npy,\\nasac-m2.unige.ch\m-HumanNeuronLab\ANALYSIS\FLM\Analysis_LoraFanda\01_FBM_Analysis\outputs\04_ersp_LM_RAWONLY\PAT_3975\LM\ERSP_matrix\picture\PAT_3975_picture_WM_ERSP_IMD8_TN.npy,\\nasac-m2.unige.ch\m-HumanNeuronLab\ANALYSIS\FLM\Analysis_LoraFanda\01_FBM_Analysis\outputs\04_ersp_LM_RAWONLY\PAT_3975\LM\ERSP_matrix\reading\PAT_3975_reading_WM_ERSP_IMD8_TN.npy,1,0.19935386,1,PAT_3975|IMD8,0.1988918554116346,0.08303763154953069,0.09465014630179287,0.022499135628479182,0.41982045296370757,0.008749515393722795,0.1723512627511323
703,PAT_3975,IMD9,IMD9,LM,concat,3,\\nasac-m2.unige.ch\m-HumanNeuronLab\ANALYSIS\FLM\Analysis_LoraFanda\01_FBM_Analysis\outputs\04_ersp_LM_RAWONLY\PAT_3975\LM\ERSP_matrix\audio\PAT_3975_audio_WM_ERSP_IMD9_TN.npy,\\nasac-m2.unige.ch\m-HumanNeuronLab\ANALYSIS\FLM\Analysis_LoraFanda\01_FBM_Analysis\outputs\04_ersp_LM_RAWONLY\PAT_3975\LM\ERSP_matrix\audio\PAT_3975_audio_WM_ERSP_IMD9_TN.npy,\\nasac-m2.unige.ch\m-HumanNeuronLab\ANALYSIS\FLM\Analysis_LoraFanda\01_FBM_Analysis\outputs\04_ersp_LM_RAWONLY\PAT_3975\LM\ERSP_matrix\picture\PAT_3975_picture_WM_ERSP_IMD9_TN.npy,\\nasac-m2.unige.ch\m-HumanNeuronLab\ANALYSIS\FLM\Analysis_LoraFanda\01_FBM_Analysis\outputs\04_ersp_LM_RAWONLY\PAT_3975\LM\ERSP_matrix\reading\PAT_3975_reading_WM_ERSP_IMD9_TN.npy,3,-0.009144728,3,PAT_3975|IMD9,0.17523775366337369,0.07127771118177958,0.07760763172156367,0.000832647554745444,0.3946264924449633,0.04834414475554331,0.23207361867803106
704,PAT_3975,IMG9,IMG9,LM,concat,1,\\nasac-m2.unige.ch\m-HumanNeuronLab\ANALYSIS\FLM\Analysis_LoraFanda\01_FBM_Analysis\outputs\04_ersp_LM_RAWONLY\PAT_3975\LM\ERSP_matrix\audio\PAT_3975_audio_WM_ERSP_IMG9_TN.npy,\\nasac-m2.unige.ch\m-HumanNeuronLab\ANALYSIS\FLM\Analysis_LoraFanda\01_FBM_Analysis\outputs\04_ersp_LM_RAWONLY\PAT_3975\LM\ERSP_matrix\audio\PAT_3975_audio_WM_ERSP_IMG9_TN.npy,\\nasac-m2.unige.ch\m-HumanNeuronLab\ANALYSIS\FLM\Analysis_LoraFanda\01_FBM_Analysis\outputs\04_ersp_LM_RAWONLY\PAT_3975\LM\ERSP_matrix\picture\PAT_3975_picture_WM_ERSP_IMG9_TN.npy,\\nasac-m2.unige.ch\m-HumanNeuronLab\ANALYSIS\FLM\Analysis_LoraFanda\01_FBM_Analysis\outputs\04_ersp_LM_RAWONLY\PAT_3975\LM\ERSP_matrix\reading\PAT_3975_reading_WM_ERSP_IMG9_TN.npy,1,0.18709214,1,PAT_3975|IMG9,0.32563534753380063,0.08320370815477413,0.28565554244793584,3.0343997738728975e-13,1.3478221789047453e-49,6.3539394478552e-54,0.3055054018631859
705,PAT_3975,PHD1,PHD1,LM,concat,2,\\nasac-m2.unige.ch\m-HumanNeuronLab\ANALYSIS\FLM\Analysis_LoraFanda\01_FBM_Analysis\outputs\04_ersp_LM_RAWONLY\PAT_3975\LM\ERSP_matrix\audio\PAT_3975_audio_WM_ERSP_PHD1_TN.npy,\\nasac-m2.unige.ch\m-HumanNeuronLab\ANALYSIS\FLM\Analysis_LoraFanda\01_FBM_Analysis\outputs\04_ersp_LM_RAWONLY\PAT_3975\LM\ERSP_matrix\audio\PAT_3975_audio_WM_ERSP_PHD1_TN.npy,\\nasac-m2.unige.ch\m-HumanNeuronLab\ANALYSIS\FLM\Analysis_LoraFanda\01_FBM_Analysis\outputs\04_ersp_LM_RAWONLY\PAT_3975\LM\ERSP_matrix\picture\PAT_3975_picture_WM_ERSP_PHD1_TN.npy,\\nasac-m2.unige.ch\m-HumanNeuronLab\ANALYSIS\FLM\Analysis_LoraFanda\01_FBM_Analysis\outputs\04_ersp_LM_RAWONLY\PAT_3975\LM\ERSP_matrix\reading\PAT_3975_reading_WM_ERSP_PHD1_TN.npy,0,-0.057309095,0,PAT_3975|PHD1,0.4977637430060843,3.047302812655476e-24,0.18864624584524403,0.03448091580300319,6.409188112919516e-12,0.11271303908434581,0.16639605625491355
706,PAT_3975,PHD10,PHD10,LM,concat,1,\\nasac-m2.unige.ch\m-HumanNeuronLab\ANALYSIS\FLM\Analysis_LoraFanda\01_FBM_Analysis\outputs\04_ersp_LM_RAWONLY\PAT_3975\LM\ERSP_matrix\audio\PAT_3975_audio_WM_ERSP_PHD10_TN.npy,\\nasac-m2.unige.ch\m-HumanNeuronLab\ANALYSIS\FLM\Analysis_LoraFanda\01_FBM_Analysis\outputs\04_ersp_LM_RAWONLY\PAT_3975\LM\ERSP_matrix\audio\PAT_3975_audio_WM_ERSP_PHD10_TN.npy,\\nasac-m2.unige.ch\m-HumanNeuronLab\ANALYSIS\FLM\Analysis_LoraFanda\01_FBM_Analysis\outputs\04_ersp_LM_RAWONLY\PAT_3975\LM\ERSP_matrix\picture\PAT_3975_picture_WM_ERSP_PHD10_TN.npy,\\nasac-m2.unige.ch\m-HumanNeuronLab\ANALYSIS\FLM\Analysis_LoraFanda\01_FBM_Analysis\outputs\04_ersp_LM_RAWONLY\PAT_3975\LM\ERSP_matrix\reading\PAT_3975_reading_WM_ERSP_PHD10_TN.npy,2,-0.024176156,2,PAT_3975|PHD10,0.08640151499821667,0.16269554658925325,0.06479472648253497,0.3668315704459681,0.06941661330940417,0.07421054646722146,0.17564948170740136
707,PAT_3975,PHD12,PHD12,LM,concat,1,\\nasac-m2.unige.ch\m-HumanNeuronLab\ANALYSIS\FLM\Analysis_LoraFanda\01_FBM_Analysis\outputs\04_ersp_LM_RAWONLY\PAT_3975\LM\ERSP_matrix\audio\PAT_3975_audio_WM_ERSP_PHD12_TN.npy,\\nasac-m2.unige.ch\m-HumanNeuronLab\ANALYSIS\FLM\Analysis_LoraFanda\01_FBM_Analysis\outputs\04_ersp_LM_RAWONLY\PAT_3975\LM\ERSP_matrix\audio\PAT_3975_audio_WM_ERSP_PHD12_TN.npy,\\nasac-m2.unige.ch\m-HumanNeuronLab\ANALYSIS\FLM\Analysis_LoraFanda\01_FBM_Analysis\outputs\04_ersp_LM_RAWONLY\PAT_3975\LM\ERSP_matrix\picture\PAT_3975_picture_WM_ERSP_PHD12_TN.npy,\\nasac-m2.unige.ch\m-HumanNeuronLab\ANALYSIS\FLM\Analysis_LoraFanda\01_FBM_Analysis\outputs\04_ersp_LM_RAWONLY\PAT_3975\LM\ERSP_matrix\reading\PAT_3975_reading_WM_ERSP_PHD12_TN.npy,2,0.056197558,2,PAT_3975|PHD12,0.11331871761791738,0.19197009912696597,0.08797784584463283,0.3576471746995615,0.07325237627655368,0.08538799672048264,0.09044578971388588
708,PAT_3975,PHD2,PHD2,LM,concat,2,\\nasac-m2.unige.ch\m-HumanNeuronLab\ANALYSIS\FLM\Analysis_LoraFanda\01_FBM_Analysis\outputs\04_ersp_LM_RAWONLY\PAT_3975\LM\ERSP_matrix\audio\PAT_3975_audio_WM_ERSP_PHD2_TN.npy,\\nasac-m2.unige.ch\m-HumanNeuronLab\ANALYSIS\FLM\Analysis_LoraFanda\01_FBM_Analysis\outputs\04_ersp_LM_RAWONLY\PAT_3975\LM\ERSP_matrix\audio\PAT_3975_audio_WM_ERSP_PHD2_TN.npy,\\nasac-m2.unige.ch\m-HumanNeuronLab\ANALYSIS\FLM\Analysis_LoraFanda\01_FBM_Analysis\outputs\04_ersp_LM_RAWONLY\PAT_3975\LM\ERSP_matrix\picture\PAT_3975_picture_WM_ERSP_PHD2_TN.npy,\\nasac-m2.unige.ch\m-HumanNeuronLab\ANALYSIS\FLM\Analysis_LoraFanda\01_FBM_Analysis\outputs\04_ersp_LM_RAWONLY\PAT_3975\LM\ERSP_matrix\reading\PAT_3975_reading_WM_ERSP_PHD2_TN.npy,0,0.030531993,0,PAT_3975|PHD2,0.8435912621849788,4.450970321288355e-19,0.032655102108927796,0.007059714400981958,1.6521201983288136e-12,0.07088423598515343,0.045809685318305954
709,PAT_3975,PHD3,PHD3,LM,concat,2,\\nasac-m2.unige.ch\m-HumanNeuronLab\ANALYSIS\FLM\Analysis_LoraFanda\01_FBM_Analysis\outputs\04_ersp_LM_RAWONLY\PAT_3975\LM\ERSP_matrix\audio\PAT_3975_audio_WM_ERSP_PHD3_TN.npy,\\nasac-m2.unige.ch\m-HumanNeuronLab\ANALYSIS\FLM\Analysis_LoraFanda\01_FBM_Analysis\outputs\04_ersp_LM_RAWONLY\PAT_3975\LM\ERSP_matrix\audio\PAT_3975_audio_WM_ERSP_PHD3_TN.npy,\\nasac-m2.unige.ch\m-HumanNeuronLab\ANALYSIS\FLM\Analysis_LoraFanda\01_FBM_Analysis\outputs\04_ersp_LM_RAWONLY\PAT_3975\LM\ERSP_matrix\picture\PAT_3975_picture_WM_ERSP_PHD3_TN.npy,\\nasac-m2.unige.ch\m-HumanNeuronLab\ANALYSIS\FLM\Analysis_LoraFanda\01_FBM_Analysis\outputs\04_ersp_LM_RAWONLY\PAT_3975\LM\ERSP_matrix\reading\PAT_3975_reading_WM_ERSP_PHD3_TN.npy,0,-0.02065398,0,PAT_3975|PHD3,0.5993138974758209,8.865958349757089e-05,4.9265350939947304e-08,0.194126538630009,8.668567841801765e-05,0.025900548933487758,0.1804836204334159
710,PAT_3975,PHD4,PHD4,LM,concat,2,\\nasac-m2.unige.ch\m-HumanNeuronLab\ANALYSIS\FLM\Analysis_LoraFanda\01_FBM_Analysis\outputs\04_ersp_LM_RAWONLY\PAT_3975\LM\ERSP_matrix\audio\PAT_3975_audio_WM_ERSP_PHD4_TN.npy,\\nasac-m2.unige.ch\m-HumanNeuronLab\ANALYSIS\FLM\Analysis_LoraFanda\01_FBM_Analysis\outputs\04_ersp_LM_RAWONLY\PAT_3975\LM\ERSP_matrix\audio\PAT_3975_audio_WM_ERSP_PHD4_TN.npy,\\nasac-m2.unige.ch\m-HumanNeuronLab\ANALYSIS\FLM\Analysis_LoraFanda\01_FBM_Analysis\outputs\04_ersp_LM_RAWONLY\PAT_3975\LM\ERSP_matrix\picture\PAT_3975_picture_WM_ERSP_PHD4_TN.npy,\\nasac-m2.unige.ch\m-HumanNeuronLab\ANALYSIS\FLM\Analysis_LoraFanda\01_FBM_Analysis\outputs\04_ersp_LM_RAWONLY\PAT_3975\LM\ERSP_matrix\reading\PAT_3975_reading_WM_ERSP_PHD4_TN.npy,0,-0.02527787,0,PAT_3975|PHD4,0.5770288194949739,3.377673242620521e-05,2.057806565767495e-06,0.19733621207522284,0.00024201328261174134,0.01821066239182142,0.20714645821637823
711,PAT_3975,PHD5,PHD5,LM,concat,1,\\nasac-m2.unige.ch\m-HumanNeuronLab\ANALYSIS\FLM\Analysis_LoraFanda\01_FBM_Analysis\outputs\04_ersp_LM_RAWONLY\PAT_3975\LM\ERSP_matrix\audio\PAT_3975_audio_WM_ERSP_PHD5_TN.npy,\\nasac-m2.unige.ch\m-HumanNeuronLab\ANALYSIS\FLM\Analysis_LoraFanda\01_FBM_Analysis\outputs\04_ersp_LM_RAWONLY\PAT_3975\LM\ERSP_matrix\audio\PAT_3975_audio_WM_ERSP_PHD5_TN.npy,\\nasac-m2.unige.ch\m-HumanNeuronLab\ANALYSIS\FLM\Analysis_LoraFanda\01_FBM_Analysis\outputs\04_ersp_LM_RAWONLY\PAT_3975\LM\ERSP_matrix\picture\PAT_3975_picture_WM_ERSP_PHD5_TN.npy,\\nasac-m2.unige.ch\m-HumanNeuronLab\ANALYSIS\FLM\Analysis_LoraFanda\01_FBM_Analysis\outputs\04_ersp_LM_RAWONLY\PAT_3975\LM\ERSP_matrix\reading\PAT_3975_reading_WM_ERSP_PHD5_TN.npy,0,-0.1751737,0,PAT_3975|PHD5,0.2706690988208223,0.053994192724090076,0.11552061655981441,0.21755969582058382,0.004535950664776712,0.07141962177911755,0.266300823630795
712,PAT_3975,PHD8,PHD8,LM,concat,1,\\nasac-m2.unige.ch\m-HumanNeuronLab\ANALYSIS\FLM\Analysis_LoraFanda\01_FBM_Analysis\outputs\04_ersp_LM_RAWONLY\PAT_3975\LM\ERSP_matrix\audio\PAT_3975_audio_WM_ERSP_PHD8_TN.npy,\\nasac-m2.unige.ch\m-HumanNeuronLab\ANALYSIS\FLM\Analysis_LoraFanda\01_FBM_Analysis\outputs\04_ersp_LM_RAWONLY\PAT_3975\LM\ERSP_matrix\audio\PAT_3975_audio_WM_ERSP_PHD8_TN.npy,\\nasac-m2.unige.ch\m-HumanNeuronLab\ANALYSIS\FLM\Analysis_LoraFanda\01_FBM_Analysis\outputs\04_ersp_LM_RAWONLY\PAT_3975\LM\ERSP_matrix\picture\PAT_3975_picture_WM_ERSP_PHD8_TN.npy,\\nasac-m2.unige.ch\m-HumanNeuronLab\ANALYSIS\FLM\Analysis_LoraFanda\01_FBM_Analysis\outputs\04_ersp_LM_RAWONLY\PAT_3975\LM\ERSP_matrix\reading\PAT_3975_reading_WM_ERSP_PHD8_TN.npy,2,-0.07921084,2,PAT_3975|PHD8,0.061547022345311765,0.1355762105342667,0.08228937645750878,0.36407939649627963,0.03993432593544744,0.11047713541426905,0.20609653281691664
713,PAT_3975,PHD9,PHD9,LM,concat,1,\\nasac-m2.unige.ch\m-HumanNeuronLab\ANALYSIS\FLM\Analysis_LoraFanda\01_FBM_Analysis\outputs\04_ersp_LM_RAWONLY\PAT_3975\LM\ERSP_matrix\audio\PAT_3975_audio_WM_ERSP_PHD9_TN.npy,\\nasac-m2.unige.ch\m-HumanNeuronLab\ANALYSIS\FLM\Analysis_LoraFanda\01_FBM_Analysis\outputs\04_ersp_LM_RAWONLY\PAT_3975\LM\ERSP_matrix\audio\PAT_3975_audio_WM_ERSP_PHD9_TN.npy,\\nasac-m2.unige.ch\m-HumanNeuronLab\ANALYSIS\FLM\Analysis_LoraFanda\01_FBM_Analysis\outputs\04_ersp_LM_RAWONLY\PAT_3975\LM\ERSP_matrix\picture\PAT_3975_picture_WM_ERSP_PHD9_TN.npy,\\nasac-m2.unige.ch\m-HumanNeuronLab\ANALYSIS\FLM\Analysis_LoraFanda\01_FBM_Analysis\outputs\04_ersp_LM_RAWONLY\PAT_3975\LM\ERSP_matrix\reading\PAT_3975_reading_WM_ERSP_PHD9_TN.npy,2,-0.012665538,2,PAT_3975|PHD9,0.07148710525095656,0.1046955993275572,0.06100521858185346,0.41281909636960334,0.014217080501842408,0.10659296482020822,0.22918293514797883
714,PAT_3975,PHG1,PHG1,LM,concat,1,\\nasac-m2.unige.ch\m-HumanNeuronLab\ANALYSIS\FLM\Analysis_LoraFanda\01_FBM_Analysis\outputs\04_ersp_LM_RAWONLY\PAT_3975\LM\ERSP_matrix\audio\PAT_3975_audio_WM_ERSP_PHG1_TN.npy,\\nasac-m2.unige.ch\m-HumanNeuronLab\ANALYSIS\FLM\Analysis_LoraFanda\01_FBM_Analysis\outputs\04_ersp_LM_RAWONLY\PAT_3975\LM\ERSP_matrix\audio\PAT_3975_audio_WM_ERSP_PHG1_TN.npy,\\nasac-m2.unige.ch\m-HumanNeuronLab\ANALYSIS\FLM\Analysis_LoraFanda\01_FBM_Analysis\outputs\04_ersp_LM_RAWONLY\PAT_3975\LM\ERSP_matrix\picture\PAT_3975_picture_WM_ERSP_PHG1_TN.npy,\\nasac-m2.unige.ch\m-HumanNeuronLab\ANALYSIS\FLM\Analysis_LoraFanda\01_FBM_Analysis\outputs\04_ersp_LM_RAWONLY\PAT_3975\LM\ERSP_matrix\reading\PAT_3975_reading_WM_ERSP_PHG1_TN.npy,1,0.3063192,1,PAT_3975|PHG1,0.05376824984572266,0.1416523226343404,0.44030259890736845,0.20427039266173405,8.003050347375814e-12,3.309276514556285e-44,0.16000643594283132
715,PAT_3975,PHG6,PHG6,LM,concat,1,\\nasac-m2.unige.ch\m-HumanNeuronLab\ANALYSIS\FLM\Analysis_LoraFanda\01_FBM_Analysis\outputs\04_ersp_LM_RAWONLY\PAT_3975\LM\ERSP_matrix\audio\PAT_3975_audio_WM_ERSP_PHG6_TN.npy,\\nasac-m2.unige.ch\m-HumanNeuronLab\ANALYSIS\FLM\Analysis_LoraFanda\01_FBM_Analysis\outputs\04_ersp_LM_RAWONLY\PAT_3975\LM\ERSP_matrix\audio\PAT_3975_audio_WM_ERSP_PHG6_TN.npy,\\nasac-m2.unige.ch\m-HumanNeuronLab\ANALYSIS\FLM\Analysis_LoraFanda\01_FBM_Analysis\outputs\04_ersp_LM_RAWONLY\PAT_3975\LM\ERSP_matrix\picture\PAT_3975_picture_WM_ERSP_PHG6_TN.npy,\\nasac-m2.unige.ch\m-HumanNeuronLab\ANALYSIS\FLM\Analysis_LoraFanda\01_FBM_Analysis\outputs\04_ersp_LM_RAWONLY\PAT_3975\LM\ERSP_matrix\reading\PAT_3975_reading_WM_ERSP_PHG6_TN.npy,1,0.23404165,1,PAT_3975|PHG6,0.21663091276582444,0.10728526952654062,0.005584267046996106,0.24406186487633655,0.170339741245556,0.08450690509634516,0.17159103944240112
716,PAT_3975,PHG9,PHG9,LM,concat,1,\\nasac-m2.unige.ch\m-HumanNeuronLab\ANALYSIS\FLM\Analysis_LoraFanda\01_FBM_Analysis\outputs\04_ersp_LM_RAWONLY\PAT_3975\LM\ERSP_matrix\audio\PAT_3975_audio_WM_ERSP_PHG9_TN.npy,\\nasac-m2.unige.ch\m-HumanNeuronLab\ANALYSIS\FLM\Analysis_LoraFanda\01_FBM_Analysis\outputs\04_ersp_LM_RAWONLY\PAT_3975\LM\ERSP_matrix\audio\PAT_3975_audio_WM_ERSP_PHG9_TN.npy,\\nasac-m2.unige.ch\m-HumanNeuronLab\ANALYSIS\FLM\Analysis_LoraFanda\01_FBM_Analysis\outputs\04_ersp_LM_RAWONLY\PAT_3975\LM\ERSP_matrix\picture\PAT_3975_picture_WM_ERSP_PHG9_TN.npy,\\nasac-m2.unige.ch\m-HumanNeuronLab\ANALYSIS\FLM\Analysis_LoraFanda\01_FBM_Analysis\outputs\04_ersp_LM_RAWONLY\PAT_3975\LM\ERSP_matrix\reading\PAT_3975_reading_WM_ERSP_PHG9_TN.npy,1,0.21029462,1,PAT_3975|PHG9,0.17170603592924966,0.14464212418755468,1.5400304844847907e-08,0.273731391424711,0.14055287255764723,0.05742192160763321,0.2119456388928995
717,PAT_3975,TPD1,TPD1,LM,concat,3,\\nasac-m2.unige.ch\m-HumanNeuronLab\ANALYSIS\FLM\Analysis_LoraFanda\01_FBM_Analysis\outputs\04_ersp_LM_RAWONLY\PAT_3975\LM\ERSP_matrix\audio\PAT_3975_audio_WM_ERSP_TPD1_TN.npy,\\nasac-m2.unige.ch\m-HumanNeuronLab\ANALYSIS\FLM\Analysis_LoraFanda\01_FBM_Analysis\outputs\04_ersp_LM_RAWONLY\PAT_3975\LM\ERSP_matrix\audio\PAT_3975_audio_WM_ERSP_TPD1_TN.npy,\\nasac-m2.unige.ch\m-HumanNeuronLab\ANALYSIS\FLM\Analysis_LoraFanda\01_FBM_Analysis\outputs\04_ersp_LM_RAWONLY\PAT_3975\LM\ERSP_matrix\picture\PAT_3975_picture_WM_ERSP_TPD1_TN.npy,\\nasac-m2.unige.ch\m-HumanNeuronLab\ANALYSIS\FLM\Analysis_LoraFanda\01_FBM_Analysis\outputs\04_ersp_LM_RAWONLY\PAT_3975\LM\ERSP_matrix\reading\PAT_3975_reading_WM_ERSP_TPD1_TN.npy,0,-0.12463075,0,PAT_3975|TPD1,0.2459853532332939,0.10555009706492353,0.07605384098399831,0.22279274398864288,0.11352176990562024,3.5982669547121016e-08,0.23609615884085164
718,PAT_3975,TPD3,TPD3,LM,concat,2,\\nasac-m2.unige.ch\m-HumanNeuronLab\ANALYSIS\FLM\Analysis_LoraFanda\01_FBM_Analysis\outputs\04_ersp_LM_RAWONLY\PAT_3975\LM\ERSP_matrix\audio\PAT_3975_audio_WM_ERSP_TPD3_TN.npy,\\nasac-m2.unige.ch\m-HumanNeuronLab\ANALYSIS\FLM\Analysis_LoraFanda\01_FBM_Analysis\outputs\04_ersp_LM_RAWONLY\PAT_3975\LM\ERSP_matrix\audio\PAT_3975_audio_WM_ERSP_TPD3_TN.npy,\\nasac-m2.unige.ch\m-HumanNeuronLab\ANALYSIS\FLM\Analysis_LoraFanda\01_FBM_Analysis\outputs\04_ersp_LM_RAWONLY\PAT_3975\LM\ERSP_matrix\picture\PAT_3975_picture_WM_ERSP_TPD3_TN.npy,\\nasac-m2.unige.ch\m-HumanNeuronLab\ANALYSIS\FLM\Analysis_LoraFanda\01_FBM_Analysis\outputs\04_ersp_LM_RAWONLY\PAT_3975\LM\ERSP_matrix\reading\PAT_3975_reading_WM_ERSP_TPD3_TN.npy,1,0.22091638,1,PAT_3975|TPD3,0.21068496863731156,0.08357991246899567,0.09557571931949634,0.2733466405940784,0.09919525052172358,5.887704410506102e-06,0.23761162075398398
719,PAT_3975,TPD4,TPD4,LM,concat,1,\\nasac-m2.unige.ch\m-HumanNeuronLab\ANALYSIS\FLM\Analysis_LoraFanda\01_FBM_Analysis\outputs\04_ersp_LM_RAWONLY\PAT_3975\LM\ERSP_matrix\audio\PAT_3975_audio_WM_ERSP_TPD4_TN.npy,\\nasac-m2.unige.ch\m-HumanNeuronLab\ANALYSIS\FLM\Analysis_LoraFanda\01_FBM_Analysis\outputs\04_ersp_LM_RAWONLY\PAT_3975\LM\ERSP_matrix\audio\PAT_3975_audio_WM_ERSP_TPD4_TN.npy,\\nasac-m2.unige.ch\m-HumanNeuronLab\ANALYSIS\FLM\Analysis_LoraFanda\01_FBM_Analysis\outputs\04_ersp_LM_RAWONLY\PAT_3975\LM\ERSP_matrix\picture\PAT_3975_picture_WM_ERSP_TPD4_TN.npy,\\nasac-m2.unige.ch\m-HumanNeuronLab\ANALYSIS\FLM\Analysis_LoraFanda\01_FBM_Analysis\outputs\04_ersp_LM_RAWONLY\PAT_3975\LM\ERSP_matrix\reading\PAT_3975_reading_WM_ERSP_TPD4_TN.npy,1,0.10841987,1,PAT_3975|TPD4,0.20677458640921273,0.06319737778945358,0.0713814043493341,0.3398447045798684,0.07450231671510056,0.00986820319185516,0.23443140696517545
720,PAT_3975,TPD5,TPD5,LM,concat,1,\\nasac-m2.unige.ch\m-HumanNeuronLab\ANALYSIS\FLM\Analysis_LoraFanda\01_FBM_Analysis\outputs\04_ersp_LM_RAWONLY\PAT_3975\LM\ERSP_matrix\audio\PAT_3975_audio_WM_ERSP_TPD5_TN.npy,\\nasac-m2.unige.ch\m-HumanNeuronLab\ANALYSIS\FLM\Analysis_LoraFanda\01_FBM_Analysis\outputs\04_ersp_LM_RAWONLY\PAT_3975\LM\ERSP_matrix\audio\PAT_3975_audio_WM_ERSP_TPD5_TN.npy,\\nasac-m2.unige.ch\m-HumanNeuronLab\ANALYSIS\FLM\Analysis_LoraFanda\01_FBM_Analysis\outputs\04_ersp_LM_RAWONLY\PAT_3975\LM\ERSP_matrix\picture\PAT_3975_picture_WM_ERSP_TPD5_TN.npy,\\nasac-m2.unige.ch\m-HumanNeuronLab\ANALYSIS\FLM\Analysis_LoraFanda\01_FBM_Analysis\outputs\04_ersp_LM_RAWONLY\PAT_3975\LM\ERSP_matrix\reading\PAT_3975_reading_WM_ERSP_TPD5_TN.npy,1,0.103823826,1,PAT_3975|TPD5,0.20549339862273427,0.07918113489978568,0.09369393627272335,0.32979236460250777,0.085522962446206,0.010351554316353997,0.19596464883968892
721,PAT_3975,TPG2,TPG2,LM,concat,1,\\nasac-m2.unige.ch\m-HumanNeuronLab\ANALYSIS\FLM\Analysis_LoraFanda\01_FBM_Analysis\outputs\04_ersp_LM_RAWONLY\PAT_3975\LM\ERSP_matrix\audio\PAT_3975_audio_WM_ERSP_TPG2_TN.npy,\\nasac-m2.unige.ch\m-HumanNeuronLab\ANALYSIS\FLM\Analysis_LoraFanda\01_FBM_Analysis\outputs\04_ersp_LM_RAWONLY\PAT_3975\LM\ERSP_matrix\audio\PAT_3975_audio_WM_ERSP_TPG2_TN.npy,\\nasac-m2.unige.ch\m-HumanNeuronLab\ANALYSIS\FLM\Analysis_LoraFanda\01_FBM_Analysis\outputs\04_ersp_LM_RAWONLY\PAT_3975\LM\ERSP_matrix\picture\PAT_3975_picture_WM_ERSP_TPG2_TN.npy,\\nasac-m2.unige.ch\m-HumanNeuronLab\ANALYSIS\FLM\Analysis_LoraFanda\01_FBM_Analysis\outputs\04_ersp_LM_RAWONLY\PAT_3975\LM\ERSP_matrix\reading\PAT_3975_reading_WM_ERSP_TPG2_TN.npy,2,-0.055474687,2,PAT_3975|TPG2,0.0844877168637453,0.024768561175155013,0.04076167495759819,0.4273488490253178,0.034403768090858065,1.7700833633382352e-06,0.3882276598039624
722,PAT_3975,TPG3,TPG3,LM,concat,1,\\nasac-m2.unige.ch\m-HumanNeuronLab\ANALYSIS\FLM\Analysis_LoraFanda\01_FBM_Analysis\outputs\04_ersp_LM_RAWONLY\PAT_3975\LM\ERSP_matrix\audio\PAT_3975_audio_WM_ERSP_TPG3_TN.npy,\\nasac-m2.unige.ch\m-HumanNeuronLab\ANALYSIS\FLM\Analysis_LoraFanda\01_FBM_Analysis\outputs\04_ersp_LM_RAWONLY\PAT_3975\LM\ERSP_matrix\audio\PAT_3975_audio_WM_ERSP_TPG3_TN.npy,\\nasac-m2.unige.ch\m-HumanNeuronLab\ANALYSIS\FLM\Analysis_LoraFanda\01_FBM_Analysis\outputs\04_ersp_LM_RAWONLY\PAT_3975\LM\ERSP_matrix\picture\PAT_3975_picture_WM_ERSP_TPG3_TN.npy,\\nasac-m2.unige.ch\m-HumanNeuronLab\ANALYSIS\FLM\Analysis_LoraFanda\01_FBM_Analysis\outputs\04_ersp_LM_RAWONLY\PAT_3975\LM\ERSP_matrix\reading\PAT_3975_reading_WM_ERSP_TPG3_TN.npy,2,0.0622686,2,PAT_3975|TPG3,0.09343688273745797,0.00448110745007818,2.5962398618371856e-06,0.48818567432453114,2.6398146982078188e-05,0.0046973581768289105,0.4091699829242599
723,PAT_3975,TPG4,TPG4,LM,concat,2,\\nasac-m2.unige.ch\m-HumanNeuronLab\ANALYSIS\FLM\Analysis_LoraFanda\01_FBM_Analysis\outputs\04_ersp_LM_RAWONLY\PAT_3975\LM\ERSP_matrix\audio\PAT_3975_audio_WM_ERSP_TPG4_TN.npy,\\nasac-m2.unige.ch\m-HumanNeuronLab\ANALYSIS\FLM\Analysis_LoraFanda\01_FBM_Analysis\outputs\04_ersp_LM_RAWONLY\PAT_3975\LM\ERSP_matrix\audio\PAT_3975_audio_WM_ERSP_TPG4_TN.npy,\\nasac-m2.unige.ch\m-HumanNeuronLab\ANALYSIS\FLM\Analysis_LoraFanda\01_FBM_Analysis\outputs\04_ersp_LM_RAWONLY\PAT_3975\LM\ERSP_matrix\picture\PAT_3975_picture_WM_ERSP_TPG4_TN.npy,\\nasac-m2.unige.ch\m-HumanNeuronLab\ANALYSIS\FLM\Analysis_LoraFanda\01_FBM_Analysis\outputs\04_ersp_LM_RAWONLY\PAT_3975\LM\ERSP_matrix\reading\PAT_3975_reading_WM_ERSP_TPG4_TN.npy,2,0.08289967,2,PAT_3975|TPG4,0.0653444414756246,0.00876511627611788,7.414581399632298e-08,0.5184011407604974,1.707273454186159e-08,0.0011980730035699508,0.40629113726564153
724,PAT_3975,TPG5,TPG5,LM,concat,2,\\nasac-m2.unige.ch\m-HumanNeuronLab\ANALYSIS\FLM\Analysis_LoraFanda\01_FBM_Analysis\outputs\04_ersp_LM_RAWONLY\PAT_3975\LM\ERSP_matrix\audio\PAT_3975_audio_WM_ERSP_TPG5_TN.npy,\\nasac-m2.unige.ch\m-HumanNeuronLab\ANALYSIS\FLM\Analysis_LoraFanda\01_FBM_Analysis\outputs\04_ersp_LM_RAWONLY\PAT_3975\LM\ERSP_matrix\audio\PAT_3975_audio_WM_ERSP_TPG5_TN.npy,\\nasac-m2.unige.ch\m-HumanNeuronLab\ANALYSIS\FLM\Analysis_LoraFanda\01_FBM_Analysis\outputs\04_ersp_LM_RAWONLY\PAT_3975\LM\ERSP_matrix\picture\PAT_3975_picture_WM_ERSP_TPG5_TN.npy,\\nasac-m2.unige.ch\m-HumanNeuronLab\ANALYSIS\FLM\Analysis_LoraFanda\01_FBM_Analysis\outputs\04_ersp_LM_RAWONLY\PAT_3975\LM\ERSP_matrix\reading\PAT_3975_reading_WM_ERSP_TPG5_TN.npy,2,0.16050203,2,PAT_3975|TPG5,0.05249548188876985,0.0022146865410304505,7.760739928480032e-11,0.5673554727119962,3.352123231548632e-11,0.00037431168309705754,0.37756004706397794
725,PAT_5515,AD2,AD2,LM,concat,1,\\nasac-m2.unige.ch\m-HumanNeuronLab\ANALYSIS\FLM\Analysis_LoraFanda\01_FBM_Analysis\outputs\04_ersp_LM_RAWONLY\PAT_5515\LM\ERSP_matrix\audio\PAT_5515_audio_WM_ERSP_AD2_TN.npy,\\nasac-m2.unige.ch\m-HumanNeuronLab\ANALYSIS\FLM\Analysis_LoraFanda\01_FBM_Analysis\outputs\04_ersp_LM_RAWONLY\PAT_5515\LM\ERSP_matrix\audio\PAT_5515_audio_WM_ERSP_AD2_TN.npy,\\nasac-m2.unige.ch\m-HumanNeuronLab\ANALYSIS\FLM\Analysis_LoraFanda\01_FBM_Analysis\outputs\04_ersp_LM_RAWONLY\PAT_5515\LM\ERSP_matrix\picture\PAT_5515_picture_WM_ERSP_AD2_TN.npy,\\nasac-m2.unige.ch\m-HumanNeuronLab\ANALYSIS\FLM\Analysis_LoraFanda\01_FBM_Analysis\outputs\04_ersp_LM_RAWONLY\PAT_5515\LM\ERSP_matrix\reading\PAT_5515_reading_WM_ERSP_AD2_TN.npy,1,0.2854909,1,PAT_5515|AD2,2.2346312482922598e-07,0.0018069063509843998,0.144741923772148,2.93260654791166e-08,7.219921496562218e-34,3.0564891462389154e-25,0.8534509170876772
726,PAT_5515,HAD1,HAD1,LM,concat,2,\\nasac-m2.unige.ch\m-HumanNeuronLab\ANALYSIS\FLM\Analysis_LoraFanda\01_FBM_Analysis\outputs\04_ersp_LM_RAWONLY\PAT_5515\LM\ERSP_matrix\audio\PAT_5515_audio_WM_ERSP_HAD1_TN.npy,\\nasac-m2.unige.ch\m-HumanNeuronLab\ANALYSIS\FLM\Analysis_LoraFanda\01_FBM_Analysis\outputs\04_ersp_LM_RAWONLY\PAT_5515\LM\ERSP_matrix\audio\PAT_5515_audio_WM_ERSP_HAD1_TN.npy,\\nasac-m2.unige.ch\m-HumanNeuronLab\ANALYSIS\FLM\Analysis_LoraFanda\01_FBM_Analysis\outputs\04_ersp_LM_RAWONLY\PAT_5515\LM\ERSP_matrix\picture\PAT_5515_picture_WM_ERSP_HAD1_TN.npy,\\nasac-m2.unige.ch\m-HumanNeuronLab\ANALYSIS\FLM\Analysis_LoraFanda\01_FBM_Analysis\outputs\04_ersp_LM_RAWONLY\PAT_5515\LM\ERSP_matrix\reading\PAT_5515_reading_WM_ERSP_HAD1_TN.npy,0,-0.20136283,0,PAT_5515|HAD1,0.3412309689415913,2.4646470043273506e-11,0.09143593933706932,4.370655028564683e-08,7.639671355587028e-32,1.8362994464258495e-15,0.5673330479901408
727,PAT_5515,HAG2,HAG2,LM,concat,1,\\nasac-m2.unige.ch\m-HumanNeuronLab\ANALYSIS\FLM\Analysis_LoraFanda\01_FBM_Analysis\outputs\04_ersp_LM_RAWONLY\PAT_5515\LM\ERSP_matrix\audio\PAT_5515_audio_WM_ERSP_HAG2_TN.npy,\\nasac-m2.unige.ch\m-HumanNeuronLab\ANALYSIS\FLM\Analysis_LoraFanda\01_FBM_Analysis\outputs\04_ersp_LM_RAWONLY\PAT_5515\LM\ERSP_matrix\audio\PAT_5515_audio_WM_ERSP_HAG2_TN.npy,\\nasac-m2.unige.ch\m-HumanNeuronLab\ANALYSIS\FLM\Analysis_LoraFanda\01_FBM_Analysis\outputs\04_ersp_LM_RAWONLY\PAT_5515\LM\ERSP_matrix\picture\PAT_5515_picture_WM_ERSP_HAG2_TN.npy,\\nasac-m2.unige.ch\m-HumanNeuronLab\ANALYSIS\FLM\Analysis_LoraFanda\01_FBM_Analysis\outputs\04_ersp_LM_RAWONLY\PAT_5515\LM\ERSP_matrix\reading\PAT_5515_reading_WM_ERSP_HAG2_TN.npy,1,0.28662768,1,PAT_5515|HAG2,8.992620147842598e-12,0.08865610783289998,0.36084725600734663,2.793737377728608e-10,7.452789659908349e-37,1.9612703666641746e-40,0.550496635871387
728,PAT_5515,IAD5,IAD5,LM,concat,2,\\nasac-m2.unige.ch\m-HumanNeuronLab\ANALYSIS\FLM\Analysis_LoraFanda\01_FBM_Analysis\outputs\04_ersp_LM_RAWONLY\PAT_5515\LM\ERSP_matrix\audio\PAT_5515_audio_WM_ERSP_IAD5_TN.npy,\\nasac-m2.unige.ch\m-HumanNeuronLab\ANALYSIS\FLM\Analysis_LoraFanda\01_FBM_Analysis\outputs\04_ersp_LM_RAWONLY\PAT_5515\LM\ERSP_matrix\audio\PAT_5515_audio_WM_ERSP_IAD5_TN.npy,\\nasac-m2.unige.ch\m-HumanNeuronLab\ANALYSIS\FLM\Analysis_LoraFanda\01_FBM_Analysis\outputs\04_ersp_LM_RAWONLY\PAT_5515\LM\ERSP_matrix\picture\PAT_5515_picture_WM_ERSP_IAD5_TN.npy,\\nasac-m2.unige.ch\m-HumanNeuronLab\ANALYSIS\FLM\Analysis_LoraFanda\01_FBM_Analysis\outputs\04_ersp_LM_RAWONLY\PAT_5515\LM\ERSP_matrix\reading\PAT_5515_reading_WM_ERSP_IAD5_TN.npy,0,-0.074318334,0,PAT_5515|IAD5,0.3138769996143978,0.00017662573520976036,0.14825971283140307,2.5955887710215836e-05,0.10963962188782259,0.037393667511626524,0.3906274165318302
729,PAT_5515,TPD4,TPD4,LM,concat,1,\\nasac-m2.unige.ch\m-HumanNeuronLab\ANALYSIS\FLM\Analysis_LoraFanda\01_FBM_Analysis\outputs\04_ersp_LM_RAWONLY\PAT_5515\LM\ERSP_matrix\audio\PAT_5515_audio_WM_ERSP_TPD4_TN.npy,\\nasac-m2.unige.ch\m-HumanNeuronLab\ANALYSIS\FLM\Analysis_LoraFanda\01_FBM_Analysis\outputs\04_ersp_LM_RAWONLY\PAT_5515\LM\ERSP_matrix\audio\PAT_5515_audio_WM_ERSP_TPD4_TN.npy,\\nasac-m2.unige.ch\m-HumanNeuronLab\ANALYSIS\FLM\Analysis_LoraFanda\01_FBM_Analysis\outputs\04_ersp_LM_RAWONLY\PAT_5515\LM\ERSP_matrix\picture\PAT_5515_picture_WM_ERSP_TPD4_TN.npy,\\nasac-m2.unige.ch\m-HumanNeuronLab\ANALYSIS\FLM\Analysis_LoraFanda\01_FBM_Analysis\outputs\04_ersp_LM_RAWONLY\PAT_5515\LM\ERSP_matrix\reading\PAT_5515_reading_WM_ERSP_TPD4_TN.npy,1,0.26723164,1,PAT_5515|TPD4,0.13577299219565941,0.1281822531954287,0.1364924129858798,1.719512289336111e-05,0.12287846831744388,1.810567027309569e-15,0.476656678182693
730,PAT_5515,TPD5,TPD5,LM,concat,1,\\nasac-m2.unige.ch\m-HumanNeuronLab\ANALYSIS\FLM\Analysis_LoraFanda\01_FBM_Analysis\outputs\04_ersp_LM_RAWONLY\PAT_5515\LM\ERSP_matrix\audio\PAT_5515_audio_WM_ERSP_TPD5_TN.npy,\\nasac-m2.unige.ch\m-HumanNeuronLab\ANALYSIS\FLM\Analysis_LoraFanda\01_FBM_Analysis\outputs\04_ersp_LM_RAWONLY\PAT_5515\LM\ERSP_matrix\audio\PAT_5515_audio_WM_ERSP_TPD5_TN.npy,\\nasac-m2.unige.ch\m-HumanNeuronLab\ANALYSIS\FLM\Analysis_LoraFanda\01_FBM_Analysis\outputs\04_ersp_LM_RAWONLY\PAT_5515\LM\ERSP_matrix\picture\PAT_5515_picture_WM_ERSP_TPD5_TN.npy,\\nasac-m2.unige.ch\m-HumanNeuronLab\ANALYSIS\FLM\Analysis_LoraFanda\01_FBM_Analysis\outputs\04_ersp_LM_RAWONLY\PAT_5515\LM\ERSP_matrix\reading\PAT_5515_reading_WM_ERSP_TPD5_TN.npy,1,0.31606567,1,PAT_5515|TPD5,0.2946158472564632,0.0020792732474177863,0.24941639248695446,0.002119352936052981,0.19916075196036478,0.0011910589709253506,0.25141732314182136
731,PAT_5515,TPD6,TPD6,LM,concat,1,\\nasac-m2.unige.ch\m-HumanNeuronLab\ANALYSIS\FLM\Analysis_LoraFanda\01_FBM_Analysis\outputs\04_ersp_LM_RAWONLY\PAT_5515\LM\ERSP_matrix\audio\PAT_5515_audio_WM_ERSP_TPD6_TN.npy,\\nasac-m2.unige.ch\m-HumanNeuronLab\ANALYSIS\FLM\Analysis_LoraFanda\01_FBM_Analysis\outputs\04_ersp_LM_RAWONLY\PAT_5515\LM\ERSP_matrix\audio\PAT_5515_audio_WM_ERSP_TPD6_TN.npy,\\nasac-m2.unige.ch\m-HumanNeuronLab\ANALYSIS\FLM\Analysis_LoraFanda\01_FBM_Analysis\outputs\04_ersp_LM_RAWONLY\PAT_5515\LM\ERSP_matrix\picture\PAT_5515_picture_WM_ERSP_TPD6_TN.npy,\\nasac-m2.unige.ch\m-HumanNeuronLab\ANALYSIS\FLM\Analysis_LoraFanda\01_FBM_Analysis\outputs\04_ersp_LM_RAWONLY\PAT_5515\LM\ERSP_matrix\reading\PAT_5515_reading_WM_ERSP_TPD6_TN.npy,1,0.3034242,1,PAT_5515|TPD6,0.1870610003969004,0.13539528312929433,0.22903350114878135,0.00212267555323149,0.10836834764627491,1.901292855194024e-10,0.33801919193538826
732,PAT_5533,AD3,AD3,LM,concat,1,\\nasac-m2.unige.ch\m-HumanNeuronLab\ANALYSIS\FLM\Analysis_LoraFanda\01_FBM_Analysis\outputs\04_ersp_LM_RAWONLY\PAT_5533\LM\ERSP_matrix\audio\PAT_5533_audio_WM_ERSP_AD3_TN.npy,\\nasac-m2.unige.ch\m-HumanNeuronLab\ANALYSIS\FLM\Analysis_LoraFanda\01_FBM_Analysis\outputs\04_ersp_LM_RAWONLY\PAT_5533\LM\ERSP_matrix\audio\PAT_5533_audio_WM_ERSP_AD3_TN.npy,\\nasac-m2.unige.ch\m-HumanNeuronLab\ANALYSIS\FLM\Analysis_LoraFanda\01_FBM_Analysis\outputs\04_ersp_LM_RAWONLY\PAT_5533\LM\ERSP_matrix\picture\PAT_5533_picture_WM_ERSP_AD3_TN.npy,\\nasac-m2.unige.ch\m-HumanNeuronLab\ANALYSIS\FLM\Analysis_LoraFanda\01_FBM_Analysis\outputs\04_ersp_LM_RAWONLY\PAT_5533\LM\ERSP_matrix\reading\PAT_5533_reading_WM_ERSP_AD3_TN.npy,1,0.26756144,1,PAT_5533|AD3,0.13984891936731914,0.21739766184084489,0.1958326927624241,2.224750178624399e-06,3.0007159982344618e-05,0.41663944181839424,0.03024905230085663
733,PAT_5533,HAG6,HAG6,LM,concat,3,\\nasac-m2.unige.ch\m-HumanNeuronLab\ANALYSIS\FLM\Analysis_LoraFanda\01_FBM_Analysis\outputs\04_ersp_LM_RAWONLY\PAT_5533\LM\ERSP_matrix\audio\PAT_5533_audio_WM_ERSP_HAG6_TN.npy,\\nasac-m2.unige.ch\m-HumanNeuronLab\ANALYSIS\FLM\Analysis_LoraFanda\01_FBM_Analysis\outputs\04_ersp_LM_RAWONLY\PAT_5533\LM\ERSP_matrix\audio\PAT_5533_audio_WM_ERSP_HAG6_TN.npy,\\nasac-m2.unige.ch\m-HumanNeuronLab\ANALYSIS\FLM\Analysis_LoraFanda\01_FBM_Analysis\outputs\04_ersp_LM_RAWONLY\PAT_5533\LM\ERSP_matrix\picture\PAT_5533_picture_WM_ERSP_HAG6_TN.npy,\\nasac-m2.unige.ch\m-HumanNeuronLab\ANALYSIS\FLM\Analysis_LoraFanda\01_FBM_Analysis\outputs\04_ersp_LM_RAWONLY\PAT_5533\LM\ERSP_matrix\reading\PAT_5533_reading_WM_ERSP_HAG6_TN.npy,3,0.1722277,3,PAT_5533|HAG6,0.005793341776674338,0.1256755779807844,3.3670171333460817e-21,0.08482116648484778,0.48720669659562477,0.11028823218816014,0.1862149849739085
734,PAT_5533,IAD3,IAD3,LM,concat,1,\\nasac-m2.unige.ch\m-HumanNeuronLab\ANALYSIS\FLM\Analysis_LoraFanda\01_FBM_Analysis\outputs\04_ersp_LM_RAWONLY\PAT_5533\LM\ERSP_matrix\audio\PAT_5533_audio_WM_ERSP_IAD3_TN.npy,\\nasac-m2.unige.ch\m-HumanNeuronLab\ANALYSIS\FLM\Analysis_LoraFanda\01_FBM_Analysis\outputs\04_ersp_LM_RAWONLY\PAT_5533\LM\ERSP_matrix\audio\PAT_5533_audio_WM_ERSP_IAD3_TN.npy,\\nasac-m2.unige.ch\m-HumanNeuronLab\ANALYSIS\FLM\Analysis_LoraFanda\01_FBM_Analysis\outputs\04_ersp_LM_RAWONLY\PAT_5533\LM\ERSP_matrix\picture\PAT_5533_picture_WM_ERSP_IAD3_TN.npy,\\nasac-m2.unige.ch\m-HumanNeuronLab\ANALYSIS\FLM\Analysis_LoraFanda\01_FBM_Analysis\outputs\04_ersp_LM_RAWONLY\PAT_5533\LM\ERSP_matrix\reading\PAT_5533_reading_WM_ERSP_IAD3_TN.npy,0,-0.02969969,0,PAT_5533|IAD3,0.4151631958770169,0.11227068631253842,0.1498318562970097,2.079840453665582e-10,1.2640461783730766e-25,3.524924836516589e-33,0.32273426130545096
735,PAT_5533,IAD4,IAD4,LM,concat,1,\\nasac-m2.unige.ch\m-HumanNeuronLab\ANALYSIS\FLM\Analysis_LoraFanda\01_FBM_Analysis\outputs\04_ersp_LM_RAWONLY\PAT_5533\LM\ERSP_matrix\audio\PAT_5533_audio_WM_ERSP_IAD4_TN.npy,\\nasac-m2.unige.ch\m-HumanNeuronLab\ANALYSIS\FLM\Analysis_LoraFanda\01_FBM_Analysis\outputs\04_ersp_LM_RAWONLY\PAT_5533\LM\ERSP_matrix\audio\PAT_5533_audio_WM_ERSP_IAD4_TN.npy,\\nasac-m2.unige.ch\m-HumanNeuronLab\ANALYSIS\FLM\Analysis_LoraFanda\01_FBM_Analysis\outputs\04_ersp_LM_RAWONLY\PAT_5533\LM\ERSP_matrix\picture\PAT_5533_picture_WM_ERSP_IAD4_TN.npy,\\nasac-m2.unige.ch\m-HumanNeuronLab\ANALYSIS\FLM\Analysis_LoraFanda\01_FBM_Analysis\outputs\04_ersp_LM_RAWONLY\PAT_5533\LM\ERSP_matrix\reading\PAT_5533_reading_WM_ERSP_IAD4_TN.npy,0,-0.045787293,0,PAT_5533|IAD4,0.37535370130082624,0.09291191962375027,0.13146530609584026,3.051518516171304e-10,7.997643747012581e-23,1.7158719520963732e-29,0.40026907267443146
736,PAT_5533,IMD11,IMD11,LM,concat,1,\\nasac-m2.unige.ch\m-HumanNeuronLab\ANALYSIS\FLM\Analysis_LoraFanda\01_FBM_Analysis\outputs\04_ersp_LM_RAWONLY\PAT_5533\LM\ERSP_matrix\audio\PAT_5533_audio_WM_ERSP_IMD11_TN.npy,\\nasac-m2.unige.ch\m-HumanNeuronLab\ANALYSIS\FLM\Analysis_LoraFanda\01_FBM_Analysis\outputs\04_ersp_LM_RAWONLY\PAT_5533\LM\ERSP_matrix\audio\PAT_5533_audio_WM_ERSP_IMD11_TN.npy,\\nasac-m2.unige.ch\m-HumanNeuronLab\ANALYSIS\FLM\Analysis_LoraFanda\01_FBM_Analysis\outputs\04_ersp_LM_RAWONLY\PAT_5533\LM\ERSP_matrix\picture\PAT_5533_picture_WM_ERSP_IMD11_TN.npy,\\nasac-m2.unige.ch\m-HumanNeuronLab\ANALYSIS\FLM\Analysis_LoraFanda\01_FBM_Analysis\outputs\04_ersp_LM_RAWONLY\PAT_5533\LM\ERSP_matrix\reading\PAT_5533_reading_WM_ERSP_IMD11_TN.npy,1,0.37460306,1,PAT_5533|IMD11,4.437043011151231e-46,0.00032220341796435824,2.3613551177197915e-26,0.01774377138312901,0.44959673934057004,2.426386787511975e-08,0.5323372615944688
737,PAT_5533,IPD12,IPD12,LM,concat,1,\\nasac-m2.unige.ch\m-HumanNeuronLab\ANALYSIS\FLM\Analysis_LoraFanda\01_FBM_Analysis\outputs\04_ersp_LM_RAWONLY\PAT_5533\LM\ERSP_matrix\audio\PAT_5533_audio_WM_ERSP_IPD12_TN.npy,\\nasac-m2.unige.ch\m-HumanNeuronLab\ANALYSIS\FLM\Analysis_LoraFanda\01_FBM_Analysis\outputs\04_ersp_LM_RAWONLY\PAT_5533\LM\ERSP_matrix\audio\PAT_5533_audio_WM_ERSP_IPD12_TN.npy,\\nasac-m2.unige.ch\m-HumanNeuronLab\ANALYSIS\FLM\Analysis_LoraFanda\01_FBM_Analysis\outputs\04_ersp_LM_RAWONLY\PAT_5533\LM\ERSP_matrix\picture\PAT_5533_picture_WM_ERSP_IPD12_TN.npy,\\nasac-m2.unige.ch\m-HumanNeuronLab\ANALYSIS\FLM\Analysis_LoraFanda\01_FBM_Analysis\outputs\04_ersp_LM_RAWONLY\PAT_5533\LM\ERSP_matrix\reading\PAT_5533_reading_WM_ERSP_IPD12_TN.npy,1,0.32560125,1,PAT_5533|IPD12,5.009422574510082e-38,0.033281168806380025,0.004922047290886043,0.14379172808252336,0.05904835080342416,0.7561814746859805,0.002775230330806081
738,PAT_5533,IPD13,IPD13,LM,concat,1,\\nasac-m2.unige.ch\m-HumanNeuronLab\ANALYSIS\FLM\Analysis_LoraFanda\01_FBM_Analysis\outputs\04_ersp_LM_RAWONLY\PAT_5533\LM\ERSP_matrix\audio\PAT_5533_audio_WM_ERSP_IPD13_TN.npy,\\nasac-m2.unige.ch\m-HumanNeuronLab\ANALYSIS\FLM\Analysis_LoraFanda\01_FBM_Analysis\outputs\04_ersp_LM_RAWONLY\PAT_5533\LM\ERSP_matrix\audio\PAT_5533_audio_WM_ERSP_IPD13_TN.npy,\\nasac-m2.unige.ch\m-HumanNeuronLab\ANALYSIS\FLM\Analysis_LoraFanda\01_FBM_Analysis\outputs\04_ersp_LM_RAWONLY\PAT_5533\LM\ERSP_matrix\picture\PAT_5533_picture_WM_ERSP_IPD13_TN.npy,\\nasac-m2.unige.ch\m-HumanNeuronLab\ANALYSIS\FLM\Analysis_LoraFanda\01_FBM_Analysis\outputs\04_ersp_LM_RAWONLY\PAT_5533\LM\ERSP_matrix\reading\PAT_5533_reading_WM_ERSP_IPD13_TN.npy,1,0.3106614,1,PAT_5533|IPD13,4.4099983673393536e-33,0.05521028209144062,2.6122325485542553e-17,0.2224711279543979,0.01652300662656321,0.6116933321434677,0.09410225118413046
739,PAT_5533,IPD2,IPD2,LM,concat,3,\\nasac-m2.unige.ch\m-HumanNeuronLab\ANALYSIS\FLM\Analysis_LoraFanda\01_FBM_Analysis\outputs\04_ersp_LM_RAWONLY\PAT_5533\LM\ERSP_matrix\audio\PAT_5533_audio_WM_ERSP_IPD2_TN.npy,\\nasac-m2.unige.ch\m-HumanNeuronLab\ANALYSIS\FLM\Analysis_LoraFanda\01_FBM_Analysis\outputs\04_ersp_LM_RAWONLY\PAT_5533\LM\ERSP_matrix\audio\PAT_5533_audio_WM_ERSP_IPD2_TN.npy,\\nasac-m2.unige.ch\m-HumanNeuronLab\ANALYSIS\FLM\Analysis_LoraFanda\01_FBM_Analysis\outputs\04_ersp_LM_RAWONLY\PAT_5533\LM\ERSP_matrix\picture\PAT_5533_picture_WM_ERSP_IPD2_TN.npy,\\nasac-m2.unige.ch\m-HumanNeuronLab\ANALYSIS\FLM\Analysis_LoraFanda\01_FBM_Analysis\outputs\04_ersp_LM_RAWONLY\PAT_5533\LM\ERSP_matrix\reading\PAT_5533_reading_WM_ERSP_IPD2_TN.npy,4,0.028879184,4,PAT_5533|IPD2,0.07747535023213953,0.34783851506107927,8.735606149716595e-09,3.928023636050693e-06,0.14440850215241857,0.358416588644996,0.07185710715012442
740,PAT_5533,IPD3,IPD3,LM,concat,3,\\nasac-m2.unige.ch\m-HumanNeuronLab\ANALYSIS\FLM\Analysis_LoraFanda\01_FBM_Analysis\outputs\04_ersp_LM_RAWONLY\PAT_5533\LM\ERSP_matrix\audio\PAT_5533_audio_WM_ERSP_IPD3_TN.npy,\\nasac-m2.unige.ch\m-HumanNeuronLab\ANALYSIS\FLM\Analysis_LoraFanda\01_FBM_Analysis\outputs\04_ersp_LM_RAWONLY\PAT_5533\LM\ERSP_matrix\audio\PAT_5533_audio_WM_ERSP_IPD3_TN.npy,\\nasac-m2.unige.ch\m-HumanNeuronLab\ANALYSIS\FLM\Analysis_LoraFanda\01_FBM_Analysis\outputs\04_ersp_LM_RAWONLY\PAT_5533\LM\ERSP_matrix\picture\PAT_5533_picture_WM_ERSP_IPD3_TN.npy,\\nasac-m2.unige.ch\m-HumanNeuronLab\ANALYSIS\FLM\Analysis_LoraFanda\01_FBM_Analysis\outputs\04_ersp_LM_RAWONLY\PAT_5533\LM\ERSP_matrix\reading\PAT_5533_reading_WM_ERSP_IPD3_TN.npy,4,0.10192572,4,PAT_5533|IPD3,9.862279741211231e-05,0.39615407623776033,0.059237122793288174,2.0219978187241643e-06,0.11977186870566553,0.30926319735920016,0.11547309010885487
741,PAT_5533,IPD4,IPD4,LM,concat,3,\\nasac-m2.unige.ch\m-HumanNeuronLab\ANALYSIS\FLM\Analysis_LoraFanda\01_FBM_Analysis\outputs\04_ersp_LM_RAWONLY\PAT_5533\LM\ERSP_matrix\audio\PAT_5533_audio_WM_ERSP_IPD4_TN.npy,\\nasac-m2.unige.ch\m-HumanNeuronLab\ANALYSIS\FLM\Analysis_LoraFanda\01_FBM_Analysis\outputs\04_ersp_LM_RAWONLY\PAT_5533\LM\ERSP_matrix\audio\PAT_5533_audio_WM_ERSP_IPD4_TN.npy,\\nasac-m2.unige.ch\m-HumanNeuronLab\ANALYSIS\FLM\Analysis_LoraFanda\01_FBM_Analysis\outputs\04_ersp_LM_RAWONLY\PAT_5533\LM\ERSP_matrix\picture\PAT_5533_picture_WM_ERSP_IPD4_TN.npy,\\nasac-m2.unige.ch\m-HumanNeuronLab\ANALYSIS\FLM\Analysis_LoraFanda\01_FBM_Analysis\outputs\04_ersp_LM_RAWONLY\PAT_5533\LM\ERSP_matrix\reading\PAT_5533_reading_WM_ERSP_IPD4_TN.npy,4,0.07527501,4,PAT_5533|IPD4,0.0436485920302171,0.34133408444588637,5.583199671863562e-05,6.358551139957017e-06,0.10291597469368971,0.3333464899206267,0.17869266836172157
742,PAT_5533,IPD5,IPD5,LM,concat,3,\\nasac-m2.unige.ch\m-HumanNeuronLab\ANALYSIS\FLM\Analysis_LoraFanda\01_FBM_Analysis\outputs\04_ersp_LM_RAWONLY\PAT_5533\LM\ERSP_matrix\audio\PAT_5533_audio_WM_ERSP_IPD5_TN.npy,\\nasac-m2.unige.ch\m-HumanNeuronLab\ANALYSIS\FLM\Analysis_LoraFanda\01_FBM_Analysis\outputs\04_ersp_LM_RAWONLY\PAT_5533\LM\ERSP_matrix\audio\PAT_5533_audio_WM_ERSP_IPD5_TN.npy,\\nasac-m2.unige.ch\m-HumanNeuronLab\ANALYSIS\FLM\Analysis_LoraFanda\01_FBM_Analysis\outputs\04_ersp_LM_RAWONLY\PAT_5533\LM\ERSP_matrix\picture\PAT_5533_picture_WM_ERSP_IPD5_TN.npy,\\nasac-m2.unige.ch\m-HumanNeuronLab\ANALYSIS\FLM\Analysis_LoraFanda\01_FBM_Analysis\outputs\04_ersp_LM_RAWONLY\PAT_5533\LM\ERSP_matrix\reading\PAT_5533_reading_WM_ERSP_IPD5_TN.npy,4,0.011398324,4,PAT_5533|IPD5,7.792537647403451e-10,0.4202157331420656,5.5132185196546315e-15,2.6508850637710922e-05,0.051839170066468106,0.4654115817995484,0.06250700536202106
743,PAT_5533,IPD6,IPD6,LM,concat,3,\\nasac-m2.unige.ch\m-HumanNeuronLab\ANALYSIS\FLM\Analysis_LoraFanda\01_FBM_Analysis\outputs\04_ersp_LM_RAWONLY\PAT_5533\LM\ERSP_matrix\audio\PAT_5533_audio_WM_ERSP_IPD6_TN.npy,\\nasac-m2.unige.ch\m-HumanNeuronLab\ANALYSIS\FLM\Analysis_LoraFanda\01_FBM_Analysis\outputs\04_ersp_LM_RAWONLY\PAT_5533\LM\ERSP_matrix\audio\PAT_5533_audio_WM_ERSP_IPD6_TN.npy,\\nasac-m2.unige.ch\m-HumanNeuronLab\ANALYSIS\FLM\Analysis_LoraFanda\01_FBM_Analysis\outputs\04_ersp_LM_RAWONLY\PAT_5533\LM\ERSP_matrix\picture\PAT_5533_picture_WM_ERSP_IPD6_TN.npy,\\nasac-m2.unige.ch\m-HumanNeuronLab\ANALYSIS\FLM\Analysis_LoraFanda\01_FBM_Analysis\outputs\04_ersp_LM_RAWONLY\PAT_5533\LM\ERSP_matrix\reading\PAT_5533_reading_WM_ERSP_IPD6_TN.npy,3,-0.013886301,3,PAT_5533|IPD6,0.0008461783844556551,0.22146798259209233,0.009226309097273748,9.231338642962608e-07,0.08329234947937281,0.5340694929652331,0.15109676434770805
744,PAT_5533,OFD3,OFD3,LM,concat,1,\\nasac-m2.unige.ch\m-HumanNeuronLab\ANALYSIS\FLM\Analysis_LoraFanda\01_FBM_Analysis\outputs\04_ersp_LM_RAWONLY\PAT_5533\LM\ERSP_matrix\audio\PAT_5533_audio_WM_ERSP_OFD3_TN.npy,\\nasac-m2.unige.ch\m-HumanNeuronLab\ANALYSIS\FLM\Analysis_LoraFanda\01_FBM_Analysis\outputs\04_ersp_LM_RAWONLY\PAT_5533\LM\ERSP_matrix\audio\PAT_5533_audio_WM_ERSP_OFD3_TN.npy,\\nasac-m2.unige.ch\m-HumanNeuronLab\ANALYSIS\FLM\Analysis_LoraFanda\01_FBM_Analysis\outputs\04_ersp_LM_RAWONLY\PAT_5533\LM\ERSP_matrix\picture\PAT_5533_picture_WM_ERSP_OFD3_TN.npy,\\nasac-m2.unige.ch\m-HumanNeuronLab\ANALYSIS\FLM\Analysis_LoraFanda\01_FBM_Analysis\outputs\04_ersp_LM_RAWONLY\PAT_5533\LM\ERSP_matrix\reading\PAT_5533_reading_WM_ERSP_OFD3_TN.npy,1,0.28015295,1,PAT_5533|OFD3,1.4337272365135563e-06,0.15723074306070106,0.28835533221357224,0.24336572910315873,0.0881562122090563,0.2225370633499015,0.0003534863363735942
745,PAT_5533,OFD4,OFD4,LM,concat,1,\\nasac-m2.unige.ch\m-HumanNeuronLab\ANALYSIS\FLM\Analysis_LoraFanda\01_FBM_Analysis\outputs\04_ersp_LM_RAWONLY\PAT_5533\LM\ERSP_matrix\audio\PAT_5533_audio_WM_ERSP_OFD4_TN.npy,\\nasac-m2.unige.ch\m-HumanNeuronLab\ANALYSIS\FLM\Analysis_LoraFanda\01_FBM_Analysis\outputs\04_ersp_LM_RAWONLY\PAT_5533\LM\ERSP_matrix\audio\PAT_5533_audio_WM_ERSP_OFD4_TN.npy,\\nasac-m2.unige.ch\m-HumanNeuronLab\ANALYSIS\FLM\Analysis_LoraFanda\01_FBM_Analysis\outputs\04_ersp_LM_RAWONLY\PAT_5533\LM\ERSP_matrix\picture\PAT_5533_picture_WM_ERSP_OFD4_TN.npy,\\nasac-m2.unige.ch\m-HumanNeuronLab\ANALYSIS\FLM\Analysis_LoraFanda\01_FBM_Analysis\outputs\04_ersp_LM_RAWONLY\PAT_5533\LM\ERSP_matrix\reading\PAT_5533_reading_WM_ERSP_OFD4_TN.npy,2,0.04979581,2,PAT_5533|OFD4,1.3584389801124964e-10,0.12723453121243355,0.24992209035447427,0.40518827445208067,0.11098109913164053,0.10665902429859793,1.4980414929124145e-05
746,PAT_5533,OFD5,OFD5,LM,concat,3,\\nasac-m2.unige.ch\m-HumanNeuronLab\ANALYSIS\FLM\Analysis_LoraFanda\01_FBM_Analysis\outputs\04_ersp_LM_RAWONLY\PAT_5533\LM\ERSP_matrix\audio\PAT_5533_audio_WM_ERSP_OFD5_TN.npy,\\nasac-m2.unige.ch\m-HumanNeuronLab\ANALYSIS\FLM\Analysis_LoraFanda\01_FBM_Analysis\outputs\04_ersp_LM_RAWONLY\PAT_5533\LM\ERSP_matrix\audio\PAT_5533_audio_WM_ERSP_OFD5_TN.npy,\\nasac-m2.unige.ch\m-HumanNeuronLab\ANALYSIS\FLM\Analysis_LoraFanda\01_FBM_Analysis\outputs\04_ersp_LM_RAWONLY\PAT_5533\LM\ERSP_matrix\picture\PAT_5533_picture_WM_ERSP_OFD5_TN.npy,\\nasac-m2.unige.ch\m-HumanNeuronLab\ANALYSIS\FLM\Analysis_LoraFanda\01_FBM_Analysis\outputs\04_ersp_LM_RAWONLY\PAT_5533\LM\ERSP_matrix\reading\PAT_5533_reading_WM_ERSP_OFD5_TN.npy,2,0.1429318,2,PAT_5533|OFD5,1.7795168235640968e-13,0.13618976593212478,0.25390049358320615,0.429163619546021,0.15501776141028825,0.025726616006852263,1.7435213295861928e-06
747,PAT_5533,PCD6,PCD6,LM,concat,1,\\nasac-m2.unige.ch\m-HumanNeuronLab\ANALYSIS\FLM\Analysis_LoraFanda\01_FBM_Analysis\outputs\04_ersp_LM_RAWONLY\PAT_5533\LM\ERSP_matrix\audio\PAT_5533_audio_WM_ERSP_PCD6_TN.npy,\\nasac-m2.unige.ch\m-HumanNeuronLab\ANALYSIS\FLM\Analysis_LoraFanda\01_FBM_Analysis\outputs\04_ersp_LM_RAWONLY\PAT_5533\LM\ERSP_matrix\audio\PAT_5533_audio_WM_ERSP_PCD6_TN.npy,\\nasac-m2.unige.ch\m-HumanNeuronLab\ANALYSIS\FLM\Analysis_LoraFanda\01_FBM_Analysis\outputs\04_ersp_LM_RAWONLY\PAT_5533\LM\ERSP_matrix\picture\PAT_5533_picture_WM_ERSP_PCD6_TN.npy,\\nasac-m2.unige.ch\m-HumanNeuronLab\ANALYSIS\FLM\Analysis_LoraFanda\01_FBM_Analysis\outputs\04_ersp_LM_RAWONLY\PAT_5533\LM\ERSP_matrix\reading\PAT_5533_reading_WM_ERSP_PCD6_TN.npy,0,-0.18382911,0,PAT_5533|PCD6,0.5313310820029257,4.7216645381328936e-24,0.4686647327115154,1.0759172046332667e-08,9.549155042793375e-25,1.9388649706460947e-06,2.235661416243723e-06
748,PAT_5533,SMD2,SMD2,LM,concat,1,\\nasac-m2.unige.ch\m-HumanNeuronLab\ANALYSIS\FLM\Analysis_LoraFanda\01_FBM_Analysis\outputs\04_ersp_LM_RAWONLY\PAT_5533\LM\ERSP_matrix\audio\PAT_5533_audio_WM_ERSP_SMD2_TN.npy,\\nasac-m2.unige.ch\m-HumanNeuronLab\ANALYSIS\FLM\Analysis_LoraFanda\01_FBM_Analysis\outputs\04_ersp_LM_RAWONLY\PAT_5533\LM\ERSP_matrix\audio\PAT_5533_audio_WM_ERSP_SMD2_TN.npy,\\nasac-m2.unige.ch\m-HumanNeuronLab\ANALYSIS\FLM\Analysis_LoraFanda\01_FBM_Analysis\outputs\04_ersp_LM_RAWONLY\PAT_5533\LM\ERSP_matrix\picture\PAT_5533_picture_WM_ERSP_SMD2_TN.npy,\\nasac-m2.unige.ch\m-HumanNeuronLab\ANALYSIS\FLM\Analysis_LoraFanda\01_FBM_Analysis\outputs\04_ersp_LM_RAWONLY\PAT_5533\LM\ERSP_matrix\reading\PAT_5533_reading_WM_ERSP_SMD2_TN.npy,0,-0.13178025,0,PAT_5533|SMD2,0.11431230973780508,0.05423841860212751,8.801829274294668e-09,1.87553806649199e-08,3.526872782728845e-08,0.006865150555116706,0.8245840582790128
749,PAT_5533,SMD3,SMD3,LM,concat,1,\\nasac-m2.unige.ch\m-HumanNeuronLab\ANALYSIS\FLM\Analysis_LoraFanda\01_FBM_Analysis\outputs\04_ersp_LM_RAWONLY\PAT_5533\LM\ERSP_matrix\audio\PAT_5533_audio_WM_ERSP_SMD3_TN.npy,\\nasac-m2.unige.ch\m-HumanNeuronLab\ANALYSIS\FLM\Analysis_LoraFanda\01_FBM_Analysis\outputs\04_ersp_LM_RAWONLY\PAT_5533\LM\ERSP_matrix\audio\PAT_5533_audio_WM_ERSP_SMD3_TN.npy,\\nasac-m2.unige.ch\m-HumanNeuronLab\ANALYSIS\FLM\Analysis_LoraFanda\01_FBM_Analysis\outputs\04_ersp_LM_RAWONLY\PAT_5533\LM\ERSP_matrix\picture\PAT_5533_picture_WM_ERSP_SMD3_TN.npy,\\nasac-m2.unige.ch\m-HumanNeuronLab\ANALYSIS\FLM\Analysis_LoraFanda\01_FBM_Analysis\outputs\04_ersp_LM_RAWONLY\PAT_5533\LM\ERSP_matrix\reading\PAT_5533_reading_WM_ERSP_SMD3_TN.npy,0,-0.13710375,0,PAT_5533|SMD3,0.11450602893378835,0.05971322604883287,6.737966682747086e-10,9.75833069751049e-07,0.09690629041008639,0.13630126361603673,0.5925722144843891
750,PAT_5533,TPD1,TPD1,LM,concat,2,\\nasac-m2.unige.ch\m-HumanNeuronLab\ANALYSIS\FLM\Analysis_LoraFanda\01_FBM_Analysis\outputs\04_ersp_LM_RAWONLY\PAT_5533\LM\ERSP_matrix\audio\PAT_5533_audio_WM_ERSP_TPD1_TN.npy,\\nasac-m2.unige.ch\m-HumanNeuronLab\ANALYSIS\FLM\Analysis_LoraFanda\01_FBM_Analysis\outputs\04_ersp_LM_RAWONLY\PAT_5533\LM\ERSP_matrix\audio\PAT_5533_audio_WM_ERSP_TPD1_TN.npy,\\nasac-m2.unige.ch\m-HumanNeuronLab\ANALYSIS\FLM\Analysis_LoraFanda\01_FBM_Analysis\outputs\04_ersp_LM_RAWONLY\PAT_5533\LM\ERSP_matrix\picture\PAT_5533_picture_WM_ERSP_TPD1_TN.npy,\\nasac-m2.unige.ch\m-HumanNeuronLab\ANALYSIS\FLM\Analysis_LoraFanda\01_FBM_Analysis\outputs\04_ersp_LM_RAWONLY\PAT_5533\LM\ERSP_matrix\reading\PAT_5533_reading_WM_ERSP_TPD1_TN.npy,1,0.11517508,1,PAT_5533|TPD1,0.11440554806928482,0.20596539929225582,0.18159331779563287,6.75939290615911e-06,0.019140197173920927,0.42388100845288346,0.05500776982311606
751,PAT_5533,TPD10,TPD10,LM,concat,1,\\nasac-m2.unige.ch\m-HumanNeuronLab\ANALYSIS\FLM\Analysis_LoraFanda\01_FBM_Analysis\outputs\04_ersp_LM_RAWONLY\PAT_5533\LM\ERSP_matrix\audio\PAT_5533_audio_WM_ERSP_TPD10_TN.npy,\\nasac-m2.unige.ch\m-HumanNeuronLab\ANALYSIS\FLM\Analysis_LoraFanda\01_FBM_Analysis\outputs\04_ersp_LM_RAWONLY\PAT_5533\LM\ERSP_matrix\audio\PAT_5533_audio_WM_ERSP_TPD10_TN.npy,\\nasac-m2.unige.ch\m-HumanNeuronLab\ANALYSIS\FLM\Analysis_LoraFanda\01_FBM_Analysis\outputs\04_ersp_LM_RAWONLY\PAT_5533\LM\ERSP_matrix\picture\PAT_5533_picture_WM_ERSP_TPD10_TN.npy,\\nasac-m2.unige.ch\m-HumanNeuronLab\ANALYSIS\FLM\Analysis_LoraFanda\01_FBM_Analysis\outputs\04_ersp_LM_RAWONLY\PAT_5533\LM\ERSP_matrix\reading\PAT_5533_reading_WM_ERSP_TPD10_TN.npy,2,0.032122325,2,PAT_5533|TPD10,0.027811573609757653,0.023593401611314915,6.556348807574221e-13,0.2925530439102656,0.23447634083282268,0.4213920380248942,0.0001736020102894364
752,PAT_5533,TPD2,TPD2,LM,concat,1,\\nasac-m2.unige.ch\m-HumanNeuronLab\ANALYSIS\FLM\Analysis_LoraFanda\01_FBM_Analysis\outputs\04_ersp_LM_RAWONLY\PAT_5533\LM\ERSP_matrix\audio\PAT_5533_audio_WM_ERSP_TPD2_TN.npy,\\nasac-m2.unige.ch\m-HumanNeuronLab\ANALYSIS\FLM\Analysis_LoraFanda\01_FBM_Analysis\outputs\04_ersp_LM_RAWONLY\PAT_5533\LM\ERSP_matrix\audio\PAT_5533_audio_WM_ERSP_TPD2_TN.npy,\\nasac-m2.unige.ch\m-HumanNeuronLab\ANALYSIS\FLM\Analysis_LoraFanda\01_FBM_Analysis\outputs\04_ersp_LM_RAWONLY\PAT_5533\LM\ERSP_matrix\picture\PAT_5533_picture_WM_ERSP_TPD2_TN.npy,\\nasac-m2.unige.ch\m-HumanNeuronLab\ANALYSIS\FLM\Analysis_LoraFanda\01_FBM_Analysis\outputs\04_ersp_LM_RAWONLY\PAT_5533\LM\ERSP_matrix\reading\PAT_5533_reading_WM_ERSP_TPD2_TN.npy,1,0.220395,1,PAT_5533|TPD2,0.05470229331297638,0.18582716609484418,0.24086225715204132,1.1100350632882376e-05,0.02397528598829666,0.49190581623373003,0.0027160808674785656
753,PAT_5533,TPD4,TPD4,LM,concat,1,\\nasac-m2.unige.ch\m-HumanNeuronLab\ANALYSIS\FLM\Analysis_LoraFanda\01_FBM_Analysis\outputs\04_ersp_LM_RAWONLY\PAT_5533\LM\ERSP_matrix\audio\PAT_5533_audio_WM_ERSP_TPD4_TN.npy,\\nasac-m2.unige.ch\m-HumanNeuronLab\ANALYSIS\FLM\Analysis_LoraFanda\01_FBM_Analysis\outputs\04_ersp_LM_RAWONLY\PAT_5533\LM\ERSP_matrix\audio\PAT_5533_audio_WM_ERSP_TPD4_TN.npy,\\nasac-m2.unige.ch\m-HumanNeuronLab\ANALYSIS\FLM\Analysis_LoraFanda\01_FBM_Analysis\outputs\04_ersp_LM_RAWONLY\PAT_5533\LM\ERSP_matrix\picture\PAT_5533_picture_WM_ERSP_TPD4_TN.npy,\\nasac-m2.unige.ch\m-HumanNeuronLab\ANALYSIS\FLM\Analysis_LoraFanda\01_FBM_Analysis\outputs\04_ersp_LM_RAWONLY\PAT_5533\LM\ERSP_matrix\reading\PAT_5533_reading_WM_ERSP_TPD4_TN.npy,1,0.2533164,1,PAT_5533|TPD4,0.11551046110612093,0.08898259966816992,0.15107823326204636,0.13345701944206428,2.519373091608296e-06,0.5109691568758866,1.027262032855626e-08
754,PAT_6619,AD2,AD2,LM,concat,1,\\nasac-m2.unige.ch\m-HumanNeuronLab\ANALYSIS\FLM\Analysis_LoraFanda\01_FBM_Analysis\outputs\04_ersp_LM_RAWONLY\PAT_6619\LM\ERSP_matrix\audio\PAT_6619_audio_WM_ERSP_AD2_TN.npy,\\nasac-m2.unige.ch\m-HumanNeuronLab\ANALYSIS\FLM\Analysis_LoraFanda\01_FBM_Analysis\outputs\04_ersp_LM_RAWONLY\PAT_6619\LM\ERSP_matrix\audio\PAT_6619_audio_WM_ERSP_AD2_TN.npy,\\nasac-m2.unige.ch\m-HumanNeuronLab\ANALYSIS\FLM\Analysis_LoraFanda\01_FBM_Analysis\outputs\04_ersp_LM_RAWONLY\PAT_6619\LM\ERSP_matrix\picture\PAT_6619_picture_WM_ERSP_AD2_TN.npy,\\nasac-m2.unige.ch\m-HumanNeuronLab\ANALYSIS\FLM\Analysis_LoraFanda\01_FBM_Analysis\outputs\04_ersp_LM_RAWONLY\PAT_6619\LM\ERSP_matrix\reading\PAT_6619_reading_WM_ERSP_AD2_TN.npy,1,0.21323346,1,PAT_6619|AD2,0.13315171517921187,2.729805121148042e-09,0.264611694567525,5.730734993648267e-07,0.0008084316081694528,0.508417748498687,0.09300983434310227
755,PAT_6619,HAD4,HAD4,LM,concat,1,\\nasac-m2.unige.ch\m-HumanNeuronLab\ANALYSIS\FLM\Analysis_LoraFanda\01_FBM_Analysis\outputs\04_ersp_LM_RAWONLY\PAT_6619\LM\ERSP_matrix\audio\PAT_6619_audio_WM_ERSP_HAD4_TN.npy,\\nasac-m2.unige.ch\m-HumanNeuronLab\ANALYSIS\FLM\Analysis_LoraFanda\01_FBM_Analysis\outputs\04_ersp_LM_RAWONLY\PAT_6619\LM\ERSP_matrix\audio\PAT_6619_audio_WM_ERSP_HAD4_TN.npy,\\nasac-m2.unige.ch\m-HumanNeuronLab\ANALYSIS\FLM\Analysis_LoraFanda\01_FBM_Analysis\outputs\04_ersp_LM_RAWONLY\PAT_6619\LM\ERSP_matrix\picture\PAT_6619_picture_WM_ERSP_HAD4_TN.npy,\\nasac-m2.unige.ch\m-HumanNeuronLab\ANALYSIS\FLM\Analysis_LoraFanda\01_FBM_Analysis\outputs\04_ersp_LM_RAWONLY\PAT_6619\LM\ERSP_matrix\reading\PAT_6619_reading_WM_ERSP_HAD4_TN.npy,1,0.2792182,1,PAT_6619|HAD4,0.19235527803388316,0.00037818658547035983,0.01005856801871312,6.0474126075030404e-05,0.0019298563485510985,0.6084077198777877,0.1868099170095194
756,PAT_6619,HAD6,HAD6,LM,concat,1,\\nasac-m2.unige.ch\m-HumanNeuronLab\ANALYSIS\FLM\Analysis_LoraFanda\01_FBM_Analysis\outputs\04_ersp_LM_RAWONLY\PAT_6619\LM\ERSP_matrix\audio\PAT_6619_audio_WM_ERSP_HAD6_TN.npy,\\nasac-m2.unige.ch\m-HumanNeuronLab\ANALYSIS\FLM\Analysis_LoraFanda\01_FBM_Analysis\outputs\04_ersp_LM_RAWONLY\PAT_6619\LM\ERSP_matrix\audio\PAT_6619_audio_WM_ERSP_HAD6_TN.npy,\\nasac-m2.unige.ch\m-HumanNeuronLab\ANALYSIS\FLM\Analysis_LoraFanda\01_FBM_Analysis\outputs\04_ersp_LM_RAWONLY\PAT_6619\LM\ERSP_matrix\picture\PAT_6619_picture_WM_ERSP_HAD6_TN.npy,\\nasac-m2.unige.ch\m-HumanNeuronLab\ANALYSIS\FLM\Analysis_LoraFanda\01_FBM_Analysis\outputs\04_ersp_LM_RAWONLY\PAT_6619\LM\ERSP_matrix\reading\PAT_6619_reading_WM_ERSP_HAD6_TN.npy,1,0.2993975,1,PAT_6619|HAD6,0.03280387183718862,0.06325799677547629,0.024119970016960184,0.16575956607058012,0.007128339200065105,0.6028213505468563,0.10410890555287346
757,PAT_6619,HAD8,HAD8,LM,concat,1,\\nasac-m2.unige.ch\m-HumanNeuronLab\ANALYSIS\FLM\Analysis_LoraFanda\01_FBM_Analysis\outputs\04_ersp_LM_RAWONLY\PAT_6619\LM\ERSP_matrix\audio\PAT_6619_audio_WM_ERSP_HAD8_TN.npy,\\nasac-m2.unige.ch\m-HumanNeuronLab\ANALYSIS\FLM\Analysis_LoraFanda\01_FBM_Analysis\outputs\04_ersp_LM_RAWONLY\PAT_6619\LM\ERSP_matrix\audio\PAT_6619_audio_WM_ERSP_HAD8_TN.npy,\\nasac-m2.unige.ch\m-HumanNeuronLab\ANALYSIS\FLM\Analysis_LoraFanda\01_FBM_Analysis\outputs\04_ersp_LM_RAWONLY\PAT_6619\LM\ERSP_matrix\picture\PAT_6619_picture_WM_ERSP_HAD8_TN.npy,\\nasac-m2.unige.ch\m-HumanNeuronLab\ANALYSIS\FLM\Analysis_LoraFanda\01_FBM_Analysis\outputs\04_ersp_LM_RAWONLY\PAT_6619\LM\ERSP_matrix\reading\PAT_6619_reading_WM_ERSP_HAD8_TN.npy,1,0.14291401,1,PAT_6619|HAD8,0.03002326611733524,0.09719089732715824,1.1500366239354822e-14,0.22094459884808632,0.11850457969460364,0.33823170161220073,0.1951049564006043
758,PAT_6619,HAD9,HAD9,LM,concat,3,\\nasac-m2.unige.ch\m-HumanNeuronLab\ANALYSIS\FLM\Analysis_LoraFanda\01_FBM_Analysis\outputs\04_ersp_LM_RAWONLY\PAT_6619\LM\ERSP_matrix\audio\PAT_6619_audio_WM_ERSP_HAD9_TN.npy,\\nasac-m2.unige.ch\m-HumanNeuronLab\ANALYSIS\FLM\Analysis_LoraFanda\01_FBM_Analysis\outputs\04_ersp_LM_RAWONLY\PAT_6619\LM\ERSP_matrix\audio\PAT_6619_audio_WM_ERSP_HAD9_TN.npy,\\nasac-m2.unige.ch\m-HumanNeuronLab\ANALYSIS\FLM\Analysis_LoraFanda\01_FBM_Analysis\outputs\04_ersp_LM_RAWONLY\PAT_6619\LM\ERSP_matrix\picture\PAT_6619_picture_WM_ERSP_HAD9_TN.npy,\\nasac-m2.unige.ch\m-HumanNeuronLab\ANALYSIS\FLM\Analysis_LoraFanda\01_FBM_Analysis\outputs\04_ersp_LM_RAWONLY\PAT_6619\LM\ERSP_matrix\reading\PAT_6619_reading_WM_ERSP_HAD9_TN.npy,3,0.035219144,3,PAT_6619|HAD9,0.0914686307166256,1.6234528980168148e-10,0.09683941493809518,0.26679996763089836,0.17500320988501672,0.36450879879490533,0.005379977872113599
759,PAT_6619,HAG1,HAG1,LM,concat,1,\\nasac-m2.unige.ch\m-HumanNeuronLab\ANALYSIS\FLM\Analysis_LoraFanda\01_FBM_Analysis\outputs\04_ersp_LM_RAWONLY\PAT_6619\LM\ERSP_matrix\audio\PAT_6619_audio_WM_ERSP_HAG1_TN.npy,\\nasac-m2.unige.ch\m-HumanNeuronLab\ANALYSIS\FLM\Analysis_LoraFanda\01_FBM_Analysis\outputs\04_ersp_LM_RAWONLY\PAT_6619\LM\ERSP_matrix\audio\PAT_6619_audio_WM_ERSP_HAG1_TN.npy,\\nasac-m2.unige.ch\m-HumanNeuronLab\ANALYSIS\FLM\Analysis_LoraFanda\01_FBM_Analysis\outputs\04_ersp_LM_RAWONLY\PAT_6619\LM\ERSP_matrix\picture\PAT_6619_picture_WM_ERSP_HAG1_TN.npy,\\nasac-m2.unige.ch\m-HumanNeuronLab\ANALYSIS\FLM\Analysis_LoraFanda\01_FBM_Analysis\outputs\04_ersp_LM_RAWONLY\PAT_6619\LM\ERSP_matrix\reading\PAT_6619_reading_WM_ERSP_HAG1_TN.npy,1,0.3987534,1,PAT_6619|HAG1,0.09804405908459204,0.1362732274034334,9.905639836967257e-06,0.0720264139100699,3.221988390804889e-05,0.30841906123528023,0.3851951128428794
760,PAT_6619,HAG10,HAG10,LM,concat,2,\\nasac-m2.unige.ch\m-HumanNeuronLab\ANALYSIS\FLM\Analysis_LoraFanda\01_FBM_Analysis\outputs\04_ersp_LM_RAWONLY\PAT_6619\LM\ERSP_matrix\audio\PAT_6619_audio_WM_ERSP_HAG10_TN.npy,\\nasac-m2.unige.ch\m-HumanNeuronLab\ANALYSIS\FLM\Analysis_LoraFanda\01_FBM_Analysis\outputs\04_ersp_LM_RAWONLY\PAT_6619\LM\ERSP_matrix\audio\PAT_6619_audio_WM_ERSP_HAG10_TN.npy,\\nasac-m2.unige.ch\m-HumanNeuronLab\ANALYSIS\FLM\Analysis_LoraFanda\01_FBM_Analysis\outputs\04_ersp_LM_RAWONLY\PAT_6619\LM\ERSP_matrix\picture\PAT_6619_picture_WM_ERSP_HAG10_TN.npy,\\nasac-m2.unige.ch\m-HumanNeuronLab\ANALYSIS\FLM\Analysis_LoraFanda\01_FBM_Analysis\outputs\04_ersp_LM_RAWONLY\PAT_6619\LM\ERSP_matrix\reading\PAT_6619_reading_WM_ERSP_HAG10_TN.npy,3,0.031772885,3,PAT_6619|HAG10,2.5240689423657677e-14,1.5629798434175306e-06,0.1341126688502188,0.21178585069126377,0.3077812500928691,0.33773266978569,0.008585997600089467
761,PAT_6619,HAG4,HAG4,LM,concat,1,\\nasac-m2.unige.ch\m-HumanNeuronLab\ANALYSIS\FLM\Analysis_LoraFanda\01_FBM_Analysis\outputs\04_ersp_LM_RAWONLY\PAT_6619\LM\ERSP_matrix\audio\PAT_6619_audio_WM_ERSP_HAG4_TN.npy,\\nasac-m2.unige.ch\m-HumanNeuronLab\ANALYSIS\FLM\Analysis_LoraFanda\01_FBM_Analysis\outputs\04_ersp_LM_RAWONLY\PAT_6619\LM\ERSP_matrix\audio\PAT_6619_audio_WM_ERSP_HAG4_TN.npy,\\nasac-m2.unige.ch\m-HumanNeuronLab\ANALYSIS\FLM\Analysis_LoraFanda\01_FBM_Analysis\outputs\04_ersp_LM_RAWONLY\PAT_6619\LM\ERSP_matrix\picture\PAT_6619_picture_WM_ERSP_HAG4_TN.npy,\\nasac-m2.unige.ch\m-HumanNeuronLab\ANALYSIS\FLM\Analysis_LoraFanda\01_FBM_Analysis\outputs\04_ersp_LM_RAWONLY\PAT_6619\LM\ERSP_matrix\reading\PAT_6619_reading_WM_ERSP_HAG4_TN.npy,1,0.29593936,1,PAT_6619|HAG4,5.84745557967585e-26,7.831565729470795e-05,0.053784772421672865,0.19547382939793387,0.01165627669446132,0.6388555731417142,0.10015123268692307
762,PAT_6619,HAG5,HAG5,LM,concat,1,\\nasac-m2.unige.ch\m-HumanNeuronLab\ANALYSIS\FLM\Analysis_LoraFanda\01_FBM_Analysis\outputs\04_ersp_LM_RAWONLY\PAT_6619\LM\ERSP_matrix\audio\PAT_6619_audio_WM_ERSP_HAG5_TN.npy,\\nasac-m2.unige.ch\m-HumanNeuronLab\ANALYSIS\FLM\Analysis_LoraFanda\01_FBM_Analysis\outputs\04_ersp_LM_RAWONLY\PAT_6619\LM\ERSP_matrix\audio\PAT_6619_audio_WM_ERSP_HAG5_TN.npy,\\nasac-m2.unige.ch\m-HumanNeuronLab\ANALYSIS\FLM\Analysis_LoraFanda\01_FBM_Analysis\outputs\04_ersp_LM_RAWONLY\PAT_6619\LM\ERSP_matrix\picture\PAT_6619_picture_WM_ERSP_HAG5_TN.npy,\\nasac-m2.unige.ch\m-HumanNeuronLab\ANALYSIS\FLM\Analysis_LoraFanda\01_FBM_Analysis\outputs\04_ersp_LM_RAWONLY\PAT_6619\LM\ERSP_matrix\reading\PAT_6619_reading_WM_ERSP_HAG5_TN.npy,1,0.17695579,1,PAT_6619|HAG5,1.5872205602115443e-20,9.536609684369621e-14,0.005255446605120754,0.3406698825878073,1.663506593146871e-08,0.6539543475638264,0.00012030660808414278
763,PAT_6619,HAG6,HAG6,LM,concat,1,\\nasac-m2.unige.ch\m-HumanNeuronLab\ANALYSIS\FLM\Analysis_LoraFanda\01_FBM_Analysis\outputs\04_ersp_LM_RAWONLY\PAT_6619\LM\ERSP_matrix\audio\PAT_6619_audio_WM_ERSP_HAG6_TN.npy,\\nasac-m2.unige.ch\m-HumanNeuronLab\ANALYSIS\FLM\Analysis_LoraFanda\01_FBM_Analysis\outputs\04_ersp_LM_RAWONLY\PAT_6619\LM\ERSP_matrix\audio\PAT_6619_audio_WM_ERSP_HAG6_TN.npy,\\nasac-m2.unige.ch\m-HumanNeuronLab\ANALYSIS\FLM\Analysis_LoraFanda\01_FBM_Analysis\outputs\04_ersp_LM_RAWONLY\PAT_6619\LM\ERSP_matrix\picture\PAT_6619_picture_WM_ERSP_HAG6_TN.npy,\\nasac-m2.unige.ch\m-HumanNeuronLab\ANALYSIS\FLM\Analysis_LoraFanda\01_FBM_Analysis\outputs\04_ersp_LM_RAWONLY\PAT_6619\LM\ERSP_matrix\reading\PAT_6619_reading_WM_ERSP_HAG6_TN.npy,1,0.2863728,1,PAT_6619|HAG6,5.995300277545471e-26,0.023987609580196363,5.519436124003909e-07,0.2637691442739134,0.0018752323644743811,0.48339643575398566,0.2269710260838177
764,PAT_6619,HAG7,HAG7,LM,concat,1,\\nasac-m2.unige.ch\m-HumanNeuronLab\ANALYSIS\FLM\Analysis_LoraFanda\01_FBM_Analysis\outputs\04_ersp_LM_RAWONLY\PAT_6619\LM\ERSP_matrix\audio\PAT_6619_audio_WM_ERSP_HAG7_TN.npy,\\nasac-m2.unige.ch\m-HumanNeuronLab\ANALYSIS\FLM\Analysis_LoraFanda\01_FBM_Analysis\outputs\04_ersp_LM_RAWONLY\PAT_6619\LM\ERSP_matrix\audio\PAT_6619_audio_WM_ERSP_HAG7_TN.npy,\\nasac-m2.unige.ch\m-HumanNeuronLab\ANALYSIS\FLM\Analysis_LoraFanda\01_FBM_Analysis\outputs\04_ersp_LM_RAWONLY\PAT_6619\LM\ERSP_matrix\picture\PAT_6619_picture_WM_ERSP_HAG7_TN.npy,\\nasac-m2.unige.ch\m-HumanNeuronLab\ANALYSIS\FLM\Analysis_LoraFanda\01_FBM_Analysis\outputs\04_ersp_LM_RAWONLY\PAT_6619\LM\ERSP_matrix\reading\PAT_6619_reading_WM_ERSP_HAG7_TN.npy,1,0.30254552,1,PAT_6619|HAG7,1.7782200866746662e-21,0.044674938465028215,0.023321512018809127,0.22174351360098069,0.051294435340161024,0.41730627507602946,0.2416593254989914
765,PAT_6619,HAG8,HAG8,LM,concat,1,\\nasac-m2.unige.ch\m-HumanNeuronLab\ANALYSIS\FLM\Analysis_LoraFanda\01_FBM_Analysis\outputs\04_ersp_LM_RAWONLY\PAT_6619\LM\ERSP_matrix\audio\PAT_6619_audio_WM_ERSP_HAG8_TN.npy,\\nasac-m2.unige.ch\m-HumanNeuronLab\ANALYSIS\FLM\Analysis_LoraFanda\01_FBM_Analysis\outputs\04_ersp_LM_RAWONLY\PAT_6619\LM\ERSP_matrix\audio\PAT_6619_audio_WM_ERSP_HAG8_TN.npy,\\nasac-m2.unige.ch\m-HumanNeuronLab\ANALYSIS\FLM\Analysis_LoraFanda\01_FBM_Analysis\outputs\04_ersp_LM_RAWONLY\PAT_6619\LM\ERSP_matrix\picture\PAT_6619_picture_WM_ERSP_HAG8_TN.npy,\\nasac-m2.unige.ch\m-HumanNeuronLab\ANALYSIS\FLM\Analysis_LoraFanda\01_FBM_Analysis\outputs\04_ersp_LM_RAWONLY\PAT_6619\LM\ERSP_matrix\reading\PAT_6619_reading_WM_ERSP_HAG8_TN.npy,1,0.2765781,1,PAT_6619|HAG8,2.457050923871084e-22,0.049454810785513094,8.766494387192172e-06,0.23887599381427804,0.04747158950018874,0.4638600498387547,0.2003287895668783
766,PAT_6619,IAD15,IAD15,LM,concat,2,\\nasac-m2.unige.ch\m-HumanNeuronLab\ANALYSIS\FLM\Analysis_LoraFanda\01_FBM_Analysis\outputs\04_ersp_LM_RAWONLY\PAT_6619\LM\ERSP_matrix\audio\PAT_6619_audio_WM_ERSP_IAD15_TN.npy,\\nasac-m2.unige.ch\m-HumanNeuronLab\ANALYSIS\FLM\Analysis_LoraFanda\01_FBM_Analysis\outputs\04_ersp_LM_RAWONLY\PAT_6619\LM\ERSP_matrix\audio\PAT_6619_audio_WM_ERSP_IAD15_TN.npy,\\nasac-m2.unige.ch\m-HumanNeuronLab\ANALYSIS\FLM\Analysis_LoraFanda\01_FBM_Analysis\outputs\04_ersp_LM_RAWONLY\PAT_6619\LM\ERSP_matrix\picture\PAT_6619_picture_WM_ERSP_IAD15_TN.npy,\\nasac-m2.unige.ch\m-HumanNeuronLab\ANALYSIS\FLM\Analysis_LoraFanda\01_FBM_Analysis\outputs\04_ersp_LM_RAWONLY\PAT_6619\LM\ERSP_matrix\reading\PAT_6619_reading_WM_ERSP_IAD15_TN.npy,1,0.20904039,1,PAT_6619|IAD15,0.08197550074738219,2.619632630100657e-23,0.12134967579817457,0.04808891416301862,4.281536279383437e-07,0.7485388009957075,4.668014208919467e-05
767,PAT_6619,IAD2,IAD2,LM,concat,1,\\nasac-m2.unige.ch\m-HumanNeuronLab\ANALYSIS\FLM\Analysis_LoraFanda\01_FBM_Analysis\outputs\04_ersp_LM_RAWONLY\PAT_6619\LM\ERSP_matrix\audio\PAT_6619_audio_WM_ERSP_IAD2_TN.npy,\\nasac-m2.unige.ch\m-HumanNeuronLab\ANALYSIS\FLM\Analysis_LoraFanda\01_FBM_Analysis\outputs\04_ersp_LM_RAWONLY\PAT_6619\LM\ERSP_matrix\audio\PAT_6619_audio_WM_ERSP_IAD2_TN.npy,\\nasac-m2.unige.ch\m-HumanNeuronLab\ANALYSIS\FLM\Analysis_LoraFanda\01_FBM_Analysis\outputs\04_ersp_LM_RAWONLY\PAT_6619\LM\ERSP_matrix\picture\PAT_6619_picture_WM_ERSP_IAD2_TN.npy,\\nasac-m2.unige.ch\m-HumanNeuronLab\ANALYSIS\FLM\Analysis_LoraFanda\01_FBM_Analysis\outputs\04_ersp_LM_RAWONLY\PAT_6619\LM\ERSP_matrix\reading\PAT_6619_reading_WM_ERSP_IAD2_TN.npy,0,-0.07325942,0,PAT_6619|IAD2,0.4022866707129216,3.9288571362091785e-22,0.20252348922115185,2.2514936976440953e-09,1.716578038822275e-27,4.857655468127968e-14,0.3951898378143842
768,PAT_6619,IAD3,IAD3,LM,concat,3,\\nasac-m2.unige.ch\m-HumanNeuronLab\ANALYSIS\FLM\Analysis_LoraFanda\01_FBM_Analysis\outputs\04_ersp_LM_RAWONLY\PAT_6619\LM\ERSP_matrix\audio\PAT_6619_audio_WM_ERSP_IAD3_TN.npy,\\nasac-m2.unige.ch\m-HumanNeuronLab\ANALYSIS\FLM\Analysis_LoraFanda\01_FBM_Analysis\outputs\04_ersp_LM_RAWONLY\PAT_6619\LM\ERSP_matrix\audio\PAT_6619_audio_WM_ERSP_IAD3_TN.npy,\\nasac-m2.unige.ch\m-HumanNeuronLab\ANALYSIS\FLM\Analysis_LoraFanda\01_FBM_Analysis\outputs\04_ersp_LM_RAWONLY\PAT_6619\LM\ERSP_matrix\picture\PAT_6619_picture_WM_ERSP_IAD3_TN.npy,\\nasac-m2.unige.ch\m-HumanNeuronLab\ANALYSIS\FLM\Analysis_LoraFanda\01_FBM_Analysis\outputs\04_ersp_LM_RAWONLY\PAT_6619\LM\ERSP_matrix\reading\PAT_6619_reading_WM_ERSP_IAD3_TN.npy,0,0.0124769,0,PAT_6619|IAD3,0.346876132409104,1.372831490930532e-16,0.1811566442597467,7.136357641242461e-11,2.418077814422286e-25,5.019210952853452e-19,0.4719672232597856
769,PAT_6619,IMD4,IMD4,LM,concat,1,\\nasac-m2.unige.ch\m-HumanNeuronLab\ANALYSIS\FLM\Analysis_LoraFanda\01_FBM_Analysis\outputs\04_ersp_LM_RAWONLY\PAT_6619\LM\ERSP_matrix\audio\PAT_6619_audio_WM_ERSP_IMD4_TN.npy,\\nasac-m2.unige.ch\m-HumanNeuronLab\ANALYSIS\FLM\Analysis_LoraFanda\01_FBM_Analysis\outputs\04_ersp_LM_RAWONLY\PAT_6619\LM\ERSP_matrix\audio\PAT_6619_audio_WM_ERSP_IMD4_TN.npy,\\nasac-m2.unige.ch\m-HumanNeuronLab\ANALYSIS\FLM\Analysis_LoraFanda\01_FBM_Analysis\outputs\04_ersp_LM_RAWONLY\PAT_6619\LM\ERSP_matrix\picture\PAT_6619_picture_WM_ERSP_IMD4_TN.npy,\\nasac-m2.unige.ch\m-HumanNeuronLab\ANALYSIS\FLM\Analysis_LoraFanda\01_FBM_Analysis\outputs\04_ersp_LM_RAWONLY\PAT_6619\LM\ERSP_matrix\reading\PAT_6619_reading_WM_ERSP_IMD4_TN.npy,1,0.28765473,1,PAT_6619|IMD4,7.104810263721941e-27,0.12706618685227936,3.746031031712003e-19,0.5506470813204344,1.5412311524274096e-52,0.3222804890793017,6.242747984558512e-06
770,PAT_6619,IPD10,IPD10,LM,concat,1,\\nasac-m2.unige.ch\m-HumanNeuronLab\ANALYSIS\FLM\Analysis_LoraFanda\01_FBM_Analysis\outputs\04_ersp_LM_RAWONLY\PAT_6619\LM\ERSP_matrix\audio\PAT_6619_audio_WM_ERSP_IPD10_TN.npy,\\nasac-m2.unige.ch\m-HumanNeuronLab\ANALYSIS\FLM\Analysis_LoraFanda\01_FBM_Analysis\outputs\04_ersp_LM_RAWONLY\PAT_6619\LM\ERSP_matrix\audio\PAT_6619_audio_WM_ERSP_IPD10_TN.npy,\\nasac-m2.unige.ch\m-HumanNeuronLab\ANALYSIS\FLM\Analysis_LoraFanda\01_FBM_Analysis\outputs\04_ersp_LM_RAWONLY\PAT_6619\LM\ERSP_matrix\picture\PAT_6619_picture_WM_ERSP_IPD10_TN.npy,\\nasac-m2.unige.ch\m-HumanNeuronLab\ANALYSIS\FLM\Analysis_LoraFanda\01_FBM_Analysis\outputs\04_ersp_LM_RAWONLY\PAT_6619\LM\ERSP_matrix\reading\PAT_6619_reading_WM_ERSP_IPD10_TN.npy,1,0.36623752,1,PAT_6619|IPD10,0.031018234394343404,0.01158448190266185,2.0638834112615867e-24,0.03543615170245991,2.712212705073729e-10,0.5569008674256074,0.36506026430370625
771,PAT_6619,IPD11,IPD11,LM,concat,1,\\nasac-m2.unige.ch\m-HumanNeuronLab\ANALYSIS\FLM\Analysis_LoraFanda\01_FBM_Analysis\outputs\04_ersp_LM_RAWONLY\PAT_6619\LM\ERSP_matrix\audio\PAT_6619_audio_WM_ERSP_IPD11_TN.npy,\\nasac-m2.unige.ch\m-HumanNeuronLab\ANALYSIS\FLM\Analysis_LoraFanda\01_FBM_Analysis\outputs\04_ersp_LM_RAWONLY\PAT_6619\LM\ERSP_matrix\audio\PAT_6619_audio_WM_ERSP_IPD11_TN.npy,\\nasac-m2.unige.ch\m-HumanNeuronLab\ANALYSIS\FLM\Analysis_LoraFanda\01_FBM_Analysis\outputs\04_ersp_LM_RAWONLY\PAT_6619\LM\ERSP_matrix\picture\PAT_6619_picture_WM_ERSP_IPD11_TN.npy,\\nasac-m2.unige.ch\m-HumanNeuronLab\ANALYSIS\FLM\Analysis_LoraFanda\01_FBM_Analysis\outputs\04_ersp_LM_RAWONLY\PAT_6619\LM\ERSP_matrix\reading\PAT_6619_reading_WM_ERSP_IPD11_TN.npy,1,0.35096696,1,PAT_6619|IPD11,0.006671167409009552,0.0950966299046031,9.448331374722693e-40,0.12114581572691269,3.4064385940980245e-10,0.4253769060351741,0.35170948058365675
772,PAT_6619,IPD12,IPD12,LM,concat,1,\\nasac-m2.unige.ch\m-HumanNeuronLab\ANALYSIS\FLM\Analysis_LoraFanda\01_FBM_Analysis\outputs\04_ersp_LM_RAWONLY\PAT_6619\LM\ERSP_matrix\audio\PAT_6619_audio_WM_ERSP_IPD12_TN.npy,\\nasac-m2.unige.ch\m-HumanNeuronLab\ANALYSIS\FLM\Analysis_LoraFanda\01_FBM_Analysis\outputs\04_ersp_LM_RAWONLY\PAT_6619\LM\ERSP_matrix\audio\PAT_6619_audio_WM_ERSP_IPD12_TN.npy,\\nasac-m2.unige.ch\m-HumanNeuronLab\ANALYSIS\FLM\Analysis_LoraFanda\01_FBM_Analysis\outputs\04_ersp_LM_RAWONLY\PAT_6619\LM\ERSP_matrix\picture\PAT_6619_picture_WM_ERSP_IPD12_TN.npy,\\nasac-m2.unige.ch\m-HumanNeuronLab\ANALYSIS\FLM\Analysis_LoraFanda\01_FBM_Analysis\outputs\04_ersp_LM_RAWONLY\PAT_6619\LM\ERSP_matrix\reading\PAT_6619_reading_WM_ERSP_IPD12_TN.npy,1,0.34782764,1,PAT_6619|IPD12,0.018798335907091956,0.09578058493661278,1.7543081506098035e-31,0.05572548646450985,7.782691026177283e-06,0.5336636474761601,0.296024162524599
773,PAT_6619,IPD13,IPD13,LM,concat,1,\\nasac-m2.unige.ch\m-HumanNeuronLab\ANALYSIS\FLM\Analysis_LoraFanda\01_FBM_Analysis\outputs\04_ersp_LM_RAWONLY\PAT_6619\LM\ERSP_matrix\audio\PAT_6619_audio_WM_ERSP_IPD13_TN.npy,\\nasac-m2.unige.ch\m-HumanNeuronLab\ANALYSIS\FLM\Analysis_LoraFanda\01_FBM_Analysis\outputs\04_ersp_LM_RAWONLY\PAT_6619\LM\ERSP_matrix\audio\PAT_6619_audio_WM_ERSP_IPD13_TN.npy,\\nasac-m2.unige.ch\m-HumanNeuronLab\ANALYSIS\FLM\Analysis_LoraFanda\01_FBM_Analysis\outputs\04_ersp_LM_RAWONLY\PAT_6619\LM\ERSP_matrix\picture\PAT_6619_picture_WM_ERSP_IPD13_TN.npy,\\nasac-m2.unige.ch\m-HumanNeuronLab\ANALYSIS\FLM\Analysis_LoraFanda\01_FBM_Analysis\outputs\04_ersp_LM_RAWONLY\PAT_6619\LM\ERSP_matrix\reading\PAT_6619_reading_WM_ERSP_IPD13_TN.npy,1,0.35973996,1,PAT_6619|IPD13,1.281358702793465e-07,0.06942424870862017,1.1579960856486071e-18,8.422409005425968e-05,9.849024086090034e-09,0.602092551827547,0.3283988373888842
774,PAT_6619,IPD14,IPD14,LM,concat,1,\\nasac-m2.unige.ch\m-HumanNeuronLab\ANALYSIS\FLM\Analysis_LoraFanda\01_FBM_Analysis\outputs\04_ersp_LM_RAWONLY\PAT_6619\LM\ERSP_matrix\audio\PAT_6619_audio_WM_ERSP_IPD14_TN.npy,\\nasac-m2.unige.ch\m-HumanNeuronLab\ANALYSIS\FLM\Analysis_LoraFanda\01_FBM_Analysis\outputs\04_ersp_LM_RAWONLY\PAT_6619\LM\ERSP_matrix\audio\PAT_6619_audio_WM_ERSP_IPD14_TN.npy,\\nasac-m2.unige.ch\m-HumanNeuronLab\ANALYSIS\FLM\Analysis_LoraFanda\01_FBM_Analysis\outputs\04_ersp_LM_RAWONLY\PAT_6619\LM\ERSP_matrix\picture\PAT_6619_picture_WM_ERSP_IPD14_TN.npy,\\nasac-m2.unige.ch\m-HumanNeuronLab\ANALYSIS\FLM\Analysis_LoraFanda\01_FBM_Analysis\outputs\04_ersp_LM_RAWONLY\PAT_6619\LM\ERSP_matrix\reading\PAT_6619_reading_WM_ERSP_IPD14_TN.npy,1,0.3609767,1,PAT_6619|IPD14,7.844400517317288e-11,0.05233933150469215,3.326526808559473e-06,4.999637999334628e-06,0.005911668831213601,0.38609050957551605,0.5556501638453263
775,PAT_6619,IPD15,IPD15,LM,concat,1,\\nasac-m2.unige.ch\m-HumanNeuronLab\ANALYSIS\FLM\Analysis_LoraFanda\01_FBM_Analysis\outputs\04_ersp_LM_RAWONLY\PAT_6619\LM\ERSP_matrix\audio\PAT_6619_audio_WM_ERSP_IPD15_TN.npy,\\nasac-m2.unige.ch\m-HumanNeuronLab\ANALYSIS\FLM\Analysis_LoraFanda\01_FBM_Analysis\outputs\04_ersp_LM_RAWONLY\PAT_6619\LM\ERSP_matrix\audio\PAT_6619_audio_WM_ERSP_IPD15_TN.npy,\\nasac-m2.unige.ch\m-HumanNeuronLab\ANALYSIS\FLM\Analysis_LoraFanda\01_FBM_Analysis\outputs\04_ersp_LM_RAWONLY\PAT_6619\LM\ERSP_matrix\picture\PAT_6619_picture_WM_ERSP_IPD15_TN.npy,\\nasac-m2.unige.ch\m-HumanNeuronLab\ANALYSIS\FLM\Analysis_LoraFanda\01_FBM_Analysis\outputs\04_ersp_LM_RAWONLY\PAT_6619\LM\ERSP_matrix\reading\PAT_6619_reading_WM_ERSP_IPD15_TN.npy,1,0.33971506,1,PAT_6619|IPD15,0.0008616409041802705,1.3364722074610856e-05,7.789602049032523e-05,2.203854685551447e-06,3.136512041812088e-12,0.29826439175779595,0.7007805027376367
776,PAT_6619,IPD16,IPD16,LM,concat,1,\\nasac-m2.unige.ch\m-HumanNeuronLab\ANALYSIS\FLM\Analysis_LoraFanda\01_FBM_Analysis\outputs\04_ersp_LM_RAWONLY\PAT_6619\LM\ERSP_matrix\audio\PAT_6619_audio_WM_ERSP_IPD16_TN.npy,\\nasac-m2.unige.ch\m-HumanNeuronLab\ANALYSIS\FLM\Analysis_LoraFanda\01_FBM_Analysis\outputs\04_ersp_LM_RAWONLY\PAT_6619\LM\ERSP_matrix\audio\PAT_6619_audio_WM_ERSP_IPD16_TN.npy,\\nasac-m2.unige.ch\m-HumanNeuronLab\ANALYSIS\FLM\Analysis_LoraFanda\01_FBM_Analysis\outputs\04_ersp_LM_RAWONLY\PAT_6619\LM\ERSP_matrix\picture\PAT_6619_picture_WM_ERSP_IPD16_TN.npy,\\nasac-m2.unige.ch\m-HumanNeuronLab\ANALYSIS\FLM\Analysis_LoraFanda\01_FBM_Analysis\outputs\04_ersp_LM_RAWONLY\PAT_6619\LM\ERSP_matrix\reading\PAT_6619_reading_WM_ERSP_IPD16_TN.npy,1,0.27945474,1,PAT_6619|IPD16,0.1577185479976361,0.04736476701264659,1.3820766872415856e-08,9.736992700617745e-07,2.9603742937275548e-15,0.18186837506246872,0.6130473224072085
777,PAT_6619,IPD17,IPD17,LM,concat,1,\\nasac-m2.unige.ch\m-HumanNeuronLab\ANALYSIS\FLM\Analysis_LoraFanda\01_FBM_Analysis\outputs\04_ersp_LM_RAWONLY\PAT_6619\LM\ERSP_matrix\audio\PAT_6619_audio_WM_ERSP_IPD17_TN.npy,\\nasac-m2.unige.ch\m-HumanNeuronLab\ANALYSIS\FLM\Analysis_LoraFanda\01_FBM_Analysis\outputs\04_ersp_LM_RAWONLY\PAT_6619\LM\ERSP_matrix\audio\PAT_6619_audio_WM_ERSP_IPD17_TN.npy,\\nasac-m2.unige.ch\m-HumanNeuronLab\ANALYSIS\FLM\Analysis_LoraFanda\01_FBM_Analysis\outputs\04_ersp_LM_RAWONLY\PAT_6619\LM\ERSP_matrix\picture\PAT_6619_picture_WM_ERSP_IPD17_TN.npy,\\nasac-m2.unige.ch\m-HumanNeuronLab\ANALYSIS\FLM\Analysis_LoraFanda\01_FBM_Analysis\outputs\04_ersp_LM_RAWONLY\PAT_6619\LM\ERSP_matrix\reading\PAT_6619_reading_WM_ERSP_IPD17_TN.npy,1,0.30846712,1,PAT_6619|IPD17,0.03594584598533876,0.1453810754039475,6.30334111634886e-36,0.00046589564594495526,1.5688902327887765e-16,0.1358504565041402,0.6823567264606284
778,PAT_6619,IPD18,IPD18,LM,concat,1,\\nasac-m2.unige.ch\m-HumanNeuronLab\ANALYSIS\FLM\Analysis_LoraFanda\01_FBM_Analysis\outputs\04_ersp_LM_RAWONLY\PAT_6619\LM\ERSP_matrix\audio\PAT_6619_audio_WM_ERSP_IPD18_TN.npy,\\nasac-m2.unige.ch\m-HumanNeuronLab\ANALYSIS\FLM\Analysis_LoraFanda\01_FBM_Analysis\outputs\04_ersp_LM_RAWONLY\PAT_6619\LM\ERSP_matrix\audio\PAT_6619_audio_WM_ERSP_IPD18_TN.npy,\\nasac-m2.unige.ch\m-HumanNeuronLab\ANALYSIS\FLM\Analysis_LoraFanda\01_FBM_Analysis\outputs\04_ersp_LM_RAWONLY\PAT_6619\LM\ERSP_matrix\picture\PAT_6619_picture_WM_ERSP_IPD18_TN.npy,\\nasac-m2.unige.ch\m-HumanNeuronLab\ANALYSIS\FLM\Analysis_LoraFanda\01_FBM_Analysis\outputs\04_ersp_LM_RAWONLY\PAT_6619\LM\ERSP_matrix\reading\PAT_6619_reading_WM_ERSP_IPD18_TN.npy,1,0.36222625,1,PAT_6619|IPD18,0.11852017832697767,0.027577000739935912,3.228865857915928e-20,2.786508391527969e-07,1.1156596473068482e-27,0.4497264582281572,0.4041760840540901
779,PAT_6619,IPD2,IPD2,LM,concat,1,\\nasac-m2.unige.ch\m-HumanNeuronLab\ANALYSIS\FLM\Analysis_LoraFanda\01_FBM_Analysis\outputs\04_ersp_LM_RAWONLY\PAT_6619\LM\ERSP_matrix\audio\PAT_6619_audio_WM_ERSP_IPD2_TN.npy,\\nasac-m2.unige.ch\m-HumanNeuronLab\ANALYSIS\FLM\Analysis_LoraFanda\01_FBM_Analysis\outputs\04_ersp_LM_RAWONLY\PAT_6619\LM\ERSP_matrix\audio\PAT_6619_audio_WM_ERSP_IPD2_TN.npy,\\nasac-m2.unige.ch\m-HumanNeuronLab\ANALYSIS\FLM\Analysis_LoraFanda\01_FBM_Analysis\outputs\04_ersp_LM_RAWONLY\PAT_6619\LM\ERSP_matrix\picture\PAT_6619_picture_WM_ERSP_IPD2_TN.npy,\\nasac-m2.unige.ch\m-HumanNeuronLab\ANALYSIS\FLM\Analysis_LoraFanda\01_FBM_Analysis\outputs\04_ersp_LM_RAWONLY\PAT_6619\LM\ERSP_matrix\reading\PAT_6619_reading_WM_ERSP_IPD2_TN.npy,1,0.30777732,1,PAT_6619|IPD2,6.89008956024452e-24,0.4893009277426387,1.1352179376380124e-16,0.1488714658923755,2.049567256546684e-13,0.3618022079831002,2.5398381680490185e-05
780,PAT_6619,IPD3,IPD3,LM,concat,1,\\nasac-m2.unige.ch\m-HumanNeuronLab\ANALYSIS\FLM\Analysis_LoraFanda\01_FBM_Analysis\outputs\04_ersp_LM_RAWONLY\PAT_6619\LM\ERSP_matrix\audio\PAT_6619_audio_WM_ERSP_IPD3_TN.npy,\\nasac-m2.unige.ch\m-HumanNeuronLab\ANALYSIS\FLM\Analysis_LoraFanda\01_FBM_Analysis\outputs\04_ersp_LM_RAWONLY\PAT_6619\LM\ERSP_matrix\audio\PAT_6619_audio_WM_ERSP_IPD3_TN.npy,\\nasac-m2.unige.ch\m-HumanNeuronLab\ANALYSIS\FLM\Analysis_LoraFanda\01_FBM_Analysis\outputs\04_ersp_LM_RAWONLY\PAT_6619\LM\ERSP_matrix\picture\PAT_6619_picture_WM_ERSP_IPD3_TN.npy,\\nasac-m2.unige.ch\m-HumanNeuronLab\ANALYSIS\FLM\Analysis_LoraFanda\01_FBM_Analysis\outputs\04_ersp_LM_RAWONLY\PAT_6619\LM\ERSP_matrix\reading\PAT_6619_reading_WM_ERSP_IPD3_TN.npy,1,0.1906812,1,PAT_6619|IPD3,3.094591564684889e-28,0.543059040898783,0.02597863742266832,2.414140394191693e-05,2.1454902016877647e-09,0.42730928592722195,0.0036288922018947096
781,PAT_6619,IPD4,IPD4,LM,concat,2,\\nasac-m2.unige.ch\m-HumanNeuronLab\ANALYSIS\FLM\Analysis_LoraFanda\01_FBM_Analysis\outputs\04_ersp_LM_RAWONLY\PAT_6619\LM\ERSP_matrix\audio\PAT_6619_audio_WM_ERSP_IPD4_TN.npy,\\nasac-m2.unige.ch\m-HumanNeuronLab\ANALYSIS\FLM\Analysis_LoraFanda\01_FBM_Analysis\outputs\04_ersp_LM_RAWONLY\PAT_6619\LM\ERSP_matrix\audio\PAT_6619_audio_WM_ERSP_IPD4_TN.npy,\\nasac-m2.unige.ch\m-HumanNeuronLab\ANALYSIS\FLM\Analysis_LoraFanda\01_FBM_Analysis\outputs\04_ersp_LM_RAWONLY\PAT_6619\LM\ERSP_matrix\picture\PAT_6619_picture_WM_ERSP_IPD4_TN.npy,\\nasac-m2.unige.ch\m-HumanNeuronLab\ANALYSIS\FLM\Analysis_LoraFanda\01_FBM_Analysis\outputs\04_ersp_LM_RAWONLY\PAT_6619\LM\ERSP_matrix\reading\PAT_6619_reading_WM_ERSP_IPD4_TN.npy,4,0.08230636,4,PAT_6619|IPD4,9.769757504986518e-06,0.5175303554685107,1.0685986733578358e-06,1.0064531496224594e-07,3.4887730423417734e-15,0.3406846255009447,0.1417740800290477
782,PAT_6619,IPD5,IPD5,LM,concat,3,\\nasac-m2.unige.ch\m-HumanNeuronLab\ANALYSIS\FLM\Analysis_LoraFanda\01_FBM_Analysis\outputs\04_ersp_LM_RAWONLY\PAT_6619\LM\ERSP_matrix\audio\PAT_6619_audio_WM_ERSP_IPD5_TN.npy,\\nasac-m2.unige.ch\m-HumanNeuronLab\ANALYSIS\FLM\Analysis_LoraFanda\01_FBM_Analysis\outputs\04_ersp_LM_RAWONLY\PAT_6619\LM\ERSP_matrix\audio\PAT_6619_audio_WM_ERSP_IPD5_TN.npy,\\nasac-m2.unige.ch\m-HumanNeuronLab\ANALYSIS\FLM\Analysis_LoraFanda\01_FBM_Analysis\outputs\04_ersp_LM_RAWONLY\PAT_6619\LM\ERSP_matrix\picture\PAT_6619_picture_WM_ERSP_IPD5_TN.npy,\\nasac-m2.unige.ch\m-HumanNeuronLab\ANALYSIS\FLM\Analysis_LoraFanda\01_FBM_Analysis\outputs\04_ersp_LM_RAWONLY\PAT_6619\LM\ERSP_matrix\reading\PAT_6619_reading_WM_ERSP_IPD5_TN.npy,4,0.022775898,4,PAT_6619|IPD5,1.0287231790483761e-12,0.24897402278851835,0.052388127997163594,4.0986980616596566e-07,0.004077171464406757,0.3617875856551153,0.332772682223961
783,PAT_6619,IPD6,IPD6,LM,concat,1,\\nasac-m2.unige.ch\m-HumanNeuronLab\ANALYSIS\FLM\Analysis_LoraFanda\01_FBM_Analysis\outputs\04_ersp_LM_RAWONLY\PAT_6619\LM\ERSP_matrix\audio\PAT_6619_audio_WM_ERSP_IPD6_TN.npy,\\nasac-m2.unige.ch\m-HumanNeuronLab\ANALYSIS\FLM\Analysis_LoraFanda\01_FBM_Analysis\outputs\04_ersp_LM_RAWONLY\PAT_6619\LM\ERSP_matrix\audio\PAT_6619_audio_WM_ERSP_IPD6_TN.npy,\\nasac-m2.unige.ch\m-HumanNeuronLab\ANALYSIS\FLM\Analysis_LoraFanda\01_FBM_Analysis\outputs\04_ersp_LM_RAWONLY\PAT_6619\LM\ERSP_matrix\picture\PAT_6619_picture_WM_ERSP_IPD6_TN.npy,\\nasac-m2.unige.ch\m-HumanNeuronLab\ANALYSIS\FLM\Analysis_LoraFanda\01_FBM_Analysis\outputs\04_ersp_LM_RAWONLY\PAT_6619\LM\ERSP_matrix\reading\PAT_6619_reading_WM_ERSP_IPD6_TN.npy,1,0.17074154,1,PAT_6619|IPD6,5.1483426173405985e-12,0.2862244509005993,0.020785648972914912,1.5449902113127322e-06,0.00018035039903621376,0.4747585587039981,0.21804944602809176
784,PAT_6619,IPD8,IPD8,LM,concat,1,\\nasac-m2.unige.ch\m-HumanNeuronLab\ANALYSIS\FLM\Analysis_LoraFanda\01_FBM_Analysis\outputs\04_ersp_LM_RAWONLY\PAT_6619\LM\ERSP_matrix\audio\PAT_6619_audio_WM_ERSP_IPD8_TN.npy,\\nasac-m2.unige.ch\m-HumanNeuronLab\ANALYSIS\FLM\Analysis_LoraFanda\01_FBM_Analysis\outputs\04_ersp_LM_RAWONLY\PAT_6619\LM\ERSP_matrix\audio\PAT_6619_audio_WM_ERSP_IPD8_TN.npy,\\nasac-m2.unige.ch\m-HumanNeuronLab\ANALYSIS\FLM\Analysis_LoraFanda\01_FBM_Analysis\outputs\04_ersp_LM_RAWONLY\PAT_6619\LM\ERSP_matrix\picture\PAT_6619_picture_WM_ERSP_IPD8_TN.npy,\\nasac-m2.unige.ch\m-HumanNeuronLab\ANALYSIS\FLM\Analysis_LoraFanda\01_FBM_Analysis\outputs\04_ersp_LM_RAWONLY\PAT_6619\LM\ERSP_matrix\reading\PAT_6619_reading_WM_ERSP_IPD8_TN.npy,1,0.36119843,1,PAT_6619|IPD8,9.60287605258604e-26,0.05530466769847354,1.227010235178351e-05,0.09050103650448989,0.010800332312222948,0.4669341910303652,0.37644750235209656
785,PAT_6619,IPD9,IPD9,LM,concat,1,\\nasac-m2.unige.ch\m-HumanNeuronLab\ANALYSIS\FLM\Analysis_LoraFanda\01_FBM_Analysis\outputs\04_ersp_LM_RAWONLY\PAT_6619\LM\ERSP_matrix\audio\PAT_6619_audio_WM_ERSP_IPD9_TN.npy,\\nasac-m2.unige.ch\m-HumanNeuronLab\ANALYSIS\FLM\Analysis_LoraFanda\01_FBM_Analysis\outputs\04_ersp_LM_RAWONLY\PAT_6619\LM\ERSP_matrix\audio\PAT_6619_audio_WM_ERSP_IPD9_TN.npy,\\nasac-m2.unige.ch\m-HumanNeuronLab\ANALYSIS\FLM\Analysis_LoraFanda\01_FBM_Analysis\outputs\04_ersp_LM_RAWONLY\PAT_6619\LM\ERSP_matrix\picture\PAT_6619_picture_WM_ERSP_IPD9_TN.npy,\\nasac-m2.unige.ch\m-HumanNeuronLab\ANALYSIS\FLM\Analysis_LoraFanda\01_FBM_Analysis\outputs\04_ersp_LM_RAWONLY\PAT_6619\LM\ERSP_matrix\reading\PAT_6619_reading_WM_ERSP_IPD9_TN.npy,1,0.36284396,1,PAT_6619|IPD9,0.015827125809751676,0.01502226691638315,3.301022895297204e-33,0.14231124521585192,3.518055924067484e-12,0.4858338761839757,0.34100548587051954
786,PAT_6619,OFP2,OFP2,LM,concat,2,\\nasac-m2.unige.ch\m-HumanNeuronLab\ANALYSIS\FLM\Analysis_LoraFanda\01_FBM_Analysis\outputs\04_ersp_LM_RAWONLY\PAT_6619\LM\ERSP_matrix\audio\PAT_6619_audio_WM_ERSP_OFP2_TN.npy,\\nasac-m2.unige.ch\m-HumanNeuronLab\ANALYSIS\FLM\Analysis_LoraFanda\01_FBM_Analysis\outputs\04_ersp_LM_RAWONLY\PAT_6619\LM\ERSP_matrix\audio\PAT_6619_audio_WM_ERSP_OFP2_TN.npy,\\nasac-m2.unige.ch\m-HumanNeuronLab\ANALYSIS\FLM\Analysis_LoraFanda\01_FBM_Analysis\outputs\04_ersp_LM_RAWONLY\PAT_6619\LM\ERSP_matrix\picture\PAT_6619_picture_WM_ERSP_OFP2_TN.npy,\\nasac-m2.unige.ch\m-HumanNeuronLab\ANALYSIS\FLM\Analysis_LoraFanda\01_FBM_Analysis\outputs\04_ersp_LM_RAWONLY\PAT_6619\LM\ERSP_matrix\reading\PAT_6619_reading_WM_ERSP_OFP2_TN.npy,0,-0.08543079,0,PAT_6619|OFP2,0.1098557533524018,0.003283043872334633,0.21269886036376137,4.458988982355371e-11,1.4682980251780578e-26,8.528568105060154e-13,0.6741623423660594
787,PAT_6619,OFP3,OFP3,LM,concat,1,\\nasac-m2.unige.ch\m-HumanNeuronLab\ANALYSIS\FLM\Analysis_LoraFanda\01_FBM_Analysis\outputs\04_ersp_LM_RAWONLY\PAT_6619\LM\ERSP_matrix\audio\PAT_6619_audio_WM_ERSP_OFP3_TN.npy,\\nasac-m2.unige.ch\m-HumanNeuronLab\ANALYSIS\FLM\Analysis_LoraFanda\01_FBM_Analysis\outputs\04_ersp_LM_RAWONLY\PAT_6619\LM\ERSP_matrix\audio\PAT_6619_audio_WM_ERSP_OFP3_TN.npy,\\nasac-m2.unige.ch\m-HumanNeuronLab\ANALYSIS\FLM\Analysis_LoraFanda\01_FBM_Analysis\outputs\04_ersp_LM_RAWONLY\PAT_6619\LM\ERSP_matrix\picture\PAT_6619_picture_WM_ERSP_OFP3_TN.npy,\\nasac-m2.unige.ch\m-HumanNeuronLab\ANALYSIS\FLM\Analysis_LoraFanda\01_FBM_Analysis\outputs\04_ersp_LM_RAWONLY\PAT_6619\LM\ERSP_matrix\reading\PAT_6619_reading_WM_ERSP_OFP3_TN.npy,0,-0.16726105,0,PAT_6619|OFP3,0.12924702310537944,1.2432830643162066e-17,0.30737100113381227,9.745150711908454e-10,2.148235336565095e-29,6.291814529638255e-16,0.5633819747862925
788,PAT_6619,OFP4,OFP4,LM,concat,1,\\nasac-m2.unige.ch\m-HumanNeuronLab\ANALYSIS\FLM\Analysis_LoraFanda\01_FBM_Analysis\outputs\04_ersp_LM_RAWONLY\PAT_6619\LM\ERSP_matrix\audio\PAT_6619_audio_WM_ERSP_OFP4_TN.npy,\\nasac-m2.unige.ch\m-HumanNeuronLab\ANALYSIS\FLM\Analysis_LoraFanda\01_FBM_Analysis\outputs\04_ersp_LM_RAWONLY\PAT_6619\LM\ERSP_matrix\audio\PAT_6619_audio_WM_ERSP_OFP4_TN.npy,\\nasac-m2.unige.ch\m-HumanNeuronLab\ANALYSIS\FLM\Analysis_LoraFanda\01_FBM_Analysis\outputs\04_ersp_LM_RAWONLY\PAT_6619\LM\ERSP_matrix\picture\PAT_6619_picture_WM_ERSP_OFP4_TN.npy,\\nasac-m2.unige.ch\m-HumanNeuronLab\ANALYSIS\FLM\Analysis_LoraFanda\01_FBM_Analysis\outputs\04_ersp_LM_RAWONLY\PAT_6619\LM\ERSP_matrix\reading\PAT_6619_reading_WM_ERSP_OFP4_TN.npy,1,0.24616398,1,PAT_6619|OFP4,2.420942586603242e-13,1.0496585840436995e-06,0.2673225527370755,4.915604224955036e-09,3.569561197157233e-18,9.457971260312822e-11,0.7326763925939144
789,PAT_6619,OFP5,OFP5,LM,concat,1,\\nasac-m2.unige.ch\m-HumanNeuronLab\ANALYSIS\FLM\Analysis_LoraFanda\01_FBM_Analysis\outputs\04_ersp_LM_RAWONLY\PAT_6619\LM\ERSP_matrix\audio\PAT_6619_audio_WM_ERSP_OFP5_TN.npy,\\nasac-m2.unige.ch\m-HumanNeuronLab\ANALYSIS\FLM\Analysis_LoraFanda\01_FBM_Analysis\outputs\04_ersp_LM_RAWONLY\PAT_6619\LM\ERSP_matrix\audio\PAT_6619_audio_WM_ERSP_OFP5_TN.npy,\\nasac-m2.unige.ch\m-HumanNeuronLab\ANALYSIS\FLM\Analysis_LoraFanda\01_FBM_Analysis\outputs\04_ersp_LM_RAWONLY\PAT_6619\LM\ERSP_matrix\picture\PAT_6619_picture_WM_ERSP_OFP5_TN.npy,\\nasac-m2.unige.ch\m-HumanNeuronLab\ANALYSIS\FLM\Analysis_LoraFanda\01_FBM_Analysis\outputs\04_ersp_LM_RAWONLY\PAT_6619\LM\ERSP_matrix\reading\PAT_6619_reading_WM_ERSP_OFP5_TN.npy,1,0.27118358,1,PAT_6619|OFP5,2.881988120000068e-11,0.03637479281696154,0.2163488457235292,2.1953183554507532e-08,1.3258272527654016e-08,5.001352265519774e-07,0.7472758260840067
790,PAT_6619,OFP6,OFP6,LM,concat,1,\\nasac-m2.unige.ch\m-HumanNeuronLab\ANALYSIS\FLM\Analysis_LoraFanda\01_FBM_Analysis\outputs\04_ersp_LM_RAWONLY\PAT_6619\LM\ERSP_matrix\audio\PAT_6619_audio_WM_ERSP_OFP6_TN.npy,\\nasac-m2.unige.ch\m-HumanNeuronLab\ANALYSIS\FLM\Analysis_LoraFanda\01_FBM_Analysis\outputs\04_ersp_LM_RAWONLY\PAT_6619\LM\ERSP_matrix\audio\PAT_6619_audio_WM_ERSP_OFP6_TN.npy,\\nasac-m2.unige.ch\m-HumanNeuronLab\ANALYSIS\FLM\Analysis_LoraFanda\01_FBM_Analysis\outputs\04_ersp_LM_RAWONLY\PAT_6619\LM\ERSP_matrix\picture\PAT_6619_picture_WM_ERSP_OFP6_TN.npy,\\nasac-m2.unige.ch\m-HumanNeuronLab\ANALYSIS\FLM\Analysis_LoraFanda\01_FBM_Analysis\outputs\04_ersp_LM_RAWONLY\PAT_6619\LM\ERSP_matrix\reading\PAT_6619_reading_WM_ERSP_OFP6_TN.npy,1,0.27296916,1,PAT_6619|OFP6,0.01900719277218866,0.00011004146430509975,0.15997239211747125,1.9917204376102983e-07,4.09967191256563e-05,0.2774196743686148,0.5434495033862508
791,PAT_6619,OFP7,OFP7,LM,concat,3,\\nasac-m2.unige.ch\m-HumanNeuronLab\ANALYSIS\FLM\Analysis_LoraFanda\01_FBM_Analysis\outputs\04_ersp_LM_RAWONLY\PAT_6619\LM\ERSP_matrix\audio\PAT_6619_audio_WM_ERSP_OFP7_TN.npy,\\nasac-m2.unige.ch\m-HumanNeuronLab\ANALYSIS\FLM\Analysis_LoraFanda\01_FBM_Analysis\outputs\04_ersp_LM_RAWONLY\PAT_6619\LM\ERSP_matrix\audio\PAT_6619_audio_WM_ERSP_OFP7_TN.npy,\\nasac-m2.unige.ch\m-HumanNeuronLab\ANALYSIS\FLM\Analysis_LoraFanda\01_FBM_Analysis\outputs\04_ersp_LM_RAWONLY\PAT_6619\LM\ERSP_matrix\picture\PAT_6619_picture_WM_ERSP_OFP7_TN.npy,\\nasac-m2.unige.ch\m-HumanNeuronLab\ANALYSIS\FLM\Analysis_LoraFanda\01_FBM_Analysis\outputs\04_ersp_LM_RAWONLY\PAT_6619\LM\ERSP_matrix\reading\PAT_6619_reading_WM_ERSP_OFP7_TN.npy,3,0.07565015,3,PAT_6619|OFP7,0.04681130897788307,8.580982452551566e-13,0.07882651155620089,0.015528711096204057,0.12573943688722153,0.670700938065971,0.06239309341566144
792,PAT_6619,OFP8,OFP8,LM,concat,3,\\nasac-m2.unige.ch\m-HumanNeuronLab\ANALYSIS\FLM\Analysis_LoraFanda\01_FBM_Analysis\outputs\04_ersp_LM_RAWONLY\PAT_6619\LM\ERSP_matrix\audio\PAT_6619_audio_WM_ERSP_OFP8_TN.npy,\\nasac-m2.unige.ch\m-HumanNeuronLab\ANALYSIS\FLM\Analysis_LoraFanda\01_FBM_Analysis\outputs\04_ersp_LM_RAWONLY\PAT_6619\LM\ERSP_matrix\audio\PAT_6619_audio_WM_ERSP_OFP8_TN.npy,\\nasac-m2.unige.ch\m-HumanNeuronLab\ANALYSIS\FLM\Analysis_LoraFanda\01_FBM_Analysis\outputs\04_ersp_LM_RAWONLY\PAT_6619\LM\ERSP_matrix\picture\PAT_6619_picture_WM_ERSP_OFP8_TN.npy,\\nasac-m2.unige.ch\m-HumanNeuronLab\ANALYSIS\FLM\Analysis_LoraFanda\01_FBM_Analysis\outputs\04_ersp_LM_RAWONLY\PAT_6619\LM\ERSP_matrix\reading\PAT_6619_reading_WM_ERSP_OFP8_TN.npy,3,0.14824341,3,PAT_6619|OFP8,6.52576802232474e-06,1.8406819920737296e-10,0.06243687250739076,0.13217342279670774,0.14698178049149085,0.6160746065231569,0.042326791729163205
793,PAT_6619,PHD8,PHD8,LM,concat,1,\\nasac-m2.unige.ch\m-HumanNeuronLab\ANALYSIS\FLM\Analysis_LoraFanda\01_FBM_Analysis\outputs\04_ersp_LM_RAWONLY\PAT_6619\LM\ERSP_matrix\audio\PAT_6619_audio_WM_ERSP_PHD8_TN.npy,\\nasac-m2.unige.ch\m-HumanNeuronLab\ANALYSIS\FLM\Analysis_LoraFanda\01_FBM_Analysis\outputs\04_ersp_LM_RAWONLY\PAT_6619\LM\ERSP_matrix\audio\PAT_6619_audio_WM_ERSP_PHD8_TN.npy,\\nasac-m2.unige.ch\m-HumanNeuronLab\ANALYSIS\FLM\Analysis_LoraFanda\01_FBM_Analysis\outputs\04_ersp_LM_RAWONLY\PAT_6619\LM\ERSP_matrix\picture\PAT_6619_picture_WM_ERSP_PHD8_TN.npy,\\nasac-m2.unige.ch\m-HumanNeuronLab\ANALYSIS\FLM\Analysis_LoraFanda\01_FBM_Analysis\outputs\04_ersp_LM_RAWONLY\PAT_6619\LM\ERSP_matrix\reading\PAT_6619_reading_WM_ERSP_PHD8_TN.npy,2,-0.010636226,2,PAT_6619|PHD8,0.047470525410470324,0.08109846605909529,5.092505893104375e-07,0.31495698095105956,0.11871166976558702,0.31807413010143026,0.11968771846176814
794,PAT_6619,TPD1,TPD1,LM,concat,2,\\nasac-m2.unige.ch\m-HumanNeuronLab\ANALYSIS\FLM\Analysis_LoraFanda\01_FBM_Analysis\outputs\04_ersp_LM_RAWONLY\PAT_6619\LM\ERSP_matrix\audio\PAT_6619_audio_WM_ERSP_TPD1_TN.npy,\\nasac-m2.unige.ch\m-HumanNeuronLab\ANALYSIS\FLM\Analysis_LoraFanda\01_FBM_Analysis\outputs\04_ersp_LM_RAWONLY\PAT_6619\LM\ERSP_matrix\audio\PAT_6619_audio_WM_ERSP_TPD1_TN.npy,\\nasac-m2.unige.ch\m-HumanNeuronLab\ANALYSIS\FLM\Analysis_LoraFanda\01_FBM_Analysis\outputs\04_ersp_LM_RAWONLY\PAT_6619\LM\ERSP_matrix\picture\PAT_6619_picture_WM_ERSP_TPD1_TN.npy,\\nasac-m2.unige.ch\m-HumanNeuronLab\ANALYSIS\FLM\Analysis_LoraFanda\01_FBM_Analysis\outputs\04_ersp_LM_RAWONLY\PAT_6619\LM\ERSP_matrix\reading\PAT_6619_reading_WM_ERSP_TPD1_TN.npy,3,0.044386744,3,PAT_6619|TPD1,0.08790685384938701,1.668551775454815e-08,0.19899656039912192,7.313006937673167e-08,0.00243123694673963,0.5236438455165584,0.18702141347260592
795,PAT_6619,TPD2,TPD2,LM,concat,2,\\nasac-m2.unige.ch\m-HumanNeuronLab\ANALYSIS\FLM\Analysis_LoraFanda\01_FBM_Analysis\outputs\04_ersp_LM_RAWONLY\PAT_6619\LM\ERSP_matrix\audio\PAT_6619_audio_WM_ERSP_TPD2_TN.npy,\\nasac-m2.unige.ch\m-HumanNeuronLab\ANALYSIS\FLM\Analysis_LoraFanda\01_FBM_Analysis\outputs\04_ersp_LM_RAWONLY\PAT_6619\LM\ERSP_matrix\audio\PAT_6619_audio_WM_ERSP_TPD2_TN.npy,\\nasac-m2.unige.ch\m-HumanNeuronLab\ANALYSIS\FLM\Analysis_LoraFanda\01_FBM_Analysis\outputs\04_ersp_LM_RAWONLY\PAT_6619\LM\ERSP_matrix\picture\PAT_6619_picture_WM_ERSP_TPD2_TN.npy,\\nasac-m2.unige.ch\m-HumanNeuronLab\ANALYSIS\FLM\Analysis_LoraFanda\01_FBM_Analysis\outputs\04_ersp_LM_RAWONLY\PAT_6619\LM\ERSP_matrix\reading\PAT_6619_reading_WM_ERSP_TPD2_TN.npy,3,0.029478336,3,PAT_6619|TPD2,0.06723500093105324,6.302357491780187e-11,0.24235114045695136,3.928430720452494e-08,0.00022296243277955817,0.535021912994624,0.15516894383726107
796,PAT_6619,TPD3,TPD3,LM,concat,3,\\nasac-m2.unige.ch\m-HumanNeuronLab\ANALYSIS\FLM\Analysis_LoraFanda\01_FBM_Analysis\outputs\04_ersp_LM_RAWONLY\PAT_6619\LM\ERSP_matrix\audio\PAT_6619_audio_WM_ERSP_TPD3_TN.npy,\\nasac-m2.unige.ch\m-HumanNeuronLab\ANALYSIS\FLM\Analysis_LoraFanda\01_FBM_Analysis\outputs\04_ersp_LM_RAWONLY\PAT_6619\LM\ERSP_matrix\audio\PAT_6619_audio_WM_ERSP_TPD3_TN.npy,\\nasac-m2.unige.ch\m-HumanNeuronLab\ANALYSIS\FLM\Analysis_LoraFanda\01_FBM_Analysis\outputs\04_ersp_LM_RAWONLY\PAT_6619\LM\ERSP_matrix\picture\PAT_6619_picture_WM_ERSP_TPD3_TN.npy,\\nasac-m2.unige.ch\m-HumanNeuronLab\ANALYSIS\FLM\Analysis_LoraFanda\01_FBM_Analysis\outputs\04_ersp_LM_RAWONLY\PAT_6619\LM\ERSP_matrix\reading\PAT_6619_reading_WM_ERSP_TPD3_TN.npy,3,-0.025009073,3,PAT_6619|TPD3,0.02619281424251041,1.506266878576018e-14,0.26022941631651203,4.322439048011803e-07,5.589122812747523e-06,0.5827043103073601,0.13086743776688495
797,PAT_6619,TPD4,TPD4,LM,concat,2,\\nasac-m2.unige.ch\m-HumanNeuronLab\ANALYSIS\FLM\Analysis_LoraFanda\01_FBM_Analysis\outputs\04_ersp_LM_RAWONLY\PAT_6619\LM\ERSP_matrix\audio\PAT_6619_audio_WM_ERSP_TPD4_TN.npy,\\nasac-m2.unige.ch\m-HumanNeuronLab\ANALYSIS\FLM\Analysis_LoraFanda\01_FBM_Analysis\outputs\04_ersp_LM_RAWONLY\PAT_6619\LM\ERSP_matrix\audio\PAT_6619_audio_WM_ERSP_TPD4_TN.npy,\\nasac-m2.unige.ch\m-HumanNeuronLab\ANALYSIS\FLM\Analysis_LoraFanda\01_FBM_Analysis\outputs\04_ersp_LM_RAWONLY\PAT_6619\LM\ERSP_matrix\picture\PAT_6619_picture_WM_ERSP_TPD4_TN.npy,\\nasac-m2.unige.ch\m-HumanNeuronLab\ANALYSIS\FLM\Analysis_LoraFanda\01_FBM_Analysis\outputs\04_ersp_LM_RAWONLY\PAT_6619\LM\ERSP_matrix\reading\PAT_6619_reading_WM_ERSP_TPD4_TN.npy,3,-0.088616155,3,PAT_6619|TPD4,2.837339711406164e-05,3.0162511357770975e-10,0.27215945378160417,8.463315287475413e-07,3.8945892730187945e-05,0.5714945685663428,0.1562778117290549
798,PAT_6619,TPD5,TPD5,LM,concat,1,\\nasac-m2.unige.ch\m-HumanNeuronLab\ANALYSIS\FLM\Analysis_LoraFanda\01_FBM_Analysis\outputs\04_ersp_LM_RAWONLY\PAT_6619\LM\ERSP_matrix\audio\PAT_6619_audio_WM_ERSP_TPD5_TN.npy,\\nasac-m2.unige.ch\m-HumanNeuronLab\ANALYSIS\FLM\Analysis_LoraFanda\01_FBM_Analysis\outputs\04_ersp_LM_RAWONLY\PAT_6619\LM\ERSP_matrix\audio\PAT_6619_audio_WM_ERSP_TPD5_TN.npy,\\nasac-m2.unige.ch\m-HumanNeuronLab\ANALYSIS\FLM\Analysis_LoraFanda\01_FBM_Analysis\outputs\04_ersp_LM_RAWONLY\PAT_6619\LM\ERSP_matrix\picture\PAT_6619_picture_WM_ERSP_TPD5_TN.npy,\\nasac-m2.unige.ch\m-HumanNeuronLab\ANALYSIS\FLM\Analysis_LoraFanda\01_FBM_Analysis\outputs\04_ersp_LM_RAWONLY\PAT_6619\LM\ERSP_matrix\reading\PAT_6619_reading_WM_ERSP_TPD5_TN.npy,1,0.15242997,1,PAT_6619|TPD5,2.3467090468872504e-06,1.506878650979753e-12,0.2795243864689261,2.275172353591983e-06,0.00016430969011126982,0.6204689846884996,0.09983769726955558
799,PAT_6619,TPD6,TPD6,LM,concat,1,\\nasac-m2.unige.ch\m-HumanNeuronLab\ANALYSIS\FLM\Analysis_LoraFanda\01_FBM_Analysis\outputs\04_ersp_LM_RAWONLY\PAT_6619\LM\ERSP_matrix\audio\PAT_6619_audio_WM_ERSP_TPD6_TN.npy,\\nasac-m2.unige.ch\m-HumanNeuronLab\ANALYSIS\FLM\Analysis_LoraFanda\01_FBM_Analysis\outputs\04_ersp_LM_RAWONLY\PAT_6619\LM\ERSP_matrix\audio\PAT_6619_audio_WM_ERSP_TPD6_TN.npy,\\nasac-m2.unige.ch\m-HumanNeuronLab\ANALYSIS\FLM\Analysis_LoraFanda\01_FBM_Analysis\outputs\04_ersp_LM_RAWONLY\PAT_6619\LM\ERSP_matrix\picture\PAT_6619_picture_WM_ERSP_TPD6_TN.npy,\\nasac-m2.unige.ch\m-HumanNeuronLab\ANALYSIS\FLM\Analysis_LoraFanda\01_FBM_Analysis\outputs\04_ersp_LM_RAWONLY\PAT_6619\LM\ERSP_matrix\reading\PAT_6619_reading_WM_ERSP_TPD6_TN.npy,1,0.15117589,1,PAT_6619|TPD6,1.986696864268526e-18,1.0083915754646076e-16,0.26568227638580527,0.0030724403761219436,0.04370697618268944,0.6686035357367577,0.018934771318625573
800,PAT_6619,TPD7,TPD7,LM,concat,2,\\nasac-m2.unige.ch\m-HumanNeuronLab\ANALYSIS\FLM\Analysis_LoraFanda\01_FBM_Analysis\outputs\04_ersp_LM_RAWONLY\PAT_6619\LM\ERSP_matrix\audio\PAT_6619_audio_WM_ERSP_TPD7_TN.npy,\\nasac-m2.unige.ch\m-HumanNeuronLab\ANALYSIS\FLM\Analysis_LoraFanda\01_FBM_Analysis\outputs\04_ersp_LM_RAWONLY\PAT_6619\LM\ERSP_matrix\audio\PAT_6619_audio_WM_ERSP_TPD7_TN.npy,\\nasac-m2.unige.ch\m-HumanNeuronLab\ANALYSIS\FLM\Analysis_LoraFanda\01_FBM_Analysis\outputs\04_ersp_LM_RAWONLY\PAT_6619\LM\ERSP_matrix\picture\PAT_6619_picture_WM_ERSP_TPD7_TN.npy,\\nasac-m2.unige.ch\m-HumanNeuronLab\ANALYSIS\FLM\Analysis_LoraFanda\01_FBM_Analysis\outputs\04_ersp_LM_RAWONLY\PAT_6619\LM\ERSP_matrix\reading\PAT_6619_reading_WM_ERSP_TPD7_TN.npy,3,-0.07254149,3,PAT_6619|TPD7,4.982774340601937e-19,0.00028847792254386756,1.9787751837049204e-07,0.15034103802343843,0.16931369185302073,0.501933468080635,0.17812312624284377
801,PAT_6619,TPD8,TPD8,LM,concat,3,\\nasac-m2.unige.ch\m-HumanNeuronLab\ANALYSIS\FLM\Analysis_LoraFanda\01_FBM_Analysis\outputs\04_ersp_LM_RAWONLY\PAT_6619\LM\ERSP_matrix\audio\PAT_6619_audio_WM_ERSP_TPD8_TN.npy,\\nasac-m2.unige.ch\m-HumanNeuronLab\ANALYSIS\FLM\Analysis_LoraFanda\01_FBM_Analysis\outputs\04_ersp_LM_RAWONLY\PAT_6619\LM\ERSP_matrix\audio\PAT_6619_audio_WM_ERSP_TPD8_TN.npy,\\nasac-m2.unige.ch\m-HumanNeuronLab\ANALYSIS\FLM\Analysis_LoraFanda\01_FBM_Analysis\outputs\04_ersp_LM_RAWONLY\PAT_6619\LM\ERSP_matrix\picture\PAT_6619_picture_WM_ERSP_TPD8_TN.npy,\\nasac-m2.unige.ch\m-HumanNeuronLab\ANALYSIS\FLM\Analysis_LoraFanda\01_FBM_Analysis\outputs\04_ersp_LM_RAWONLY\PAT_6619\LM\ERSP_matrix\reading\PAT_6619_reading_WM_ERSP_TPD8_TN.npy,3,0.18487869,3,PAT_6619|TPD8,6.947511818690046e-05,0.005775750741814416,0.0002966357189451916,0.1372771172993763,0.2347482314263282,0.5745529450697056,0.04727984462564346
802,PAT_6684,AG4,AG4,LM,concat,1,\\nasac-m2.unige.ch\m-HumanNeuronLab\ANALYSIS\FLM\Analysis_LoraFanda\01_FBM_Analysis\outputs\04_ersp_LM_RAWONLY\PAT_6684\LM\ERSP_matrix\audio\PAT_6684_audio_WM_ERSP_AG4_TN.npy,\\nasac-m2.unige.ch\m-HumanNeuronLab\ANALYSIS\FLM\Analysis_LoraFanda\01_FBM_Analysis\outputs\04_ersp_LM_RAWONLY\PAT_6684\LM\ERSP_matrix\audio\PAT_6684_audio_WM_ERSP_AG4_TN.npy,\\nasac-m2.unige.ch\m-HumanNeuronLab\ANALYSIS\FLM\Analysis_LoraFanda\01_FBM_Analysis\outputs\04_ersp_LM_RAWONLY\PAT_6684\LM\ERSP_matrix\picture\PAT_6684_picture_WM_ERSP_AG4_TN.npy,\\nasac-m2.unige.ch\m-HumanNeuronLab\ANALYSIS\FLM\Analysis_LoraFanda\01_FBM_Analysis\outputs\04_ersp_LM_RAWONLY\PAT_6684\LM\ERSP_matrix\reading\PAT_6684_reading_WM_ERSP_AG4_TN.npy,2,-0.007027883,2,PAT_6684|AG4,0.3245425125021558,0.0062647820185941306,0.03012615087008844,0.31380832495523003,0.31391480611724104,0.01133500133006278,8.422206627808529e-06
803,PAT_6684,AG5,AG5,LM,concat,1,\\nasac-m2.unige.ch\m-HumanNeuronLab\ANALYSIS\FLM\Analysis_LoraFanda\01_FBM_Analysis\outputs\04_ersp_LM_RAWONLY\PAT_6684\LM\ERSP_matrix\audio\PAT_6684_audio_WM_ERSP_AG5_TN.npy,\\nasac-m2.unige.ch\m-HumanNeuronLab\ANALYSIS\FLM\Analysis_LoraFanda\01_FBM_Analysis\outputs\04_ersp_LM_RAWONLY\PAT_6684\LM\ERSP_matrix\audio\PAT_6684_audio_WM_ERSP_AG5_TN.npy,\\nasac-m2.unige.ch\m-HumanNeuronLab\ANALYSIS\FLM\Analysis_LoraFanda\01_FBM_Analysis\outputs\04_ersp_LM_RAWONLY\PAT_6684\LM\ERSP_matrix\picture\PAT_6684_picture_WM_ERSP_AG5_TN.npy,\\nasac-m2.unige.ch\m-HumanNeuronLab\ANALYSIS\FLM\Analysis_LoraFanda\01_FBM_Analysis\outputs\04_ersp_LM_RAWONLY\PAT_6684\LM\ERSP_matrix\reading\PAT_6684_reading_WM_ERSP_AG5_TN.npy,2,0.040641308,2,PAT_6684|AG5,0.2788428848842222,0.001296746545738933,0.04432366783449499,0.31924437479480583,0.3104820062334632,0.04579862766036539,1.1692046909370901e-05
804,PAT_6684,AG6,AG6,LM,concat,2,\\nasac-m2.unige.ch\m-HumanNeuronLab\ANALYSIS\FLM\Analysis_LoraFanda\01_FBM_Analysis\outputs\04_ersp_LM_RAWONLY\PAT_6684\LM\ERSP_matrix\audio\PAT_6684_audio_WM_ERSP_AG6_TN.npy,\\nasac-m2.unige.ch\m-HumanNeuronLab\ANALYSIS\FLM\Analysis_LoraFanda\01_FBM_Analysis\outputs\04_ersp_LM_RAWONLY\PAT_6684\LM\ERSP_matrix\audio\PAT_6684_audio_WM_ERSP_AG6_TN.npy,\\nasac-m2.unige.ch\m-HumanNeuronLab\ANALYSIS\FLM\Analysis_LoraFanda\01_FBM_Analysis\outputs\04_ersp_LM_RAWONLY\PAT_6684\LM\ERSP_matrix\picture\PAT_6684_picture_WM_ERSP_AG6_TN.npy,\\nasac-m2.unige.ch\m-HumanNeuronLab\ANALYSIS\FLM\Analysis_LoraFanda\01_FBM_Analysis\outputs\04_ersp_LM_RAWONLY\PAT_6684\LM\ERSP_matrix\reading\PAT_6684_reading_WM_ERSP_AG6_TN.npy,2,0.15206914,2,PAT_6684|AG6,0.1528585077840349,6.57173750390585e-05,0.10814625569222511,0.3664784746360751,0.26628851970205525,0.10616068212552503,1.8426850456055485e-06
805,PAT_6684,FMG1,FMG1,LM,concat,1,\\nasac-m2.unige.ch\m-HumanNeuronLab\ANALYSIS\FLM\Analysis_LoraFanda\01_FBM_Analysis\outputs\04_ersp_LM_RAWONLY\PAT_6684\LM\ERSP_matrix\audio\PAT_6684_audio_WM_ERSP_FMG1_TN.npy,\\nasac-m2.unige.ch\m-HumanNeuronLab\ANALYSIS\FLM\Analysis_LoraFanda\01_FBM_Analysis\outputs\04_ersp_LM_RAWONLY\PAT_6684\LM\ERSP_matrix\audio\PAT_6684_audio_WM_ERSP_FMG1_TN.npy,\\nasac-m2.unige.ch\m-HumanNeuronLab\ANALYSIS\FLM\Analysis_LoraFanda\01_FBM_Analysis\outputs\04_ersp_LM_RAWONLY\PAT_6684\LM\ERSP_matrix\picture\PAT_6684_picture_WM_ERSP_FMG1_TN.npy,\\nasac-m2.unige.ch\m-HumanNeuronLab\ANALYSIS\FLM\Analysis_LoraFanda\01_FBM_Analysis\outputs\04_ersp_LM_RAWONLY\PAT_6684\LM\ERSP_matrix\reading\PAT_6684_reading_WM_ERSP_FMG1_TN.npy,1,0.312086,1,PAT_6684|FMG1,3.2896286647262416e-29,0.3237236062492578,3.957288796441586e-18,0.08886407266861347,0.22720197947195042,1.9784467684635185e-43,0.36021034161017834
806,PAT_6684,FOL1,FOL1,LM,concat,1,\\nasac-m2.unige.ch\m-HumanNeuronLab\ANALYSIS\FLM\Analysis_LoraFanda\01_FBM_Analysis\outputs\04_ersp_LM_RAWONLY\PAT_6684\LM\ERSP_matrix\audio\PAT_6684_audio_WM_ERSP_FOL1_TN.npy,\\nasac-m2.unige.ch\m-HumanNeuronLab\ANALYSIS\FLM\Analysis_LoraFanda\01_FBM_Analysis\outputs\04_ersp_LM_RAWONLY\PAT_6684\LM\ERSP_matrix\audio\PAT_6684_audio_WM_ERSP_FOL1_TN.npy,\\nasac-m2.unige.ch\m-HumanNeuronLab\ANALYSIS\FLM\Analysis_LoraFanda\01_FBM_Analysis\outputs\04_ersp_LM_RAWONLY\PAT_6684\LM\ERSP_matrix\picture\PAT_6684_picture_WM_ERSP_FOL1_TN.npy,\\nasac-m2.unige.ch\m-HumanNeuronLab\ANALYSIS\FLM\Analysis_LoraFanda\01_FBM_Analysis\outputs\04_ersp_LM_RAWONLY\PAT_6684\LM\ERSP_matrix\reading\PAT_6684_reading_WM_ERSP_FOL1_TN.npy,1,0.2321561,1,PAT_6684|FOL1,0.2786025363622923,0.12135175753118155,0.0008627667915120559,0.07381183297409058,0.5248997096927865,2.0022791403615265e-05,0.00045137385673331995
807,PAT_6684,FPG3,FPG3,LM,concat,1,\\nasac-m2.unige.ch\m-HumanNeuronLab\ANALYSIS\FLM\Analysis_LoraFanda\01_FBM_Analysis\outputs\04_ersp_LM_RAWONLY\PAT_6684\LM\ERSP_matrix\audio\PAT_6684_audio_WM_ERSP_FPG3_TN.npy,\\nasac-m2.unige.ch\m-HumanNeuronLab\ANALYSIS\FLM\Analysis_LoraFanda\01_FBM_Analysis\outputs\04_ersp_LM_RAWONLY\PAT_6684\LM\ERSP_matrix\audio\PAT_6684_audio_WM_ERSP_FPG3_TN.npy,\\nasac-m2.unige.ch\m-HumanNeuronLab\ANALYSIS\FLM\Analysis_LoraFanda\01_FBM_Analysis\outputs\04_ersp_LM_RAWONLY\PAT_6684\LM\ERSP_matrix\picture\PAT_6684_picture_WM_ERSP_FPG3_TN.npy,\\nasac-m2.unige.ch\m-HumanNeuronLab\ANALYSIS\FLM\Analysis_LoraFanda\01_FBM_Analysis\outputs\04_ersp_LM_RAWONLY\PAT_6684\LM\ERSP_matrix\reading\PAT_6684_reading_WM_ERSP_FPG3_TN.npy,1,0.32525513,1,PAT_6684|FPG3,0.2236894635809723,0.2279160051423247,0.1423944430424139,0.05807939702328163,0.34784674780659347,2.6604512218079114e-05,4.733889219598618e-05
808,PAT_6684,FPG4,FPG4,LM,concat,1,\\nasac-m2.unige.ch\m-HumanNeuronLab\ANALYSIS\FLM\Analysis_LoraFanda\01_FBM_Analysis\outputs\04_ersp_LM_RAWONLY\PAT_6684\LM\ERSP_matrix\audio\PAT_6684_audio_WM_ERSP_FPG4_TN.npy,\\nasac-m2.unige.ch\m-HumanNeuronLab\ANALYSIS\FLM\Analysis_LoraFanda\01_FBM_Analysis\outputs\04_ersp_LM_RAWONLY\PAT_6684\LM\ERSP_matrix\audio\PAT_6684_audio_WM_ERSP_FPG4_TN.npy,\\nasac-m2.unige.ch\m-HumanNeuronLab\ANALYSIS\FLM\Analysis_LoraFanda\01_FBM_Analysis\outputs\04_ersp_LM_RAWONLY\PAT_6684\LM\ERSP_matrix\picture\PAT_6684_picture_WM_ERSP_FPG4_TN.npy,\\nasac-m2.unige.ch\m-HumanNeuronLab\ANALYSIS\FLM\Analysis_LoraFanda\01_FBM_Analysis\outputs\04_ersp_LM_RAWONLY\PAT_6684\LM\ERSP_matrix\reading\PAT_6684_reading_WM_ERSP_FPG4_TN.npy,1,0.29300898,1,PAT_6684|FPG4,0.2744654577296853,0.1471357059141582,0.19249077011785987,0.0007099916888006876,0.38375054293716876,0.0012627737717058195,0.00018475784062143283
809,PAT_6684,FPG5,FPG5,LM,concat,1,\\nasac-m2.unige.ch\m-HumanNeuronLab\ANALYSIS\FLM\Analysis_LoraFanda\01_FBM_Analysis\outputs\04_ersp_LM_RAWONLY\PAT_6684\LM\ERSP_matrix\audio\PAT_6684_audio_WM_ERSP_FPG5_TN.npy,\\nasac-m2.unige.ch\m-HumanNeuronLab\ANALYSIS\FLM\Analysis_LoraFanda\01_FBM_Analysis\outputs\04_ersp_LM_RAWONLY\PAT_6684\LM\ERSP_matrix\audio\PAT_6684_audio_WM_ERSP_FPG5_TN.npy,\\nasac-m2.unige.ch\m-HumanNeuronLab\ANALYSIS\FLM\Analysis_LoraFanda\01_FBM_Analysis\outputs\04_ersp_LM_RAWONLY\PAT_6684\LM\ERSP_matrix\picture\PAT_6684_picture_WM_ERSP_FPG5_TN.npy,\\nasac-m2.unige.ch\m-HumanNeuronLab\ANALYSIS\FLM\Analysis_LoraFanda\01_FBM_Analysis\outputs\04_ersp_LM_RAWONLY\PAT_6684\LM\ERSP_matrix\reading\PAT_6684_reading_WM_ERSP_FPG5_TN.npy,1,0.25888577,1,PAT_6684|FPG5,0.3163438585373784,0.17264959509916153,0.16357354314267344,0.0029847076179743475,0.34406722825326885,0.00011713241078145344,0.0002639349387620239
810,PAT_6684,HAG3,HAG3,LM,concat,1,\\nasac-m2.unige.ch\m-HumanNeuronLab\ANALYSIS\FLM\Analysis_LoraFanda\01_FBM_Analysis\outputs\04_ersp_LM_RAWONLY\PAT_6684\LM\ERSP_matrix\audio\PAT_6684_audio_WM_ERSP_HAG3_TN.npy,\\nasac-m2.unige.ch\m-HumanNeuronLab\ANALYSIS\FLM\Analysis_LoraFanda\01_FBM_Analysis\outputs\04_ersp_LM_RAWONLY\PAT_6684\LM\ERSP_matrix\audio\PAT_6684_audio_WM_ERSP_HAG3_TN.npy,\\nasac-m2.unige.ch\m-HumanNeuronLab\ANALYSIS\FLM\Analysis_LoraFanda\01_FBM_Analysis\outputs\04_ersp_LM_RAWONLY\PAT_6684\LM\ERSP_matrix\picture\PAT_6684_picture_WM_ERSP_HAG3_TN.npy,\\nasac-m2.unige.ch\m-HumanNeuronLab\ANALYSIS\FLM\Analysis_LoraFanda\01_FBM_Analysis\outputs\04_ersp_LM_RAWONLY\PAT_6684\LM\ERSP_matrix\reading\PAT_6684_reading_WM_ERSP_HAG3_TN.npy,1,0.18235908,1,PAT_6684|HAG3,0.3083225480108166,0.07062413895247338,0.10792645187155663,0.2173021020124065,0.2571190539204093,0.03870545237051168,2.5286182600439076e-07
811,PAT_6684,HAG4,HAG4,LM,concat,1,\\nasac-m2.unige.ch\m-HumanNeuronLab\ANALYSIS\FLM\Analysis_LoraFanda\01_FBM_Analysis\outputs\04_ersp_LM_RAWONLY\PAT_6684\LM\ERSP_matrix\audio\PAT_6684_audio_WM_ERSP_HAG4_TN.npy,\\nasac-m2.unige.ch\m-HumanNeuronLab\ANALYSIS\FLM\Analysis_LoraFanda\01_FBM_Analysis\outputs\04_ersp_LM_RAWONLY\PAT_6684\LM\ERSP_matrix\audio\PAT_6684_audio_WM_ERSP_HAG4_TN.npy,\\nasac-m2.unige.ch\m-HumanNeuronLab\ANALYSIS\FLM\Analysis_LoraFanda\01_FBM_Analysis\outputs\04_ersp_LM_RAWONLY\PAT_6684\LM\ERSP_matrix\picture\PAT_6684_picture_WM_ERSP_HAG4_TN.npy,\\nasac-m2.unige.ch\m-HumanNeuronLab\ANALYSIS\FLM\Analysis_LoraFanda\01_FBM_Analysis\outputs\04_ersp_LM_RAWONLY\PAT_6684\LM\ERSP_matrix\reading\PAT_6684_reading_WM_ERSP_HAG4_TN.npy,1,0.11129555,1,PAT_6684|HAG4,0.2773277497855432,0.05575818509972413,0.08651958313959547,0.2548845263354994,0.28853009851754613,0.0369651879801413,1.4669141950350159e-05
812,PAT_6684,HAG5,HAG5,LM,concat,1,\\nasac-m2.unige.ch\m-HumanNeuronLab\ANALYSIS\FLM\Analysis_LoraFanda\01_FBM_Analysis\outputs\04_ersp_LM_RAWONLY\PAT_6684\LM\ERSP_matrix\audio\PAT_6684_audio_WM_ERSP_HAG5_TN.npy,\\nasac-m2.unige.ch\m-HumanNeuronLab\ANALYSIS\FLM\Analysis_LoraFanda\01_FBM_Analysis\outputs\04_ersp_LM_RAWONLY\PAT_6684\LM\ERSP_matrix\audio\PAT_6684_audio_WM_ERSP_HAG5_TN.npy,\\nasac-m2.unige.ch\m-HumanNeuronLab\ANALYSIS\FLM\Analysis_LoraFanda\01_FBM_Analysis\outputs\04_ersp_LM_RAWONLY\PAT_6684\LM\ERSP_matrix\picture\PAT_6684_picture_WM_ERSP_HAG5_TN.npy,\\nasac-m2.unige.ch\m-HumanNeuronLab\ANALYSIS\FLM\Analysis_LoraFanda\01_FBM_Analysis\outputs\04_ersp_LM_RAWONLY\PAT_6684\LM\ERSP_matrix\reading\PAT_6684_reading_WM_ERSP_HAG5_TN.npy,1,0.13484868,1,PAT_6684|HAG5,0.26313700857538597,0.04983008798090871,0.09700193511849922,0.2259579836706646,0.31258027132286803,0.05149204289509498,6.704365784999368e-07
813,PAT_6684,HAG6,HAG6,LM,concat,1,\\nasac-m2.unige.ch\m-HumanNeuronLab\ANALYSIS\FLM\Analysis_LoraFanda\01_FBM_Analysis\outputs\04_ersp_LM_RAWONLY\PAT_6684\LM\ERSP_matrix\audio\PAT_6684_audio_WM_ERSP_HAG6_TN.npy,\\nasac-m2.unige.ch\m-HumanNeuronLab\ANALYSIS\FLM\Analysis_LoraFanda\01_FBM_Analysis\outputs\04_ersp_LM_RAWONLY\PAT_6684\LM\ERSP_matrix\audio\PAT_6684_audio_WM_ERSP_HAG6_TN.npy,\\nasac-m2.unige.ch\m-HumanNeuronLab\ANALYSIS\FLM\Analysis_LoraFanda\01_FBM_Analysis\outputs\04_ersp_LM_RAWONLY\PAT_6684\LM\ERSP_matrix\picture\PAT_6684_picture_WM_ERSP_HAG6_TN.npy,\\nasac-m2.unige.ch\m-HumanNeuronLab\ANALYSIS\FLM\Analysis_LoraFanda\01_FBM_Analysis\outputs\04_ersp_LM_RAWONLY\PAT_6684\LM\ERSP_matrix\reading\PAT_6684_reading_WM_ERSP_HAG6_TN.npy,1,0.102418646,1,PAT_6684|HAG6,0.267355761315332,0.04409279591670692,0.07649528670785367,0.22540905089412755,0.29838323420161633,0.08826309905426077,7.719101026240463e-07
814,PAT_6684,HAG7,HAG7,LM,concat,1,\\nasac-m2.unige.ch\m-HumanNeuronLab\ANALYSIS\FLM\Analysis_LoraFanda\01_FBM_Analysis\outputs\04_ersp_LM_RAWONLY\PAT_6684\LM\ERSP_matrix\audio\PAT_6684_audio_WM_ERSP_HAG7_TN.npy,\\nasac-m2.unige.ch\m-HumanNeuronLab\ANALYSIS\FLM\Analysis_LoraFanda\01_FBM_Analysis\outputs\04_ersp_LM_RAWONLY\PAT_6684\LM\ERSP_matrix\audio\PAT_6684_audio_WM_ERSP_HAG7_TN.npy,\\nasac-m2.unige.ch\m-HumanNeuronLab\ANALYSIS\FLM\Analysis_LoraFanda\01_FBM_Analysis\outputs\04_ersp_LM_RAWONLY\PAT_6684\LM\ERSP_matrix\picture\PAT_6684_picture_WM_ERSP_HAG7_TN.npy,\\nasac-m2.unige.ch\m-HumanNeuronLab\ANALYSIS\FLM\Analysis_LoraFanda\01_FBM_Analysis\outputs\04_ersp_LM_RAWONLY\PAT_6684\LM\ERSP_matrix\reading\PAT_6684_reading_WM_ERSP_HAG7_TN.npy,2,-0.07645944,2,PAT_6684|HAG7,0.25142022391986374,0.030568835768391638,0.07469930070692224,0.23511761034711237,0.3094041225608924,0.09878896318469213,9.435121255103418e-07
815,PAT_6684,HAG8,HAG8,LM,concat,1,\\nasac-m2.unige.ch\m-HumanNeuronLab\ANALYSIS\FLM\Analysis_LoraFanda\01_FBM_Analysis\outputs\04_ersp_LM_RAWONLY\PAT_6684\LM\ERSP_matrix\audio\PAT_6684_audio_WM_ERSP_HAG8_TN.npy,\\nasac-m2.unige.ch\m-HumanNeuronLab\ANALYSIS\FLM\Analysis_LoraFanda\01_FBM_Analysis\outputs\04_ersp_LM_RAWONLY\PAT_6684\LM\ERSP_matrix\audio\PAT_6684_audio_WM_ERSP_HAG8_TN.npy,\\nasac-m2.unige.ch\m-HumanNeuronLab\ANALYSIS\FLM\Analysis_LoraFanda\01_FBM_Analysis\outputs\04_ersp_LM_RAWONLY\PAT_6684\LM\ERSP_matrix\picture\PAT_6684_picture_WM_ERSP_HAG8_TN.npy,\\nasac-m2.unige.ch\m-HumanNeuronLab\ANALYSIS\FLM\Analysis_LoraFanda\01_FBM_Analysis\outputs\04_ersp_LM_RAWONLY\PAT_6684\LM\ERSP_matrix\reading\PAT_6684_reading_WM_ERSP_HAG8_TN.npy,3,-0.06709154,3,PAT_6684|HAG8,0.26546580165766265,0.008128943457300397,0.08064634807666342,0.21184686296266136,0.3317449465238932,0.10216015316003096,6.94416178794134e-06
816,PAT_6684,HPG6,HPG6,LM,concat,1,\\nasac-m2.unige.ch\m-HumanNeuronLab\ANALYSIS\FLM\Analysis_LoraFanda\01_FBM_Analysis\outputs\04_ersp_LM_RAWONLY\PAT_6684\LM\ERSP_matrix\audio\PAT_6684_audio_WM_ERSP_HPG6_TN.npy,\\nasac-m2.unige.ch\m-HumanNeuronLab\ANALYSIS\FLM\Analysis_LoraFanda\01_FBM_Analysis\outputs\04_ersp_LM_RAWONLY\PAT_6684\LM\ERSP_matrix\audio\PAT_6684_audio_WM_ERSP_HPG6_TN.npy,\\nasac-m2.unige.ch\m-HumanNeuronLab\ANALYSIS\FLM\Analysis_LoraFanda\01_FBM_Analysis\outputs\04_ersp_LM_RAWONLY\PAT_6684\LM\ERSP_matrix\picture\PAT_6684_picture_WM_ERSP_HPG6_TN.npy,\\nasac-m2.unige.ch\m-HumanNeuronLab\ANALYSIS\FLM\Analysis_LoraFanda\01_FBM_Analysis\outputs\04_ersp_LM_RAWONLY\PAT_6684\LM\ERSP_matrix\reading\PAT_6684_reading_WM_ERSP_HPG6_TN.npy,1,0.1925524,1,PAT_6684|HPG6,0.2608585822343496,0.07590893874823586,0.1386721898342343,0.19895549807025917,0.2711188157286675,0.05448539669484765,5.786894059348897e-07
817,PAT_6684,HPG7,HPG7,LM,concat,1,\\nasac-m2.unige.ch\m-HumanNeuronLab\ANALYSIS\FLM\Analysis_LoraFanda\01_FBM_Analysis\outputs\04_ersp_LM_RAWONLY\PAT_6684\LM\ERSP_matrix\audio\PAT_6684_audio_WM_ERSP_HPG7_TN.npy,\\nasac-m2.unige.ch\m-HumanNeuronLab\ANALYSIS\FLM\Analysis_LoraFanda\01_FBM_Analysis\outputs\04_ersp_LM_RAWONLY\PAT_6684\LM\ERSP_matrix\audio\PAT_6684_audio_WM_ERSP_HPG7_TN.npy,\\nasac-m2.unige.ch\m-HumanNeuronLab\ANALYSIS\FLM\Analysis_LoraFanda\01_FBM_Analysis\outputs\04_ersp_LM_RAWONLY\PAT_6684\LM\ERSP_matrix\picture\PAT_6684_picture_WM_ERSP_HPG7_TN.npy,\\nasac-m2.unige.ch\m-HumanNeuronLab\ANALYSIS\FLM\Analysis_LoraFanda\01_FBM_Analysis\outputs\04_ersp_LM_RAWONLY\PAT_6684\LM\ERSP_matrix\reading\PAT_6684_reading_WM_ERSP_HPG7_TN.npy,1,0.1578966,1,PAT_6684|HPG7,0.2597972875853753,0.08216891674080369,0.09682087718561531,0.206352338127171,0.278046778853881,0.07681264682561902,1.1546815347300955e-06
818,PAT_6684,HPG8,HPG8,LM,concat,1,\\nasac-m2.unige.ch\m-HumanNeuronLab\ANALYSIS\FLM\Analysis_LoraFanda\01_FBM_Analysis\outputs\04_ersp_LM_RAWONLY\PAT_6684\LM\ERSP_matrix\audio\PAT_6684_audio_WM_ERSP_HPG8_TN.npy,\\nasac-m2.unige.ch\m-HumanNeuronLab\ANALYSIS\FLM\Analysis_LoraFanda\01_FBM_Analysis\outputs\04_ersp_LM_RAWONLY\PAT_6684\LM\ERSP_matrix\audio\PAT_6684_audio_WM_ERSP_HPG8_TN.npy,\\nasac-m2.unige.ch\m-HumanNeuronLab\ANALYSIS\FLM\Analysis_LoraFanda\01_FBM_Analysis\outputs\04_ersp_LM_RAWONLY\PAT_6684\LM\ERSP_matrix\picture\PAT_6684_picture_WM_ERSP_HPG8_TN.npy,\\nasac-m2.unige.ch\m-HumanNeuronLab\ANALYSIS\FLM\Analysis_LoraFanda\01_FBM_Analysis\outputs\04_ersp_LM_RAWONLY\PAT_6684\LM\ERSP_matrix\reading\PAT_6684_reading_WM_ERSP_HPG8_TN.npy,1,0.14556539,1,PAT_6684|HPG8,0.26008801697328354,0.06029413446107725,0.11599429119155515,0.20025029922926627,0.252425959015871,0.11094426008290643,3.0390460402565415e-06
819,PAT_6684,HPG9,HPG9,LM,concat,1,\\nasac-m2.unige.ch\m-HumanNeuronLab\ANALYSIS\FLM\Analysis_LoraFanda\01_FBM_Analysis\outputs\04_ersp_LM_RAWONLY\PAT_6684\LM\ERSP_matrix\audio\PAT_6684_audio_WM_ERSP_HPG9_TN.npy,\\nasac-m2.unige.ch\m-HumanNeuronLab\ANALYSIS\FLM\Analysis_LoraFanda\01_FBM_Analysis\outputs\04_ersp_LM_RAWONLY\PAT_6684\LM\ERSP_matrix\audio\PAT_6684_audio_WM_ERSP_HPG9_TN.npy,\\nasac-m2.unige.ch\m-HumanNeuronLab\ANALYSIS\FLM\Analysis_LoraFanda\01_FBM_Analysis\outputs\04_ersp_LM_RAWONLY\PAT_6684\LM\ERSP_matrix\picture\PAT_6684_picture_WM_ERSP_HPG9_TN.npy,\\nasac-m2.unige.ch\m-HumanNeuronLab\ANALYSIS\FLM\Analysis_LoraFanda\01_FBM_Analysis\outputs\04_ersp_LM_RAWONLY\PAT_6684\LM\ERSP_matrix\reading\PAT_6684_reading_WM_ERSP_HPG9_TN.npy,1,0.10629064,1,PAT_6684|HPG9,0.28716069337629113,0.043805228323032665,0.06331243407871419,0.20625738717467682,0.28888834414008513,0.11055841286478132,1.7500042418627945e-05
820,PAT_6684,IMG14,IMG14,LM,concat,1,\\nasac-m2.unige.ch\m-HumanNeuronLab\ANALYSIS\FLM\Analysis_LoraFanda\01_FBM_Analysis\outputs\04_ersp_LM_RAWONLY\PAT_6684\LM\ERSP_matrix\audio\PAT_6684_audio_WM_ERSP_IMG14_TN.npy,\\nasac-m2.unige.ch\m-HumanNeuronLab\ANALYSIS\FLM\Analysis_LoraFanda\01_FBM_Analysis\outputs\04_ersp_LM_RAWONLY\PAT_6684\LM\ERSP_matrix\audio\PAT_6684_audio_WM_ERSP_IMG14_TN.npy,\\nasac-m2.unige.ch\m-HumanNeuronLab\ANALYSIS\FLM\Analysis_LoraFanda\01_FBM_Analysis\outputs\04_ersp_LM_RAWONLY\PAT_6684\LM\ERSP_matrix\picture\PAT_6684_picture_WM_ERSP_IMG14_TN.npy,\\nasac-m2.unige.ch\m-HumanNeuronLab\ANALYSIS\FLM\Analysis_LoraFanda\01_FBM_Analysis\outputs\04_ersp_LM_RAWONLY\PAT_6684\LM\ERSP_matrix\reading\PAT_6684_reading_WM_ERSP_IMG14_TN.npy,1,0.34655488,1,PAT_6684|IMG14,0.053415498403295195,0.08415214075606983,0.2015682170430927,0.00015245265757521013,0.45743391827783103,0.0006547002109203623,0.20262307265121565
821,PAT_6684,IMG15,IMG15,LM,concat,1,\\nasac-m2.unige.ch\m-HumanNeuronLab\ANALYSIS\FLM\Analysis_LoraFanda\01_FBM_Analysis\outputs\04_ersp_LM_RAWONLY\PAT_6684\LM\ERSP_matrix\audio\PAT_6684_audio_WM_ERSP_IMG15_TN.npy,\\nasac-m2.unige.ch\m-HumanNeuronLab\ANALYSIS\FLM\Analysis_LoraFanda\01_FBM_Analysis\outputs\04_ersp_LM_RAWONLY\PAT_6684\LM\ERSP_matrix\audio\PAT_6684_audio_WM_ERSP_IMG15_TN.npy,\\nasac-m2.unige.ch\m-HumanNeuronLab\ANALYSIS\FLM\Analysis_LoraFanda\01_FBM_Analysis\outputs\04_ersp_LM_RAWONLY\PAT_6684\LM\ERSP_matrix\picture\PAT_6684_picture_WM_ERSP_IMG15_TN.npy,\\nasac-m2.unige.ch\m-HumanNeuronLab\ANALYSIS\FLM\Analysis_LoraFanda\01_FBM_Analysis\outputs\04_ersp_LM_RAWONLY\PAT_6684\LM\ERSP_matrix\reading\PAT_6684_reading_WM_ERSP_IMG15_TN.npy,1,0.31193212,1,PAT_6684|IMG15,0.04053646383878358,0.10659775281340199,0.18737572545047304,6.33786061509047e-06,0.362440036950254,5.505266658168552e-06,0.303038177819814
822,PAT_6684,IMG16,IMG16,LM,concat,1,\\nasac-m2.unige.ch\m-HumanNeuronLab\ANALYSIS\FLM\Analysis_LoraFanda\01_FBM_Analysis\outputs\04_ersp_LM_RAWONLY\PAT_6684\LM\ERSP_matrix\audio\PAT_6684_audio_WM_ERSP_IMG16_TN.npy,\\nasac-m2.unige.ch\m-HumanNeuronLab\ANALYSIS\FLM\Analysis_LoraFanda\01_FBM_Analysis\outputs\04_ersp_LM_RAWONLY\PAT_6684\LM\ERSP_matrix\audio\PAT_6684_audio_WM_ERSP_IMG16_TN.npy,\\nasac-m2.unige.ch\m-HumanNeuronLab\ANALYSIS\FLM\Analysis_LoraFanda\01_FBM_Analysis\outputs\04_ersp_LM_RAWONLY\PAT_6684\LM\ERSP_matrix\picture\PAT_6684_picture_WM_ERSP_IMG16_TN.npy,\\nasac-m2.unige.ch\m-HumanNeuronLab\ANALYSIS\FLM\Analysis_LoraFanda\01_FBM_Analysis\outputs\04_ersp_LM_RAWONLY\PAT_6684\LM\ERSP_matrix\reading\PAT_6684_reading_WM_ERSP_IMG16_TN.npy,1,0.32295913,1,PAT_6684|IMG16,0.20407809175694427,0.13439587506977907,0.25699383752901617,0.0007284284339019218,0.2951186486127405,0.00021692664710895156,0.10846819195050902
823,PAT_6684,IMG18,IMG18,LM,concat,1,\\nasac-m2.unige.ch\m-HumanNeuronLab\ANALYSIS\FLM\Analysis_LoraFanda\01_FBM_Analysis\outputs\04_ersp_LM_RAWONLY\PAT_6684\LM\ERSP_matrix\audio\PAT_6684_audio_WM_ERSP_IMG18_TN.npy,\\nasac-m2.unige.ch\m-HumanNeuronLab\ANALYSIS\FLM\Analysis_LoraFanda\01_FBM_Analysis\outputs\04_ersp_LM_RAWONLY\PAT_6684\LM\ERSP_matrix\audio\PAT_6684_audio_WM_ERSP_IMG18_TN.npy,\\nasac-m2.unige.ch\m-HumanNeuronLab\ANALYSIS\FLM\Analysis_LoraFanda\01_FBM_Analysis\outputs\04_ersp_LM_RAWONLY\PAT_6684\LM\ERSP_matrix\picture\PAT_6684_picture_WM_ERSP_IMG18_TN.npy,\\nasac-m2.unige.ch\m-HumanNeuronLab\ANALYSIS\FLM\Analysis_LoraFanda\01_FBM_Analysis\outputs\04_ersp_LM_RAWONLY\PAT_6684\LM\ERSP_matrix\reading\PAT_6684_reading_WM_ERSP_IMG18_TN.npy,0,-0.12572034,0,PAT_6684|IMG18,0.663354621113549,0.0230973537973811,0.21998572299381886,5.093951074053927e-13,8.027706022419717e-27,0.06331764221443836,0.03024465988030328
824,PAT_6684,IMG6,IMG6,LM,concat,2,\\nasac-m2.unige.ch\m-HumanNeuronLab\ANALYSIS\FLM\Analysis_LoraFanda\01_FBM_Analysis\outputs\04_ersp_LM_RAWONLY\PAT_6684\LM\ERSP_matrix\audio\PAT_6684_audio_WM_ERSP_IMG6_TN.npy,\\nasac-m2.unige.ch\m-HumanNeuronLab\ANALYSIS\FLM\Analysis_LoraFanda\01_FBM_Analysis\outputs\04_ersp_LM_RAWONLY\PAT_6684\LM\ERSP_matrix\audio\PAT_6684_audio_WM_ERSP_IMG6_TN.npy,\\nasac-m2.unige.ch\m-HumanNeuronLab\ANALYSIS\FLM\Analysis_LoraFanda\01_FBM_Analysis\outputs\04_ersp_LM_RAWONLY\PAT_6684\LM\ERSP_matrix\picture\PAT_6684_picture_WM_ERSP_IMG6_TN.npy,\\nasac-m2.unige.ch\m-HumanNeuronLab\ANALYSIS\FLM\Analysis_LoraFanda\01_FBM_Analysis\outputs\04_ersp_LM_RAWONLY\PAT_6684\LM\ERSP_matrix\reading\PAT_6684_reading_WM_ERSP_IMG6_TN.npy,4,0.054666515,4,PAT_6684|IMG6,0.1769140853267239,0.46933363142865786,0.02386457123051924,0.00010956062895520622,0.19679971408756775,0.13291112617270742,6.731112486842207e-05
825,PAT_6684,IMG8,IMG8,LM,concat,1,\\nasac-m2.unige.ch\m-HumanNeuronLab\ANALYSIS\FLM\Analysis_LoraFanda\01_FBM_Analysis\outputs\04_ersp_LM_RAWONLY\PAT_6684\LM\ERSP_matrix\audio\PAT_6684_audio_WM_ERSP_IMG8_TN.npy,\\nasac-m2.unige.ch\m-HumanNeuronLab\ANALYSIS\FLM\Analysis_LoraFanda\01_FBM_Analysis\outputs\04_ersp_LM_RAWONLY\PAT_6684\LM\ERSP_matrix\audio\PAT_6684_audio_WM_ERSP_IMG8_TN.npy,\\nasac-m2.unige.ch\m-HumanNeuronLab\ANALYSIS\FLM\Analysis_LoraFanda\01_FBM_Analysis\outputs\04_ersp_LM_RAWONLY\PAT_6684\LM\ERSP_matrix\picture\PAT_6684_picture_WM_ERSP_IMG8_TN.npy,\\nasac-m2.unige.ch\m-HumanNeuronLab\ANALYSIS\FLM\Analysis_LoraFanda\01_FBM_Analysis\outputs\04_ersp_LM_RAWONLY\PAT_6684\LM\ERSP_matrix\reading\PAT_6684_reading_WM_ERSP_IMG8_TN.npy,4,-0.046620347,4,PAT_6684|IMG8,0.15401920313900427,0.4866690987681141,1.9678778479006925e-14,0.001370723935508989,0.3110189378060253,0.0315845808285228,0.015337455522804818
826,PAT_6684,OFG4,OFG4,LM,concat,1,\\nasac-m2.unige.ch\m-HumanNeuronLab\ANALYSIS\FLM\Analysis_LoraFanda\01_FBM_Analysis\outputs\04_ersp_LM_RAWONLY\PAT_6684\LM\ERSP_matrix\audio\PAT_6684_audio_WM_ERSP_OFG4_TN.npy,\\nasac-m2.unige.ch\m-HumanNeuronLab\ANALYSIS\FLM\Analysis_LoraFanda\01_FBM_Analysis\outputs\04_ersp_LM_RAWONLY\PAT_6684\LM\ERSP_matrix\audio\PAT_6684_audio_WM_ERSP_OFG4_TN.npy,\\nasac-m2.unige.ch\m-HumanNeuronLab\ANALYSIS\FLM\Analysis_LoraFanda\01_FBM_Analysis\outputs\04_ersp_LM_RAWONLY\PAT_6684\LM\ERSP_matrix\picture\PAT_6684_picture_WM_ERSP_OFG4_TN.npy,\\nasac-m2.unige.ch\m-HumanNeuronLab\ANALYSIS\FLM\Analysis_LoraFanda\01_FBM_Analysis\outputs\04_ersp_LM_RAWONLY\PAT_6684\LM\ERSP_matrix\reading\PAT_6684_reading_WM_ERSP_OFG4_TN.npy,1,0.20990543,1,PAT_6684|OFG4,0.3376523519359009,0.16706652678974526,0.13670787712360893,0.001400530671068833,0.27399789092214033,0.010326252126896413,0.07284857043063929
827,PAT_6684,OFG5,OFG5,LM,concat,1,\\nasac-m2.unige.ch\m-HumanNeuronLab\ANALYSIS\FLM\Analysis_LoraFanda\01_FBM_Analysis\outputs\04_ersp_LM_RAWONLY\PAT_6684\LM\ERSP_matrix\audio\PAT_6684_audio_WM_ERSP_OFG5_TN.npy,\\nasac-m2.unige.ch\m-HumanNeuronLab\ANALYSIS\FLM\Analysis_LoraFanda\01_FBM_Analysis\outputs\04_ersp_LM_RAWONLY\PAT_6684\LM\ERSP_matrix\audio\PAT_6684_audio_WM_ERSP_OFG5_TN.npy,\\nasac-m2.unige.ch\m-HumanNeuronLab\ANALYSIS\FLM\Analysis_LoraFanda\01_FBM_Analysis\outputs\04_ersp_LM_RAWONLY\PAT_6684\LM\ERSP_matrix\picture\PAT_6684_picture_WM_ERSP_OFG5_TN.npy,\\nasac-m2.unige.ch\m-HumanNeuronLab\ANALYSIS\FLM\Analysis_LoraFanda\01_FBM_Analysis\outputs\04_ersp_LM_RAWONLY\PAT_6684\LM\ERSP_matrix\reading\PAT_6684_reading_WM_ERSP_OFG5_TN.npy,1,0.23591314,1,PAT_6684|OFG5,0.32780253326919884,0.147968369195924,0.11682058187594313,0.0007380484422140945,0.2913709484320503,0.005639915191459129,0.1096596035932104
828,PAT_6684,TPG1,TPG1,LM,concat,3,\\nasac-m2.unige.ch\m-HumanNeuronLab\ANALYSIS\FLM\Analysis_LoraFanda\01_FBM_Analysis\outputs\04_ersp_LM_RAWONLY\PAT_6684\LM\ERSP_matrix\audio\PAT_6684_audio_WM_ERSP_TPG1_TN.npy,\\nasac-m2.unige.ch\m-HumanNeuronLab\ANALYSIS\FLM\Analysis_LoraFanda\01_FBM_Analysis\outputs\04_ersp_LM_RAWONLY\PAT_6684\LM\ERSP_matrix\audio\PAT_6684_audio_WM_ERSP_TPG1_TN.npy,\\nasac-m2.unige.ch\m-HumanNeuronLab\ANALYSIS\FLM\Analysis_LoraFanda\01_FBM_Analysis\outputs\04_ersp_LM_RAWONLY\PAT_6684\LM\ERSP_matrix\picture\PAT_6684_picture_WM_ERSP_TPG1_TN.npy,\\nasac-m2.unige.ch\m-HumanNeuronLab\ANALYSIS\FLM\Analysis_LoraFanda\01_FBM_Analysis\outputs\04_ersp_LM_RAWONLY\PAT_6684\LM\ERSP_matrix\reading\PAT_6684_reading_WM_ERSP_TPG1_TN.npy,0,-0.13435568,0,PAT_6684|TPG1,0.5051051692990842,0.1562355058507834,0.1277448655941917,0.08188088640207378,0.1283195299903389,3.6138005916831913e-07,0.0007136814834685993
829,PAT_6684,TPG2,TPG2,LM,concat,2,\\nasac-m2.unige.ch\m-HumanNeuronLab\ANALYSIS\FLM\Analysis_LoraFanda\01_FBM_Analysis\outputs\04_ersp_LM_RAWONLY\PAT_6684\LM\ERSP_matrix\audio\PAT_6684_audio_WM_ERSP_TPG2_TN.npy,\\nasac-m2.unige.ch\m-HumanNeuronLab\ANALYSIS\FLM\Analysis_LoraFanda\01_FBM_Analysis\outputs\04_ersp_LM_RAWONLY\PAT_6684\LM\ERSP_matrix\audio\PAT_6684_audio_WM_ERSP_TPG2_TN.npy,\\nasac-m2.unige.ch\m-HumanNeuronLab\ANALYSIS\FLM\Analysis_LoraFanda\01_FBM_Analysis\outputs\04_ersp_LM_RAWONLY\PAT_6684\LM\ERSP_matrix\picture\PAT_6684_picture_WM_ERSP_TPG2_TN.npy,\\nasac-m2.unige.ch\m-HumanNeuronLab\ANALYSIS\FLM\Analysis_LoraFanda\01_FBM_Analysis\outputs\04_ersp_LM_RAWONLY\PAT_6684\LM\ERSP_matrix\reading\PAT_6684_reading_WM_ERSP_TPG2_TN.npy,1,0.18952768,1,PAT_6684|TPG2,0.48986425007574125,0.0980151046628442,0.16821661886525294,0.1067656994996473,0.13697544419975438,1.811809928610471e-07,0.00016270151576721324
830,PAT_6684,TPG4,TPG4,LM,concat,1,\\nasac-m2.unige.ch\m-HumanNeuronLab\ANALYSIS\FLM\Analysis_LoraFanda\01_FBM_Analysis\outputs\04_ersp_LM_RAWONLY\PAT_6684\LM\ERSP_matrix\audio\PAT_6684_audio_WM_ERSP_TPG4_TN.npy,\\nasac-m2.unige.ch\m-HumanNeuronLab\ANALYSIS\FLM\Analysis_LoraFanda\01_FBM_Analysis\outputs\04_ersp_LM_RAWONLY\PAT_6684\LM\ERSP_matrix\audio\PAT_6684_audio_WM_ERSP_TPG4_TN.npy,\\nasac-m2.unige.ch\m-HumanNeuronLab\ANALYSIS\FLM\Analysis_LoraFanda\01_FBM_Analysis\outputs\04_ersp_LM_RAWONLY\PAT_6684\LM\ERSP_matrix\picture\PAT_6684_picture_WM_ERSP_TPG4_TN.npy,\\nasac-m2.unige.ch\m-HumanNeuronLab\ANALYSIS\FLM\Analysis_LoraFanda\01_FBM_Analysis\outputs\04_ersp_LM_RAWONLY\PAT_6684\LM\ERSP_matrix\reading\PAT_6684_reading_WM_ERSP_TPG4_TN.npy,1,0.16242419,1,PAT_6684|TPG4,0.4367969904574047,0.08884323075186991,0.10793424407059783,0.24531047549144558,0.12096885952158976,6.495215482115804e-10,0.00014619905757063583
831,PAT_6684,TPG6,TPG6,LM,concat,2,\\nasac-m2.unige.ch\m-HumanNeuronLab\ANALYSIS\FLM\Analysis_LoraFanda\01_FBM_Analysis\outputs\04_ersp_LM_RAWONLY\PAT_6684\LM\ERSP_matrix\audio\PAT_6684_audio_WM_ERSP_TPG6_TN.npy,\\nasac-m2.unige.ch\m-HumanNeuronLab\ANALYSIS\FLM\Analysis_LoraFanda\01_FBM_Analysis\outputs\04_ersp_LM_RAWONLY\PAT_6684\LM\ERSP_matrix\audio\PAT_6684_audio_WM_ERSP_TPG6_TN.npy,\\nasac-m2.unige.ch\m-HumanNeuronLab\ANALYSIS\FLM\Analysis_LoraFanda\01_FBM_Analysis\outputs\04_ersp_LM_RAWONLY\PAT_6684\LM\ERSP_matrix\picture\PAT_6684_picture_WM_ERSP_TPG6_TN.npy,\\nasac-m2.unige.ch\m-HumanNeuronLab\ANALYSIS\FLM\Analysis_LoraFanda\01_FBM_Analysis\outputs\04_ersp_LM_RAWONLY\PAT_6684\LM\ERSP_matrix\reading\PAT_6684_reading_WM_ERSP_TPG6_TN.npy,2,0.04309171,2,PAT_6684|TPG6,0.3186871710359416,9.15376260290464e-11,0.13634540436371423,0.44600498001046135,0.09252383706753332,0.006438437703839889,1.697269719066516e-07
832,PAT_6684,TPG7,TPG7,LM,concat,2,\\nasac-m2.unige.ch\m-HumanNeuronLab\ANALYSIS\FLM\Analysis_LoraFanda\01_FBM_Analysis\outputs\04_ersp_LM_RAWONLY\PAT_6684\LM\ERSP_matrix\audio\PAT_6684_audio_WM_ERSP_TPG7_TN.npy,\\nasac-m2.unige.ch\m-HumanNeuronLab\ANALYSIS\FLM\Analysis_LoraFanda\01_FBM_Analysis\outputs\04_ersp_LM_RAWONLY\PAT_6684\LM\ERSP_matrix\audio\PAT_6684_audio_WM_ERSP_TPG7_TN.npy,\\nasac-m2.unige.ch\m-HumanNeuronLab\ANALYSIS\FLM\Analysis_LoraFanda\01_FBM_Analysis\outputs\04_ersp_LM_RAWONLY\PAT_6684\LM\ERSP_matrix\picture\PAT_6684_picture_WM_ERSP_TPG7_TN.npy,\\nasac-m2.unige.ch\m-HumanNeuronLab\ANALYSIS\FLM\Analysis_LoraFanda\01_FBM_Analysis\outputs\04_ersp_LM_RAWONLY\PAT_6684\LM\ERSP_matrix\reading\PAT_6684_reading_WM_ERSP_TPG7_TN.npy,2,0.16540939,2,PAT_6684|TPG7,0.30034230578012655,8.842746214058376e-13,0.10615419693311388,0.5154204239000945,0.0028135476143689698,0.07526940972137154,1.1605004022323168e-07
833,PAT_6684,TPG8,TPG8,LM,concat,3,\\nasac-m2.unige.ch\m-HumanNeuronLab\ANALYSIS\FLM\Analysis_LoraFanda\01_FBM_Analysis\outputs\04_ersp_LM_RAWONLY\PAT_6684\LM\ERSP_matrix\audio\PAT_6684_audio_WM_ERSP_TPG8_TN.npy,\\nasac-m2.unige.ch\m-HumanNeuronLab\ANALYSIS\FLM\Analysis_LoraFanda\01_FBM_Analysis\outputs\04_ersp_LM_RAWONLY\PAT_6684\LM\ERSP_matrix\audio\PAT_6684_audio_WM_ERSP_TPG8_TN.npy,\\nasac-m2.unige.ch\m-HumanNeuronLab\ANALYSIS\FLM\Analysis_LoraFanda\01_FBM_Analysis\outputs\04_ersp_LM_RAWONLY\PAT_6684\LM\ERSP_matrix\picture\PAT_6684_picture_WM_ERSP_TPG8_TN.npy,\\nasac-m2.unige.ch\m-HumanNeuronLab\ANALYSIS\FLM\Analysis_LoraFanda\01_FBM_Analysis\outputs\04_ersp_LM_RAWONLY\PAT_6684\LM\ERSP_matrix\reading\PAT_6684_reading_WM_ERSP_TPG8_TN.npy,2,0.2126204,2,PAT_6684|TPG8,0.2152774985994064,3.185368505869738e-16,0.17301570239641162,0.5309679365855632,1.6703634717479994e-06,0.08073715009075758,4.196438908040852e-08
834,PAT_6684,TSP1,TSP1,LM,concat,2,\\nasac-m2.unige.ch\m-HumanNeuronLab\ANALYSIS\FLM\Analysis_LoraFanda\01_FBM_Analysis\outputs\04_ersp_LM_RAWONLY\PAT_6684\LM\ERSP_matrix\audio\PAT_6684_audio_WM_ERSP_TSP1_TN.npy,\\nasac-m2.unige.ch\m-HumanNeuronLab\ANALYSIS\FLM\Analysis_LoraFanda\01_FBM_Analysis\outputs\04_ersp_LM_RAWONLY\PAT_6684\LM\ERSP_matrix\audio\PAT_6684_audio_WM_ERSP_TSP1_TN.npy,\\nasac-m2.unige.ch\m-HumanNeuronLab\ANALYSIS\FLM\Analysis_LoraFanda\01_FBM_Analysis\outputs\04_ersp_LM_RAWONLY\PAT_6684\LM\ERSP_matrix\picture\PAT_6684_picture_WM_ERSP_TSP1_TN.npy,\\nasac-m2.unige.ch\m-HumanNeuronLab\ANALYSIS\FLM\Analysis_LoraFanda\01_FBM_Analysis\outputs\04_ersp_LM_RAWONLY\PAT_6684\LM\ERSP_matrix\reading\PAT_6684_reading_WM_ERSP_TSP1_TN.npy,4,0.030133262,4,PAT_6684|TSP1,0.21548160123905907,0.3605905582458971,0.10048137562544947,0.08828924124426628,0.15410690474570407,0.08103573635930265,1.4582540321193122e-05
835,PAT_6684,TSP2,TSP2,LM,concat,2,\\nasac-m2.unige.ch\m-HumanNeuronLab\ANALYSIS\FLM\Analysis_LoraFanda\01_FBM_Analysis\outputs\04_ersp_LM_RAWONLY\PAT_6684\LM\ERSP_matrix\audio\PAT_6684_audio_WM_ERSP_TSP2_TN.npy,\\nasac-m2.unige.ch\m-HumanNeuronLab\ANALYSIS\FLM\Analysis_LoraFanda\01_FBM_Analysis\outputs\04_ersp_LM_RAWONLY\PAT_6684\LM\ERSP_matrix\audio\PAT_6684_audio_WM_ERSP_TSP2_TN.npy,\\nasac-m2.unige.ch\m-HumanNeuronLab\ANALYSIS\FLM\Analysis_LoraFanda\01_FBM_Analysis\outputs\04_ersp_LM_RAWONLY\PAT_6684\LM\ERSP_matrix\picture\PAT_6684_picture_WM_ERSP_TSP2_TN.npy,\\nasac-m2.unige.ch\m-HumanNeuronLab\ANALYSIS\FLM\Analysis_LoraFanda\01_FBM_Analysis\outputs\04_ersp_LM_RAWONLY\PAT_6684\LM\ERSP_matrix\reading\PAT_6684_reading_WM_ERSP_TSP2_TN.npy,4,-0.022054523,4,PAT_6684|TSP2,0.21623083544474767,0.3434005816472275,0.11452261229217253,0.07180301644575701,0.16144728011346648,0.09259169784745234,3.97620917654979e-06
836,PAT_6684,TSP3,TSP3,LM,concat,1,\\nasac-m2.unige.ch\m-HumanNeuronLab\ANALYSIS\FLM\Analysis_LoraFanda\01_FBM_Analysis\outputs\04_ersp_LM_RAWONLY\PAT_6684\LM\ERSP_matrix\audio\PAT_6684_audio_WM_ERSP_TSP3_TN.npy,\\nasac-m2.unige.ch\m-HumanNeuronLab\ANALYSIS\FLM\Analysis_LoraFanda\01_FBM_Analysis\outputs\04_ersp_LM_RAWONLY\PAT_6684\LM\ERSP_matrix\audio\PAT_6684_audio_WM_ERSP_TSP3_TN.npy,\\nasac-m2.unige.ch\m-HumanNeuronLab\ANALYSIS\FLM\Analysis_LoraFanda\01_FBM_Analysis\outputs\04_ersp_LM_RAWONLY\PAT_6684\LM\ERSP_matrix\picture\PAT_6684_picture_WM_ERSP_TSP3_TN.npy,\\nasac-m2.unige.ch\m-HumanNeuronLab\ANALYSIS\FLM\Analysis_LoraFanda\01_FBM_Analysis\outputs\04_ersp_LM_RAWONLY\PAT_6684\LM\ERSP_matrix\reading\PAT_6684_reading_WM_ERSP_TSP3_TN.npy,4,-0.10191435,4,PAT_6684|TSP3,0.2198640007895135,0.33041003220797,0.11926876230675625,0.08353613300502195,0.19060727683566864,0.05630257023365232,1.1224621417443119e-05
837,PAT_6684,TSP4,TSP4,LM,concat,2,\\nasac-m2.unige.ch\m-HumanNeuronLab\ANALYSIS\FLM\Analysis_LoraFanda\01_FBM_Analysis\outputs\04_ersp_LM_RAWONLY\PAT_6684\LM\ERSP_matrix\audio\PAT_6684_audio_WM_ERSP_TSP4_TN.npy,\\nasac-m2.unige.ch\m-HumanNeuronLab\ANALYSIS\FLM\Analysis_LoraFanda\01_FBM_Analysis\outputs\04_ersp_LM_RAWONLY\PAT_6684\LM\ERSP_matrix\audio\PAT_6684_audio_WM_ERSP_TSP4_TN.npy,\\nasac-m2.unige.ch\m-HumanNeuronLab\ANALYSIS\FLM\Analysis_LoraFanda\01_FBM_Analysis\outputs\04_ersp_LM_RAWONLY\PAT_6684\LM\ERSP_matrix\picture\PAT_6684_picture_WM_ERSP_TSP4_TN.npy,\\nasac-m2.unige.ch\m-HumanNeuronLab\ANALYSIS\FLM\Analysis_LoraFanda\01_FBM_Analysis\outputs\04_ersp_LM_RAWONLY\PAT_6684\LM\ERSP_matrix\reading\PAT_6684_reading_WM_ERSP_TSP4_TN.npy,4,-0.1143202,4,PAT_6684|TSP4,0.23074981530322725,0.2936059791820483,0.11827878941838417,0.09771660478004131,0.18484723213058954,0.07480067574767903,9.034380303884179e-07
838,PAT_6684,TSP5,TSP5,LM,concat,1,\\nasac-m2.unige.ch\m-HumanNeuronLab\ANALYSIS\FLM\Analysis_LoraFanda\01_FBM_Analysis\outputs\04_ersp_LM_RAWONLY\PAT_6684\LM\ERSP_matrix\audio\PAT_6684_audio_WM_ERSP_TSP5_TN.npy,\\nasac-m2.unige.ch\m-HumanNeuronLab\ANALYSIS\FLM\Analysis_LoraFanda\01_FBM_Analysis\outputs\04_ersp_LM_RAWONLY\PAT_6684\LM\ERSP_matrix\audio\PAT_6684_audio_WM_ERSP_TSP5_TN.npy,\\nasac-m2.unige.ch\m-HumanNeuronLab\ANALYSIS\FLM\Analysis_LoraFanda\01_FBM_Analysis\outputs\04_ersp_LM_RAWONLY\PAT_6684\LM\ERSP_matrix\picture\PAT_6684_picture_WM_ERSP_TSP5_TN.npy,\\nasac-m2.unige.ch\m-HumanNeuronLab\ANALYSIS\FLM\Analysis_LoraFanda\01_FBM_Analysis\outputs\04_ersp_LM_RAWONLY\PAT_6684\LM\ERSP_matrix\reading\PAT_6684_reading_WM_ERSP_TSP5_TN.npy,1,0.1610348,1,PAT_6684|TSP5,0.24081309274155754,0.2516689446294992,0.12251473654574814,0.11835020054127507,0.21175956381724773,0.05488806992039866,5.391804273874028e-06
839,PAT_6704,AD10,AD10,LM,concat,1,\\nasac-m2.unige.ch\m-HumanNeuronLab\ANALYSIS\FLM\Analysis_LoraFanda\01_FBM_Analysis\outputs\04_ersp_LM_RAWONLY\PAT_6704\LM\ERSP_matrix\audio\PAT_6704_audio_WM_ERSP_AD10_TN.npy,\\nasac-m2.unige.ch\m-HumanNeuronLab\ANALYSIS\FLM\Analysis_LoraFanda\01_FBM_Analysis\outputs\04_ersp_LM_RAWONLY\PAT_6704\LM\ERSP_matrix\audio\PAT_6704_audio_WM_ERSP_AD10_TN.npy,\\nasac-m2.unige.ch\m-HumanNeuronLab\ANALYSIS\FLM\Analysis_LoraFanda\01_FBM_Analysis\outputs\04_ersp_LM_RAWONLY\PAT_6704\LM\ERSP_matrix\picture\PAT_6704_picture_WM_ERSP_AD10_TN.npy,\\nasac-m2.unige.ch\m-HumanNeuronLab\ANALYSIS\FLM\Analysis_LoraFanda\01_FBM_Analysis\outputs\04_ersp_LM_RAWONLY\PAT_6704\LM\ERSP_matrix\reading\PAT_6704_reading_WM_ERSP_AD10_TN.npy,3,0.117154814,3,PAT_6704|AD10,0.00772630838657649,0.09808611363088915,0.24414296915782283,0.10155309179750248,0.54837604098215,0.00011287056215867366,2.6054829003393173e-06
840,PAT_6704,AD11,AD11,LM,concat,1,\\nasac-m2.unige.ch\m-HumanNeuronLab\ANALYSIS\FLM\Analysis_LoraFanda\01_FBM_Analysis\outputs\04_ersp_LM_RAWONLY\PAT_6704\LM\ERSP_matrix\audio\PAT_6704_audio_WM_ERSP_AD11_TN.npy,\\nasac-m2.unige.ch\m-HumanNeuronLab\ANALYSIS\FLM\Analysis_LoraFanda\01_FBM_Analysis\outputs\04_ersp_LM_RAWONLY\PAT_6704\LM\ERSP_matrix\audio\PAT_6704_audio_WM_ERSP_AD11_TN.npy,\\nasac-m2.unige.ch\m-HumanNeuronLab\ANALYSIS\FLM\Analysis_LoraFanda\01_FBM_Analysis\outputs\04_ersp_LM_RAWONLY\PAT_6704\LM\ERSP_matrix\picture\PAT_6704_picture_WM_ERSP_AD11_TN.npy,\\nasac-m2.unige.ch\m-HumanNeuronLab\ANALYSIS\FLM\Analysis_LoraFanda\01_FBM_Analysis\outputs\04_ersp_LM_RAWONLY\PAT_6704\LM\ERSP_matrix\reading\PAT_6704_reading_WM_ERSP_AD11_TN.npy,3,0.14519916,3,PAT_6704|AD11,4.987468523551488e-07,0.10869443013901565,0.260082483613555,0.13091224709753388,0.5003097372145918,1.0803208522053359e-07,4.951563661247312e-07
841,PAT_6704,AD12,AD12,LM,concat,3,\\nasac-m2.unige.ch\m-HumanNeuronLab\ANALYSIS\FLM\Analysis_LoraFanda\01_FBM_Analysis\outputs\04_ersp_LM_RAWONLY\PAT_6704\LM\ERSP_matrix\audio\PAT_6704_audio_WM_ERSP_AD12_TN.npy,\\nasac-m2.unige.ch\m-HumanNeuronLab\ANALYSIS\FLM\Analysis_LoraFanda\01_FBM_Analysis\outputs\04_ersp_LM_RAWONLY\PAT_6704\LM\ERSP_matrix\audio\PAT_6704_audio_WM_ERSP_AD12_TN.npy,\\nasac-m2.unige.ch\m-HumanNeuronLab\ANALYSIS\FLM\Analysis_LoraFanda\01_FBM_Analysis\outputs\04_ersp_LM_RAWONLY\PAT_6704\LM\ERSP_matrix\picture\PAT_6704_picture_WM_ERSP_AD12_TN.npy,\\nasac-m2.unige.ch\m-HumanNeuronLab\ANALYSIS\FLM\Analysis_LoraFanda\01_FBM_Analysis\outputs\04_ersp_LM_RAWONLY\PAT_6704\LM\ERSP_matrix\reading\PAT_6704_reading_WM_ERSP_AD12_TN.npy,3,0.16142136,3,PAT_6704|AD12,5.750838992731769e-07,0.1155425123751102,0.23861761203047743,0.18163210830512805,0.46420649993011603,3.034214518571658e-07,3.8885381722989996e-07
842,PAT_6704,AD4,AD4,LM,concat,1,\\nasac-m2.unige.ch\m-HumanNeuronLab\ANALYSIS\FLM\Analysis_LoraFanda\01_FBM_Analysis\outputs\04_ersp_LM_RAWONLY\PAT_6704\LM\ERSP_matrix\audio\PAT_6704_audio_WM_ERSP_AD4_TN.npy,\\nasac-m2.unige.ch\m-HumanNeuronLab\ANALYSIS\FLM\Analysis_LoraFanda\01_FBM_Analysis\outputs\04_ersp_LM_RAWONLY\PAT_6704\LM\ERSP_matrix\audio\PAT_6704_audio_WM_ERSP_AD4_TN.npy,\\nasac-m2.unige.ch\m-HumanNeuronLab\ANALYSIS\FLM\Analysis_LoraFanda\01_FBM_Analysis\outputs\04_ersp_LM_RAWONLY\PAT_6704\LM\ERSP_matrix\picture\PAT_6704_picture_WM_ERSP_AD4_TN.npy,\\nasac-m2.unige.ch\m-HumanNeuronLab\ANALYSIS\FLM\Analysis_LoraFanda\01_FBM_Analysis\outputs\04_ersp_LM_RAWONLY\PAT_6704\LM\ERSP_matrix\reading\PAT_6704_reading_WM_ERSP_AD4_TN.npy,1,0.24460623,1,PAT_6704|AD4,0.18170912087281219,0.03485959186613737,0.23877809595018917,0.13972212911790843,0.24345164479556788,0.16140351181100673,7.590558637813939e-05
843,PAT_6704,AD5,AD5,LM,concat,1,\\nasac-m2.unige.ch\m-HumanNeuronLab\ANALYSIS\FLM\Analysis_LoraFanda\01_FBM_Analysis\outputs\04_ersp_LM_RAWONLY\PAT_6704\LM\ERSP_matrix\audio\PAT_6704_audio_WM_ERSP_AD5_TN.npy,\\nasac-m2.unige.ch\m-HumanNeuronLab\ANALYSIS\FLM\Analysis_LoraFanda\01_FBM_Analysis\outputs\04_ersp_LM_RAWONLY\PAT_6704\LM\ERSP_matrix\audio\PAT_6704_audio_WM_ERSP_AD5_TN.npy,\\nasac-m2.unige.ch\m-HumanNeuronLab\ANALYSIS\FLM\Analysis_LoraFanda\01_FBM_Analysis\outputs\04_ersp_LM_RAWONLY\PAT_6704\LM\ERSP_matrix\picture\PAT_6704_picture_WM_ERSP_AD5_TN.npy,\\nasac-m2.unige.ch\m-HumanNeuronLab\ANALYSIS\FLM\Analysis_LoraFanda\01_FBM_Analysis\outputs\04_ersp_LM_RAWONLY\PAT_6704\LM\ERSP_matrix\reading\PAT_6704_reading_WM_ERSP_AD5_TN.npy,1,0.13582066,1,PAT_6704|AD5,0.1304543094424591,0.009168583672838381,0.29239445699686184,0.0709905952793059,0.3547481907082615,0.1421369601092846,0.00010690379098874979
844,PAT_6704,AD6,AD6,LM,concat,1,\\nasac-m2.unige.ch\m-HumanNeuronLab\ANALYSIS\FLM\Analysis_LoraFanda\01_FBM_Analysis\outputs\04_ersp_LM_RAWONLY\PAT_6704\LM\ERSP_matrix\audio\PAT_6704_audio_WM_ERSP_AD6_TN.npy,\\nasac-m2.unige.ch\m-HumanNeuronLab\ANALYSIS\FLM\Analysis_LoraFanda\01_FBM_Analysis\outputs\04_ersp_LM_RAWONLY\PAT_6704\LM\ERSP_matrix\audio\PAT_6704_audio_WM_ERSP_AD6_TN.npy,\\nasac-m2.unige.ch\m-HumanNeuronLab\ANALYSIS\FLM\Analysis_LoraFanda\01_FBM_Analysis\outputs\04_ersp_LM_RAWONLY\PAT_6704\LM\ERSP_matrix\picture\PAT_6704_picture_WM_ERSP_AD6_TN.npy,\\nasac-m2.unige.ch\m-HumanNeuronLab\ANALYSIS\FLM\Analysis_LoraFanda\01_FBM_Analysis\outputs\04_ersp_LM_RAWONLY\PAT_6704\LM\ERSP_matrix\reading\PAT_6704_reading_WM_ERSP_AD6_TN.npy,3,-0.08136053,3,PAT_6704|AD6,0.10051205231389099,0.037552914007032465,0.2776702144221963,0.07027523570554307,0.3794334586040859,0.13455210177624152,4.02317100974129e-06
845,PAT_6704,AD7,AD7,LM,concat,1,\\nasac-m2.unige.ch\m-HumanNeuronLab\ANALYSIS\FLM\Analysis_LoraFanda\01_FBM_Analysis\outputs\04_ersp_LM_RAWONLY\PAT_6704\LM\ERSP_matrix\audio\PAT_6704_audio_WM_ERSP_AD7_TN.npy,\\nasac-m2.unige.ch\m-HumanNeuronLab\ANALYSIS\FLM\Analysis_LoraFanda\01_FBM_Analysis\outputs\04_ersp_LM_RAWONLY\PAT_6704\LM\ERSP_matrix\audio\PAT_6704_audio_WM_ERSP_AD7_TN.npy,\\nasac-m2.unige.ch\m-HumanNeuronLab\ANALYSIS\FLM\Analysis_LoraFanda\01_FBM_Analysis\outputs\04_ersp_LM_RAWONLY\PAT_6704\LM\ERSP_matrix\picture\PAT_6704_picture_WM_ERSP_AD7_TN.npy,\\nasac-m2.unige.ch\m-HumanNeuronLab\ANALYSIS\FLM\Analysis_LoraFanda\01_FBM_Analysis\outputs\04_ersp_LM_RAWONLY\PAT_6704\LM\ERSP_matrix\reading\PAT_6704_reading_WM_ERSP_AD7_TN.npy,3,-0.023443175,3,PAT_6704|AD7,0.10315835806004474,0.0575246450510956,0.2556067208400696,0.057998750572223236,0.40070182826753314,0.12500625791184414,3.4392971896531044e-06
846,PAT_6704,AD8,AD8,LM,concat,1,\\nasac-m2.unige.ch\m-HumanNeuronLab\ANALYSIS\FLM\Analysis_LoraFanda\01_FBM_Analysis\outputs\04_ersp_LM_RAWONLY\PAT_6704\LM\ERSP_matrix\audio\PAT_6704_audio_WM_ERSP_AD8_TN.npy,\\nasac-m2.unige.ch\m-HumanNeuronLab\ANALYSIS\FLM\Analysis_LoraFanda\01_FBM_Analysis\outputs\04_ersp_LM_RAWONLY\PAT_6704\LM\ERSP_matrix\audio\PAT_6704_audio_WM_ERSP_AD8_TN.npy,\\nasac-m2.unige.ch\m-HumanNeuronLab\ANALYSIS\FLM\Analysis_LoraFanda\01_FBM_Analysis\outputs\04_ersp_LM_RAWONLY\PAT_6704\LM\ERSP_matrix\picture\PAT_6704_picture_WM_ERSP_AD8_TN.npy,\\nasac-m2.unige.ch\m-HumanNeuronLab\ANALYSIS\FLM\Analysis_LoraFanda\01_FBM_Analysis\outputs\04_ersp_LM_RAWONLY\PAT_6704\LM\ERSP_matrix\reading\PAT_6704_reading_WM_ERSP_AD8_TN.npy,3,0.02669654,3,PAT_6704|AD8,0.002597131438405327,0.09129018509448551,0.2614937743234191,0.08212573219187566,0.561931122051203,0.0005543596702104951,7.695230400914615e-06
847,PAT_6704,AD9,AD9,LM,concat,1,\\nasac-m2.unige.ch\m-HumanNeuronLab\ANALYSIS\FLM\Analysis_LoraFanda\01_FBM_Analysis\outputs\04_ersp_LM_RAWONLY\PAT_6704\LM\ERSP_matrix\audio\PAT_6704_audio_WM_ERSP_AD9_TN.npy,\\nasac-m2.unige.ch\m-HumanNeuronLab\ANALYSIS\FLM\Analysis_LoraFanda\01_FBM_Analysis\outputs\04_ersp_LM_RAWONLY\PAT_6704\LM\ERSP_matrix\audio\PAT_6704_audio_WM_ERSP_AD9_TN.npy,\\nasac-m2.unige.ch\m-HumanNeuronLab\ANALYSIS\FLM\Analysis_LoraFanda\01_FBM_Analysis\outputs\04_ersp_LM_RAWONLY\PAT_6704\LM\ERSP_matrix\picture\PAT_6704_picture_WM_ERSP_AD9_TN.npy,\\nasac-m2.unige.ch\m-HumanNeuronLab\ANALYSIS\FLM\Analysis_LoraFanda\01_FBM_Analysis\outputs\04_ersp_LM_RAWONLY\PAT_6704\LM\ERSP_matrix\reading\PAT_6704_reading_WM_ERSP_AD9_TN.npy,3,0.058948655,3,PAT_6704|AD9,0.036380804680879,0.08582478243873175,0.21615357165709576,0.10511786406886346,0.5502260230785215,0.006291965470576124,4.988605332525466e-06
848,PAT_6704,HAD3,HAD3,LM,concat,1,\\nasac-m2.unige.ch\m-HumanNeuronLab\ANALYSIS\FLM\Analysis_LoraFanda\01_FBM_Analysis\outputs\04_ersp_LM_RAWONLY\PAT_6704\LM\ERSP_matrix\audio\PAT_6704_audio_WM_ERSP_HAD3_TN.npy,\\nasac-m2.unige.ch\m-HumanNeuronLab\ANALYSIS\FLM\Analysis_LoraFanda\01_FBM_Analysis\outputs\04_ersp_LM_RAWONLY\PAT_6704\LM\ERSP_matrix\audio\PAT_6704_audio_WM_ERSP_HAD3_TN.npy,\\nasac-m2.unige.ch\m-HumanNeuronLab\ANALYSIS\FLM\Analysis_LoraFanda\01_FBM_Analysis\outputs\04_ersp_LM_RAWONLY\PAT_6704\LM\ERSP_matrix\picture\PAT_6704_picture_WM_ERSP_HAD3_TN.npy,\\nasac-m2.unige.ch\m-HumanNeuronLab\ANALYSIS\FLM\Analysis_LoraFanda\01_FBM_Analysis\outputs\04_ersp_LM_RAWONLY\PAT_6704\LM\ERSP_matrix\reading\PAT_6704_reading_WM_ERSP_HAD3_TN.npy,1,0.252891,1,PAT_6704|HAD3,6.476364031276899e-16,0.08636112778233179,0.32191860225936186,0.12417072797401447,0.3915074919831362,0.07604186380796235,1.8619319267860975e-07
849,PAT_6704,HAD6,HAD6,LM,concat,1,\\nasac-m2.unige.ch\m-HumanNeuronLab\ANALYSIS\FLM\Analysis_LoraFanda\01_FBM_Analysis\outputs\04_ersp_LM_RAWONLY\PAT_6704\LM\ERSP_matrix\audio\PAT_6704_audio_WM_ERSP_HAD6_TN.npy,\\nasac-m2.unige.ch\m-HumanNeuronLab\ANALYSIS\FLM\Analysis_LoraFanda\01_FBM_Analysis\outputs\04_ersp_LM_RAWONLY\PAT_6704\LM\ERSP_matrix\audio\PAT_6704_audio_WM_ERSP_HAD6_TN.npy,\\nasac-m2.unige.ch\m-HumanNeuronLab\ANALYSIS\FLM\Analysis_LoraFanda\01_FBM_Analysis\outputs\04_ersp_LM_RAWONLY\PAT_6704\LM\ERSP_matrix\picture\PAT_6704_picture_WM_ERSP_HAD6_TN.npy,\\nasac-m2.unige.ch\m-HumanNeuronLab\ANALYSIS\FLM\Analysis_LoraFanda\01_FBM_Analysis\outputs\04_ersp_LM_RAWONLY\PAT_6704\LM\ERSP_matrix\reading\PAT_6704_reading_WM_ERSP_HAD6_TN.npy,3,-0.079914495,3,PAT_6704|HAD6,2.230868364340119e-07,0.04887065473913523,0.2969739931661676,0.13394654652931962,0.41888586945467005,0.10132209844318867,6.145806822017658e-07
850,PAT_6704,HAD7,HAD7,LM,concat,1,\\nasac-m2.unige.ch\m-HumanNeuronLab\ANALYSIS\FLM\Analysis_LoraFanda\01_FBM_Analysis\outputs\04_ersp_LM_RAWONLY\PAT_6704\LM\ERSP_matrix\audio\PAT_6704_audio_WM_ERSP_HAD7_TN.npy,\\nasac-m2.unige.ch\m-HumanNeuronLab\ANALYSIS\FLM\Analysis_LoraFanda\01_FBM_Analysis\outputs\04_ersp_LM_RAWONLY\PAT_6704\LM\ERSP_matrix\audio\PAT_6704_audio_WM_ERSP_HAD7_TN.npy,\\nasac-m2.unige.ch\m-HumanNeuronLab\ANALYSIS\FLM\Analysis_LoraFanda\01_FBM_Analysis\outputs\04_ersp_LM_RAWONLY\PAT_6704\LM\ERSP_matrix\picture\PAT_6704_picture_WM_ERSP_HAD7_TN.npy,\\nasac-m2.unige.ch\m-HumanNeuronLab\ANALYSIS\FLM\Analysis_LoraFanda\01_FBM_Analysis\outputs\04_ersp_LM_RAWONLY\PAT_6704\LM\ERSP_matrix\reading\PAT_6704_reading_WM_ERSP_HAD7_TN.npy,3,-0.040051483,3,PAT_6704|HAD7,2.4986063116115962e-09,0.07717555145749058,0.27939900903517684,0.13956460844209698,0.43844931716513263,0.06540813352827356,3.3778732231513354e-06
851,PAT_6704,HAD8,HAD8,LM,concat,1,\\nasac-m2.unige.ch\m-HumanNeuronLab\ANALYSIS\FLM\Analysis_LoraFanda\01_FBM_Analysis\outputs\04_ersp_LM_RAWONLY\PAT_6704\LM\ERSP_matrix\audio\PAT_6704_audio_WM_ERSP_HAD8_TN.npy,\\nasac-m2.unige.ch\m-HumanNeuronLab\ANALYSIS\FLM\Analysis_LoraFanda\01_FBM_Analysis\outputs\04_ersp_LM_RAWONLY\PAT_6704\LM\ERSP_matrix\audio\PAT_6704_audio_WM_ERSP_HAD8_TN.npy,\\nasac-m2.unige.ch\m-HumanNeuronLab\ANALYSIS\FLM\Analysis_LoraFanda\01_FBM_Analysis\outputs\04_ersp_LM_RAWONLY\PAT_6704\LM\ERSP_matrix\picture\PAT_6704_picture_WM_ERSP_HAD8_TN.npy,\\nasac-m2.unige.ch\m-HumanNeuronLab\ANALYSIS\FLM\Analysis_LoraFanda\01_FBM_Analysis\outputs\04_ersp_LM_RAWONLY\PAT_6704\LM\ERSP_matrix\reading\PAT_6704_reading_WM_ERSP_HAD8_TN.npy,3,-0.03573866,3,PAT_6704|HAD8,1.8200817246393516e-10,0.07543866164426717,0.2450219714501687,0.19601307052734165,0.408830419493832,0.07469516927044761,7.074319347855451e-07
852,PAT_6704,HAD9,HAD9,LM,concat,1,\\nasac-m2.unige.ch\m-HumanNeuronLab\ANALYSIS\FLM\Analysis_LoraFanda\01_FBM_Analysis\outputs\04_ersp_LM_RAWONLY\PAT_6704\LM\ERSP_matrix\audio\PAT_6704_audio_WM_ERSP_HAD9_TN.npy,\\nasac-m2.unige.ch\m-HumanNeuronLab\ANALYSIS\FLM\Analysis_LoraFanda\01_FBM_Analysis\outputs\04_ersp_LM_RAWONLY\PAT_6704\LM\ERSP_matrix\audio\PAT_6704_audio_WM_ERSP_HAD9_TN.npy,\\nasac-m2.unige.ch\m-HumanNeuronLab\ANALYSIS\FLM\Analysis_LoraFanda\01_FBM_Analysis\outputs\04_ersp_LM_RAWONLY\PAT_6704\LM\ERSP_matrix\picture\PAT_6704_picture_WM_ERSP_HAD9_TN.npy,\\nasac-m2.unige.ch\m-HumanNeuronLab\ANALYSIS\FLM\Analysis_LoraFanda\01_FBM_Analysis\outputs\04_ersp_LM_RAWONLY\PAT_6704\LM\ERSP_matrix\reading\PAT_6704_reading_WM_ERSP_HAD9_TN.npy,1,0.31077048,1,PAT_6704|HAD9,0.0953979897565231,0.10677988707842401,0.13566575591645305,0.14344250141687773,0.3234421858342766,0.19526582878341936,5.85121402596996e-06
853,PAT_6704,IAD1,IAD1,LM,concat,2,\\nasac-m2.unige.ch\m-HumanNeuronLab\ANALYSIS\FLM\Analysis_LoraFanda\01_FBM_Analysis\outputs\04_ersp_LM_RAWONLY\PAT_6704\LM\ERSP_matrix\audio\PAT_6704_audio_WM_ERSP_IAD1_TN.npy,\\nasac-m2.unige.ch\m-HumanNeuronLab\ANALYSIS\FLM\Analysis_LoraFanda\01_FBM_Analysis\outputs\04_ersp_LM_RAWONLY\PAT_6704\LM\ERSP_matrix\audio\PAT_6704_audio_WM_ERSP_IAD1_TN.npy,\\nasac-m2.unige.ch\m-HumanNeuronLab\ANALYSIS\FLM\Analysis_LoraFanda\01_FBM_Analysis\outputs\04_ersp_LM_RAWONLY\PAT_6704\LM\ERSP_matrix\picture\PAT_6704_picture_WM_ERSP_IAD1_TN.npy,\\nasac-m2.unige.ch\m-HumanNeuronLab\ANALYSIS\FLM\Analysis_LoraFanda\01_FBM_Analysis\outputs\04_ersp_LM_RAWONLY\PAT_6704\LM\ERSP_matrix\reading\PAT_6704_reading_WM_ERSP_IAD1_TN.npy,2,-0.052401796,2,PAT_6704|IAD1,2.0702736853530535e-38,7.710002778075596e-10,0.20581046115825966,0.28437801287231806,0.49281526886653887,0.016995782806598653,4.7352528448272574e-07
854,PAT_6704,IMD10,IMD10,LM,concat,1,\\nasac-m2.unige.ch\m-HumanNeuronLab\ANALYSIS\FLM\Analysis_LoraFanda\01_FBM_Analysis\outputs\04_ersp_LM_RAWONLY\PAT_6704\LM\ERSP_matrix\audio\PAT_6704_audio_WM_ERSP_IMD10_TN.npy,\\nasac-m2.unige.ch\m-HumanNeuronLab\ANALYSIS\FLM\Analysis_LoraFanda\01_FBM_Analysis\outputs\04_ersp_LM_RAWONLY\PAT_6704\LM\ERSP_matrix\audio\PAT_6704_audio_WM_ERSP_IMD10_TN.npy,\\nasac-m2.unige.ch\m-HumanNeuronLab\ANALYSIS\FLM\Analysis_LoraFanda\01_FBM_Analysis\outputs\04_ersp_LM_RAWONLY\PAT_6704\LM\ERSP_matrix\picture\PAT_6704_picture_WM_ERSP_IMD10_TN.npy,\\nasac-m2.unige.ch\m-HumanNeuronLab\ANALYSIS\FLM\Analysis_LoraFanda\01_FBM_Analysis\outputs\04_ersp_LM_RAWONLY\PAT_6704\LM\ERSP_matrix\reading\PAT_6704_reading_WM_ERSP_IMD10_TN.npy,3,-0.11199844,3,PAT_6704|IMD10,6.767933860534006e-10,0.07874156334788823,0.11367497550979531,2.0759845050967477e-08,0.3172516979261065,0.235073739210768,0.2552580025688035
855,PAT_6704,IMD9,IMD9,LM,concat,1,\\nasac-m2.unige.ch\m-HumanNeuronLab\ANALYSIS\FLM\Analysis_LoraFanda\01_FBM_Analysis\outputs\04_ersp_LM_RAWONLY\PAT_6704\LM\ERSP_matrix\audio\PAT_6704_audio_WM_ERSP_IMD9_TN.npy,\\nasac-m2.unige.ch\m-HumanNeuronLab\ANALYSIS\FLM\Analysis_LoraFanda\01_FBM_Analysis\outputs\04_ersp_LM_RAWONLY\PAT_6704\LM\ERSP_matrix\audio\PAT_6704_audio_WM_ERSP_IMD9_TN.npy,\\nasac-m2.unige.ch\m-HumanNeuronLab\ANALYSIS\FLM\Analysis_LoraFanda\01_FBM_Analysis\outputs\04_ersp_LM_RAWONLY\PAT_6704\LM\ERSP_matrix\picture\PAT_6704_picture_WM_ERSP_IMD9_TN.npy,\\nasac-m2.unige.ch\m-HumanNeuronLab\ANALYSIS\FLM\Analysis_LoraFanda\01_FBM_Analysis\outputs\04_ersp_LM_RAWONLY\PAT_6704\LM\ERSP_matrix\reading\PAT_6704_reading_WM_ERSP_IMD9_TN.npy,1,0.20201649,1,PAT_6704|IMD9,2.7198402872045282e-21,0.06573706136717976,0.2502084134707347,6.162962055012665e-09,0.4257566137130102,0.10411841871395867,0.15417948657215455
856,PAT_6704,IPD5,IPD5,LM,concat,1,\\nasac-m2.unige.ch\m-HumanNeuronLab\ANALYSIS\FLM\Analysis_LoraFanda\01_FBM_Analysis\outputs\04_ersp_LM_RAWONLY\PAT_6704\LM\ERSP_matrix\audio\PAT_6704_audio_WM_ERSP_IPD5_TN.npy,\\nasac-m2.unige.ch\m-HumanNeuronLab\ANALYSIS\FLM\Analysis_LoraFanda\01_FBM_Analysis\outputs\04_ersp_LM_RAWONLY\PAT_6704\LM\ERSP_matrix\audio\PAT_6704_audio_WM_ERSP_IPD5_TN.npy,\\nasac-m2.unige.ch\m-HumanNeuronLab\ANALYSIS\FLM\Analysis_LoraFanda\01_FBM_Analysis\outputs\04_ersp_LM_RAWONLY\PAT_6704\LM\ERSP_matrix\picture\PAT_6704_picture_WM_ERSP_IPD5_TN.npy,\\nasac-m2.unige.ch\m-HumanNeuronLab\ANALYSIS\FLM\Analysis_LoraFanda\01_FBM_Analysis\outputs\04_ersp_LM_RAWONLY\PAT_6704\LM\ERSP_matrix\reading\PAT_6704_reading_WM_ERSP_IPD5_TN.npy,4,0.05895136,4,PAT_6704|IPD5,0.0001332300415902716,0.5126462161510796,0.0334036761433949,2.9688093133136668e-05,0.2555070629253853,0.1782862209605411,0.019993905684875708
857,PAT_6704,PHD4,PHD4,LM,concat,1,\\nasac-m2.unige.ch\m-HumanNeuronLab\ANALYSIS\FLM\Analysis_LoraFanda\01_FBM_Analysis\outputs\04_ersp_LM_RAWONLY\PAT_6704\LM\ERSP_matrix\audio\PAT_6704_audio_WM_ERSP_PHD4_TN.npy,\\nasac-m2.unige.ch\m-HumanNeuronLab\ANALYSIS\FLM\Analysis_LoraFanda\01_FBM_Analysis\outputs\04_ersp_LM_RAWONLY\PAT_6704\LM\ERSP_matrix\audio\PAT_6704_audio_WM_ERSP_PHD4_TN.npy,\\nasac-m2.unige.ch\m-HumanNeuronLab\ANALYSIS\FLM\Analysis_LoraFanda\01_FBM_Analysis\outputs\04_ersp_LM_RAWONLY\PAT_6704\LM\ERSP_matrix\picture\PAT_6704_picture_WM_ERSP_PHD4_TN.npy,\\nasac-m2.unige.ch\m-HumanNeuronLab\ANALYSIS\FLM\Analysis_LoraFanda\01_FBM_Analysis\outputs\04_ersp_LM_RAWONLY\PAT_6704\LM\ERSP_matrix\reading\PAT_6704_reading_WM_ERSP_PHD4_TN.npy,1,0.3637972,1,PAT_6704|PHD4,5.67380726357624e-07,0.19732633095963129,0.15325216725000343,0.004180729954931427,0.35888409790000286,0.11357417872187084,0.1727819278328338
858,PAT_6704,POD1,POD1,LM,concat,1,\\nasac-m2.unige.ch\m-HumanNeuronLab\ANALYSIS\FLM\Analysis_LoraFanda\01_FBM_Analysis\outputs\04_ersp_LM_RAWONLY\PAT_6704\LM\ERSP_matrix\audio\PAT_6704_audio_WM_ERSP_POD1_TN.npy,\\nasac-m2.unige.ch\m-HumanNeuronLab\ANALYSIS\FLM\Analysis_LoraFanda\01_FBM_Analysis\outputs\04_ersp_LM_RAWONLY\PAT_6704\LM\ERSP_matrix\audio\PAT_6704_audio_WM_ERSP_POD1_TN.npy,\\nasac-m2.unige.ch\m-HumanNeuronLab\ANALYSIS\FLM\Analysis_LoraFanda\01_FBM_Analysis\outputs\04_ersp_LM_RAWONLY\PAT_6704\LM\ERSP_matrix\picture\PAT_6704_picture_WM_ERSP_POD1_TN.npy,\\nasac-m2.unige.ch\m-HumanNeuronLab\ANALYSIS\FLM\Analysis_LoraFanda\01_FBM_Analysis\outputs\04_ersp_LM_RAWONLY\PAT_6704\LM\ERSP_matrix\reading\PAT_6704_reading_WM_ERSP_POD1_TN.npy,3,-0.105412155,3,PAT_6704|POD1,0.002547706122876692,0.26344402052242877,0.06602776617633697,1.2340193526672238e-06,0.309274381004343,0.2911797742975006,0.06752511785716132
859,PAT_6704,POD2,POD2,LM,concat,1,\\nasac-m2.unige.ch\m-HumanNeuronLab\ANALYSIS\FLM\Analysis_LoraFanda\01_FBM_Analysis\outputs\04_ersp_LM_RAWONLY\PAT_6704\LM\ERSP_matrix\audio\PAT_6704_audio_WM_ERSP_POD2_TN.npy,\\nasac-m2.unige.ch\m-HumanNeuronLab\ANALYSIS\FLM\Analysis_LoraFanda\01_FBM_Analysis\outputs\04_ersp_LM_RAWONLY\PAT_6704\LM\ERSP_matrix\audio\PAT_6704_audio_WM_ERSP_POD2_TN.npy,\\nasac-m2.unige.ch\m-HumanNeuronLab\ANALYSIS\FLM\Analysis_LoraFanda\01_FBM_Analysis\outputs\04_ersp_LM_RAWONLY\PAT_6704\LM\ERSP_matrix\picture\PAT_6704_picture_WM_ERSP_POD2_TN.npy,\\nasac-m2.unige.ch\m-HumanNeuronLab\ANALYSIS\FLM\Analysis_LoraFanda\01_FBM_Analysis\outputs\04_ersp_LM_RAWONLY\PAT_6704\LM\ERSP_matrix\reading\PAT_6704_reading_WM_ERSP_POD2_TN.npy,3,-0.029921954,3,PAT_6704|POD2,4.668898155899144e-09,0.1886851897924809,0.09465637105308032,4.337420176789031e-07,0.24088022039337706,0.29190406811764846,0.1838737122324974
860,PAT_6704,POD3,POD3,LM,concat,2,\\nasac-m2.unige.ch\m-HumanNeuronLab\ANALYSIS\FLM\Analysis_LoraFanda\01_FBM_Analysis\outputs\04_ersp_LM_RAWONLY\PAT_6704\LM\ERSP_matrix\audio\PAT_6704_audio_WM_ERSP_POD3_TN.npy,\\nasac-m2.unige.ch\m-HumanNeuronLab\ANALYSIS\FLM\Analysis_LoraFanda\01_FBM_Analysis\outputs\04_ersp_LM_RAWONLY\PAT_6704\LM\ERSP_matrix\audio\PAT_6704_audio_WM_ERSP_POD3_TN.npy,\\nasac-m2.unige.ch\m-HumanNeuronLab\ANALYSIS\FLM\Analysis_LoraFanda\01_FBM_Analysis\outputs\04_ersp_LM_RAWONLY\PAT_6704\LM\ERSP_matrix\picture\PAT_6704_picture_WM_ERSP_POD3_TN.npy,\\nasac-m2.unige.ch\m-HumanNeuronLab\ANALYSIS\FLM\Analysis_LoraFanda\01_FBM_Analysis\outputs\04_ersp_LM_RAWONLY\PAT_6704\LM\ERSP_matrix\reading\PAT_6704_reading_WM_ERSP_POD3_TN.npy,3,-0.0093579255,3,PAT_6704|POD3,1.1846739024150027e-11,0.1031754259777972,0.10816658648802953,4.787595969727143e-07,0.21566972290925238,0.30809808364771835,0.2648897022057589
861,PAT_6704,POD4,POD4,LM,concat,2,\\nasac-m2.unige.ch\m-HumanNeuronLab\ANALYSIS\FLM\Analysis_LoraFanda\01_FBM_Analysis\outputs\04_ersp_LM_RAWONLY\PAT_6704\LM\ERSP_matrix\audio\PAT_6704_audio_WM_ERSP_POD4_TN.npy,\\nasac-m2.unige.ch\m-HumanNeuronLab\ANALYSIS\FLM\Analysis_LoraFanda\01_FBM_Analysis\outputs\04_ersp_LM_RAWONLY\PAT_6704\LM\ERSP_matrix\audio\PAT_6704_audio_WM_ERSP_POD4_TN.npy,\\nasac-m2.unige.ch\m-HumanNeuronLab\ANALYSIS\FLM\Analysis_LoraFanda\01_FBM_Analysis\outputs\04_ersp_LM_RAWONLY\PAT_6704\LM\ERSP_matrix\picture\PAT_6704_picture_WM_ERSP_POD4_TN.npy,\\nasac-m2.unige.ch\m-HumanNeuronLab\ANALYSIS\FLM\Analysis_LoraFanda\01_FBM_Analysis\outputs\04_ersp_LM_RAWONLY\PAT_6704\LM\ERSP_matrix\reading\PAT_6704_reading_WM_ERSP_POD4_TN.npy,3,0.012455212,3,PAT_6704|POD4,3.087619192568148e-11,0.05500939406265709,0.08740618120175793,3.444059360045687e-07,0.2552253047326557,0.27950991115678114,0.3228488644093358
862,PAT_6704,POD5,POD5,LM,concat,2,\\nasac-m2.unige.ch\m-HumanNeuronLab\ANALYSIS\FLM\Analysis_LoraFanda\01_FBM_Analysis\outputs\04_ersp_LM_RAWONLY\PAT_6704\LM\ERSP_matrix\audio\PAT_6704_audio_WM_ERSP_POD5_TN.npy,\\nasac-m2.unige.ch\m-HumanNeuronLab\ANALYSIS\FLM\Analysis_LoraFanda\01_FBM_Analysis\outputs\04_ersp_LM_RAWONLY\PAT_6704\LM\ERSP_matrix\audio\PAT_6704_audio_WM_ERSP_POD5_TN.npy,\\nasac-m2.unige.ch\m-HumanNeuronLab\ANALYSIS\FLM\Analysis_LoraFanda\01_FBM_Analysis\outputs\04_ersp_LM_RAWONLY\PAT_6704\LM\ERSP_matrix\picture\PAT_6704_picture_WM_ERSP_POD5_TN.npy,\\nasac-m2.unige.ch\m-HumanNeuronLab\ANALYSIS\FLM\Analysis_LoraFanda\01_FBM_Analysis\outputs\04_ersp_LM_RAWONLY\PAT_6704\LM\ERSP_matrix\reading\PAT_6704_reading_WM_ERSP_POD5_TN.npy,3,0.007720615,3,PAT_6704|POD5,0.024963717648124207,0.06428421237390478,3.4973400587994707e-05,2.502843450514101e-07,0.2560988286024744,0.31914033773349076,0.33547767995707284
863,PAT_6704,POD8,POD8,LM,concat,1,\\nasac-m2.unige.ch\m-HumanNeuronLab\ANALYSIS\FLM\Analysis_LoraFanda\01_FBM_Analysis\outputs\04_ersp_LM_RAWONLY\PAT_6704\LM\ERSP_matrix\audio\PAT_6704_audio_WM_ERSP_POD8_TN.npy,\\nasac-m2.unige.ch\m-HumanNeuronLab\ANALYSIS\FLM\Analysis_LoraFanda\01_FBM_Analysis\outputs\04_ersp_LM_RAWONLY\PAT_6704\LM\ERSP_matrix\audio\PAT_6704_audio_WM_ERSP_POD8_TN.npy,\\nasac-m2.unige.ch\m-HumanNeuronLab\ANALYSIS\FLM\Analysis_LoraFanda\01_FBM_Analysis\outputs\04_ersp_LM_RAWONLY\PAT_6704\LM\ERSP_matrix\picture\PAT_6704_picture_WM_ERSP_POD8_TN.npy,\\nasac-m2.unige.ch\m-HumanNeuronLab\ANALYSIS\FLM\Analysis_LoraFanda\01_FBM_Analysis\outputs\04_ersp_LM_RAWONLY\PAT_6704\LM\ERSP_matrix\reading\PAT_6704_reading_WM_ERSP_POD8_TN.npy,1,0.13545364,1,PAT_6704|POD8,6.315621558235483e-10,0.2831211788329818,0.30926254406720866,0.0049541124490481035,0.39701954683709945,0.004358179024648614,0.0012844381574512326
864,PAT_6704,PSD6,PSD6,LM,concat,1,\\nasac-m2.unige.ch\m-HumanNeuronLab\ANALYSIS\FLM\Analysis_LoraFanda\01_FBM_Analysis\outputs\04_ersp_LM_RAWONLY\PAT_6704\LM\ERSP_matrix\audio\PAT_6704_audio_WM_ERSP_PSD6_TN.npy,\\nasac-m2.unige.ch\m-HumanNeuronLab\ANALYSIS\FLM\Analysis_LoraFanda\01_FBM_Analysis\outputs\04_ersp_LM_RAWONLY\PAT_6704\LM\ERSP_matrix\audio\PAT_6704_audio_WM_ERSP_PSD6_TN.npy,\\nasac-m2.unige.ch\m-HumanNeuronLab\ANALYSIS\FLM\Analysis_LoraFanda\01_FBM_Analysis\outputs\04_ersp_LM_RAWONLY\PAT_6704\LM\ERSP_matrix\picture\PAT_6704_picture_WM_ERSP_PSD6_TN.npy,\\nasac-m2.unige.ch\m-HumanNeuronLab\ANALYSIS\FLM\Analysis_LoraFanda\01_FBM_Analysis\outputs\04_ersp_LM_RAWONLY\PAT_6704\LM\ERSP_matrix\reading\PAT_6704_reading_WM_ERSP_PSD6_TN.npy,1,0.29229158,1,PAT_6704|PSD6,0.2557126195488451,9.342551797864561e-32,0.7353237854510185,2.146628761196836e-09,2.026917505040566e-21,1.9582510595605276e-21,0.008963592853507675
865,PAT_6704,SMD15,SMD15,LM,concat,1,\\nasac-m2.unige.ch\m-HumanNeuronLab\ANALYSIS\FLM\Analysis_LoraFanda\01_FBM_Analysis\outputs\04_ersp_LM_RAWONLY\PAT_6704\LM\ERSP_matrix\audio\PAT_6704_audio_WM_ERSP_SMD15_TN.npy,\\nasac-m2.unige.ch\m-HumanNeuronLab\ANALYSIS\FLM\Analysis_LoraFanda\01_FBM_Analysis\outputs\04_ersp_LM_RAWONLY\PAT_6704\LM\ERSP_matrix\audio\PAT_6704_audio_WM_ERSP_SMD15_TN.npy,\\nasac-m2.unige.ch\m-HumanNeuronLab\ANALYSIS\FLM\Analysis_LoraFanda\01_FBM_Analysis\outputs\04_ersp_LM_RAWONLY\PAT_6704\LM\ERSP_matrix\picture\PAT_6704_picture_WM_ERSP_SMD15_TN.npy,\\nasac-m2.unige.ch\m-HumanNeuronLab\ANALYSIS\FLM\Analysis_LoraFanda\01_FBM_Analysis\outputs\04_ersp_LM_RAWONLY\PAT_6704\LM\ERSP_matrix\reading\PAT_6704_reading_WM_ERSP_SMD15_TN.npy,3,0.15073521,3,PAT_6704|SMD15,0.08889498660106783,0.09437876194339401,0.19121642739638237,0.16881535502037504,0.37440106049993216,0.08229045091554801,2.9576233007013053e-06
866,PAT_6704,THD1,THD1,LM,concat,3,\\nasac-m2.unige.ch\m-HumanNeuronLab\ANALYSIS\FLM\Analysis_LoraFanda\01_FBM_Analysis\outputs\04_ersp_LM_RAWONLY\PAT_6704\LM\ERSP_matrix\audio\PAT_6704_audio_WM_ERSP_THD1_TN.npy,\\nasac-m2.unige.ch\m-HumanNeuronLab\ANALYSIS\FLM\Analysis_LoraFanda\01_FBM_Analysis\outputs\04_ersp_LM_RAWONLY\PAT_6704\LM\ERSP_matrix\audio\PAT_6704_audio_WM_ERSP_THD1_TN.npy,\\nasac-m2.unige.ch\m-HumanNeuronLab\ANALYSIS\FLM\Analysis_LoraFanda\01_FBM_Analysis\outputs\04_ersp_LM_RAWONLY\PAT_6704\LM\ERSP_matrix\picture\PAT_6704_picture_WM_ERSP_THD1_TN.npy,\\nasac-m2.unige.ch\m-HumanNeuronLab\ANALYSIS\FLM\Analysis_LoraFanda\01_FBM_Analysis\outputs\04_ersp_LM_RAWONLY\PAT_6704\LM\ERSP_matrix\reading\PAT_6704_reading_WM_ERSP_THD1_TN.npy,4,0.16904265,4,PAT_6704|THD1,4.332260321530371e-05,0.448818144494716,0.08194870421110277,8.580613048731233e-06,0.2626023848795007,0.1242106098606646,0.08236825333775191
867,PAT_6704,THD2,THD2,LM,concat,2,\\nasac-m2.unige.ch\m-HumanNeuronLab\ANALYSIS\FLM\Analysis_LoraFanda\01_FBM_Analysis\outputs\04_ersp_LM_RAWONLY\PAT_6704\LM\ERSP_matrix\audio\PAT_6704_audio_WM_ERSP_THD2_TN.npy,\\nasac-m2.unige.ch\m-HumanNeuronLab\ANALYSIS\FLM\Analysis_LoraFanda\01_FBM_Analysis\outputs\04_ersp_LM_RAWONLY\PAT_6704\LM\ERSP_matrix\audio\PAT_6704_audio_WM_ERSP_THD2_TN.npy,\\nasac-m2.unige.ch\m-HumanNeuronLab\ANALYSIS\FLM\Analysis_LoraFanda\01_FBM_Analysis\outputs\04_ersp_LM_RAWONLY\PAT_6704\LM\ERSP_matrix\picture\PAT_6704_picture_WM_ERSP_THD2_TN.npy,\\nasac-m2.unige.ch\m-HumanNeuronLab\ANALYSIS\FLM\Analysis_LoraFanda\01_FBM_Analysis\outputs\04_ersp_LM_RAWONLY\PAT_6704\LM\ERSP_matrix\reading\PAT_6704_reading_WM_ERSP_THD2_TN.npy,4,0.09027628,4,PAT_6704|THD2,2.6285339016413946e-13,0.4873315687190309,0.06928932280216753,1.0140279185311684e-05,0.1997950381269281,0.15759441664752188,0.08597951342490351
868,PAT_6704,THD3,THD3,LM,concat,2,\\nasac-m2.unige.ch\m-HumanNeuronLab\ANALYSIS\FLM\Analysis_LoraFanda\01_FBM_Analysis\outputs\04_ersp_LM_RAWONLY\PAT_6704\LM\ERSP_matrix\audio\PAT_6704_audio_WM_ERSP_THD3_TN.npy,\\nasac-m2.unige.ch\m-HumanNeuronLab\ANALYSIS\FLM\Analysis_LoraFanda\01_FBM_Analysis\outputs\04_ersp_LM_RAWONLY\PAT_6704\LM\ERSP_matrix\audio\PAT_6704_audio_WM_ERSP_THD3_TN.npy,\\nasac-m2.unige.ch\m-HumanNeuronLab\ANALYSIS\FLM\Analysis_LoraFanda\01_FBM_Analysis\outputs\04_ersp_LM_RAWONLY\PAT_6704\LM\ERSP_matrix\picture\PAT_6704_picture_WM_ERSP_THD3_TN.npy,\\nasac-m2.unige.ch\m-HumanNeuronLab\ANALYSIS\FLM\Analysis_LoraFanda\01_FBM_Analysis\outputs\04_ersp_LM_RAWONLY\PAT_6704\LM\ERSP_matrix\reading\PAT_6704_reading_WM_ERSP_THD3_TN.npy,4,0.120867856,4,PAT_6704|THD3,5.0941617884034335e-06,0.47096332641976385,0.14290693905983406,6.217519761073987e-05,0.1336514733841139,0.22026873721124654,0.03214225456564254
869,PAT_6704,THD4,THD4,LM,concat,2,\\nasac-m2.unige.ch\m-HumanNeuronLab\ANALYSIS\FLM\Analysis_LoraFanda\01_FBM_Analysis\outputs\04_ersp_LM_RAWONLY\PAT_6704\LM\ERSP_matrix\audio\PAT_6704_audio_WM_ERSP_THD4_TN.npy,\\nasac-m2.unige.ch\m-HumanNeuronLab\ANALYSIS\FLM\Analysis_LoraFanda\01_FBM_Analysis\outputs\04_ersp_LM_RAWONLY\PAT_6704\LM\ERSP_matrix\audio\PAT_6704_audio_WM_ERSP_THD4_TN.npy,\\nasac-m2.unige.ch\m-HumanNeuronLab\ANALYSIS\FLM\Analysis_LoraFanda\01_FBM_Analysis\outputs\04_ersp_LM_RAWONLY\PAT_6704\LM\ERSP_matrix\picture\PAT_6704_picture_WM_ERSP_THD4_TN.npy,\\nasac-m2.unige.ch\m-HumanNeuronLab\ANALYSIS\FLM\Analysis_LoraFanda\01_FBM_Analysis\outputs\04_ersp_LM_RAWONLY\PAT_6704\LM\ERSP_matrix\reading\PAT_6704_reading_WM_ERSP_THD4_TN.npy,4,5.7878384e-05,4,PAT_6704|THD4,0.024110824217027985,0.4263413013034954,0.1668029811877528,0.00018687274858267874,0.14592024303003143,0.19557926621042157,0.04105851130268801
870,PAT_6704,THD5,THD5,LM,concat,1,\\nasac-m2.unige.ch\m-HumanNeuronLab\ANALYSIS\FLM\Analysis_LoraFanda\01_FBM_Analysis\outputs\04_ersp_LM_RAWONLY\PAT_6704\LM\ERSP_matrix\audio\PAT_6704_audio_WM_ERSP_THD5_TN.npy,\\nasac-m2.unige.ch\m-HumanNeuronLab\ANALYSIS\FLM\Analysis_LoraFanda\01_FBM_Analysis\outputs\04_ersp_LM_RAWONLY\PAT_6704\LM\ERSP_matrix\audio\PAT_6704_audio_WM_ERSP_THD5_TN.npy,\\nasac-m2.unige.ch\m-HumanNeuronLab\ANALYSIS\FLM\Analysis_LoraFanda\01_FBM_Analysis\outputs\04_ersp_LM_RAWONLY\PAT_6704\LM\ERSP_matrix\picture\PAT_6704_picture_WM_ERSP_THD5_TN.npy,\\nasac-m2.unige.ch\m-HumanNeuronLab\ANALYSIS\FLM\Analysis_LoraFanda\01_FBM_Analysis\outputs\04_ersp_LM_RAWONLY\PAT_6704\LM\ERSP_matrix\reading\PAT_6704_reading_WM_ERSP_THD5_TN.npy,1,0.28054202,1,PAT_6704|THD5,0.0010531668266091023,0.414597504127994,0.242664444770947,0.047709972256411756,0.0021730747825041254,0.29178912433367443,1.271290185940436e-05
871,PAT_6704,THD8,THD8,LM,concat,1,\\nasac-m2.unige.ch\m-HumanNeuronLab\ANALYSIS\FLM\Analysis_LoraFanda\01_FBM_Analysis\outputs\04_ersp_LM_RAWONLY\PAT_6704\LM\ERSP_matrix\audio\PAT_6704_audio_WM_ERSP_THD8_TN.npy,\\nasac-m2.unige.ch\m-HumanNeuronLab\ANALYSIS\FLM\Analysis_LoraFanda\01_FBM_Analysis\outputs\04_ersp_LM_RAWONLY\PAT_6704\LM\ERSP_matrix\audio\PAT_6704_audio_WM_ERSP_THD8_TN.npy,\\nasac-m2.unige.ch\m-HumanNeuronLab\ANALYSIS\FLM\Analysis_LoraFanda\01_FBM_Analysis\outputs\04_ersp_LM_RAWONLY\PAT_6704\LM\ERSP_matrix\picture\PAT_6704_picture_WM_ERSP_THD8_TN.npy,\\nasac-m2.unige.ch\m-HumanNeuronLab\ANALYSIS\FLM\Analysis_LoraFanda\01_FBM_Analysis\outputs\04_ersp_LM_RAWONLY\PAT_6704\LM\ERSP_matrix\reading\PAT_6704_reading_WM_ERSP_THD8_TN.npy,2,0.15116866,2,PAT_6704|THD8,0.025248488599024486,0.1287296497710927,0.12643150573223247,0.3523782038216774,0.28142974230353746,0.0852053622708192,0.0005770475016162745
872,PAT_6704,TPD1,TPD1,LM,concat,1,\\nasac-m2.unige.ch\m-HumanNeuronLab\ANALYSIS\FLM\Analysis_LoraFanda\01_FBM_Analysis\outputs\04_ersp_LM_RAWONLY\PAT_6704\LM\ERSP_matrix\audio\PAT_6704_audio_WM_ERSP_TPD1_TN.npy,\\nasac-m2.unige.ch\m-HumanNeuronLab\ANALYSIS\FLM\Analysis_LoraFanda\01_FBM_Analysis\outputs\04_ersp_LM_RAWONLY\PAT_6704\LM\ERSP_matrix\audio\PAT_6704_audio_WM_ERSP_TPD1_TN.npy,\\nasac-m2.unige.ch\m-HumanNeuronLab\ANALYSIS\FLM\Analysis_LoraFanda\01_FBM_Analysis\outputs\04_ersp_LM_RAWONLY\PAT_6704\LM\ERSP_matrix\picture\PAT_6704_picture_WM_ERSP_TPD1_TN.npy,\\nasac-m2.unige.ch\m-HumanNeuronLab\ANALYSIS\FLM\Analysis_LoraFanda\01_FBM_Analysis\outputs\04_ersp_LM_RAWONLY\PAT_6704\LM\ERSP_matrix\reading\PAT_6704_reading_WM_ERSP_TPD1_TN.npy,3,-0.10437526,3,PAT_6704|TPD1,0.1746054944629384,0.0943539147407975,0.22131736681220732,0.0913282651419049,0.29865227809731476,0.11940428247625524,0.000338398268581821
873,PAT_6704,TPD3,TPD3,LM,concat,1,\\nasac-m2.unige.ch\m-HumanNeuronLab\ANALYSIS\FLM\Analysis_LoraFanda\01_FBM_Analysis\outputs\04_ersp_LM_RAWONLY\PAT_6704\LM\ERSP_matrix\audio\PAT_6704_audio_WM_ERSP_TPD3_TN.npy,\\nasac-m2.unige.ch\m-HumanNeuronLab\ANALYSIS\FLM\Analysis_LoraFanda\01_FBM_Analysis\outputs\04_ersp_LM_RAWONLY\PAT_6704\LM\ERSP_matrix\audio\PAT_6704_audio_WM_ERSP_TPD3_TN.npy,\\nasac-m2.unige.ch\m-HumanNeuronLab\ANALYSIS\FLM\Analysis_LoraFanda\01_FBM_Analysis\outputs\04_ersp_LM_RAWONLY\PAT_6704\LM\ERSP_matrix\picture\PAT_6704_picture_WM_ERSP_TPD3_TN.npy,\\nasac-m2.unige.ch\m-HumanNeuronLab\ANALYSIS\FLM\Analysis_LoraFanda\01_FBM_Analysis\outputs\04_ersp_LM_RAWONLY\PAT_6704\LM\ERSP_matrix\reading\PAT_6704_reading_WM_ERSP_TPD3_TN.npy,3,-0.0317052,3,PAT_6704|TPD3,0.15254816280773031,0.09840644782996788,0.24127963702551283,0.05598574744844168,0.3912756933805249,0.060333085993815504,0.00017122551400677782
874,PAT_6704,TPD4,TPD4,LM,concat,1,\\nasac-m2.unige.ch\m-HumanNeuronLab\ANALYSIS\FLM\Analysis_LoraFanda\01_FBM_Analysis\outputs\04_ersp_LM_RAWONLY\PAT_6704\LM\ERSP_matrix\audio\PAT_6704_audio_WM_ERSP_TPD4_TN.npy,\\nasac-m2.unige.ch\m-HumanNeuronLab\ANALYSIS\FLM\Analysis_LoraFanda\01_FBM_Analysis\outputs\04_ersp_LM_RAWONLY\PAT_6704\LM\ERSP_matrix\audio\PAT_6704_audio_WM_ERSP_TPD4_TN.npy,\\nasac-m2.unige.ch\m-HumanNeuronLab\ANALYSIS\FLM\Analysis_LoraFanda\01_FBM_Analysis\outputs\04_ersp_LM_RAWONLY\PAT_6704\LM\ERSP_matrix\picture\PAT_6704_picture_WM_ERSP_TPD4_TN.npy,\\nasac-m2.unige.ch\m-HumanNeuronLab\ANALYSIS\FLM\Analysis_LoraFanda\01_FBM_Analysis\outputs\04_ersp_LM_RAWONLY\PAT_6704\LM\ERSP_matrix\reading\PAT_6704_reading_WM_ERSP_TPD4_TN.npy,3,-0.02409993,3,PAT_6704|TPD4,0.15099074333042609,0.08542179093763294,0.18668578579301162,0.06333860621605314,0.445241584698616,0.06821463706860263,0.00010685195565760626
875,PAT_6704,TPD5,TPD5,LM,concat,1,\\nasac-m2.unige.ch\m-HumanNeuronLab\ANALYSIS\FLM\Analysis_LoraFanda\01_FBM_Analysis\outputs\04_ersp_LM_RAWONLY\PAT_6704\LM\ERSP_matrix\audio\PAT_6704_audio_WM_ERSP_TPD5_TN.npy,\\nasac-m2.unige.ch\m-HumanNeuronLab\ANALYSIS\FLM\Analysis_LoraFanda\01_FBM_Analysis\outputs\04_ersp_LM_RAWONLY\PAT_6704\LM\ERSP_matrix\audio\PAT_6704_audio_WM_ERSP_TPD5_TN.npy,\\nasac-m2.unige.ch\m-HumanNeuronLab\ANALYSIS\FLM\Analysis_LoraFanda\01_FBM_Analysis\outputs\04_ersp_LM_RAWONLY\PAT_6704\LM\ERSP_matrix\picture\PAT_6704_picture_WM_ERSP_TPD5_TN.npy,\\nasac-m2.unige.ch\m-HumanNeuronLab\ANALYSIS\FLM\Analysis_LoraFanda\01_FBM_Analysis\outputs\04_ersp_LM_RAWONLY\PAT_6704\LM\ERSP_matrix\reading\PAT_6704_reading_WM_ERSP_TPD5_TN.npy,3,0.028149605,3,PAT_6704|TPD5,0.09569009104830972,0.08863074112237891,0.1992174156751723,0.07595518485475194,0.49592186754767204,0.04456242370460055,2.2276047114793e-05
876,PAT_6704,TPD6,TPD6,LM,concat,1,\\nasac-m2.unige.ch\m-HumanNeuronLab\ANALYSIS\FLM\Analysis_LoraFanda\01_FBM_Analysis\outputs\04_ersp_LM_RAWONLY\PAT_6704\LM\ERSP_matrix\audio\PAT_6704_audio_WM_ERSP_TPD6_TN.npy,\\nasac-m2.unige.ch\m-HumanNeuronLab\ANALYSIS\FLM\Analysis_LoraFanda\01_FBM_Analysis\outputs\04_ersp_LM_RAWONLY\PAT_6704\LM\ERSP_matrix\audio\PAT_6704_audio_WM_ERSP_TPD6_TN.npy,\\nasac-m2.unige.ch\m-HumanNeuronLab\ANALYSIS\FLM\Analysis_LoraFanda\01_FBM_Analysis\outputs\04_ersp_LM_RAWONLY\PAT_6704\LM\ERSP_matrix\picture\PAT_6704_picture_WM_ERSP_TPD6_TN.npy,\\nasac-m2.unige.ch\m-HumanNeuronLab\ANALYSIS\FLM\Analysis_LoraFanda\01_FBM_Analysis\outputs\04_ersp_LM_RAWONLY\PAT_6704\LM\ERSP_matrix\reading\PAT_6704_reading_WM_ERSP_TPD6_TN.npy,3,0.085762605,3,PAT_6704|TPD6,0.07554800919043897,0.09765649560713034,0.20105645060477959,0.05856441925908151,0.5401964655699885,0.026943866846930658,3.429292165055955e-05
877,PAT_6704,TPD7,TPD7,LM,concat,1,\\nasac-m2.unige.ch\m-HumanNeuronLab\ANALYSIS\FLM\Analysis_LoraFanda\01_FBM_Analysis\outputs\04_ersp_LM_RAWONLY\PAT_6704\LM\ERSP_matrix\audio\PAT_6704_audio_WM_ERSP_TPD7_TN.npy,\\nasac-m2.unige.ch\m-HumanNeuronLab\ANALYSIS\FLM\Analysis_LoraFanda\01_FBM_Analysis\outputs\04_ersp_LM_RAWONLY\PAT_6704\LM\ERSP_matrix\audio\PAT_6704_audio_WM_ERSP_TPD7_TN.npy,\\nasac-m2.unige.ch\m-HumanNeuronLab\ANALYSIS\FLM\Analysis_LoraFanda\01_FBM_Analysis\outputs\04_ersp_LM_RAWONLY\PAT_6704\LM\ERSP_matrix\picture\PAT_6704_picture_WM_ERSP_TPD7_TN.npy,\\nasac-m2.unige.ch\m-HumanNeuronLab\ANALYSIS\FLM\Analysis_LoraFanda\01_FBM_Analysis\outputs\04_ersp_LM_RAWONLY\PAT_6704\LM\ERSP_matrix\reading\PAT_6704_reading_WM_ERSP_TPD7_TN.npy,3,0.12753755,3,PAT_6704|TPD7,0.03974234530819531,0.09228016595811767,0.20999842075853084,0.06819989122458459,0.5526370519521968,0.037122938879641715,1.9185918733058353e-05
878,PAT_6704,TPD8,TPD8,LM,concat,1,\\nasac-m2.unige.ch\m-HumanNeuronLab\ANALYSIS\FLM\Analysis_LoraFanda\01_FBM_Analysis\outputs\04_ersp_LM_RAWONLY\PAT_6704\LM\ERSP_matrix\audio\PAT_6704_audio_WM_ERSP_TPD8_TN.npy,\\nasac-m2.unige.ch\m-HumanNeuronLab\ANALYSIS\FLM\Analysis_LoraFanda\01_FBM_Analysis\outputs\04_ersp_LM_RAWONLY\PAT_6704\LM\ERSP_matrix\audio\PAT_6704_audio_WM_ERSP_TPD8_TN.npy,\\nasac-m2.unige.ch\m-HumanNeuronLab\ANALYSIS\FLM\Analysis_LoraFanda\01_FBM_Analysis\outputs\04_ersp_LM_RAWONLY\PAT_6704\LM\ERSP_matrix\picture\PAT_6704_picture_WM_ERSP_TPD8_TN.npy,\\nasac-m2.unige.ch\m-HumanNeuronLab\ANALYSIS\FLM\Analysis_LoraFanda\01_FBM_Analysis\outputs\04_ersp_LM_RAWONLY\PAT_6704\LM\ERSP_matrix\reading\PAT_6704_reading_WM_ERSP_TPD8_TN.npy,3,0.14893615,3,PAT_6704|TPD8,0.028647709096336897,0.08973871507295361,0.2194516357184221,0.0707403499613966,0.5839933821857733,0.007421966382678189,6.241582439228152e-06
879,PAT_6704,TPD9,TPD9,LM,concat,1,\\nasac-m2.unige.ch\m-HumanNeuronLab\ANALYSIS\FLM\Analysis_LoraFanda\01_FBM_Analysis\outputs\04_ersp_LM_RAWONLY\PAT_6704\LM\ERSP_matrix\audio\PAT_6704_audio_WM_ERSP_TPD9_TN.npy,\\nasac-m2.unige.ch\m-HumanNeuronLab\ANALYSIS\FLM\Analysis_LoraFanda\01_FBM_Analysis\outputs\04_ersp_LM_RAWONLY\PAT_6704\LM\ERSP_matrix\audio\PAT_6704_audio_WM_ERSP_TPD9_TN.npy,\\nasac-m2.unige.ch\m-HumanNeuronLab\ANALYSIS\FLM\Analysis_LoraFanda\01_FBM_Analysis\outputs\04_ersp_LM_RAWONLY\PAT_6704\LM\ERSP_matrix\picture\PAT_6704_picture_WM_ERSP_TPD9_TN.npy,\\nasac-m2.unige.ch\m-HumanNeuronLab\ANALYSIS\FLM\Analysis_LoraFanda\01_FBM_Analysis\outputs\04_ersp_LM_RAWONLY\PAT_6704\LM\ERSP_matrix\reading\PAT_6704_reading_WM_ERSP_TPD9_TN.npy,3,0.18037288,3,PAT_6704|TPD9,0.003257280691765713,0.12180606347577014,0.2428242614106089,0.11715637293433356,0.5145235804782861,0.00042179027309924847,1.0650736136162255e-05
880,PAT_6854,AD2,AD2,LM,concat,1,\\nasac-m2.unige.ch\m-HumanNeuronLab\ANALYSIS\FLM\Analysis_LoraFanda\01_FBM_Analysis\outputs\04_ersp_LM_RAWONLY\PAT_6854\LM\ERSP_matrix\audio\PAT_6854_audio_WM_ERSP_AD2_TN.npy,\\nasac-m2.unige.ch\m-HumanNeuronLab\ANALYSIS\FLM\Analysis_LoraFanda\01_FBM_Analysis\outputs\04_ersp_LM_RAWONLY\PAT_6854\LM\ERSP_matrix\audio\PAT_6854_audio_WM_ERSP_AD2_TN.npy,\\nasac-m2.unige.ch\m-HumanNeuronLab\ANALYSIS\FLM\Analysis_LoraFanda\01_FBM_Analysis\outputs\04_ersp_LM_RAWONLY\PAT_6854\LM\ERSP_matrix\picture\PAT_6854_picture_WM_ERSP_AD2_TN.npy,\\nasac-m2.unige.ch\m-HumanNeuronLab\ANALYSIS\FLM\Analysis_LoraFanda\01_FBM_Analysis\outputs\04_ersp_LM_RAWONLY\PAT_6854\LM\ERSP_matrix\reading\PAT_6854_reading_WM_ERSP_AD2_TN.npy,1,0.3215341,1,PAT_6854|AD2,0.058888248691832554,0.10214881105410972,7.893312487298805e-18,0.23866578365273797,0.08008285171020836,0.15507579969533972,0.3651385051957717
881,PAT_6854,AD3,AD3,LM,concat,1,\\nasac-m2.unige.ch\m-HumanNeuronLab\ANALYSIS\FLM\Analysis_LoraFanda\01_FBM_Analysis\outputs\04_ersp_LM_RAWONLY\PAT_6854\LM\ERSP_matrix\audio\PAT_6854_audio_WM_ERSP_AD3_TN.npy,\\nasac-m2.unige.ch\m-HumanNeuronLab\ANALYSIS\FLM\Analysis_LoraFanda\01_FBM_Analysis\outputs\04_ersp_LM_RAWONLY\PAT_6854\LM\ERSP_matrix\audio\PAT_6854_audio_WM_ERSP_AD3_TN.npy,\\nasac-m2.unige.ch\m-HumanNeuronLab\ANALYSIS\FLM\Analysis_LoraFanda\01_FBM_Analysis\outputs\04_ersp_LM_RAWONLY\PAT_6854\LM\ERSP_matrix\picture\PAT_6854_picture_WM_ERSP_AD3_TN.npy,\\nasac-m2.unige.ch\m-HumanNeuronLab\ANALYSIS\FLM\Analysis_LoraFanda\01_FBM_Analysis\outputs\04_ersp_LM_RAWONLY\PAT_6854\LM\ERSP_matrix\reading\PAT_6854_reading_WM_ERSP_AD3_TN.npy,1,0.24965549,1,PAT_6854|AD3,0.1278668316746215,0.05364612419426395,3.852143268024894e-21,0.21909394118268707,0.10198309733413859,0.21122612485727094,0.28618388075701784
882,PAT_6854,AD4,AD4,LM,concat,2,\\nasac-m2.unige.ch\m-HumanNeuronLab\ANALYSIS\FLM\Analysis_LoraFanda\01_FBM_Analysis\outputs\04_ersp_LM_RAWONLY\PAT_6854\LM\ERSP_matrix\audio\PAT_6854_audio_WM_ERSP_AD4_TN.npy,\\nasac-m2.unige.ch\m-HumanNeuronLab\ANALYSIS\FLM\Analysis_LoraFanda\01_FBM_Analysis\outputs\04_ersp_LM_RAWONLY\PAT_6854\LM\ERSP_matrix\audio\PAT_6854_audio_WM_ERSP_AD4_TN.npy,\\nasac-m2.unige.ch\m-HumanNeuronLab\ANALYSIS\FLM\Analysis_LoraFanda\01_FBM_Analysis\outputs\04_ersp_LM_RAWONLY\PAT_6854\LM\ERSP_matrix\picture\PAT_6854_picture_WM_ERSP_AD4_TN.npy,\\nasac-m2.unige.ch\m-HumanNeuronLab\ANALYSIS\FLM\Analysis_LoraFanda\01_FBM_Analysis\outputs\04_ersp_LM_RAWONLY\PAT_6854\LM\ERSP_matrix\reading\PAT_6854_reading_WM_ERSP_AD4_TN.npy,1,0.17660965,1,PAT_6854|AD4,0.1250254117695807,0.08713086964077221,1.1855225061105594e-19,0.1740259130771876,0.10248561396464172,0.20107526828564648,0.31025692326217136
883,PAT_6854,AD5,AD5,LM,concat,2,\\nasac-m2.unige.ch\m-HumanNeuronLab\ANALYSIS\FLM\Analysis_LoraFanda\01_FBM_Analysis\outputs\04_ersp_LM_RAWONLY\PAT_6854\LM\ERSP_matrix\audio\PAT_6854_audio_WM_ERSP_AD5_TN.npy,\\nasac-m2.unige.ch\m-HumanNeuronLab\ANALYSIS\FLM\Analysis_LoraFanda\01_FBM_Analysis\outputs\04_ersp_LM_RAWONLY\PAT_6854\LM\ERSP_matrix\audio\PAT_6854_audio_WM_ERSP_AD5_TN.npy,\\nasac-m2.unige.ch\m-HumanNeuronLab\ANALYSIS\FLM\Analysis_LoraFanda\01_FBM_Analysis\outputs\04_ersp_LM_RAWONLY\PAT_6854\LM\ERSP_matrix\picture\PAT_6854_picture_WM_ERSP_AD5_TN.npy,\\nasac-m2.unige.ch\m-HumanNeuronLab\ANALYSIS\FLM\Analysis_LoraFanda\01_FBM_Analysis\outputs\04_ersp_LM_RAWONLY\PAT_6854\LM\ERSP_matrix\reading\PAT_6854_reading_WM_ERSP_AD5_TN.npy,1,0.1407118,1,PAT_6854|AD5,0.0705101395026482,0.07850895456649001,1.797241857112859e-05,0.0722108261238988,0.20847044812479704,0.23318923690198853,0.33709242236160625
884,PAT_6854,AD6,AD6,LM,concat,2,\\nasac-m2.unige.ch\m-HumanNeuronLab\ANALYSIS\FLM\Analysis_LoraFanda\01_FBM_Analysis\outputs\04_ersp_LM_RAWONLY\PAT_6854\LM\ERSP_matrix\audio\PAT_6854_audio_WM_ERSP_AD6_TN.npy,\\nasac-m2.unige.ch\m-HumanNeuronLab\ANALYSIS\FLM\Analysis_LoraFanda\01_FBM_Analysis\outputs\04_ersp_LM_RAWONLY\PAT_6854\LM\ERSP_matrix\audio\PAT_6854_audio_WM_ERSP_AD6_TN.npy,\\nasac-m2.unige.ch\m-HumanNeuronLab\ANALYSIS\FLM\Analysis_LoraFanda\01_FBM_Analysis\outputs\04_ersp_LM_RAWONLY\PAT_6854\LM\ERSP_matrix\picture\PAT_6854_picture_WM_ERSP_AD6_TN.npy,\\nasac-m2.unige.ch\m-HumanNeuronLab\ANALYSIS\FLM\Analysis_LoraFanda\01_FBM_Analysis\outputs\04_ersp_LM_RAWONLY\PAT_6854\LM\ERSP_matrix\reading\PAT_6854_reading_WM_ERSP_AD6_TN.npy,1,0.1413744,1,PAT_6854|AD6,0.07163677661131328,0.10394048854291336,4.704076998480784e-10,0.11513486742049983,0.1737242977473738,0.20402942896618004,0.3315341402413119
885,PAT_6854,AD7,AD7,LM,concat,2,\\nasac-m2.unige.ch\m-HumanNeuronLab\ANALYSIS\FLM\Analysis_LoraFanda\01_FBM_Analysis\outputs\04_ersp_LM_RAWONLY\PAT_6854\LM\ERSP_matrix\audio\PAT_6854_audio_WM_ERSP_AD7_TN.npy,\\nasac-m2.unige.ch\m-HumanNeuronLab\ANALYSIS\FLM\Analysis_LoraFanda\01_FBM_Analysis\outputs\04_ersp_LM_RAWONLY\PAT_6854\LM\ERSP_matrix\audio\PAT_6854_audio_WM_ERSP_AD7_TN.npy,\\nasac-m2.unige.ch\m-HumanNeuronLab\ANALYSIS\FLM\Analysis_LoraFanda\01_FBM_Analysis\outputs\04_ersp_LM_RAWONLY\PAT_6854\LM\ERSP_matrix\picture\PAT_6854_picture_WM_ERSP_AD7_TN.npy,\\nasac-m2.unige.ch\m-HumanNeuronLab\ANALYSIS\FLM\Analysis_LoraFanda\01_FBM_Analysis\outputs\04_ersp_LM_RAWONLY\PAT_6854\LM\ERSP_matrix\reading\PAT_6854_reading_WM_ERSP_AD7_TN.npy,1,0.18155535,1,PAT_6854|AD7,0.010876100151164683,0.1369383054520826,1.6861944217809688e-11,0.12483153802149993,0.1913536160809787,0.23439804607247103,0.30160239420494117
886,PAT_6854,AD8,AD8,LM,concat,2,\\nasac-m2.unige.ch\m-HumanNeuronLab\ANALYSIS\FLM\Analysis_LoraFanda\01_FBM_Analysis\outputs\04_ersp_LM_RAWONLY\PAT_6854\LM\ERSP_matrix\audio\PAT_6854_audio_WM_ERSP_AD8_TN.npy,\\nasac-m2.unige.ch\m-HumanNeuronLab\ANALYSIS\FLM\Analysis_LoraFanda\01_FBM_Analysis\outputs\04_ersp_LM_RAWONLY\PAT_6854\LM\ERSP_matrix\audio\PAT_6854_audio_WM_ERSP_AD8_TN.npy,\\nasac-m2.unige.ch\m-HumanNeuronLab\ANALYSIS\FLM\Analysis_LoraFanda\01_FBM_Analysis\outputs\04_ersp_LM_RAWONLY\PAT_6854\LM\ERSP_matrix\picture\PAT_6854_picture_WM_ERSP_AD8_TN.npy,\\nasac-m2.unige.ch\m-HumanNeuronLab\ANALYSIS\FLM\Analysis_LoraFanda\01_FBM_Analysis\outputs\04_ersp_LM_RAWONLY\PAT_6854\LM\ERSP_matrix\reading\PAT_6854_reading_WM_ERSP_AD8_TN.npy,1,0.2805924,1,PAT_6854|AD8,8.725674585436973e-06,0.11624697431977206,5.776922805363983e-10,0.17483777385931698,0.18785943676104191,0.22197629962386314,0.2990707891837282
887,PAT_6854,AD9,AD9,LM,concat,2,\\nasac-m2.unige.ch\m-HumanNeuronLab\ANALYSIS\FLM\Analysis_LoraFanda\01_FBM_Analysis\outputs\04_ersp_LM_RAWONLY\PAT_6854\LM\ERSP_matrix\audio\PAT_6854_audio_WM_ERSP_AD9_TN.npy,\\nasac-m2.unige.ch\m-HumanNeuronLab\ANALYSIS\FLM\Analysis_LoraFanda\01_FBM_Analysis\outputs\04_ersp_LM_RAWONLY\PAT_6854\LM\ERSP_matrix\audio\PAT_6854_audio_WM_ERSP_AD9_TN.npy,\\nasac-m2.unige.ch\m-HumanNeuronLab\ANALYSIS\FLM\Analysis_LoraFanda\01_FBM_Analysis\outputs\04_ersp_LM_RAWONLY\PAT_6854\LM\ERSP_matrix\picture\PAT_6854_picture_WM_ERSP_AD9_TN.npy,\\nasac-m2.unige.ch\m-HumanNeuronLab\ANALYSIS\FLM\Analysis_LoraFanda\01_FBM_Analysis\outputs\04_ersp_LM_RAWONLY\PAT_6854\LM\ERSP_matrix\reading\PAT_6854_reading_WM_ERSP_AD9_TN.npy,1,0.30464324,1,PAT_6854|AD9,1.8700136214478297e-16,0.1864551352355914,0.13086733327609412,0.03319739258174071,0.26752963466028323,0.20917642032860975,0.17277408391768054
888,PAT_6854,AG1,AG1,LM,concat,1,\\nasac-m2.unige.ch\m-HumanNeuronLab\ANALYSIS\FLM\Analysis_LoraFanda\01_FBM_Analysis\outputs\04_ersp_LM_RAWONLY\PAT_6854\LM\ERSP_matrix\audio\PAT_6854_audio_WM_ERSP_AG1_TN.npy,\\nasac-m2.unige.ch\m-HumanNeuronLab\ANALYSIS\FLM\Analysis_LoraFanda\01_FBM_Analysis\outputs\04_ersp_LM_RAWONLY\PAT_6854\LM\ERSP_matrix\audio\PAT_6854_audio_WM_ERSP_AG1_TN.npy,\\nasac-m2.unige.ch\m-HumanNeuronLab\ANALYSIS\FLM\Analysis_LoraFanda\01_FBM_Analysis\outputs\04_ersp_LM_RAWONLY\PAT_6854\LM\ERSP_matrix\picture\PAT_6854_picture_WM_ERSP_AG1_TN.npy,\\nasac-m2.unige.ch\m-HumanNeuronLab\ANALYSIS\FLM\Analysis_LoraFanda\01_FBM_Analysis\outputs\04_ersp_LM_RAWONLY\PAT_6854\LM\ERSP_matrix\reading\PAT_6854_reading_WM_ERSP_AG1_TN.npy,1,0.26842993,1,PAT_6854|AG1,0.15072052963251686,0.1264208238150155,0.3306082297528344,0.023197749855515225,0.011329478268153004,0.20991793552944094,0.14780525314652412
889,PAT_6854,AG2,AG2,LM,concat,1,\\nasac-m2.unige.ch\m-HumanNeuronLab\ANALYSIS\FLM\Analysis_LoraFanda\01_FBM_Analysis\outputs\04_ersp_LM_RAWONLY\PAT_6854\LM\ERSP_matrix\audio\PAT_6854_audio_WM_ERSP_AG2_TN.npy,\\nasac-m2.unige.ch\m-HumanNeuronLab\ANALYSIS\FLM\Analysis_LoraFanda\01_FBM_Analysis\outputs\04_ersp_LM_RAWONLY\PAT_6854\LM\ERSP_matrix\audio\PAT_6854_audio_WM_ERSP_AG2_TN.npy,\\nasac-m2.unige.ch\m-HumanNeuronLab\ANALYSIS\FLM\Analysis_LoraFanda\01_FBM_Analysis\outputs\04_ersp_LM_RAWONLY\PAT_6854\LM\ERSP_matrix\picture\PAT_6854_picture_WM_ERSP_AG2_TN.npy,\\nasac-m2.unige.ch\m-HumanNeuronLab\ANALYSIS\FLM\Analysis_LoraFanda\01_FBM_Analysis\outputs\04_ersp_LM_RAWONLY\PAT_6854\LM\ERSP_matrix\reading\PAT_6854_reading_WM_ERSP_AG2_TN.npy,1,0.25459874,1,PAT_6854|AG2,0.09069771959184147,0.1571843267710317,0.3707273901282346,0.04064129296935524,0.0346490594666171,0.13639425533245864,0.1697059557404612
890,PAT_6854,AG3,AG3,LM,concat,1,\\nasac-m2.unige.ch\m-HumanNeuronLab\ANALYSIS\FLM\Analysis_LoraFanda\01_FBM_Analysis\outputs\04_ersp_LM_RAWONLY\PAT_6854\LM\ERSP_matrix\audio\PAT_6854_audio_WM_ERSP_AG3_TN.npy,\\nasac-m2.unige.ch\m-HumanNeuronLab\ANALYSIS\FLM\Analysis_LoraFanda\01_FBM_Analysis\outputs\04_ersp_LM_RAWONLY\PAT_6854\LM\ERSP_matrix\audio\PAT_6854_audio_WM_ERSP_AG3_TN.npy,\\nasac-m2.unige.ch\m-HumanNeuronLab\ANALYSIS\FLM\Analysis_LoraFanda\01_FBM_Analysis\outputs\04_ersp_LM_RAWONLY\PAT_6854\LM\ERSP_matrix\picture\PAT_6854_picture_WM_ERSP_AG3_TN.npy,\\nasac-m2.unige.ch\m-HumanNeuronLab\ANALYSIS\FLM\Analysis_LoraFanda\01_FBM_Analysis\outputs\04_ersp_LM_RAWONLY\PAT_6854\LM\ERSP_matrix\reading\PAT_6854_reading_WM_ERSP_AG3_TN.npy,1,0.2513588,1,PAT_6854|AG3,0.13138837651639484,0.08391206505356709,0.26828206066556703,0.058985142858838886,0.06809095319894852,0.21584124607360944,0.1735001556330742
891,PAT_6854,AG4,AG4,LM,concat,1,\\nasac-m2.unige.ch\m-HumanNeuronLab\ANALYSIS\FLM\Analysis_LoraFanda\01_FBM_Analysis\outputs\04_ersp_LM_RAWONLY\PAT_6854\LM\ERSP_matrix\audio\PAT_6854_audio_WM_ERSP_AG4_TN.npy,\\nasac-m2.unige.ch\m-HumanNeuronLab\ANALYSIS\FLM\Analysis_LoraFanda\01_FBM_Analysis\outputs\04_ersp_LM_RAWONLY\PAT_6854\LM\ERSP_matrix\audio\PAT_6854_audio_WM_ERSP_AG4_TN.npy,\\nasac-m2.unige.ch\m-HumanNeuronLab\ANALYSIS\FLM\Analysis_LoraFanda\01_FBM_Analysis\outputs\04_ersp_LM_RAWONLY\PAT_6854\LM\ERSP_matrix\picture\PAT_6854_picture_WM_ERSP_AG4_TN.npy,\\nasac-m2.unige.ch\m-HumanNeuronLab\ANALYSIS\FLM\Analysis_LoraFanda\01_FBM_Analysis\outputs\04_ersp_LM_RAWONLY\PAT_6854\LM\ERSP_matrix\reading\PAT_6854_reading_WM_ERSP_AG4_TN.npy,1,0.3101214,1,PAT_6854|AG4,0.1257165187086742,0.007260708010906204,0.18206723066276082,0.18442784114489644,0.06296530973205001,0.19990617934730112,0.2376562123934112
892,PAT_6854,AG5,AG5,LM,concat,1,\\nasac-m2.unige.ch\m-HumanNeuronLab\ANALYSIS\FLM\Analysis_LoraFanda\01_FBM_Analysis\outputs\04_ersp_LM_RAWONLY\PAT_6854\LM\ERSP_matrix\audio\PAT_6854_audio_WM_ERSP_AG5_TN.npy,\\nasac-m2.unige.ch\m-HumanNeuronLab\ANALYSIS\FLM\Analysis_LoraFanda\01_FBM_Analysis\outputs\04_ersp_LM_RAWONLY\PAT_6854\LM\ERSP_matrix\audio\PAT_6854_audio_WM_ERSP_AG5_TN.npy,\\nasac-m2.unige.ch\m-HumanNeuronLab\ANALYSIS\FLM\Analysis_LoraFanda\01_FBM_Analysis\outputs\04_ersp_LM_RAWONLY\PAT_6854\LM\ERSP_matrix\picture\PAT_6854_picture_WM_ERSP_AG5_TN.npy,\\nasac-m2.unige.ch\m-HumanNeuronLab\ANALYSIS\FLM\Analysis_LoraFanda\01_FBM_Analysis\outputs\04_ersp_LM_RAWONLY\PAT_6854\LM\ERSP_matrix\reading\PAT_6854_reading_WM_ERSP_AG5_TN.npy,1,0.26582012,1,PAT_6854|AG5,0.1106038831014781,7.94275821650307e-10,0.07527976124715505,0.3072628253093848,0.004076619078629496,0.26784280903086843,0.2349341014382082
893,PAT_6854,AG6,AG6,LM,concat,1,\\nasac-m2.unige.ch\m-HumanNeuronLab\ANALYSIS\FLM\Analysis_LoraFanda\01_FBM_Analysis\outputs\04_ersp_LM_RAWONLY\PAT_6854\LM\ERSP_matrix\audio\PAT_6854_audio_WM_ERSP_AG6_TN.npy,\\nasac-m2.unige.ch\m-HumanNeuronLab\ANALYSIS\FLM\Analysis_LoraFanda\01_FBM_Analysis\outputs\04_ersp_LM_RAWONLY\PAT_6854\LM\ERSP_matrix\audio\PAT_6854_audio_WM_ERSP_AG6_TN.npy,\\nasac-m2.unige.ch\m-HumanNeuronLab\ANALYSIS\FLM\Analysis_LoraFanda\01_FBM_Analysis\outputs\04_ersp_LM_RAWONLY\PAT_6854\LM\ERSP_matrix\picture\PAT_6854_picture_WM_ERSP_AG6_TN.npy,\\nasac-m2.unige.ch\m-HumanNeuronLab\ANALYSIS\FLM\Analysis_LoraFanda\01_FBM_Analysis\outputs\04_ersp_LM_RAWONLY\PAT_6854\LM\ERSP_matrix\reading\PAT_6854_reading_WM_ERSP_AG6_TN.npy,1,0.19951548,1,PAT_6854|AG6,0.03544202622171382,3.5915405423349e-16,0.054111673355072124,0.43606331964579415,6.839107790922677e-08,0.16295172338402636,0.3114311890023153
894,PAT_6854,AG7,AG7,LM,concat,1,\\nasac-m2.unige.ch\m-HumanNeuronLab\ANALYSIS\FLM\Analysis_LoraFanda\01_FBM_Analysis\outputs\04_ersp_LM_RAWONLY\PAT_6854\LM\ERSP_matrix\audio\PAT_6854_audio_WM_ERSP_AG7_TN.npy,\\nasac-m2.unige.ch\m-HumanNeuronLab\ANALYSIS\FLM\Analysis_LoraFanda\01_FBM_Analysis\outputs\04_ersp_LM_RAWONLY\PAT_6854\LM\ERSP_matrix\audio\PAT_6854_audio_WM_ERSP_AG7_TN.npy,\\nasac-m2.unige.ch\m-HumanNeuronLab\ANALYSIS\FLM\Analysis_LoraFanda\01_FBM_Analysis\outputs\04_ersp_LM_RAWONLY\PAT_6854\LM\ERSP_matrix\picture\PAT_6854_picture_WM_ERSP_AG7_TN.npy,\\nasac-m2.unige.ch\m-HumanNeuronLab\ANALYSIS\FLM\Analysis_LoraFanda\01_FBM_Analysis\outputs\04_ersp_LM_RAWONLY\PAT_6854\LM\ERSP_matrix\reading\PAT_6854_reading_WM_ERSP_AG7_TN.npy,1,0.25149348,1,PAT_6854|AG7,0.07670583747709324,1.2379148720635932e-07,0.00019905977029838865,0.4201521801834138,0.07014396129173606,0.07439969447514794,0.3583991430108233
895,PAT_6854,AG8,AG8,LM,concat,1,\\nasac-m2.unige.ch\m-HumanNeuronLab\ANALYSIS\FLM\Analysis_LoraFanda\01_FBM_Analysis\outputs\04_ersp_LM_RAWONLY\PAT_6854\LM\ERSP_matrix\audio\PAT_6854_audio_WM_ERSP_AG8_TN.npy,\\nasac-m2.unige.ch\m-HumanNeuronLab\ANALYSIS\FLM\Analysis_LoraFanda\01_FBM_Analysis\outputs\04_ersp_LM_RAWONLY\PAT_6854\LM\ERSP_matrix\audio\PAT_6854_audio_WM_ERSP_AG8_TN.npy,\\nasac-m2.unige.ch\m-HumanNeuronLab\ANALYSIS\FLM\Analysis_LoraFanda\01_FBM_Analysis\outputs\04_ersp_LM_RAWONLY\PAT_6854\LM\ERSP_matrix\picture\PAT_6854_picture_WM_ERSP_AG8_TN.npy,\\nasac-m2.unige.ch\m-HumanNeuronLab\ANALYSIS\FLM\Analysis_LoraFanda\01_FBM_Analysis\outputs\04_ersp_LM_RAWONLY\PAT_6854\LM\ERSP_matrix\reading\PAT_6854_reading_WM_ERSP_AG8_TN.npy,1,0.20052254,1,PAT_6854|AG8,0.02596535146093582,0.06044638022891109,3.649859536075596e-21,0.5041205657096449,3.5144754622040547e-13,3.568807559290613e-26,0.4094677026001568
896,PAT_6854,AG9,AG9,LM,concat,1,\\nasac-m2.unige.ch\m-HumanNeuronLab\ANALYSIS\FLM\Analysis_LoraFanda\01_FBM_Analysis\outputs\04_ersp_LM_RAWONLY\PAT_6854\LM\ERSP_matrix\audio\PAT_6854_audio_WM_ERSP_AG9_TN.npy,\\nasac-m2.unige.ch\m-HumanNeuronLab\ANALYSIS\FLM\Analysis_LoraFanda\01_FBM_Analysis\outputs\04_ersp_LM_RAWONLY\PAT_6854\LM\ERSP_matrix\audio\PAT_6854_audio_WM_ERSP_AG9_TN.npy,\\nasac-m2.unige.ch\m-HumanNeuronLab\ANALYSIS\FLM\Analysis_LoraFanda\01_FBM_Analysis\outputs\04_ersp_LM_RAWONLY\PAT_6854\LM\ERSP_matrix\picture\PAT_6854_picture_WM_ERSP_AG9_TN.npy,\\nasac-m2.unige.ch\m-HumanNeuronLab\ANALYSIS\FLM\Analysis_LoraFanda\01_FBM_Analysis\outputs\04_ersp_LM_RAWONLY\PAT_6854\LM\ERSP_matrix\reading\PAT_6854_reading_WM_ERSP_AG9_TN.npy,2,0.07813779,2,PAT_6854|AG9,5.7639175780984214e-08,0.20517063685185974,2.1013598149471385e-22,0.7948288198348512,5.004085730265924e-53,3.8541401538427705e-74,4.856741132105524e-07
897,PAT_6854,CAG1,CAG1,LM,concat,1,\\nasac-m2.unige.ch\m-HumanNeuronLab\ANALYSIS\FLM\Analysis_LoraFanda\01_FBM_Analysis\outputs\04_ersp_LM_RAWONLY\PAT_6854\LM\ERSP_matrix\audio\PAT_6854_audio_WM_ERSP_CAG1_TN.npy,\\nasac-m2.unige.ch\m-HumanNeuronLab\ANALYSIS\FLM\Analysis_LoraFanda\01_FBM_Analysis\outputs\04_ersp_LM_RAWONLY\PAT_6854\LM\ERSP_matrix\audio\PAT_6854_audio_WM_ERSP_CAG1_TN.npy,\\nasac-m2.unige.ch\m-HumanNeuronLab\ANALYSIS\FLM\Analysis_LoraFanda\01_FBM_Analysis\outputs\04_ersp_LM_RAWONLY\PAT_6854\LM\ERSP_matrix\picture\PAT_6854_picture_WM_ERSP_CAG1_TN.npy,\\nasac-m2.unige.ch\m-HumanNeuronLab\ANALYSIS\FLM\Analysis_LoraFanda\01_FBM_Analysis\outputs\04_ersp_LM_RAWONLY\PAT_6854\LM\ERSP_matrix\reading\PAT_6854_reading_WM_ERSP_CAG1_TN.npy,1,0.3932351,1,PAT_6854|CAG1,0.06367343502244528,4.135059445954168e-12,0.22264064694466662,0.25091427015378986,1.0439156730411203e-10,0.09664625154439911,0.3661253962261725
898,PAT_6854,CAG12,CAG12,LM,concat,1,\\nasac-m2.unige.ch\m-HumanNeuronLab\ANALYSIS\FLM\Analysis_LoraFanda\01_FBM_Analysis\outputs\04_ersp_LM_RAWONLY\PAT_6854\LM\ERSP_matrix\audio\PAT_6854_audio_WM_ERSP_CAG12_TN.npy,\\nasac-m2.unige.ch\m-HumanNeuronLab\ANALYSIS\FLM\Analysis_LoraFanda\01_FBM_Analysis\outputs\04_ersp_LM_RAWONLY\PAT_6854\LM\ERSP_matrix\audio\PAT_6854_audio_WM_ERSP_CAG12_TN.npy,\\nasac-m2.unige.ch\m-HumanNeuronLab\ANALYSIS\FLM\Analysis_LoraFanda\01_FBM_Analysis\outputs\04_ersp_LM_RAWONLY\PAT_6854\LM\ERSP_matrix\picture\PAT_6854_picture_WM_ERSP_CAG12_TN.npy,\\nasac-m2.unige.ch\m-HumanNeuronLab\ANALYSIS\FLM\Analysis_LoraFanda\01_FBM_Analysis\outputs\04_ersp_LM_RAWONLY\PAT_6854\LM\ERSP_matrix\reading\PAT_6854_reading_WM_ERSP_CAG12_TN.npy,1,0.29314262,1,PAT_6854|CAG12,0.16429650271424376,0.13487875651329076,2.6702932111025744e-05,0.08897202747424438,0.04641095230818892,1.011300963812979e-07,0.5654149569278248
899,PAT_6854,CAG2,CAG2,LM,concat,1,\\nasac-m2.unige.ch\m-HumanNeuronLab\ANALYSIS\FLM\Analysis_LoraFanda\01_FBM_Analysis\outputs\04_ersp_LM_RAWONLY\PAT_6854\LM\ERSP_matrix\audio\PAT_6854_audio_WM_ERSP_CAG2_TN.npy,\\nasac-m2.unige.ch\m-HumanNeuronLab\ANALYSIS\FLM\Analysis_LoraFanda\01_FBM_Analysis\outputs\04_ersp_LM_RAWONLY\PAT_6854\LM\ERSP_matrix\audio\PAT_6854_audio_WM_ERSP_CAG2_TN.npy,\\nasac-m2.unige.ch\m-HumanNeuronLab\ANALYSIS\FLM\Analysis_LoraFanda\01_FBM_Analysis\outputs\04_ersp_LM_RAWONLY\PAT_6854\LM\ERSP_matrix\picture\PAT_6854_picture_WM_ERSP_CAG2_TN.npy,\\nasac-m2.unige.ch\m-HumanNeuronLab\ANALYSIS\FLM\Analysis_LoraFanda\01_FBM_Analysis\outputs\04_ersp_LM_RAWONLY\PAT_6854\LM\ERSP_matrix\reading\PAT_6854_reading_WM_ERSP_CAG2_TN.npy,1,0.39180782,1,PAT_6854|CAG2,0.06466614854956183,0.0004862534581073546,0.11398481724932272,0.2912130880866774,9.396883690254154e-09,0.07833933190247282,0.4513103513569741
900,PAT_6854,CAG3,CAG3,LM,concat,1,\\nasac-m2.unige.ch\m-HumanNeuronLab\ANALYSIS\FLM\Analysis_LoraFanda\01_FBM_Analysis\outputs\04_ersp_LM_RAWONLY\PAT_6854\LM\ERSP_matrix\audio\PAT_6854_audio_WM_ERSP_CAG3_TN.npy,\\nasac-m2.unige.ch\m-HumanNeuronLab\ANALYSIS\FLM\Analysis_LoraFanda\01_FBM_Analysis\outputs\04_ersp_LM_RAWONLY\PAT_6854\LM\ERSP_matrix\audio\PAT_6854_audio_WM_ERSP_CAG3_TN.npy,\\nasac-m2.unige.ch\m-HumanNeuronLab\ANALYSIS\FLM\Analysis_LoraFanda\01_FBM_Analysis\outputs\04_ersp_LM_RAWONLY\PAT_6854\LM\ERSP_matrix\picture\PAT_6854_picture_WM_ERSP_CAG3_TN.npy,\\nasac-m2.unige.ch\m-HumanNeuronLab\ANALYSIS\FLM\Analysis_LoraFanda\01_FBM_Analysis\outputs\04_ersp_LM_RAWONLY\PAT_6854\LM\ERSP_matrix\reading\PAT_6854_reading_WM_ERSP_CAG3_TN.npy,1,0.37446502,1,PAT_6854|CAG3,0.0936090643328805,0.0340811048553083,0.06362425574246389,0.26966691145744465,2.9812811597393436e-05,0.05172676659761494,0.4872620842026903
901,PAT_6854,CAG4,CAG4,LM,concat,1,\\nasac-m2.unige.ch\m-HumanNeuronLab\ANALYSIS\FLM\Analysis_LoraFanda\01_FBM_Analysis\outputs\04_ersp_LM_RAWONLY\PAT_6854\LM\ERSP_matrix\audio\PAT_6854_audio_WM_ERSP_CAG4_TN.npy,\\nasac-m2.unige.ch\m-HumanNeuronLab\ANALYSIS\FLM\Analysis_LoraFanda\01_FBM_Analysis\outputs\04_ersp_LM_RAWONLY\PAT_6854\LM\ERSP_matrix\audio\PAT_6854_audio_WM_ERSP_CAG4_TN.npy,\\nasac-m2.unige.ch\m-HumanNeuronLab\ANALYSIS\FLM\Analysis_LoraFanda\01_FBM_Analysis\outputs\04_ersp_LM_RAWONLY\PAT_6854\LM\ERSP_matrix\picture\PAT_6854_picture_WM_ERSP_CAG4_TN.npy,\\nasac-m2.unige.ch\m-HumanNeuronLab\ANALYSIS\FLM\Analysis_LoraFanda\01_FBM_Analysis\outputs\04_ersp_LM_RAWONLY\PAT_6854\LM\ERSP_matrix\reading\PAT_6854_reading_WM_ERSP_CAG4_TN.npy,1,0.35113332,1,PAT_6854|CAG4,0.1491546305981397,3.8279594865614784e-08,0.147429426532075,0.24737978778200145,2.274358712447822e-12,0.07300059152847978,0.38303552527743484
902,PAT_6854,CAG5,CAG5,LM,concat,1,\\nasac-m2.unige.ch\m-HumanNeuronLab\ANALYSIS\FLM\Analysis_LoraFanda\01_FBM_Analysis\outputs\04_ersp_LM_RAWONLY\PAT_6854\LM\ERSP_matrix\audio\PAT_6854_audio_WM_ERSP_CAG5_TN.npy,\\nasac-m2.unige.ch\m-HumanNeuronLab\ANALYSIS\FLM\Analysis_LoraFanda\01_FBM_Analysis\outputs\04_ersp_LM_RAWONLY\PAT_6854\LM\ERSP_matrix\audio\PAT_6854_audio_WM_ERSP_CAG5_TN.npy,\\nasac-m2.unige.ch\m-HumanNeuronLab\ANALYSIS\FLM\Analysis_LoraFanda\01_FBM_Analysis\outputs\04_ersp_LM_RAWONLY\PAT_6854\LM\ERSP_matrix\picture\PAT_6854_picture_WM_ERSP_CAG5_TN.npy,\\nasac-m2.unige.ch\m-HumanNeuronLab\ANALYSIS\FLM\Analysis_LoraFanda\01_FBM_Analysis\outputs\04_ersp_LM_RAWONLY\PAT_6854\LM\ERSP_matrix\reading\PAT_6854_reading_WM_ERSP_CAG5_TN.npy,1,0.36190492,1,PAT_6854|CAG5,0.08554293704687536,0.0007643875037504164,0.1907639648468937,0.2030950533972724,4.326985183922208e-08,0.08738074702430022,0.432452866911056
903,PAT_6854,CAG6,CAG6,LM,concat,1,\\nasac-m2.unige.ch\m-HumanNeuronLab\ANALYSIS\FLM\Analysis_LoraFanda\01_FBM_Analysis\outputs\04_ersp_LM_RAWONLY\PAT_6854\LM\ERSP_matrix\audio\PAT_6854_audio_WM_ERSP_CAG6_TN.npy,\\nasac-m2.unige.ch\m-HumanNeuronLab\ANALYSIS\FLM\Analysis_LoraFanda\01_FBM_Analysis\outputs\04_ersp_LM_RAWONLY\PAT_6854\LM\ERSP_matrix\audio\PAT_6854_audio_WM_ERSP_CAG6_TN.npy,\\nasac-m2.unige.ch\m-HumanNeuronLab\ANALYSIS\FLM\Analysis_LoraFanda\01_FBM_Analysis\outputs\04_ersp_LM_RAWONLY\PAT_6854\LM\ERSP_matrix\picture\PAT_6854_picture_WM_ERSP_CAG6_TN.npy,\\nasac-m2.unige.ch\m-HumanNeuronLab\ANALYSIS\FLM\Analysis_LoraFanda\01_FBM_Analysis\outputs\04_ersp_LM_RAWONLY\PAT_6854\LM\ERSP_matrix\reading\PAT_6854_reading_WM_ERSP_CAG6_TN.npy,1,0.3774677,1,PAT_6854|CAG6,0.08248180794558765,2.329683437536498e-08,0.18214435814653415,0.21504985672448357,1.2142877307145172e-13,0.07144216729212191,0.4488817865943168
904,PAT_6854,CAG7,CAG7,LM,concat,1,\\nasac-m2.unige.ch\m-HumanNeuronLab\ANALYSIS\FLM\Analysis_LoraFanda\01_FBM_Analysis\outputs\04_ersp_LM_RAWONLY\PAT_6854\LM\ERSP_matrix\audio\PAT_6854_audio_WM_ERSP_CAG7_TN.npy,\\nasac-m2.unige.ch\m-HumanNeuronLab\ANALYSIS\FLM\Analysis_LoraFanda\01_FBM_Analysis\outputs\04_ersp_LM_RAWONLY\PAT_6854\LM\ERSP_matrix\audio\PAT_6854_audio_WM_ERSP_CAG7_TN.npy,\\nasac-m2.unige.ch\m-HumanNeuronLab\ANALYSIS\FLM\Analysis_LoraFanda\01_FBM_Analysis\outputs\04_ersp_LM_RAWONLY\PAT_6854\LM\ERSP_matrix\picture\PAT_6854_picture_WM_ERSP_CAG7_TN.npy,\\nasac-m2.unige.ch\m-HumanNeuronLab\ANALYSIS\FLM\Analysis_LoraFanda\01_FBM_Analysis\outputs\04_ersp_LM_RAWONLY\PAT_6854\LM\ERSP_matrix\reading\PAT_6854_reading_WM_ERSP_CAG7_TN.npy,1,0.34485334,1,PAT_6854|CAG7,0.0303958019632185,6.90201662536388e-10,0.35698784777572495,0.14102653279494937,3.489937535487436e-05,0.059309037101247165,0.4122458802993036
905,PAT_6854,CAG8,CAG8,LM,concat,1,\\nasac-m2.unige.ch\m-HumanNeuronLab\ANALYSIS\FLM\Analysis_LoraFanda\01_FBM_Analysis\outputs\04_ersp_LM_RAWONLY\PAT_6854\LM\ERSP_matrix\audio\PAT_6854_audio_WM_ERSP_CAG8_TN.npy,\\nasac-m2.unige.ch\m-HumanNeuronLab\ANALYSIS\FLM\Analysis_LoraFanda\01_FBM_Analysis\outputs\04_ersp_LM_RAWONLY\PAT_6854\LM\ERSP_matrix\audio\PAT_6854_audio_WM_ERSP_CAG8_TN.npy,\\nasac-m2.unige.ch\m-HumanNeuronLab\ANALYSIS\FLM\Analysis_LoraFanda\01_FBM_Analysis\outputs\04_ersp_LM_RAWONLY\PAT_6854\LM\ERSP_matrix\picture\PAT_6854_picture_WM_ERSP_CAG8_TN.npy,\\nasac-m2.unige.ch\m-HumanNeuronLab\ANALYSIS\FLM\Analysis_LoraFanda\01_FBM_Analysis\outputs\04_ersp_LM_RAWONLY\PAT_6854\LM\ERSP_matrix\reading\PAT_6854_reading_WM_ERSP_CAG8_TN.npy,1,0.32608122,1,PAT_6854|CAG8,0.010268228350997988,2.7155583155034237e-13,0.4284951258100197,0.06461724446573655,0.008968628493039098,0.05766667229656146,0.4299841005833737
906,PAT_6854,CAG9,CAG9,LM,concat,1,\\nasac-m2.unige.ch\m-HumanNeuronLab\ANALYSIS\FLM\Analysis_LoraFanda\01_FBM_Analysis\outputs\04_ersp_LM_RAWONLY\PAT_6854\LM\ERSP_matrix\audio\PAT_6854_audio_WM_ERSP_CAG9_TN.npy,\\nasac-m2.unige.ch\m-HumanNeuronLab\ANALYSIS\FLM\Analysis_LoraFanda\01_FBM_Analysis\outputs\04_ersp_LM_RAWONLY\PAT_6854\LM\ERSP_matrix\audio\PAT_6854_audio_WM_ERSP_CAG9_TN.npy,\\nasac-m2.unige.ch\m-HumanNeuronLab\ANALYSIS\FLM\Analysis_LoraFanda\01_FBM_Analysis\outputs\04_ersp_LM_RAWONLY\PAT_6854\LM\ERSP_matrix\picture\PAT_6854_picture_WM_ERSP_CAG9_TN.npy,\\nasac-m2.unige.ch\m-HumanNeuronLab\ANALYSIS\FLM\Analysis_LoraFanda\01_FBM_Analysis\outputs\04_ersp_LM_RAWONLY\PAT_6854\LM\ERSP_matrix\reading\PAT_6854_reading_WM_ERSP_CAG9_TN.npy,1,0.31850672,1,PAT_6854|CAG9,0.0653288741544338,1.47770572736252e-16,0.400800945650295,0.01663907751682327,0.00016424537874723484,0.09343005255448061,0.42363680474522003
907,PAT_6854,FLG1,FLG1,LM,concat,1,\\nasac-m2.unige.ch\m-HumanNeuronLab\ANALYSIS\FLM\Analysis_LoraFanda\01_FBM_Analysis\outputs\04_ersp_LM_RAWONLY\PAT_6854\LM\ERSP_matrix\audio\PAT_6854_audio_WM_ERSP_FLG1_TN.npy,\\nasac-m2.unige.ch\m-HumanNeuronLab\ANALYSIS\FLM\Analysis_LoraFanda\01_FBM_Analysis\outputs\04_ersp_LM_RAWONLY\PAT_6854\LM\ERSP_matrix\audio\PAT_6854_audio_WM_ERSP_FLG1_TN.npy,\\nasac-m2.unige.ch\m-HumanNeuronLab\ANALYSIS\FLM\Analysis_LoraFanda\01_FBM_Analysis\outputs\04_ersp_LM_RAWONLY\PAT_6854\LM\ERSP_matrix\picture\PAT_6854_picture_WM_ERSP_FLG1_TN.npy,\\nasac-m2.unige.ch\m-HumanNeuronLab\ANALYSIS\FLM\Analysis_LoraFanda\01_FBM_Analysis\outputs\04_ersp_LM_RAWONLY\PAT_6854\LM\ERSP_matrix\reading\PAT_6854_reading_WM_ERSP_FLG1_TN.npy,1,0.29334754,1,PAT_6854|FLG1,0.0029133268582994406,0.028987346792646845,0.10802247395754394,0.24107870839778187,0.0835360798368358,0.07504042950416075,0.46042163465273156
908,PAT_6854,FLG2,FLG2,LM,concat,1,\\nasac-m2.unige.ch\m-HumanNeuronLab\ANALYSIS\FLM\Analysis_LoraFanda\01_FBM_Analysis\outputs\04_ersp_LM_RAWONLY\PAT_6854\LM\ERSP_matrix\audio\PAT_6854_audio_WM_ERSP_FLG2_TN.npy,\\nasac-m2.unige.ch\m-HumanNeuronLab\ANALYSIS\FLM\Analysis_LoraFanda\01_FBM_Analysis\outputs\04_ersp_LM_RAWONLY\PAT_6854\LM\ERSP_matrix\audio\PAT_6854_audio_WM_ERSP_FLG2_TN.npy,\\nasac-m2.unige.ch\m-HumanNeuronLab\ANALYSIS\FLM\Analysis_LoraFanda\01_FBM_Analysis\outputs\04_ersp_LM_RAWONLY\PAT_6854\LM\ERSP_matrix\picture\PAT_6854_picture_WM_ERSP_FLG2_TN.npy,\\nasac-m2.unige.ch\m-HumanNeuronLab\ANALYSIS\FLM\Analysis_LoraFanda\01_FBM_Analysis\outputs\04_ersp_LM_RAWONLY\PAT_6854\LM\ERSP_matrix\reading\PAT_6854_reading_WM_ERSP_FLG2_TN.npy,1,0.28706846,1,PAT_6854|FLG2,0.042352597456847337,0.004483291871368984,0.14895123471793803,0.21137056713747576,0.0810125885473119,0.10138891993967632,0.41044080032938174
909,PAT_6854,FLG3,FLG3,LM,concat,1,\\nasac-m2.unige.ch\m-HumanNeuronLab\ANALYSIS\FLM\Analysis_LoraFanda\01_FBM_Analysis\outputs\04_ersp_LM_RAWONLY\PAT_6854\LM\ERSP_matrix\audio\PAT_6854_audio_WM_ERSP_FLG3_TN.npy,\\nasac-m2.unige.ch\m-HumanNeuronLab\ANALYSIS\FLM\Analysis_LoraFanda\01_FBM_Analysis\outputs\04_ersp_LM_RAWONLY\PAT_6854\LM\ERSP_matrix\audio\PAT_6854_audio_WM_ERSP_FLG3_TN.npy,\\nasac-m2.unige.ch\m-HumanNeuronLab\ANALYSIS\FLM\Analysis_LoraFanda\01_FBM_Analysis\outputs\04_ersp_LM_RAWONLY\PAT_6854\LM\ERSP_matrix\picture\PAT_6854_picture_WM_ERSP_FLG3_TN.npy,\\nasac-m2.unige.ch\m-HumanNeuronLab\ANALYSIS\FLM\Analysis_LoraFanda\01_FBM_Analysis\outputs\04_ersp_LM_RAWONLY\PAT_6854\LM\ERSP_matrix\reading\PAT_6854_reading_WM_ERSP_FLG3_TN.npy,1,0.3044911,1,PAT_6854|FLG3,0.005163006380422412,0.04716700848795233,0.048776331821287704,0.22057010837130797,0.1234050644017458,0.0485120528057551,0.5064064277315287
910,PAT_6854,FLG4,FLG4,LM,concat,1,\\nasac-m2.unige.ch\m-HumanNeuronLab\ANALYSIS\FLM\Analysis_LoraFanda\01_FBM_Analysis\outputs\04_ersp_LM_RAWONLY\PAT_6854\LM\ERSP_matrix\audio\PAT_6854_audio_WM_ERSP_FLG4_TN.npy,\\nasac-m2.unige.ch\m-HumanNeuronLab\ANALYSIS\FLM\Analysis_LoraFanda\01_FBM_Analysis\outputs\04_ersp_LM_RAWONLY\PAT_6854\LM\ERSP_matrix\audio\PAT_6854_audio_WM_ERSP_FLG4_TN.npy,\\nasac-m2.unige.ch\m-HumanNeuronLab\ANALYSIS\FLM\Analysis_LoraFanda\01_FBM_Analysis\outputs\04_ersp_LM_RAWONLY\PAT_6854\LM\ERSP_matrix\picture\PAT_6854_picture_WM_ERSP_FLG4_TN.npy,\\nasac-m2.unige.ch\m-HumanNeuronLab\ANALYSIS\FLM\Analysis_LoraFanda\01_FBM_Analysis\outputs\04_ersp_LM_RAWONLY\PAT_6854\LM\ERSP_matrix\reading\PAT_6854_reading_WM_ERSP_FLG4_TN.npy,1,0.32770586,1,PAT_6854|FLG4,0.03286951879374198,0.03467556026246257,0.015085805039690502,0.2223290836207923,0.09126587618988528,0.0808443278681808,0.5229298282252466
911,PAT_6854,FLG5,FLG5,LM,concat,1,\\nasac-m2.unige.ch\m-HumanNeuronLab\ANALYSIS\FLM\Analysis_LoraFanda\01_FBM_Analysis\outputs\04_ersp_LM_RAWONLY\PAT_6854\LM\ERSP_matrix\audio\PAT_6854_audio_WM_ERSP_FLG5_TN.npy,\\nasac-m2.unige.ch\m-HumanNeuronLab\ANALYSIS\FLM\Analysis_LoraFanda\01_FBM_Analysis\outputs\04_ersp_LM_RAWONLY\PAT_6854\LM\ERSP_matrix\audio\PAT_6854_audio_WM_ERSP_FLG5_TN.npy,\\nasac-m2.unige.ch\m-HumanNeuronLab\ANALYSIS\FLM\Analysis_LoraFanda\01_FBM_Analysis\outputs\04_ersp_LM_RAWONLY\PAT_6854\LM\ERSP_matrix\picture\PAT_6854_picture_WM_ERSP_FLG5_TN.npy,\\nasac-m2.unige.ch\m-HumanNeuronLab\ANALYSIS\FLM\Analysis_LoraFanda\01_FBM_Analysis\outputs\04_ersp_LM_RAWONLY\PAT_6854\LM\ERSP_matrix\reading\PAT_6854_reading_WM_ERSP_FLG5_TN.npy,1,0.3437536,1,PAT_6854|FLG5,0.012553202761865412,0.025073863656570917,0.00013974597398443546,0.243644022347437,0.11788727265425275,0.040778574632012995,0.5599233179738765
912,PAT_6854,FLG6,FLG6,LM,concat,1,\\nasac-m2.unige.ch\m-HumanNeuronLab\ANALYSIS\FLM\Analysis_LoraFanda\01_FBM_Analysis\outputs\04_ersp_LM_RAWONLY\PAT_6854\LM\ERSP_matrix\audio\PAT_6854_audio_WM_ERSP_FLG6_TN.npy,\\nasac-m2.unige.ch\m-HumanNeuronLab\ANALYSIS\FLM\Analysis_LoraFanda\01_FBM_Analysis\outputs\04_ersp_LM_RAWONLY\PAT_6854\LM\ERSP_matrix\audio\PAT_6854_audio_WM_ERSP_FLG6_TN.npy,\\nasac-m2.unige.ch\m-HumanNeuronLab\ANALYSIS\FLM\Analysis_LoraFanda\01_FBM_Analysis\outputs\04_ersp_LM_RAWONLY\PAT_6854\LM\ERSP_matrix\picture\PAT_6854_picture_WM_ERSP_FLG6_TN.npy,\\nasac-m2.unige.ch\m-HumanNeuronLab\ANALYSIS\FLM\Analysis_LoraFanda\01_FBM_Analysis\outputs\04_ersp_LM_RAWONLY\PAT_6854\LM\ERSP_matrix\reading\PAT_6854_reading_WM_ERSP_FLG6_TN.npy,1,0.34317037,1,PAT_6854|FLG6,0.0007317574420983346,0.025788962024615995,1.0105184600928426e-07,0.28811729857834756,0.0826360440141354,0.07737010479642341,0.5253557320925334
913,PAT_6854,FLG7,FLG7,LM,concat,1,\\nasac-m2.unige.ch\m-HumanNeuronLab\ANALYSIS\FLM\Analysis_LoraFanda\01_FBM_Analysis\outputs\04_ersp_LM_RAWONLY\PAT_6854\LM\ERSP_matrix\audio\PAT_6854_audio_WM_ERSP_FLG7_TN.npy,\\nasac-m2.unige.ch\m-HumanNeuronLab\ANALYSIS\FLM\Analysis_LoraFanda\01_FBM_Analysis\outputs\04_ersp_LM_RAWONLY\PAT_6854\LM\ERSP_matrix\audio\PAT_6854_audio_WM_ERSP_FLG7_TN.npy,\\nasac-m2.unige.ch\m-HumanNeuronLab\ANALYSIS\FLM\Analysis_LoraFanda\01_FBM_Analysis\outputs\04_ersp_LM_RAWONLY\PAT_6854\LM\ERSP_matrix\picture\PAT_6854_picture_WM_ERSP_FLG7_TN.npy,\\nasac-m2.unige.ch\m-HumanNeuronLab\ANALYSIS\FLM\Analysis_LoraFanda\01_FBM_Analysis\outputs\04_ersp_LM_RAWONLY\PAT_6854\LM\ERSP_matrix\reading\PAT_6854_reading_WM_ERSP_FLG7_TN.npy,1,0.34499896,1,PAT_6854|FLG7,0.030938788801997814,0.034586558700168184,1.0334869060048407e-06,0.26379423978832456,0.09575790308653821,0.0691008836545311,0.5058205924815342
914,PAT_6854,FLG8,FLG8,LM,concat,1,\\nasac-m2.unige.ch\m-HumanNeuronLab\ANALYSIS\FLM\Analysis_LoraFanda\01_FBM_Analysis\outputs\04_ersp_LM_RAWONLY\PAT_6854\LM\ERSP_matrix\audio\PAT_6854_audio_WM_ERSP_FLG8_TN.npy,\\nasac-m2.unige.ch\m-HumanNeuronLab\ANALYSIS\FLM\Analysis_LoraFanda\01_FBM_Analysis\outputs\04_ersp_LM_RAWONLY\PAT_6854\LM\ERSP_matrix\audio\PAT_6854_audio_WM_ERSP_FLG8_TN.npy,\\nasac-m2.unige.ch\m-HumanNeuronLab\ANALYSIS\FLM\Analysis_LoraFanda\01_FBM_Analysis\outputs\04_ersp_LM_RAWONLY\PAT_6854\LM\ERSP_matrix\picture\PAT_6854_picture_WM_ERSP_FLG8_TN.npy,\\nasac-m2.unige.ch\m-HumanNeuronLab\ANALYSIS\FLM\Analysis_LoraFanda\01_FBM_Analysis\outputs\04_ersp_LM_RAWONLY\PAT_6854\LM\ERSP_matrix\reading\PAT_6854_reading_WM_ERSP_FLG8_TN.npy,1,0.30373466,1,PAT_6854|FLG8,3.767554713812013e-07,3.2037408386552996e-10,0.10567721295500916,0.37624595581135933,6.172865410544515e-11,1.411316865141697e-22,0.5180764540960575
915,PAT_6854,FMG1,FMG1,LM,concat,1,\\nasac-m2.unige.ch\m-HumanNeuronLab\ANALYSIS\FLM\Analysis_LoraFanda\01_FBM_Analysis\outputs\04_ersp_LM_RAWONLY\PAT_6854\LM\ERSP_matrix\audio\PAT_6854_audio_WM_ERSP_FMG1_TN.npy,\\nasac-m2.unige.ch\m-HumanNeuronLab\ANALYSIS\FLM\Analysis_LoraFanda\01_FBM_Analysis\outputs\04_ersp_LM_RAWONLY\PAT_6854\LM\ERSP_matrix\audio\PAT_6854_audio_WM_ERSP_FMG1_TN.npy,\\nasac-m2.unige.ch\m-HumanNeuronLab\ANALYSIS\FLM\Analysis_LoraFanda\01_FBM_Analysis\outputs\04_ersp_LM_RAWONLY\PAT_6854\LM\ERSP_matrix\picture\PAT_6854_picture_WM_ERSP_FMG1_TN.npy,\\nasac-m2.unige.ch\m-HumanNeuronLab\ANALYSIS\FLM\Analysis_LoraFanda\01_FBM_Analysis\outputs\04_ersp_LM_RAWONLY\PAT_6854\LM\ERSP_matrix\reading\PAT_6854_reading_WM_ERSP_FMG1_TN.npy,1,0.30283138,1,PAT_6854|FMG1,4.6626405051057224e-08,0.08645388238965414,6.6564439658113575e-09,0.20490065083263517,0.1928020628306423,0.14711532632281024,0.368728024341409
916,PAT_6854,FMG10,FMG10,LM,concat,1,\\nasac-m2.unige.ch\m-HumanNeuronLab\ANALYSIS\FLM\Analysis_LoraFanda\01_FBM_Analysis\outputs\04_ersp_LM_RAWONLY\PAT_6854\LM\ERSP_matrix\audio\PAT_6854_audio_WM_ERSP_FMG10_TN.npy,\\nasac-m2.unige.ch\m-HumanNeuronLab\ANALYSIS\FLM\Analysis_LoraFanda\01_FBM_Analysis\outputs\04_ersp_LM_RAWONLY\PAT_6854\LM\ERSP_matrix\audio\PAT_6854_audio_WM_ERSP_FMG10_TN.npy,\\nasac-m2.unige.ch\m-HumanNeuronLab\ANALYSIS\FLM\Analysis_LoraFanda\01_FBM_Analysis\outputs\04_ersp_LM_RAWONLY\PAT_6854\LM\ERSP_matrix\picture\PAT_6854_picture_WM_ERSP_FMG10_TN.npy,\\nasac-m2.unige.ch\m-HumanNeuronLab\ANALYSIS\FLM\Analysis_LoraFanda\01_FBM_Analysis\outputs\04_ersp_LM_RAWONLY\PAT_6854\LM\ERSP_matrix\reading\PAT_6854_reading_WM_ERSP_FMG10_TN.npy,1,0.3702523,1,PAT_6854|FMG10,0.007512942582457194,0.00016481503664128494,0.104062848696899,0.22223890663075047,5.935742443286332e-10,0.09919797230583918,0.5668225141538387
917,PAT_6854,FMG11,FMG11,LM,concat,1,\\nasac-m2.unige.ch\m-HumanNeuronLab\ANALYSIS\FLM\Analysis_LoraFanda\01_FBM_Analysis\outputs\04_ersp_LM_RAWONLY\PAT_6854\LM\ERSP_matrix\audio\PAT_6854_audio_WM_ERSP_FMG11_TN.npy,\\nasac-m2.unige.ch\m-HumanNeuronLab\ANALYSIS\FLM\Analysis_LoraFanda\01_FBM_Analysis\outputs\04_ersp_LM_RAWONLY\PAT_6854\LM\ERSP_matrix\audio\PAT_6854_audio_WM_ERSP_FMG11_TN.npy,\\nasac-m2.unige.ch\m-HumanNeuronLab\ANALYSIS\FLM\Analysis_LoraFanda\01_FBM_Analysis\outputs\04_ersp_LM_RAWONLY\PAT_6854\LM\ERSP_matrix\picture\PAT_6854_picture_WM_ERSP_FMG11_TN.npy,\\nasac-m2.unige.ch\m-HumanNeuronLab\ANALYSIS\FLM\Analysis_LoraFanda\01_FBM_Analysis\outputs\04_ersp_LM_RAWONLY\PAT_6854\LM\ERSP_matrix\reading\PAT_6854_reading_WM_ERSP_FMG11_TN.npy,1,0.3815852,1,PAT_6854|FMG11,3.322777186096266e-07,1.4711475692416503e-05,0.20998526458280475,0.23859520612654778,9.016737037876345e-09,0.03782474139688706,0.5135797351236123
918,PAT_6854,FMG12,FMG12,LM,concat,1,\\nasac-m2.unige.ch\m-HumanNeuronLab\ANALYSIS\FLM\Analysis_LoraFanda\01_FBM_Analysis\outputs\04_ersp_LM_RAWONLY\PAT_6854\LM\ERSP_matrix\audio\PAT_6854_audio_WM_ERSP_FMG12_TN.npy,\\nasac-m2.unige.ch\m-HumanNeuronLab\ANALYSIS\FLM\Analysis_LoraFanda\01_FBM_Analysis\outputs\04_ersp_LM_RAWONLY\PAT_6854\LM\ERSP_matrix\audio\PAT_6854_audio_WM_ERSP_FMG12_TN.npy,\\nasac-m2.unige.ch\m-HumanNeuronLab\ANALYSIS\FLM\Analysis_LoraFanda\01_FBM_Analysis\outputs\04_ersp_LM_RAWONLY\PAT_6854\LM\ERSP_matrix\picture\PAT_6854_picture_WM_ERSP_FMG12_TN.npy,\\nasac-m2.unige.ch\m-HumanNeuronLab\ANALYSIS\FLM\Analysis_LoraFanda\01_FBM_Analysis\outputs\04_ersp_LM_RAWONLY\PAT_6854\LM\ERSP_matrix\reading\PAT_6854_reading_WM_ERSP_FMG12_TN.npy,1,0.37267673,1,PAT_6854|FMG12,0.11955696752381123,3.3733908520068154e-12,0.20741704470589728,0.18158228556379694,4.3713392412299666e-15,0.16168572898113495,0.3297579732219819
919,PAT_6854,FMG13,FMG13,LM,concat,1,\\nasac-m2.unige.ch\m-HumanNeuronLab\ANALYSIS\FLM\Analysis_LoraFanda\01_FBM_Analysis\outputs\04_ersp_LM_RAWONLY\PAT_6854\LM\ERSP_matrix\audio\PAT_6854_audio_WM_ERSP_FMG13_TN.npy,\\nasac-m2.unige.ch\m-HumanNeuronLab\ANALYSIS\FLM\Analysis_LoraFanda\01_FBM_Analysis\outputs\04_ersp_LM_RAWONLY\PAT_6854\LM\ERSP_matrix\audio\PAT_6854_audio_WM_ERSP_FMG13_TN.npy,\\nasac-m2.unige.ch\m-HumanNeuronLab\ANALYSIS\FLM\Analysis_LoraFanda\01_FBM_Analysis\outputs\04_ersp_LM_RAWONLY\PAT_6854\LM\ERSP_matrix\picture\PAT_6854_picture_WM_ERSP_FMG13_TN.npy,\\nasac-m2.unige.ch\m-HumanNeuronLab\ANALYSIS\FLM\Analysis_LoraFanda\01_FBM_Analysis\outputs\04_ersp_LM_RAWONLY\PAT_6854\LM\ERSP_matrix\reading\PAT_6854_reading_WM_ERSP_FMG13_TN.npy,1,0.33501694,1,PAT_6854|FMG13,0.1736978567163258,6.783408513452782e-14,0.18484874441284346,0.12768061758998683,2.1958287900405637e-09,0.16123021549254687,0.3525425635924005
920,PAT_6854,FMG2,FMG2,LM,concat,1,\\nasac-m2.unige.ch\m-HumanNeuronLab\ANALYSIS\FLM\Analysis_LoraFanda\01_FBM_Analysis\outputs\04_ersp_LM_RAWONLY\PAT_6854\LM\ERSP_matrix\audio\PAT_6854_audio_WM_ERSP_FMG2_TN.npy,\\nasac-m2.unige.ch\m-HumanNeuronLab\ANALYSIS\FLM\Analysis_LoraFanda\01_FBM_Analysis\outputs\04_ersp_LM_RAWONLY\PAT_6854\LM\ERSP_matrix\audio\PAT_6854_audio_WM_ERSP_FMG2_TN.npy,\\nasac-m2.unige.ch\m-HumanNeuronLab\ANALYSIS\FLM\Analysis_LoraFanda\01_FBM_Analysis\outputs\04_ersp_LM_RAWONLY\PAT_6854\LM\ERSP_matrix\picture\PAT_6854_picture_WM_ERSP_FMG2_TN.npy,\\nasac-m2.unige.ch\m-HumanNeuronLab\ANALYSIS\FLM\Analysis_LoraFanda\01_FBM_Analysis\outputs\04_ersp_LM_RAWONLY\PAT_6854\LM\ERSP_matrix\reading\PAT_6854_reading_WM_ERSP_FMG2_TN.npy,1,0.3660076,1,PAT_6854|FMG2,3.976636675385884e-20,3.327243310776306e-08,1.454966226431151e-09,0.2619818331549104,0.06358748798948946,0.196718554215377,0.47771208991282377
921,PAT_6854,FMG3,FMG3,LM,concat,1,\\nasac-m2.unige.ch\m-HumanNeuronLab\ANALYSIS\FLM\Analysis_LoraFanda\01_FBM_Analysis\outputs\04_ersp_LM_RAWONLY\PAT_6854\LM\ERSP_matrix\audio\PAT_6854_audio_WM_ERSP_FMG3_TN.npy,\\nasac-m2.unige.ch\m-HumanNeuronLab\ANALYSIS\FLM\Analysis_LoraFanda\01_FBM_Analysis\outputs\04_ersp_LM_RAWONLY\PAT_6854\LM\ERSP_matrix\audio\PAT_6854_audio_WM_ERSP_FMG3_TN.npy,\\nasac-m2.unige.ch\m-HumanNeuronLab\ANALYSIS\FLM\Analysis_LoraFanda\01_FBM_Analysis\outputs\04_ersp_LM_RAWONLY\PAT_6854\LM\ERSP_matrix\picture\PAT_6854_picture_WM_ERSP_FMG3_TN.npy,\\nasac-m2.unige.ch\m-HumanNeuronLab\ANALYSIS\FLM\Analysis_LoraFanda\01_FBM_Analysis\outputs\04_ersp_LM_RAWONLY\PAT_6854\LM\ERSP_matrix\reading\PAT_6854_reading_WM_ERSP_FMG3_TN.npy,1,0.37213874,1,PAT_6854|FMG3,0.04681426393015848,0.0565383480495016,1.1818003326796017e-11,0.19082878699881864,0.0074888077560646815,0.14521876630134167,0.553111026952297
922,PAT_6854,FMG4,FMG4,LM,concat,1,\\nasac-m2.unige.ch\m-HumanNeuronLab\ANALYSIS\FLM\Analysis_LoraFanda\01_FBM_Analysis\outputs\04_ersp_LM_RAWONLY\PAT_6854\LM\ERSP_matrix\audio\PAT_6854_audio_WM_ERSP_FMG4_TN.npy,\\nasac-m2.unige.ch\m-HumanNeuronLab\ANALYSIS\FLM\Analysis_LoraFanda\01_FBM_Analysis\outputs\04_ersp_LM_RAWONLY\PAT_6854\LM\ERSP_matrix\audio\PAT_6854_audio_WM_ERSP_FMG4_TN.npy,\\nasac-m2.unige.ch\m-HumanNeuronLab\ANALYSIS\FLM\Analysis_LoraFanda\01_FBM_Analysis\outputs\04_ersp_LM_RAWONLY\PAT_6854\LM\ERSP_matrix\picture\PAT_6854_picture_WM_ERSP_FMG4_TN.npy,\\nasac-m2.unige.ch\m-HumanNeuronLab\ANALYSIS\FLM\Analysis_LoraFanda\01_FBM_Analysis\outputs\04_ersp_LM_RAWONLY\PAT_6854\LM\ERSP_matrix\reading\PAT_6854_reading_WM_ERSP_FMG4_TN.npy,1,0.37695602,1,PAT_6854|FMG4,0.10572038978954582,0.04306551899269423,1.2224812892896981e-13,0.2697101968758518,0.0011638020510521163,0.1436875418289817,0.43665255046175216
923,PAT_6854,FMG5,FMG5,LM,concat,1,\\nasac-m2.unige.ch\m-HumanNeuronLab\ANALYSIS\FLM\Analysis_LoraFanda\01_FBM_Analysis\outputs\04_ersp_LM_RAWONLY\PAT_6854\LM\ERSP_matrix\audio\PAT_6854_audio_WM_ERSP_FMG5_TN.npy,\\nasac-m2.unige.ch\m-HumanNeuronLab\ANALYSIS\FLM\Analysis_LoraFanda\01_FBM_Analysis\outputs\04_ersp_LM_RAWONLY\PAT_6854\LM\ERSP_matrix\audio\PAT_6854_audio_WM_ERSP_FMG5_TN.npy,\\nasac-m2.unige.ch\m-HumanNeuronLab\ANALYSIS\FLM\Analysis_LoraFanda\01_FBM_Analysis\outputs\04_ersp_LM_RAWONLY\PAT_6854\LM\ERSP_matrix\picture\PAT_6854_picture_WM_ERSP_FMG5_TN.npy,\\nasac-m2.unige.ch\m-HumanNeuronLab\ANALYSIS\FLM\Analysis_LoraFanda\01_FBM_Analysis\outputs\04_ersp_LM_RAWONLY\PAT_6854\LM\ERSP_matrix\reading\PAT_6854_reading_WM_ERSP_FMG5_TN.npy,1,0.38113177,1,PAT_6854|FMG5,0.002160399910008532,7.602151088411081e-05,0.03816797471596026,0.28949789587021074,2.613629921477187e-10,0.1542128831118645,0.5158848246197089
924,PAT_6854,FMG6,FMG6,LM,concat,1,\\nasac-m2.unige.ch\m-HumanNeuronLab\ANALYSIS\FLM\Analysis_LoraFanda\01_FBM_Analysis\outputs\04_ersp_LM_RAWONLY\PAT_6854\LM\ERSP_matrix\audio\PAT_6854_audio_WM_ERSP_FMG6_TN.npy,\\nasac-m2.unige.ch\m-HumanNeuronLab\ANALYSIS\FLM\Analysis_LoraFanda\01_FBM_Analysis\outputs\04_ersp_LM_RAWONLY\PAT_6854\LM\ERSP_matrix\audio\PAT_6854_audio_WM_ERSP_FMG6_TN.npy,\\nasac-m2.unige.ch\m-HumanNeuronLab\ANALYSIS\FLM\Analysis_LoraFanda\01_FBM_Analysis\outputs\04_ersp_LM_RAWONLY\PAT_6854\LM\ERSP_matrix\picture\PAT_6854_picture_WM_ERSP_FMG6_TN.npy,\\nasac-m2.unige.ch\m-HumanNeuronLab\ANALYSIS\FLM\Analysis_LoraFanda\01_FBM_Analysis\outputs\04_ersp_LM_RAWONLY\PAT_6854\LM\ERSP_matrix\reading\PAT_6854_reading_WM_ERSP_FMG6_TN.npy,1,0.3867556,1,PAT_6854|FMG6,0.028406741128178464,2.287104538377171e-06,0.08056528247272539,0.2806588344232624,1.4961501600229115e-10,0.11988431491753442,0.49048253980414586
925,PAT_6854,FMG7,FMG7,LM,concat,1,\\nasac-m2.unige.ch\m-HumanNeuronLab\ANALYSIS\FLM\Analysis_LoraFanda\01_FBM_Analysis\outputs\04_ersp_LM_RAWONLY\PAT_6854\LM\ERSP_matrix\audio\PAT_6854_audio_WM_ERSP_FMG7_TN.npy,\\nasac-m2.unige.ch\m-HumanNeuronLab\ANALYSIS\FLM\Analysis_LoraFanda\01_FBM_Analysis\outputs\04_ersp_LM_RAWONLY\PAT_6854\LM\ERSP_matrix\audio\PAT_6854_audio_WM_ERSP_FMG7_TN.npy,\\nasac-m2.unige.ch\m-HumanNeuronLab\ANALYSIS\FLM\Analysis_LoraFanda\01_FBM_Analysis\outputs\04_ersp_LM_RAWONLY\PAT_6854\LM\ERSP_matrix\picture\PAT_6854_picture_WM_ERSP_FMG7_TN.npy,\\nasac-m2.unige.ch\m-HumanNeuronLab\ANALYSIS\FLM\Analysis_LoraFanda\01_FBM_Analysis\outputs\04_ersp_LM_RAWONLY\PAT_6854\LM\ERSP_matrix\reading\PAT_6854_reading_WM_ERSP_FMG7_TN.npy,1,0.38300747,1,PAT_6854|FMG7,6.254618083745588e-12,0.002760383368215812,0.11743707463545135,0.2795354836548784,4.69327935417364e-06,0.06160627786508334,0.5386560871907623
926,PAT_6854,FMG8,FMG8,LM,concat,1,\\nasac-m2.unige.ch\m-HumanNeuronLab\ANALYSIS\FLM\Analysis_LoraFanda\01_FBM_Analysis\outputs\04_ersp_LM_RAWONLY\PAT_6854\LM\ERSP_matrix\audio\PAT_6854_audio_WM_ERSP_FMG8_TN.npy,\\nasac-m2.unige.ch\m-HumanNeuronLab\ANALYSIS\FLM\Analysis_LoraFanda\01_FBM_Analysis\outputs\04_ersp_LM_RAWONLY\PAT_6854\LM\ERSP_matrix\audio\PAT_6854_audio_WM_ERSP_FMG8_TN.npy,\\nasac-m2.unige.ch\m-HumanNeuronLab\ANALYSIS\FLM\Analysis_LoraFanda\01_FBM_Analysis\outputs\04_ersp_LM_RAWONLY\PAT_6854\LM\ERSP_matrix\picture\PAT_6854_picture_WM_ERSP_FMG8_TN.npy,\\nasac-m2.unige.ch\m-HumanNeuronLab\ANALYSIS\FLM\Analysis_LoraFanda\01_FBM_Analysis\outputs\04_ersp_LM_RAWONLY\PAT_6854\LM\ERSP_matrix\reading\PAT_6854_reading_WM_ERSP_FMG8_TN.npy,1,0.3733473,1,PAT_6854|FMG8,0.02009417550314514,8.99628844610255e-06,0.0958502040362804,0.2433723151099801,3.7499728981270925e-08,0.09504605415309535,0.5456282174093239
927,PAT_6854,FMG9,FMG9,LM,concat,1,\\nasac-m2.unige.ch\m-HumanNeuronLab\ANALYSIS\FLM\Analysis_LoraFanda\01_FBM_Analysis\outputs\04_ersp_LM_RAWONLY\PAT_6854\LM\ERSP_matrix\audio\PAT_6854_audio_WM_ERSP_FMG9_TN.npy,\\nasac-m2.unige.ch\m-HumanNeuronLab\ANALYSIS\FLM\Analysis_LoraFanda\01_FBM_Analysis\outputs\04_ersp_LM_RAWONLY\PAT_6854\LM\ERSP_matrix\audio\PAT_6854_audio_WM_ERSP_FMG9_TN.npy,\\nasac-m2.unige.ch\m-HumanNeuronLab\ANALYSIS\FLM\Analysis_LoraFanda\01_FBM_Analysis\outputs\04_ersp_LM_RAWONLY\PAT_6854\LM\ERSP_matrix\picture\PAT_6854_picture_WM_ERSP_FMG9_TN.npy,\\nasac-m2.unige.ch\m-HumanNeuronLab\ANALYSIS\FLM\Analysis_LoraFanda\01_FBM_Analysis\outputs\04_ersp_LM_RAWONLY\PAT_6854\LM\ERSP_matrix\reading\PAT_6854_reading_WM_ERSP_FMG9_TN.npy,1,0.37277865,1,PAT_6854|FMG9,5.88417498024839e-06,0.0002658555310435551,0.19108790319851024,0.22162730040750175,1.646441113633055e-06,0.054251441311482636,0.5327599689353679
928,PAT_6854,HAD1,HAD1,LM,concat,1,\\nasac-m2.unige.ch\m-HumanNeuronLab\ANALYSIS\FLM\Analysis_LoraFanda\01_FBM_Analysis\outputs\04_ersp_LM_RAWONLY\PAT_6854\LM\ERSP_matrix\audio\PAT_6854_audio_WM_ERSP_HAD1_TN.npy,\\nasac-m2.unige.ch\m-HumanNeuronLab\ANALYSIS\FLM\Analysis_LoraFanda\01_FBM_Analysis\outputs\04_ersp_LM_RAWONLY\PAT_6854\LM\ERSP_matrix\audio\PAT_6854_audio_WM_ERSP_HAD1_TN.npy,\\nasac-m2.unige.ch\m-HumanNeuronLab\ANALYSIS\FLM\Analysis_LoraFanda\01_FBM_Analysis\outputs\04_ersp_LM_RAWONLY\PAT_6854\LM\ERSP_matrix\picture\PAT_6854_picture_WM_ERSP_HAD1_TN.npy,\\nasac-m2.unige.ch\m-HumanNeuronLab\ANALYSIS\FLM\Analysis_LoraFanda\01_FBM_Analysis\outputs\04_ersp_LM_RAWONLY\PAT_6854\LM\ERSP_matrix\reading\PAT_6854_reading_WM_ERSP_HAD1_TN.npy,1,0.2552869,1,PAT_6854|HAD1,0.5409326805782686,0.130668634272582,2.7276814223137695e-35,0.3283986851491295,1.2811155345159327e-52,8.002958053429815e-54,1.9889904259036065e-14
929,PAT_6854,HAD2,HAD2,LM,concat,2,\\nasac-m2.unige.ch\m-HumanNeuronLab\ANALYSIS\FLM\Analysis_LoraFanda\01_FBM_Analysis\outputs\04_ersp_LM_RAWONLY\PAT_6854\LM\ERSP_matrix\audio\PAT_6854_audio_WM_ERSP_HAD2_TN.npy,\\nasac-m2.unige.ch\m-HumanNeuronLab\ANALYSIS\FLM\Analysis_LoraFanda\01_FBM_Analysis\outputs\04_ersp_LM_RAWONLY\PAT_6854\LM\ERSP_matrix\audio\PAT_6854_audio_WM_ERSP_HAD2_TN.npy,\\nasac-m2.unige.ch\m-HumanNeuronLab\ANALYSIS\FLM\Analysis_LoraFanda\01_FBM_Analysis\outputs\04_ersp_LM_RAWONLY\PAT_6854\LM\ERSP_matrix\picture\PAT_6854_picture_WM_ERSP_HAD2_TN.npy,\\nasac-m2.unige.ch\m-HumanNeuronLab\ANALYSIS\FLM\Analysis_LoraFanda\01_FBM_Analysis\outputs\04_ersp_LM_RAWONLY\PAT_6854\LM\ERSP_matrix\reading\PAT_6854_reading_WM_ERSP_HAD2_TN.npy,1,0.24726884,1,PAT_6854|HAD2,0.29709561208618274,0.3253271590733184,1.5502801764596341e-32,0.3775772288404986,2.9900886195224446e-66,9.503726979930489e-57,2.1748505838547902e-16
930,PAT_6854,HAD3,HAD3,LM,concat,1,\\nasac-m2.unige.ch\m-HumanNeuronLab\ANALYSIS\FLM\Analysis_LoraFanda\01_FBM_Analysis\outputs\04_ersp_LM_RAWONLY\PAT_6854\LM\ERSP_matrix\audio\PAT_6854_audio_WM_ERSP_HAD3_TN.npy,\\nasac-m2.unige.ch\m-HumanNeuronLab\ANALYSIS\FLM\Analysis_LoraFanda\01_FBM_Analysis\outputs\04_ersp_LM_RAWONLY\PAT_6854\LM\ERSP_matrix\audio\PAT_6854_audio_WM_ERSP_HAD3_TN.npy,\\nasac-m2.unige.ch\m-HumanNeuronLab\ANALYSIS\FLM\Analysis_LoraFanda\01_FBM_Analysis\outputs\04_ersp_LM_RAWONLY\PAT_6854\LM\ERSP_matrix\picture\PAT_6854_picture_WM_ERSP_HAD3_TN.npy,\\nasac-m2.unige.ch\m-HumanNeuronLab\ANALYSIS\FLM\Analysis_LoraFanda\01_FBM_Analysis\outputs\04_ersp_LM_RAWONLY\PAT_6854\LM\ERSP_matrix\reading\PAT_6854_reading_WM_ERSP_HAD3_TN.npy,1,0.37903404,1,PAT_6854|HAD3,0.05902770238839877,0.07738697364875527,1.7838490265053872e-14,0.1177250950657745,0.14964139870354262,0.16525325237700597,0.430965577816505
931,PAT_6854,HAD4,HAD4,LM,concat,1,\\nasac-m2.unige.ch\m-HumanNeuronLab\ANALYSIS\FLM\Analysis_LoraFanda\01_FBM_Analysis\outputs\04_ersp_LM_RAWONLY\PAT_6854\LM\ERSP_matrix\audio\PAT_6854_audio_WM_ERSP_HAD4_TN.npy,\\nasac-m2.unige.ch\m-HumanNeuronLab\ANALYSIS\FLM\Analysis_LoraFanda\01_FBM_Analysis\outputs\04_ersp_LM_RAWONLY\PAT_6854\LM\ERSP_matrix\audio\PAT_6854_audio_WM_ERSP_HAD4_TN.npy,\\nasac-m2.unige.ch\m-HumanNeuronLab\ANALYSIS\FLM\Analysis_LoraFanda\01_FBM_Analysis\outputs\04_ersp_LM_RAWONLY\PAT_6854\LM\ERSP_matrix\picture\PAT_6854_picture_WM_ERSP_HAD4_TN.npy,\\nasac-m2.unige.ch\m-HumanNeuronLab\ANALYSIS\FLM\Analysis_LoraFanda\01_FBM_Analysis\outputs\04_ersp_LM_RAWONLY\PAT_6854\LM\ERSP_matrix\reading\PAT_6854_reading_WM_ERSP_HAD4_TN.npy,1,0.24995157,1,PAT_6854|HAD4,1.4689084258198827e-05,0.13704186053249992,1.0170269259412004e-05,0.14607326864346257,0.14486648935371377,0.20914237016538567,0.3628511519514205
932,PAT_6854,HAD5,HAD5,LM,concat,2,\\nasac-m2.unige.ch\m-HumanNeuronLab\ANALYSIS\FLM\Analysis_LoraFanda\01_FBM_Analysis\outputs\04_ersp_LM_RAWONLY\PAT_6854\LM\ERSP_matrix\audio\PAT_6854_audio_WM_ERSP_HAD5_TN.npy,\\nasac-m2.unige.ch\m-HumanNeuronLab\ANALYSIS\FLM\Analysis_LoraFanda\01_FBM_Analysis\outputs\04_ersp_LM_RAWONLY\PAT_6854\LM\ERSP_matrix\audio\PAT_6854_audio_WM_ERSP_HAD5_TN.npy,\\nasac-m2.unige.ch\m-HumanNeuronLab\ANALYSIS\FLM\Analysis_LoraFanda\01_FBM_Analysis\outputs\04_ersp_LM_RAWONLY\PAT_6854\LM\ERSP_matrix\picture\PAT_6854_picture_WM_ERSP_HAD5_TN.npy,\\nasac-m2.unige.ch\m-HumanNeuronLab\ANALYSIS\FLM\Analysis_LoraFanda\01_FBM_Analysis\outputs\04_ersp_LM_RAWONLY\PAT_6854\LM\ERSP_matrix\reading\PAT_6854_reading_WM_ERSP_HAD5_TN.npy,1,0.19511046,1,PAT_6854|HAD5,0.018981987139065588,0.2130828277624385,7.511918363902927e-13,0.16987822721407153,0.10653191786346225,0.22470882184612717,0.26681621817408385
933,PAT_6854,HAD6,HAD6,LM,concat,2,\\nasac-m2.unige.ch\m-HumanNeuronLab\ANALYSIS\FLM\Analysis_LoraFanda\01_FBM_Analysis\outputs\04_ersp_LM_RAWONLY\PAT_6854\LM\ERSP_matrix\audio\PAT_6854_audio_WM_ERSP_HAD6_TN.npy,\\nasac-m2.unige.ch\m-HumanNeuronLab\ANALYSIS\FLM\Analysis_LoraFanda\01_FBM_Analysis\outputs\04_ersp_LM_RAWONLY\PAT_6854\LM\ERSP_matrix\audio\PAT_6854_audio_WM_ERSP_HAD6_TN.npy,\\nasac-m2.unige.ch\m-HumanNeuronLab\ANALYSIS\FLM\Analysis_LoraFanda\01_FBM_Analysis\outputs\04_ersp_LM_RAWONLY\PAT_6854\LM\ERSP_matrix\picture\PAT_6854_picture_WM_ERSP_HAD6_TN.npy,\\nasac-m2.unige.ch\m-HumanNeuronLab\ANALYSIS\FLM\Analysis_LoraFanda\01_FBM_Analysis\outputs\04_ersp_LM_RAWONLY\PAT_6854\LM\ERSP_matrix\reading\PAT_6854_reading_WM_ERSP_HAD6_TN.npy,1,0.19813511,1,PAT_6854|HAD6,0.07110116306960128,0.23718826559662085,2.0061141350812547e-08,0.14728098234931283,0.09928798098773418,0.22492888086777296,0.2202127070678166
934,PAT_6854,HAD7,HAD7,LM,concat,3,\\nasac-m2.unige.ch\m-HumanNeuronLab\ANALYSIS\FLM\Analysis_LoraFanda\01_FBM_Analysis\outputs\04_ersp_LM_RAWONLY\PAT_6854\LM\ERSP_matrix\audio\PAT_6854_audio_WM_ERSP_HAD7_TN.npy,\\nasac-m2.unige.ch\m-HumanNeuronLab\ANALYSIS\FLM\Analysis_LoraFanda\01_FBM_Analysis\outputs\04_ersp_LM_RAWONLY\PAT_6854\LM\ERSP_matrix\audio\PAT_6854_audio_WM_ERSP_HAD7_TN.npy,\\nasac-m2.unige.ch\m-HumanNeuronLab\ANALYSIS\FLM\Analysis_LoraFanda\01_FBM_Analysis\outputs\04_ersp_LM_RAWONLY\PAT_6854\LM\ERSP_matrix\picture\PAT_6854_picture_WM_ERSP_HAD7_TN.npy,\\nasac-m2.unige.ch\m-HumanNeuronLab\ANALYSIS\FLM\Analysis_LoraFanda\01_FBM_Analysis\outputs\04_ersp_LM_RAWONLY\PAT_6854\LM\ERSP_matrix\reading\PAT_6854_reading_WM_ERSP_HAD7_TN.npy,1,0.18848547,1,PAT_6854|HAD7,0.009395770739841372,0.28669551664194043,9.264903491501324e-09,0.11416506661066492,0.09749854435185443,0.271674399930489,0.22057069246030628
935,PAT_6854,HAD8,HAD8,LM,concat,2,\\nasac-m2.unige.ch\m-HumanNeuronLab\ANALYSIS\FLM\Analysis_LoraFanda\01_FBM_Analysis\outputs\04_ersp_LM_RAWONLY\PAT_6854\LM\ERSP_matrix\audio\PAT_6854_audio_WM_ERSP_HAD8_TN.npy,\\nasac-m2.unige.ch\m-HumanNeuronLab\ANALYSIS\FLM\Analysis_LoraFanda\01_FBM_Analysis\outputs\04_ersp_LM_RAWONLY\PAT_6854\LM\ERSP_matrix\audio\PAT_6854_audio_WM_ERSP_HAD8_TN.npy,\\nasac-m2.unige.ch\m-HumanNeuronLab\ANALYSIS\FLM\Analysis_LoraFanda\01_FBM_Analysis\outputs\04_ersp_LM_RAWONLY\PAT_6854\LM\ERSP_matrix\picture\PAT_6854_picture_WM_ERSP_HAD8_TN.npy,\\nasac-m2.unige.ch\m-HumanNeuronLab\ANALYSIS\FLM\Analysis_LoraFanda\01_FBM_Analysis\outputs\04_ersp_LM_RAWONLY\PAT_6854\LM\ERSP_matrix\reading\PAT_6854_reading_WM_ERSP_HAD8_TN.npy,4,-0.06843351,4,PAT_6854|HAD8,1.2353606602564564e-05,0.3633830390117675,8.922195012937185e-06,0.07591662470946929,0.14996598811786166,0.2049224512849466,0.2057906210743396
936,PAT_6854,HAD9,HAD9,LM,concat,2,\\nasac-m2.unige.ch\m-HumanNeuronLab\ANALYSIS\FLM\Analysis_LoraFanda\01_FBM_Analysis\outputs\04_ersp_LM_RAWONLY\PAT_6854\LM\ERSP_matrix\audio\PAT_6854_audio_WM_ERSP_HAD9_TN.npy,\\nasac-m2.unige.ch\m-HumanNeuronLab\ANALYSIS\FLM\Analysis_LoraFanda\01_FBM_Analysis\outputs\04_ersp_LM_RAWONLY\PAT_6854\LM\ERSP_matrix\audio\PAT_6854_audio_WM_ERSP_HAD9_TN.npy,\\nasac-m2.unige.ch\m-HumanNeuronLab\ANALYSIS\FLM\Analysis_LoraFanda\01_FBM_Analysis\outputs\04_ersp_LM_RAWONLY\PAT_6854\LM\ERSP_matrix\picture\PAT_6854_picture_WM_ERSP_HAD9_TN.npy,\\nasac-m2.unige.ch\m-HumanNeuronLab\ANALYSIS\FLM\Analysis_LoraFanda\01_FBM_Analysis\outputs\04_ersp_LM_RAWONLY\PAT_6854\LM\ERSP_matrix\reading\PAT_6854_reading_WM_ERSP_HAD9_TN.npy,4,-0.1292966,4,PAT_6854|HAD9,0.002690998228292972,0.35539061551220313,5.983669307370291e-05,0.11893826221379575,0.09245351682302794,0.23260568552661934,0.1978610850029872
937,PAT_6854,HAG1,HAG1,LM,concat,2,\\nasac-m2.unige.ch\m-HumanNeuronLab\ANALYSIS\FLM\Analysis_LoraFanda\01_FBM_Analysis\outputs\04_ersp_LM_RAWONLY\PAT_6854\LM\ERSP_matrix\audio\PAT_6854_audio_WM_ERSP_HAG1_TN.npy,\\nasac-m2.unige.ch\m-HumanNeuronLab\ANALYSIS\FLM\Analysis_LoraFanda\01_FBM_Analysis\outputs\04_ersp_LM_RAWONLY\PAT_6854\LM\ERSP_matrix\audio\PAT_6854_audio_WM_ERSP_HAG1_TN.npy,\\nasac-m2.unige.ch\m-HumanNeuronLab\ANALYSIS\FLM\Analysis_LoraFanda\01_FBM_Analysis\outputs\04_ersp_LM_RAWONLY\PAT_6854\LM\ERSP_matrix\picture\PAT_6854_picture_WM_ERSP_HAG1_TN.npy,\\nasac-m2.unige.ch\m-HumanNeuronLab\ANALYSIS\FLM\Analysis_LoraFanda\01_FBM_Analysis\outputs\04_ersp_LM_RAWONLY\PAT_6854\LM\ERSP_matrix\reading\PAT_6854_reading_WM_ERSP_HAG1_TN.npy,0,-0.094604634,0,PAT_6854|HAG1,0.454975552898984,0.18117487512861835,0.3501339193189015,7.31798980053544e-06,2.6459911998427148e-05,0.007481230414646085,0.006200644337051285
938,PAT_6854,HAG2,HAG2,LM,concat,1,\\nasac-m2.unige.ch\m-HumanNeuronLab\ANALYSIS\FLM\Analysis_LoraFanda\01_FBM_Analysis\outputs\04_ersp_LM_RAWONLY\PAT_6854\LM\ERSP_matrix\audio\PAT_6854_audio_WM_ERSP_HAG2_TN.npy,\\nasac-m2.unige.ch\m-HumanNeuronLab\ANALYSIS\FLM\Analysis_LoraFanda\01_FBM_Analysis\outputs\04_ersp_LM_RAWONLY\PAT_6854\LM\ERSP_matrix\audio\PAT_6854_audio_WM_ERSP_HAG2_TN.npy,\\nasac-m2.unige.ch\m-HumanNeuronLab\ANALYSIS\FLM\Analysis_LoraFanda\01_FBM_Analysis\outputs\04_ersp_LM_RAWONLY\PAT_6854\LM\ERSP_matrix\picture\PAT_6854_picture_WM_ERSP_HAG2_TN.npy,\\nasac-m2.unige.ch\m-HumanNeuronLab\ANALYSIS\FLM\Analysis_LoraFanda\01_FBM_Analysis\outputs\04_ersp_LM_RAWONLY\PAT_6854\LM\ERSP_matrix\reading\PAT_6854_reading_WM_ERSP_HAG2_TN.npy,1,0.2699769,1,PAT_6854|HAG2,0.19538130090922076,0.16712261980131352,0.4720928999795858,0.006183288667397303,4.866579058645461e-06,0.15898405723012507,0.00023096683329894426
939,PAT_6854,HAG3,HAG3,LM,concat,1,\\nasac-m2.unige.ch\m-HumanNeuronLab\ANALYSIS\FLM\Analysis_LoraFanda\01_FBM_Analysis\outputs\04_ersp_LM_RAWONLY\PAT_6854\LM\ERSP_matrix\audio\PAT_6854_audio_WM_ERSP_HAG3_TN.npy,\\nasac-m2.unige.ch\m-HumanNeuronLab\ANALYSIS\FLM\Analysis_LoraFanda\01_FBM_Analysis\outputs\04_ersp_LM_RAWONLY\PAT_6854\LM\ERSP_matrix\audio\PAT_6854_audio_WM_ERSP_HAG3_TN.npy,\\nasac-m2.unige.ch\m-HumanNeuronLab\ANALYSIS\FLM\Analysis_LoraFanda\01_FBM_Analysis\outputs\04_ersp_LM_RAWONLY\PAT_6854\LM\ERSP_matrix\picture\PAT_6854_picture_WM_ERSP_HAG3_TN.npy,\\nasac-m2.unige.ch\m-HumanNeuronLab\ANALYSIS\FLM\Analysis_LoraFanda\01_FBM_Analysis\outputs\04_ersp_LM_RAWONLY\PAT_6854\LM\ERSP_matrix\reading\PAT_6854_reading_WM_ERSP_HAG3_TN.npy,1,0.31466314,1,PAT_6854|HAG3,0.15105004535925903,0.07374566958902466,0.26106745100190604,0.11097420197834708,0.03517011757407636,0.22281449541421058,0.14517801908317615
940,PAT_6854,HAG4,HAG4,LM,concat,1,\\nasac-m2.unige.ch\m-HumanNeuronLab\ANALYSIS\FLM\Analysis_LoraFanda\01_FBM_Analysis\outputs\04_ersp_LM_RAWONLY\PAT_6854\LM\ERSP_matrix\audio\PAT_6854_audio_WM_ERSP_HAG4_TN.npy,\\nasac-m2.unige.ch\m-HumanNeuronLab\ANALYSIS\FLM\Analysis_LoraFanda\01_FBM_Analysis\outputs\04_ersp_LM_RAWONLY\PAT_6854\LM\ERSP_matrix\audio\PAT_6854_audio_WM_ERSP_HAG4_TN.npy,\\nasac-m2.unige.ch\m-HumanNeuronLab\ANALYSIS\FLM\Analysis_LoraFanda\01_FBM_Analysis\outputs\04_ersp_LM_RAWONLY\PAT_6854\LM\ERSP_matrix\picture\PAT_6854_picture_WM_ERSP_HAG4_TN.npy,\\nasac-m2.unige.ch\m-HumanNeuronLab\ANALYSIS\FLM\Analysis_LoraFanda\01_FBM_Analysis\outputs\04_ersp_LM_RAWONLY\PAT_6854\LM\ERSP_matrix\reading\PAT_6854_reading_WM_ERSP_HAG4_TN.npy,1,0.30618173,1,PAT_6854|HAG4,0.11735047663590926,1.145739333229352e-05,0.17461831824251742,0.2260188337163351,0.027049113741074965,0.26625289081813447,0.18869890945269646
941,PAT_6854,HAG5,HAG5,LM,concat,1,\\nasac-m2.unige.ch\m-HumanNeuronLab\ANALYSIS\FLM\Analysis_LoraFanda\01_FBM_Analysis\outputs\04_ersp_LM_RAWONLY\PAT_6854\LM\ERSP_matrix\audio\PAT_6854_audio_WM_ERSP_HAG5_TN.npy,\\nasac-m2.unige.ch\m-HumanNeuronLab\ANALYSIS\FLM\Analysis_LoraFanda\01_FBM_Analysis\outputs\04_ersp_LM_RAWONLY\PAT_6854\LM\ERSP_matrix\audio\PAT_6854_audio_WM_ERSP_HAG5_TN.npy,\\nasac-m2.unige.ch\m-HumanNeuronLab\ANALYSIS\FLM\Analysis_LoraFanda\01_FBM_Analysis\outputs\04_ersp_LM_RAWONLY\PAT_6854\LM\ERSP_matrix\picture\PAT_6854_picture_WM_ERSP_HAG5_TN.npy,\\nasac-m2.unige.ch\m-HumanNeuronLab\ANALYSIS\FLM\Analysis_LoraFanda\01_FBM_Analysis\outputs\04_ersp_LM_RAWONLY\PAT_6854\LM\ERSP_matrix\reading\PAT_6854_reading_WM_ERSP_HAG5_TN.npy,1,0.2701564,1,PAT_6854|HAG5,0.04776705830701559,1.30629590879953e-08,0.061661859494138146,0.33773486278569376,0.04512601375247062,0.20029590755751472,0.3074142850402081
942,PAT_6854,HAG6,HAG6,LM,concat,1,\\nasac-m2.unige.ch\m-HumanNeuronLab\ANALYSIS\FLM\Analysis_LoraFanda\01_FBM_Analysis\outputs\04_ersp_LM_RAWONLY\PAT_6854\LM\ERSP_matrix\audio\PAT_6854_audio_WM_ERSP_HAG6_TN.npy,\\nasac-m2.unige.ch\m-HumanNeuronLab\ANALYSIS\FLM\Analysis_LoraFanda\01_FBM_Analysis\outputs\04_ersp_LM_RAWONLY\PAT_6854\LM\ERSP_matrix\audio\PAT_6854_audio_WM_ERSP_HAG6_TN.npy,\\nasac-m2.unige.ch\m-HumanNeuronLab\ANALYSIS\FLM\Analysis_LoraFanda\01_FBM_Analysis\outputs\04_ersp_LM_RAWONLY\PAT_6854\LM\ERSP_matrix\picture\PAT_6854_picture_WM_ERSP_HAG6_TN.npy,\\nasac-m2.unige.ch\m-HumanNeuronLab\ANALYSIS\FLM\Analysis_LoraFanda\01_FBM_Analysis\outputs\04_ersp_LM_RAWONLY\PAT_6854\LM\ERSP_matrix\reading\PAT_6854_reading_WM_ERSP_HAG6_TN.npy,1,0.22529116,1,PAT_6854|HAG6,0.0614567271237905,0.001803866552869793,1.3987587328818827e-11,0.4423535613990242,0.0014920534747864143,0.12219484226924235,0.37069894916629914
943,PAT_6854,HAG7,HAG7,LM,concat,1,\\nasac-m2.unige.ch\m-HumanNeuronLab\ANALYSIS\FLM\Analysis_LoraFanda\01_FBM_Analysis\outputs\04_ersp_LM_RAWONLY\PAT_6854\LM\ERSP_matrix\audio\PAT_6854_audio_WM_ERSP_HAG7_TN.npy,\\nasac-m2.unige.ch\m-HumanNeuronLab\ANALYSIS\FLM\Analysis_LoraFanda\01_FBM_Analysis\outputs\04_ersp_LM_RAWONLY\PAT_6854\LM\ERSP_matrix\audio\PAT_6854_audio_WM_ERSP_HAG7_TN.npy,\\nasac-m2.unige.ch\m-HumanNeuronLab\ANALYSIS\FLM\Analysis_LoraFanda\01_FBM_Analysis\outputs\04_ersp_LM_RAWONLY\PAT_6854\LM\ERSP_matrix\picture\PAT_6854_picture_WM_ERSP_HAG7_TN.npy,\\nasac-m2.unige.ch\m-HumanNeuronLab\ANALYSIS\FLM\Analysis_LoraFanda\01_FBM_Analysis\outputs\04_ersp_LM_RAWONLY\PAT_6854\LM\ERSP_matrix\reading\PAT_6854_reading_WM_ERSP_HAG7_TN.npy,1,0.22707248,1,PAT_6854|HAG7,0.0601097791734799,0.06592807248427728,7.75816402781069e-18,0.4458235251570424,0.018838847397214756,9.960681379958639e-07,0.40929877971984774
944,PAT_6854,HAG8,HAG8,LM,concat,1,\\nasac-m2.unige.ch\m-HumanNeuronLab\ANALYSIS\FLM\Analysis_LoraFanda\01_FBM_Analysis\outputs\04_ersp_LM_RAWONLY\PAT_6854\LM\ERSP_matrix\audio\PAT_6854_audio_WM_ERSP_HAG8_TN.npy,\\nasac-m2.unige.ch\m-HumanNeuronLab\ANALYSIS\FLM\Analysis_LoraFanda\01_FBM_Analysis\outputs\04_ersp_LM_RAWONLY\PAT_6854\LM\ERSP_matrix\audio\PAT_6854_audio_WM_ERSP_HAG8_TN.npy,\\nasac-m2.unige.ch\m-HumanNeuronLab\ANALYSIS\FLM\Analysis_LoraFanda\01_FBM_Analysis\outputs\04_ersp_LM_RAWONLY\PAT_6854\LM\ERSP_matrix\picture\PAT_6854_picture_WM_ERSP_HAG8_TN.npy,\\nasac-m2.unige.ch\m-HumanNeuronLab\ANALYSIS\FLM\Analysis_LoraFanda\01_FBM_Analysis\outputs\04_ersp_LM_RAWONLY\PAT_6854\LM\ERSP_matrix\reading\PAT_6854_reading_WM_ERSP_HAG8_TN.npy,1,0.120808795,1,PAT_6854|HAG8,3.2797967818256407e-06,0.1302663903144873,4.640025560012301e-24,0.5357954496033305,1.898034381406003e-30,3.507059861523436e-47,0.3339348802854003
945,PAT_6854,HAG9,HAG9,LM,concat,1,\\nasac-m2.unige.ch\m-HumanNeuronLab\ANALYSIS\FLM\Analysis_LoraFanda\01_FBM_Analysis\outputs\04_ersp_LM_RAWONLY\PAT_6854\LM\ERSP_matrix\audio\PAT_6854_audio_WM_ERSP_HAG9_TN.npy,\\nasac-m2.unige.ch\m-HumanNeuronLab\ANALYSIS\FLM\Analysis_LoraFanda\01_FBM_Analysis\outputs\04_ersp_LM_RAWONLY\PAT_6854\LM\ERSP_matrix\audio\PAT_6854_audio_WM_ERSP_HAG9_TN.npy,\\nasac-m2.unige.ch\m-HumanNeuronLab\ANALYSIS\FLM\Analysis_LoraFanda\01_FBM_Analysis\outputs\04_ersp_LM_RAWONLY\PAT_6854\LM\ERSP_matrix\picture\PAT_6854_picture_WM_ERSP_HAG9_TN.npy,\\nasac-m2.unige.ch\m-HumanNeuronLab\ANALYSIS\FLM\Analysis_LoraFanda\01_FBM_Analysis\outputs\04_ersp_LM_RAWONLY\PAT_6854\LM\ERSP_matrix\reading\PAT_6854_reading_WM_ERSP_HAG9_TN.npy,2,0.06987316,2,PAT_6854|HAG9,2.3919879496935244e-08,0.201226576730028,2.545430686295114e-20,0.7987730867031811,5.20411118640187e-52,1.9254868944072083e-75,3.1264691117059376e-07
946,PAT_6854,IAD1,IAD1,LM,concat,1,\\nasac-m2.unige.ch\m-HumanNeuronLab\ANALYSIS\FLM\Analysis_LoraFanda\01_FBM_Analysis\outputs\04_ersp_LM_RAWONLY\PAT_6854\LM\ERSP_matrix\audio\PAT_6854_audio_WM_ERSP_IAD1_TN.npy,\\nasac-m2.unige.ch\m-HumanNeuronLab\ANALYSIS\FLM\Analysis_LoraFanda\01_FBM_Analysis\outputs\04_ersp_LM_RAWONLY\PAT_6854\LM\ERSP_matrix\audio\PAT_6854_audio_WM_ERSP_IAD1_TN.npy,\\nasac-m2.unige.ch\m-HumanNeuronLab\ANALYSIS\FLM\Analysis_LoraFanda\01_FBM_Analysis\outputs\04_ersp_LM_RAWONLY\PAT_6854\LM\ERSP_matrix\picture\PAT_6854_picture_WM_ERSP_IAD1_TN.npy,\\nasac-m2.unige.ch\m-HumanNeuronLab\ANALYSIS\FLM\Analysis_LoraFanda\01_FBM_Analysis\outputs\04_ersp_LM_RAWONLY\PAT_6854\LM\ERSP_matrix\reading\PAT_6854_reading_WM_ERSP_IAD1_TN.npy,1,0.3701695,1,PAT_6854|IAD1,9.38147838400798e-16,0.07601897685297336,0.12834600480946193,0.08225623103854449,0.12737092608573844,0.31267888571553726,0.2733289754977436
947,PAT_6854,IAD10,IAD10,LM,concat,1,\\nasac-m2.unige.ch\m-HumanNeuronLab\ANALYSIS\FLM\Analysis_LoraFanda\01_FBM_Analysis\outputs\04_ersp_LM_RAWONLY\PAT_6854\LM\ERSP_matrix\audio\PAT_6854_audio_WM_ERSP_IAD10_TN.npy,\\nasac-m2.unige.ch\m-HumanNeuronLab\ANALYSIS\FLM\Analysis_LoraFanda\01_FBM_Analysis\outputs\04_ersp_LM_RAWONLY\PAT_6854\LM\ERSP_matrix\audio\PAT_6854_audio_WM_ERSP_IAD10_TN.npy,\\nasac-m2.unige.ch\m-HumanNeuronLab\ANALYSIS\FLM\Analysis_LoraFanda\01_FBM_Analysis\outputs\04_ersp_LM_RAWONLY\PAT_6854\LM\ERSP_matrix\picture\PAT_6854_picture_WM_ERSP_IAD10_TN.npy,\\nasac-m2.unige.ch\m-HumanNeuronLab\ANALYSIS\FLM\Analysis_LoraFanda\01_FBM_Analysis\outputs\04_ersp_LM_RAWONLY\PAT_6854\LM\ERSP_matrix\reading\PAT_6854_reading_WM_ERSP_IAD10_TN.npy,1,0.37064007,1,PAT_6854|IAD10,5.6692943284980695e-49,0.4567293471272936,0.19654636922807392,2.3599895274877085e-14,0.08732528873758862,1.1449985953507884e-37,0.25939899490702034
948,PAT_6854,IAD11,IAD11,LM,concat,1,\\nasac-m2.unige.ch\m-HumanNeuronLab\ANALYSIS\FLM\Analysis_LoraFanda\01_FBM_Analysis\outputs\04_ersp_LM_RAWONLY\PAT_6854\LM\ERSP_matrix\audio\PAT_6854_audio_WM_ERSP_IAD11_TN.npy,\\nasac-m2.unige.ch\m-HumanNeuronLab\ANALYSIS\FLM\Analysis_LoraFanda\01_FBM_Analysis\outputs\04_ersp_LM_RAWONLY\PAT_6854\LM\ERSP_matrix\audio\PAT_6854_audio_WM_ERSP_IAD11_TN.npy,\\nasac-m2.unige.ch\m-HumanNeuronLab\ANALYSIS\FLM\Analysis_LoraFanda\01_FBM_Analysis\outputs\04_ersp_LM_RAWONLY\PAT_6854\LM\ERSP_matrix\picture\PAT_6854_picture_WM_ERSP_IAD11_TN.npy,\\nasac-m2.unige.ch\m-HumanNeuronLab\ANALYSIS\FLM\Analysis_LoraFanda\01_FBM_Analysis\outputs\04_ersp_LM_RAWONLY\PAT_6854\LM\ERSP_matrix\reading\PAT_6854_reading_WM_ERSP_IAD11_TN.npy,1,0.38551736,1,PAT_6854|IAD11,9.4337282270589e-14,0.03065654049679773,0.18085781576956186,0.14488685361832976,1.6456260322908103e-08,0.2878418202835342,0.35575695337542174
949,PAT_6854,IAD12,IAD12,LM,concat,1,\\nasac-m2.unige.ch\m-HumanNeuronLab\ANALYSIS\FLM\Analysis_LoraFanda\01_FBM_Analysis\outputs\04_ersp_LM_RAWONLY\PAT_6854\LM\ERSP_matrix\audio\PAT_6854_audio_WM_ERSP_IAD12_TN.npy,\\nasac-m2.unige.ch\m-HumanNeuronLab\ANALYSIS\FLM\Analysis_LoraFanda\01_FBM_Analysis\outputs\04_ersp_LM_RAWONLY\PAT_6854\LM\ERSP_matrix\audio\PAT_6854_audio_WM_ERSP_IAD12_TN.npy,\\nasac-m2.unige.ch\m-HumanNeuronLab\ANALYSIS\FLM\Analysis_LoraFanda\01_FBM_Analysis\outputs\04_ersp_LM_RAWONLY\PAT_6854\LM\ERSP_matrix\picture\PAT_6854_picture_WM_ERSP_IAD12_TN.npy,\\nasac-m2.unige.ch\m-HumanNeuronLab\ANALYSIS\FLM\Analysis_LoraFanda\01_FBM_Analysis\outputs\04_ersp_LM_RAWONLY\PAT_6854\LM\ERSP_matrix\reading\PAT_6854_reading_WM_ERSP_IAD12_TN.npy,1,0.38832965,1,PAT_6854|IAD12,0.03219199775555765,0.045108586131027875,0.20239614146796192,0.080759519247849,1.3158936742101382e-07,0.2864440917151997,0.3530995320930364
950,PAT_6854,IAD13,IAD13,LM,concat,1,\\nasac-m2.unige.ch\m-HumanNeuronLab\ANALYSIS\FLM\Analysis_LoraFanda\01_FBM_Analysis\outputs\04_ersp_LM_RAWONLY\PAT_6854\LM\ERSP_matrix\audio\PAT_6854_audio_WM_ERSP_IAD13_TN.npy,\\nasac-m2.unige.ch\m-HumanNeuronLab\ANALYSIS\FLM\Analysis_LoraFanda\01_FBM_Analysis\outputs\04_ersp_LM_RAWONLY\PAT_6854\LM\ERSP_matrix\audio\PAT_6854_audio_WM_ERSP_IAD13_TN.npy,\\nasac-m2.unige.ch\m-HumanNeuronLab\ANALYSIS\FLM\Analysis_LoraFanda\01_FBM_Analysis\outputs\04_ersp_LM_RAWONLY\PAT_6854\LM\ERSP_matrix\picture\PAT_6854_picture_WM_ERSP_IAD13_TN.npy,\\nasac-m2.unige.ch\m-HumanNeuronLab\ANALYSIS\FLM\Analysis_LoraFanda\01_FBM_Analysis\outputs\04_ersp_LM_RAWONLY\PAT_6854\LM\ERSP_matrix\reading\PAT_6854_reading_WM_ERSP_IAD13_TN.npy,1,0.36698398,1,PAT_6854|IAD13,0.00043126549208499223,0.013024880786362889,0.34490612862522435,0.08747615927248992,4.912934171546436e-05,0.32856062573649514,0.22555181074562736
951,PAT_6854,IAD14,IAD14,LM,concat,1,\\nasac-m2.unige.ch\m-HumanNeuronLab\ANALYSIS\FLM\Analysis_LoraFanda\01_FBM_Analysis\outputs\04_ersp_LM_RAWONLY\PAT_6854\LM\ERSP_matrix\audio\PAT_6854_audio_WM_ERSP_IAD14_TN.npy,\\nasac-m2.unige.ch\m-HumanNeuronLab\ANALYSIS\FLM\Analysis_LoraFanda\01_FBM_Analysis\outputs\04_ersp_LM_RAWONLY\PAT_6854\LM\ERSP_matrix\audio\PAT_6854_audio_WM_ERSP_IAD14_TN.npy,\\nasac-m2.unige.ch\m-HumanNeuronLab\ANALYSIS\FLM\Analysis_LoraFanda\01_FBM_Analysis\outputs\04_ersp_LM_RAWONLY\PAT_6854\LM\ERSP_matrix\picture\PAT_6854_picture_WM_ERSP_IAD14_TN.npy,\\nasac-m2.unige.ch\m-HumanNeuronLab\ANALYSIS\FLM\Analysis_LoraFanda\01_FBM_Analysis\outputs\04_ersp_LM_RAWONLY\PAT_6854\LM\ERSP_matrix\reading\PAT_6854_reading_WM_ERSP_IAD14_TN.npy,1,0.3503759,1,PAT_6854|IAD14,0.0684293448498354,0.029973213391806575,0.4293263649036033,0.018053280751149235,0.036413716820396035,0.11139870839891385,0.3064053708842956
952,PAT_6854,IAD15,IAD15,LM,concat,1,\\nasac-m2.unige.ch\m-HumanNeuronLab\ANALYSIS\FLM\Analysis_LoraFanda\01_FBM_Analysis\outputs\04_ersp_LM_RAWONLY\PAT_6854\LM\ERSP_matrix\audio\PAT_6854_audio_WM_ERSP_IAD15_TN.npy,\\nasac-m2.unige.ch\m-HumanNeuronLab\ANALYSIS\FLM\Analysis_LoraFanda\01_FBM_Analysis\outputs\04_ersp_LM_RAWONLY\PAT_6854\LM\ERSP_matrix\audio\PAT_6854_audio_WM_ERSP_IAD15_TN.npy,\\nasac-m2.unige.ch\m-HumanNeuronLab\ANALYSIS\FLM\Analysis_LoraFanda\01_FBM_Analysis\outputs\04_ersp_LM_RAWONLY\PAT_6854\LM\ERSP_matrix\picture\PAT_6854_picture_WM_ERSP_IAD15_TN.npy,\\nasac-m2.unige.ch\m-HumanNeuronLab\ANALYSIS\FLM\Analysis_LoraFanda\01_FBM_Analysis\outputs\04_ersp_LM_RAWONLY\PAT_6854\LM\ERSP_matrix\reading\PAT_6854_reading_WM_ERSP_IAD15_TN.npy,1,0.29221717,1,PAT_6854|IAD15,3.665968792511506e-18,4.031292862011166e-19,0.16999332086123575,0.41020209738379,5.6950028249935715e-09,0.09088734033447121,0.3289172357255002
953,PAT_6854,IAD16,IAD16,LM,concat,1,\\nasac-m2.unige.ch\m-HumanNeuronLab\ANALYSIS\FLM\Analysis_LoraFanda\01_FBM_Analysis\outputs\04_ersp_LM_RAWONLY\PAT_6854\LM\ERSP_matrix\audio\PAT_6854_audio_WM_ERSP_IAD16_TN.npy,\\nasac-m2.unige.ch\m-HumanNeuronLab\ANALYSIS\FLM\Analysis_LoraFanda\01_FBM_Analysis\outputs\04_ersp_LM_RAWONLY\PAT_6854\LM\ERSP_matrix\audio\PAT_6854_audio_WM_ERSP_IAD16_TN.npy,\\nasac-m2.unige.ch\m-HumanNeuronLab\ANALYSIS\FLM\Analysis_LoraFanda\01_FBM_Analysis\outputs\04_ersp_LM_RAWONLY\PAT_6854\LM\ERSP_matrix\picture\PAT_6854_picture_WM_ERSP_IAD16_TN.npy,\\nasac-m2.unige.ch\m-HumanNeuronLab\ANALYSIS\FLM\Analysis_LoraFanda\01_FBM_Analysis\outputs\04_ersp_LM_RAWONLY\PAT_6854\LM\ERSP_matrix\reading\PAT_6854_reading_WM_ERSP_IAD16_TN.npy,2,-0.09715634,2,PAT_6854|IAD16,9.127973385954968e-35,0.09626695308389645,0.25772126360316516,0.5876147795772082,0.05838565044345043,2.1050191616085456e-11,1.1353271229479234e-05
954,PAT_6854,IAD17,IAD17,LM,concat,1,\\nasac-m2.unige.ch\m-HumanNeuronLab\ANALYSIS\FLM\Analysis_LoraFanda\01_FBM_Analysis\outputs\04_ersp_LM_RAWONLY\PAT_6854\LM\ERSP_matrix\audio\PAT_6854_audio_WM_ERSP_IAD17_TN.npy,\\nasac-m2.unige.ch\m-HumanNeuronLab\ANALYSIS\FLM\Analysis_LoraFanda\01_FBM_Analysis\outputs\04_ersp_LM_RAWONLY\PAT_6854\LM\ERSP_matrix\audio\PAT_6854_audio_WM_ERSP_IAD17_TN.npy,\\nasac-m2.unige.ch\m-HumanNeuronLab\ANALYSIS\FLM\Analysis_LoraFanda\01_FBM_Analysis\outputs\04_ersp_LM_RAWONLY\PAT_6854\LM\ERSP_matrix\picture\PAT_6854_picture_WM_ERSP_IAD17_TN.npy,\\nasac-m2.unige.ch\m-HumanNeuronLab\ANALYSIS\FLM\Analysis_LoraFanda\01_FBM_Analysis\outputs\04_ersp_LM_RAWONLY\PAT_6854\LM\ERSP_matrix\reading\PAT_6854_reading_WM_ERSP_IAD17_TN.npy,1,0.27054194,1,PAT_6854|IAD17,2.8720486445623093e-09,0.2640124636753727,0.1417462879244403,0.34612845092920363,0.0438017449555852,0.2042291042145091,8.19454288404925e-05
955,PAT_6854,IAD18,IAD18,LM,concat,1,\\nasac-m2.unige.ch\m-HumanNeuronLab\ANALYSIS\FLM\Analysis_LoraFanda\01_FBM_Analysis\outputs\04_ersp_LM_RAWONLY\PAT_6854\LM\ERSP_matrix\audio\PAT_6854_audio_WM_ERSP_IAD18_TN.npy,\\nasac-m2.unige.ch\m-HumanNeuronLab\ANALYSIS\FLM\Analysis_LoraFanda\01_FBM_Analysis\outputs\04_ersp_LM_RAWONLY\PAT_6854\LM\ERSP_matrix\audio\PAT_6854_audio_WM_ERSP_IAD18_TN.npy,\\nasac-m2.unige.ch\m-HumanNeuronLab\ANALYSIS\FLM\Analysis_LoraFanda\01_FBM_Analysis\outputs\04_ersp_LM_RAWONLY\PAT_6854\LM\ERSP_matrix\picture\PAT_6854_picture_WM_ERSP_IAD18_TN.npy,\\nasac-m2.unige.ch\m-HumanNeuronLab\ANALYSIS\FLM\Analysis_LoraFanda\01_FBM_Analysis\outputs\04_ersp_LM_RAWONLY\PAT_6854\LM\ERSP_matrix\reading\PAT_6854_reading_WM_ERSP_IAD18_TN.npy,1,0.34547913,1,PAT_6854|IAD18,3.031508685472679e-29,0.1581390818452803,0.44537841695185687,0.21231164062190894,0.01879526485343223,2.2399121067476193e-08,0.16537557332840053
956,PAT_6854,IAD2,IAD2,LM,concat,1,\\nasac-m2.unige.ch\m-HumanNeuronLab\ANALYSIS\FLM\Analysis_LoraFanda\01_FBM_Analysis\outputs\04_ersp_LM_RAWONLY\PAT_6854\LM\ERSP_matrix\audio\PAT_6854_audio_WM_ERSP_IAD2_TN.npy,\\nasac-m2.unige.ch\m-HumanNeuronLab\ANALYSIS\FLM\Analysis_LoraFanda\01_FBM_Analysis\outputs\04_ersp_LM_RAWONLY\PAT_6854\LM\ERSP_matrix\audio\PAT_6854_audio_WM_ERSP_IAD2_TN.npy,\\nasac-m2.unige.ch\m-HumanNeuronLab\ANALYSIS\FLM\Analysis_LoraFanda\01_FBM_Analysis\outputs\04_ersp_LM_RAWONLY\PAT_6854\LM\ERSP_matrix\picture\PAT_6854_picture_WM_ERSP_IAD2_TN.npy,\\nasac-m2.unige.ch\m-HumanNeuronLab\ANALYSIS\FLM\Analysis_LoraFanda\01_FBM_Analysis\outputs\04_ersp_LM_RAWONLY\PAT_6854\LM\ERSP_matrix\reading\PAT_6854_reading_WM_ERSP_IAD2_TN.npy,1,0.37820432,1,PAT_6854|IAD2,0.08921990767203135,0.06292718362755317,0.10733818166263595,0.15440466591627647,0.011525203125659614,0.3446203487160805,0.22996450927976303
957,PAT_6854,IAD3,IAD3,LM,concat,1,\\nasac-m2.unige.ch\m-HumanNeuronLab\ANALYSIS\FLM\Analysis_LoraFanda\01_FBM_Analysis\outputs\04_ersp_LM_RAWONLY\PAT_6854\LM\ERSP_matrix\audio\PAT_6854_audio_WM_ERSP_IAD3_TN.npy,\\nasac-m2.unige.ch\m-HumanNeuronLab\ANALYSIS\FLM\Analysis_LoraFanda\01_FBM_Analysis\outputs\04_ersp_LM_RAWONLY\PAT_6854\LM\ERSP_matrix\audio\PAT_6854_audio_WM_ERSP_IAD3_TN.npy,\\nasac-m2.unige.ch\m-HumanNeuronLab\ANALYSIS\FLM\Analysis_LoraFanda\01_FBM_Analysis\outputs\04_ersp_LM_RAWONLY\PAT_6854\LM\ERSP_matrix\picture\PAT_6854_picture_WM_ERSP_IAD3_TN.npy,\\nasac-m2.unige.ch\m-HumanNeuronLab\ANALYSIS\FLM\Analysis_LoraFanda\01_FBM_Analysis\outputs\04_ersp_LM_RAWONLY\PAT_6854\LM\ERSP_matrix\reading\PAT_6854_reading_WM_ERSP_IAD3_TN.npy,1,0.37238315,1,PAT_6854|IAD3,2.1218187565424454e-06,9.027058107327791e-06,0.15287016927698507,0.12775175228499405,0.09966830181407606,0.35303387232411854,0.26666475542296236
958,PAT_6854,IAD4,IAD4,LM,concat,1,\\nasac-m2.unige.ch\m-HumanNeuronLab\ANALYSIS\FLM\Analysis_LoraFanda\01_FBM_Analysis\outputs\04_ersp_LM_RAWONLY\PAT_6854\LM\ERSP_matrix\audio\PAT_6854_audio_WM_ERSP_IAD4_TN.npy,\\nasac-m2.unige.ch\m-HumanNeuronLab\ANALYSIS\FLM\Analysis_LoraFanda\01_FBM_Analysis\outputs\04_ersp_LM_RAWONLY\PAT_6854\LM\ERSP_matrix\audio\PAT_6854_audio_WM_ERSP_IAD4_TN.npy,\\nasac-m2.unige.ch\m-HumanNeuronLab\ANALYSIS\FLM\Analysis_LoraFanda\01_FBM_Analysis\outputs\04_ersp_LM_RAWONLY\PAT_6854\LM\ERSP_matrix\picture\PAT_6854_picture_WM_ERSP_IAD4_TN.npy,\\nasac-m2.unige.ch\m-HumanNeuronLab\ANALYSIS\FLM\Analysis_LoraFanda\01_FBM_Analysis\outputs\04_ersp_LM_RAWONLY\PAT_6854\LM\ERSP_matrix\reading\PAT_6854_reading_WM_ERSP_IAD4_TN.npy,1,0.36318472,1,PAT_6854|IAD4,0.017203469953737463,2.152925404150965e-28,0.08141236198294365,0.18746109838506564,0.04857651221318386,0.29996051075197,0.3653860467130995
959,PAT_6854,IAD5,IAD5,LM,concat,1,\\nasac-m2.unige.ch\m-HumanNeuronLab\ANALYSIS\FLM\Analysis_LoraFanda\01_FBM_Analysis\outputs\04_ersp_LM_RAWONLY\PAT_6854\LM\ERSP_matrix\audio\PAT_6854_audio_WM_ERSP_IAD5_TN.npy,\\nasac-m2.unige.ch\m-HumanNeuronLab\ANALYSIS\FLM\Analysis_LoraFanda\01_FBM_Analysis\outputs\04_ersp_LM_RAWONLY\PAT_6854\LM\ERSP_matrix\audio\PAT_6854_audio_WM_ERSP_IAD5_TN.npy,\\nasac-m2.unige.ch\m-HumanNeuronLab\ANALYSIS\FLM\Analysis_LoraFanda\01_FBM_Analysis\outputs\04_ersp_LM_RAWONLY\PAT_6854\LM\ERSP_matrix\picture\PAT_6854_picture_WM_ERSP_IAD5_TN.npy,\\nasac-m2.unige.ch\m-HumanNeuronLab\ANALYSIS\FLM\Analysis_LoraFanda\01_FBM_Analysis\outputs\04_ersp_LM_RAWONLY\PAT_6854\LM\ERSP_matrix\reading\PAT_6854_reading_WM_ERSP_IAD5_TN.npy,1,0.3419547,1,PAT_6854|IAD5,0.1727501438536456,9.764305367503428e-11,0.17163614754102477,0.0015064116596267445,0.12048344890438857,0.23489090628451675,0.2987329416591545
960,PAT_6854,IAD6,IAD6,LM,concat,1,\\nasac-m2.unige.ch\m-HumanNeuronLab\ANALYSIS\FLM\Analysis_LoraFanda\01_FBM_Analysis\outputs\04_ersp_LM_RAWONLY\PAT_6854\LM\ERSP_matrix\audio\PAT_6854_audio_WM_ERSP_IAD6_TN.npy,\\nasac-m2.unige.ch\m-HumanNeuronLab\ANALYSIS\FLM\Analysis_LoraFanda\01_FBM_Analysis\outputs\04_ersp_LM_RAWONLY\PAT_6854\LM\ERSP_matrix\audio\PAT_6854_audio_WM_ERSP_IAD6_TN.npy,\\nasac-m2.unige.ch\m-HumanNeuronLab\ANALYSIS\FLM\Analysis_LoraFanda\01_FBM_Analysis\outputs\04_ersp_LM_RAWONLY\PAT_6854\LM\ERSP_matrix\picture\PAT_6854_picture_WM_ERSP_IAD6_TN.npy,\\nasac-m2.unige.ch\m-HumanNeuronLab\ANALYSIS\FLM\Analysis_LoraFanda\01_FBM_Analysis\outputs\04_ersp_LM_RAWONLY\PAT_6854\LM\ERSP_matrix\reading\PAT_6854_reading_WM_ERSP_IAD6_TN.npy,1,0.34197748,1,PAT_6854|IAD6,2.4070059036433936e-20,2.9012254541400854e-09,0.3218348783129524,0.19446974573405645,0.042516297900667716,0.30657107674344014,0.1346079984076577
961,PAT_6854,IAD7,IAD7,LM,concat,1,\\nasac-m2.unige.ch\m-HumanNeuronLab\ANALYSIS\FLM\Analysis_LoraFanda\01_FBM_Analysis\outputs\04_ersp_LM_RAWONLY\PAT_6854\LM\ERSP_matrix\audio\PAT_6854_audio_WM_ERSP_IAD7_TN.npy,\\nasac-m2.unige.ch\m-HumanNeuronLab\ANALYSIS\FLM\Analysis_LoraFanda\01_FBM_Analysis\outputs\04_ersp_LM_RAWONLY\PAT_6854\LM\ERSP_matrix\audio\PAT_6854_audio_WM_ERSP_IAD7_TN.npy,\\nasac-m2.unige.ch\m-HumanNeuronLab\ANALYSIS\FLM\Analysis_LoraFanda\01_FBM_Analysis\outputs\04_ersp_LM_RAWONLY\PAT_6854\LM\ERSP_matrix\picture\PAT_6854_picture_WM_ERSP_IAD7_TN.npy,\\nasac-m2.unige.ch\m-HumanNeuronLab\ANALYSIS\FLM\Analysis_LoraFanda\01_FBM_Analysis\outputs\04_ersp_LM_RAWONLY\PAT_6854\LM\ERSP_matrix\reading\PAT_6854_reading_WM_ERSP_IAD7_TN.npy,1,0.37705028,1,PAT_6854|IAD7,1.3079013503651634e-12,1.016536007702399e-14,0.35256082940420996,0.003505628506880766,0.1536383968214257,0.09297580601461035,0.3973193392515551
962,PAT_6854,IAD8,IAD8,LM,concat,1,\\nasac-m2.unige.ch\m-HumanNeuronLab\ANALYSIS\FLM\Analysis_LoraFanda\01_FBM_Analysis\outputs\04_ersp_LM_RAWONLY\PAT_6854\LM\ERSP_matrix\audio\PAT_6854_audio_WM_ERSP_IAD8_TN.npy,\\nasac-m2.unige.ch\m-HumanNeuronLab\ANALYSIS\FLM\Analysis_LoraFanda\01_FBM_Analysis\outputs\04_ersp_LM_RAWONLY\PAT_6854\LM\ERSP_matrix\audio\PAT_6854_audio_WM_ERSP_IAD8_TN.npy,\\nasac-m2.unige.ch\m-HumanNeuronLab\ANALYSIS\FLM\Analysis_LoraFanda\01_FBM_Analysis\outputs\04_ersp_LM_RAWONLY\PAT_6854\LM\ERSP_matrix\picture\PAT_6854_picture_WM_ERSP_IAD8_TN.npy,\\nasac-m2.unige.ch\m-HumanNeuronLab\ANALYSIS\FLM\Analysis_LoraFanda\01_FBM_Analysis\outputs\04_ersp_LM_RAWONLY\PAT_6854\LM\ERSP_matrix\reading\PAT_6854_reading_WM_ERSP_IAD8_TN.npy,1,0.33173355,1,PAT_6854|IAD8,0.24730085873528646,0.01657658929730311,0.07471901647407107,0.08891454380295408,0.08487789692587283,0.1298489318297136,0.3577621629347988
963,PAT_6854,IAD9,IAD9,LM,concat,1,\\nasac-m2.unige.ch\m-HumanNeuronLab\ANALYSIS\FLM\Analysis_LoraFanda\01_FBM_Analysis\outputs\04_ersp_LM_RAWONLY\PAT_6854\LM\ERSP_matrix\audio\PAT_6854_audio_WM_ERSP_IAD9_TN.npy,\\nasac-m2.unige.ch\m-HumanNeuronLab\ANALYSIS\FLM\Analysis_LoraFanda\01_FBM_Analysis\outputs\04_ersp_LM_RAWONLY\PAT_6854\LM\ERSP_matrix\audio\PAT_6854_audio_WM_ERSP_IAD9_TN.npy,\\nasac-m2.unige.ch\m-HumanNeuronLab\ANALYSIS\FLM\Analysis_LoraFanda\01_FBM_Analysis\outputs\04_ersp_LM_RAWONLY\PAT_6854\LM\ERSP_matrix\picture\PAT_6854_picture_WM_ERSP_IAD9_TN.npy,\\nasac-m2.unige.ch\m-HumanNeuronLab\ANALYSIS\FLM\Analysis_LoraFanda\01_FBM_Analysis\outputs\04_ersp_LM_RAWONLY\PAT_6854\LM\ERSP_matrix\reading\PAT_6854_reading_WM_ERSP_IAD9_TN.npy,1,0.38051242,1,PAT_6854|IAD9,1.6073130978040302e-06,2.241282788218925e-06,0.2480127208582866,0.12763245561102948,3.3106847931820915e-09,0.2244296130082858,0.3999213586158274
964,PAT_6854,IAG10,IAG10,LM,concat,1,\\nasac-m2.unige.ch\m-HumanNeuronLab\ANALYSIS\FLM\Analysis_LoraFanda\01_FBM_Analysis\outputs\04_ersp_LM_RAWONLY\PAT_6854\LM\ERSP_matrix\audio\PAT_6854_audio_WM_ERSP_IAG10_TN.npy,\\nasac-m2.unige.ch\m-HumanNeuronLab\ANALYSIS\FLM\Analysis_LoraFanda\01_FBM_Analysis\outputs\04_ersp_LM_RAWONLY\PAT_6854\LM\ERSP_matrix\audio\PAT_6854_audio_WM_ERSP_IAG10_TN.npy,\\nasac-m2.unige.ch\m-HumanNeuronLab\ANALYSIS\FLM\Analysis_LoraFanda\01_FBM_Analysis\outputs\04_ersp_LM_RAWONLY\PAT_6854\LM\ERSP_matrix\picture\PAT_6854_picture_WM_ERSP_IAG10_TN.npy,\\nasac-m2.unige.ch\m-HumanNeuronLab\ANALYSIS\FLM\Analysis_LoraFanda\01_FBM_Analysis\outputs\04_ersp_LM_RAWONLY\PAT_6854\LM\ERSP_matrix\reading\PAT_6854_reading_WM_ERSP_IAG10_TN.npy,1,0.37329316,1,PAT_6854|IAG10,0.0001886439218844078,1.9812089172754892e-07,0.18419077862474129,0.22762272990518256,3.5877936588789196e-12,0.03019296983656897,0.5578046795871433
965,PAT_6854,IAG12,IAG12,LM,concat,1,\\nasac-m2.unige.ch\m-HumanNeuronLab\ANALYSIS\FLM\Analysis_LoraFanda\01_FBM_Analysis\outputs\04_ersp_LM_RAWONLY\PAT_6854\LM\ERSP_matrix\audio\PAT_6854_audio_WM_ERSP_IAG12_TN.npy,\\nasac-m2.unige.ch\m-HumanNeuronLab\ANALYSIS\FLM\Analysis_LoraFanda\01_FBM_Analysis\outputs\04_ersp_LM_RAWONLY\PAT_6854\LM\ERSP_matrix\audio\PAT_6854_audio_WM_ERSP_IAG12_TN.npy,\\nasac-m2.unige.ch\m-HumanNeuronLab\ANALYSIS\FLM\Analysis_LoraFanda\01_FBM_Analysis\outputs\04_ersp_LM_RAWONLY\PAT_6854\LM\ERSP_matrix\picture\PAT_6854_picture_WM_ERSP_IAG12_TN.npy,\\nasac-m2.unige.ch\m-HumanNeuronLab\ANALYSIS\FLM\Analysis_LoraFanda\01_FBM_Analysis\outputs\04_ersp_LM_RAWONLY\PAT_6854\LM\ERSP_matrix\reading\PAT_6854_reading_WM_ERSP_IAG12_TN.npy,1,0.33026513,1,PAT_6854|IAG12,0.20540837771486375,5.289508704550774e-05,0.13811267446178227,0.1638025264874113,7.633422964777793e-11,0.10381562088697927,0.38880790528558373
966,PAT_6854,IAG13,IAG13,LM,concat,1,\\nasac-m2.unige.ch\m-HumanNeuronLab\ANALYSIS\FLM\Analysis_LoraFanda\01_FBM_Analysis\outputs\04_ersp_LM_RAWONLY\PAT_6854\LM\ERSP_matrix\audio\PAT_6854_audio_WM_ERSP_IAG13_TN.npy,\\nasac-m2.unige.ch\m-HumanNeuronLab\ANALYSIS\FLM\Analysis_LoraFanda\01_FBM_Analysis\outputs\04_ersp_LM_RAWONLY\PAT_6854\LM\ERSP_matrix\audio\PAT_6854_audio_WM_ERSP_IAG13_TN.npy,\\nasac-m2.unige.ch\m-HumanNeuronLab\ANALYSIS\FLM\Analysis_LoraFanda\01_FBM_Analysis\outputs\04_ersp_LM_RAWONLY\PAT_6854\LM\ERSP_matrix\picture\PAT_6854_picture_WM_ERSP_IAG13_TN.npy,\\nasac-m2.unige.ch\m-HumanNeuronLab\ANALYSIS\FLM\Analysis_LoraFanda\01_FBM_Analysis\outputs\04_ersp_LM_RAWONLY\PAT_6854\LM\ERSP_matrix\reading\PAT_6854_reading_WM_ERSP_IAG13_TN.npy,1,0.31197003,1,PAT_6854|IAG13,0.40183853682564535,0.0934056422996598,3.0592105472559443e-21,0.08832775521941279,6.015948492753427e-06,0.16258781859031468,0.2538342311164746
967,PAT_6854,IAG2,IAG2,LM,concat,1,\\nasac-m2.unige.ch\m-HumanNeuronLab\ANALYSIS\FLM\Analysis_LoraFanda\01_FBM_Analysis\outputs\04_ersp_LM_RAWONLY\PAT_6854\LM\ERSP_matrix\audio\PAT_6854_audio_WM_ERSP_IAG2_TN.npy,\\nasac-m2.unige.ch\m-HumanNeuronLab\ANALYSIS\FLM\Analysis_LoraFanda\01_FBM_Analysis\outputs\04_ersp_LM_RAWONLY\PAT_6854\LM\ERSP_matrix\audio\PAT_6854_audio_WM_ERSP_IAG2_TN.npy,\\nasac-m2.unige.ch\m-HumanNeuronLab\ANALYSIS\FLM\Analysis_LoraFanda\01_FBM_Analysis\outputs\04_ersp_LM_RAWONLY\PAT_6854\LM\ERSP_matrix\picture\PAT_6854_picture_WM_ERSP_IAG2_TN.npy,\\nasac-m2.unige.ch\m-HumanNeuronLab\ANALYSIS\FLM\Analysis_LoraFanda\01_FBM_Analysis\outputs\04_ersp_LM_RAWONLY\PAT_6854\LM\ERSP_matrix\reading\PAT_6854_reading_WM_ERSP_IAG2_TN.npy,1,0.39499232,1,PAT_6854|IAG2,4.9021848312925494e-33,0.0002695642232114243,0.1822544533486103,0.23846310221237627,0.11417460759508968,3.218921253544916e-09,0.464838269401791
968,PAT_6854,IAG3,IAG3,LM,concat,1,\\nasac-m2.unige.ch\m-HumanNeuronLab\ANALYSIS\FLM\Analysis_LoraFanda\01_FBM_Analysis\outputs\04_ersp_LM_RAWONLY\PAT_6854\LM\ERSP_matrix\audio\PAT_6854_audio_WM_ERSP_IAG3_TN.npy,\\nasac-m2.unige.ch\m-HumanNeuronLab\ANALYSIS\FLM\Analysis_LoraFanda\01_FBM_Analysis\outputs\04_ersp_LM_RAWONLY\PAT_6854\LM\ERSP_matrix\audio\PAT_6854_audio_WM_ERSP_IAG3_TN.npy,\\nasac-m2.unige.ch\m-HumanNeuronLab\ANALYSIS\FLM\Analysis_LoraFanda\01_FBM_Analysis\outputs\04_ersp_LM_RAWONLY\PAT_6854\LM\ERSP_matrix\picture\PAT_6854_picture_WM_ERSP_IAG3_TN.npy,\\nasac-m2.unige.ch\m-HumanNeuronLab\ANALYSIS\FLM\Analysis_LoraFanda\01_FBM_Analysis\outputs\04_ersp_LM_RAWONLY\PAT_6854\LM\ERSP_matrix\reading\PAT_6854_reading_WM_ERSP_IAG3_TN.npy,1,0.34439474,1,PAT_6854|IAG3,1.1663214636988704e-45,1.4458986768390196e-13,0.269814320322201,0.18007355186822913,0.3122113622627776,2.2277377155153913e-08,0.2379007432692706
969,PAT_6854,IAG4,IAG4,LM,concat,1,\\nasac-m2.unige.ch\m-HumanNeuronLab\ANALYSIS\FLM\Analysis_LoraFanda\01_FBM_Analysis\outputs\04_ersp_LM_RAWONLY\PAT_6854\LM\ERSP_matrix\audio\PAT_6854_audio_WM_ERSP_IAG4_TN.npy,\\nasac-m2.unige.ch\m-HumanNeuronLab\ANALYSIS\FLM\Analysis_LoraFanda\01_FBM_Analysis\outputs\04_ersp_LM_RAWONLY\PAT_6854\LM\ERSP_matrix\audio\PAT_6854_audio_WM_ERSP_IAG4_TN.npy,\\nasac-m2.unige.ch\m-HumanNeuronLab\ANALYSIS\FLM\Analysis_LoraFanda\01_FBM_Analysis\outputs\04_ersp_LM_RAWONLY\PAT_6854\LM\ERSP_matrix\picture\PAT_6854_picture_WM_ERSP_IAG4_TN.npy,\\nasac-m2.unige.ch\m-HumanNeuronLab\ANALYSIS\FLM\Analysis_LoraFanda\01_FBM_Analysis\outputs\04_ersp_LM_RAWONLY\PAT_6854\LM\ERSP_matrix\reading\PAT_6854_reading_WM_ERSP_IAG4_TN.npy,1,0.30969125,1,PAT_6854|IAG4,0.09116435195518889,0.3487663482740093,1.5191516895747944e-32,0.020273788083995437,1.0423225355151039e-24,1.927637291052874e-39,0.5397955116868064
970,PAT_6854,IAG6,IAG6,LM,concat,2,\\nasac-m2.unige.ch\m-HumanNeuronLab\ANALYSIS\FLM\Analysis_LoraFanda\01_FBM_Analysis\outputs\04_ersp_LM_RAWONLY\PAT_6854\LM\ERSP_matrix\audio\PAT_6854_audio_WM_ERSP_IAG6_TN.npy,\\nasac-m2.unige.ch\m-HumanNeuronLab\ANALYSIS\FLM\Analysis_LoraFanda\01_FBM_Analysis\outputs\04_ersp_LM_RAWONLY\PAT_6854\LM\ERSP_matrix\audio\PAT_6854_audio_WM_ERSP_IAG6_TN.npy,\\nasac-m2.unige.ch\m-HumanNeuronLab\ANALYSIS\FLM\Analysis_LoraFanda\01_FBM_Analysis\outputs\04_ersp_LM_RAWONLY\PAT_6854\LM\ERSP_matrix\picture\PAT_6854_picture_WM_ERSP_IAG6_TN.npy,\\nasac-m2.unige.ch\m-HumanNeuronLab\ANALYSIS\FLM\Analysis_LoraFanda\01_FBM_Analysis\outputs\04_ersp_LM_RAWONLY\PAT_6854\LM\ERSP_matrix\reading\PAT_6854_reading_WM_ERSP_IAG6_TN.npy,0,-0.064036876,0,PAT_6854|IAG6,0.13787605729903785,0.16069662091743095,1.9074118231981284e-21,3.2897489955222604e-07,2.846312291072606e-26,1.3281306443782341e-31,0.7014269928086316
971,PAT_6854,IAG7,IAG7,LM,concat,2,\\nasac-m2.unige.ch\m-HumanNeuronLab\ANALYSIS\FLM\Analysis_LoraFanda\01_FBM_Analysis\outputs\04_ersp_LM_RAWONLY\PAT_6854\LM\ERSP_matrix\audio\PAT_6854_audio_WM_ERSP_IAG7_TN.npy,\\nasac-m2.unige.ch\m-HumanNeuronLab\ANALYSIS\FLM\Analysis_LoraFanda\01_FBM_Analysis\outputs\04_ersp_LM_RAWONLY\PAT_6854\LM\ERSP_matrix\audio\PAT_6854_audio_WM_ERSP_IAG7_TN.npy,\\nasac-m2.unige.ch\m-HumanNeuronLab\ANALYSIS\FLM\Analysis_LoraFanda\01_FBM_Analysis\outputs\04_ersp_LM_RAWONLY\PAT_6854\LM\ERSP_matrix\picture\PAT_6854_picture_WM_ERSP_IAG7_TN.npy,\\nasac-m2.unige.ch\m-HumanNeuronLab\ANALYSIS\FLM\Analysis_LoraFanda\01_FBM_Analysis\outputs\04_ersp_LM_RAWONLY\PAT_6854\LM\ERSP_matrix\reading\PAT_6854_reading_WM_ERSP_IAG7_TN.npy,0,-0.05419665,0,PAT_6854|IAG7,0.18137618714977294,0.0020371760990591853,0.018132353840591118,1.205755195048779e-08,6.909727836266242e-25,3.3244640224746085e-24,0.7984542708530248
972,PAT_6854,IAG8,IAG8,LM,concat,1,\\nasac-m2.unige.ch\m-HumanNeuronLab\ANALYSIS\FLM\Analysis_LoraFanda\01_FBM_Analysis\outputs\04_ersp_LM_RAWONLY\PAT_6854\LM\ERSP_matrix\audio\PAT_6854_audio_WM_ERSP_IAG8_TN.npy,\\nasac-m2.unige.ch\m-HumanNeuronLab\ANALYSIS\FLM\Analysis_LoraFanda\01_FBM_Analysis\outputs\04_ersp_LM_RAWONLY\PAT_6854\LM\ERSP_matrix\audio\PAT_6854_audio_WM_ERSP_IAG8_TN.npy,\\nasac-m2.unige.ch\m-HumanNeuronLab\ANALYSIS\FLM\Analysis_LoraFanda\01_FBM_Analysis\outputs\04_ersp_LM_RAWONLY\PAT_6854\LM\ERSP_matrix\picture\PAT_6854_picture_WM_ERSP_IAG8_TN.npy,\\nasac-m2.unige.ch\m-HumanNeuronLab\ANALYSIS\FLM\Analysis_LoraFanda\01_FBM_Analysis\outputs\04_ersp_LM_RAWONLY\PAT_6854\LM\ERSP_matrix\reading\PAT_6854_reading_WM_ERSP_IAG8_TN.npy,1,0.33956906,1,PAT_6854|IAG8,3.34196938846994e-09,0.012132728891053497,5.667701050308837e-08,0.19717695645950645,7.647566167201469e-14,1.5984136722037092e-08,0.7906902386462469
973,PAT_6854,IAG9,IAG9,LM,concat,1,\\nasac-m2.unige.ch\m-HumanNeuronLab\ANALYSIS\FLM\Analysis_LoraFanda\01_FBM_Analysis\outputs\04_ersp_LM_RAWONLY\PAT_6854\LM\ERSP_matrix\audio\PAT_6854_audio_WM_ERSP_IAG9_TN.npy,\\nasac-m2.unige.ch\m-HumanNeuronLab\ANALYSIS\FLM\Analysis_LoraFanda\01_FBM_Analysis\outputs\04_ersp_LM_RAWONLY\PAT_6854\LM\ERSP_matrix\audio\PAT_6854_audio_WM_ERSP_IAG9_TN.npy,\\nasac-m2.unige.ch\m-HumanNeuronLab\ANALYSIS\FLM\Analysis_LoraFanda\01_FBM_Analysis\outputs\04_ersp_LM_RAWONLY\PAT_6854\LM\ERSP_matrix\picture\PAT_6854_picture_WM_ERSP_IAG9_TN.npy,\\nasac-m2.unige.ch\m-HumanNeuronLab\ANALYSIS\FLM\Analysis_LoraFanda\01_FBM_Analysis\outputs\04_ersp_LM_RAWONLY\PAT_6854\LM\ERSP_matrix\reading\PAT_6854_reading_WM_ERSP_IAG9_TN.npy,1,0.38664734,1,PAT_6854|IAG9,0.06364875807507468,3.1851485392953974e-08,0.0916215068638914,0.259767280668285,1.3404742531459995e-13,0.01631966208428895,0.5686427604568406
974,PAT_6854,IMG10,IMG10,LM,concat,1,\\nasac-m2.unige.ch\m-HumanNeuronLab\ANALYSIS\FLM\Analysis_LoraFanda\01_FBM_Analysis\outputs\04_ersp_LM_RAWONLY\PAT_6854\LM\ERSP_matrix\audio\PAT_6854_audio_WM_ERSP_IMG10_TN.npy,\\nasac-m2.unige.ch\m-HumanNeuronLab\ANALYSIS\FLM\Analysis_LoraFanda\01_FBM_Analysis\outputs\04_ersp_LM_RAWONLY\PAT_6854\LM\ERSP_matrix\audio\PAT_6854_audio_WM_ERSP_IMG10_TN.npy,\\nasac-m2.unige.ch\m-HumanNeuronLab\ANALYSIS\FLM\Analysis_LoraFanda\01_FBM_Analysis\outputs\04_ersp_LM_RAWONLY\PAT_6854\LM\ERSP_matrix\picture\PAT_6854_picture_WM_ERSP_IMG10_TN.npy,\\nasac-m2.unige.ch\m-HumanNeuronLab\ANALYSIS\FLM\Analysis_LoraFanda\01_FBM_Analysis\outputs\04_ersp_LM_RAWONLY\PAT_6854\LM\ERSP_matrix\reading\PAT_6854_reading_WM_ERSP_IMG10_TN.npy,1,0.20158069,1,PAT_6854|IMG10,0.14021701993003385,1.784004155190315e-15,0.08413628870546282,0.0002507566281881712,4.2011752145841866e-07,0.21419299264134778,0.5612025219774442
975,PAT_6854,IMG11,IMG11,LM,concat,1,\\nasac-m2.unige.ch\m-HumanNeuronLab\ANALYSIS\FLM\Analysis_LoraFanda\01_FBM_Analysis\outputs\04_ersp_LM_RAWONLY\PAT_6854\LM\ERSP_matrix\audio\PAT_6854_audio_WM_ERSP_IMG11_TN.npy,\\nasac-m2.unige.ch\m-HumanNeuronLab\ANALYSIS\FLM\Analysis_LoraFanda\01_FBM_Analysis\outputs\04_ersp_LM_RAWONLY\PAT_6854\LM\ERSP_matrix\audio\PAT_6854_audio_WM_ERSP_IMG11_TN.npy,\\nasac-m2.unige.ch\m-HumanNeuronLab\ANALYSIS\FLM\Analysis_LoraFanda\01_FBM_Analysis\outputs\04_ersp_LM_RAWONLY\PAT_6854\LM\ERSP_matrix\picture\PAT_6854_picture_WM_ERSP_IMG11_TN.npy,\\nasac-m2.unige.ch\m-HumanNeuronLab\ANALYSIS\FLM\Analysis_LoraFanda\01_FBM_Analysis\outputs\04_ersp_LM_RAWONLY\PAT_6854\LM\ERSP_matrix\reading\PAT_6854_reading_WM_ERSP_IMG11_TN.npy,0,-0.086582415,0,PAT_6854|IMG11,0.15543118531208105,1.953394282452617e-11,0.19481397307295964,4.255808057045653e-06,1.0135944706412156e-06,0.17803103883840674,0.47171853335449093
976,PAT_6854,IMG12,IMG12,LM,concat,3,\\nasac-m2.unige.ch\m-HumanNeuronLab\ANALYSIS\FLM\Analysis_LoraFanda\01_FBM_Analysis\outputs\04_ersp_LM_RAWONLY\PAT_6854\LM\ERSP_matrix\audio\PAT_6854_audio_WM_ERSP_IMG12_TN.npy,\\nasac-m2.unige.ch\m-HumanNeuronLab\ANALYSIS\FLM\Analysis_LoraFanda\01_FBM_Analysis\outputs\04_ersp_LM_RAWONLY\PAT_6854\LM\ERSP_matrix\audio\PAT_6854_audio_WM_ERSP_IMG12_TN.npy,\\nasac-m2.unige.ch\m-HumanNeuronLab\ANALYSIS\FLM\Analysis_LoraFanda\01_FBM_Analysis\outputs\04_ersp_LM_RAWONLY\PAT_6854\LM\ERSP_matrix\picture\PAT_6854_picture_WM_ERSP_IMG12_TN.npy,\\nasac-m2.unige.ch\m-HumanNeuronLab\ANALYSIS\FLM\Analysis_LoraFanda\01_FBM_Analysis\outputs\04_ersp_LM_RAWONLY\PAT_6854\LM\ERSP_matrix\reading\PAT_6854_reading_WM_ERSP_IMG12_TN.npy,0,-0.018510941,0,PAT_6854|IMG12,0.11371793742105173,1.1322052099145087e-09,0.07858855309665286,2.414923283565477e-06,2.0426052922510665e-07,0.224183950800192,0.5835069383660855
977,PAT_6854,IMG13,IMG13,LM,concat,2,\\nasac-m2.unige.ch\m-HumanNeuronLab\ANALYSIS\FLM\Analysis_LoraFanda\01_FBM_Analysis\outputs\04_ersp_LM_RAWONLY\PAT_6854\LM\ERSP_matrix\audio\PAT_6854_audio_WM_ERSP_IMG13_TN.npy,\\nasac-m2.unige.ch\m-HumanNeuronLab\ANALYSIS\FLM\Analysis_LoraFanda\01_FBM_Analysis\outputs\04_ersp_LM_RAWONLY\PAT_6854\LM\ERSP_matrix\audio\PAT_6854_audio_WM_ERSP_IMG13_TN.npy,\\nasac-m2.unige.ch\m-HumanNeuronLab\ANALYSIS\FLM\Analysis_LoraFanda\01_FBM_Analysis\outputs\04_ersp_LM_RAWONLY\PAT_6854\LM\ERSP_matrix\picture\PAT_6854_picture_WM_ERSP_IMG13_TN.npy,\\nasac-m2.unige.ch\m-HumanNeuronLab\ANALYSIS\FLM\Analysis_LoraFanda\01_FBM_Analysis\outputs\04_ersp_LM_RAWONLY\PAT_6854\LM\ERSP_matrix\reading\PAT_6854_reading_WM_ERSP_IMG13_TN.npy,0,-0.11726962,0,PAT_6854|IMG13,0.09661730431180883,1.1896853197689465e-08,0.00484719819256783,7.265327663999822e-05,0.0029863763121049784,0.22907311386466028,0.6664033421453649
978,PAT_6854,IMG3,IMG3,LM,concat,1,\\nasac-m2.unige.ch\m-HumanNeuronLab\ANALYSIS\FLM\Analysis_LoraFanda\01_FBM_Analysis\outputs\04_ersp_LM_RAWONLY\PAT_6854\LM\ERSP_matrix\audio\PAT_6854_audio_WM_ERSP_IMG3_TN.npy,\\nasac-m2.unige.ch\m-HumanNeuronLab\ANALYSIS\FLM\Analysis_LoraFanda\01_FBM_Analysis\outputs\04_ersp_LM_RAWONLY\PAT_6854\LM\ERSP_matrix\audio\PAT_6854_audio_WM_ERSP_IMG3_TN.npy,\\nasac-m2.unige.ch\m-HumanNeuronLab\ANALYSIS\FLM\Analysis_LoraFanda\01_FBM_Analysis\outputs\04_ersp_LM_RAWONLY\PAT_6854\LM\ERSP_matrix\picture\PAT_6854_picture_WM_ERSP_IMG3_TN.npy,\\nasac-m2.unige.ch\m-HumanNeuronLab\ANALYSIS\FLM\Analysis_LoraFanda\01_FBM_Analysis\outputs\04_ersp_LM_RAWONLY\PAT_6854\LM\ERSP_matrix\reading\PAT_6854_reading_WM_ERSP_IMG3_TN.npy,1,0.15349182,1,PAT_6854|IMG3,0.20180516813925103,0.06756701697862083,3.231284788508313e-29,0.15267621764887124,0.22206906651266334,0.1706162693625033,0.18526626135809032
979,PAT_6854,IMG7,IMG7,LM,concat,1,\\nasac-m2.unige.ch\m-HumanNeuronLab\ANALYSIS\FLM\Analysis_LoraFanda\01_FBM_Analysis\outputs\04_ersp_LM_RAWONLY\PAT_6854\LM\ERSP_matrix\audio\PAT_6854_audio_WM_ERSP_IMG7_TN.npy,\\nasac-m2.unige.ch\m-HumanNeuronLab\ANALYSIS\FLM\Analysis_LoraFanda\01_FBM_Analysis\outputs\04_ersp_LM_RAWONLY\PAT_6854\LM\ERSP_matrix\audio\PAT_6854_audio_WM_ERSP_IMG7_TN.npy,\\nasac-m2.unige.ch\m-HumanNeuronLab\ANALYSIS\FLM\Analysis_LoraFanda\01_FBM_Analysis\outputs\04_ersp_LM_RAWONLY\PAT_6854\LM\ERSP_matrix\picture\PAT_6854_picture_WM_ERSP_IMG7_TN.npy,\\nasac-m2.unige.ch\m-HumanNeuronLab\ANALYSIS\FLM\Analysis_LoraFanda\01_FBM_Analysis\outputs\04_ersp_LM_RAWONLY\PAT_6854\LM\ERSP_matrix\reading\PAT_6854_reading_WM_ERSP_IMG7_TN.npy,1,0.3766785,1,PAT_6854|IMG7,0.1824949562111648,0.038799276622629754,1.2190671094711387e-24,0.1944283931690301,6.689837982951428e-11,0.15342221681259652,0.43085515711768035
980,PAT_6854,IMG8,IMG8,LM,concat,1,\\nasac-m2.unige.ch\m-HumanNeuronLab\ANALYSIS\FLM\Analysis_LoraFanda\01_FBM_Analysis\outputs\04_ersp_LM_RAWONLY\PAT_6854\LM\ERSP_matrix\audio\PAT_6854_audio_WM_ERSP_IMG8_TN.npy,\\nasac-m2.unige.ch\m-HumanNeuronLab\ANALYSIS\FLM\Analysis_LoraFanda\01_FBM_Analysis\outputs\04_ersp_LM_RAWONLY\PAT_6854\LM\ERSP_matrix\audio\PAT_6854_audio_WM_ERSP_IMG8_TN.npy,\\nasac-m2.unige.ch\m-HumanNeuronLab\ANALYSIS\FLM\Analysis_LoraFanda\01_FBM_Analysis\outputs\04_ersp_LM_RAWONLY\PAT_6854\LM\ERSP_matrix\picture\PAT_6854_picture_WM_ERSP_IMG8_TN.npy,\\nasac-m2.unige.ch\m-HumanNeuronLab\ANALYSIS\FLM\Analysis_LoraFanda\01_FBM_Analysis\outputs\04_ersp_LM_RAWONLY\PAT_6854\LM\ERSP_matrix\reading\PAT_6854_reading_WM_ERSP_IMG8_TN.npy,1,0.35158753,1,PAT_6854|IMG8,0.0006929870348461582,1.8816949244405193e-09,3.144386161595695e-14,0.20246993464512017,0.0034280003201944587,0.0054298197133394515,0.7879792564047734
981,PAT_6854,IMG9,IMG9,LM,concat,1,\\nasac-m2.unige.ch\m-HumanNeuronLab\ANALYSIS\FLM\Analysis_LoraFanda\01_FBM_Analysis\outputs\04_ersp_LM_RAWONLY\PAT_6854\LM\ERSP_matrix\audio\PAT_6854_audio_WM_ERSP_IMG9_TN.npy,\\nasac-m2.unige.ch\m-HumanNeuronLab\ANALYSIS\FLM\Analysis_LoraFanda\01_FBM_Analysis\outputs\04_ersp_LM_RAWONLY\PAT_6854\LM\ERSP_matrix\audio\PAT_6854_audio_WM_ERSP_IMG9_TN.npy,\\nasac-m2.unige.ch\m-HumanNeuronLab\ANALYSIS\FLM\Analysis_LoraFanda\01_FBM_Analysis\outputs\04_ersp_LM_RAWONLY\PAT_6854\LM\ERSP_matrix\picture\PAT_6854_picture_WM_ERSP_IMG9_TN.npy,\\nasac-m2.unige.ch\m-HumanNeuronLab\ANALYSIS\FLM\Analysis_LoraFanda\01_FBM_Analysis\outputs\04_ersp_LM_RAWONLY\PAT_6854\LM\ERSP_matrix\reading\PAT_6854_reading_WM_ERSP_IMG9_TN.npy,1,0.2875907,1,PAT_6854|IMG9,0.08099178557288138,0.014782572467957384,1.5330211760129933e-07,0.006461709826670573,0.10084568963774486,0.0015125133915543738,0.7954055758010737
982,PAT_6854,IPG10,IPG10,LM,concat,1,\\nasac-m2.unige.ch\m-HumanNeuronLab\ANALYSIS\FLM\Analysis_LoraFanda\01_FBM_Analysis\outputs\04_ersp_LM_RAWONLY\PAT_6854\LM\ERSP_matrix\audio\PAT_6854_audio_WM_ERSP_IPG10_TN.npy,\\nasac-m2.unige.ch\m-HumanNeuronLab\ANALYSIS\FLM\Analysis_LoraFanda\01_FBM_Analysis\outputs\04_ersp_LM_RAWONLY\PAT_6854\LM\ERSP_matrix\audio\PAT_6854_audio_WM_ERSP_IPG10_TN.npy,\\nasac-m2.unige.ch\m-HumanNeuronLab\ANALYSIS\FLM\Analysis_LoraFanda\01_FBM_Analysis\outputs\04_ersp_LM_RAWONLY\PAT_6854\LM\ERSP_matrix\picture\PAT_6854_picture_WM_ERSP_IPG10_TN.npy,\\nasac-m2.unige.ch\m-HumanNeuronLab\ANALYSIS\FLM\Analysis_LoraFanda\01_FBM_Analysis\outputs\04_ersp_LM_RAWONLY\PAT_6854\LM\ERSP_matrix\reading\PAT_6854_reading_WM_ERSP_IPG10_TN.npy,1,0.36915445,1,PAT_6854|IPG10,7.289192703056541e-12,0.018573360477576708,0.08654025905612282,0.12427499371758181,0.0605743069172497,0.30612114240516364,0.40391593741901616
983,PAT_6854,IPG12,IPG12,LM,concat,1,\\nasac-m2.unige.ch\m-HumanNeuronLab\ANALYSIS\FLM\Analysis_LoraFanda\01_FBM_Analysis\outputs\04_ersp_LM_RAWONLY\PAT_6854\LM\ERSP_matrix\audio\PAT_6854_audio_WM_ERSP_IPG12_TN.npy,\\nasac-m2.unige.ch\m-HumanNeuronLab\ANALYSIS\FLM\Analysis_LoraFanda\01_FBM_Analysis\outputs\04_ersp_LM_RAWONLY\PAT_6854\LM\ERSP_matrix\audio\PAT_6854_audio_WM_ERSP_IPG12_TN.npy,\\nasac-m2.unige.ch\m-HumanNeuronLab\ANALYSIS\FLM\Analysis_LoraFanda\01_FBM_Analysis\outputs\04_ersp_LM_RAWONLY\PAT_6854\LM\ERSP_matrix\picture\PAT_6854_picture_WM_ERSP_IPG12_TN.npy,\\nasac-m2.unige.ch\m-HumanNeuronLab\ANALYSIS\FLM\Analysis_LoraFanda\01_FBM_Analysis\outputs\04_ersp_LM_RAWONLY\PAT_6854\LM\ERSP_matrix\reading\PAT_6854_reading_WM_ERSP_IPG12_TN.npy,1,0.35480744,1,PAT_6854|IPG12,0.0003412407603921377,0.07088187992007497,1.3031703005823055e-18,0.19547939655743554,0.07103127260251842,0.21510561706006567,0.4471605930995134
984,PAT_6854,IPG18,IPG18,LM,concat,1,\\nasac-m2.unige.ch\m-HumanNeuronLab\ANALYSIS\FLM\Analysis_LoraFanda\01_FBM_Analysis\outputs\04_ersp_LM_RAWONLY\PAT_6854\LM\ERSP_matrix\audio\PAT_6854_audio_WM_ERSP_IPG18_TN.npy,\\nasac-m2.unige.ch\m-HumanNeuronLab\ANALYSIS\FLM\Analysis_LoraFanda\01_FBM_Analysis\outputs\04_ersp_LM_RAWONLY\PAT_6854\LM\ERSP_matrix\audio\PAT_6854_audio_WM_ERSP_IPG18_TN.npy,\\nasac-m2.unige.ch\m-HumanNeuronLab\ANALYSIS\FLM\Analysis_LoraFanda\01_FBM_Analysis\outputs\04_ersp_LM_RAWONLY\PAT_6854\LM\ERSP_matrix\picture\PAT_6854_picture_WM_ERSP_IPG18_TN.npy,\\nasac-m2.unige.ch\m-HumanNeuronLab\ANALYSIS\FLM\Analysis_LoraFanda\01_FBM_Analysis\outputs\04_ersp_LM_RAWONLY\PAT_6854\LM\ERSP_matrix\reading\PAT_6854_reading_WM_ERSP_IPG18_TN.npy,1,0.23648319,1,PAT_6854|IPG18,2.470751525526124e-40,8.06535257866829e-15,3.052543221539563e-07,0.1996736812333352,0.502757460584262,0.29519557766864934,0.0023729752594232045
985,PAT_6854,IPG7,IPG7,LM,concat,1,\\nasac-m2.unige.ch\m-HumanNeuronLab\ANALYSIS\FLM\Analysis_LoraFanda\01_FBM_Analysis\outputs\04_ersp_LM_RAWONLY\PAT_6854\LM\ERSP_matrix\audio\PAT_6854_audio_WM_ERSP_IPG7_TN.npy,\\nasac-m2.unige.ch\m-HumanNeuronLab\ANALYSIS\FLM\Analysis_LoraFanda\01_FBM_Analysis\outputs\04_ersp_LM_RAWONLY\PAT_6854\LM\ERSP_matrix\audio\PAT_6854_audio_WM_ERSP_IPG7_TN.npy,\\nasac-m2.unige.ch\m-HumanNeuronLab\ANALYSIS\FLM\Analysis_LoraFanda\01_FBM_Analysis\outputs\04_ersp_LM_RAWONLY\PAT_6854\LM\ERSP_matrix\picture\PAT_6854_picture_WM_ERSP_IPG7_TN.npy,\\nasac-m2.unige.ch\m-HumanNeuronLab\ANALYSIS\FLM\Analysis_LoraFanda\01_FBM_Analysis\outputs\04_ersp_LM_RAWONLY\PAT_6854\LM\ERSP_matrix\reading\PAT_6854_reading_WM_ERSP_IPG7_TN.npy,1,0.28101328,1,PAT_6854|IPG7,0.06269927321316057,0.17625491749597114,2.126395069791479e-15,0.19256290607026055,0.03900342533670321,0.2643641259756364,0.26511535190826613
986,PAT_6854,OFG1,OFG1,LM,concat,1,\\nasac-m2.unige.ch\m-HumanNeuronLab\ANALYSIS\FLM\Analysis_LoraFanda\01_FBM_Analysis\outputs\04_ersp_LM_RAWONLY\PAT_6854\LM\ERSP_matrix\audio\PAT_6854_audio_WM_ERSP_OFG1_TN.npy,\\nasac-m2.unige.ch\m-HumanNeuronLab\ANALYSIS\FLM\Analysis_LoraFanda\01_FBM_Analysis\outputs\04_ersp_LM_RAWONLY\PAT_6854\LM\ERSP_matrix\audio\PAT_6854_audio_WM_ERSP_OFG1_TN.npy,\\nasac-m2.unige.ch\m-HumanNeuronLab\ANALYSIS\FLM\Analysis_LoraFanda\01_FBM_Analysis\outputs\04_ersp_LM_RAWONLY\PAT_6854\LM\ERSP_matrix\picture\PAT_6854_picture_WM_ERSP_OFG1_TN.npy,\\nasac-m2.unige.ch\m-HumanNeuronLab\ANALYSIS\FLM\Analysis_LoraFanda\01_FBM_Analysis\outputs\04_ersp_LM_RAWONLY\PAT_6854\LM\ERSP_matrix\reading\PAT_6854_reading_WM_ERSP_OFG1_TN.npy,1,0.36181465,1,PAT_6854|OFG1,0.19927186856022844,0.1132353862162849,0.17266977190166338,0.13107279319781887,0.00010259093901538722,0.07300528154010484,0.3106423076448842
987,PAT_6854,OFG2,OFG2,LM,concat,1,\\nasac-m2.unige.ch\m-HumanNeuronLab\ANALYSIS\FLM\Analysis_LoraFanda\01_FBM_Analysis\outputs\04_ersp_LM_RAWONLY\PAT_6854\LM\ERSP_matrix\audio\PAT_6854_audio_WM_ERSP_OFG2_TN.npy,\\nasac-m2.unige.ch\m-HumanNeuronLab\ANALYSIS\FLM\Analysis_LoraFanda\01_FBM_Analysis\outputs\04_ersp_LM_RAWONLY\PAT_6854\LM\ERSP_matrix\audio\PAT_6854_audio_WM_ERSP_OFG2_TN.npy,\\nasac-m2.unige.ch\m-HumanNeuronLab\ANALYSIS\FLM\Analysis_LoraFanda\01_FBM_Analysis\outputs\04_ersp_LM_RAWONLY\PAT_6854\LM\ERSP_matrix\picture\PAT_6854_picture_WM_ERSP_OFG2_TN.npy,\\nasac-m2.unige.ch\m-HumanNeuronLab\ANALYSIS\FLM\Analysis_LoraFanda\01_FBM_Analysis\outputs\04_ersp_LM_RAWONLY\PAT_6854\LM\ERSP_matrix\reading\PAT_6854_reading_WM_ERSP_OFG2_TN.npy,1,0.35448188,1,PAT_6854|OFG2,0.16944164654861094,0.16335793243312535,0.19282318941961876,0.08776545501734102,1.0178701617792531e-07,0.060370483367522126,0.3262411914267655
988,PAT_6854,OFG3,OFG3,LM,concat,1,\\nasac-m2.unige.ch\m-HumanNeuronLab\ANALYSIS\FLM\Analysis_LoraFanda\01_FBM_Analysis\outputs\04_ersp_LM_RAWONLY\PAT_6854\LM\ERSP_matrix\audio\PAT_6854_audio_WM_ERSP_OFG3_TN.npy,\\nasac-m2.unige.ch\m-HumanNeuronLab\ANALYSIS\FLM\Analysis_LoraFanda\01_FBM_Analysis\outputs\04_ersp_LM_RAWONLY\PAT_6854\LM\ERSP_matrix\audio\PAT_6854_audio_WM_ERSP_OFG3_TN.npy,\\nasac-m2.unige.ch\m-HumanNeuronLab\ANALYSIS\FLM\Analysis_LoraFanda\01_FBM_Analysis\outputs\04_ersp_LM_RAWONLY\PAT_6854\LM\ERSP_matrix\picture\PAT_6854_picture_WM_ERSP_OFG3_TN.npy,\\nasac-m2.unige.ch\m-HumanNeuronLab\ANALYSIS\FLM\Analysis_LoraFanda\01_FBM_Analysis\outputs\04_ersp_LM_RAWONLY\PAT_6854\LM\ERSP_matrix\reading\PAT_6854_reading_WM_ERSP_OFG3_TN.npy,1,0.34181646,1,PAT_6854|OFG3,0.00534628609372949,0.07613328046337581,0.26149187105836,0.06487863431826903,2.0802385846534656e-09,0.06621336311052688,0.5259365628755002
989,PAT_6854,OFG4,OFG4,LM,concat,1,\\nasac-m2.unige.ch\m-HumanNeuronLab\ANALYSIS\FLM\Analysis_LoraFanda\01_FBM_Analysis\outputs\04_ersp_LM_RAWONLY\PAT_6854\LM\ERSP_matrix\audio\PAT_6854_audio_WM_ERSP_OFG4_TN.npy,\\nasac-m2.unige.ch\m-HumanNeuronLab\ANALYSIS\FLM\Analysis_LoraFanda\01_FBM_Analysis\outputs\04_ersp_LM_RAWONLY\PAT_6854\LM\ERSP_matrix\audio\PAT_6854_audio_WM_ERSP_OFG4_TN.npy,\\nasac-m2.unige.ch\m-HumanNeuronLab\ANALYSIS\FLM\Analysis_LoraFanda\01_FBM_Analysis\outputs\04_ersp_LM_RAWONLY\PAT_6854\LM\ERSP_matrix\picture\PAT_6854_picture_WM_ERSP_OFG4_TN.npy,\\nasac-m2.unige.ch\m-HumanNeuronLab\ANALYSIS\FLM\Analysis_LoraFanda\01_FBM_Analysis\outputs\04_ersp_LM_RAWONLY\PAT_6854\LM\ERSP_matrix\reading\PAT_6854_reading_WM_ERSP_OFG4_TN.npy,1,0.34778893,1,PAT_6854|OFG4,3.5412788644572936e-09,0.02572102141422789,0.17162279449433426,0.16614810196147653,1.2068089712127841e-05,2.5858046005413748e-05,0.6364701524529649
990,PAT_6854,OFG5,OFG5,LM,concat,1,\\nasac-m2.unige.ch\m-HumanNeuronLab\ANALYSIS\FLM\Analysis_LoraFanda\01_FBM_Analysis\outputs\04_ersp_LM_RAWONLY\PAT_6854\LM\ERSP_matrix\audio\PAT_6854_audio_WM_ERSP_OFG5_TN.npy,\\nasac-m2.unige.ch\m-HumanNeuronLab\ANALYSIS\FLM\Analysis_LoraFanda\01_FBM_Analysis\outputs\04_ersp_LM_RAWONLY\PAT_6854\LM\ERSP_matrix\audio\PAT_6854_audio_WM_ERSP_OFG5_TN.npy,\\nasac-m2.unige.ch\m-HumanNeuronLab\ANALYSIS\FLM\Analysis_LoraFanda\01_FBM_Analysis\outputs\04_ersp_LM_RAWONLY\PAT_6854\LM\ERSP_matrix\picture\PAT_6854_picture_WM_ERSP_OFG5_TN.npy,\\nasac-m2.unige.ch\m-HumanNeuronLab\ANALYSIS\FLM\Analysis_LoraFanda\01_FBM_Analysis\outputs\04_ersp_LM_RAWONLY\PAT_6854\LM\ERSP_matrix\reading\PAT_6854_reading_WM_ERSP_OFG5_TN.npy,1,0.3509673,1,PAT_6854|OFG5,3.357143102115972e-29,0.0986914811452125,0.15050069797090335,0.12944283300648202,0.0006210366845772112,1.0739385359016813e-18,0.620743951192825
991,PAT_6854,OFG6,OFG6,LM,concat,1,\\nasac-m2.unige.ch\m-HumanNeuronLab\ANALYSIS\FLM\Analysis_LoraFanda\01_FBM_Analysis\outputs\04_ersp_LM_RAWONLY\PAT_6854\LM\ERSP_matrix\audio\PAT_6854_audio_WM_ERSP_OFG6_TN.npy,\\nasac-m2.unige.ch\m-HumanNeuronLab\ANALYSIS\FLM\Analysis_LoraFanda\01_FBM_Analysis\outputs\04_ersp_LM_RAWONLY\PAT_6854\LM\ERSP_matrix\audio\PAT_6854_audio_WM_ERSP_OFG6_TN.npy,\\nasac-m2.unige.ch\m-HumanNeuronLab\ANALYSIS\FLM\Analysis_LoraFanda\01_FBM_Analysis\outputs\04_ersp_LM_RAWONLY\PAT_6854\LM\ERSP_matrix\picture\PAT_6854_picture_WM_ERSP_OFG6_TN.npy,\\nasac-m2.unige.ch\m-HumanNeuronLab\ANALYSIS\FLM\Analysis_LoraFanda\01_FBM_Analysis\outputs\04_ersp_LM_RAWONLY\PAT_6854\LM\ERSP_matrix\reading\PAT_6854_reading_WM_ERSP_OFG6_TN.npy,1,0.38731894,1,PAT_6854|OFG6,3.3398454215508256e-39,0.08622159488302625,0.22695069961116718,0.18137943765041553,0.039800741177177,2.3473433055023696e-17,0.46564752667821396
992,PAT_6854,OFG7,OFG7,LM,concat,1,\\nasac-m2.unige.ch\m-HumanNeuronLab\ANALYSIS\FLM\Analysis_LoraFanda\01_FBM_Analysis\outputs\04_ersp_LM_RAWONLY\PAT_6854\LM\ERSP_matrix\audio\PAT_6854_audio_WM_ERSP_OFG7_TN.npy,\\nasac-m2.unige.ch\m-HumanNeuronLab\ANALYSIS\FLM\Analysis_LoraFanda\01_FBM_Analysis\outputs\04_ersp_LM_RAWONLY\PAT_6854\LM\ERSP_matrix\audio\PAT_6854_audio_WM_ERSP_OFG7_TN.npy,\\nasac-m2.unige.ch\m-HumanNeuronLab\ANALYSIS\FLM\Analysis_LoraFanda\01_FBM_Analysis\outputs\04_ersp_LM_RAWONLY\PAT_6854\LM\ERSP_matrix\picture\PAT_6854_picture_WM_ERSP_OFG7_TN.npy,\\nasac-m2.unige.ch\m-HumanNeuronLab\ANALYSIS\FLM\Analysis_LoraFanda\01_FBM_Analysis\outputs\04_ersp_LM_RAWONLY\PAT_6854\LM\ERSP_matrix\reading\PAT_6854_reading_WM_ERSP_OFG7_TN.npy,1,0.37305915,1,PAT_6854|OFG7,1.315368575461706e-17,0.001501670571508529,0.29635309310227603,0.2596533644416031,1.4355319221670268e-13,1.809046566475855e-07,0.44249169097981217
993,PAT_6854,OFG8,OFG8,LM,concat,1,\\nasac-m2.unige.ch\m-HumanNeuronLab\ANALYSIS\FLM\Analysis_LoraFanda\01_FBM_Analysis\outputs\04_ersp_LM_RAWONLY\PAT_6854\LM\ERSP_matrix\audio\PAT_6854_audio_WM_ERSP_OFG8_TN.npy,\\nasac-m2.unige.ch\m-HumanNeuronLab\ANALYSIS\FLM\Analysis_LoraFanda\01_FBM_Analysis\outputs\04_ersp_LM_RAWONLY\PAT_6854\LM\ERSP_matrix\audio\PAT_6854_audio_WM_ERSP_OFG8_TN.npy,\\nasac-m2.unige.ch\m-HumanNeuronLab\ANALYSIS\FLM\Analysis_LoraFanda\01_FBM_Analysis\outputs\04_ersp_LM_RAWONLY\PAT_6854\LM\ERSP_matrix\picture\PAT_6854_picture_WM_ERSP_OFG8_TN.npy,\\nasac-m2.unige.ch\m-HumanNeuronLab\ANALYSIS\FLM\Analysis_LoraFanda\01_FBM_Analysis\outputs\04_ersp_LM_RAWONLY\PAT_6854\LM\ERSP_matrix\reading\PAT_6854_reading_WM_ERSP_OFG8_TN.npy,1,0.22757985,1,PAT_6854|OFG8,0.14954046638327254,0.15543616104473118,0.3027798698036661,0.39211638294372203,1.0471866237657208e-57,6.813776561047613e-66,0.0001271198246082607
994,PAT_6854,OPG1,OPG1,LM,concat,3,\\nasac-m2.unige.ch\m-HumanNeuronLab\ANALYSIS\FLM\Analysis_LoraFanda\01_FBM_Analysis\outputs\04_ersp_LM_RAWONLY\PAT_6854\LM\ERSP_matrix\audio\PAT_6854_audio_WM_ERSP_OPG1_TN.npy,\\nasac-m2.unige.ch\m-HumanNeuronLab\ANALYSIS\FLM\Analysis_LoraFanda\01_FBM_Analysis\outputs\04_ersp_LM_RAWONLY\PAT_6854\LM\ERSP_matrix\audio\PAT_6854_audio_WM_ERSP_OPG1_TN.npy,\\nasac-m2.unige.ch\m-HumanNeuronLab\ANALYSIS\FLM\Analysis_LoraFanda\01_FBM_Analysis\outputs\04_ersp_LM_RAWONLY\PAT_6854\LM\ERSP_matrix\picture\PAT_6854_picture_WM_ERSP_OPG1_TN.npy,\\nasac-m2.unige.ch\m-HumanNeuronLab\ANALYSIS\FLM\Analysis_LoraFanda\01_FBM_Analysis\outputs\04_ersp_LM_RAWONLY\PAT_6854\LM\ERSP_matrix\reading\PAT_6854_reading_WM_ERSP_OPG1_TN.npy,3,-0.06759703,3,PAT_6854|OPG1,0.05606347169528844,0.049007763442701906,2.8021377325022636e-07,0.01161461978216764,0.13831299857942006,0.3873553518705308,0.3576455144161181
995,PAT_6854,OPG2,OPG2,LM,concat,3,\\nasac-m2.unige.ch\m-HumanNeuronLab\ANALYSIS\FLM\Analysis_LoraFanda\01_FBM_Analysis\outputs\04_ersp_LM_RAWONLY\PAT_6854\LM\ERSP_matrix\audio\PAT_6854_audio_WM_ERSP_OPG2_TN.npy,\\nasac-m2.unige.ch\m-HumanNeuronLab\ANALYSIS\FLM\Analysis_LoraFanda\01_FBM_Analysis\outputs\04_ersp_LM_RAWONLY\PAT_6854\LM\ERSP_matrix\audio\PAT_6854_audio_WM_ERSP_OPG2_TN.npy,\\nasac-m2.unige.ch\m-HumanNeuronLab\ANALYSIS\FLM\Analysis_LoraFanda\01_FBM_Analysis\outputs\04_ersp_LM_RAWONLY\PAT_6854\LM\ERSP_matrix\picture\PAT_6854_picture_WM_ERSP_OPG2_TN.npy,\\nasac-m2.unige.ch\m-HumanNeuronLab\ANALYSIS\FLM\Analysis_LoraFanda\01_FBM_Analysis\outputs\04_ersp_LM_RAWONLY\PAT_6854\LM\ERSP_matrix\reading\PAT_6854_reading_WM_ERSP_OPG2_TN.npy,3,0.019059094,3,PAT_6854|OPG2,0.07099800022721296,0.05904344284201872,2.1696834402254866e-10,0.010485280820744522,0.1885570815810708,0.31643543569695476,0.3544807586150299
996,PAT_6854,OPG3,OPG3,LM,concat,3,\\nasac-m2.unige.ch\m-HumanNeuronLab\ANALYSIS\FLM\Analysis_LoraFanda\01_FBM_Analysis\outputs\04_ersp_LM_RAWONLY\PAT_6854\LM\ERSP_matrix\audio\PAT_6854_audio_WM_ERSP_OPG3_TN.npy,\\nasac-m2.unige.ch\m-HumanNeuronLab\ANALYSIS\FLM\Analysis_LoraFanda\01_FBM_Analysis\outputs\04_ersp_LM_RAWONLY\PAT_6854\LM\ERSP_matrix\audio\PAT_6854_audio_WM_ERSP_OPG3_TN.npy,\\nasac-m2.unige.ch\m-HumanNeuronLab\ANALYSIS\FLM\Analysis_LoraFanda\01_FBM_Analysis\outputs\04_ersp_LM_RAWONLY\PAT_6854\LM\ERSP_matrix\picture\PAT_6854_picture_WM_ERSP_OPG3_TN.npy,\\nasac-m2.unige.ch\m-HumanNeuronLab\ANALYSIS\FLM\Analysis_LoraFanda\01_FBM_Analysis\outputs\04_ersp_LM_RAWONLY\PAT_6854\LM\ERSP_matrix\reading\PAT_6854_reading_WM_ERSP_OPG3_TN.npy,3,0.06350628,3,PAT_6854|OPG3,0.027637266662343143,0.04714468242367103,6.029618321652467e-16,0.006238253937127043,0.22352172420497748,0.2955985103386974,0.3998595624331832
997,PAT_6854,OPG4,OPG4,LM,concat,3,\\nasac-m2.unige.ch\m-HumanNeuronLab\ANALYSIS\FLM\Analysis_LoraFanda\01_FBM_Analysis\outputs\04_ersp_LM_RAWONLY\PAT_6854\LM\ERSP_matrix\audio\PAT_6854_audio_WM_ERSP_OPG4_TN.npy,\\nasac-m2.unige.ch\m-HumanNeuronLab\ANALYSIS\FLM\Analysis_LoraFanda\01_FBM_Analysis\outputs\04_ersp_LM_RAWONLY\PAT_6854\LM\ERSP_matrix\audio\PAT_6854_audio_WM_ERSP_OPG4_TN.npy,\\nasac-m2.unige.ch\m-HumanNeuronLab\ANALYSIS\FLM\Analysis_LoraFanda\01_FBM_Analysis\outputs\04_ersp_LM_RAWONLY\PAT_6854\LM\ERSP_matrix\picture\PAT_6854_picture_WM_ERSP_OPG4_TN.npy,\\nasac-m2.unige.ch\m-HumanNeuronLab\ANALYSIS\FLM\Analysis_LoraFanda\01_FBM_Analysis\outputs\04_ersp_LM_RAWONLY\PAT_6854\LM\ERSP_matrix\reading\PAT_6854_reading_WM_ERSP_OPG4_TN.npy,3,0.034304023,3,PAT_6854|OPG4,0.05301628942023965,0.027783189645492864,2.7111545335585512e-14,0.0004827239547282239,0.21218072182181616,0.27786820610162644,0.4286688690560696
998,PAT_6854,OPG5,OPG5,LM,concat,3,\\nasac-m2.unige.ch\m-HumanNeuronLab\ANALYSIS\FLM\Analysis_LoraFanda\01_FBM_Analysis\outputs\04_ersp_LM_RAWONLY\PAT_6854\LM\ERSP_matrix\audio\PAT_6854_audio_WM_ERSP_OPG5_TN.npy,\\nasac-m2.unige.ch\m-HumanNeuronLab\ANALYSIS\FLM\Analysis_LoraFanda\01_FBM_Analysis\outputs\04_ersp_LM_RAWONLY\PAT_6854\LM\ERSP_matrix\audio\PAT_6854_audio_WM_ERSP_OPG5_TN.npy,\\nasac-m2.unige.ch\m-HumanNeuronLab\ANALYSIS\FLM\Analysis_LoraFanda\01_FBM_Analysis\outputs\04_ersp_LM_RAWONLY\PAT_6854\LM\ERSP_matrix\picture\PAT_6854_picture_WM_ERSP_OPG5_TN.npy,\\nasac-m2.unige.ch\m-HumanNeuronLab\ANALYSIS\FLM\Analysis_LoraFanda\01_FBM_Analysis\outputs\04_ersp_LM_RAWONLY\PAT_6854\LM\ERSP_matrix\reading\PAT_6854_reading_WM_ERSP_OPG5_TN.npy,3,-0.07280311,3,PAT_6854|OPG5,0.032834191493831356,0.037197933795179085,1.680869495754645e-21,0.017643906615170773,0.2091966032441536,0.2933691406921052,0.40975822415956004
999,PAT_6854,OPG6,OPG6,LM,concat,1,\\nasac-m2.unige.ch\m-HumanNeuronLab\ANALYSIS\FLM\Analysis_LoraFanda\01_FBM_Analysis\outputs\04_ersp_LM_RAWONLY\PAT_6854\LM\ERSP_matrix\audio\PAT_6854_audio_WM_ERSP_OPG6_TN.npy,\\nasac-m2.unige.ch\m-HumanNeuronLab\ANALYSIS\FLM\Analysis_LoraFanda\01_FBM_Analysis\outputs\04_ersp_LM_RAWONLY\PAT_6854\LM\ERSP_matrix\audio\PAT_6854_audio_WM_ERSP_OPG6_TN.npy,\\nasac-m2.unige.ch\m-HumanNeuronLab\ANALYSIS\FLM\Analysis_LoraFanda\01_FBM_Analysis\outputs\04_ersp_LM_RAWONLY\PAT_6854\LM\ERSP_matrix\picture\PAT_6854_picture_WM_ERSP_OPG6_TN.npy,\\nasac-m2.unige.ch\m-HumanNeuronLab\ANALYSIS\FLM\Analysis_LoraFanda\01_FBM_Analysis\outputs\04_ersp_LM_RAWONLY\PAT_6854\LM\ERSP_matrix\reading\PAT_6854_reading_WM_ERSP_OPG6_TN.npy,1,0.35504183,1,PAT_6854|OPG6,0.03480653380712033,0.09123729147107565,1.2208959495225133e-15,0.03424860486861734,0.19664857269267036,0.14531699893928118,0.49774199822123405
1000,PAT_6854,OPG7,OPG7,LM,concat,1,\\nasac-m2.unige.ch\m-HumanNeuronLab\ANALYSIS\FLM\Analysis_LoraFanda\01_FBM_Analysis\outputs\04_ersp_LM_RAWONLY\PAT_6854\LM\ERSP_matrix\audio\PAT_6854_audio_WM_ERSP_OPG7_TN.npy,\\nasac-m2.unige.ch\m-HumanNeuronLab\ANALYSIS\FLM\Analysis_LoraFanda\01_FBM_Analysis\outputs\04_ersp_LM_RAWONLY\PAT_6854\LM\ERSP_matrix\audio\PAT_6854_audio_WM_ERSP_OPG7_TN.npy,\\nasac-m2.unige.ch\m-HumanNeuronLab\ANALYSIS\FLM\Analysis_LoraFanda\01_FBM_Analysis\outputs\04_ersp_LM_RAWONLY\PAT_6854\LM\ERSP_matrix\picture\PAT_6854_picture_WM_ERSP_OPG7_TN.npy,\\nasac-m2.unige.ch\m-HumanNeuronLab\ANALYSIS\FLM\Analysis_LoraFanda\01_FBM_Analysis\outputs\04_ersp_LM_RAWONLY\PAT_6854\LM\ERSP_matrix\reading\PAT_6854_reading_WM_ERSP_OPG7_TN.npy,1,0.2817748,1,PAT_6854|OPG7,7.347967639502771e-13,0.02621187022703086,0.028380092997539845,0.004213450727061337,0.25698135661064575,0.22230750735956328,0.46190572207742425
1001,PAT_6854,OPG8,OPG8,LM,concat,1,\\nasac-m2.unige.ch\m-HumanNeuronLab\ANALYSIS\FLM\Analysis_LoraFanda\01_FBM_Analysis\outputs\04_ersp_LM_RAWONLY\PAT_6854\LM\ERSP_matrix\audio\PAT_6854_audio_WM_ERSP_OPG8_TN.npy,\\nasac-m2.unige.ch\m-HumanNeuronLab\ANALYSIS\FLM\Analysis_LoraFanda\01_FBM_Analysis\outputs\04_ersp_LM_RAWONLY\PAT_6854\LM\ERSP_matrix\audio\PAT_6854_audio_WM_ERSP_OPG8_TN.npy,\\nasac-m2.unige.ch\m-HumanNeuronLab\ANALYSIS\FLM\Analysis_LoraFanda\01_FBM_Analysis\outputs\04_ersp_LM_RAWONLY\PAT_6854\LM\ERSP_matrix\picture\PAT_6854_picture_WM_ERSP_OPG8_TN.npy,\\nasac-m2.unige.ch\m-HumanNeuronLab\ANALYSIS\FLM\Analysis_LoraFanda\01_FBM_Analysis\outputs\04_ersp_LM_RAWONLY\PAT_6854\LM\ERSP_matrix\reading\PAT_6854_reading_WM_ERSP_OPG8_TN.npy,1,0.33937138,1,PAT_6854|OPG8,5.540062912081768e-07,0.11258219929795499,4.8708336639382784e-08,0.03674374407392125,0.21645460228227512,0.08867117165616493,0.5455476799750559
1002,PAT_6854,TBG1,TBG1,LM,concat,1,\\nasac-m2.unige.ch\m-HumanNeuronLab\ANALYSIS\FLM\Analysis_LoraFanda\01_FBM_Analysis\outputs\04_ersp_LM_RAWONLY\PAT_6854\LM\ERSP_matrix\audio\PAT_6854_audio_WM_ERSP_TBG1_TN.npy,\\nasac-m2.unige.ch\m-HumanNeuronLab\ANALYSIS\FLM\Analysis_LoraFanda\01_FBM_Analysis\outputs\04_ersp_LM_RAWONLY\PAT_6854\LM\ERSP_matrix\audio\PAT_6854_audio_WM_ERSP_TBG1_TN.npy,\\nasac-m2.unige.ch\m-HumanNeuronLab\ANALYSIS\FLM\Analysis_LoraFanda\01_FBM_Analysis\outputs\04_ersp_LM_RAWONLY\PAT_6854\LM\ERSP_matrix\picture\PAT_6854_picture_WM_ERSP_TBG1_TN.npy,\\nasac-m2.unige.ch\m-HumanNeuronLab\ANALYSIS\FLM\Analysis_LoraFanda\01_FBM_Analysis\outputs\04_ersp_LM_RAWONLY\PAT_6854\LM\ERSP_matrix\reading\PAT_6854_reading_WM_ERSP_TBG1_TN.npy,1,0.22047068,1,PAT_6854|TBG1,0.15261946306287685,0.21695993864344915,0.5558966592162207,0.07452379591019424,7.656677668896995e-18,1.4315433560136545e-07,1.2923519784214336e-11
1003,PAT_6854,TBG10,TBG10,LM,concat,1,\\nasac-m2.unige.ch\m-HumanNeuronLab\ANALYSIS\FLM\Analysis_LoraFanda\01_FBM_Analysis\outputs\04_ersp_LM_RAWONLY\PAT_6854\LM\ERSP_matrix\audio\PAT_6854_audio_WM_ERSP_TBG10_TN.npy,\\nasac-m2.unige.ch\m-HumanNeuronLab\ANALYSIS\FLM\Analysis_LoraFanda\01_FBM_Analysis\outputs\04_ersp_LM_RAWONLY\PAT_6854\LM\ERSP_matrix\audio\PAT_6854_audio_WM_ERSP_TBG10_TN.npy,\\nasac-m2.unige.ch\m-HumanNeuronLab\ANALYSIS\FLM\Analysis_LoraFanda\01_FBM_Analysis\outputs\04_ersp_LM_RAWONLY\PAT_6854\LM\ERSP_matrix\picture\PAT_6854_picture_WM_ERSP_TBG10_TN.npy,\\nasac-m2.unige.ch\m-HumanNeuronLab\ANALYSIS\FLM\Analysis_LoraFanda\01_FBM_Analysis\outputs\04_ersp_LM_RAWONLY\PAT_6854\LM\ERSP_matrix\reading\PAT_6854_reading_WM_ERSP_TBG10_TN.npy,1,0.3663615,1,PAT_6854|TBG10,0.0450608077758703,0.2296239885601194,2.2355861606160217e-13,0.19888902029442754,0.0016410570930603936,0.2007953232382124,0.32398980303808644
1004,PAT_6854,TBG11,TBG11,LM,concat,1,\\nasac-m2.unige.ch\m-HumanNeuronLab\ANALYSIS\FLM\Analysis_LoraFanda\01_FBM_Analysis\outputs\04_ersp_LM_RAWONLY\PAT_6854\LM\ERSP_matrix\audio\PAT_6854_audio_WM_ERSP_TBG11_TN.npy,\\nasac-m2.unige.ch\m-HumanNeuronLab\ANALYSIS\FLM\Analysis_LoraFanda\01_FBM_Analysis\outputs\04_ersp_LM_RAWONLY\PAT_6854\LM\ERSP_matrix\audio\PAT_6854_audio_WM_ERSP_TBG11_TN.npy,\\nasac-m2.unige.ch\m-HumanNeuronLab\ANALYSIS\FLM\Analysis_LoraFanda\01_FBM_Analysis\outputs\04_ersp_LM_RAWONLY\PAT_6854\LM\ERSP_matrix\picture\PAT_6854_picture_WM_ERSP_TBG11_TN.npy,\\nasac-m2.unige.ch\m-HumanNeuronLab\ANALYSIS\FLM\Analysis_LoraFanda\01_FBM_Analysis\outputs\04_ersp_LM_RAWONLY\PAT_6854\LM\ERSP_matrix\reading\PAT_6854_reading_WM_ERSP_TBG11_TN.npy,1,0.3502417,1,PAT_6854|TBG11,2.8339474176266036e-07,0.21429891789279368,3.021957918418487e-17,0.2604385480253425,0.0006573610269426512,0.12355798837602996,0.4010469012841494
1005,PAT_6854,TBG12,TBG12,LM,concat,1,\\nasac-m2.unige.ch\m-HumanNeuronLab\ANALYSIS\FLM\Analysis_LoraFanda\01_FBM_Analysis\outputs\04_ersp_LM_RAWONLY\PAT_6854\LM\ERSP_matrix\audio\PAT_6854_audio_WM_ERSP_TBG12_TN.npy,\\nasac-m2.unige.ch\m-HumanNeuronLab\ANALYSIS\FLM\Analysis_LoraFanda\01_FBM_Analysis\outputs\04_ersp_LM_RAWONLY\PAT_6854\LM\ERSP_matrix\audio\PAT_6854_audio_WM_ERSP_TBG12_TN.npy,\\nasac-m2.unige.ch\m-HumanNeuronLab\ANALYSIS\FLM\Analysis_LoraFanda\01_FBM_Analysis\outputs\04_ersp_LM_RAWONLY\PAT_6854\LM\ERSP_matrix\picture\PAT_6854_picture_WM_ERSP_TBG12_TN.npy,\\nasac-m2.unige.ch\m-HumanNeuronLab\ANALYSIS\FLM\Analysis_LoraFanda\01_FBM_Analysis\outputs\04_ersp_LM_RAWONLY\PAT_6854\LM\ERSP_matrix\reading\PAT_6854_reading_WM_ERSP_TBG12_TN.npy,1,0.32261458,1,PAT_6854|TBG12,1.1330100968276083e-07,0.26450867475013423,2.1940524651760873e-21,0.26219853454162867,0.0002962432485566367,0.10706757096102834,0.3659288631976423
1006,PAT_6854,TBG2,TBG2,LM,concat,1,\\nasac-m2.unige.ch\m-HumanNeuronLab\ANALYSIS\FLM\Analysis_LoraFanda\01_FBM_Analysis\outputs\04_ersp_LM_RAWONLY\PAT_6854\LM\ERSP_matrix\audio\PAT_6854_audio_WM_ERSP_TBG2_TN.npy,\\nasac-m2.unige.ch\m-HumanNeuronLab\ANALYSIS\FLM\Analysis_LoraFanda\01_FBM_Analysis\outputs\04_ersp_LM_RAWONLY\PAT_6854\LM\ERSP_matrix\audio\PAT_6854_audio_WM_ERSP_TBG2_TN.npy,\\nasac-m2.unige.ch\m-HumanNeuronLab\ANALYSIS\FLM\Analysis_LoraFanda\01_FBM_Analysis\outputs\04_ersp_LM_RAWONLY\PAT_6854\LM\ERSP_matrix\picture\PAT_6854_picture_WM_ERSP_TBG2_TN.npy,\\nasac-m2.unige.ch\m-HumanNeuronLab\ANALYSIS\FLM\Analysis_LoraFanda\01_FBM_Analysis\outputs\04_ersp_LM_RAWONLY\PAT_6854\LM\ERSP_matrix\reading\PAT_6854_reading_WM_ERSP_TBG2_TN.npy,1,0.21069404,1,PAT_6854|TBG2,0.18806921805048854,0.2258228600361933,0.5651971453434039,6.358810937507075e-06,1.4485946384584122e-12,0.010822188151784382,0.010082229605743797
1007,PAT_6854,TBG3,TBG3,LM,concat,1,\\nasac-m2.unige.ch\m-HumanNeuronLab\ANALYSIS\FLM\Analysis_LoraFanda\01_FBM_Analysis\outputs\04_ersp_LM_RAWONLY\PAT_6854\LM\ERSP_matrix\audio\PAT_6854_audio_WM_ERSP_TBG3_TN.npy,\\nasac-m2.unige.ch\m-HumanNeuronLab\ANALYSIS\FLM\Analysis_LoraFanda\01_FBM_Analysis\outputs\04_ersp_LM_RAWONLY\PAT_6854\LM\ERSP_matrix\audio\PAT_6854_audio_WM_ERSP_TBG3_TN.npy,\\nasac-m2.unige.ch\m-HumanNeuronLab\ANALYSIS\FLM\Analysis_LoraFanda\01_FBM_Analysis\outputs\04_ersp_LM_RAWONLY\PAT_6854\LM\ERSP_matrix\picture\PAT_6854_picture_WM_ERSP_TBG3_TN.npy,\\nasac-m2.unige.ch\m-HumanNeuronLab\ANALYSIS\FLM\Analysis_LoraFanda\01_FBM_Analysis\outputs\04_ersp_LM_RAWONLY\PAT_6854\LM\ERSP_matrix\reading\PAT_6854_reading_WM_ERSP_TBG3_TN.npy,1,0.30052295,1,PAT_6854|TBG3,0.22534618830374928,0.10131291299400953,0.2822285315322851,5.328713058037327e-06,1.6104890331830924e-23,0.13119377554593165,0.25991326291096634
1008,PAT_6854,TBG4,TBG4,LM,concat,1,\\nasac-m2.unige.ch\m-HumanNeuronLab\ANALYSIS\FLM\Analysis_LoraFanda\01_FBM_Analysis\outputs\04_ersp_LM_RAWONLY\PAT_6854\LM\ERSP_matrix\audio\PAT_6854_audio_WM_ERSP_TBG4_TN.npy,\\nasac-m2.unige.ch\m-HumanNeuronLab\ANALYSIS\FLM\Analysis_LoraFanda\01_FBM_Analysis\outputs\04_ersp_LM_RAWONLY\PAT_6854\LM\ERSP_matrix\audio\PAT_6854_audio_WM_ERSP_TBG4_TN.npy,\\nasac-m2.unige.ch\m-HumanNeuronLab\ANALYSIS\FLM\Analysis_LoraFanda\01_FBM_Analysis\outputs\04_ersp_LM_RAWONLY\PAT_6854\LM\ERSP_matrix\picture\PAT_6854_picture_WM_ERSP_TBG4_TN.npy,\\nasac-m2.unige.ch\m-HumanNeuronLab\ANALYSIS\FLM\Analysis_LoraFanda\01_FBM_Analysis\outputs\04_ersp_LM_RAWONLY\PAT_6854\LM\ERSP_matrix\reading\PAT_6854_reading_WM_ERSP_TBG4_TN.npy,1,0.35052302,1,PAT_6854|TBG4,0.061752384155834006,0.07997940843514371,0.0647479050513858,0.06500379515918636,2.389120978961213e-07,0.34406495653341046,0.3844513117529418
1009,PAT_6854,TBG5,TBG5,LM,concat,1,\\nasac-m2.unige.ch\m-HumanNeuronLab\ANALYSIS\FLM\Analysis_LoraFanda\01_FBM_Analysis\outputs\04_ersp_LM_RAWONLY\PAT_6854\LM\ERSP_matrix\audio\PAT_6854_audio_WM_ERSP_TBG5_TN.npy,\\nasac-m2.unige.ch\m-HumanNeuronLab\ANALYSIS\FLM\Analysis_LoraFanda\01_FBM_Analysis\outputs\04_ersp_LM_RAWONLY\PAT_6854\LM\ERSP_matrix\audio\PAT_6854_audio_WM_ERSP_TBG5_TN.npy,\\nasac-m2.unige.ch\m-HumanNeuronLab\ANALYSIS\FLM\Analysis_LoraFanda\01_FBM_Analysis\outputs\04_ersp_LM_RAWONLY\PAT_6854\LM\ERSP_matrix\picture\PAT_6854_picture_WM_ERSP_TBG5_TN.npy,\\nasac-m2.unige.ch\m-HumanNeuronLab\ANALYSIS\FLM\Analysis_LoraFanda\01_FBM_Analysis\outputs\04_ersp_LM_RAWONLY\PAT_6854\LM\ERSP_matrix\reading\PAT_6854_reading_WM_ERSP_TBG5_TN.npy,1,0.2797611,1,PAT_6854|TBG5,0.09822699901544311,0.000263230551031061,0.14309335673316115,0.0005166417979535422,1.7200282673485386e-09,0.5292644437438739,0.22863532643850887
1010,PAT_6854,TBG6,TBG6,LM,concat,1,\\nasac-m2.unige.ch\m-HumanNeuronLab\ANALYSIS\FLM\Analysis_LoraFanda\01_FBM_Analysis\outputs\04_ersp_LM_RAWONLY\PAT_6854\LM\ERSP_matrix\audio\PAT_6854_audio_WM_ERSP_TBG6_TN.npy,\\nasac-m2.unige.ch\m-HumanNeuronLab\ANALYSIS\FLM\Analysis_LoraFanda\01_FBM_Analysis\outputs\04_ersp_LM_RAWONLY\PAT_6854\LM\ERSP_matrix\audio\PAT_6854_audio_WM_ERSP_TBG6_TN.npy,\\nasac-m2.unige.ch\m-HumanNeuronLab\ANALYSIS\FLM\Analysis_LoraFanda\01_FBM_Analysis\outputs\04_ersp_LM_RAWONLY\PAT_6854\LM\ERSP_matrix\picture\PAT_6854_picture_WM_ERSP_TBG6_TN.npy,\\nasac-m2.unige.ch\m-HumanNeuronLab\ANALYSIS\FLM\Analysis_LoraFanda\01_FBM_Analysis\outputs\04_ersp_LM_RAWONLY\PAT_6854\LM\ERSP_matrix\reading\PAT_6854_reading_WM_ERSP_TBG6_TN.npy,1,0.34046742,1,PAT_6854|TBG6,3.4352488020704674e-08,0.08493876684031454,0.12454357862376193,0.17435081767811766,0.02923150448144823,0.2888480549944907,0.2980872430293789
1011,PAT_6854,TBG7,TBG7,LM,concat,1,\\nasac-m2.unige.ch\m-HumanNeuronLab\ANALYSIS\FLM\Analysis_LoraFanda\01_FBM_Analysis\outputs\04_ersp_LM_RAWONLY\PAT_6854\LM\ERSP_matrix\audio\PAT_6854_audio_WM_ERSP_TBG7_TN.npy,\\nasac-m2.unige.ch\m-HumanNeuronLab\ANALYSIS\FLM\Analysis_LoraFanda\01_FBM_Analysis\outputs\04_ersp_LM_RAWONLY\PAT_6854\LM\ERSP_matrix\audio\PAT_6854_audio_WM_ERSP_TBG7_TN.npy,\\nasac-m2.unige.ch\m-HumanNeuronLab\ANALYSIS\FLM\Analysis_LoraFanda\01_FBM_Analysis\outputs\04_ersp_LM_RAWONLY\PAT_6854\LM\ERSP_matrix\picture\PAT_6854_picture_WM_ERSP_TBG7_TN.npy,\\nasac-m2.unige.ch\m-HumanNeuronLab\ANALYSIS\FLM\Analysis_LoraFanda\01_FBM_Analysis\outputs\04_ersp_LM_RAWONLY\PAT_6854\LM\ERSP_matrix\reading\PAT_6854_reading_WM_ERSP_TBG7_TN.npy,1,0.3188919,1,PAT_6854|TBG7,0.08318875965665197,0.08697180291831072,0.12074831797400909,0.17926866535360905,0.02921614519715913,0.3109508095999182,0.18965549930034195
1012,PAT_6854,TBG8,TBG8,LM,concat,1,\\nasac-m2.unige.ch\m-HumanNeuronLab\ANALYSIS\FLM\Analysis_LoraFanda\01_FBM_Analysis\outputs\04_ersp_LM_RAWONLY\PAT_6854\LM\ERSP_matrix\audio\PAT_6854_audio_WM_ERSP_TBG8_TN.npy,\\nasac-m2.unige.ch\m-HumanNeuronLab\ANALYSIS\FLM\Analysis_LoraFanda\01_FBM_Analysis\outputs\04_ersp_LM_RAWONLY\PAT_6854\LM\ERSP_matrix\audio\PAT_6854_audio_WM_ERSP_TBG8_TN.npy,\\nasac-m2.unige.ch\m-HumanNeuronLab\ANALYSIS\FLM\Analysis_LoraFanda\01_FBM_Analysis\outputs\04_ersp_LM_RAWONLY\PAT_6854\LM\ERSP_matrix\picture\PAT_6854_picture_WM_ERSP_TBG8_TN.npy,\\nasac-m2.unige.ch\m-HumanNeuronLab\ANALYSIS\FLM\Analysis_LoraFanda\01_FBM_Analysis\outputs\04_ersp_LM_RAWONLY\PAT_6854\LM\ERSP_matrix\reading\PAT_6854_reading_WM_ERSP_TBG8_TN.npy,1,0.3347638,1,PAT_6854|TBG8,0.11747364207366373,0.14550671152181424,0.010716206064898063,0.17688968839379485,0.060019366774198474,0.27955964924337584,0.20983473592825466
1013,PAT_6854,TBG9,TBG9,LM,concat,1,\\nasac-m2.unige.ch\m-HumanNeuronLab\ANALYSIS\FLM\Analysis_LoraFanda\01_FBM_Analysis\outputs\04_ersp_LM_RAWONLY\PAT_6854\LM\ERSP_matrix\audio\PAT_6854_audio_WM_ERSP_TBG9_TN.npy,\\nasac-m2.unige.ch\m-HumanNeuronLab\ANALYSIS\FLM\Analysis_LoraFanda\01_FBM_Analysis\outputs\04_ersp_LM_RAWONLY\PAT_6854\LM\ERSP_matrix\audio\PAT_6854_audio_WM_ERSP_TBG9_TN.npy,\\nasac-m2.unige.ch\m-HumanNeuronLab\ANALYSIS\FLM\Analysis_LoraFanda\01_FBM_Analysis\outputs\04_ersp_LM_RAWONLY\PAT_6854\LM\ERSP_matrix\picture\PAT_6854_picture_WM_ERSP_TBG9_TN.npy,\\nasac-m2.unige.ch\m-HumanNeuronLab\ANALYSIS\FLM\Analysis_LoraFanda\01_FBM_Analysis\outputs\04_ersp_LM_RAWONLY\PAT_6854\LM\ERSP_matrix\reading\PAT_6854_reading_WM_ERSP_TBG9_TN.npy,1,0.34671116,1,PAT_6854|TBG9,0.07764254637485696,0.20257346338871254,4.0046771021469214e-14,0.2422645977150105,0.0023392425831949525,0.22274950890889517,0.25243064102929
1014,PAT_6854,TPG1,TPG1,LM,concat,1,\\nasac-m2.unige.ch\m-HumanNeuronLab\ANALYSIS\FLM\Analysis_LoraFanda\01_FBM_Analysis\outputs\04_ersp_LM_RAWONLY\PAT_6854\LM\ERSP_matrix\audio\PAT_6854_audio_WM_ERSP_TPG1_TN.npy,\\nasac-m2.unige.ch\m-HumanNeuronLab\ANALYSIS\FLM\Analysis_LoraFanda\01_FBM_Analysis\outputs\04_ersp_LM_RAWONLY\PAT_6854\LM\ERSP_matrix\audio\PAT_6854_audio_WM_ERSP_TPG1_TN.npy,\\nasac-m2.unige.ch\m-HumanNeuronLab\ANALYSIS\FLM\Analysis_LoraFanda\01_FBM_Analysis\outputs\04_ersp_LM_RAWONLY\PAT_6854\LM\ERSP_matrix\picture\PAT_6854_picture_WM_ERSP_TPG1_TN.npy,\\nasac-m2.unige.ch\m-HumanNeuronLab\ANALYSIS\FLM\Analysis_LoraFanda\01_FBM_Analysis\outputs\04_ersp_LM_RAWONLY\PAT_6854\LM\ERSP_matrix\reading\PAT_6854_reading_WM_ERSP_TPG1_TN.npy,1,0.22344919,1,PAT_6854|TPG1,0.1595325326004822,0.06311559142473587,0.19394099536774198,0.08011075380042251,0.07366094048534046,0.149812530790589,0.2798266555306881
1015,PAT_6854,TPG2,TPG2,LM,concat,1,\\nasac-m2.unige.ch\m-HumanNeuronLab\ANALYSIS\FLM\Analysis_LoraFanda\01_FBM_Analysis\outputs\04_ersp_LM_RAWONLY\PAT_6854\LM\ERSP_matrix\audio\PAT_6854_audio_WM_ERSP_TPG2_TN.npy,\\nasac-m2.unige.ch\m-HumanNeuronLab\ANALYSIS\FLM\Analysis_LoraFanda\01_FBM_Analysis\outputs\04_ersp_LM_RAWONLY\PAT_6854\LM\ERSP_matrix\audio\PAT_6854_audio_WM_ERSP_TPG2_TN.npy,\\nasac-m2.unige.ch\m-HumanNeuronLab\ANALYSIS\FLM\Analysis_LoraFanda\01_FBM_Analysis\outputs\04_ersp_LM_RAWONLY\PAT_6854\LM\ERSP_matrix\picture\PAT_6854_picture_WM_ERSP_TPG2_TN.npy,\\nasac-m2.unige.ch\m-HumanNeuronLab\ANALYSIS\FLM\Analysis_LoraFanda\01_FBM_Analysis\outputs\04_ersp_LM_RAWONLY\PAT_6854\LM\ERSP_matrix\reading\PAT_6854_reading_WM_ERSP_TPG2_TN.npy,1,0.24839033,1,PAT_6854|TPG2,0.15805049836819424,0.01837297449915278,0.14458059654189861,0.15958038072755826,0.09436097675197566,0.14342691515782838,0.28162765795339206
1016,PAT_6854,TPG3,TPG3,LM,concat,1,\\nasac-m2.unige.ch\m-HumanNeuronLab\ANALYSIS\FLM\Analysis_LoraFanda\01_FBM_Analysis\outputs\04_ersp_LM_RAWONLY\PAT_6854\LM\ERSP_matrix\audio\PAT_6854_audio_WM_ERSP_TPG3_TN.npy,\\nasac-m2.unige.ch\m-HumanNeuronLab\ANALYSIS\FLM\Analysis_LoraFanda\01_FBM_Analysis\outputs\04_ersp_LM_RAWONLY\PAT_6854\LM\ERSP_matrix\audio\PAT_6854_audio_WM_ERSP_TPG3_TN.npy,\\nasac-m2.unige.ch\m-HumanNeuronLab\ANALYSIS\FLM\Analysis_LoraFanda\01_FBM_Analysis\outputs\04_ersp_LM_RAWONLY\PAT_6854\LM\ERSP_matrix\picture\PAT_6854_picture_WM_ERSP_TPG3_TN.npy,\\nasac-m2.unige.ch\m-HumanNeuronLab\ANALYSIS\FLM\Analysis_LoraFanda\01_FBM_Analysis\outputs\04_ersp_LM_RAWONLY\PAT_6854\LM\ERSP_matrix\reading\PAT_6854_reading_WM_ERSP_TPG3_TN.npy,1,0.32045665,1,PAT_6854|TPG3,0.17601240672116228,0.006820363160681661,0.1525295461087786,0.22375868690111533,0.12199125111420211,0.11474491698369231,0.20414282901036773
1017,PAT_6854,TPG4,TPG4,LM,concat,1,\\nasac-m2.unige.ch\m-HumanNeuronLab\ANALYSIS\FLM\Analysis_LoraFanda\01_FBM_Analysis\outputs\04_ersp_LM_RAWONLY\PAT_6854\LM\ERSP_matrix\audio\PAT_6854_audio_WM_ERSP_TPG4_TN.npy,\\nasac-m2.unige.ch\m-HumanNeuronLab\ANALYSIS\FLM\Analysis_LoraFanda\01_FBM_Analysis\outputs\04_ersp_LM_RAWONLY\PAT_6854\LM\ERSP_matrix\audio\PAT_6854_audio_WM_ERSP_TPG4_TN.npy,\\nasac-m2.unige.ch\m-HumanNeuronLab\ANALYSIS\FLM\Analysis_LoraFanda\01_FBM_Analysis\outputs\04_ersp_LM_RAWONLY\PAT_6854\LM\ERSP_matrix\picture\PAT_6854_picture_WM_ERSP_TPG4_TN.npy,\\nasac-m2.unige.ch\m-HumanNeuronLab\ANALYSIS\FLM\Analysis_LoraFanda\01_FBM_Analysis\outputs\04_ersp_LM_RAWONLY\PAT_6854\LM\ERSP_matrix\reading\PAT_6854_reading_WM_ERSP_TPG4_TN.npy,1,0.33352488,1,PAT_6854|TPG4,0.10031144052765183,0.00023701737424672891,0.44903204681730385,0.23448576469114002,0.06956327797621518,0.0007246461675249,0.1456458064459176
1018,PAT_6854,TPG5,TPG5,LM,concat,1,\\nasac-m2.unige.ch\m-HumanNeuronLab\ANALYSIS\FLM\Analysis_LoraFanda\01_FBM_Analysis\outputs\04_ersp_LM_RAWONLY\PAT_6854\LM\ERSP_matrix\audio\PAT_6854_audio_WM_ERSP_TPG5_TN.npy,\\nasac-m2.unige.ch\m-HumanNeuronLab\ANALYSIS\FLM\Analysis_LoraFanda\01_FBM_Analysis\outputs\04_ersp_LM_RAWONLY\PAT_6854\LM\ERSP_matrix\audio\PAT_6854_audio_WM_ERSP_TPG5_TN.npy,\\nasac-m2.unige.ch\m-HumanNeuronLab\ANALYSIS\FLM\Analysis_LoraFanda\01_FBM_Analysis\outputs\04_ersp_LM_RAWONLY\PAT_6854\LM\ERSP_matrix\picture\PAT_6854_picture_WM_ERSP_TPG5_TN.npy,\\nasac-m2.unige.ch\m-HumanNeuronLab\ANALYSIS\FLM\Analysis_LoraFanda\01_FBM_Analysis\outputs\04_ersp_LM_RAWONLY\PAT_6854\LM\ERSP_matrix\reading\PAT_6854_reading_WM_ERSP_TPG5_TN.npy,1,0.20191681,1,PAT_6854|TPG5,0.33345048723716464,0.1833635638172775,1.6735929236182716e-11,0.3683806755678606,0.05998886579816274,0.00988866951123569,0.04492773805156297
1019,PAT_6854,TPG6,TPG6,LM,concat,2,\\nasac-m2.unige.ch\m-HumanNeuronLab\ANALYSIS\FLM\Analysis_LoraFanda\01_FBM_Analysis\outputs\04_ersp_LM_RAWONLY\PAT_6854\LM\ERSP_matrix\audio\PAT_6854_audio_WM_ERSP_TPG6_TN.npy,\\nasac-m2.unige.ch\m-HumanNeuronLab\ANALYSIS\FLM\Analysis_LoraFanda\01_FBM_Analysis\outputs\04_ersp_LM_RAWONLY\PAT_6854\LM\ERSP_matrix\audio\PAT_6854_audio_WM_ERSP_TPG6_TN.npy,\\nasac-m2.unige.ch\m-HumanNeuronLab\ANALYSIS\FLM\Analysis_LoraFanda\01_FBM_Analysis\outputs\04_ersp_LM_RAWONLY\PAT_6854\LM\ERSP_matrix\picture\PAT_6854_picture_WM_ERSP_TPG6_TN.npy,\\nasac-m2.unige.ch\m-HumanNeuronLab\ANALYSIS\FLM\Analysis_LoraFanda\01_FBM_Analysis\outputs\04_ersp_LM_RAWONLY\PAT_6854\LM\ERSP_matrix\reading\PAT_6854_reading_WM_ERSP_TPG6_TN.npy,2,-0.11989573,2,PAT_6854|TPG6,0.34543580821808756,0.1415421470632608,1.016798880519529e-10,0.439152337831437,0.02915837686809157,0.04230939549097739,0.0024019344264657235
1020,PAT_6854,TPG7,TPG7,LM,concat,3,\\nasac-m2.unige.ch\m-HumanNeuronLab\ANALYSIS\FLM\Analysis_LoraFanda\01_FBM_Analysis\outputs\04_ersp_LM_RAWONLY\PAT_6854\LM\ERSP_matrix\audio\PAT_6854_audio_WM_ERSP_TPG7_TN.npy,\\nasac-m2.unige.ch\m-HumanNeuronLab\ANALYSIS\FLM\Analysis_LoraFanda\01_FBM_Analysis\outputs\04_ersp_LM_RAWONLY\PAT_6854\LM\ERSP_matrix\audio\PAT_6854_audio_WM_ERSP_TPG7_TN.npy,\\nasac-m2.unige.ch\m-HumanNeuronLab\ANALYSIS\FLM\Analysis_LoraFanda\01_FBM_Analysis\outputs\04_ersp_LM_RAWONLY\PAT_6854\LM\ERSP_matrix\picture\PAT_6854_picture_WM_ERSP_TPG7_TN.npy,\\nasac-m2.unige.ch\m-HumanNeuronLab\ANALYSIS\FLM\Analysis_LoraFanda\01_FBM_Analysis\outputs\04_ersp_LM_RAWONLY\PAT_6854\LM\ERSP_matrix\reading\PAT_6854_reading_WM_ERSP_TPG7_TN.npy,2,-0.089258686,2,PAT_6854|TPG7,0.30827155841142573,0.049032316352221564,8.934199937692247e-21,0.474279167614515,6.978377626036385e-09,0.08272276155749181,0.08569418908596826
1021,PAT_6854,TPG8,TPG8,LM,concat,1,\\nasac-m2.unige.ch\m-HumanNeuronLab\ANALYSIS\FLM\Analysis_LoraFanda\01_FBM_Analysis\outputs\04_ersp_LM_RAWONLY\PAT_6854\LM\ERSP_matrix\audio\PAT_6854_audio_WM_ERSP_TPG8_TN.npy,\\nasac-m2.unige.ch\m-HumanNeuronLab\ANALYSIS\FLM\Analysis_LoraFanda\01_FBM_Analysis\outputs\04_ersp_LM_RAWONLY\PAT_6854\LM\ERSP_matrix\audio\PAT_6854_audio_WM_ERSP_TPG8_TN.npy,\\nasac-m2.unige.ch\m-HumanNeuronLab\ANALYSIS\FLM\Analysis_LoraFanda\01_FBM_Analysis\outputs\04_ersp_LM_RAWONLY\PAT_6854\LM\ERSP_matrix\picture\PAT_6854_picture_WM_ERSP_TPG8_TN.npy,\\nasac-m2.unige.ch\m-HumanNeuronLab\ANALYSIS\FLM\Analysis_LoraFanda\01_FBM_Analysis\outputs\04_ersp_LM_RAWONLY\PAT_6854\LM\ERSP_matrix\reading\PAT_6854_reading_WM_ERSP_TPG8_TN.npy,2,-0.0045129503,2,PAT_6854|TPG8,0.05817908757304298,0.007859181700364466,7.325092224144693e-08,0.7261750290990481,0.048514028284707356,6.876927467087338e-12,0.15927260008503788
1022,PAT_6854,TSG1,TSG1,LM,concat,1,\\nasac-m2.unige.ch\m-HumanNeuronLab\ANALYSIS\FLM\Analysis_LoraFanda\01_FBM_Analysis\outputs\04_ersp_LM_RAWONLY\PAT_6854\LM\ERSP_matrix\audio\PAT_6854_audio_WM_ERSP_TSG1_TN.npy,\\nasac-m2.unige.ch\m-HumanNeuronLab\ANALYSIS\FLM\Analysis_LoraFanda\01_FBM_Analysis\outputs\04_ersp_LM_RAWONLY\PAT_6854\LM\ERSP_matrix\audio\PAT_6854_audio_WM_ERSP_TSG1_TN.npy,\\nasac-m2.unige.ch\m-HumanNeuronLab\ANALYSIS\FLM\Analysis_LoraFanda\01_FBM_Analysis\outputs\04_ersp_LM_RAWONLY\PAT_6854\LM\ERSP_matrix\picture\PAT_6854_picture_WM_ERSP_TSG1_TN.npy,\\nasac-m2.unige.ch\m-HumanNeuronLab\ANALYSIS\FLM\Analysis_LoraFanda\01_FBM_Analysis\outputs\04_ersp_LM_RAWONLY\PAT_6854\LM\ERSP_matrix\reading\PAT_6854_reading_WM_ERSP_TSG1_TN.npy,1,0.17740217,1,PAT_6854|TSG1,0.052867088613712074,0.4559445412944309,8.174324122821629e-06,0.2127343113045171,0.0006258231043226218,0.23403778498909125,0.04378227636980331
1023,PAT_6854,TSG2,TSG2,LM,concat,2,\\nasac-m2.unige.ch\m-HumanNeuronLab\ANALYSIS\FLM\Analysis_LoraFanda\01_FBM_Analysis\outputs\04_ersp_LM_RAWONLY\PAT_6854\LM\ERSP_matrix\audio\PAT_6854_audio_WM_ERSP_TSG2_TN.npy,\\nasac-m2.unige.ch\m-HumanNeuronLab\ANALYSIS\FLM\Analysis_LoraFanda\01_FBM_Analysis\outputs\04_ersp_LM_RAWONLY\PAT_6854\LM\ERSP_matrix\audio\PAT_6854_audio_WM_ERSP_TSG2_TN.npy,\\nasac-m2.unige.ch\m-HumanNeuronLab\ANALYSIS\FLM\Analysis_LoraFanda\01_FBM_Analysis\outputs\04_ersp_LM_RAWONLY\PAT_6854\LM\ERSP_matrix\picture\PAT_6854_picture_WM_ERSP_TSG2_TN.npy,\\nasac-m2.unige.ch\m-HumanNeuronLab\ANALYSIS\FLM\Analysis_LoraFanda\01_FBM_Analysis\outputs\04_ersp_LM_RAWONLY\PAT_6854\LM\ERSP_matrix\reading\PAT_6854_reading_WM_ERSP_TSG2_TN.npy,1,0.21065623,1,PAT_6854|TSG2,0.03644990409987336,0.48332050774334784,0.13099489537341366,0.1400392024141629,5.768052034059979e-05,0.16528041414663786,0.043857395702223925
1024,PAT_6854,TSG3,TSG3,LM,concat,2,\\nasac-m2.unige.ch\m-HumanNeuronLab\ANALYSIS\FLM\Analysis_LoraFanda\01_FBM_Analysis\outputs\04_ersp_LM_RAWONLY\PAT_6854\LM\ERSP_matrix\audio\PAT_6854_audio_WM_ERSP_TSG3_TN.npy,\\nasac-m2.unige.ch\m-HumanNeuronLab\ANALYSIS\FLM\Analysis_LoraFanda\01_FBM_Analysis\outputs\04_ersp_LM_RAWONLY\PAT_6854\LM\ERSP_matrix\audio\PAT_6854_audio_WM_ERSP_TSG3_TN.npy,\\nasac-m2.unige.ch\m-HumanNeuronLab\ANALYSIS\FLM\Analysis_LoraFanda\01_FBM_Analysis\outputs\04_ersp_LM_RAWONLY\PAT_6854\LM\ERSP_matrix\picture\PAT_6854_picture_WM_ERSP_TSG3_TN.npy,\\nasac-m2.unige.ch\m-HumanNeuronLab\ANALYSIS\FLM\Analysis_LoraFanda\01_FBM_Analysis\outputs\04_ersp_LM_RAWONLY\PAT_6854\LM\ERSP_matrix\reading\PAT_6854_reading_WM_ERSP_TSG3_TN.npy,1,0.18311395,1,PAT_6854|TSG3,6.364874194331952e-11,0.578488940448184,0.10169748760989644,0.16816038960776006,4.788772121717666e-12,0.15151803882208165,0.00013514344364039886
1025,PAT_6854,TSG4,TSG4,LM,concat,2,\\nasac-m2.unige.ch\m-HumanNeuronLab\ANALYSIS\FLM\Analysis_LoraFanda\01_FBM_Analysis\outputs\04_ersp_LM_RAWONLY\PAT_6854\LM\ERSP_matrix\audio\PAT_6854_audio_WM_ERSP_TSG4_TN.npy,\\nasac-m2.unige.ch\m-HumanNeuronLab\ANALYSIS\FLM\Analysis_LoraFanda\01_FBM_Analysis\outputs\04_ersp_LM_RAWONLY\PAT_6854\LM\ERSP_matrix\audio\PAT_6854_audio_WM_ERSP_TSG4_TN.npy,\\nasac-m2.unige.ch\m-HumanNeuronLab\ANALYSIS\FLM\Analysis_LoraFanda\01_FBM_Analysis\outputs\04_ersp_LM_RAWONLY\PAT_6854\LM\ERSP_matrix\picture\PAT_6854_picture_WM_ERSP_TSG4_TN.npy,\\nasac-m2.unige.ch\m-HumanNeuronLab\ANALYSIS\FLM\Analysis_LoraFanda\01_FBM_Analysis\outputs\04_ersp_LM_RAWONLY\PAT_6854\LM\ERSP_matrix\reading\PAT_6854_reading_WM_ERSP_TSG4_TN.npy,1,0.20111406,1,PAT_6854|TSG4,8.779110885649224e-18,0.5959632500056662,0.15022196147360453,0.2538147876218637,4.553454713479305e-31,8.761945662157773e-10,2.267097833294715e-11
1026,PAT_6854,TSG5,TSG5,LM,concat,1,\\nasac-m2.unige.ch\m-HumanNeuronLab\ANALYSIS\FLM\Analysis_LoraFanda\01_FBM_Analysis\outputs\04_ersp_LM_RAWONLY\PAT_6854\LM\ERSP_matrix\audio\PAT_6854_audio_WM_ERSP_TSG5_TN.npy,\\nasac-m2.unige.ch\m-HumanNeuronLab\ANALYSIS\FLM\Analysis_LoraFanda\01_FBM_Analysis\outputs\04_ersp_LM_RAWONLY\PAT_6854\LM\ERSP_matrix\audio\PAT_6854_audio_WM_ERSP_TSG5_TN.npy,\\nasac-m2.unige.ch\m-HumanNeuronLab\ANALYSIS\FLM\Analysis_LoraFanda\01_FBM_Analysis\outputs\04_ersp_LM_RAWONLY\PAT_6854\LM\ERSP_matrix\picture\PAT_6854_picture_WM_ERSP_TSG5_TN.npy,\\nasac-m2.unige.ch\m-HumanNeuronLab\ANALYSIS\FLM\Analysis_LoraFanda\01_FBM_Analysis\outputs\04_ersp_LM_RAWONLY\PAT_6854\LM\ERSP_matrix\reading\PAT_6854_reading_WM_ERSP_TSG5_TN.npy,1,0.30264992,1,PAT_6854|TSG5,0.06952517374894042,0.6330240957942785,0.004314600171921635,0.156757140671897,9.772441728397772e-21,0.09091329373867651,0.045465695874285866
