patient_id,condition,task,electrode,file_path,prop_above_pos,prop_below_neg,high_activity,sample_idx,cluster_kmeans_rawds,silhouette,cluster_kmeans_rawds_ranked
EL030,audio,LM,A_L10,\\nasac-m2.unige.ch\m-HumanNeuronLab\ANALYSIS\FLM\Analysis_LoraFanda\01_FBM_Analysis\outputs\04_ersp_LM_RAWONLY\EL030\LM\ERSP_matrix\audio\EL030_audio_WM_ERSP_A_L10_TN.npy,0.0815503875968992,0.0117829457364341,True,0,8,0.13320793,8
EL030,audio,LM,A_L11,\\nasac-m2.unige.ch\m-HumanNeuronLab\ANALYSIS\FLM\Analysis_LoraFanda\01_FBM_Analysis\outputs\04_ersp_LM_RAWONLY\EL030\LM\ERSP_matrix\audio\EL030_audio_WM_ERSP_A_L11_TN.npy,0.1003359173126615,0.0171834625322997,True,1,8,0.16458723,8
EL030,audio,LM,A_L12,\\nasac-m2.unige.ch\m-HumanNeuronLab\ANALYSIS\FLM\Analysis_LoraFanda\01_FBM_Analysis\outputs\04_ersp_LM_RAWONLY\EL030\LM\ERSP_matrix\audio\EL030_audio_WM_ERSP_A_L12_TN.npy,0.1161240310077519,0.0259948320413436,True,2,8,0.18949561,8
EL030,audio,LM,A_L13,\\nasac-m2.unige.ch\m-HumanNeuronLab\ANALYSIS\FLM\Analysis_LoraFanda\01_FBM_Analysis\outputs\04_ersp_LM_RAWONLY\EL030\LM\ERSP_matrix\audio\EL030_audio_WM_ERSP_A_L13_TN.npy,0.1516020671834625,0.0556330749354005,True,3,8,0.18389967,8
EL030,audio,LM,A_L14,\\nasac-m2.unige.ch\m-HumanNeuronLab\ANALYSIS\FLM\Analysis_LoraFanda\01_FBM_Analysis\outputs\04_ersp_LM_RAWONLY\EL030\LM\ERSP_matrix\audio\EL030_audio_WM_ERSP_A_L14_TN.npy,0.1555038759689922,0.0640310077519379,True,4,8,0.16851243,8
EL030,audio,LM,A_L15,\\nasac-m2.unige.ch\m-HumanNeuronLab\ANALYSIS\FLM\Analysis_LoraFanda\01_FBM_Analysis\outputs\04_ersp_LM_RAWONLY\EL030\LM\ERSP_matrix\audio\EL030_audio_WM_ERSP_A_L15_TN.npy,0.1565374677002584,0.0564082687338501,True,5,8,0.16354017,8
EL030,audio,LM,A_L2,\\nasac-m2.unige.ch\m-HumanNeuronLab\ANALYSIS\FLM\Analysis_LoraFanda\01_FBM_Analysis\outputs\04_ersp_LM_RAWONLY\EL030\LM\ERSP_matrix\audio\EL030_audio_WM_ERSP_A_L2_TN.npy,0.0236175710594315,0.0034625322997416,True,6,9,0.04100147,9
EL030,audio,LM,A_L3,\\nasac-m2.unige.ch\m-HumanNeuronLab\ANALYSIS\FLM\Analysis_LoraFanda\01_FBM_Analysis\outputs\04_ersp_LM_RAWONLY\EL030\LM\ERSP_matrix\audio\EL030_audio_WM_ERSP_A_L3_TN.npy,0.0282687338501292,0.0031524547803617,True,7,9,0.072468534,9
EL030,audio,LM,A_L4,\\nasac-m2.unige.ch\m-HumanNeuronLab\ANALYSIS\FLM\Analysis_LoraFanda\01_FBM_Analysis\outputs\04_ersp_LM_RAWONLY\EL030\LM\ERSP_matrix\audio\EL030_audio_WM_ERSP_A_L4_TN.npy,0.0347286821705426,0.0039276485788113,True,8,9,0.029670516,9
EL030,audio,LM,A_L5,\\nasac-m2.unige.ch\m-HumanNeuronLab\ANALYSIS\FLM\Analysis_LoraFanda\01_FBM_Analysis\outputs\04_ersp_LM_RAWONLY\EL030\LM\ERSP_matrix\audio\EL030_audio_WM_ERSP_A_L5_TN.npy,0.0340568475452196,0.0061757105943152,True,9,8,-0.10043069,8
EL030,audio,LM,A_L6,\\nasac-m2.unige.ch\m-HumanNeuronLab\ANALYSIS\FLM\Analysis_LoraFanda\01_FBM_Analysis\outputs\04_ersp_LM_RAWONLY\EL030\LM\ERSP_matrix\audio\EL030_audio_WM_ERSP_A_L6_TN.npy,0.0473385012919896,0.0039276485788113,True,10,8,-0.053541217,8
EL030,audio,LM,A_L7,\\nasac-m2.unige.ch\m-HumanNeuronLab\ANALYSIS\FLM\Analysis_LoraFanda\01_FBM_Analysis\outputs\04_ersp_LM_RAWONLY\EL030\LM\ERSP_matrix\audio\EL030_audio_WM_ERSP_A_L7_TN.npy,0.0647028423772609,0.0040568475452196,True,11,8,-0.00821608,8
EL030,audio,LM,A_L8,\\nasac-m2.unige.ch\m-HumanNeuronLab\ANALYSIS\FLM\Analysis_LoraFanda\01_FBM_Analysis\outputs\04_ersp_LM_RAWONLY\EL030\LM\ERSP_matrix\audio\EL030_audio_WM_ERSP_A_L8_TN.npy,0.0708785529715762,0.0085271317829457,True,12,8,0.08971567,8
EL030,audio,LM,A_L9,\\nasac-m2.unige.ch\m-HumanNeuronLab\ANALYSIS\FLM\Analysis_LoraFanda\01_FBM_Analysis\outputs\04_ersp_LM_RAWONLY\EL030\LM\ERSP_matrix\audio\EL030_audio_WM_ERSP_A_L9_TN.npy,0.0824547803617571,0.0124289405684754,True,13,8,0.13142572,8
EL030,audio,LM,A_R12,\\nasac-m2.unige.ch\m-HumanNeuronLab\ANALYSIS\FLM\Analysis_LoraFanda\01_FBM_Analysis\outputs\04_ersp_LM_RAWONLY\EL030\LM\ERSP_matrix\audio\EL030_audio_WM_ERSP_A_R12_TN.npy,0.0228165374677002,0.0196640826873385,True,14,8,0.023402989,8
EL030,audio,LM,A_R13,\\nasac-m2.unige.ch\m-HumanNeuronLab\ANALYSIS\FLM\Analysis_LoraFanda\01_FBM_Analysis\outputs\04_ersp_LM_RAWONLY\EL030\LM\ERSP_matrix\audio\EL030_audio_WM_ERSP_A_R13_TN.npy,0.0520671834625323,0.0817054263565891,True,15,8,0.0790429,8
EL030,audio,LM,A_R14,\\nasac-m2.unige.ch\m-HumanNeuronLab\ANALYSIS\FLM\Analysis_LoraFanda\01_FBM_Analysis\outputs\04_ersp_LM_RAWONLY\EL030\LM\ERSP_matrix\audio\EL030_audio_WM_ERSP_A_R14_TN.npy,0.0776744186046511,0.1736950904392764,True,16,8,0.05314523,8
EL030,audio,LM,A_R15,\\nasac-m2.unige.ch\m-HumanNeuronLab\ANALYSIS\FLM\Analysis_LoraFanda\01_FBM_Analysis\outputs\04_ersp_LM_RAWONLY\EL030\LM\ERSP_matrix\audio\EL030_audio_WM_ERSP_A_R15_TN.npy,0.079250645994832,0.1756072351421188,True,17,8,0.048184603,8
EL030,audio,LM,aH_L10,\\nasac-m2.unige.ch\m-HumanNeuronLab\ANALYSIS\FLM\Analysis_LoraFanda\01_FBM_Analysis\outputs\04_ersp_LM_RAWONLY\EL030\LM\ERSP_matrix\audio\EL030_audio_WM_ERSP_aH_L10_TN.npy,0.0716020671834625,0.0094832041343669,True,18,8,0.04539488,8
EL030,audio,LM,aH_L11,\\nasac-m2.unige.ch\m-HumanNeuronLab\ANALYSIS\FLM\Analysis_LoraFanda\01_FBM_Analysis\outputs\04_ersp_LM_RAWONLY\EL030\LM\ERSP_matrix\audio\EL030_audio_WM_ERSP_aH_L11_TN.npy,0.1250645994832041,0.021266149870801,True,19,8,0.0930398,8
EL030,audio,LM,aH_L12,\\nasac-m2.unige.ch\m-HumanNeuronLab\ANALYSIS\FLM\Analysis_LoraFanda\01_FBM_Analysis\outputs\04_ersp_LM_RAWONLY\EL030\LM\ERSP_matrix\audio\EL030_audio_WM_ERSP_aH_L12_TN.npy,0.1228682170542635,0.0241602067183462,True,20,8,0.10879272,8
EL030,audio,LM,aH_L4,\\nasac-m2.unige.ch\m-HumanNeuronLab\ANALYSIS\FLM\Analysis_LoraFanda\01_FBM_Analysis\outputs\04_ersp_LM_RAWONLY\EL030\LM\ERSP_matrix\audio\EL030_audio_WM_ERSP_aH_L4_TN.npy,0.0398966408268733,0.0028940568475452,True,21,9,-0.011163435,9
EL030,audio,LM,aH_L5,\\nasac-m2.unige.ch\m-HumanNeuronLab\ANALYSIS\FLM\Analysis_LoraFanda\01_FBM_Analysis\outputs\04_ersp_LM_RAWONLY\EL030\LM\ERSP_matrix\audio\EL030_audio_WM_ERSP_aH_L5_TN.npy,0.0324547803617571,0.0048578811369509,True,22,9,0.085836574,9
EL030,audio,LM,aH_L6,\\nasac-m2.unige.ch\m-HumanNeuronLab\ANALYSIS\FLM\Analysis_LoraFanda\01_FBM_Analysis\outputs\04_ersp_LM_RAWONLY\EL030\LM\ERSP_matrix\audio\EL030_audio_WM_ERSP_aH_L6_TN.npy,0.0527131782945736,0.0039018087855297,True,23,8,-0.08712359,8
EL030,audio,LM,aH_L7,\\nasac-m2.unige.ch\m-HumanNeuronLab\ANALYSIS\FLM\Analysis_LoraFanda\01_FBM_Analysis\outputs\04_ersp_LM_RAWONLY\EL030\LM\ERSP_matrix\audio\EL030_audio_WM_ERSP_aH_L7_TN.npy,0.0631266149870801,0.0049354005167958,True,24,8,-0.056681123,8
EL030,audio,LM,aH_L8,\\nasac-m2.unige.ch\m-HumanNeuronLab\ANALYSIS\FLM\Analysis_LoraFanda\01_FBM_Analysis\outputs\04_ersp_LM_RAWONLY\EL030\LM\ERSP_matrix\audio\EL030_audio_WM_ERSP_aH_L8_TN.npy,0.050594315245478,0.0079586563307493,True,25,8,-0.081647895,8
EL030,audio,LM,aH_L9,\\nasac-m2.unige.ch\m-HumanNeuronLab\ANALYSIS\FLM\Analysis_LoraFanda\01_FBM_Analysis\outputs\04_ersp_LM_RAWONLY\EL030\LM\ERSP_matrix\audio\EL030_audio_WM_ERSP_aH_L9_TN.npy,0.0521963824289405,0.0068733850129198,True,26,8,-0.0064786966,8
EL030,audio,LM,aH_R11,\\nasac-m2.unige.ch\m-HumanNeuronLab\ANALYSIS\FLM\Analysis_LoraFanda\01_FBM_Analysis\outputs\04_ersp_LM_RAWONLY\EL030\LM\ERSP_matrix\audio\EL030_audio_WM_ERSP_aH_R11_TN.npy,0.0247545219638242,0.003204134366925,True,27,17,0.220226,17
EL030,audio,LM,aH_R13,\\nasac-m2.unige.ch\m-HumanNeuronLab\ANALYSIS\FLM\Analysis_LoraFanda\01_FBM_Analysis\outputs\04_ersp_LM_RAWONLY\EL030\LM\ERSP_matrix\audio\EL030_audio_WM_ERSP_aH_R13_TN.npy,0.0239793281653746,0.0069250645994832,True,28,17,0.03624491,17
EL030,audio,LM,aH_R14,\\nasac-m2.unige.ch\m-HumanNeuronLab\ANALYSIS\FLM\Analysis_LoraFanda\01_FBM_Analysis\outputs\04_ersp_LM_RAWONLY\EL030\LM\ERSP_matrix\audio\EL030_audio_WM_ERSP_aH_R14_TN.npy,0.0338501291989664,0.0317054263565891,True,29,8,0.12446279,8
EL030,audio,LM,aH_R15,\\nasac-m2.unige.ch\m-HumanNeuronLab\ANALYSIS\FLM\Analysis_LoraFanda\01_FBM_Analysis\outputs\04_ersp_LM_RAWONLY\EL030\LM\ERSP_matrix\audio\EL030_audio_WM_ERSP_aH_R15_TN.npy,0.0314987080103359,0.0296382428940568,True,30,8,0.0893122,8
EL030,audio,LM,EntG_R12,\\nasac-m2.unige.ch\m-HumanNeuronLab\ANALYSIS\FLM\Analysis_LoraFanda\01_FBM_Analysis\outputs\04_ersp_LM_RAWONLY\EL030\LM\ERSP_matrix\audio\EL030_audio_WM_ERSP_EntG_R12_TN.npy,0.0209819121447028,0.0046511627906976,True,31,17,0.16714709,17
EL030,audio,LM,pHG_R12,\\nasac-m2.unige.ch\m-HumanNeuronLab\ANALYSIS\FLM\Analysis_LoraFanda\01_FBM_Analysis\outputs\04_ersp_LM_RAWONLY\EL030\LM\ERSP_matrix\audio\EL030_audio_WM_ERSP_pHG_R12_TN.npy,0.0740051679586563,0.0113436692506459,True,32,9,0.11355287,9
EL030,audio,LM,pHG_R13,\\nasac-m2.unige.ch\m-HumanNeuronLab\ANALYSIS\FLM\Analysis_LoraFanda\01_FBM_Analysis\outputs\04_ersp_LM_RAWONLY\EL030\LM\ERSP_matrix\audio\EL030_audio_WM_ERSP_pHG_R13_TN.npy,0.1158397932816537,0.0213178294573643,True,33,8,-0.03415152,8
EL030,audio,LM,pHG_R14,\\nasac-m2.unige.ch\m-HumanNeuronLab\ANALYSIS\FLM\Analysis_LoraFanda\01_FBM_Analysis\outputs\04_ersp_LM_RAWONLY\EL030\LM\ERSP_matrix\audio\EL030_audio_WM_ERSP_pHG_R14_TN.npy,0.1134366925064599,0.0224031007751937,True,34,8,-0.025514323,8
EL030,audio,LM,pHG_R15,\\nasac-m2.unige.ch\m-HumanNeuronLab\ANALYSIS\FLM\Analysis_LoraFanda\01_FBM_Analysis\outputs\04_ersp_LM_RAWONLY\EL030\LM\ERSP_matrix\audio\EL030_audio_WM_ERSP_pHG_R15_TN.npy,0.1112144702842377,0.0194573643410852,True,35,8,-0.053691663,8
EL030,picture,LM,A_L10,\\nasac-m2.unige.ch\m-HumanNeuronLab\ANALYSIS\FLM\Analysis_LoraFanda\01_FBM_Analysis\outputs\04_ersp_LM_RAWONLY\EL030\LM\ERSP_matrix\picture\EL030_picture_WM_ERSP_A_L10_TN.npy,0.0614470284237726,0.0011369509043927,True,36,19,0.1320252,19
EL030,picture,LM,A_L11,\\nasac-m2.unige.ch\m-HumanNeuronLab\ANALYSIS\FLM\Analysis_LoraFanda\01_FBM_Analysis\outputs\04_ersp_LM_RAWONLY\EL030\LM\ERSP_matrix\picture\EL030_picture_WM_ERSP_A_L11_TN.npy,0.0624806201550387,0.0004909560723514,True,37,19,0.09003731,19
EL030,picture,LM,A_L12,\\nasac-m2.unige.ch\m-HumanNeuronLab\ANALYSIS\FLM\Analysis_LoraFanda\01_FBM_Analysis\outputs\04_ersp_LM_RAWONLY\EL030\LM\ERSP_matrix\picture\EL030_picture_WM_ERSP_A_L12_TN.npy,0.0860465116279069,0.0005426356589147,True,38,19,0.116515405,19
EL030,picture,LM,A_L13,\\nasac-m2.unige.ch\m-HumanNeuronLab\ANALYSIS\FLM\Analysis_LoraFanda\01_FBM_Analysis\outputs\04_ersp_LM_RAWONLY\EL030\LM\ERSP_matrix\picture\EL030_picture_WM_ERSP_A_L13_TN.npy,0.1697157622739018,0.0004909560723514,True,39,19,0.17888613,19
EL030,picture,LM,A_L14,\\nasac-m2.unige.ch\m-HumanNeuronLab\ANALYSIS\FLM\Analysis_LoraFanda\01_FBM_Analysis\outputs\04_ersp_LM_RAWONLY\EL030\LM\ERSP_matrix\picture\EL030_picture_WM_ERSP_A_L14_TN.npy,0.1641602067183462,0.0006459948320413,True,40,19,0.17636174,19
EL030,picture,LM,A_L15,\\nasac-m2.unige.ch\m-HumanNeuronLab\ANALYSIS\FLM\Analysis_LoraFanda\01_FBM_Analysis\outputs\04_ersp_LM_RAWONLY\EL030\LM\ERSP_matrix\picture\EL030_picture_WM_ERSP_A_L15_TN.npy,0.1662273901808785,0.000516795865633,True,41,19,0.17658898,19
EL030,picture,LM,A_L2,\\nasac-m2.unige.ch\m-HumanNeuronLab\ANALYSIS\FLM\Analysis_LoraFanda\01_FBM_Analysis\outputs\04_ersp_LM_RAWONLY\EL030\LM\ERSP_matrix\picture\EL030_picture_WM_ERSP_A_L2_TN.npy,0.0205426356589147,0.0016279069767441,True,42,6,-0.0587013,6
EL030,picture,LM,A_L3,\\nasac-m2.unige.ch\m-HumanNeuronLab\ANALYSIS\FLM\Analysis_LoraFanda\01_FBM_Analysis\outputs\04_ersp_LM_RAWONLY\EL030\LM\ERSP_matrix\picture\EL030_picture_WM_ERSP_A_L3_TN.npy,0.0310077519379844,0.0001550387596899,True,43,6,0.0010807221,6
EL030,picture,LM,A_L4,\\nasac-m2.unige.ch\m-HumanNeuronLab\ANALYSIS\FLM\Analysis_LoraFanda\01_FBM_Analysis\outputs\04_ersp_LM_RAWONLY\EL030\LM\ERSP_matrix\picture\EL030_picture_WM_ERSP_A_L4_TN.npy,0.0271059431524547,0.0005426356589147,True,44,6,0.02619684,6
EL030,picture,LM,A_L5,\\nasac-m2.unige.ch\m-HumanNeuronLab\ANALYSIS\FLM\Analysis_LoraFanda\01_FBM_Analysis\outputs\04_ersp_LM_RAWONLY\EL030\LM\ERSP_matrix\picture\EL030_picture_WM_ERSP_A_L5_TN.npy,0.0297674418604651,0.0002583979328165,True,45,6,0.027668446,6
EL030,picture,LM,A_L6,\\nasac-m2.unige.ch\m-HumanNeuronLab\ANALYSIS\FLM\Analysis_LoraFanda\01_FBM_Analysis\outputs\04_ersp_LM_RAWONLY\EL030\LM\ERSP_matrix\picture\EL030_picture_WM_ERSP_A_L6_TN.npy,0.0361240310077519,0.0006976744186046,True,46,19,0.01705478,19
EL030,picture,LM,A_L7,\\nasac-m2.unige.ch\m-HumanNeuronLab\ANALYSIS\FLM\Analysis_LoraFanda\01_FBM_Analysis\outputs\04_ersp_LM_RAWONLY\EL030\LM\ERSP_matrix\picture\EL030_picture_WM_ERSP_A_L7_TN.npy,0.0528940568475452,7.751937984496124e-05,True,47,19,0.054358184,19
EL030,picture,LM,A_L8,\\nasac-m2.unige.ch\m-HumanNeuronLab\ANALYSIS\FLM\Analysis_LoraFanda\01_FBM_Analysis\outputs\04_ersp_LM_RAWONLY\EL030\LM\ERSP_matrix\picture\EL030_picture_WM_ERSP_A_L8_TN.npy,0.047906976744186,0.0006459948320413,True,48,19,0.07250166,19
EL030,picture,LM,A_L9,\\nasac-m2.unige.ch\m-HumanNeuronLab\ANALYSIS\FLM\Analysis_LoraFanda\01_FBM_Analysis\outputs\04_ersp_LM_RAWONLY\EL030\LM\ERSP_matrix\picture\EL030_picture_WM_ERSP_A_L9_TN.npy,0.0593798449612403,0.0002067183462532,True,49,19,0.107117556,19
EL030,picture,LM,A_R13,\\nasac-m2.unige.ch\m-HumanNeuronLab\ANALYSIS\FLM\Analysis_LoraFanda\01_FBM_Analysis\outputs\04_ersp_LM_RAWONLY\EL030\LM\ERSP_matrix\picture\EL030_picture_WM_ERSP_A_R13_TN.npy,0.0272093023255813,0.065142118863049,True,50,17,0.047039706,17
EL030,picture,LM,A_R14,\\nasac-m2.unige.ch\m-HumanNeuronLab\ANALYSIS\FLM\Analysis_LoraFanda\01_FBM_Analysis\outputs\04_ersp_LM_RAWONLY\EL030\LM\ERSP_matrix\picture\EL030_picture_WM_ERSP_A_R14_TN.npy,0.0326614987080103,0.1178811369509044,True,51,1,0.040076308,1
EL030,picture,LM,A_R15,\\nasac-m2.unige.ch\m-HumanNeuronLab\ANALYSIS\FLM\Analysis_LoraFanda\01_FBM_Analysis\outputs\04_ersp_LM_RAWONLY\EL030\LM\ERSP_matrix\picture\EL030_picture_WM_ERSP_A_R15_TN.npy,0.0337467700258397,0.1265116279069767,True,52,1,0.045996327,1
EL030,picture,LM,A_R1,\\nasac-m2.unige.ch\m-HumanNeuronLab\ANALYSIS\FLM\Analysis_LoraFanda\01_FBM_Analysis\outputs\04_ersp_LM_RAWONLY\EL030\LM\ERSP_matrix\picture\EL030_picture_WM_ERSP_A_R1_TN.npy,0.0211627906976744,0.0004651162790697,True,53,6,0.07029736,6
EL030,picture,LM,A_R5,\\nasac-m2.unige.ch\m-HumanNeuronLab\ANALYSIS\FLM\Analysis_LoraFanda\01_FBM_Analysis\outputs\04_ersp_LM_RAWONLY\EL030\LM\ERSP_matrix\picture\EL030_picture_WM_ERSP_A_R5_TN.npy,0.0220413436692506,0.0004909560723514,True,54,6,0.11826363,6
EL030,picture,LM,aH_L10,\\nasac-m2.unige.ch\m-HumanNeuronLab\ANALYSIS\FLM\Analysis_LoraFanda\01_FBM_Analysis\outputs\04_ersp_LM_RAWONLY\EL030\LM\ERSP_matrix\picture\EL030_picture_WM_ERSP_aH_L10_TN.npy,0.0806201550387596,0.0001550387596899,True,55,19,0.02514425,19
EL030,picture,LM,aH_L11,\\nasac-m2.unige.ch\m-HumanNeuronLab\ANALYSIS\FLM\Analysis_LoraFanda\01_FBM_Analysis\outputs\04_ersp_LM_RAWONLY\EL030\LM\ERSP_matrix\picture\EL030_picture_WM_ERSP_aH_L11_TN.npy,0.1804651162790697,0.000594315245478,True,56,19,0.13100912,19
EL030,picture,LM,aH_L12,\\nasac-m2.unige.ch\m-HumanNeuronLab\ANALYSIS\FLM\Analysis_LoraFanda\01_FBM_Analysis\outputs\04_ersp_LM_RAWONLY\EL030\LM\ERSP_matrix\picture\EL030_picture_WM_ERSP_aH_L12_TN.npy,0.1264082687338501,0.0002583979328165,True,57,19,0.13569455,19
EL030,picture,LM,aH_L2,\\nasac-m2.unige.ch\m-HumanNeuronLab\ANALYSIS\FLM\Analysis_LoraFanda\01_FBM_Analysis\outputs\04_ersp_LM_RAWONLY\EL030\LM\ERSP_matrix\picture\EL030_picture_WM_ERSP_aH_L2_TN.npy,0.0215503875968992,0.0004909560723514,True,58,6,0.024289172,6
EL030,picture,LM,aH_L4,\\nasac-m2.unige.ch\m-HumanNeuronLab\ANALYSIS\FLM\Analysis_LoraFanda\01_FBM_Analysis\outputs\04_ersp_LM_RAWONLY\EL030\LM\ERSP_matrix\picture\EL030_picture_WM_ERSP_aH_L4_TN.npy,0.0325064599483204,0.0002583979328165,True,59,6,0.010068202,6
EL030,picture,LM,aH_L5,\\nasac-m2.unige.ch\m-HumanNeuronLab\ANALYSIS\FLM\Analysis_LoraFanda\01_FBM_Analysis\outputs\04_ersp_LM_RAWONLY\EL030\LM\ERSP_matrix\picture\EL030_picture_WM_ERSP_aH_L5_TN.npy,0.0398966408268733,0.0003617571059431,True,60,6,0.10938912,6
EL030,picture,LM,aH_L6,\\nasac-m2.unige.ch\m-HumanNeuronLab\ANALYSIS\FLM\Analysis_LoraFanda\01_FBM_Analysis\outputs\04_ersp_LM_RAWONLY\EL030\LM\ERSP_matrix\picture\EL030_picture_WM_ERSP_aH_L6_TN.npy,0.0537209302325581,0.0003100775193798,True,61,6,0.10803928,6
EL030,picture,LM,aH_L7,\\nasac-m2.unige.ch\m-HumanNeuronLab\ANALYSIS\FLM\Analysis_LoraFanda\01_FBM_Analysis\outputs\04_ersp_LM_RAWONLY\EL030\LM\ERSP_matrix\picture\EL030_picture_WM_ERSP_aH_L7_TN.npy,0.0478552971576227,0.0001291989664082,True,62,19,0.029426413,19
EL030,picture,LM,aH_L8,\\nasac-m2.unige.ch\m-HumanNeuronLab\ANALYSIS\FLM\Analysis_LoraFanda\01_FBM_Analysis\outputs\04_ersp_LM_RAWONLY\EL030\LM\ERSP_matrix\picture\EL030_picture_WM_ERSP_aH_L8_TN.npy,0.0322480620155038,0.0005684754521963,True,63,19,-0.0018952616,19
EL030,picture,LM,aH_L9,\\nasac-m2.unige.ch\m-HumanNeuronLab\ANALYSIS\FLM\Analysis_LoraFanda\01_FBM_Analysis\outputs\04_ersp_LM_RAWONLY\EL030\LM\ERSP_matrix\picture\EL030_picture_WM_ERSP_aH_L9_TN.npy,0.0328165374677002,0.0002325581395348,True,64,19,-0.063188486,19
EL030,picture,LM,aH_R10,\\nasac-m2.unige.ch\m-HumanNeuronLab\ANALYSIS\FLM\Analysis_LoraFanda\01_FBM_Analysis\outputs\04_ersp_LM_RAWONLY\EL030\LM\ERSP_matrix\picture\EL030_picture_WM_ERSP_aH_R10_TN.npy,0.0233074935400516,0.0006459948320413,True,65,17,0.22460769,17
EL030,picture,LM,aH_R11,\\nasac-m2.unige.ch\m-HumanNeuronLab\ANALYSIS\FLM\Analysis_LoraFanda\01_FBM_Analysis\outputs\04_ersp_LM_RAWONLY\EL030\LM\ERSP_matrix\picture\EL030_picture_WM_ERSP_aH_R11_TN.npy,0.0301291989664082,0.0007493540051679,True,66,17,0.22048897,17
EL030,picture,LM,aH_R12,\\nasac-m2.unige.ch\m-HumanNeuronLab\ANALYSIS\FLM\Analysis_LoraFanda\01_FBM_Analysis\outputs\04_ersp_LM_RAWONLY\EL030\LM\ERSP_matrix\picture\EL030_picture_WM_ERSP_aH_R12_TN.npy,0.0234883720930232,0.0002842377260981,True,67,17,0.20602062,17
EL030,picture,LM,aH_R13,\\nasac-m2.unige.ch\m-HumanNeuronLab\ANALYSIS\FLM\Analysis_LoraFanda\01_FBM_Analysis\outputs\04_ersp_LM_RAWONLY\EL030\LM\ERSP_matrix\picture\EL030_picture_WM_ERSP_aH_R13_TN.npy,0.0247028423772609,0.0004909560723514,True,68,17,0.2204318,17
EL030,picture,LM,EntG_R12,\\nasac-m2.unige.ch\m-HumanNeuronLab\ANALYSIS\FLM\Analysis_LoraFanda\01_FBM_Analysis\outputs\04_ersp_LM_RAWONLY\EL030\LM\ERSP_matrix\picture\EL030_picture_WM_ERSP_EntG_R12_TN.npy,0.0242377260981912,0.0011111111111111,True,69,17,0.21939537,17
EL030,picture,LM,EntG_R1,\\nasac-m2.unige.ch\m-HumanNeuronLab\ANALYSIS\FLM\Analysis_LoraFanda\01_FBM_Analysis\outputs\04_ersp_LM_RAWONLY\EL030\LM\ERSP_matrix\picture\EL030_picture_WM_ERSP_EntG_R1_TN.npy,0.0201291989664082,0.0001291989664082,True,70,16,-0.024119684,16
EL030,picture,LM,EntG_R2,\\nasac-m2.unige.ch\m-HumanNeuronLab\ANALYSIS\FLM\Analysis_LoraFanda\01_FBM_Analysis\outputs\04_ersp_LM_RAWONLY\EL030\LM\ERSP_matrix\picture\EL030_picture_WM_ERSP_EntG_R2_TN.npy,0.0214211886304909,0.0002067183462532,True,71,6,0.11229919,6
EL030,picture,LM,EntG_R4,\\nasac-m2.unige.ch\m-HumanNeuronLab\ANALYSIS\FLM\Analysis_LoraFanda\01_FBM_Analysis\outputs\04_ersp_LM_RAWONLY\EL030\LM\ERSP_matrix\picture\EL030_picture_WM_ERSP_EntG_R4_TN.npy,0.0245994832041343,0.0010077519379844,True,72,6,0.07840709,6
EL030,picture,LM,EntG_R5,\\nasac-m2.unige.ch\m-HumanNeuronLab\ANALYSIS\FLM\Analysis_LoraFanda\01_FBM_Analysis\outputs\04_ersp_LM_RAWONLY\EL030\LM\ERSP_matrix\picture\EL030_picture_WM_ERSP_EntG_R5_TN.npy,0.0261757105943152,0.0002067183462532,True,73,6,0.14581437,6
EL030,picture,LM,EntG_R6,\\nasac-m2.unige.ch\m-HumanNeuronLab\ANALYSIS\FLM\Analysis_LoraFanda\01_FBM_Analysis\outputs\04_ersp_LM_RAWONLY\EL030\LM\ERSP_matrix\picture\EL030_picture_WM_ERSP_EntG_R6_TN.npy,0.027312661498708,0.0008527131782945,True,74,6,0.09855403,6
EL030,picture,LM,EntG_R7,\\nasac-m2.unige.ch\m-HumanNeuronLab\ANALYSIS\FLM\Analysis_LoraFanda\01_FBM_Analysis\outputs\04_ersp_LM_RAWONLY\EL030\LM\ERSP_matrix\picture\EL030_picture_WM_ERSP_EntG_R7_TN.npy,0.0821188630490956,0.0033074935400516,True,75,11,-0.09068251,11
EL030,picture,LM,EntG_R8,\\nasac-m2.unige.ch\m-HumanNeuronLab\ANALYSIS\FLM\Analysis_LoraFanda\01_FBM_Analysis\outputs\04_ersp_LM_RAWONLY\EL030\LM\ERSP_matrix\picture\EL030_picture_WM_ERSP_EntG_R8_TN.npy,0.0950645994832041,0.0029198966408268,True,76,11,-0.01029792,11
EL030,picture,LM,pH_R10,\\nasac-m2.unige.ch\m-HumanNeuronLab\ANALYSIS\FLM\Analysis_LoraFanda\01_FBM_Analysis\outputs\04_ersp_LM_RAWONLY\EL030\LM\ERSP_matrix\picture\EL030_picture_WM_ERSP_pH_R10_TN.npy,0.0290697674418604,0.0002067183462532,True,77,17,0.13823867,17
EL030,picture,LM,pH_R8,\\nasac-m2.unige.ch\m-HumanNeuronLab\ANALYSIS\FLM\Analysis_LoraFanda\01_FBM_Analysis\outputs\04_ersp_LM_RAWONLY\EL030\LM\ERSP_matrix\picture\EL030_picture_WM_ERSP_pH_R8_TN.npy,0.0212144702842377,0.0006459948320413,True,78,17,0.13692169,17
EL030,picture,LM,pH_R9,\\nasac-m2.unige.ch\m-HumanNeuronLab\ANALYSIS\FLM\Analysis_LoraFanda\01_FBM_Analysis\outputs\04_ersp_LM_RAWONLY\EL030\LM\ERSP_matrix\picture\EL030_picture_WM_ERSP_pH_R9_TN.npy,0.0287596899224806,7.751937984496124e-05,True,79,17,0.162998,17
EL030,picture,LM,pHG_R11,\\nasac-m2.unige.ch\m-HumanNeuronLab\ANALYSIS\FLM\Analysis_LoraFanda\01_FBM_Analysis\outputs\04_ersp_LM_RAWONLY\EL030\LM\ERSP_matrix\picture\EL030_picture_WM_ERSP_pHG_R11_TN.npy,0.0219638242894056,0.0061757105943152,True,80,5,0.10570407,5
EL030,picture,LM,pHG_R12,\\nasac-m2.unige.ch\m-HumanNeuronLab\ANALYSIS\FLM\Analysis_LoraFanda\01_FBM_Analysis\outputs\04_ersp_LM_RAWONLY\EL030\LM\ERSP_matrix\picture\EL030_picture_WM_ERSP_pHG_R12_TN.npy,0.065813953488372,0.0053229974160206,True,81,5,0.118235946,5
EL030,picture,LM,pHG_R13,\\nasac-m2.unige.ch\m-HumanNeuronLab\ANALYSIS\FLM\Analysis_LoraFanda\01_FBM_Analysis\outputs\04_ersp_LM_RAWONLY\EL030\LM\ERSP_matrix\picture\EL030_picture_WM_ERSP_pHG_R13_TN.npy,0.1124031007751938,0.0027131782945736,True,82,5,0.07318467,5
EL030,picture,LM,pHG_R14,\\nasac-m2.unige.ch\m-HumanNeuronLab\ANALYSIS\FLM\Analysis_LoraFanda\01_FBM_Analysis\outputs\04_ersp_LM_RAWONLY\EL030\LM\ERSP_matrix\picture\EL030_picture_WM_ERSP_pHG_R14_TN.npy,0.109173126614987,0.0021705426356589,True,83,5,-0.028953217,5
EL030,picture,LM,pHG_R15,\\nasac-m2.unige.ch\m-HumanNeuronLab\ANALYSIS\FLM\Analysis_LoraFanda\01_FBM_Analysis\outputs\04_ersp_LM_RAWONLY\EL030\LM\ERSP_matrix\picture\EL030_picture_WM_ERSP_pHG_R15_TN.npy,0.1081653746770025,0.0003100775193798,True,84,19,-0.018991567,19
EL030,picture,LM,pHG_R1,\\nasac-m2.unige.ch\m-HumanNeuronLab\ANALYSIS\FLM\Analysis_LoraFanda\01_FBM_Analysis\outputs\04_ersp_LM_RAWONLY\EL030\LM\ERSP_matrix\picture\EL030_picture_WM_ERSP_pHG_R1_TN.npy,0.0503100775193798,0.0096382428940568,True,85,11,-0.003180354,11
EL030,picture,LM,pHG_R2,\\nasac-m2.unige.ch\m-HumanNeuronLab\ANALYSIS\FLM\Analysis_LoraFanda\01_FBM_Analysis\outputs\04_ersp_LM_RAWONLY\EL030\LM\ERSP_matrix\picture\EL030_picture_WM_ERSP_pHG_R2_TN.npy,0.0940568475452196,0.0047803617571059,True,86,11,0.12333087,11
EL030,picture,LM,pHG_R3,\\nasac-m2.unige.ch\m-HumanNeuronLab\ANALYSIS\FLM\Analysis_LoraFanda\01_FBM_Analysis\outputs\04_ersp_LM_RAWONLY\EL030\LM\ERSP_matrix\picture\EL030_picture_WM_ERSP_pHG_R3_TN.npy,0.0654005167958656,0.0040826873385012,True,87,11,-0.0007830769,11
EL030,picture,LM,pHG_R4,\\nasac-m2.unige.ch\m-HumanNeuronLab\ANALYSIS\FLM\Analysis_LoraFanda\01_FBM_Analysis\outputs\04_ersp_LM_RAWONLY\EL030\LM\ERSP_matrix\picture\EL030_picture_WM_ERSP_pHG_R4_TN.npy,0.0273385012919896,0.00656330749354,True,88,11,-0.13182463,11
EL030,picture,LM,pHG_R6,\\nasac-m2.unige.ch\m-HumanNeuronLab\ANALYSIS\FLM\Analysis_LoraFanda\01_FBM_Analysis\outputs\04_ersp_LM_RAWONLY\EL030\LM\ERSP_matrix\picture\EL030_picture_WM_ERSP_pHG_R6_TN.npy,0.0282170542635658,0.0003875968992248,True,89,6,0.03328995,6
EL030,picture,LM,pHG_R7,\\nasac-m2.unige.ch\m-HumanNeuronLab\ANALYSIS\FLM\Analysis_LoraFanda\01_FBM_Analysis\outputs\04_ersp_LM_RAWONLY\EL030\LM\ERSP_matrix\picture\EL030_picture_WM_ERSP_pHG_R7_TN.npy,0.0202325581395348,0.0009560723514211,True,90,7,0.019813472,7
EL030,reading,LM,A_L10,\\nasac-m2.unige.ch\m-HumanNeuronLab\ANALYSIS\FLM\Analysis_LoraFanda\01_FBM_Analysis\outputs\04_ersp_LM_RAWONLY\EL030\LM\ERSP_matrix\reading\EL030_reading_WM_ERSP_A_L10_TN.npy,0.1001033591731266,0.0022739018087855,True,91,19,0.13690995,19
EL030,reading,LM,A_L11,\\nasac-m2.unige.ch\m-HumanNeuronLab\ANALYSIS\FLM\Analysis_LoraFanda\01_FBM_Analysis\outputs\04_ersp_LM_RAWONLY\EL030\LM\ERSP_matrix\reading\EL030_reading_WM_ERSP_A_L11_TN.npy,0.0884754521963824,0.0021188630490956,True,92,19,0.08849662,19
EL030,reading,LM,A_L12,\\nasac-m2.unige.ch\m-HumanNeuronLab\ANALYSIS\FLM\Analysis_LoraFanda\01_FBM_Analysis\outputs\04_ersp_LM_RAWONLY\EL030\LM\ERSP_matrix\reading\EL030_reading_WM_ERSP_A_L12_TN.npy,0.111266149870801,0.0025064599483204,True,93,19,0.09177651,19
EL030,reading,LM,A_L13,\\nasac-m2.unige.ch\m-HumanNeuronLab\ANALYSIS\FLM\Analysis_LoraFanda\01_FBM_Analysis\outputs\04_ersp_LM_RAWONLY\EL030\LM\ERSP_matrix\reading\EL030_reading_WM_ERSP_A_L13_TN.npy,0.1636175710594315,0.0027390180878552,True,94,19,0.16933504,19
EL030,reading,LM,A_L14,\\nasac-m2.unige.ch\m-HumanNeuronLab\ANALYSIS\FLM\Analysis_LoraFanda\01_FBM_Analysis\outputs\04_ersp_LM_RAWONLY\EL030\LM\ERSP_matrix\reading\EL030_reading_WM_ERSP_A_L14_TN.npy,0.1769250645994832,0.0017312661498708,True,95,19,0.20665312,19
EL030,reading,LM,A_L15,\\nasac-m2.unige.ch\m-HumanNeuronLab\ANALYSIS\FLM\Analysis_LoraFanda\01_FBM_Analysis\outputs\04_ersp_LM_RAWONLY\EL030\LM\ERSP_matrix\reading\EL030_reading_WM_ERSP_A_L15_TN.npy,0.1512144702842377,0.0027906976744186,True,96,19,0.17720492,19
EL030,reading,LM,A_L1,\\nasac-m2.unige.ch\m-HumanNeuronLab\ANALYSIS\FLM\Analysis_LoraFanda\01_FBM_Analysis\outputs\04_ersp_LM_RAWONLY\EL030\LM\ERSP_matrix\reading\EL030_reading_WM_ERSP_A_L1_TN.npy,0.0413178294573643,0.0036175710594315,True,97,5,-0.022001179,5
EL030,reading,LM,A_L2,\\nasac-m2.unige.ch\m-HumanNeuronLab\ANALYSIS\FLM\Analysis_LoraFanda\01_FBM_Analysis\outputs\04_ersp_LM_RAWONLY\EL030\LM\ERSP_matrix\reading\EL030_reading_WM_ERSP_A_L2_TN.npy,0.0541602067183462,0.0020930232558139,True,98,19,-0.06602216,19
EL030,reading,LM,A_L3,\\nasac-m2.unige.ch\m-HumanNeuronLab\ANALYSIS\FLM\Analysis_LoraFanda\01_FBM_Analysis\outputs\04_ersp_LM_RAWONLY\EL030\LM\ERSP_matrix\reading\EL030_reading_WM_ERSP_A_L3_TN.npy,0.0485271317829457,0.0021188630490956,True,99,19,-0.019660419,19
EL030,reading,LM,A_L4,\\nasac-m2.unige.ch\m-HumanNeuronLab\ANALYSIS\FLM\Analysis_LoraFanda\01_FBM_Analysis\outputs\04_ersp_LM_RAWONLY\EL030\LM\ERSP_matrix\reading\EL030_reading_WM_ERSP_A_L4_TN.npy,0.0431524547803617,0.0019121447028423,True,100,19,-0.06517224,19
EL030,reading,LM,A_L5,\\nasac-m2.unige.ch\m-HumanNeuronLab\ANALYSIS\FLM\Analysis_LoraFanda\01_FBM_Analysis\outputs\04_ersp_LM_RAWONLY\EL030\LM\ERSP_matrix\reading\EL030_reading_WM_ERSP_A_L5_TN.npy,0.0563824289405684,0.0017312661498708,True,101,19,-0.011033339,19
EL030,reading,LM,A_L6,\\nasac-m2.unige.ch\m-HumanNeuronLab\ANALYSIS\FLM\Analysis_LoraFanda\01_FBM_Analysis\outputs\04_ersp_LM_RAWONLY\EL030\LM\ERSP_matrix\reading\EL030_reading_WM_ERSP_A_L6_TN.npy,0.0547803617571059,0.0011111111111111,True,102,19,0.06580035,19
EL030,reading,LM,A_L7,\\nasac-m2.unige.ch\m-HumanNeuronLab\ANALYSIS\FLM\Analysis_LoraFanda\01_FBM_Analysis\outputs\04_ersp_LM_RAWONLY\EL030\LM\ERSP_matrix\reading\EL030_reading_WM_ERSP_A_L7_TN.npy,0.0745736434108527,0.0015245478036175,True,103,19,0.16139801,19
EL030,reading,LM,A_L8,\\nasac-m2.unige.ch\m-HumanNeuronLab\ANALYSIS\FLM\Analysis_LoraFanda\01_FBM_Analysis\outputs\04_ersp_LM_RAWONLY\EL030\LM\ERSP_matrix\reading\EL030_reading_WM_ERSP_A_L8_TN.npy,0.0668992248062015,0.0026873385012919,True,104,19,0.13467127,19
EL030,reading,LM,A_L9,\\nasac-m2.unige.ch\m-HumanNeuronLab\ANALYSIS\FLM\Analysis_LoraFanda\01_FBM_Analysis\outputs\04_ersp_LM_RAWONLY\EL030\LM\ERSP_matrix\reading\EL030_reading_WM_ERSP_A_L9_TN.npy,0.0855813953488372,0.0024031007751937,True,105,19,0.16964762,19
EL030,reading,LM,A_R11,\\nasac-m2.unige.ch\m-HumanNeuronLab\ANALYSIS\FLM\Analysis_LoraFanda\01_FBM_Analysis\outputs\04_ersp_LM_RAWONLY\EL030\LM\ERSP_matrix\reading\EL030_reading_WM_ERSP_A_R11_TN.npy,0.0238242894056847,0.0028423772609819,True,106,17,0.013470859,17
EL030,reading,LM,A_R12,\\nasac-m2.unige.ch\m-HumanNeuronLab\ANALYSIS\FLM\Analysis_LoraFanda\01_FBM_Analysis\outputs\04_ersp_LM_RAWONLY\EL030\LM\ERSP_matrix\reading\EL030_reading_WM_ERSP_A_R12_TN.npy,0.0345219638242894,0.0025064599483204,True,107,19,0.0046274792,19
EL030,reading,LM,A_R13,\\nasac-m2.unige.ch\m-HumanNeuronLab\ANALYSIS\FLM\Analysis_LoraFanda\01_FBM_Analysis\outputs\04_ersp_LM_RAWONLY\EL030\LM\ERSP_matrix\reading\EL030_reading_WM_ERSP_A_R13_TN.npy,0.0622480620155038,0.0042118863049095,True,108,17,0.025808465,17
EL030,reading,LM,A_R14,\\nasac-m2.unige.ch\m-HumanNeuronLab\ANALYSIS\FLM\Analysis_LoraFanda\01_FBM_Analysis\outputs\04_ersp_LM_RAWONLY\EL030\LM\ERSP_matrix\reading\EL030_reading_WM_ERSP_A_R14_TN.npy,0.083953488372093,0.0082687338501291,True,109,19,0.04221426,19
EL030,reading,LM,A_R15,\\nasac-m2.unige.ch\m-HumanNeuronLab\ANALYSIS\FLM\Analysis_LoraFanda\01_FBM_Analysis\outputs\04_ersp_LM_RAWONLY\EL030\LM\ERSP_matrix\reading\EL030_reading_WM_ERSP_A_R15_TN.npy,0.0803100775193798,0.0067958656330749,True,110,19,0.06459966,19
EL030,reading,LM,A_R1,\\nasac-m2.unige.ch\m-HumanNeuronLab\ANALYSIS\FLM\Analysis_LoraFanda\01_FBM_Analysis\outputs\04_ersp_LM_RAWONLY\EL030\LM\ERSP_matrix\reading\EL030_reading_WM_ERSP_A_R1_TN.npy,0.031860465116279,0.0032299741602067,True,111,5,0.009820722,5
EL030,reading,LM,aH_L10,\\nasac-m2.unige.ch\m-HumanNeuronLab\ANALYSIS\FLM\Analysis_LoraFanda\01_FBM_Analysis\outputs\04_ersp_LM_RAWONLY\EL030\LM\ERSP_matrix\reading\EL030_reading_WM_ERSP_aH_L10_TN.npy,0.0728940568475452,0.0027131782945736,True,112,19,0.072934434,19
EL030,reading,LM,aH_L11,\\nasac-m2.unige.ch\m-HumanNeuronLab\ANALYSIS\FLM\Analysis_LoraFanda\01_FBM_Analysis\outputs\04_ersp_LM_RAWONLY\EL030\LM\ERSP_matrix\reading\EL030_reading_WM_ERSP_aH_L11_TN.npy,0.1308010335917312,0.0035917312661498,True,113,19,0.17083186,19
EL030,reading,LM,aH_L12,\\nasac-m2.unige.ch\m-HumanNeuronLab\ANALYSIS\FLM\Analysis_LoraFanda\01_FBM_Analysis\outputs\04_ersp_LM_RAWONLY\EL030\LM\ERSP_matrix\reading\EL030_reading_WM_ERSP_aH_L12_TN.npy,0.1350645994832041,0.0017312661498708,True,114,19,0.20999777,19
EL030,reading,LM,aH_L1,\\nasac-m2.unige.ch\m-HumanNeuronLab\ANALYSIS\FLM\Analysis_LoraFanda\01_FBM_Analysis\outputs\04_ersp_LM_RAWONLY\EL030\LM\ERSP_matrix\reading\EL030_reading_WM_ERSP_aH_L1_TN.npy,0.0367958656330749,0.0021188630490956,True,115,6,0.041045234,6
EL030,reading,LM,aH_L2,\\nasac-m2.unige.ch\m-HumanNeuronLab\ANALYSIS\FLM\Analysis_LoraFanda\01_FBM_Analysis\outputs\04_ersp_LM_RAWONLY\EL030\LM\ERSP_matrix\reading\EL030_reading_WM_ERSP_aH_L2_TN.npy,0.0278036175710594,0.0027131782945736,True,116,3,-0.12287823,3
EL030,reading,LM,aH_L3,\\nasac-m2.unige.ch\m-HumanNeuronLab\ANALYSIS\FLM\Analysis_LoraFanda\01_FBM_Analysis\outputs\04_ersp_LM_RAWONLY\EL030\LM\ERSP_matrix\reading\EL030_reading_WM_ERSP_aH_L3_TN.npy,0.023204134366925,0.0027648578811369,True,117,12,0.053540032,12
EL030,reading,LM,aH_L4,\\nasac-m2.unige.ch\m-HumanNeuronLab\ANALYSIS\FLM\Analysis_LoraFanda\01_FBM_Analysis\outputs\04_ersp_LM_RAWONLY\EL030\LM\ERSP_matrix\reading\EL030_reading_WM_ERSP_aH_L4_TN.npy,0.0417312661498708,0.0019896640826873,True,118,19,0.07624082,19
EL030,reading,LM,aH_L5,\\nasac-m2.unige.ch\m-HumanNeuronLab\ANALYSIS\FLM\Analysis_LoraFanda\01_FBM_Analysis\outputs\04_ersp_LM_RAWONLY\EL030\LM\ERSP_matrix\reading\EL030_reading_WM_ERSP_aH_L5_TN.npy,0.036485788113695,0.0028165374677002,True,119,19,-0.03198477,19
EL030,reading,LM,aH_L6,\\nasac-m2.unige.ch\m-HumanNeuronLab\ANALYSIS\FLM\Analysis_LoraFanda\01_FBM_Analysis\outputs\04_ersp_LM_RAWONLY\EL030\LM\ERSP_matrix\reading\EL030_reading_WM_ERSP_aH_L6_TN.npy,0.0803875968992248,0.0010594315245478,True,120,19,0.1275015,19
EL030,reading,LM,aH_L7,\\nasac-m2.unige.ch\m-HumanNeuronLab\ANALYSIS\FLM\Analysis_LoraFanda\01_FBM_Analysis\outputs\04_ersp_LM_RAWONLY\EL030\LM\ERSP_matrix\reading\EL030_reading_WM_ERSP_aH_L7_TN.npy,0.0744444444444444,0.0019121447028423,True,121,19,0.14875573,19
EL030,reading,LM,aH_L8,\\nasac-m2.unige.ch\m-HumanNeuronLab\ANALYSIS\FLM\Analysis_LoraFanda\01_FBM_Analysis\outputs\04_ersp_LM_RAWONLY\EL030\LM\ERSP_matrix\reading\EL030_reading_WM_ERSP_aH_L8_TN.npy,0.0739018087855297,0.0014211886304909,True,122,19,0.05911262,19
EL030,reading,LM,aH_L9,\\nasac-m2.unige.ch\m-HumanNeuronLab\ANALYSIS\FLM\Analysis_LoraFanda\01_FBM_Analysis\outputs\04_ersp_LM_RAWONLY\EL030\LM\ERSP_matrix\reading\EL030_reading_WM_ERSP_aH_L9_TN.npy,0.0567183462532299,0.0016020671834625,True,123,19,0.036103673,19
EL030,reading,LM,aH_R10,\\nasac-m2.unige.ch\m-HumanNeuronLab\ANALYSIS\FLM\Analysis_LoraFanda\01_FBM_Analysis\outputs\04_ersp_LM_RAWONLY\EL030\LM\ERSP_matrix\reading\EL030_reading_WM_ERSP_aH_R10_TN.npy,0.0331007751937984,0.0022997416020671,True,124,17,0.22813995,17
EL030,reading,LM,aH_R11,\\nasac-m2.unige.ch\m-HumanNeuronLab\ANALYSIS\FLM\Analysis_LoraFanda\01_FBM_Analysis\outputs\04_ersp_LM_RAWONLY\EL030\LM\ERSP_matrix\reading\EL030_reading_WM_ERSP_aH_R11_TN.npy,0.0259948320413436,0.0033074935400516,True,125,17,0.135613,17
EL030,reading,LM,aH_R12,\\nasac-m2.unige.ch\m-HumanNeuronLab\ANALYSIS\FLM\Analysis_LoraFanda\01_FBM_Analysis\outputs\04_ersp_LM_RAWONLY\EL030\LM\ERSP_matrix\reading\EL030_reading_WM_ERSP_aH_R12_TN.npy,0.0386304909560723,0.0023514211886304,True,126,17,0.1777985,17
EL030,reading,LM,aH_R13,\\nasac-m2.unige.ch\m-HumanNeuronLab\ANALYSIS\FLM\Analysis_LoraFanda\01_FBM_Analysis\outputs\04_ersp_LM_RAWONLY\EL030\LM\ERSP_matrix\reading\EL030_reading_WM_ERSP_aH_R13_TN.npy,0.0561240310077519,0.0018346253229974,True,127,17,0.12776439,17
EL030,reading,LM,aH_R14,\\nasac-m2.unige.ch\m-HumanNeuronLab\ANALYSIS\FLM\Analysis_LoraFanda\01_FBM_Analysis\outputs\04_ersp_LM_RAWONLY\EL030\LM\ERSP_matrix\reading\EL030_reading_WM_ERSP_aH_R14_TN.npy,0.0827131782945736,0.0028165374677002,True,128,19,0.11163828,19
EL030,reading,LM,aH_R15,\\nasac-m2.unige.ch\m-HumanNeuronLab\ANALYSIS\FLM\Analysis_LoraFanda\01_FBM_Analysis\outputs\04_ersp_LM_RAWONLY\EL030\LM\ERSP_matrix\reading\EL030_reading_WM_ERSP_aH_R15_TN.npy,0.0714987080103359,0.0043152454780361,True,129,19,0.12353921,19
EL030,reading,LM,EntG_R11,\\nasac-m2.unige.ch\m-HumanNeuronLab\ANALYSIS\FLM\Analysis_LoraFanda\01_FBM_Analysis\outputs\04_ersp_LM_RAWONLY\EL030\LM\ERSP_matrix\reading\EL030_reading_WM_ERSP_EntG_R11_TN.npy,0.0216795865633074,0.0024289405684754,True,130,17,0.097323425,17
EL030,reading,LM,EntG_R12,\\nasac-m2.unige.ch\m-HumanNeuronLab\ANALYSIS\FLM\Analysis_LoraFanda\01_FBM_Analysis\outputs\04_ersp_LM_RAWONLY\EL030\LM\ERSP_matrix\reading\EL030_reading_WM_ERSP_EntG_R12_TN.npy,0.027312661498708,0.0021963824289405,True,131,17,0.17204987,17
EL030,reading,LM,EntG_R13,\\nasac-m2.unige.ch\m-HumanNeuronLab\ANALYSIS\FLM\Analysis_LoraFanda\01_FBM_Analysis\outputs\04_ersp_LM_RAWONLY\EL030\LM\ERSP_matrix\reading\EL030_reading_WM_ERSP_EntG_R13_TN.npy,0.0310335917312661,0.002609819121447,True,132,17,0.24069859,17
EL030,reading,LM,EntG_R14,\\nasac-m2.unige.ch\m-HumanNeuronLab\ANALYSIS\FLM\Analysis_LoraFanda\01_FBM_Analysis\outputs\04_ersp_LM_RAWONLY\EL030\LM\ERSP_matrix\reading\EL030_reading_WM_ERSP_EntG_R14_TN.npy,0.0335917312661498,0.0042118863049095,True,133,17,0.16441911,17
EL030,reading,LM,EntG_R15,\\nasac-m2.unige.ch\m-HumanNeuronLab\ANALYSIS\FLM\Analysis_LoraFanda\01_FBM_Analysis\outputs\04_ersp_LM_RAWONLY\EL030\LM\ERSP_matrix\reading\EL030_reading_WM_ERSP_EntG_R15_TN.npy,0.0687596899224806,0.001188630490956,True,134,19,0.030031148,19
EL030,reading,LM,EntG_R16,\\nasac-m2.unige.ch\m-HumanNeuronLab\ANALYSIS\FLM\Analysis_LoraFanda\01_FBM_Analysis\outputs\04_ersp_LM_RAWONLY\EL030\LM\ERSP_matrix\reading\EL030_reading_WM_ERSP_EntG_R16_TN.npy,0.0563307493540051,0.001860465116279,True,135,19,0.092835255,19
EL030,reading,LM,EntG_R17,\\nasac-m2.unige.ch\m-HumanNeuronLab\ANALYSIS\FLM\Analysis_LoraFanda\01_FBM_Analysis\outputs\04_ersp_LM_RAWONLY\EL030\LM\ERSP_matrix\reading\EL030_reading_WM_ERSP_EntG_R17_TN.npy,0.0602067183462532,0.0014211886304909,True,136,19,0.13186319,19
EL030,reading,LM,EntG_R1,\\nasac-m2.unige.ch\m-HumanNeuronLab\ANALYSIS\FLM\Analysis_LoraFanda\01_FBM_Analysis\outputs\04_ersp_LM_RAWONLY\EL030\LM\ERSP_matrix\reading\EL030_reading_WM_ERSP_EntG_R1_TN.npy,0.0378552971576227,0.0010335917312661,True,137,17,-0.025138116,17
EL030,reading,LM,EntG_R2,\\nasac-m2.unige.ch\m-HumanNeuronLab\ANALYSIS\FLM\Analysis_LoraFanda\01_FBM_Analysis\outputs\04_ersp_LM_RAWONLY\EL030\LM\ERSP_matrix\reading\EL030_reading_WM_ERSP_EntG_R2_TN.npy,0.036640826873385,0.0010077519379844,True,138,6,-0.024512663,6
EL030,reading,LM,EntG_R3,\\nasac-m2.unige.ch\m-HumanNeuronLab\ANALYSIS\FLM\Analysis_LoraFanda\01_FBM_Analysis\outputs\04_ersp_LM_RAWONLY\EL030\LM\ERSP_matrix\reading\EL030_reading_WM_ERSP_EntG_R3_TN.npy,0.0426873385012919,0.0009560723514211,True,139,6,-0.01879596,6
EL030,reading,LM,EntG_R4,\\nasac-m2.unige.ch\m-HumanNeuronLab\ANALYSIS\FLM\Analysis_LoraFanda\01_FBM_Analysis\outputs\04_ersp_LM_RAWONLY\EL030\LM\ERSP_matrix\reading\EL030_reading_WM_ERSP_EntG_R4_TN.npy,0.03984496124031,0.001188630490956,True,140,6,0.030311234,6
EL030,reading,LM,EntG_R5,\\nasac-m2.unige.ch\m-HumanNeuronLab\ANALYSIS\FLM\Analysis_LoraFanda\01_FBM_Analysis\outputs\04_ersp_LM_RAWONLY\EL030\LM\ERSP_matrix\reading\EL030_reading_WM_ERSP_EntG_R5_TN.npy,0.0292248062015503,0.0015762273901808,True,141,6,0.009061898,6
EL030,reading,LM,EntG_R6,\\nasac-m2.unige.ch\m-HumanNeuronLab\ANALYSIS\FLM\Analysis_LoraFanda\01_FBM_Analysis\outputs\04_ersp_LM_RAWONLY\EL030\LM\ERSP_matrix\reading\EL030_reading_WM_ERSP_EntG_R6_TN.npy,0.0227906976744186,0.0014728682170542,True,142,6,0.009997058,6
EL030,reading,LM,pH_R10,\\nasac-m2.unige.ch\m-HumanNeuronLab\ANALYSIS\FLM\Analysis_LoraFanda\01_FBM_Analysis\outputs\04_ersp_LM_RAWONLY\EL030\LM\ERSP_matrix\reading\EL030_reading_WM_ERSP_pH_R10_TN.npy,0.0671317829457364,0.0022222222222222,True,143,19,-0.0040520043,19
EL030,reading,LM,pH_R11,\\nasac-m2.unige.ch\m-HumanNeuronLab\ANALYSIS\FLM\Analysis_LoraFanda\01_FBM_Analysis\outputs\04_ersp_LM_RAWONLY\EL030\LM\ERSP_matrix\reading\EL030_reading_WM_ERSP_pH_R11_TN.npy,0.068656330749354,0.0027390180878552,True,144,19,-0.007943838,19
EL030,reading,LM,pH_R12,\\nasac-m2.unige.ch\m-HumanNeuronLab\ANALYSIS\FLM\Analysis_LoraFanda\01_FBM_Analysis\outputs\04_ersp_LM_RAWONLY\EL030\LM\ERSP_matrix\reading\EL030_reading_WM_ERSP_pH_R12_TN.npy,0.0704392764857881,0.0015762273901808,True,145,19,0.09267651,19
EL030,reading,LM,pH_R8,\\nasac-m2.unige.ch\m-HumanNeuronLab\ANALYSIS\FLM\Analysis_LoraFanda\01_FBM_Analysis\outputs\04_ersp_LM_RAWONLY\EL030\LM\ERSP_matrix\reading\EL030_reading_WM_ERSP_pH_R8_TN.npy,0.0260981912144702,0.0018087855297157,True,146,17,0.048606075,17
EL030,reading,LM,pH_R9,\\nasac-m2.unige.ch\m-HumanNeuronLab\ANALYSIS\FLM\Analysis_LoraFanda\01_FBM_Analysis\outputs\04_ersp_LM_RAWONLY\EL030\LM\ERSP_matrix\reading\EL030_reading_WM_ERSP_pH_R9_TN.npy,0.0422480620155038,0.0029715762273901,True,147,17,0.1397196,17
EL030,reading,LM,pHG_R10,\\nasac-m2.unige.ch\m-HumanNeuronLab\ANALYSIS\FLM\Analysis_LoraFanda\01_FBM_Analysis\outputs\04_ersp_LM_RAWONLY\EL030\LM\ERSP_matrix\reading\EL030_reading_WM_ERSP_pHG_R10_TN.npy,0.0207493540051679,0.0069767441860465,True,148,5,0.106051706,5
EL030,reading,LM,pHG_R11,\\nasac-m2.unige.ch\m-HumanNeuronLab\ANALYSIS\FLM\Analysis_LoraFanda\01_FBM_Analysis\outputs\04_ersp_LM_RAWONLY\EL030\LM\ERSP_matrix\reading\EL030_reading_WM_ERSP_pHG_R11_TN.npy,0.0676485788113695,0.0130232558139534,True,149,5,0.14662723,5
EL030,reading,LM,pHG_R12,\\nasac-m2.unige.ch\m-HumanNeuronLab\ANALYSIS\FLM\Analysis_LoraFanda\01_FBM_Analysis\outputs\04_ersp_LM_RAWONLY\EL030\LM\ERSP_matrix\reading\EL030_reading_WM_ERSP_pHG_R12_TN.npy,0.1599741602067183,0.0133850129198966,True,150,5,0.12855864,5
EL030,reading,LM,pHG_R13,\\nasac-m2.unige.ch\m-HumanNeuronLab\ANALYSIS\FLM\Analysis_LoraFanda\01_FBM_Analysis\outputs\04_ersp_LM_RAWONLY\EL030\LM\ERSP_matrix\reading\EL030_reading_WM_ERSP_pHG_R13_TN.npy,0.2118087855297157,0.0128423772609819,True,151,5,0.0826292,5
EL030,reading,LM,pHG_R14,\\nasac-m2.unige.ch\m-HumanNeuronLab\ANALYSIS\FLM\Analysis_LoraFanda\01_FBM_Analysis\outputs\04_ersp_LM_RAWONLY\EL030\LM\ERSP_matrix\reading\EL030_reading_WM_ERSP_pHG_R14_TN.npy,0.2120155038759689,0.0066149870801033,True,152,5,-0.003311313,5
EL030,reading,LM,pHG_R15,\\nasac-m2.unige.ch\m-HumanNeuronLab\ANALYSIS\FLM\Analysis_LoraFanda\01_FBM_Analysis\outputs\04_ersp_LM_RAWONLY\EL030\LM\ERSP_matrix\reading\EL030_reading_WM_ERSP_pHG_R15_TN.npy,0.2132299741602067,0.0060206718346253,True,153,19,0.0005430486,19
EL030,reading,LM,pHG_R3,\\nasac-m2.unige.ch\m-HumanNeuronLab\ANALYSIS\FLM\Analysis_LoraFanda\01_FBM_Analysis\outputs\04_ersp_LM_RAWONLY\EL030\LM\ERSP_matrix\reading\EL030_reading_WM_ERSP_pHG_R3_TN.npy,0.0220671834625323,0.0049354005167958,True,154,3,0.013642815,3
EL035,audio,LM,aI_R5,\\nasac-m2.unige.ch\m-HumanNeuronLab\ANALYSIS\FLM\Analysis_LoraFanda\01_FBM_Analysis\outputs\04_ersp_LM_RAWONLY\EL035\LM\ERSP_matrix\audio\EL035_audio_WM_ERSP_aI_R5_TN.npy,0.0362790697674418,0.0004392764857881,True,155,16,0.036899097,16
EL035,audio,LM,PHG_R12,\\nasac-m2.unige.ch\m-HumanNeuronLab\ANALYSIS\FLM\Analysis_LoraFanda\01_FBM_Analysis\outputs\04_ersp_LM_RAWONLY\EL035\LM\ERSP_matrix\audio\EL035_audio_WM_ERSP_PHG_R12_TN.npy,0.021266149870801,0.0007235142118863,True,156,16,0.0192091,16
EL035,audio,LM,pI_R5,\\nasac-m2.unige.ch\m-HumanNeuronLab\ANALYSIS\FLM\Analysis_LoraFanda\01_FBM_Analysis\outputs\04_ersp_LM_RAWONLY\EL035\LM\ERSP_matrix\audio\EL035_audio_WM_ERSP_pI_R5_TN.npy,0.0299741602067183,0.0002325581395348,True,157,18,0.013480904,18
EL035,audio,LM,pI_R6,\\nasac-m2.unige.ch\m-HumanNeuronLab\ANALYSIS\FLM\Analysis_LoraFanda\01_FBM_Analysis\outputs\04_ersp_LM_RAWONLY\EL035\LM\ERSP_matrix\audio\EL035_audio_WM_ERSP_pI_R6_TN.npy,0.0235917312661498,0.0005684754521963,True,158,3,-0.031406216,3
EL035,audio,LM,TTG_R1,\\nasac-m2.unige.ch\m-HumanNeuronLab\ANALYSIS\FLM\Analysis_LoraFanda\01_FBM_Analysis\outputs\04_ersp_LM_RAWONLY\EL035\LM\ERSP_matrix\audio\EL035_audio_WM_ERSP_TTG_R1_TN.npy,0.1728682170542635,0.0047545219638242,True,159,13,0.24347281,13
EL035,audio,LM,TTG_R2,\\nasac-m2.unige.ch\m-HumanNeuronLab\ANALYSIS\FLM\Analysis_LoraFanda\01_FBM_Analysis\outputs\04_ersp_LM_RAWONLY\EL035\LM\ERSP_matrix\audio\EL035_audio_WM_ERSP_TTG_R2_TN.npy,0.1463824289405684,0.0031266149870801,True,160,13,0.23303777,13
EL035,audio,LM,TTG_R3,\\nasac-m2.unige.ch\m-HumanNeuronLab\ANALYSIS\FLM\Analysis_LoraFanda\01_FBM_Analysis\outputs\04_ersp_LM_RAWONLY\EL035\LM\ERSP_matrix\audio\EL035_audio_WM_ERSP_TTG_R3_TN.npy,0.1345736434108527,0.0033850129198966,True,161,13,0.25297883,13
EL035,audio,LM,TTG_R4,\\nasac-m2.unige.ch\m-HumanNeuronLab\ANALYSIS\FLM\Analysis_LoraFanda\01_FBM_Analysis\outputs\04_ersp_LM_RAWONLY\EL035\LM\ERSP_matrix\audio\EL035_audio_WM_ERSP_TTG_R4_TN.npy,0.2178552971576227,0.0054521963824289,True,162,13,0.3707092,13
EL035,audio,LM,TTG_R5,\\nasac-m2.unige.ch\m-HumanNeuronLab\ANALYSIS\FLM\Analysis_LoraFanda\01_FBM_Analysis\outputs\04_ersp_LM_RAWONLY\EL035\LM\ERSP_matrix\audio\EL035_audio_WM_ERSP_TTG_R5_TN.npy,0.1638501291989664,0.0093798449612403,True,163,13,0.31347764,13
EL035,audio,LM,TTG_R6,\\nasac-m2.unige.ch\m-HumanNeuronLab\ANALYSIS\FLM\Analysis_LoraFanda\01_FBM_Analysis\outputs\04_ersp_LM_RAWONLY\EL035\LM\ERSP_matrix\audio\EL035_audio_WM_ERSP_TTG_R6_TN.npy,0.0913953488372093,0.0134883720930232,True,164,13,0.16317682,13
EL035,audio,LM,TTG_R7,\\nasac-m2.unige.ch\m-HumanNeuronLab\ANALYSIS\FLM\Analysis_LoraFanda\01_FBM_Analysis\outputs\04_ersp_LM_RAWONLY\EL035\LM\ERSP_matrix\audio\EL035_audio_WM_ERSP_TTG_R7_TN.npy,0.0286304909560723,0.0006459948320413,True,165,18,0.040519945,18
EL035,picture,LM,A_L10,\\nasac-m2.unige.ch\m-HumanNeuronLab\ANALYSIS\FLM\Analysis_LoraFanda\01_FBM_Analysis\outputs\04_ersp_LM_RAWONLY\EL035\LM\ERSP_matrix\picture\EL035_picture_WM_ERSP_A_L10_TN.npy,0.0357364341085271,0.0003617571059431,True,166,17,0.1311388,17
EL035,picture,LM,A_L11,\\nasac-m2.unige.ch\m-HumanNeuronLab\ANALYSIS\FLM\Analysis_LoraFanda\01_FBM_Analysis\outputs\04_ersp_LM_RAWONLY\EL035\LM\ERSP_matrix\picture\EL035_picture_WM_ERSP_A_L11_TN.npy,0.0318346253229974,0.0001808785529715,True,167,17,0.009448581,17
EL035,picture,LM,A_L12,\\nasac-m2.unige.ch\m-HumanNeuronLab\ANALYSIS\FLM\Analysis_LoraFanda\01_FBM_Analysis\outputs\04_ersp_LM_RAWONLY\EL035\LM\ERSP_matrix\picture\EL035_picture_WM_ERSP_A_L12_TN.npy,0.0379586563307493,0.001266149870801,True,168,17,0.11430682,17
EL035,picture,LM,A_L7,\\nasac-m2.unige.ch\m-HumanNeuronLab\ANALYSIS\FLM\Analysis_LoraFanda\01_FBM_Analysis\outputs\04_ersp_LM_RAWONLY\EL035\LM\ERSP_matrix\picture\EL035_picture_WM_ERSP_A_L7_TN.npy,0.0201033591731266,0.0004909560723514,True,169,3,-0.031628154,3
EL035,picture,LM,A_L8,\\nasac-m2.unige.ch\m-HumanNeuronLab\ANALYSIS\FLM\Analysis_LoraFanda\01_FBM_Analysis\outputs\04_ersp_LM_RAWONLY\EL035\LM\ERSP_matrix\picture\EL035_picture_WM_ERSP_A_L8_TN.npy,0.0236950904392764,0.0004392764857881,True,170,17,0.07924826,17
EL035,picture,LM,A_L9,\\nasac-m2.unige.ch\m-HumanNeuronLab\ANALYSIS\FLM\Analysis_LoraFanda\01_FBM_Analysis\outputs\04_ersp_LM_RAWONLY\EL035\LM\ERSP_matrix\picture\EL035_picture_WM_ERSP_A_L9_TN.npy,0.037312661498708,0.0002325581395348,True,171,17,0.10943883,17
EL035,picture,LM,A_R10,\\nasac-m2.unige.ch\m-HumanNeuronLab\ANALYSIS\FLM\Analysis_LoraFanda\01_FBM_Analysis\outputs\04_ersp_LM_RAWONLY\EL035\LM\ERSP_matrix\picture\EL035_picture_WM_ERSP_A_R10_TN.npy,0.0210077519379844,0.0004134366925064,True,172,6,0.15391476,6
EL035,picture,LM,A_R11,\\nasac-m2.unige.ch\m-HumanNeuronLab\ANALYSIS\FLM\Analysis_LoraFanda\01_FBM_Analysis\outputs\04_ersp_LM_RAWONLY\EL035\LM\ERSP_matrix\picture\EL035_picture_WM_ERSP_A_R11_TN.npy,0.0309560723514211,0.0001808785529715,True,173,6,0.13469313,6
EL035,picture,LM,A_R12,\\nasac-m2.unige.ch\m-HumanNeuronLab\ANALYSIS\FLM\Analysis_LoraFanda\01_FBM_Analysis\outputs\04_ersp_LM_RAWONLY\EL035\LM\ERSP_matrix\picture\EL035_picture_WM_ERSP_A_R12_TN.npy,0.0309819121447028,0.0003100775193798,True,174,6,0.16977933,6
EL035,picture,LM,aH_L10,\\nasac-m2.unige.ch\m-HumanNeuronLab\ANALYSIS\FLM\Analysis_LoraFanda\01_FBM_Analysis\outputs\04_ersp_LM_RAWONLY\EL035\LM\ERSP_matrix\picture\EL035_picture_WM_ERSP_aH_L10_TN.npy,0.027906976744186,0.0004909560723514,True,175,17,0.101966105,17
EL035,picture,LM,aH_L11,\\nasac-m2.unige.ch\m-HumanNeuronLab\ANALYSIS\FLM\Analysis_LoraFanda\01_FBM_Analysis\outputs\04_ersp_LM_RAWONLY\EL035\LM\ERSP_matrix\picture\EL035_picture_WM_ERSP_aH_L11_TN.npy,0.0275968992248062,0.0001291989664082,True,176,17,0.096413136,17
EL035,picture,LM,aH_L12,\\nasac-m2.unige.ch\m-HumanNeuronLab\ANALYSIS\FLM\Analysis_LoraFanda\01_FBM_Analysis\outputs\04_ersp_LM_RAWONLY\EL035\LM\ERSP_matrix\picture\EL035_picture_WM_ERSP_aH_L12_TN.npy,0.0266666666666666,0.0004134366925064,True,177,17,-0.002178353,17
EL035,picture,LM,aH_L7,\\nasac-m2.unige.ch\m-HumanNeuronLab\ANALYSIS\FLM\Analysis_LoraFanda\01_FBM_Analysis\outputs\04_ersp_LM_RAWONLY\EL035\LM\ERSP_matrix\picture\EL035_picture_WM_ERSP_aH_L7_TN.npy,0.0264341085271317,0.0001808785529715,True,178,17,0.1356746,17
EL035,picture,LM,aH_R10,\\nasac-m2.unige.ch\m-HumanNeuronLab\ANALYSIS\FLM\Analysis_LoraFanda\01_FBM_Analysis\outputs\04_ersp_LM_RAWONLY\EL035\LM\ERSP_matrix\picture\EL035_picture_WM_ERSP_aH_R10_TN.npy,0.027906976744186,7.751937984496124e-05,True,179,6,0.107520275,6
EL035,picture,LM,aH_R11,\\nasac-m2.unige.ch\m-HumanNeuronLab\ANALYSIS\FLM\Analysis_LoraFanda\01_FBM_Analysis\outputs\04_ersp_LM_RAWONLY\EL035\LM\ERSP_matrix\picture\EL035_picture_WM_ERSP_aH_R11_TN.npy,0.0214728682170542,0.0001291989664082,True,180,6,0.089778535,6
EL035,picture,LM,aH_R12,\\nasac-m2.unige.ch\m-HumanNeuronLab\ANALYSIS\FLM\Analysis_LoraFanda\01_FBM_Analysis\outputs\04_ersp_LM_RAWONLY\EL035\LM\ERSP_matrix\picture\EL035_picture_WM_ERSP_aH_R12_TN.npy,0.0201291989664082,0.0003359173126614,True,181,6,0.083260536,6
EL035,picture,LM,aH_R3,\\nasac-m2.unige.ch\m-HumanNeuronLab\ANALYSIS\FLM\Analysis_LoraFanda\01_FBM_Analysis\outputs\04_ersp_LM_RAWONLY\EL035\LM\ERSP_matrix\picture\EL035_picture_WM_ERSP_aH_R3_TN.npy,0.0212919896640826,0.0,True,182,17,0.061806913,17
EL035,picture,LM,aH_R9,\\nasac-m2.unige.ch\m-HumanNeuronLab\ANALYSIS\FLM\Analysis_LoraFanda\01_FBM_Analysis\outputs\04_ersp_LM_RAWONLY\EL035\LM\ERSP_matrix\picture\EL035_picture_WM_ERSP_aH_R9_TN.npy,0.0406201550387596,0.0003100775193798,True,183,6,0.112128094,6
EL035,picture,LM,aI_R4,\\nasac-m2.unige.ch\m-HumanNeuronLab\ANALYSIS\FLM\Analysis_LoraFanda\01_FBM_Analysis\outputs\04_ersp_LM_RAWONLY\EL035\LM\ERSP_matrix\picture\EL035_picture_WM_ERSP_aI_R4_TN.npy,0.0274677002583979,0.0001033591731266,True,184,18,0.014510037,18
EL035,picture,LM,aI_R5,\\nasac-m2.unige.ch\m-HumanNeuronLab\ANALYSIS\FLM\Analysis_LoraFanda\01_FBM_Analysis\outputs\04_ersp_LM_RAWONLY\EL035\LM\ERSP_matrix\picture\EL035_picture_WM_ERSP_aI_R5_TN.npy,0.058501291989664,0.0004392764857881,True,185,18,0.01969695,18
EL035,picture,LM,EntG_R10,\\nasac-m2.unige.ch\m-HumanNeuronLab\ANALYSIS\FLM\Analysis_LoraFanda\01_FBM_Analysis\outputs\04_ersp_LM_RAWONLY\EL035\LM\ERSP_matrix\picture\EL035_picture_WM_ERSP_EntG_R10_TN.npy,0.0698966408268733,0.0003617571059431,True,186,6,0.1338522,6
EL035,picture,LM,EntG_R11,\\nasac-m2.unige.ch\m-HumanNeuronLab\ANALYSIS\FLM\Analysis_LoraFanda\01_FBM_Analysis\outputs\04_ersp_LM_RAWONLY\EL035\LM\ERSP_matrix\picture\EL035_picture_WM_ERSP_EntG_R11_TN.npy,0.0608527131782945,0.0003359173126614,True,187,6,0.1316456,6
EL035,picture,LM,EntG_R12,\\nasac-m2.unige.ch\m-HumanNeuronLab\ANALYSIS\FLM\Analysis_LoraFanda\01_FBM_Analysis\outputs\04_ersp_LM_RAWONLY\EL035\LM\ERSP_matrix\picture\EL035_picture_WM_ERSP_EntG_R12_TN.npy,0.041343669250646,0.0006201550387596,True,188,6,0.09766468,6
EL035,picture,LM,EntG_R9,\\nasac-m2.unige.ch\m-HumanNeuronLab\ANALYSIS\FLM\Analysis_LoraFanda\01_FBM_Analysis\outputs\04_ersp_LM_RAWONLY\EL035\LM\ERSP_matrix\picture\EL035_picture_WM_ERSP_EntG_R9_TN.npy,0.0457881136950904,0.0002325581395348,True,189,6,0.14845218,6
EL035,picture,LM,pH_R1,\\nasac-m2.unige.ch\m-HumanNeuronLab\ANALYSIS\FLM\Analysis_LoraFanda\01_FBM_Analysis\outputs\04_ersp_LM_RAWONLY\EL035\LM\ERSP_matrix\picture\EL035_picture_WM_ERSP_pH_R1_TN.npy,0.0216279069767441,0.0,True,190,17,0.09459506,17
EL035,picture,LM,PHG_R11,\\nasac-m2.unige.ch\m-HumanNeuronLab\ANALYSIS\FLM\Analysis_LoraFanda\01_FBM_Analysis\outputs\04_ersp_LM_RAWONLY\EL035\LM\ERSP_matrix\picture\EL035_picture_WM_ERSP_PHG_R11_TN.npy,0.0270542635658914,0.0001291989664082,True,191,6,0.15353595,6
EL035,picture,LM,PHG_R12,\\nasac-m2.unige.ch\m-HumanNeuronLab\ANALYSIS\FLM\Analysis_LoraFanda\01_FBM_Analysis\outputs\04_ersp_LM_RAWONLY\EL035\LM\ERSP_matrix\picture\EL035_picture_WM_ERSP_PHG_R12_TN.npy,0.027829457364341,2.5839793281653743e-05,True,192,6,0.14572403,6
EL035,picture,LM,TTG_R2,\\nasac-m2.unige.ch\m-HumanNeuronLab\ANALYSIS\FLM\Analysis_LoraFanda\01_FBM_Analysis\outputs\04_ersp_LM_RAWONLY\EL035\LM\ERSP_matrix\picture\EL035_picture_WM_ERSP_TTG_R2_TN.npy,0.0281653746770025,0.0009302325581395,True,193,5,0.046159983,5
EL035,picture,LM,TTG_R3,\\nasac-m2.unige.ch\m-HumanNeuronLab\ANALYSIS\FLM\Analysis_LoraFanda\01_FBM_Analysis\outputs\04_ersp_LM_RAWONLY\EL035\LM\ERSP_matrix\picture\EL035_picture_WM_ERSP_TTG_R3_TN.npy,0.0230232558139534,0.0016537467700258,True,194,5,0.053386234,5
EL035,picture,LM,TTG_R4,\\nasac-m2.unige.ch\m-HumanNeuronLab\ANALYSIS\FLM\Analysis_LoraFanda\01_FBM_Analysis\outputs\04_ersp_LM_RAWONLY\EL035\LM\ERSP_matrix\picture\EL035_picture_WM_ERSP_TTG_R4_TN.npy,0.0413953488372093,0.0035658914728682,True,195,5,0.042563267,5
EL035,reading,LM,aH_L10,\\nasac-m2.unige.ch\m-HumanNeuronLab\ANALYSIS\FLM\Analysis_LoraFanda\01_FBM_Analysis\outputs\04_ersp_LM_RAWONLY\EL035\LM\ERSP_matrix\reading\EL035_reading_WM_ERSP_aH_L10_TN.npy,0.0221963824289405,0.0007493540051679,True,196,17,0.06857949,17
EL035,reading,LM,aH_L11,\\nasac-m2.unige.ch\m-HumanNeuronLab\ANALYSIS\FLM\Analysis_LoraFanda\01_FBM_Analysis\outputs\04_ersp_LM_RAWONLY\EL035\LM\ERSP_matrix\reading\EL035_reading_WM_ERSP_aH_L11_TN.npy,0.0218346253229974,0.0020155038759689,True,197,17,0.10693488,17
EL035,reading,LM,aI_R5,\\nasac-m2.unige.ch\m-HumanNeuronLab\ANALYSIS\FLM\Analysis_LoraFanda\01_FBM_Analysis\outputs\04_ersp_LM_RAWONLY\EL035\LM\ERSP_matrix\reading\EL035_reading_WM_ERSP_aI_R5_TN.npy,0.0394056847545219,0.0002067183462532,True,198,6,0.027774401,6
EL035,reading,LM,TTG_R4,\\nasac-m2.unige.ch\m-HumanNeuronLab\ANALYSIS\FLM\Analysis_LoraFanda\01_FBM_Analysis\outputs\04_ersp_LM_RAWONLY\EL035\LM\ERSP_matrix\reading\EL035_reading_WM_ERSP_TTG_R4_TN.npy,0.0314987080103359,0.0003359173126614,True,199,18,0.030687189,18
EL035,reading,LM,TTG_R5,\\nasac-m2.unige.ch\m-HumanNeuronLab\ANALYSIS\FLM\Analysis_LoraFanda\01_FBM_Analysis\outputs\04_ersp_LM_RAWONLY\EL035\LM\ERSP_matrix\reading\EL035_reading_WM_ERSP_TTG_R5_TN.npy,0.020594315245478,0.001188630490956,True,200,18,0.02962927,18
EL037,audio,LM,EntG_L11,\\nasac-m2.unige.ch\m-HumanNeuronLab\ANALYSIS\FLM\Analysis_LoraFanda\01_FBM_Analysis\outputs\04_ersp_LM_RAWONLY\EL037\LM\ERSP_matrix\audio\EL037_audio_WM_ERSP_EntG_L11_TN.npy,0.0051937984496124,0.0555813953488372,True,201,1,0.08471667,1
EL037,audio,LM,pH_L11,\\nasac-m2.unige.ch\m-HumanNeuronLab\ANALYSIS\FLM\Analysis_LoraFanda\01_FBM_Analysis\outputs\04_ersp_LM_RAWONLY\EL037\LM\ERSP_matrix\audio\EL037_audio_WM_ERSP_pH_L11_TN.npy,0.0263307493540051,0.0059948320413436,True,202,18,0.020789953,18
EL037,audio,LM,pH_L1,\\nasac-m2.unige.ch\m-HumanNeuronLab\ANALYSIS\FLM\Analysis_LoraFanda\01_FBM_Analysis\outputs\04_ersp_LM_RAWONLY\EL037\LM\ERSP_matrix\audio\EL037_audio_WM_ERSP_pH_L1_TN.npy,0.0221705426356589,0.0014728682170542,True,203,5,-0.010329714,5
EL037,audio,LM,pH_R12,\\nasac-m2.unige.ch\m-HumanNeuronLab\ANALYSIS\FLM\Analysis_LoraFanda\01_FBM_Analysis\outputs\04_ersp_LM_RAWONLY\EL037\LM\ERSP_matrix\audio\EL037_audio_WM_ERSP_pH_R12_TN.npy,0.0265891472868217,0.0054005167958656,True,204,7,0.047959387,7
EL037,audio,LM,pH_R2,\\nasac-m2.unige.ch\m-HumanNeuronLab\ANALYSIS\FLM\Analysis_LoraFanda\01_FBM_Analysis\outputs\04_ersp_LM_RAWONLY\EL037\LM\ERSP_matrix\audio\EL037_audio_WM_ERSP_pH_R2_TN.npy,0.0254521963824289,0.0009043927648578,True,205,6,0.054128263,6
EL037,picture,LM,aH_R11,\\nasac-m2.unige.ch\m-HumanNeuronLab\ANALYSIS\FLM\Analysis_LoraFanda\01_FBM_Analysis\outputs\04_ersp_LM_RAWONLY\EL037\LM\ERSP_matrix\picture\EL037_picture_WM_ERSP_aH_R11_TN.npy,0.0214987080103359,0.0028165374677002,True,206,17,0.008590199,17
EL037,picture,LM,aH_R9,\\nasac-m2.unige.ch\m-HumanNeuronLab\ANALYSIS\FLM\Analysis_LoraFanda\01_FBM_Analysis\outputs\04_ersp_LM_RAWONLY\EL037\LM\ERSP_matrix\picture\EL037_picture_WM_ERSP_aH_R9_TN.npy,0.0217312661498708,0.0014987080103359,True,207,17,0.009701545,17
EL037,picture,LM,aI_L10,\\nasac-m2.unige.ch\m-HumanNeuronLab\ANALYSIS\FLM\Analysis_LoraFanda\01_FBM_Analysis\outputs\04_ersp_LM_RAWONLY\EL037\LM\ERSP_matrix\picture\EL037_picture_WM_ERSP_aI_L10_TN.npy,0.041188630490956,0.0045994832041343,True,208,18,0.048225775,18
EL037,picture,LM,aI_L8,\\nasac-m2.unige.ch\m-HumanNeuronLab\ANALYSIS\FLM\Analysis_LoraFanda\01_FBM_Analysis\outputs\04_ersp_LM_RAWONLY\EL037\LM\ERSP_matrix\picture\EL037_picture_WM_ERSP_aI_L8_TN.npy,0.0255297157622739,0.0034625322997416,True,209,7,0.02388613,7
EL037,picture,LM,pH_L1,\\nasac-m2.unige.ch\m-HumanNeuronLab\ANALYSIS\FLM\Analysis_LoraFanda\01_FBM_Analysis\outputs\04_ersp_LM_RAWONLY\EL037\LM\ERSP_matrix\picture\EL037_picture_WM_ERSP_pH_L1_TN.npy,0.0335142118863049,0.0070025839793281,True,210,14,-0.008580209,14
EL037,picture,LM,pH_R10,\\nasac-m2.unige.ch\m-HumanNeuronLab\ANALYSIS\FLM\Analysis_LoraFanda\01_FBM_Analysis\outputs\04_ersp_LM_RAWONLY\EL037\LM\ERSP_matrix\picture\EL037_picture_WM_ERSP_pH_R10_TN.npy,0.0221447028423772,0.0013953488372093,True,211,3,-0.07121547,3
EL037,picture,LM,pH_R11,\\nasac-m2.unige.ch\m-HumanNeuronLab\ANALYSIS\FLM\Analysis_LoraFanda\01_FBM_Analysis\outputs\04_ersp_LM_RAWONLY\EL037\LM\ERSP_matrix\picture\EL037_picture_WM_ERSP_pH_R11_TN.npy,0.0273643410852713,0.0014470284237726,True,212,3,-0.07802304,3
EL037,picture,LM,pH_R12,\\nasac-m2.unige.ch\m-HumanNeuronLab\ANALYSIS\FLM\Analysis_LoraFanda\01_FBM_Analysis\outputs\04_ersp_LM_RAWONLY\EL037\LM\ERSP_matrix\picture\EL037_picture_WM_ERSP_pH_R12_TN.npy,0.0589922480620155,0.0017829457364341,True,213,5,-0.009628454,5
EL037,reading,LM,A_R10,\\nasac-m2.unige.ch\m-HumanNeuronLab\ANALYSIS\FLM\Analysis_LoraFanda\01_FBM_Analysis\outputs\04_ersp_LM_RAWONLY\EL037\LM\ERSP_matrix\reading\EL037_reading_WM_ERSP_A_R10_TN.npy,0.0315245478036175,0.0063565891472868,True,214,17,0.07068642,17
EL037,reading,LM,aH_L3,\\nasac-m2.unige.ch\m-HumanNeuronLab\ANALYSIS\FLM\Analysis_LoraFanda\01_FBM_Analysis\outputs\04_ersp_LM_RAWONLY\EL037\LM\ERSP_matrix\reading\EL037_reading_WM_ERSP_aH_L3_TN.npy,0.0224806201550387,0.0019896640826873,True,215,17,0.051208664,17
EL037,reading,LM,EntG_L11,\\nasac-m2.unige.ch\m-HumanNeuronLab\ANALYSIS\FLM\Analysis_LoraFanda\01_FBM_Analysis\outputs\04_ersp_LM_RAWONLY\EL037\LM\ERSP_matrix\reading\EL037_reading_WM_ERSP_EntG_L11_TN.npy,0.0033074935400516,0.0903359173126615,True,216,1,0.096729614,1
EL037,reading,LM,EntG_L2,\\nasac-m2.unige.ch\m-HumanNeuronLab\ANALYSIS\FLM\Analysis_LoraFanda\01_FBM_Analysis\outputs\04_ersp_LM_RAWONLY\EL037\LM\ERSP_matrix\reading\EL037_reading_WM_ERSP_EntG_L2_TN.npy,0.0250904392764857,0.0006718346253229,True,217,6,0.06779711,6
EL037,reading,LM,EntG_L3,\\nasac-m2.unige.ch\m-HumanNeuronLab\ANALYSIS\FLM\Analysis_LoraFanda\01_FBM_Analysis\outputs\04_ersp_LM_RAWONLY\EL037\LM\ERSP_matrix\reading\EL037_reading_WM_ERSP_EntG_L3_TN.npy,0.0236950904392764,0.0004909560723514,True,218,6,0.062210772,6
EL038,audio,LM,A_L10,\\nasac-m2.unige.ch\m-HumanNeuronLab\ANALYSIS\FLM\Analysis_LoraFanda\01_FBM_Analysis\outputs\04_ersp_LM_RAWONLY\EL038\LM\ERSP_matrix\audio\EL038_audio_WM_ERSP_A_L10_TN.npy,0.0327390180878552,0.003204134366925,True,219,16,0.15356266,16
EL038,audio,LM,A_L11,\\nasac-m2.unige.ch\m-HumanNeuronLab\ANALYSIS\FLM\Analysis_LoraFanda\01_FBM_Analysis\outputs\04_ersp_LM_RAWONLY\EL038\LM\ERSP_matrix\audio\EL038_audio_WM_ERSP_A_L11_TN.npy,0.039250645994832,0.0026356589147286,True,220,16,0.15616314,16
EL038,audio,LM,A_L12,\\nasac-m2.unige.ch\m-HumanNeuronLab\ANALYSIS\FLM\Analysis_LoraFanda\01_FBM_Analysis\outputs\04_ersp_LM_RAWONLY\EL038\LM\ERSP_matrix\audio\EL038_audio_WM_ERSP_A_L12_TN.npy,0.0356330749354005,0.0053488372093023,True,221,16,0.14371319,16
EL038,audio,LM,A_L1,\\nasac-m2.unige.ch\m-HumanNeuronLab\ANALYSIS\FLM\Analysis_LoraFanda\01_FBM_Analysis\outputs\04_ersp_LM_RAWONLY\EL038\LM\ERSP_matrix\audio\EL038_audio_WM_ERSP_A_L1_TN.npy,0.0402067183462532,0.0265116279069767,True,222,5,0.027948674,5
EL038,audio,LM,A_L2,\\nasac-m2.unige.ch\m-HumanNeuronLab\ANALYSIS\FLM\Analysis_LoraFanda\01_FBM_Analysis\outputs\04_ersp_LM_RAWONLY\EL038\LM\ERSP_matrix\audio\EL038_audio_WM_ERSP_A_L2_TN.npy,0.0442377260981912,0.0048320413436692,True,223,18,0.029475573,18
EL038,audio,LM,A_L3,\\nasac-m2.unige.ch\m-HumanNeuronLab\ANALYSIS\FLM\Analysis_LoraFanda\01_FBM_Analysis\outputs\04_ersp_LM_RAWONLY\EL038\LM\ERSP_matrix\audio\EL038_audio_WM_ERSP_A_L3_TN.npy,0.0200775193798449,0.003953488372093,True,224,7,0.08399545,7
EL038,audio,LM,A_L8,\\nasac-m2.unige.ch\m-HumanNeuronLab\ANALYSIS\FLM\Analysis_LoraFanda\01_FBM_Analysis\outputs\04_ersp_LM_RAWONLY\EL038\LM\ERSP_matrix\audio\EL038_audio_WM_ERSP_A_L8_TN.npy,0.0381653746770025,0.0024289405684754,True,225,16,0.123501085,16
EL038,audio,LM,A_L9,\\nasac-m2.unige.ch\m-HumanNeuronLab\ANALYSIS\FLM\Analysis_LoraFanda\01_FBM_Analysis\outputs\04_ersp_LM_RAWONLY\EL038\LM\ERSP_matrix\audio\EL038_audio_WM_ERSP_A_L9_TN.npy,0.0268733850129198,0.0040568475452196,True,226,16,0.021875313,16
EL038,audio,LM,aH_L10,\\nasac-m2.unige.ch\m-HumanNeuronLab\ANALYSIS\FLM\Analysis_LoraFanda\01_FBM_Analysis\outputs\04_ersp_LM_RAWONLY\EL038\LM\ERSP_matrix\audio\EL038_audio_WM_ERSP_aH_L10_TN.npy,0.0224031007751937,0.0051162790697674,True,227,16,0.0015449943,16
EL038,audio,LM,aH_L11,\\nasac-m2.unige.ch\m-HumanNeuronLab\ANALYSIS\FLM\Analysis_LoraFanda\01_FBM_Analysis\outputs\04_ersp_LM_RAWONLY\EL038\LM\ERSP_matrix\audio\EL038_audio_WM_ERSP_aH_L11_TN.npy,0.0347286821705426,0.0020930232558139,True,228,16,0.056303825,16
EL038,audio,LM,aH_L12,\\nasac-m2.unige.ch\m-HumanNeuronLab\ANALYSIS\FLM\Analysis_LoraFanda\01_FBM_Analysis\outputs\04_ersp_LM_RAWONLY\EL038\LM\ERSP_matrix\audio\EL038_audio_WM_ERSP_aH_L12_TN.npy,0.0248320413436692,0.0031524547803617,True,229,16,0.06842566,16
EL038,audio,LM,aH_L13,\\nasac-m2.unige.ch\m-HumanNeuronLab\ANALYSIS\FLM\Analysis_LoraFanda\01_FBM_Analysis\outputs\04_ersp_LM_RAWONLY\EL038\LM\ERSP_matrix\audio\EL038_audio_WM_ERSP_aH_L13_TN.npy,0.026640826873385,0.0028940568475452,True,230,16,0.029259132,16
EL038,audio,LM,aH_L1,\\nasac-m2.unige.ch\m-HumanNeuronLab\ANALYSIS\FLM\Analysis_LoraFanda\01_FBM_Analysis\outputs\04_ersp_LM_RAWONLY\EL038\LM\ERSP_matrix\audio\EL038_audio_WM_ERSP_aH_L1_TN.npy,0.0340568475452196,0.0166149870801033,True,231,16,0.12741967,16
EL038,audio,LM,aH_L2,\\nasac-m2.unige.ch\m-HumanNeuronLab\ANALYSIS\FLM\Analysis_LoraFanda\01_FBM_Analysis\outputs\04_ersp_LM_RAWONLY\EL038\LM\ERSP_matrix\audio\EL038_audio_WM_ERSP_aH_L2_TN.npy,0.0263307493540051,0.0033333333333333,True,232,7,-0.0018855749,7
EL038,audio,LM,aH_L4,\\nasac-m2.unige.ch\m-HumanNeuronLab\ANALYSIS\FLM\Analysis_LoraFanda\01_FBM_Analysis\outputs\04_ersp_LM_RAWONLY\EL038\LM\ERSP_matrix\audio\EL038_audio_WM_ERSP_aH_L4_TN.npy,0.0270284237726098,0.0036950904392764,True,233,3,0.08499001,3
EL038,audio,LM,aH_L5,\\nasac-m2.unige.ch\m-HumanNeuronLab\ANALYSIS\FLM\Analysis_LoraFanda\01_FBM_Analysis\outputs\04_ersp_LM_RAWONLY\EL038\LM\ERSP_matrix\audio\EL038_audio_WM_ERSP_aH_L5_TN.npy,0.0244186046511627,0.002532299741602,True,234,5,0.010924739,5
EL038,audio,LM,aH_L6,\\nasac-m2.unige.ch\m-HumanNeuronLab\ANALYSIS\FLM\Analysis_LoraFanda\01_FBM_Analysis\outputs\04_ersp_LM_RAWONLY\EL038\LM\ERSP_matrix\audio\EL038_audio_WM_ERSP_aH_L6_TN.npy,0.023204134366925,0.0041602067183462,True,235,7,0.06299173,7
EL038,audio,LM,aH_L7,\\nasac-m2.unige.ch\m-HumanNeuronLab\ANALYSIS\FLM\Analysis_LoraFanda\01_FBM_Analysis\outputs\04_ersp_LM_RAWONLY\EL038\LM\ERSP_matrix\audio\EL038_audio_WM_ERSP_aH_L7_TN.npy,0.0275968992248062,0.0027648578811369,True,236,16,-0.015245862,16
EL038,audio,LM,aH_L8,\\nasac-m2.unige.ch\m-HumanNeuronLab\ANALYSIS\FLM\Analysis_LoraFanda\01_FBM_Analysis\outputs\04_ersp_LM_RAWONLY\EL038\LM\ERSP_matrix\audio\EL038_audio_WM_ERSP_aH_L8_TN.npy,0.0399483204134366,0.0029715762273901,True,237,16,0.13565709,16
EL038,audio,LM,aH_L9,\\nasac-m2.unige.ch\m-HumanNeuronLab\ANALYSIS\FLM\Analysis_LoraFanda\01_FBM_Analysis\outputs\04_ersp_LM_RAWONLY\EL038\LM\ERSP_matrix\audio\EL038_audio_WM_ERSP_aH_L9_TN.npy,0.0337467700258397,0.0033074935400516,True,238,16,0.158037,16
EL038,audio,LM,aI_R10,\\nasac-m2.unige.ch\m-HumanNeuronLab\ANALYSIS\FLM\Analysis_LoraFanda\01_FBM_Analysis\outputs\04_ersp_LM_RAWONLY\EL038\LM\ERSP_matrix\audio\EL038_audio_WM_ERSP_aI_R10_TN.npy,0.0403100775193798,0.0038501291989664,True,239,18,0.034547634,18
EL038,audio,LM,aI_R11,\\nasac-m2.unige.ch\m-HumanNeuronLab\ANALYSIS\FLM\Analysis_LoraFanda\01_FBM_Analysis\outputs\04_ersp_LM_RAWONLY\EL038\LM\ERSP_matrix\audio\EL038_audio_WM_ERSP_aI_R11_TN.npy,0.0387855297157622,0.0042118863049095,True,240,18,0.028626664,18
EL038,audio,LM,aI_R14,\\nasac-m2.unige.ch\m-HumanNeuronLab\ANALYSIS\FLM\Analysis_LoraFanda\01_FBM_Analysis\outputs\04_ersp_LM_RAWONLY\EL038\LM\ERSP_matrix\audio\EL038_audio_WM_ERSP_aI_R14_TN.npy,0.0238501291989664,0.0025581395348837,True,241,16,-0.07295226,16
EL038,audio,LM,aI_R3,\\nasac-m2.unige.ch\m-HumanNeuronLab\ANALYSIS\FLM\Analysis_LoraFanda\01_FBM_Analysis\outputs\04_ersp_LM_RAWONLY\EL038\LM\ERSP_matrix\audio\EL038_audio_WM_ERSP_aI_R3_TN.npy,0.0259431524547803,0.0024031007751937,True,242,3,-0.053643797,3
EL038,audio,LM,aI_R4,\\nasac-m2.unige.ch\m-HumanNeuronLab\ANALYSIS\FLM\Analysis_LoraFanda\01_FBM_Analysis\outputs\04_ersp_LM_RAWONLY\EL038\LM\ERSP_matrix\audio\EL038_audio_WM_ERSP_aI_R4_TN.npy,0.0479328165374677,0.0020155038759689,True,243,3,-0.018227,3
EL038,audio,LM,aI_R7,\\nasac-m2.unige.ch\m-HumanNeuronLab\ANALYSIS\FLM\Analysis_LoraFanda\01_FBM_Analysis\outputs\04_ersp_LM_RAWONLY\EL038\LM\ERSP_matrix\audio\EL038_audio_WM_ERSP_aI_R7_TN.npy,0.0578811369509043,0.0044961240310077,True,244,16,-0.0039486657,16
EL038,audio,LM,aI_R8,\\nasac-m2.unige.ch\m-HumanNeuronLab\ANALYSIS\FLM\Analysis_LoraFanda\01_FBM_Analysis\outputs\04_ersp_LM_RAWONLY\EL038\LM\ERSP_matrix\audio\EL038_audio_WM_ERSP_aI_R8_TN.npy,0.0310852713178294,0.008501291989664,True,245,14,0.0012741867,14
EL038,audio,LM,aI_R9,\\nasac-m2.unige.ch\m-HumanNeuronLab\ANALYSIS\FLM\Analysis_LoraFanda\01_FBM_Analysis\outputs\04_ersp_LM_RAWONLY\EL038\LM\ERSP_matrix\audio\EL038_audio_WM_ERSP_aI_R9_TN.npy,0.0273901808785529,0.0028682170542635,True,246,7,0.06101645,7
EL038,audio,LM,ITG_R2,\\nasac-m2.unige.ch\m-HumanNeuronLab\ANALYSIS\FLM\Analysis_LoraFanda\01_FBM_Analysis\outputs\04_ersp_LM_RAWONLY\EL038\LM\ERSP_matrix\audio\EL038_audio_WM_ERSP_ITG_R2_TN.npy,0.023204134366925,0.0044444444444444,True,247,7,0.050500084,7
EL038,audio,LM,ITG_R3,\\nasac-m2.unige.ch\m-HumanNeuronLab\ANALYSIS\FLM\Analysis_LoraFanda\01_FBM_Analysis\outputs\04_ersp_LM_RAWONLY\EL038\LM\ERSP_matrix\audio\EL038_audio_WM_ERSP_ITG_R3_TN.npy,0.0228940568475452,0.0053746770025839,True,248,7,0.010475025,7
EL038,audio,LM,ITG_R4,\\nasac-m2.unige.ch\m-HumanNeuronLab\ANALYSIS\FLM\Analysis_LoraFanda\01_FBM_Analysis\outputs\04_ersp_LM_RAWONLY\EL038\LM\ERSP_matrix\audio\EL038_audio_WM_ERSP_ITG_R4_TN.npy,0.027906976744186,0.0020930232558139,True,249,16,-0.022046808,16
EL038,audio,LM,LinG_R3,\\nasac-m2.unige.ch\m-HumanNeuronLab\ANALYSIS\FLM\Analysis_LoraFanda\01_FBM_Analysis\outputs\04_ersp_LM_RAWONLY\EL038\LM\ERSP_matrix\audio\EL038_audio_WM_ERSP_LinG_R3_TN.npy,0.020671834625323,0.0053229974160206,True,250,7,0.07771371,7
EL038,audio,LM,LinG_R5,\\nasac-m2.unige.ch\m-HumanNeuronLab\ANALYSIS\FLM\Analysis_LoraFanda\01_FBM_Analysis\outputs\04_ersp_LM_RAWONLY\EL038\LM\ERSP_matrix\audio\EL038_audio_WM_ERSP_LinG_R5_TN.npy,0.0237467700258397,0.0106718346253229,True,251,7,0.021438718,7
EL038,audio,LM,LinG_R8,\\nasac-m2.unige.ch\m-HumanNeuronLab\ANALYSIS\FLM\Analysis_LoraFanda\01_FBM_Analysis\outputs\04_ersp_LM_RAWONLY\EL038\LM\ERSP_matrix\audio\EL038_audio_WM_ERSP_LinG_R8_TN.npy,0.0207235142118863,0.0042894056847545,True,252,7,0.04946414,7
EL038,audio,LM,OF_R15,\\nasac-m2.unige.ch\m-HumanNeuronLab\ANALYSIS\FLM\Analysis_LoraFanda\01_FBM_Analysis\outputs\04_ersp_LM_RAWONLY\EL038\LM\ERSP_matrix\audio\EL038_audio_WM_ERSP_OF_R15_TN.npy,0.0261240310077519,0.0017571059431524,True,253,16,0.008627792,16
EL038,audio,LM,OF_R1,\\nasac-m2.unige.ch\m-HumanNeuronLab\ANALYSIS\FLM\Analysis_LoraFanda\01_FBM_Analysis\outputs\04_ersp_LM_RAWONLY\EL038\LM\ERSP_matrix\audio\EL038_audio_WM_ERSP_OF_R1_TN.npy,0.0211111111111111,0.003204134366925,True,254,16,-0.019034471,16
EL038,audio,LM,OF_R6,\\nasac-m2.unige.ch\m-HumanNeuronLab\ANALYSIS\FLM\Analysis_LoraFanda\01_FBM_Analysis\outputs\04_ersp_LM_RAWONLY\EL038\LM\ERSP_matrix\audio\EL038_audio_WM_ERSP_OF_R6_TN.npy,0.0284754521963824,0.0027390180878552,True,255,7,0.019203182,7
EL038,audio,LM,OF_R8,\\nasac-m2.unige.ch\m-HumanNeuronLab\ANALYSIS\FLM\Analysis_LoraFanda\01_FBM_Analysis\outputs\04_ersp_LM_RAWONLY\EL038\LM\ERSP_matrix\audio\EL038_audio_WM_ERSP_OF_R8_TN.npy,0.0220671834625323,0.0075452196382428,True,256,14,-0.06613403,14
EL038,audio,LM,OF_R9,\\nasac-m2.unige.ch\m-HumanNeuronLab\ANALYSIS\FLM\Analysis_LoraFanda\01_FBM_Analysis\outputs\04_ersp_LM_RAWONLY\EL038\LM\ERSP_matrix\audio\EL038_audio_WM_ERSP_OF_R9_TN.npy,0.0232299741602067,0.0082687338501291,True,257,14,-0.023613779,14
EL038,audio,LM,pH_L10,\\nasac-m2.unige.ch\m-HumanNeuronLab\ANALYSIS\FLM\Analysis_LoraFanda\01_FBM_Analysis\outputs\04_ersp_LM_RAWONLY\EL038\LM\ERSP_matrix\audio\EL038_audio_WM_ERSP_pH_L10_TN.npy,0.024547803617571,0.0043927648578811,True,258,7,0.02108894,7
EL038,audio,LM,pH_L11,\\nasac-m2.unige.ch\m-HumanNeuronLab\ANALYSIS\FLM\Analysis_LoraFanda\01_FBM_Analysis\outputs\04_ersp_LM_RAWONLY\EL038\LM\ERSP_matrix\audio\EL038_audio_WM_ERSP_pH_L11_TN.npy,0.0252454780361757,0.0041602067183462,True,259,7,0.024996884,7
EL038,audio,LM,pH_L13,\\nasac-m2.unige.ch\m-HumanNeuronLab\ANALYSIS\FLM\Analysis_LoraFanda\01_FBM_Analysis\outputs\04_ersp_LM_RAWONLY\EL038\LM\ERSP_matrix\audio\EL038_audio_WM_ERSP_pH_L13_TN.npy,0.0353488372093023,0.0085529715762273,True,260,14,-0.05245311,14
EL038,audio,LM,pH_L1,\\nasac-m2.unige.ch\m-HumanNeuronLab\ANALYSIS\FLM\Analysis_LoraFanda\01_FBM_Analysis\outputs\04_ersp_LM_RAWONLY\EL038\LM\ERSP_matrix\audio\EL038_audio_WM_ERSP_pH_L1_TN.npy,0.0298191214470284,0.0030749354005167,True,261,16,0.1314234,16
EL038,audio,LM,pH_L2,\\nasac-m2.unige.ch\m-HumanNeuronLab\ANALYSIS\FLM\Analysis_LoraFanda\01_FBM_Analysis\outputs\04_ersp_LM_RAWONLY\EL038\LM\ERSP_matrix\audio\EL038_audio_WM_ERSP_pH_L2_TN.npy,0.0249354005167958,0.0040568475452196,True,262,7,0.033597924,7
EL038,audio,LM,pH_L3,\\nasac-m2.unige.ch\m-HumanNeuronLab\ANALYSIS\FLM\Analysis_LoraFanda\01_FBM_Analysis\outputs\04_ersp_LM_RAWONLY\EL038\LM\ERSP_matrix\audio\EL038_audio_WM_ERSP_pH_L3_TN.npy,0.0219896640826873,0.0024031007751937,True,263,7,0.05751813,7
EL038,audio,LM,pH_L4,\\nasac-m2.unige.ch\m-HumanNeuronLab\ANALYSIS\FLM\Analysis_LoraFanda\01_FBM_Analysis\outputs\04_ersp_LM_RAWONLY\EL038\LM\ERSP_matrix\audio\EL038_audio_WM_ERSP_pH_L4_TN.npy,0.0249095607235142,0.0031007751937984,True,264,7,0.022300592,7
EL038,audio,LM,pH_L9,\\nasac-m2.unige.ch\m-HumanNeuronLab\ANALYSIS\FLM\Analysis_LoraFanda\01_FBM_Analysis\outputs\04_ersp_LM_RAWONLY\EL038\LM\ERSP_matrix\audio\EL038_audio_WM_ERSP_pH_L9_TN.npy,0.0297157622739018,0.0042377260981912,True,265,3,-0.016139904,3
EL038,audio,LM,pH_R6,\\nasac-m2.unige.ch\m-HumanNeuronLab\ANALYSIS\FLM\Analysis_LoraFanda\01_FBM_Analysis\outputs\04_ersp_LM_RAWONLY\EL038\LM\ERSP_matrix\audio\EL038_audio_WM_ERSP_pH_R6_TN.npy,0.0243927648578811,0.0047803617571059,True,266,7,0.029896822,7
EL038,picture,LM,A_L1,\\nasac-m2.unige.ch\m-HumanNeuronLab\ANALYSIS\FLM\Analysis_LoraFanda\01_FBM_Analysis\outputs\04_ersp_LM_RAWONLY\EL038\LM\ERSP_matrix\picture\EL038_picture_WM_ERSP_A_L1_TN.npy,0.1495090439276485,0.0010852713178294,True,267,5,-0.016472925,5
EL038,picture,LM,A_L8,\\nasac-m2.unige.ch\m-HumanNeuronLab\ANALYSIS\FLM\Analysis_LoraFanda\01_FBM_Analysis\outputs\04_ersp_LM_RAWONLY\EL038\LM\ERSP_matrix\picture\EL038_picture_WM_ERSP_A_L8_TN.npy,0.029250645994832,0.0001808785529715,True,268,5,-0.012067044,5
EL038,picture,LM,aH_L4,\\nasac-m2.unige.ch\m-HumanNeuronLab\ANALYSIS\FLM\Analysis_LoraFanda\01_FBM_Analysis\outputs\04_ersp_LM_RAWONLY\EL038\LM\ERSP_matrix\picture\EL038_picture_WM_ERSP_aH_L4_TN.npy,0.022609819121447,0.0001291989664082,True,269,17,0.089828186,17
EL038,picture,LM,aH_L6,\\nasac-m2.unige.ch\m-HumanNeuronLab\ANALYSIS\FLM\Analysis_LoraFanda\01_FBM_Analysis\outputs\04_ersp_LM_RAWONLY\EL038\LM\ERSP_matrix\picture\EL038_picture_WM_ERSP_aH_L6_TN.npy,0.0393540051679586,0.0047286821705426,True,270,14,-0.027987104,14
EL038,picture,LM,aH_L7,\\nasac-m2.unige.ch\m-HumanNeuronLab\ANALYSIS\FLM\Analysis_LoraFanda\01_FBM_Analysis\outputs\04_ersp_LM_RAWONLY\EL038\LM\ERSP_matrix\picture\EL038_picture_WM_ERSP_aH_L7_TN.npy,0.0257364341085271,0.0019638242894056,True,271,5,0.03609396,5
EL038,picture,LM,aH_L8,\\nasac-m2.unige.ch\m-HumanNeuronLab\ANALYSIS\FLM\Analysis_LoraFanda\01_FBM_Analysis\outputs\04_ersp_LM_RAWONLY\EL038\LM\ERSP_matrix\picture\EL038_picture_WM_ERSP_aH_L8_TN.npy,0.0233333333333333,0.0004134366925064,True,272,5,0.09538565,5
EL038,picture,LM,aI_R10,\\nasac-m2.unige.ch\m-HumanNeuronLab\ANALYSIS\FLM\Analysis_LoraFanda\01_FBM_Analysis\outputs\04_ersp_LM_RAWONLY\EL038\LM\ERSP_matrix\picture\EL038_picture_WM_ERSP_aI_R10_TN.npy,0.0293798449612403,0.0015762273901808,True,273,14,-0.07289633,14
EL038,picture,LM,aI_R11,\\nasac-m2.unige.ch\m-HumanNeuronLab\ANALYSIS\FLM\Analysis_LoraFanda\01_FBM_Analysis\outputs\04_ersp_LM_RAWONLY\EL038\LM\ERSP_matrix\picture\EL038_picture_WM_ERSP_aI_R11_TN.npy,0.0206459948320413,0.0019121447028423,True,274,5,0.0035035675,5
EL038,picture,LM,aI_R4,\\nasac-m2.unige.ch\m-HumanNeuronLab\ANALYSIS\FLM\Analysis_LoraFanda\01_FBM_Analysis\outputs\04_ersp_LM_RAWONLY\EL038\LM\ERSP_matrix\picture\EL038_picture_WM_ERSP_aI_R4_TN.npy,0.0293540051679586,0.0019896640826873,True,275,5,0.014842854,5
EL038,picture,LM,aI_R7,\\nasac-m2.unige.ch\m-HumanNeuronLab\ANALYSIS\FLM\Analysis_LoraFanda\01_FBM_Analysis\outputs\04_ersp_LM_RAWONLY\EL038\LM\ERSP_matrix\picture\EL038_picture_WM_ERSP_aI_R7_TN.npy,0.0406201550387596,0.0063565891472868,True,276,14,0.026701884,14
EL038,picture,LM,aI_R8,\\nasac-m2.unige.ch\m-HumanNeuronLab\ANALYSIS\FLM\Analysis_LoraFanda\01_FBM_Analysis\outputs\04_ersp_LM_RAWONLY\EL038\LM\ERSP_matrix\picture\EL038_picture_WM_ERSP_aI_R8_TN.npy,0.0514211886304909,0.011860465116279,True,277,14,0.13286929,14
EL038,picture,LM,LinG_R7,\\nasac-m2.unige.ch\m-HumanNeuronLab\ANALYSIS\FLM\Analysis_LoraFanda\01_FBM_Analysis\outputs\04_ersp_LM_RAWONLY\EL038\LM\ERSP_matrix\picture\EL038_picture_WM_ERSP_LinG_R7_TN.npy,0.0213953488372093,0.0298966408268733,True,278,14,0.11336727,14
EL038,picture,LM,OF_R16,\\nasac-m2.unige.ch\m-HumanNeuronLab\ANALYSIS\FLM\Analysis_LoraFanda\01_FBM_Analysis\outputs\04_ersp_LM_RAWONLY\EL038\LM\ERSP_matrix\picture\EL038_picture_WM_ERSP_OF_R16_TN.npy,0.0222739018087855,0.0016020671834625,True,279,14,-0.09178145,14
EL038,picture,LM,OF_R6,\\nasac-m2.unige.ch\m-HumanNeuronLab\ANALYSIS\FLM\Analysis_LoraFanda\01_FBM_Analysis\outputs\04_ersp_LM_RAWONLY\EL038\LM\ERSP_matrix\picture\EL038_picture_WM_ERSP_OF_R6_TN.npy,0.038578811369509,0.0026356589147286,True,280,18,0.058870222,18
EL038,picture,LM,OF_R7,\\nasac-m2.unige.ch\m-HumanNeuronLab\ANALYSIS\FLM\Analysis_LoraFanda\01_FBM_Analysis\outputs\04_ersp_LM_RAWONLY\EL038\LM\ERSP_matrix\picture\EL038_picture_WM_ERSP_OF_R7_TN.npy,0.0384754521963824,0.0054780361757105,True,281,14,0.035992026,14
EL038,picture,LM,OF_R8,\\nasac-m2.unige.ch\m-HumanNeuronLab\ANALYSIS\FLM\Analysis_LoraFanda\01_FBM_Analysis\outputs\04_ersp_LM_RAWONLY\EL038\LM\ERSP_matrix\picture\EL038_picture_WM_ERSP_OF_R8_TN.npy,0.0280878552971576,0.0070542635658914,True,282,14,0.016729282,14
EL038,picture,LM,OF_R9,\\nasac-m2.unige.ch\m-HumanNeuronLab\ANALYSIS\FLM\Analysis_LoraFanda\01_FBM_Analysis\outputs\04_ersp_LM_RAWONLY\EL038\LM\ERSP_matrix\picture\EL038_picture_WM_ERSP_OF_R9_TN.npy,0.0260981912144702,0.0072868217054263,True,283,14,0.026241545,14
EL038,reading,LM,A_L1,\\nasac-m2.unige.ch\m-HumanNeuronLab\ANALYSIS\FLM\Analysis_LoraFanda\01_FBM_Analysis\outputs\04_ersp_LM_RAWONLY\EL038\LM\ERSP_matrix\reading\EL038_reading_WM_ERSP_A_L1_TN.npy,0.0951679586563307,0.0084496124031007,True,284,9,0.057072196,9
EL038,reading,LM,aH_L1,\\nasac-m2.unige.ch\m-HumanNeuronLab\ANALYSIS\FLM\Analysis_LoraFanda\01_FBM_Analysis\outputs\04_ersp_LM_RAWONLY\EL038\LM\ERSP_matrix\reading\EL038_reading_WM_ERSP_aH_L1_TN.npy,0.0102067183462532,0.0638242894056847,True,285,15,-0.01000954,15
EL038,reading,LM,aI_R7,\\nasac-m2.unige.ch\m-HumanNeuronLab\ANALYSIS\FLM\Analysis_LoraFanda\01_FBM_Analysis\outputs\04_ersp_LM_RAWONLY\EL038\LM\ERSP_matrix\reading\EL038_reading_WM_ERSP_aI_R7_TN.npy,0.0242894056847545,0.0115245478036175,True,286,14,0.03879442,14
EL038,reading,LM,aI_R8,\\nasac-m2.unige.ch\m-HumanNeuronLab\ANALYSIS\FLM\Analysis_LoraFanda\01_FBM_Analysis\outputs\04_ersp_LM_RAWONLY\EL038\LM\ERSP_matrix\reading\EL038_reading_WM_ERSP_aI_R8_TN.npy,0.0265116279069767,0.0167700258397932,True,287,14,0.12383395,14
EL040,audio,LM,aH_L11,\\nasac-m2.unige.ch\m-HumanNeuronLab\ANALYSIS\FLM\Analysis_LoraFanda\01_FBM_Analysis\outputs\04_ersp_LM_RAWONLY\EL040\LM\ERSP_matrix\audio\EL040_audio_WM_ERSP_aH_L11_TN.npy,0.0871059431524547,0.0004392764857881,True,288,3,-0.0027477874,3
EL040,audio,LM,aH_L12,\\nasac-m2.unige.ch\m-HumanNeuronLab\ANALYSIS\FLM\Analysis_LoraFanda\01_FBM_Analysis\outputs\04_ersp_LM_RAWONLY\EL040\LM\ERSP_matrix\audio\EL040_audio_WM_ERSP_aH_L12_TN.npy,0.1039793281653746,0.0010594315245478,True,289,19,0.0012936491,19
EL040,audio,LM,aH_L7,\\nasac-m2.unige.ch\m-HumanNeuronLab\ANALYSIS\FLM\Analysis_LoraFanda\01_FBM_Analysis\outputs\04_ersp_LM_RAWONLY\EL040\LM\ERSP_matrix\audio\EL040_audio_WM_ERSP_aH_L7_TN.npy,0.0333074935400516,0.0004392764857881,True,290,3,-0.05056751,3
EL040,audio,LM,aH_L8,\\nasac-m2.unige.ch\m-HumanNeuronLab\ANALYSIS\FLM\Analysis_LoraFanda\01_FBM_Analysis\outputs\04_ersp_LM_RAWONLY\EL040\LM\ERSP_matrix\audio\EL040_audio_WM_ERSP_aH_L8_TN.npy,0.0321188630490956,0.0002583979328165,True,291,3,-0.032677785,3
EL040,audio,LM,aH_L9,\\nasac-m2.unige.ch\m-HumanNeuronLab\ANALYSIS\FLM\Analysis_LoraFanda\01_FBM_Analysis\outputs\04_ersp_LM_RAWONLY\EL040\LM\ERSP_matrix\audio\EL040_audio_WM_ERSP_aH_L9_TN.npy,0.0455297157622739,0.0003617571059431,True,292,3,-0.0027193343,3
EL040,audio,LM,aH_R13,\\nasac-m2.unige.ch\m-HumanNeuronLab\ANALYSIS\FLM\Analysis_LoraFanda\01_FBM_Analysis\outputs\04_ersp_LM_RAWONLY\EL040\LM\ERSP_matrix\audio\EL040_audio_WM_ERSP_aH_R13_TN.npy,0.0482428940568475,0.0082945736434108,True,293,3,-0.012625521,3
EL040,audio,LM,aH_R6,\\nasac-m2.unige.ch\m-HumanNeuronLab\ANALYSIS\FLM\Analysis_LoraFanda\01_FBM_Analysis\outputs\04_ersp_LM_RAWONLY\EL040\LM\ERSP_matrix\audio\EL040_audio_WM_ERSP_aH_R6_TN.npy,0.0225064599483204,0.0004909560723514,True,294,5,0.11677013,5
EL040,audio,LM,aH_R7,\\nasac-m2.unige.ch\m-HumanNeuronLab\ANALYSIS\FLM\Analysis_LoraFanda\01_FBM_Analysis\outputs\04_ersp_LM_RAWONLY\EL040\LM\ERSP_matrix\audio\EL040_audio_WM_ERSP_aH_R7_TN.npy,0.0244961240310077,0.0008010335917312,True,295,5,0.10338372,5
EL040,audio,LM,FP_R1,\\nasac-m2.unige.ch\m-HumanNeuronLab\ANALYSIS\FLM\Analysis_LoraFanda\01_FBM_Analysis\outputs\04_ersp_LM_RAWONLY\EL040\LM\ERSP_matrix\audio\EL040_audio_WM_ERSP_FP_R1_TN.npy,0.0231782945736434,0.0025581395348837,True,296,17,0.016622309,17
EL040,audio,LM,iNH_R17,\\nasac-m2.unige.ch\m-HumanNeuronLab\ANALYSIS\FLM\Analysis_LoraFanda\01_FBM_Analysis\outputs\04_ersp_LM_RAWONLY\EL040\LM\ERSP_matrix\audio\EL040_audio_WM_ERSP_iNH_R17_TN.npy,0.0209302325581395,0.0004651162790697,True,297,5,0.010757793,5
EL040,audio,LM,iNH_R18,\\nasac-m2.unige.ch\m-HumanNeuronLab\ANALYSIS\FLM\Analysis_LoraFanda\01_FBM_Analysis\outputs\04_ersp_LM_RAWONLY\EL040\LM\ERSP_matrix\audio\EL040_audio_WM_ERSP_iNH_R18_TN.npy,0.0455038759689922,0.0003617571059431,True,298,5,-0.1189484,5
EL040,audio,LM,OF_R1,\\nasac-m2.unige.ch\m-HumanNeuronLab\ANALYSIS\FLM\Analysis_LoraFanda\01_FBM_Analysis\outputs\04_ersp_LM_RAWONLY\EL040\LM\ERSP_matrix\audio\EL040_audio_WM_ERSP_OF_R1_TN.npy,0.0207235142118863,0.0006976744186046,True,299,3,0.039223354,3
EL040,audio,LM,pH_R11,\\nasac-m2.unige.ch\m-HumanNeuronLab\ANALYSIS\FLM\Analysis_LoraFanda\01_FBM_Analysis\outputs\04_ersp_LM_RAWONLY\EL040\LM\ERSP_matrix\audio\EL040_audio_WM_ERSP_pH_R11_TN.npy,0.0296382428940568,0.0004134366925064,True,300,3,-0.014854878,3
EL040,audio,LM,pH_R12,\\nasac-m2.unige.ch\m-HumanNeuronLab\ANALYSIS\FLM\Analysis_LoraFanda\01_FBM_Analysis\outputs\04_ersp_LM_RAWONLY\EL040\LM\ERSP_matrix\audio\EL040_audio_WM_ERSP_pH_R12_TN.npy,0.0520155038759689,0.0009302325581395,True,301,3,-0.108890094,3
EL040,audio,LM,pH_R13,\\nasac-m2.unige.ch\m-HumanNeuronLab\ANALYSIS\FLM\Analysis_LoraFanda\01_FBM_Analysis\outputs\04_ersp_LM_RAWONLY\EL040\LM\ERSP_matrix\audio\EL040_audio_WM_ERSP_pH_R13_TN.npy,0.1127390180878553,0.0002067183462532,True,302,12,0.12205479,12
EL040,audio,LM,pH_R14,\\nasac-m2.unige.ch\m-HumanNeuronLab\ANALYSIS\FLM\Analysis_LoraFanda\01_FBM_Analysis\outputs\04_ersp_LM_RAWONLY\EL040\LM\ERSP_matrix\audio\EL040_audio_WM_ERSP_pH_R14_TN.npy,0.2061240310077519,0.0034883720930232,True,303,2,-0.122540906,2
EL040,audio,LM,PHG_R12,\\nasac-m2.unige.ch\m-HumanNeuronLab\ANALYSIS\FLM\Analysis_LoraFanda\01_FBM_Analysis\outputs\04_ersp_LM_RAWONLY\EL040\LM\ERSP_matrix\audio\EL040_audio_WM_ERSP_PHG_R12_TN.npy,0.0290697674418604,0.0019638242894056,True,304,3,-0.0024729858,3
EL040,audio,LM,pPVH_L16,\\nasac-m2.unige.ch\m-HumanNeuronLab\ANALYSIS\FLM\Analysis_LoraFanda\01_FBM_Analysis\outputs\04_ersp_LM_RAWONLY\EL040\LM\ERSP_matrix\audio\EL040_audio_WM_ERSP_pPVH_L16_TN.npy,0.0539276485788113,0.0006201550387596,True,305,3,-0.043253485,3
EL040,audio,LM,STG_R10,\\nasac-m2.unige.ch\m-HumanNeuronLab\ANALYSIS\FLM\Analysis_LoraFanda\01_FBM_Analysis\outputs\04_ersp_LM_RAWONLY\EL040\LM\ERSP_matrix\audio\EL040_audio_WM_ERSP_STG_R10_TN.npy,0.0774935400516795,0.0011369509043927,True,306,5,-0.010553538,5
EL040,audio,LM,STG_R3,\\nasac-m2.unige.ch\m-HumanNeuronLab\ANALYSIS\FLM\Analysis_LoraFanda\01_FBM_Analysis\outputs\04_ersp_LM_RAWONLY\EL040\LM\ERSP_matrix\audio\EL040_audio_WM_ERSP_STG_R3_TN.npy,0.0490180878552971,0.0003100775193798,True,307,18,0.11706884,18
EL040,audio,LM,STG_R4,\\nasac-m2.unige.ch\m-HumanNeuronLab\ANALYSIS\FLM\Analysis_LoraFanda\01_FBM_Analysis\outputs\04_ersp_LM_RAWONLY\EL040\LM\ERSP_matrix\audio\EL040_audio_WM_ERSP_STG_R4_TN.npy,0.0440051679586563,0.0001291989664082,True,308,18,0.114004605,18
EL040,audio,LM,STG_R5,\\nasac-m2.unige.ch\m-HumanNeuronLab\ANALYSIS\FLM\Analysis_LoraFanda\01_FBM_Analysis\outputs\04_ersp_LM_RAWONLY\EL040\LM\ERSP_matrix\audio\EL040_audio_WM_ERSP_STG_R5_TN.npy,0.0381395348837209,0.0005426356589147,True,309,18,0.11898988,18
EL040,audio,LM,STG_R6,\\nasac-m2.unige.ch\m-HumanNeuronLab\ANALYSIS\FLM\Analysis_LoraFanda\01_FBM_Analysis\outputs\04_ersp_LM_RAWONLY\EL040\LM\ERSP_matrix\audio\EL040_audio_WM_ERSP_STG_R6_TN.npy,0.0322480620155038,0.0005426356589147,True,310,18,0.08651479,18
EL040,audio,LM,STG_R7,\\nasac-m2.unige.ch\m-HumanNeuronLab\ANALYSIS\FLM\Analysis_LoraFanda\01_FBM_Analysis\outputs\04_ersp_LM_RAWONLY\EL040\LM\ERSP_matrix\audio\EL040_audio_WM_ERSP_STG_R7_TN.npy,0.0295348837209302,0.0006976744186046,True,311,18,0.07414648,18
EL040,picture,LM,aH_L11,\\nasac-m2.unige.ch\m-HumanNeuronLab\ANALYSIS\FLM\Analysis_LoraFanda\01_FBM_Analysis\outputs\04_ersp_LM_RAWONLY\EL040\LM\ERSP_matrix\picture\EL040_picture_WM_ERSP_aH_L11_TN.npy,0.0977002583979328,0.0004392764857881,True,312,19,0.00010268064,19
EL040,picture,LM,aH_L12,\\nasac-m2.unige.ch\m-HumanNeuronLab\ANALYSIS\FLM\Analysis_LoraFanda\01_FBM_Analysis\outputs\04_ersp_LM_RAWONLY\EL040\LM\ERSP_matrix\picture\EL040_picture_WM_ERSP_aH_L12_TN.npy,0.1312919896640826,0.0008785529715762,True,313,19,0.038373906,19
EL040,picture,LM,aH_L7,\\nasac-m2.unige.ch\m-HumanNeuronLab\ANALYSIS\FLM\Analysis_LoraFanda\01_FBM_Analysis\outputs\04_ersp_LM_RAWONLY\EL040\LM\ERSP_matrix\picture\EL040_picture_WM_ERSP_aH_L7_TN.npy,0.0229457364341085,0.0003617571059431,True,314,3,0.034092046,3
EL040,picture,LM,aH_L8,\\nasac-m2.unige.ch\m-HumanNeuronLab\ANALYSIS\FLM\Analysis_LoraFanda\01_FBM_Analysis\outputs\04_ersp_LM_RAWONLY\EL040\LM\ERSP_matrix\picture\EL040_picture_WM_ERSP_aH_L8_TN.npy,0.0272868217054263,0.0002583979328165,True,315,3,0.004899423,3
EL040,picture,LM,aH_L9,\\nasac-m2.unige.ch\m-HumanNeuronLab\ANALYSIS\FLM\Analysis_LoraFanda\01_FBM_Analysis\outputs\04_ersp_LM_RAWONLY\EL040\LM\ERSP_matrix\picture\EL040_picture_WM_ERSP_aH_L9_TN.npy,0.0402842377260981,0.0008527131782945,True,316,17,0.062739275,17
EL040,picture,LM,aH_R12,\\nasac-m2.unige.ch\m-HumanNeuronLab\ANALYSIS\FLM\Analysis_LoraFanda\01_FBM_Analysis\outputs\04_ersp_LM_RAWONLY\EL040\LM\ERSP_matrix\picture\EL040_picture_WM_ERSP_aH_R12_TN.npy,0.033875968992248,0.0001550387596899,True,317,3,-0.05981779,3
EL040,picture,LM,aH_R13,\\nasac-m2.unige.ch\m-HumanNeuronLab\ANALYSIS\FLM\Analysis_LoraFanda\01_FBM_Analysis\outputs\04_ersp_LM_RAWONLY\EL040\LM\ERSP_matrix\picture\EL040_picture_WM_ERSP_aH_R13_TN.npy,0.0731782945736434,0.0013953488372093,True,318,19,-0.0148931565,19
EL040,picture,LM,FP_R1,\\nasac-m2.unige.ch\m-HumanNeuronLab\ANALYSIS\FLM\Analysis_LoraFanda\01_FBM_Analysis\outputs\04_ersp_LM_RAWONLY\EL040\LM\ERSP_matrix\picture\EL040_picture_WM_ERSP_FP_R1_TN.npy,0.0216020671834625,0.0011111111111111,True,319,17,0.17729689,17
EL040,picture,LM,iNH_R17,\\nasac-m2.unige.ch\m-HumanNeuronLab\ANALYSIS\FLM\Analysis_LoraFanda\01_FBM_Analysis\outputs\04_ersp_LM_RAWONLY\EL040\LM\ERSP_matrix\picture\EL040_picture_WM_ERSP_iNH_R17_TN.npy,0.054625322997416,0.0007493540051679,True,320,18,0.02654355,18
EL040,picture,LM,iNH_R18,\\nasac-m2.unige.ch\m-HumanNeuronLab\ANALYSIS\FLM\Analysis_LoraFanda\01_FBM_Analysis\outputs\04_ersp_LM_RAWONLY\EL040\LM\ERSP_matrix\picture\EL040_picture_WM_ERSP_iNH_R18_TN.npy,0.0743669250645994,0.0017054263565891,True,321,18,0.042070538,18
EL040,picture,LM,iPVH_R2,\\nasac-m2.unige.ch\m-HumanNeuronLab\ANALYSIS\FLM\Analysis_LoraFanda\01_FBM_Analysis\outputs\04_ersp_LM_RAWONLY\EL040\LM\ERSP_matrix\picture\EL040_picture_WM_ERSP_iPVH_R2_TN.npy,0.0210594315245478,0.0003875968992248,True,322,7,0.018931363,7
EL040,picture,LM,pH_R12,\\nasac-m2.unige.ch\m-HumanNeuronLab\ANALYSIS\FLM\Analysis_LoraFanda\01_FBM_Analysis\outputs\04_ersp_LM_RAWONLY\EL040\LM\ERSP_matrix\picture\EL040_picture_WM_ERSP_pH_R12_TN.npy,0.0278036175710594,0.0025839793281653,True,323,9,0.06349905,9
EL040,picture,LM,pH_R13,\\nasac-m2.unige.ch\m-HumanNeuronLab\ANALYSIS\FLM\Analysis_LoraFanda\01_FBM_Analysis\outputs\04_ersp_LM_RAWONLY\EL040\LM\ERSP_matrix\picture\EL040_picture_WM_ERSP_pH_R13_TN.npy,0.0589147286821705,0.0012919896640826,True,324,9,0.053452156,9
EL040,picture,LM,pH_R14,\\nasac-m2.unige.ch\m-HumanNeuronLab\ANALYSIS\FLM\Analysis_LoraFanda\01_FBM_Analysis\outputs\04_ersp_LM_RAWONLY\EL040\LM\ERSP_matrix\picture\EL040_picture_WM_ERSP_pH_R14_TN.npy,0.1254521963824289,0.007906976744186,True,325,9,0.06695508,9
EL040,picture,LM,PHG_R12,\\nasac-m2.unige.ch\m-HumanNeuronLab\ANALYSIS\FLM\Analysis_LoraFanda\01_FBM_Analysis\outputs\04_ersp_LM_RAWONLY\EL040\LM\ERSP_matrix\picture\EL040_picture_WM_ERSP_PHG_R12_TN.npy,0.0331007751937984,0.0019638242894056,True,326,9,0.072155304,9
EL040,picture,LM,pPVH_L16,\\nasac-m2.unige.ch\m-HumanNeuronLab\ANALYSIS\FLM\Analysis_LoraFanda\01_FBM_Analysis\outputs\04_ersp_LM_RAWONLY\EL040\LM\ERSP_matrix\picture\EL040_picture_WM_ERSP_pPVH_L16_TN.npy,0.0654780361757105,0.0003100775193798,True,327,3,0.0010572032,3
EL040,picture,LM,STG_R10,\\nasac-m2.unige.ch\m-HumanNeuronLab\ANALYSIS\FLM\Analysis_LoraFanda\01_FBM_Analysis\outputs\04_ersp_LM_RAWONLY\EL040\LM\ERSP_matrix\picture\EL040_picture_WM_ERSP_STG_R10_TN.npy,0.0390439276485788,0.007312661498708,True,328,9,0.06845767,9
EL040,reading,LM,A_R12,\\nasac-m2.unige.ch\m-HumanNeuronLab\ANALYSIS\FLM\Analysis_LoraFanda\01_FBM_Analysis\outputs\04_ersp_LM_RAWONLY\EL040\LM\ERSP_matrix\reading\EL040_reading_WM_ERSP_A_R12_TN.npy,0.0064599483204134,0.0475710594315245,True,329,1,0.14669643,1
EL040,reading,LM,aH_L11,\\nasac-m2.unige.ch\m-HumanNeuronLab\ANALYSIS\FLM\Analysis_LoraFanda\01_FBM_Analysis\outputs\04_ersp_LM_RAWONLY\EL040\LM\ERSP_matrix\reading\EL040_reading_WM_ERSP_aH_L11_TN.npy,0.1101291989664082,0.0008527131782945,True,330,19,0.021617556,19
EL040,reading,LM,aH_L12,\\nasac-m2.unige.ch\m-HumanNeuronLab\ANALYSIS\FLM\Analysis_LoraFanda\01_FBM_Analysis\outputs\04_ersp_LM_RAWONLY\EL040\LM\ERSP_matrix\reading\EL040_reading_WM_ERSP_aH_L12_TN.npy,0.1482170542635658,0.0008785529715762,True,331,19,0.15316802,19
EL040,reading,LM,aH_L7,\\nasac-m2.unige.ch\m-HumanNeuronLab\ANALYSIS\FLM\Analysis_LoraFanda\01_FBM_Analysis\outputs\04_ersp_LM_RAWONLY\EL040\LM\ERSP_matrix\reading\EL040_reading_WM_ERSP_aH_L7_TN.npy,0.0283204134366925,0.0003617571059431,True,332,3,-0.007176753,3
EL040,reading,LM,aH_L8,\\nasac-m2.unige.ch\m-HumanNeuronLab\ANALYSIS\FLM\Analysis_LoraFanda\01_FBM_Analysis\outputs\04_ersp_LM_RAWONLY\EL040\LM\ERSP_matrix\reading\EL040_reading_WM_ERSP_aH_L8_TN.npy,0.0366925064599483,0.0004134366925064,True,333,17,0.039542876,17
EL040,reading,LM,aH_L9,\\nasac-m2.unige.ch\m-HumanNeuronLab\ANALYSIS\FLM\Analysis_LoraFanda\01_FBM_Analysis\outputs\04_ersp_LM_RAWONLY\EL040\LM\ERSP_matrix\reading\EL040_reading_WM_ERSP_aH_L9_TN.npy,0.0252454780361757,0.0003875968992248,True,334,17,0.05526995,17
EL040,reading,LM,aH_R13,\\nasac-m2.unige.ch\m-HumanNeuronLab\ANALYSIS\FLM\Analysis_LoraFanda\01_FBM_Analysis\outputs\04_ersp_LM_RAWONLY\EL040\LM\ERSP_matrix\reading\EL040_reading_WM_ERSP_aH_R13_TN.npy,0.015219638242894,0.0436950904392764,True,335,15,-0.0026467452,15
EL040,reading,LM,FP_R1,\\nasac-m2.unige.ch\m-HumanNeuronLab\ANALYSIS\FLM\Analysis_LoraFanda\01_FBM_Analysis\outputs\04_ersp_LM_RAWONLY\EL040\LM\ERSP_matrix\reading\EL040_reading_WM_ERSP_FP_R1_TN.npy,0.0217312661498708,0.0013436692506459,True,336,3,0.034900937,3
EL040,reading,LM,iNH_R17,\\nasac-m2.unige.ch\m-HumanNeuronLab\ANALYSIS\FLM\Analysis_LoraFanda\01_FBM_Analysis\outputs\04_ersp_LM_RAWONLY\EL040\LM\ERSP_matrix\reading\EL040_reading_WM_ERSP_iNH_R17_TN.npy,0.0289147286821705,0.0008010335917312,True,337,9,-0.06287899,9
EL040,reading,LM,iNH_R18,\\nasac-m2.unige.ch\m-HumanNeuronLab\ANALYSIS\FLM\Analysis_LoraFanda\01_FBM_Analysis\outputs\04_ersp_LM_RAWONLY\EL040\LM\ERSP_matrix\reading\EL040_reading_WM_ERSP_iNH_R18_TN.npy,0.0601808785529715,0.0016795865633074,True,338,9,0.055445608,9
EL040,reading,LM,iNH_R1,\\nasac-m2.unige.ch\m-HumanNeuronLab\ANALYSIS\FLM\Analysis_LoraFanda\01_FBM_Analysis\outputs\04_ersp_LM_RAWONLY\EL040\LM\ERSP_matrix\reading\EL040_reading_WM_ERSP_iNH_R1_TN.npy,0.0200516795865633,0.0009560723514211,True,339,9,-0.021272613,9
EL040,reading,LM,pH_R11,\\nasac-m2.unige.ch\m-HumanNeuronLab\ANALYSIS\FLM\Analysis_LoraFanda\01_FBM_Analysis\outputs\04_ersp_LM_RAWONLY\EL040\LM\ERSP_matrix\reading\EL040_reading_WM_ERSP_pH_R11_TN.npy,0.025219638242894,0.0012403100775193,True,340,9,0.0020644919,9
EL040,reading,LM,pH_R12,\\nasac-m2.unige.ch\m-HumanNeuronLab\ANALYSIS\FLM\Analysis_LoraFanda\01_FBM_Analysis\outputs\04_ersp_LM_RAWONLY\EL040\LM\ERSP_matrix\reading\EL040_reading_WM_ERSP_pH_R12_TN.npy,0.0563565891472868,0.0012919896640826,True,341,9,-0.023185935,9
EL040,reading,LM,pH_R13,\\nasac-m2.unige.ch\m-HumanNeuronLab\ANALYSIS\FLM\Analysis_LoraFanda\01_FBM_Analysis\outputs\04_ersp_LM_RAWONLY\EL040\LM\ERSP_matrix\reading\EL040_reading_WM_ERSP_pH_R13_TN.npy,0.1072609819121447,0.0033591731266149,True,342,9,0.004766627,9
EL040,reading,LM,pH_R14,\\nasac-m2.unige.ch\m-HumanNeuronLab\ANALYSIS\FLM\Analysis_LoraFanda\01_FBM_Analysis\outputs\04_ersp_LM_RAWONLY\EL040\LM\ERSP_matrix\reading\EL040_reading_WM_ERSP_pH_R14_TN.npy,0.1897674418604651,0.0127906976744186,True,343,8,0.04029595,8
EL040,reading,LM,PHG_R12,\\nasac-m2.unige.ch\m-HumanNeuronLab\ANALYSIS\FLM\Analysis_LoraFanda\01_FBM_Analysis\outputs\04_ersp_LM_RAWONLY\EL040\LM\ERSP_matrix\reading\EL040_reading_WM_ERSP_PHG_R12_TN.npy,0.0292248062015503,0.0045219638242894,True,344,9,0.15953556,9
EL040,reading,LM,pPVH_L16,\\nasac-m2.unige.ch\m-HumanNeuronLab\ANALYSIS\FLM\Analysis_LoraFanda\01_FBM_Analysis\outputs\04_ersp_LM_RAWONLY\EL040\LM\ERSP_matrix\reading\EL040_reading_WM_ERSP_pPVH_L16_TN.npy,0.0534625322997416,0.0017571059431524,True,345,9,0.091218434,9
EL042,audio,LM,EntG_R7,\\nasac-m2.unige.ch\m-HumanNeuronLab\ANALYSIS\FLM\Analysis_LoraFanda\01_FBM_Analysis\outputs\04_ersp_LM_RAWONLY\EL042\LM\ERSP_matrix\audio\EL042_audio_WM_ERSP_EntG_R7_TN.npy,0.0041085271317829,0.0454521963824289,True,346,10,0.18410054,10
EL042,audio,LM,STG_R2,\\nasac-m2.unige.ch\m-HumanNeuronLab\ANALYSIS\FLM\Analysis_LoraFanda\01_FBM_Analysis\outputs\04_ersp_LM_RAWONLY\EL042\LM\ERSP_matrix\audio\EL042_audio_WM_ERSP_STG_R2_TN.npy,0.021188630490956,0.0055813953488372,True,347,14,-0.027308563,14
EL042,audio,LM,STG_R4,\\nasac-m2.unige.ch\m-HumanNeuronLab\ANALYSIS\FLM\Analysis_LoraFanda\01_FBM_Analysis\outputs\04_ersp_LM_RAWONLY\EL042\LM\ERSP_matrix\audio\EL042_audio_WM_ERSP_STG_R4_TN.npy,0.0349612403100775,0.0273901808785529,True,348,14,0.08173826,14
EL042,audio,LM,STG_R5,\\nasac-m2.unige.ch\m-HumanNeuronLab\ANALYSIS\FLM\Analysis_LoraFanda\01_FBM_Analysis\outputs\04_ersp_LM_RAWONLY\EL042\LM\ERSP_matrix\audio\EL042_audio_WM_ERSP_STG_R5_TN.npy,0.063204134366925,0.0254263565891472,True,349,14,0.07665904,14
EL042,audio,LM,STG_R6,\\nasac-m2.unige.ch\m-HumanNeuronLab\ANALYSIS\FLM\Analysis_LoraFanda\01_FBM_Analysis\outputs\04_ersp_LM_RAWONLY\EL042\LM\ERSP_matrix\audio\EL042_audio_WM_ERSP_STG_R6_TN.npy,0.1012144702842377,0.0315245478036175,True,350,14,0.07592884,14
EL042,audio,LM,STG_R9,\\nasac-m2.unige.ch\m-HumanNeuronLab\ANALYSIS\FLM\Analysis_LoraFanda\01_FBM_Analysis\outputs\04_ersp_LM_RAWONLY\EL042\LM\ERSP_matrix\audio\EL042_audio_WM_ERSP_STG_R9_TN.npy,0.0356330749354005,0.0256072351421188,True,351,14,0.09424418,14
EL042,picture,LM,aI_R18,\\nasac-m2.unige.ch\m-HumanNeuronLab\ANALYSIS\FLM\Analysis_LoraFanda\01_FBM_Analysis\outputs\04_ersp_LM_RAWONLY\EL042\LM\ERSP_matrix\picture\EL042_picture_WM_ERSP_aI_R18_TN.npy,0.0024289405684754,0.0469767441860465,True,352,10,0.37838793,10
EL042,picture,LM,EntG_R7,\\nasac-m2.unige.ch\m-HumanNeuronLab\ANALYSIS\FLM\Analysis_LoraFanda\01_FBM_Analysis\outputs\04_ersp_LM_RAWONLY\EL042\LM\ERSP_matrix\picture\EL042_picture_WM_ERSP_EntG_R7_TN.npy,0.0014211886304909,0.0551679586563307,True,353,10,0.33739632,10
EL042,picture,LM,pH_R5,\\nasac-m2.unige.ch\m-HumanNeuronLab\ANALYSIS\FLM\Analysis_LoraFanda\01_FBM_Analysis\outputs\04_ersp_LM_RAWONLY\EL042\LM\ERSP_matrix\picture\EL042_picture_WM_ERSP_pH_R5_TN.npy,0.0234625322997416,0.0003100775193798,True,354,17,0.13415083,17
EL042,reading,LM,A_R10,\\nasac-m2.unige.ch\m-HumanNeuronLab\ANALYSIS\FLM\Analysis_LoraFanda\01_FBM_Analysis\outputs\04_ersp_LM_RAWONLY\EL042\LM\ERSP_matrix\reading\EL042_reading_WM_ERSP_A_R10_TN.npy,0.0227906976744186,0.0025581395348837,True,355,16,0.1391617,16
EL042,reading,LM,A_R11,\\nasac-m2.unige.ch\m-HumanNeuronLab\ANALYSIS\FLM\Analysis_LoraFanda\01_FBM_Analysis\outputs\04_ersp_LM_RAWONLY\EL042\LM\ERSP_matrix\reading\EL042_reading_WM_ERSP_A_R11_TN.npy,0.0239018087855297,0.0013178294573643,True,356,16,0.17660443,16
EL042,reading,LM,pH_R10,\\nasac-m2.unige.ch\m-HumanNeuronLab\ANALYSIS\FLM\Analysis_LoraFanda\01_FBM_Analysis\outputs\04_ersp_LM_RAWONLY\EL042\LM\ERSP_matrix\reading\EL042_reading_WM_ERSP_pH_R10_TN.npy,0.0364599483204134,0.0003875968992248,True,357,16,0.13297604,16
EL042,reading,LM,pH_R11,\\nasac-m2.unige.ch\m-HumanNeuronLab\ANALYSIS\FLM\Analysis_LoraFanda\01_FBM_Analysis\outputs\04_ersp_LM_RAWONLY\EL042\LM\ERSP_matrix\reading\EL042_reading_WM_ERSP_pH_R11_TN.npy,0.03,0.0002067183462532,True,358,16,0.19543055,16
EL042,reading,LM,pH_R12,\\nasac-m2.unige.ch\m-HumanNeuronLab\ANALYSIS\FLM\Analysis_LoraFanda\01_FBM_Analysis\outputs\04_ersp_LM_RAWONLY\EL042\LM\ERSP_matrix\reading\EL042_reading_WM_ERSP_pH_R12_TN.npy,0.0275193798449612,0.0007235142118863,True,359,16,0.19902402,16
EL042,reading,LM,pH_R13,\\nasac-m2.unige.ch\m-HumanNeuronLab\ANALYSIS\FLM\Analysis_LoraFanda\01_FBM_Analysis\outputs\04_ersp_LM_RAWONLY\EL042\LM\ERSP_matrix\reading\EL042_reading_WM_ERSP_pH_R13_TN.npy,0.0226873385012919,0.000594315245478,True,360,16,0.18967797,16
EL042,reading,LM,pH_R14,\\nasac-m2.unige.ch\m-HumanNeuronLab\ANALYSIS\FLM\Analysis_LoraFanda\01_FBM_Analysis\outputs\04_ersp_LM_RAWONLY\EL042\LM\ERSP_matrix\reading\EL042_reading_WM_ERSP_pH_R14_TN.npy,0.0285271317829457,0.000594315245478,True,361,16,0.13562968,16
EL042,reading,LM,STG_R2,\\nasac-m2.unige.ch\m-HumanNeuronLab\ANALYSIS\FLM\Analysis_LoraFanda\01_FBM_Analysis\outputs\04_ersp_LM_RAWONLY\EL042\LM\ERSP_matrix\reading\EL042_reading_WM_ERSP_STG_R2_TN.npy,0.0220413436692506,0.0005426356589147,True,362,16,0.043855656,16
EL042,reading,LM,STG_R5,\\nasac-m2.unige.ch\m-HumanNeuronLab\ANALYSIS\FLM\Analysis_LoraFanda\01_FBM_Analysis\outputs\04_ersp_LM_RAWONLY\EL042\LM\ERSP_matrix\reading\EL042_reading_WM_ERSP_STG_R5_TN.npy,0.0291472868217054,0.0037467700258397,True,363,18,0.046780553,18
EL042,reading,LM,STG_R6,\\nasac-m2.unige.ch\m-HumanNeuronLab\ANALYSIS\FLM\Analysis_LoraFanda\01_FBM_Analysis\outputs\04_ersp_LM_RAWONLY\EL042\LM\ERSP_matrix\reading\EL042_reading_WM_ERSP_STG_R6_TN.npy,0.0320671834625322,0.0042894056847545,True,364,18,0.042085752,18
EL043,audio,LM,A_L2,\\nasac-m2.unige.ch\m-HumanNeuronLab\ANALYSIS\FLM\Analysis_LoraFanda\01_FBM_Analysis\outputs\04_ersp_LM_RAWONLY\EL043\LM\ERSP_matrix\audio\EL043_audio_WM_ERSP_A_L2_TN.npy,0.0216795865633074,0.0045994832041343,True,365,7,0.028116656,7
EL043,audio,LM,A_L3,\\nasac-m2.unige.ch\m-HumanNeuronLab\ANALYSIS\FLM\Analysis_LoraFanda\01_FBM_Analysis\outputs\04_ersp_LM_RAWONLY\EL043\LM\ERSP_matrix\audio\EL043_audio_WM_ERSP_A_L3_TN.npy,0.0249354005167958,0.0048578811369509,True,366,6,0.095456,6
EL043,audio,LM,A_L4,\\nasac-m2.unige.ch\m-HumanNeuronLab\ANALYSIS\FLM\Analysis_LoraFanda\01_FBM_Analysis\outputs\04_ersp_LM_RAWONLY\EL043\LM\ERSP_matrix\audio\EL043_audio_WM_ERSP_A_L4_TN.npy,0.0356330749354005,0.0046770025839793,True,367,6,0.07742975,6
EL043,audio,LM,Hip_L1,\\nasac-m2.unige.ch\m-HumanNeuronLab\ANALYSIS\FLM\Analysis_LoraFanda\01_FBM_Analysis\outputs\04_ersp_LM_RAWONLY\EL043\LM\ERSP_matrix\audio\EL043_audio_WM_ERSP_Hip_L1_TN.npy,0.0319121447028423,0.0037467700258397,True,368,6,0.013041122,6
EL043,audio,LM,Hip_L2,\\nasac-m2.unige.ch\m-HumanNeuronLab\ANALYSIS\FLM\Analysis_LoraFanda\01_FBM_Analysis\outputs\04_ersp_LM_RAWONLY\EL043\LM\ERSP_matrix\audio\EL043_audio_WM_ERSP_Hip_L2_TN.npy,0.0278811369509043,0.0054005167958656,True,369,7,0.0079836305,7
EL043,audio,LM,Hip_L7,\\nasac-m2.unige.ch\m-HumanNeuronLab\ANALYSIS\FLM\Analysis_LoraFanda\01_FBM_Analysis\outputs\04_ersp_LM_RAWONLY\EL043\LM\ERSP_matrix\audio\EL043_audio_WM_ERSP_Hip_L7_TN.npy,0.031266149870801,0.0567441860465116,True,370,8,0.034042586,8
EL043,audio,LM,Hip_L8,\\nasac-m2.unige.ch\m-HumanNeuronLab\ANALYSIS\FLM\Analysis_LoraFanda\01_FBM_Analysis\outputs\04_ersp_LM_RAWONLY\EL043\LM\ERSP_matrix\audio\EL043_audio_WM_ERSP_Hip_L8_TN.npy,0.0522480620155038,0.131860465116279,True,371,8,0.09326562,8
EL043,audio,LM,Hip_L9,\\nasac-m2.unige.ch\m-HumanNeuronLab\ANALYSIS\FLM\Analysis_LoraFanda\01_FBM_Analysis\outputs\04_ersp_LM_RAWONLY\EL043\LM\ERSP_matrix\audio\EL043_audio_WM_ERSP_Hip_L9_TN.npy,0.0548320413436692,0.1282170542635659,True,372,8,0.113615036,8
EL043,audio,LM,IOG_L10,\\nasac-m2.unige.ch\m-HumanNeuronLab\ANALYSIS\FLM\Analysis_LoraFanda\01_FBM_Analysis\outputs\04_ersp_LM_RAWONLY\EL043\LM\ERSP_matrix\audio\EL043_audio_WM_ERSP_IOG_L10_TN.npy,0.0262273901808785,0.0236692506459948,True,373,9,0.11630513,9
EL043,audio,LM,IOG_L11,\\nasac-m2.unige.ch\m-HumanNeuronLab\ANALYSIS\FLM\Analysis_LoraFanda\01_FBM_Analysis\outputs\04_ersp_LM_RAWONLY\EL043\LM\ERSP_matrix\audio\EL043_audio_WM_ERSP_IOG_L11_TN.npy,0.0425581395348837,0.058656330749354,True,374,8,-0.009621235,8
EL043,audio,LM,IOG_L12,\\nasac-m2.unige.ch\m-HumanNeuronLab\ANALYSIS\FLM\Analysis_LoraFanda\01_FBM_Analysis\outputs\04_ersp_LM_RAWONLY\EL043\LM\ERSP_matrix\audio\EL043_audio_WM_ERSP_IOG_L12_TN.npy,0.0292248062015503,0.0249354005167958,True,375,9,0.12165117,9
EL043,audio,LM,IOG_L3,\\nasac-m2.unige.ch\m-HumanNeuronLab\ANALYSIS\FLM\Analysis_LoraFanda\01_FBM_Analysis\outputs\04_ersp_LM_RAWONLY\EL043\LM\ERSP_matrix\audio\EL043_audio_WM_ERSP_IOG_L3_TN.npy,0.02,0.0078811369509043,True,376,7,0.05712472,7
EL043,audio,LM,IOG_L4,\\nasac-m2.unige.ch\m-HumanNeuronLab\ANALYSIS\FLM\Analysis_LoraFanda\01_FBM_Analysis\outputs\04_ersp_LM_RAWONLY\EL043\LM\ERSP_matrix\audio\EL043_audio_WM_ERSP_IOG_L4_TN.npy,0.0216795865633074,0.0157364341085271,True,377,7,0.08651641,7
EL043,audio,LM,IOG_L8,\\nasac-m2.unige.ch\m-HumanNeuronLab\ANALYSIS\FLM\Analysis_LoraFanda\01_FBM_Analysis\outputs\04_ersp_LM_RAWONLY\EL043\LM\ERSP_matrix\audio\EL043_audio_WM_ERSP_IOG_L8_TN.npy,0.0214728682170542,0.0171059431524547,True,378,7,0.04963885,7
EL043,audio,LM,IOG_L9,\\nasac-m2.unige.ch\m-HumanNeuronLab\ANALYSIS\FLM\Analysis_LoraFanda\01_FBM_Analysis\outputs\04_ersp_LM_RAWONLY\EL043\LM\ERSP_matrix\audio\EL043_audio_WM_ERSP_IOG_L9_TN.npy,0.0257622739018087,0.0179328165374677,True,379,9,0.058103126,9
EL043,audio,LM,iSMG_L10,\\nasac-m2.unige.ch\m-HumanNeuronLab\ANALYSIS\FLM\Analysis_LoraFanda\01_FBM_Analysis\outputs\04_ersp_LM_RAWONLY\EL043\LM\ERSP_matrix\audio\EL043_audio_WM_ERSP_iSMG_L10_TN.npy,0.0210077519379844,0.014470284237726,True,380,7,0.09260667,7
EL043,audio,LM,iSMG_L11,\\nasac-m2.unige.ch\m-HumanNeuronLab\ANALYSIS\FLM\Analysis_LoraFanda\01_FBM_Analysis\outputs\04_ersp_LM_RAWONLY\EL043\LM\ERSP_matrix\audio\EL043_audio_WM_ERSP_iSMG_L11_TN.npy,0.0295348837209302,0.0140310077519379,True,381,7,0.087829016,7
EL043,audio,LM,iSMG_L12,\\nasac-m2.unige.ch\m-HumanNeuronLab\ANALYSIS\FLM\Analysis_LoraFanda\01_FBM_Analysis\outputs\04_ersp_LM_RAWONLY\EL043\LM\ERSP_matrix\audio\EL043_audio_WM_ERSP_iSMG_L12_TN.npy,0.020594315245478,0.0188372093023255,True,382,7,0.1061561,7
EL043,audio,LM,iSMG_L13,\\nasac-m2.unige.ch\m-HumanNeuronLab\ANALYSIS\FLM\Analysis_LoraFanda\01_FBM_Analysis\outputs\04_ersp_LM_RAWONLY\EL043\LM\ERSP_matrix\audio\EL043_audio_WM_ERSP_iSMG_L13_TN.npy,0.0309043927648578,0.0209302325581395,True,383,7,0.110544,7
EL043,audio,LM,iSMG_L14,\\nasac-m2.unige.ch\m-HumanNeuronLab\ANALYSIS\FLM\Analysis_LoraFanda\01_FBM_Analysis\outputs\04_ersp_LM_RAWONLY\EL043\LM\ERSP_matrix\audio\EL043_audio_WM_ERSP_iSMG_L14_TN.npy,0.0337209302325581,0.0212144702842377,True,384,7,0.0788237,7
EL043,audio,LM,iSMG_L15,\\nasac-m2.unige.ch\m-HumanNeuronLab\ANALYSIS\FLM\Analysis_LoraFanda\01_FBM_Analysis\outputs\04_ersp_LM_RAWONLY\EL043\LM\ERSP_matrix\audio\EL043_audio_WM_ERSP_iSMG_L15_TN.npy,0.0295865633074935,0.0209043927648578,True,385,7,-0.010648071,7
EL043,audio,LM,iSMG_L1,\\nasac-m2.unige.ch\m-HumanNeuronLab\ANALYSIS\FLM\Analysis_LoraFanda\01_FBM_Analysis\outputs\04_ersp_LM_RAWONLY\EL043\LM\ERSP_matrix\audio\EL043_audio_WM_ERSP_iSMG_L1_TN.npy,0.0614470284237726,0.0078552971576227,True,386,18,0.0890831,18
EL043,audio,LM,iSMG_L2,\\nasac-m2.unige.ch\m-HumanNeuronLab\ANALYSIS\FLM\Analysis_LoraFanda\01_FBM_Analysis\outputs\04_ersp_LM_RAWONLY\EL043\LM\ERSP_matrix\audio\EL043_audio_WM_ERSP_iSMG_L2_TN.npy,0.1028940568475452,0.0094315245478036,True,387,18,0.13152896,18
EL043,audio,LM,iSMG_L3,\\nasac-m2.unige.ch\m-HumanNeuronLab\ANALYSIS\FLM\Analysis_LoraFanda\01_FBM_Analysis\outputs\04_ersp_LM_RAWONLY\EL043\LM\ERSP_matrix\audio\EL043_audio_WM_ERSP_iSMG_L3_TN.npy,0.2599741602067183,0.0090697674418604,True,388,11,-0.1227996,11
EL043,audio,LM,iSMG_L8,\\nasac-m2.unige.ch\m-HumanNeuronLab\ANALYSIS\FLM\Analysis_LoraFanda\01_FBM_Analysis\outputs\04_ersp_LM_RAWONLY\EL043\LM\ERSP_matrix\audio\EL043_audio_WM_ERSP_iSMG_L8_TN.npy,0.0237726098191214,0.0134366925064599,True,389,7,0.06990236,7
EL043,audio,LM,iSMG_L9,\\nasac-m2.unige.ch\m-HumanNeuronLab\ANALYSIS\FLM\Analysis_LoraFanda\01_FBM_Analysis\outputs\04_ersp_LM_RAWONLY\EL043\LM\ERSP_matrix\audio\EL043_audio_WM_ERSP_iSMG_L9_TN.npy,0.0277002583979328,0.0188113695090439,True,390,7,0.08793884,7
EL043,audio,LM,ITG_L10,\\nasac-m2.unige.ch\m-HumanNeuronLab\ANALYSIS\FLM\Analysis_LoraFanda\01_FBM_Analysis\outputs\04_ersp_LM_RAWONLY\EL043\LM\ERSP_matrix\audio\EL043_audio_WM_ERSP_ITG_L10_TN.npy,0.009328165374677,0.0525839793281653,True,391,1,0.09619546,1
EL043,audio,LM,ITG_L3,\\nasac-m2.unige.ch\m-HumanNeuronLab\ANALYSIS\FLM\Analysis_LoraFanda\01_FBM_Analysis\outputs\04_ersp_LM_RAWONLY\EL043\LM\ERSP_matrix\audio\EL043_audio_WM_ERSP_ITG_L3_TN.npy,0.0205426356589147,0.0055038759689922,True,392,7,0.16353287,7
EL043,audio,LM,ITG_L4,\\nasac-m2.unige.ch\m-HumanNeuronLab\ANALYSIS\FLM\Analysis_LoraFanda\01_FBM_Analysis\outputs\04_ersp_LM_RAWONLY\EL043\LM\ERSP_matrix\audio\EL043_audio_WM_ERSP_ITG_L4_TN.npy,0.0436950904392764,0.0048578811369509,True,393,6,0.093903214,6
EL043,audio,LM,LinG_L5,\\nasac-m2.unige.ch\m-HumanNeuronLab\ANALYSIS\FLM\Analysis_LoraFanda\01_FBM_Analysis\outputs\04_ersp_LM_RAWONLY\EL043\LM\ERSP_matrix\audio\EL043_audio_WM_ERSP_LinG_L5_TN.npy,0.0211369509043927,0.0147286821705426,True,394,7,0.10748955,7
EL043,audio,LM,LinG_L6,\\nasac-m2.unige.ch\m-HumanNeuronLab\ANALYSIS\FLM\Analysis_LoraFanda\01_FBM_Analysis\outputs\04_ersp_LM_RAWONLY\EL043\LM\ERSP_matrix\audio\EL043_audio_WM_ERSP_LinG_L6_TN.npy,0.0257881136950904,0.0138501291989664,True,395,7,0.10587947,7
EL043,audio,LM,LinG_L7,\\nasac-m2.unige.ch\m-HumanNeuronLab\ANALYSIS\FLM\Analysis_LoraFanda\01_FBM_Analysis\outputs\04_ersp_LM_RAWONLY\EL043\LM\ERSP_matrix\audio\EL043_audio_WM_ERSP_LinG_L7_TN.npy,0.0290439276485788,0.0116537467700258,True,396,7,0.08953784,7
EL043,audio,LM,LinG_L8,\\nasac-m2.unige.ch\m-HumanNeuronLab\ANALYSIS\FLM\Analysis_LoraFanda\01_FBM_Analysis\outputs\04_ersp_LM_RAWONLY\EL043\LM\ERSP_matrix\audio\EL043_audio_WM_ERSP_LinG_L8_TN.npy,0.0275968992248062,0.0130490956072351,True,397,7,0.13797107,7
EL043,audio,LM,pIns_L11,\\nasac-m2.unige.ch\m-HumanNeuronLab\ANALYSIS\FLM\Analysis_LoraFanda\01_FBM_Analysis\outputs\04_ersp_LM_RAWONLY\EL043\LM\ERSP_matrix\audio\EL043_audio_WM_ERSP_pIns_L11_TN.npy,0.0211369509043927,0.0134108527131782,True,398,16,0.091527194,16
EL043,audio,LM,pIns_L12,\\nasac-m2.unige.ch\m-HumanNeuronLab\ANALYSIS\FLM\Analysis_LoraFanda\01_FBM_Analysis\outputs\04_ersp_LM_RAWONLY\EL043\LM\ERSP_matrix\audio\EL043_audio_WM_ERSP_pIns_L12_TN.npy,0.0249612403100775,0.0113953488372093,True,399,16,0.0694134,16
EL043,audio,LM,pIns_L13,\\nasac-m2.unige.ch\m-HumanNeuronLab\ANALYSIS\FLM\Analysis_LoraFanda\01_FBM_Analysis\outputs\04_ersp_LM_RAWONLY\EL043\LM\ERSP_matrix\audio\EL043_audio_WM_ERSP_pIns_L13_TN.npy,0.0302067183462532,0.0162790697674418,True,400,16,0.09173104,16
EL043,audio,LM,pIns_L15,\\nasac-m2.unige.ch\m-HumanNeuronLab\ANALYSIS\FLM\Analysis_LoraFanda\01_FBM_Analysis\outputs\04_ersp_LM_RAWONLY\EL043\LM\ERSP_matrix\audio\EL043_audio_WM_ERSP_pIns_L15_TN.npy,0.0208527131782945,0.0168217054263565,True,401,16,0.021935986,16
EL043,audio,LM,pIns_L16,\\nasac-m2.unige.ch\m-HumanNeuronLab\ANALYSIS\FLM\Analysis_LoraFanda\01_FBM_Analysis\outputs\04_ersp_LM_RAWONLY\EL043\LM\ERSP_matrix\audio\EL043_audio_WM_ERSP_pIns_L16_TN.npy,0.0201550387596899,0.0159948320413436,True,402,7,0.025691079,7
EL043,audio,LM,pIns_L17,\\nasac-m2.unige.ch\m-HumanNeuronLab\ANALYSIS\FLM\Analysis_LoraFanda\01_FBM_Analysis\outputs\04_ersp_LM_RAWONLY\EL043\LM\ERSP_matrix\audio\EL043_audio_WM_ERSP_pIns_L17_TN.npy,0.0248320413436692,0.0135400516795865,True,403,16,0.033675946,16
EL043,audio,LM,pIns_L1,\\nasac-m2.unige.ch\m-HumanNeuronLab\ANALYSIS\FLM\Analysis_LoraFanda\01_FBM_Analysis\outputs\04_ersp_LM_RAWONLY\EL043\LM\ERSP_matrix\audio\EL043_audio_WM_ERSP_pIns_L1_TN.npy,0.0297674418604651,0.0117312661498708,True,404,7,0.103830546,7
EL043,audio,LM,pIns_L3,\\nasac-m2.unige.ch\m-HumanNeuronLab\ANALYSIS\FLM\Analysis_LoraFanda\01_FBM_Analysis\outputs\04_ersp_LM_RAWONLY\EL043\LM\ERSP_matrix\audio\EL043_audio_WM_ERSP_pIns_L3_TN.npy,0.0213436692506459,0.0136175710594315,True,405,16,-0.02687304,16
EL043,audio,LM,pIns_L4,\\nasac-m2.unige.ch\m-HumanNeuronLab\ANALYSIS\FLM\Analysis_LoraFanda\01_FBM_Analysis\outputs\04_ersp_LM_RAWONLY\EL043\LM\ERSP_matrix\audio\EL043_audio_WM_ERSP_pIns_L4_TN.npy,0.0243410852713178,0.0133333333333333,True,406,7,0.08825931,7
EL043,audio,LM,pIns_L6,\\nasac-m2.unige.ch\m-HumanNeuronLab\ANALYSIS\FLM\Analysis_LoraFanda\01_FBM_Analysis\outputs\04_ersp_LM_RAWONLY\EL043\LM\ERSP_matrix\audio\EL043_audio_WM_ERSP_pIns_L6_TN.npy,0.0236434108527131,0.0121188630490956,True,407,16,0.065074705,16
EL043,audio,LM,pIns_L7,\\nasac-m2.unige.ch\m-HumanNeuronLab\ANALYSIS\FLM\Analysis_LoraFanda\01_FBM_Analysis\outputs\04_ersp_LM_RAWONLY\EL043\LM\ERSP_matrix\audio\EL043_audio_WM_ERSP_pIns_L7_TN.npy,0.0306718346253229,0.0071059431524547,True,408,16,0.04749662,16
EL043,audio,LM,pIns_L8,\\nasac-m2.unige.ch\m-HumanNeuronLab\ANALYSIS\FLM\Analysis_LoraFanda\01_FBM_Analysis\outputs\04_ersp_LM_RAWONLY\EL043\LM\ERSP_matrix\audio\EL043_audio_WM_ERSP_pIns_L8_TN.npy,0.0222739018087855,0.0128940568475452,True,409,16,0.04351768,16
EL043,audio,LM,pIns_L9,\\nasac-m2.unige.ch\m-HumanNeuronLab\ANALYSIS\FLM\Analysis_LoraFanda\01_FBM_Analysis\outputs\04_ersp_LM_RAWONLY\EL043\LM\ERSP_matrix\audio\EL043_audio_WM_ERSP_pIns_L9_TN.npy,0.0221447028423772,0.0137726098191214,True,410,16,0.0770481,16
EL043,audio,LM,sSMG_L11,\\nasac-m2.unige.ch\m-HumanNeuronLab\ANALYSIS\FLM\Analysis_LoraFanda\01_FBM_Analysis\outputs\04_ersp_LM_RAWONLY\EL043\LM\ERSP_matrix\audio\EL043_audio_WM_ERSP_sSMG_L11_TN.npy,0.0240826873385012,0.004547803617571,True,411,7,0.04503326,7
EL043,audio,LM,sSMG_L1,\\nasac-m2.unige.ch\m-HumanNeuronLab\ANALYSIS\FLM\Analysis_LoraFanda\01_FBM_Analysis\outputs\04_ersp_LM_RAWONLY\EL043\LM\ERSP_matrix\audio\EL043_audio_WM_ERSP_sSMG_L1_TN.npy,0.0234883720930232,0.0082687338501291,True,412,3,0.010576666,3
EL043,audio,LM,sSMG_L4,\\nasac-m2.unige.ch\m-HumanNeuronLab\ANALYSIS\FLM\Analysis_LoraFanda\01_FBM_Analysis\outputs\04_ersp_LM_RAWONLY\EL043\LM\ERSP_matrix\audio\EL043_audio_WM_ERSP_sSMG_L4_TN.npy,0.0287080103359173,0.0062015503875968,True,413,7,0.03420416,7
EL043,audio,LM,sSMG_L8,\\nasac-m2.unige.ch\m-HumanNeuronLab\ANALYSIS\FLM\Analysis_LoraFanda\01_FBM_Analysis\outputs\04_ersp_LM_RAWONLY\EL043\LM\ERSP_matrix\audio\EL043_audio_WM_ERSP_sSMG_L8_TN.npy,0.0209043927648578,0.0157881136950904,True,414,7,0.11710629,7
EL043,audio,LM,sSMG_L9,\\nasac-m2.unige.ch\m-HumanNeuronLab\ANALYSIS\FLM\Analysis_LoraFanda\01_FBM_Analysis\outputs\04_ersp_LM_RAWONLY\EL043\LM\ERSP_matrix\audio\EL043_audio_WM_ERSP_sSMG_L9_TN.npy,0.0203617571059431,0.0105426356589147,True,415,7,0.08594298,7
EL043,audio,LM,STG_L2,\\nasac-m2.unige.ch\m-HumanNeuronLab\ANALYSIS\FLM\Analysis_LoraFanda\01_FBM_Analysis\outputs\04_ersp_LM_RAWONLY\EL043\LM\ERSP_matrix\audio\EL043_audio_WM_ERSP_STG_L2_TN.npy,0.1148578811369509,0.0034366925064599,True,416,18,0.16533235,18
EL043,audio,LM,STG_L3,\\nasac-m2.unige.ch\m-HumanNeuronLab\ANALYSIS\FLM\Analysis_LoraFanda\01_FBM_Analysis\outputs\04_ersp_LM_RAWONLY\EL043\LM\ERSP_matrix\audio\EL043_audio_WM_ERSP_STG_L3_TN.npy,0.0657105943152454,0.0041085271317829,True,417,18,0.123440385,18
EL043,audio,LM,STG_L4,\\nasac-m2.unige.ch\m-HumanNeuronLab\ANALYSIS\FLM\Analysis_LoraFanda\01_FBM_Analysis\outputs\04_ersp_LM_RAWONLY\EL043\LM\ERSP_matrix\audio\EL043_audio_WM_ERSP_STG_L4_TN.npy,0.0584496124031007,0.002609819121447,True,418,18,0.10415248,18
EL043,audio,LM,STG_L6,\\nasac-m2.unige.ch\m-HumanNeuronLab\ANALYSIS\FLM\Analysis_LoraFanda\01_FBM_Analysis\outputs\04_ersp_LM_RAWONLY\EL043\LM\ERSP_matrix\audio\EL043_audio_WM_ERSP_STG_L6_TN.npy,0.0335400516795865,0.0061498708010335,True,419,7,0.05633761,7
EL043,audio,LM,STG_L8,\\nasac-m2.unige.ch\m-HumanNeuronLab\ANALYSIS\FLM\Analysis_LoraFanda\01_FBM_Analysis\outputs\04_ersp_LM_RAWONLY\EL043\LM\ERSP_matrix\audio\EL043_audio_WM_ERSP_STG_L8_TN.npy,0.0158397932816537,0.060516795865633,True,420,8,-0.0036826893,8
EL043,picture,LM,Hip_L1,\\nasac-m2.unige.ch\m-HumanNeuronLab\ANALYSIS\FLM\Analysis_LoraFanda\01_FBM_Analysis\outputs\04_ersp_LM_RAWONLY\EL043\LM\ERSP_matrix\picture\EL043_picture_WM_ERSP_Hip_L1_TN.npy,0.0229715762273901,0.0010594315245478,True,421,6,0.03893904,6
EL043,picture,LM,Hip_L8,\\nasac-m2.unige.ch\m-HumanNeuronLab\ANALYSIS\FLM\Analysis_LoraFanda\01_FBM_Analysis\outputs\04_ersp_LM_RAWONLY\EL043\LM\ERSP_matrix\picture\EL043_picture_WM_ERSP_Hip_L8_TN.npy,0.0214211886304909,0.0072609819121447,True,422,9,0.03893404,9
EL043,picture,LM,Hip_L9,\\nasac-m2.unige.ch\m-HumanNeuronLab\ANALYSIS\FLM\Analysis_LoraFanda\01_FBM_Analysis\outputs\04_ersp_LM_RAWONLY\EL043\LM\ERSP_matrix\picture\EL043_picture_WM_ERSP_Hip_L9_TN.npy,0.0205426356589147,0.007906976744186,True,423,9,0.048388507,9
EL043,picture,LM,IOG_L11,\\nasac-m2.unige.ch\m-HumanNeuronLab\ANALYSIS\FLM\Analysis_LoraFanda\01_FBM_Analysis\outputs\04_ersp_LM_RAWONLY\EL043\LM\ERSP_matrix\picture\EL043_picture_WM_ERSP_IOG_L11_TN.npy,0.0001033591731266,0.4383204134366925,True,424,4,0.13107064,4
EL043,picture,LM,IOG_L1,\\nasac-m2.unige.ch\m-HumanNeuronLab\ANALYSIS\FLM\Analysis_LoraFanda\01_FBM_Analysis\outputs\04_ersp_LM_RAWONLY\EL043\LM\ERSP_matrix\picture\EL043_picture_WM_ERSP_IOG_L1_TN.npy,0.0306718346253229,0.0051162790697674,True,425,7,0.057796285,7
EL043,picture,LM,IOG_L2,\\nasac-m2.unige.ch\m-HumanNeuronLab\ANALYSIS\FLM\Analysis_LoraFanda\01_FBM_Analysis\outputs\04_ersp_LM_RAWONLY\EL043\LM\ERSP_matrix\picture\EL043_picture_WM_ERSP_IOG_L2_TN.npy,0.0315762273901808,0.0017829457364341,True,426,7,0.041274626,7
EL043,picture,LM,IOG_L3,\\nasac-m2.unige.ch\m-HumanNeuronLab\ANALYSIS\FLM\Analysis_LoraFanda\01_FBM_Analysis\outputs\04_ersp_LM_RAWONLY\EL043\LM\ERSP_matrix\picture\EL043_picture_WM_ERSP_IOG_L3_TN.npy,0.0277519379844961,0.0014728682170542,True,427,7,0.056291014,7
EL043,picture,LM,IOG_L4,\\nasac-m2.unige.ch\m-HumanNeuronLab\ANALYSIS\FLM\Analysis_LoraFanda\01_FBM_Analysis\outputs\04_ersp_LM_RAWONLY\EL043\LM\ERSP_matrix\picture\EL043_picture_WM_ERSP_IOG_L4_TN.npy,0.0737467700258397,0.0009302325581395,True,428,11,-0.1908929,11
EL043,picture,LM,IOG_L5,\\nasac-m2.unige.ch\m-HumanNeuronLab\ANALYSIS\FLM\Analysis_LoraFanda\01_FBM_Analysis\outputs\04_ersp_LM_RAWONLY\EL043\LM\ERSP_matrix\picture\EL043_picture_WM_ERSP_IOG_L5_TN.npy,0.1374935400516795,0.0024289405684754,True,429,11,0.11723815,11
EL043,picture,LM,IOG_L6,\\nasac-m2.unige.ch\m-HumanNeuronLab\ANALYSIS\FLM\Analysis_LoraFanda\01_FBM_Analysis\outputs\04_ersp_LM_RAWONLY\EL043\LM\ERSP_matrix\picture\EL043_picture_WM_ERSP_IOG_L6_TN.npy,0.175297157622739,0.0038242894056847,True,430,11,0.13810927,11
EL043,picture,LM,IOG_L7,\\nasac-m2.unige.ch\m-HumanNeuronLab\ANALYSIS\FLM\Analysis_LoraFanda\01_FBM_Analysis\outputs\04_ersp_LM_RAWONLY\EL043\LM\ERSP_matrix\picture\EL043_picture_WM_ERSP_IOG_L7_TN.npy,0.1665891472868217,0.0026356589147286,True,431,11,0.15204512,11
EL043,picture,LM,IOG_L8,\\nasac-m2.unige.ch\m-HumanNeuronLab\ANALYSIS\FLM\Analysis_LoraFanda\01_FBM_Analysis\outputs\04_ersp_LM_RAWONLY\EL043\LM\ERSP_matrix\picture\EL043_picture_WM_ERSP_IOG_L8_TN.npy,0.136640826873385,0.0010335917312661,True,432,11,0.025160344,11
EL043,picture,LM,IOG_L9,\\nasac-m2.unige.ch\m-HumanNeuronLab\ANALYSIS\FLM\Analysis_LoraFanda\01_FBM_Analysis\outputs\04_ersp_LM_RAWONLY\EL043\LM\ERSP_matrix\picture\EL043_picture_WM_ERSP_IOG_L9_TN.npy,0.0378811369509043,0.0029457364341085,True,433,7,0.11499841,7
EL043,picture,LM,iSMG_L10,\\nasac-m2.unige.ch\m-HumanNeuronLab\ANALYSIS\FLM\Analysis_LoraFanda\01_FBM_Analysis\outputs\04_ersp_LM_RAWONLY\EL043\LM\ERSP_matrix\picture\EL043_picture_WM_ERSP_iSMG_L10_TN.npy,0.037906976744186,0.0027390180878552,True,434,7,0.041578755,7
EL043,picture,LM,iSMG_L11,\\nasac-m2.unige.ch\m-HumanNeuronLab\ANALYSIS\FLM\Analysis_LoraFanda\01_FBM_Analysis\outputs\04_ersp_LM_RAWONLY\EL043\LM\ERSP_matrix\picture\EL043_picture_WM_ERSP_iSMG_L11_TN.npy,0.0300516795865633,0.005219638242894,True,435,7,0.12847997,7
EL043,picture,LM,iSMG_L12,\\nasac-m2.unige.ch\m-HumanNeuronLab\ANALYSIS\FLM\Analysis_LoraFanda\01_FBM_Analysis\outputs\04_ersp_LM_RAWONLY\EL043\LM\ERSP_matrix\picture\EL043_picture_WM_ERSP_iSMG_L12_TN.npy,0.0329198966408268,0.0045736434108527,True,436,7,0.13000728,7
EL043,picture,LM,iSMG_L13,\\nasac-m2.unige.ch\m-HumanNeuronLab\ANALYSIS\FLM\Analysis_LoraFanda\01_FBM_Analysis\outputs\04_ersp_LM_RAWONLY\EL043\LM\ERSP_matrix\picture\EL043_picture_WM_ERSP_iSMG_L13_TN.npy,0.0305684754521963,0.0033333333333333,True,437,7,0.121419795,7
EL043,picture,LM,iSMG_L14,\\nasac-m2.unige.ch\m-HumanNeuronLab\ANALYSIS\FLM\Analysis_LoraFanda\01_FBM_Analysis\outputs\04_ersp_LM_RAWONLY\EL043\LM\ERSP_matrix\picture\EL043_picture_WM_ERSP_iSMG_L14_TN.npy,0.0315503875968992,0.0040826873385012,True,438,7,0.12274749,7
EL043,picture,LM,iSMG_L15,\\nasac-m2.unige.ch\m-HumanNeuronLab\ANALYSIS\FLM\Analysis_LoraFanda\01_FBM_Analysis\outputs\04_ersp_LM_RAWONLY\EL043\LM\ERSP_matrix\picture\EL043_picture_WM_ERSP_iSMG_L15_TN.npy,0.0273643410852713,0.0037467700258397,True,439,7,0.12102802,7
EL043,picture,LM,iSMG_L2,\\nasac-m2.unige.ch\m-HumanNeuronLab\ANALYSIS\FLM\Analysis_LoraFanda\01_FBM_Analysis\outputs\04_ersp_LM_RAWONLY\EL043\LM\ERSP_matrix\picture\EL043_picture_WM_ERSP_iSMG_L2_TN.npy,0.0350387596899224,0.0024547803617571,True,440,7,-0.0003483657,7
EL043,picture,LM,iSMG_L3,\\nasac-m2.unige.ch\m-HumanNeuronLab\ANALYSIS\FLM\Analysis_LoraFanda\01_FBM_Analysis\outputs\04_ersp_LM_RAWONLY\EL043\LM\ERSP_matrix\picture\EL043_picture_WM_ERSP_iSMG_L3_TN.npy,0.1604134366925064,0.0024806201550387,True,441,19,0.07900822,19
EL043,picture,LM,iSMG_L5,\\nasac-m2.unige.ch\m-HumanNeuronLab\ANALYSIS\FLM\Analysis_LoraFanda\01_FBM_Analysis\outputs\04_ersp_LM_RAWONLY\EL043\LM\ERSP_matrix\picture\EL043_picture_WM_ERSP_iSMG_L5_TN.npy,0.0321963824289405,0.0043669250645994,True,442,7,0.13082565,7
EL043,picture,LM,iSMG_L8,\\nasac-m2.unige.ch\m-HumanNeuronLab\ANALYSIS\FLM\Analysis_LoraFanda\01_FBM_Analysis\outputs\04_ersp_LM_RAWONLY\EL043\LM\ERSP_matrix\picture\EL043_picture_WM_ERSP_iSMG_L8_TN.npy,0.0253746770025839,0.0033333333333333,True,443,7,0.10936521,7
EL043,picture,LM,iSMG_L9,\\nasac-m2.unige.ch\m-HumanNeuronLab\ANALYSIS\FLM\Analysis_LoraFanda\01_FBM_Analysis\outputs\04_ersp_LM_RAWONLY\EL043\LM\ERSP_matrix\picture\EL043_picture_WM_ERSP_iSMG_L9_TN.npy,0.0316795865633074,0.0018346253229974,True,444,7,0.042300712,7
EL043,picture,LM,ITG_L4,\\nasac-m2.unige.ch\m-HumanNeuronLab\ANALYSIS\FLM\Analysis_LoraFanda\01_FBM_Analysis\outputs\04_ersp_LM_RAWONLY\EL043\LM\ERSP_matrix\picture\EL043_picture_WM_ERSP_ITG_L4_TN.npy,0.0284496124031007,0.0007493540051679,True,445,16,-0.03524299,16
EL043,picture,LM,LinG_L10,\\nasac-m2.unige.ch\m-HumanNeuronLab\ANALYSIS\FLM\Analysis_LoraFanda\01_FBM_Analysis\outputs\04_ersp_LM_RAWONLY\EL043\LM\ERSP_matrix\picture\EL043_picture_WM_ERSP_LinG_L10_TN.npy,0.0222480620155038,0.0016537467700258,True,446,7,0.1463447,7
EL043,picture,LM,LinG_L5,\\nasac-m2.unige.ch\m-HumanNeuronLab\ANALYSIS\FLM\Analysis_LoraFanda\01_FBM_Analysis\outputs\04_ersp_LM_RAWONLY\EL043\LM\ERSP_matrix\picture\EL043_picture_WM_ERSP_LinG_L5_TN.npy,0.0322739018087855,0.0027390180878552,True,447,7,0.16107048,7
EL043,picture,LM,LinG_L6,\\nasac-m2.unige.ch\m-HumanNeuronLab\ANALYSIS\FLM\Analysis_LoraFanda\01_FBM_Analysis\outputs\04_ersp_LM_RAWONLY\EL043\LM\ERSP_matrix\picture\EL043_picture_WM_ERSP_LinG_L6_TN.npy,0.0296382428940568,0.001266149870801,True,448,7,0.16779195,7
EL043,picture,LM,LinG_L7,\\nasac-m2.unige.ch\m-HumanNeuronLab\ANALYSIS\FLM\Analysis_LoraFanda\01_FBM_Analysis\outputs\04_ersp_LM_RAWONLY\EL043\LM\ERSP_matrix\picture\EL043_picture_WM_ERSP_LinG_L7_TN.npy,0.0244444444444444,0.0039793281653746,True,449,7,0.12055889,7
EL043,picture,LM,LinG_L9,\\nasac-m2.unige.ch\m-HumanNeuronLab\ANALYSIS\FLM\Analysis_LoraFanda\01_FBM_Analysis\outputs\04_ersp_LM_RAWONLY\EL043\LM\ERSP_matrix\picture\EL043_picture_WM_ERSP_LinG_L9_TN.npy,0.0224031007751937,0.0056072351421188,True,450,7,0.15060158,7
EL043,picture,LM,pIns_L10,\\nasac-m2.unige.ch\m-HumanNeuronLab\ANALYSIS\FLM\Analysis_LoraFanda\01_FBM_Analysis\outputs\04_ersp_LM_RAWONLY\EL043\LM\ERSP_matrix\picture\EL043_picture_WM_ERSP_pIns_L10_TN.npy,0.0259431524547803,0.0013178294573643,True,451,7,0.04369966,7
EL043,picture,LM,pIns_L11,\\nasac-m2.unige.ch\m-HumanNeuronLab\ANALYSIS\FLM\Analysis_LoraFanda\01_FBM_Analysis\outputs\04_ersp_LM_RAWONLY\EL043\LM\ERSP_matrix\picture\EL043_picture_WM_ERSP_pIns_L11_TN.npy,0.0226873385012919,0.0021188630490956,True,452,7,0.040016998,7
EL043,picture,LM,pIns_L12,\\nasac-m2.unige.ch\m-HumanNeuronLab\ANALYSIS\FLM\Analysis_LoraFanda\01_FBM_Analysis\outputs\04_ersp_LM_RAWONLY\EL043\LM\ERSP_matrix\picture\EL043_picture_WM_ERSP_pIns_L12_TN.npy,0.026640826873385,0.0028940568475452,True,453,16,0.022999221,16
EL043,picture,LM,pIns_L13,\\nasac-m2.unige.ch\m-HumanNeuronLab\ANALYSIS\FLM\Analysis_LoraFanda\01_FBM_Analysis\outputs\04_ersp_LM_RAWONLY\EL043\LM\ERSP_matrix\picture\EL043_picture_WM_ERSP_pIns_L13_TN.npy,0.03328165374677,0.0016279069767441,True,454,16,0.038193773,16
EL043,picture,LM,pIns_L14,\\nasac-m2.unige.ch\m-HumanNeuronLab\ANALYSIS\FLM\Analysis_LoraFanda\01_FBM_Analysis\outputs\04_ersp_LM_RAWONLY\EL043\LM\ERSP_matrix\picture\EL043_picture_WM_ERSP_pIns_L14_TN.npy,0.0349612403100775,0.0008268733850129,True,455,16,0.08941284,16
EL043,picture,LM,pIns_L15,\\nasac-m2.unige.ch\m-HumanNeuronLab\ANALYSIS\FLM\Analysis_LoraFanda\01_FBM_Analysis\outputs\04_ersp_LM_RAWONLY\EL043\LM\ERSP_matrix\picture\EL043_picture_WM_ERSP_pIns_L15_TN.npy,0.0281395348837209,0.003204134366925,True,456,16,0.017313115,16
EL043,picture,LM,pIns_L16,\\nasac-m2.unige.ch\m-HumanNeuronLab\ANALYSIS\FLM\Analysis_LoraFanda\01_FBM_Analysis\outputs\04_ersp_LM_RAWONLY\EL043\LM\ERSP_matrix\picture\EL043_picture_WM_ERSP_pIns_L16_TN.npy,0.0232558139534883,0.0015245478036175,True,457,7,0.098911084,7
EL043,picture,LM,pIns_L17,\\nasac-m2.unige.ch\m-HumanNeuronLab\ANALYSIS\FLM\Analysis_LoraFanda\01_FBM_Analysis\outputs\04_ersp_LM_RAWONLY\EL043\LM\ERSP_matrix\picture\EL043_picture_WM_ERSP_pIns_L17_TN.npy,0.0222480620155038,0.0017571059431524,True,458,7,0.053231712,7
EL043,picture,LM,pIns_L18,\\nasac-m2.unige.ch\m-HumanNeuronLab\ANALYSIS\FLM\Analysis_LoraFanda\01_FBM_Analysis\outputs\04_ersp_LM_RAWONLY\EL043\LM\ERSP_matrix\picture\EL043_picture_WM_ERSP_pIns_L18_TN.npy,0.0255555555555555,0.0015245478036175,True,459,16,-0.027429802,16
EL043,picture,LM,pIns_L1,\\nasac-m2.unige.ch\m-HumanNeuronLab\ANALYSIS\FLM\Analysis_LoraFanda\01_FBM_Analysis\outputs\04_ersp_LM_RAWONLY\EL043\LM\ERSP_matrix\picture\EL043_picture_WM_ERSP_pIns_L1_TN.npy,0.0294832041343669,0.0022480620155038,True,460,7,0.107646346,7
EL043,picture,LM,pIns_L3,\\nasac-m2.unige.ch\m-HumanNeuronLab\ANALYSIS\FLM\Analysis_LoraFanda\01_FBM_Analysis\outputs\04_ersp_LM_RAWONLY\EL043\LM\ERSP_matrix\picture\EL043_picture_WM_ERSP_pIns_L3_TN.npy,0.0208268733850129,0.0025839793281653,True,461,7,0.072105855,7
EL043,picture,LM,pIns_L4,\\nasac-m2.unige.ch\m-HumanNeuronLab\ANALYSIS\FLM\Analysis_LoraFanda\01_FBM_Analysis\outputs\04_ersp_LM_RAWONLY\EL043\LM\ERSP_matrix\picture\EL043_picture_WM_ERSP_pIns_L4_TN.npy,0.0233333333333333,0.0016020671834625,True,462,7,0.119096115,7
EL043,picture,LM,pIns_L5,\\nasac-m2.unige.ch\m-HumanNeuronLab\ANALYSIS\FLM\Analysis_LoraFanda\01_FBM_Analysis\outputs\04_ersp_LM_RAWONLY\EL043\LM\ERSP_matrix\picture\EL043_picture_WM_ERSP_pIns_L5_TN.npy,0.0283462532299741,0.0017571059431524,True,463,7,0.14942938,7
EL043,picture,LM,pIns_L6,\\nasac-m2.unige.ch\m-HumanNeuronLab\ANALYSIS\FLM\Analysis_LoraFanda\01_FBM_Analysis\outputs\04_ersp_LM_RAWONLY\EL043\LM\ERSP_matrix\picture\EL043_picture_WM_ERSP_pIns_L6_TN.npy,0.0247803617571059,0.0017829457364341,True,464,7,0.088421844,7
EL043,picture,LM,pIns_L7,\\nasac-m2.unige.ch\m-HumanNeuronLab\ANALYSIS\FLM\Analysis_LoraFanda\01_FBM_Analysis\outputs\04_ersp_LM_RAWONLY\EL043\LM\ERSP_matrix\picture\EL043_picture_WM_ERSP_pIns_L7_TN.npy,0.0249095607235142,0.0016795865633074,True,465,16,-0.029802442,16
EL043,picture,LM,pIns_L8,\\nasac-m2.unige.ch\m-HumanNeuronLab\ANALYSIS\FLM\Analysis_LoraFanda\01_FBM_Analysis\outputs\04_ersp_LM_RAWONLY\EL043\LM\ERSP_matrix\picture\EL043_picture_WM_ERSP_pIns_L8_TN.npy,0.0216279069767441,0.0022222222222222,True,466,7,0.03725879,7
EL043,picture,LM,pIns_L9,\\nasac-m2.unige.ch\m-HumanNeuronLab\ANALYSIS\FLM\Analysis_LoraFanda\01_FBM_Analysis\outputs\04_ersp_LM_RAWONLY\EL043\LM\ERSP_matrix\picture\EL043_picture_WM_ERSP_pIns_L9_TN.npy,0.0231007751937984,0.0023514211886304,True,467,7,0.0542857,7
EL043,picture,LM,sSMG_L8,\\nasac-m2.unige.ch\m-HumanNeuronLab\ANALYSIS\FLM\Analysis_LoraFanda\01_FBM_Analysis\outputs\04_ersp_LM_RAWONLY\EL043\LM\ERSP_matrix\picture\EL043_picture_WM_ERSP_sSMG_L8_TN.npy,0.029173126614987,0.0033850129198966,True,468,7,0.12168154,7
EL043,picture,LM,sSMG_L9,\\nasac-m2.unige.ch\m-HumanNeuronLab\ANALYSIS\FLM\Analysis_LoraFanda\01_FBM_Analysis\outputs\04_ersp_LM_RAWONLY\EL043\LM\ERSP_matrix\picture\EL043_picture_WM_ERSP_sSMG_L9_TN.npy,0.0239793281653746,0.0036950904392764,True,469,7,0.082821235,7
EL043,reading,LM,A_L8,\\nasac-m2.unige.ch\m-HumanNeuronLab\ANALYSIS\FLM\Analysis_LoraFanda\01_FBM_Analysis\outputs\04_ersp_LM_RAWONLY\EL043\LM\ERSP_matrix\reading\EL043_reading_WM_ERSP_A_L8_TN.npy,0.0022997416020671,0.0772093023255813,True,470,1,0.059020963,1
EL043,reading,LM,A_L9,\\nasac-m2.unige.ch\m-HumanNeuronLab\ANALYSIS\FLM\Analysis_LoraFanda\01_FBM_Analysis\outputs\04_ersp_LM_RAWONLY\EL043\LM\ERSP_matrix\reading\EL043_reading_WM_ERSP_A_L9_TN.npy,0.0025839793281653,0.0789147286821705,True,471,1,0.051747877,1
EL043,reading,LM,Hip_L7,\\nasac-m2.unige.ch\m-HumanNeuronLab\ANALYSIS\FLM\Analysis_LoraFanda\01_FBM_Analysis\outputs\04_ersp_LM_RAWONLY\EL043\LM\ERSP_matrix\reading\EL043_reading_WM_ERSP_Hip_L7_TN.npy,0.0035917312661498,0.1157881136950904,True,472,1,0.043404307,1
EL043,reading,LM,Hip_L8,\\nasac-m2.unige.ch\m-HumanNeuronLab\ANALYSIS\FLM\Analysis_LoraFanda\01_FBM_Analysis\outputs\04_ersp_LM_RAWONLY\EL043\LM\ERSP_matrix\reading\EL043_reading_WM_ERSP_Hip_L8_TN.npy,0.0022997416020671,0.1640826873385013,True,473,4,0.091052964,4
EL043,reading,LM,Hip_L9,\\nasac-m2.unige.ch\m-HumanNeuronLab\ANALYSIS\FLM\Analysis_LoraFanda\01_FBM_Analysis\outputs\04_ersp_LM_RAWONLY\EL043\LM\ERSP_matrix\reading\EL043_reading_WM_ERSP_Hip_L9_TN.npy,0.0023514211886304,0.1671317829457364,True,474,4,0.10251376,4
EL043,reading,LM,IOG_L10,\\nasac-m2.unige.ch\m-HumanNeuronLab\ANALYSIS\FLM\Analysis_LoraFanda\01_FBM_Analysis\outputs\04_ersp_LM_RAWONLY\EL043\LM\ERSP_matrix\reading\EL043_reading_WM_ERSP_IOG_L10_TN.npy,0.0098191214470284,0.0615503875968992,True,475,1,0.10093577,1
EL043,reading,LM,IOG_L11,\\nasac-m2.unige.ch\m-HumanNeuronLab\ANALYSIS\FLM\Analysis_LoraFanda\01_FBM_Analysis\outputs\04_ersp_LM_RAWONLY\EL043\LM\ERSP_matrix\reading\EL043_reading_WM_ERSP_IOG_L11_TN.npy,0.0321963824289405,0.0809560723514211,True,476,15,0.030679528,15
EL043,reading,LM,IOG_L12,\\nasac-m2.unige.ch\m-HumanNeuronLab\ANALYSIS\FLM\Analysis_LoraFanda\01_FBM_Analysis\outputs\04_ersp_LM_RAWONLY\EL043\LM\ERSP_matrix\reading\EL043_reading_WM_ERSP_IOG_L12_TN.npy,0.0094056847545219,0.0641343669250645,True,477,1,0.08253472,1
EL043,reading,LM,IOG_L1,\\nasac-m2.unige.ch\m-HumanNeuronLab\ANALYSIS\FLM\Analysis_LoraFanda\01_FBM_Analysis\outputs\04_ersp_LM_RAWONLY\EL043\LM\ERSP_matrix\reading\EL043_reading_WM_ERSP_IOG_L1_TN.npy,0.0394315245478036,0.0069767441860465,True,478,7,0.11192137,7
EL043,reading,LM,IOG_L2,\\nasac-m2.unige.ch\m-HumanNeuronLab\ANALYSIS\FLM\Analysis_LoraFanda\01_FBM_Analysis\outputs\04_ersp_LM_RAWONLY\EL043\LM\ERSP_matrix\reading\EL043_reading_WM_ERSP_IOG_L2_TN.npy,0.0322480620155038,0.0079586563307493,True,479,7,0.06357173,7
EL043,reading,LM,IOG_L3,\\nasac-m2.unige.ch\m-HumanNeuronLab\ANALYSIS\FLM\Analysis_LoraFanda\01_FBM_Analysis\outputs\04_ersp_LM_RAWONLY\EL043\LM\ERSP_matrix\reading\EL043_reading_WM_ERSP_IOG_L3_TN.npy,0.021266149870801,0.009250645994832,True,480,7,0.030327441,7
EL043,reading,LM,IOG_L4,\\nasac-m2.unige.ch\m-HumanNeuronLab\ANALYSIS\FLM\Analysis_LoraFanda\01_FBM_Analysis\outputs\04_ersp_LM_RAWONLY\EL043\LM\ERSP_matrix\reading\EL043_reading_WM_ERSP_IOG_L4_TN.npy,0.0392764857881136,0.0111369509043927,True,481,16,-0.018967146,16
EL043,reading,LM,IOG_L5,\\nasac-m2.unige.ch\m-HumanNeuronLab\ANALYSIS\FLM\Analysis_LoraFanda\01_FBM_Analysis\outputs\04_ersp_LM_RAWONLY\EL043\LM\ERSP_matrix\reading\EL043_reading_WM_ERSP_IOG_L5_TN.npy,0.0703100775193798,0.0105426356589147,True,482,16,0.012769652,16
EL043,reading,LM,IOG_L6,\\nasac-m2.unige.ch\m-HumanNeuronLab\ANALYSIS\FLM\Analysis_LoraFanda\01_FBM_Analysis\outputs\04_ersp_LM_RAWONLY\EL043\LM\ERSP_matrix\reading\EL043_reading_WM_ERSP_IOG_L6_TN.npy,0.0848578811369509,0.0095348837209302,True,483,11,-0.08568176,11
EL043,reading,LM,IOG_L7,\\nasac-m2.unige.ch\m-HumanNeuronLab\ANALYSIS\FLM\Analysis_LoraFanda\01_FBM_Analysis\outputs\04_ersp_LM_RAWONLY\EL043\LM\ERSP_matrix\reading\EL043_reading_WM_ERSP_IOG_L7_TN.npy,0.0967958656330749,0.0108010335917312,True,484,11,-0.0058197244,11
EL043,reading,LM,IOG_L8,\\nasac-m2.unige.ch\m-HumanNeuronLab\ANALYSIS\FLM\Analysis_LoraFanda\01_FBM_Analysis\outputs\04_ersp_LM_RAWONLY\EL043\LM\ERSP_matrix\reading\EL043_reading_WM_ERSP_IOG_L8_TN.npy,0.0613436692506459,0.0110077519379844,True,485,11,-0.18700203,11
EL043,reading,LM,IOG_L9,\\nasac-m2.unige.ch\m-HumanNeuronLab\ANALYSIS\FLM\Analysis_LoraFanda\01_FBM_Analysis\outputs\04_ersp_LM_RAWONLY\EL043\LM\ERSP_matrix\reading\EL043_reading_WM_ERSP_IOG_L9_TN.npy,0.0323514211886304,0.0417054263565891,True,486,1,0.1254835,1
EL043,reading,LM,iSMG_L10,\\nasac-m2.unige.ch\m-HumanNeuronLab\ANALYSIS\FLM\Analysis_LoraFanda\01_FBM_Analysis\outputs\04_ersp_LM_RAWONLY\EL043\LM\ERSP_matrix\reading\EL043_reading_WM_ERSP_iSMG_L10_TN.npy,0.0264082687338501,0.0080620155038759,True,487,7,0.11711346,7
EL043,reading,LM,iSMG_L11,\\nasac-m2.unige.ch\m-HumanNeuronLab\ANALYSIS\FLM\Analysis_LoraFanda\01_FBM_Analysis\outputs\04_ersp_LM_RAWONLY\EL043\LM\ERSP_matrix\reading\EL043_reading_WM_ERSP_iSMG_L11_TN.npy,0.0252713178294573,0.0113953488372093,True,488,7,0.15050034,7
EL043,reading,LM,iSMG_L12,\\nasac-m2.unige.ch\m-HumanNeuronLab\ANALYSIS\FLM\Analysis_LoraFanda\01_FBM_Analysis\outputs\04_ersp_LM_RAWONLY\EL043\LM\ERSP_matrix\reading\EL043_reading_WM_ERSP_iSMG_L12_TN.npy,0.0258397932816537,0.015968992248062,True,489,3,-0.031267915,3
EL043,reading,LM,iSMG_L13,\\nasac-m2.unige.ch\m-HumanNeuronLab\ANALYSIS\FLM\Analysis_LoraFanda\01_FBM_Analysis\outputs\04_ersp_LM_RAWONLY\EL043\LM\ERSP_matrix\reading\EL043_reading_WM_ERSP_iSMG_L13_TN.npy,0.0219896640826873,0.0116537467700258,True,490,7,0.11108699,7
EL043,reading,LM,iSMG_L14,\\nasac-m2.unige.ch\m-HumanNeuronLab\ANALYSIS\FLM\Analysis_LoraFanda\01_FBM_Analysis\outputs\04_ersp_LM_RAWONLY\EL043\LM\ERSP_matrix\reading\EL043_reading_WM_ERSP_iSMG_L14_TN.npy,0.0209043927648578,0.0121188630490956,True,491,7,0.10982428,7
EL043,reading,LM,iSMG_L2,\\nasac-m2.unige.ch\m-HumanNeuronLab\ANALYSIS\FLM\Analysis_LoraFanda\01_FBM_Analysis\outputs\04_ersp_LM_RAWONLY\EL043\LM\ERSP_matrix\reading\EL043_reading_WM_ERSP_iSMG_L2_TN.npy,0.0520671834625323,0.0078036175710594,True,492,5,0.0002760801,5
EL043,reading,LM,iSMG_L3,\\nasac-m2.unige.ch\m-HumanNeuronLab\ANALYSIS\FLM\Analysis_LoraFanda\01_FBM_Analysis\outputs\04_ersp_LM_RAWONLY\EL043\LM\ERSP_matrix\reading\EL043_reading_WM_ERSP_iSMG_L3_TN.npy,0.0936434108527131,0.0033850129198966,True,493,18,0.074282914,18
EL043,reading,LM,iSMG_L5,\\nasac-m2.unige.ch\m-HumanNeuronLab\ANALYSIS\FLM\Analysis_LoraFanda\01_FBM_Analysis\outputs\04_ersp_LM_RAWONLY\EL043\LM\ERSP_matrix\reading\EL043_reading_WM_ERSP_iSMG_L5_TN.npy,0.0248578811369509,0.0049870801033591,True,494,7,0.15832438,7
EL043,reading,LM,iSMG_L9,\\nasac-m2.unige.ch\m-HumanNeuronLab\ANALYSIS\FLM\Analysis_LoraFanda\01_FBM_Analysis\outputs\04_ersp_LM_RAWONLY\EL043\LM\ERSP_matrix\reading\EL043_reading_WM_ERSP_iSMG_L9_TN.npy,0.0239018087855297,0.0059948320413436,True,495,7,0.11127302,7
EL043,reading,LM,ITG_L10,\\nasac-m2.unige.ch\m-HumanNeuronLab\ANALYSIS\FLM\Analysis_LoraFanda\01_FBM_Analysis\outputs\04_ersp_LM_RAWONLY\EL043\LM\ERSP_matrix\reading\EL043_reading_WM_ERSP_ITG_L10_TN.npy,0.0022739018087855,0.0556847545219638,True,496,1,0.058871306,1
EL043,reading,LM,ITG_L3,\\nasac-m2.unige.ch\m-HumanNeuronLab\ANALYSIS\FLM\Analysis_LoraFanda\01_FBM_Analysis\outputs\04_ersp_LM_RAWONLY\EL043\LM\ERSP_matrix\reading\EL043_reading_WM_ERSP_ITG_L3_TN.npy,0.0250645994832041,0.0035142118863049,True,497,6,0.022810142,6
EL043,reading,LM,ITG_L4,\\nasac-m2.unige.ch\m-HumanNeuronLab\ANALYSIS\FLM\Analysis_LoraFanda\01_FBM_Analysis\outputs\04_ersp_LM_RAWONLY\EL043\LM\ERSP_matrix\reading\EL043_reading_WM_ERSP_ITG_L4_TN.npy,0.0584754521963824,0.0051162790697674,True,498,18,0.027294755,18
EL043,reading,LM,LinG_L7,\\nasac-m2.unige.ch\m-HumanNeuronLab\ANALYSIS\FLM\Analysis_LoraFanda\01_FBM_Analysis\outputs\04_ersp_LM_RAWONLY\EL043\LM\ERSP_matrix\reading\EL043_reading_WM_ERSP_LinG_L7_TN.npy,0.0201550387596899,0.0086821705426356,True,499,7,0.17518376,7
EL043,reading,LM,pIns_L13,\\nasac-m2.unige.ch\m-HumanNeuronLab\ANALYSIS\FLM\Analysis_LoraFanda\01_FBM_Analysis\outputs\04_ersp_LM_RAWONLY\EL043\LM\ERSP_matrix\reading\EL043_reading_WM_ERSP_pIns_L13_TN.npy,0.0209043927648578,0.0095607235142118,True,500,7,0.020453623,7
EL043,reading,LM,pIns_L15,\\nasac-m2.unige.ch\m-HumanNeuronLab\ANALYSIS\FLM\Analysis_LoraFanda\01_FBM_Analysis\outputs\04_ersp_LM_RAWONLY\EL043\LM\ERSP_matrix\reading\EL043_reading_WM_ERSP_pIns_L15_TN.npy,0.0217571059431524,0.0075968992248062,True,501,7,0.044668615,7
EL043,reading,LM,pIns_L17,\\nasac-m2.unige.ch\m-HumanNeuronLab\ANALYSIS\FLM\Analysis_LoraFanda\01_FBM_Analysis\outputs\04_ersp_LM_RAWONLY\EL043\LM\ERSP_matrix\reading\EL043_reading_WM_ERSP_pIns_L17_TN.npy,0.0208010335917312,0.006485788113695,True,502,17,0.084598556,17
EL043,reading,LM,pIns_L18,\\nasac-m2.unige.ch\m-HumanNeuronLab\ANALYSIS\FLM\Analysis_LoraFanda\01_FBM_Analysis\outputs\04_ersp_LM_RAWONLY\EL043\LM\ERSP_matrix\reading\EL043_reading_WM_ERSP_pIns_L18_TN.npy,0.023953488372093,0.0068733850129198,True,503,17,0.033162918,17
EL043,reading,LM,pIns_L1,\\nasac-m2.unige.ch\m-HumanNeuronLab\ANALYSIS\FLM\Analysis_LoraFanda\01_FBM_Analysis\outputs\04_ersp_LM_RAWONLY\EL043\LM\ERSP_matrix\reading\EL043_reading_WM_ERSP_pIns_L1_TN.npy,0.0204651162790697,0.0071059431524547,True,504,7,0.11893936,7
EL043,reading,LM,pIns_L3,\\nasac-m2.unige.ch\m-HumanNeuronLab\ANALYSIS\FLM\Analysis_LoraFanda\01_FBM_Analysis\outputs\04_ersp_LM_RAWONLY\EL043\LM\ERSP_matrix\reading\EL043_reading_WM_ERSP_pIns_L3_TN.npy,0.0242377260981912,0.0044961240310077,True,505,7,0.049619764,7
EL043,reading,LM,pIns_L4,\\nasac-m2.unige.ch\m-HumanNeuronLab\ANALYSIS\FLM\Analysis_LoraFanda\01_FBM_Analysis\outputs\04_ersp_LM_RAWONLY\EL043\LM\ERSP_matrix\reading\EL043_reading_WM_ERSP_pIns_L4_TN.npy,0.0258397932816537,0.0055297157622739,True,506,7,0.064459324,7
EL043,reading,LM,pIns_L5,\\nasac-m2.unige.ch\m-HumanNeuronLab\ANALYSIS\FLM\Analysis_LoraFanda\01_FBM_Analysis\outputs\04_ersp_LM_RAWONLY\EL043\LM\ERSP_matrix\reading\EL043_reading_WM_ERSP_pIns_L5_TN.npy,0.0232299741602067,0.0059431524547803,True,507,16,-0.015988952,16
EL043,reading,LM,pIns_L7,\\nasac-m2.unige.ch\m-HumanNeuronLab\ANALYSIS\FLM\Analysis_LoraFanda\01_FBM_Analysis\outputs\04_ersp_LM_RAWONLY\EL043\LM\ERSP_matrix\reading\EL043_reading_WM_ERSP_pIns_L7_TN.npy,0.02328165374677,0.0076227390180878,True,508,7,0.03503993,7
EL043,reading,LM,STG_L8,\\nasac-m2.unige.ch\m-HumanNeuronLab\ANALYSIS\FLM\Analysis_LoraFanda\01_FBM_Analysis\outputs\04_ersp_LM_RAWONLY\EL043\LM\ERSP_matrix\reading\EL043_reading_WM_ERSP_STG_L8_TN.npy,0.0034108527131782,0.0504134366925064,True,509,1,0.07239214,1
EL044,audio,LM,T51,\\nasac-m2.unige.ch\m-HumanNeuronLab\ANALYSIS\FLM\Analysis_LoraFanda\01_FBM_Analysis\outputs\04_ersp_LM_RAWONLY\EL044\LM\ERSP_matrix\audio\EL044_audio_None_ERSP_T51_TN.npy,0.0231524547803617,0.0113178294573643,True,510,7,0.074004754,7
EL044,audio,LM,T59,\\nasac-m2.unige.ch\m-HumanNeuronLab\ANALYSIS\FLM\Analysis_LoraFanda\01_FBM_Analysis\outputs\04_ersp_LM_RAWONLY\EL044\LM\ERSP_matrix\audio\EL044_audio_None_ERSP_T59_TN.npy,0.0222222222222222,0.0226873385012919,True,511,7,0.11491596,7
EL045,audio,LM,A_L10,\\nasac-m2.unige.ch\m-HumanNeuronLab\ANALYSIS\FLM\Analysis_LoraFanda\01_FBM_Analysis\outputs\04_ersp_LM_RAWONLY\EL045\LM\ERSP_matrix\audio\EL045_audio_WM_ERSP_A_L10_TN.npy,0.1072868217054263,0.0192248062015503,True,512,9,-0.015376802,9
EL045,audio,LM,A_L11,\\nasac-m2.unige.ch\m-HumanNeuronLab\ANALYSIS\FLM\Analysis_LoraFanda\01_FBM_Analysis\outputs\04_ersp_LM_RAWONLY\EL045\LM\ERSP_matrix\audio\EL045_audio_WM_ERSP_A_L11_TN.npy,0.2650904392764858,0.0489147286821705,True,513,2,0.017957283,2
EL045,audio,LM,A_L12,\\nasac-m2.unige.ch\m-HumanNeuronLab\ANALYSIS\FLM\Analysis_LoraFanda\01_FBM_Analysis\outputs\04_ersp_LM_RAWONLY\EL045\LM\ERSP_matrix\audio\EL045_audio_WM_ERSP_A_L12_TN.npy,0.3310335917312662,0.0737209302325581,True,514,2,0.17076737,2
EL045,audio,LM,A_L8,\\nasac-m2.unige.ch\m-HumanNeuronLab\ANALYSIS\FLM\Analysis_LoraFanda\01_FBM_Analysis\outputs\04_ersp_LM_RAWONLY\EL045\LM\ERSP_matrix\audio\EL045_audio_WM_ERSP_A_L8_TN.npy,0.0354780361757105,0.0216795865633074,True,515,9,0.05433112,9
EL045,audio,LM,A_L9,\\nasac-m2.unige.ch\m-HumanNeuronLab\ANALYSIS\FLM\Analysis_LoraFanda\01_FBM_Analysis\outputs\04_ersp_LM_RAWONLY\EL045\LM\ERSP_matrix\audio\EL045_audio_WM_ERSP_A_L9_TN.npy,0.0610335917312661,0.0197416020671834,True,516,9,0.03559342,9
EL045,audio,LM,A_R12,\\nasac-m2.unige.ch\m-HumanNeuronLab\ANALYSIS\FLM\Analysis_LoraFanda\01_FBM_Analysis\outputs\04_ersp_LM_RAWONLY\EL045\LM\ERSP_matrix\audio\EL045_audio_WM_ERSP_A_R12_TN.npy,0.0243410852713178,0.001937984496124,True,517,12,0.06682044,12
EL045,audio,LM,A_R13,\\nasac-m2.unige.ch\m-HumanNeuronLab\ANALYSIS\FLM\Analysis_LoraFanda\01_FBM_Analysis\outputs\04_ersp_LM_RAWONLY\EL045\LM\ERSP_matrix\audio\EL045_audio_WM_ERSP_A_R13_TN.npy,0.0270025839793281,0.0027390180878552,True,518,7,-0.03611011,7
EL045,audio,LM,A_R14,\\nasac-m2.unige.ch\m-HumanNeuronLab\ANALYSIS\FLM\Analysis_LoraFanda\01_FBM_Analysis\outputs\04_ersp_LM_RAWONLY\EL045\LM\ERSP_matrix\audio\EL045_audio_WM_ERSP_A_R14_TN.npy,0.0570542635658914,0.0057622739018087,True,519,9,-0.019775525,9
EL045,audio,LM,A_R15,\\nasac-m2.unige.ch\m-HumanNeuronLab\ANALYSIS\FLM\Analysis_LoraFanda\01_FBM_Analysis\outputs\04_ersp_LM_RAWONLY\EL045\LM\ERSP_matrix\audio\EL045_audio_WM_ERSP_A_R15_TN.npy,0.322687338501292,0.0844186046511627,True,520,2,0.13547654,2
EL045,audio,LM,A_R4,\\nasac-m2.unige.ch\m-HumanNeuronLab\ANALYSIS\FLM\Analysis_LoraFanda\01_FBM_Analysis\outputs\04_ersp_LM_RAWONLY\EL045\LM\ERSP_matrix\audio\EL045_audio_WM_ERSP_A_R4_TN.npy,0.0221447028423772,0.002609819121447,True,521,3,-0.058558043,3
EL045,audio,LM,A_R6,\\nasac-m2.unige.ch\m-HumanNeuronLab\ANALYSIS\FLM\Analysis_LoraFanda\01_FBM_Analysis\outputs\04_ersp_LM_RAWONLY\EL045\LM\ERSP_matrix\audio\EL045_audio_WM_ERSP_A_R6_TN.npy,0.0219638242894056,0.0017054263565891,True,522,9,-0.033948038,9
EL045,audio,LM,A_R7,\\nasac-m2.unige.ch\m-HumanNeuronLab\ANALYSIS\FLM\Analysis_LoraFanda\01_FBM_Analysis\outputs\04_ersp_LM_RAWONLY\EL045\LM\ERSP_matrix\audio\EL045_audio_WM_ERSP_A_R7_TN.npy,0.0244444444444444,0.004470284237726,True,523,9,-0.020091671,9
EL045,audio,LM,aH_L11,\\nasac-m2.unige.ch\m-HumanNeuronLab\ANALYSIS\FLM\Analysis_LoraFanda\01_FBM_Analysis\outputs\04_ersp_LM_RAWONLY\EL045\LM\ERSP_matrix\audio\EL045_audio_WM_ERSP_aH_L11_TN.npy,0.0211627906976744,0.0012919896640826,True,524,9,-0.04813768,9
EL045,audio,LM,aH_L12,\\nasac-m2.unige.ch\m-HumanNeuronLab\ANALYSIS\FLM\Analysis_LoraFanda\01_FBM_Analysis\outputs\04_ersp_LM_RAWONLY\EL045\LM\ERSP_matrix\audio\EL045_audio_WM_ERSP_aH_L12_TN.npy,0.0809302325581395,0.0043927648578811,True,525,12,0.06717071,12
EL045,audio,LM,aH_R10,\\nasac-m2.unige.ch\m-HumanNeuronLab\ANALYSIS\FLM\Analysis_LoraFanda\01_FBM_Analysis\outputs\04_ersp_LM_RAWONLY\EL045\LM\ERSP_matrix\audio\EL045_audio_WM_ERSP_aH_R10_TN.npy,0.0215503875968992,0.0062273901808785,True,526,9,0.041631144,9
EL045,audio,LM,aH_R11,\\nasac-m2.unige.ch\m-HumanNeuronLab\ANALYSIS\FLM\Analysis_LoraFanda\01_FBM_Analysis\outputs\04_ersp_LM_RAWONLY\EL045\LM\ERSP_matrix\audio\EL045_audio_WM_ERSP_aH_R11_TN.npy,0.0325581395348837,0.0057622739018087,True,527,9,-0.022183802,9
EL045,audio,LM,aH_R12,\\nasac-m2.unige.ch\m-HumanNeuronLab\ANALYSIS\FLM\Analysis_LoraFanda\01_FBM_Analysis\outputs\04_ersp_LM_RAWONLY\EL045\LM\ERSP_matrix\audio\EL045_audio_WM_ERSP_aH_R12_TN.npy,0.077312661498708,0.007984496124031,True,528,17,-0.0058280523,17
EL045,audio,LM,aH_R13,\\nasac-m2.unige.ch\m-HumanNeuronLab\ANALYSIS\FLM\Analysis_LoraFanda\01_FBM_Analysis\outputs\04_ersp_LM_RAWONLY\EL045\LM\ERSP_matrix\audio\EL045_audio_WM_ERSP_aH_R13_TN.npy,0.1115762273901808,0.025142118863049,True,529,9,-0.007265458,9
EL045,audio,LM,aH_R5,\\nasac-m2.unige.ch\m-HumanNeuronLab\ANALYSIS\FLM\Analysis_LoraFanda\01_FBM_Analysis\outputs\04_ersp_LM_RAWONLY\EL045\LM\ERSP_matrix\audio\EL045_audio_WM_ERSP_aH_R5_TN.npy,0.0386046511627906,0.0014987080103359,True,530,17,0.029460644,17
EL045,audio,LM,aH_R6,\\nasac-m2.unige.ch\m-HumanNeuronLab\ANALYSIS\FLM\Analysis_LoraFanda\01_FBM_Analysis\outputs\04_ersp_LM_RAWONLY\EL045\LM\ERSP_matrix\audio\EL045_audio_WM_ERSP_aH_R6_TN.npy,0.0281395348837209,0.0029715762273901,True,531,16,-0.005583809,16
EL045,audio,LM,aH_R7,\\nasac-m2.unige.ch\m-HumanNeuronLab\ANALYSIS\FLM\Analysis_LoraFanda\01_FBM_Analysis\outputs\04_ersp_LM_RAWONLY\EL045\LM\ERSP_matrix\audio\EL045_audio_WM_ERSP_aH_R7_TN.npy,0.0313953488372093,0.0015503875968992,True,532,9,-0.040514674,9
EL045,audio,LM,aH_R9,\\nasac-m2.unige.ch\m-HumanNeuronLab\ANALYSIS\FLM\Analysis_LoraFanda\01_FBM_Analysis\outputs\04_ersp_LM_RAWONLY\EL045\LM\ERSP_matrix\audio\EL045_audio_WM_ERSP_aH_R9_TN.npy,0.0345994832041343,0.0040310077519379,True,533,12,0.054433815,12
EL045,audio,LM,EntG_L10,\\nasac-m2.unige.ch\m-HumanNeuronLab\ANALYSIS\FLM\Analysis_LoraFanda\01_FBM_Analysis\outputs\04_ersp_LM_RAWONLY\EL045\LM\ERSP_matrix\audio\EL045_audio_WM_ERSP_EntG_L10_TN.npy,0.0459948320413436,0.0546770025839793,True,534,8,-0.071380466,8
EL045,audio,LM,EntG_L11,\\nasac-m2.unige.ch\m-HumanNeuronLab\ANALYSIS\FLM\Analysis_LoraFanda\01_FBM_Analysis\outputs\04_ersp_LM_RAWONLY\EL045\LM\ERSP_matrix\audio\EL045_audio_WM_ERSP_EntG_L11_TN.npy,0.1244702842377261,0.0874677002583979,True,535,8,-0.0069706305,8
EL045,audio,LM,EntG_L4,\\nasac-m2.unige.ch\m-HumanNeuronLab\ANALYSIS\FLM\Analysis_LoraFanda\01_FBM_Analysis\outputs\04_ersp_LM_RAWONLY\EL045\LM\ERSP_matrix\audio\EL045_audio_WM_ERSP_EntG_L4_TN.npy,0.0266149870801033,0.0197674418604651,True,536,9,0.06755231,9
EL045,audio,LM,EntG_L5,\\nasac-m2.unige.ch\m-HumanNeuronLab\ANALYSIS\FLM\Analysis_LoraFanda\01_FBM_Analysis\outputs\04_ersp_LM_RAWONLY\EL045\LM\ERSP_matrix\audio\EL045_audio_WM_ERSP_EntG_L5_TN.npy,0.0336950904392764,0.0157881136950904,True,537,9,0.046322986,9
EL045,audio,LM,EntG_L6,\\nasac-m2.unige.ch\m-HumanNeuronLab\ANALYSIS\FLM\Analysis_LoraFanda\01_FBM_Analysis\outputs\04_ersp_LM_RAWONLY\EL045\LM\ERSP_matrix\audio\EL045_audio_WM_ERSP_EntG_L6_TN.npy,0.025297157622739,0.0169250645994832,True,538,9,0.115465686,9
EL045,audio,LM,EntG_L8,\\nasac-m2.unige.ch\m-HumanNeuronLab\ANALYSIS\FLM\Analysis_LoraFanda\01_FBM_Analysis\outputs\04_ersp_LM_RAWONLY\EL045\LM\ERSP_matrix\audio\EL045_audio_WM_ERSP_EntG_L8_TN.npy,0.0303875968992248,0.0317312661498708,True,539,9,0.10285899,9
EL045,audio,LM,EntG_L9,\\nasac-m2.unige.ch\m-HumanNeuronLab\ANALYSIS\FLM\Analysis_LoraFanda\01_FBM_Analysis\outputs\04_ersp_LM_RAWONLY\EL045\LM\ERSP_matrix\audio\EL045_audio_WM_ERSP_EntG_L9_TN.npy,0.04328165374677,0.0566666666666666,True,540,8,-0.06651688,8
EL045,audio,LM,pH_L11,\\nasac-m2.unige.ch\m-HumanNeuronLab\ANALYSIS\FLM\Analysis_LoraFanda\01_FBM_Analysis\outputs\04_ersp_LM_RAWONLY\EL045\LM\ERSP_matrix\audio\EL045_audio_WM_ERSP_pH_L11_TN.npy,0.0228165374677002,0.0011627906976744,True,541,3,0.026234781,3
EL045,audio,LM,pH_L12,\\nasac-m2.unige.ch\m-HumanNeuronLab\ANALYSIS\FLM\Analysis_LoraFanda\01_FBM_Analysis\outputs\04_ersp_LM_RAWONLY\EL045\LM\ERSP_matrix\audio\EL045_audio_WM_ERSP_pH_L12_TN.npy,0.0214728682170542,0.001188630490956,True,542,3,-0.017183572,3
EL045,audio,LM,pH_L13,\\nasac-m2.unige.ch\m-HumanNeuronLab\ANALYSIS\FLM\Analysis_LoraFanda\01_FBM_Analysis\outputs\04_ersp_LM_RAWONLY\EL045\LM\ERSP_matrix\audio\EL045_audio_WM_ERSP_pH_L13_TN.npy,0.0464599483204134,0.0017312661498708,True,543,5,0.07975039,5
EL045,audio,LM,pH_L14,\\nasac-m2.unige.ch\m-HumanNeuronLab\ANALYSIS\FLM\Analysis_LoraFanda\01_FBM_Analysis\outputs\04_ersp_LM_RAWONLY\EL045\LM\ERSP_matrix\audio\EL045_audio_WM_ERSP_pH_L14_TN.npy,0.0573385012919896,0.0004909560723514,True,544,5,0.030131271,5
EL045,audio,LM,pH_L15,\\nasac-m2.unige.ch\m-HumanNeuronLab\ANALYSIS\FLM\Analysis_LoraFanda\01_FBM_Analysis\outputs\04_ersp_LM_RAWONLY\EL045\LM\ERSP_matrix\audio\EL045_audio_WM_ERSP_pH_L15_TN.npy,0.1827390180878553,0.0043410852713178,True,545,2,-0.18358968,2
EL045,audio,LM,PlaT_L2,\\nasac-m2.unige.ch\m-HumanNeuronLab\ANALYSIS\FLM\Analysis_LoraFanda\01_FBM_Analysis\outputs\04_ersp_LM_RAWONLY\EL045\LM\ERSP_matrix\audio\EL045_audio_WM_ERSP_PlaT_L2_TN.npy,0.0986821705426356,0.024547803617571,True,546,16,0.06669976,16
EL045,audio,LM,PlaT_L5,\\nasac-m2.unige.ch\m-HumanNeuronLab\ANALYSIS\FLM\Analysis_LoraFanda\01_FBM_Analysis\outputs\04_ersp_LM_RAWONLY\EL045\LM\ERSP_matrix\audio\EL045_audio_WM_ERSP_PlaT_L5_TN.npy,0.0639276485788113,0.0085271317829457,True,547,5,0.034654006,5
EL045,audio,LM,PlaT_L6,\\nasac-m2.unige.ch\m-HumanNeuronLab\ANALYSIS\FLM\Analysis_LoraFanda\01_FBM_Analysis\outputs\04_ersp_LM_RAWONLY\EL045\LM\ERSP_matrix\audio\EL045_audio_WM_ERSP_PlaT_L6_TN.npy,0.1000516795865633,0.0218346253229974,True,548,5,-0.024939604,5
EL045,audio,LM,STG_L1,\\nasac-m2.unige.ch\m-HumanNeuronLab\ANALYSIS\FLM\Analysis_LoraFanda\01_FBM_Analysis\outputs\04_ersp_LM_RAWONLY\EL045\LM\ERSP_matrix\audio\EL045_audio_WM_ERSP_STG_L1_TN.npy,0.0429715762273901,0.0067183462532299,True,549,5,0.017068563,5
EL045,audio,LM,STG_L2,\\nasac-m2.unige.ch\m-HumanNeuronLab\ANALYSIS\FLM\Analysis_LoraFanda\01_FBM_Analysis\outputs\04_ersp_LM_RAWONLY\EL045\LM\ERSP_matrix\audio\EL045_audio_WM_ERSP_STG_L2_TN.npy,0.0260981912144702,0.0056072351421188,True,550,5,0.02386931,5
EL045,audio,LM,STG_L3,\\nasac-m2.unige.ch\m-HumanNeuronLab\ANALYSIS\FLM\Analysis_LoraFanda\01_FBM_Analysis\outputs\04_ersp_LM_RAWONLY\EL045\LM\ERSP_matrix\audio\EL045_audio_WM_ERSP_STG_L3_TN.npy,0.0447286821705426,0.0016020671834625,True,551,18,0.113076955,18
EL045,audio,LM,STG_L4,\\nasac-m2.unige.ch\m-HumanNeuronLab\ANALYSIS\FLM\Analysis_LoraFanda\01_FBM_Analysis\outputs\04_ersp_LM_RAWONLY\EL045\LM\ERSP_matrix\audio\EL045_audio_WM_ERSP_STG_L4_TN.npy,0.0406201550387596,0.0048578811369509,True,552,18,0.041342508,18
EL045,audio,LM,STG_L5,\\nasac-m2.unige.ch\m-HumanNeuronLab\ANALYSIS\FLM\Analysis_LoraFanda\01_FBM_Analysis\outputs\04_ersp_LM_RAWONLY\EL045\LM\ERSP_matrix\audio\EL045_audio_WM_ERSP_STG_L5_TN.npy,0.0209043927648578,0.0047286821705426,True,553,7,0.010754436,7
EL045,audio,LM,STG_L6,\\nasac-m2.unige.ch\m-HumanNeuronLab\ANALYSIS\FLM\Analysis_LoraFanda\01_FBM_Analysis\outputs\04_ersp_LM_RAWONLY\EL045\LM\ERSP_matrix\audio\EL045_audio_WM_ERSP_STG_L6_TN.npy,0.0420930232558139,0.0022222222222222,True,554,6,0.025812898,6
EL045,audio,LM,STG_L7,\\nasac-m2.unige.ch\m-HumanNeuronLab\ANALYSIS\FLM\Analysis_LoraFanda\01_FBM_Analysis\outputs\04_ersp_LM_RAWONLY\EL045\LM\ERSP_matrix\audio\EL045_audio_WM_ERSP_STG_L7_TN.npy,0.0291214470284237,0.0085271317829457,True,555,3,-0.0015406676,3
EL045,audio,LM,STG_L9,\\nasac-m2.unige.ch\m-HumanNeuronLab\ANALYSIS\FLM\Analysis_LoraFanda\01_FBM_Analysis\outputs\04_ersp_LM_RAWONLY\EL045\LM\ERSP_matrix\audio\EL045_audio_WM_ERSP_STG_L9_TN.npy,0.1022739018087855,0.0153488372093023,True,556,5,-0.008629405,5
EL045,audio,LM,TTG_L1,\\nasac-m2.unige.ch\m-HumanNeuronLab\ANALYSIS\FLM\Analysis_LoraFanda\01_FBM_Analysis\outputs\04_ersp_LM_RAWONLY\EL045\LM\ERSP_matrix\audio\EL045_audio_WM_ERSP_TTG_L1_TN.npy,0.0359431524547803,0.0042635658914728,True,557,3,-0.0056853965,3
EL045,audio,LM,TTG_L2,\\nasac-m2.unige.ch\m-HumanNeuronLab\ANALYSIS\FLM\Analysis_LoraFanda\01_FBM_Analysis\outputs\04_ersp_LM_RAWONLY\EL045\LM\ERSP_matrix\audio\EL045_audio_WM_ERSP_TTG_L2_TN.npy,0.031937984496124,0.0017571059431524,True,558,3,0.0073802136,3
EL045,audio,LM,TTG_L3,\\nasac-m2.unige.ch\m-HumanNeuronLab\ANALYSIS\FLM\Analysis_LoraFanda\01_FBM_Analysis\outputs\04_ersp_LM_RAWONLY\EL045\LM\ERSP_matrix\audio\EL045_audio_WM_ERSP_TTG_L3_TN.npy,0.0299483204134366,0.0014987080103359,True,559,18,0.028843898,18
EL045,audio,LM,TTG_L4,\\nasac-m2.unige.ch\m-HumanNeuronLab\ANALYSIS\FLM\Analysis_LoraFanda\01_FBM_Analysis\outputs\04_ersp_LM_RAWONLY\EL045\LM\ERSP_matrix\audio\EL045_audio_WM_ERSP_TTG_L4_TN.npy,0.0422480620155038,0.0025581395348837,True,560,18,0.094432354,18
EL045,audio,LM,TTG_L5,\\nasac-m2.unige.ch\m-HumanNeuronLab\ANALYSIS\FLM\Analysis_LoraFanda\01_FBM_Analysis\outputs\04_ersp_LM_RAWONLY\EL045\LM\ERSP_matrix\audio\EL045_audio_WM_ERSP_TTG_L5_TN.npy,0.1291989664082687,0.0031524547803617,True,561,11,-0.1965204,11
EL045,audio,LM,TTG_L6,\\nasac-m2.unige.ch\m-HumanNeuronLab\ANALYSIS\FLM\Analysis_LoraFanda\01_FBM_Analysis\outputs\04_ersp_LM_RAWONLY\EL045\LM\ERSP_matrix\audio\EL045_audio_WM_ERSP_TTG_L6_TN.npy,0.0336950904392764,0.0029974160206718,True,562,18,0.009170881,18
EL045,audio,LM,TTG_L9,\\nasac-m2.unige.ch\m-HumanNeuronLab\ANALYSIS\FLM\Analysis_LoraFanda\01_FBM_Analysis\outputs\04_ersp_LM_RAWONLY\EL045\LM\ERSP_matrix\audio\EL045_audio_WM_ERSP_TTG_L9_TN.npy,0.0364599483204134,0.0229715762273901,True,563,9,0.081836306,9
EL045,picture,LM,A_L10,\\nasac-m2.unige.ch\m-HumanNeuronLab\ANALYSIS\FLM\Analysis_LoraFanda\01_FBM_Analysis\outputs\04_ersp_LM_RAWONLY\EL045\LM\ERSP_matrix\picture\EL045_picture_WM_ERSP_A_L10_TN.npy,0.0852454780361757,0.0270542635658914,True,564,8,-0.03597971,8
EL045,picture,LM,A_L11,\\nasac-m2.unige.ch\m-HumanNeuronLab\ANALYSIS\FLM\Analysis_LoraFanda\01_FBM_Analysis\outputs\04_ersp_LM_RAWONLY\EL045\LM\ERSP_matrix\picture\EL045_picture_WM_ERSP_A_L11_TN.npy,0.2032558139534883,0.0657881136950904,True,565,8,0.13295986,8
EL045,picture,LM,A_L12,\\nasac-m2.unige.ch\m-HumanNeuronLab\ANALYSIS\FLM\Analysis_LoraFanda\01_FBM_Analysis\outputs\04_ersp_LM_RAWONLY\EL045\LM\ERSP_matrix\picture\EL045_picture_WM_ERSP_A_L12_TN.npy,0.2744961240310077,0.1163049095607235,True,566,8,0.07426977,8
EL045,picture,LM,A_L1,\\nasac-m2.unige.ch\m-HumanNeuronLab\ANALYSIS\FLM\Analysis_LoraFanda\01_FBM_Analysis\outputs\04_ersp_LM_RAWONLY\EL045\LM\ERSP_matrix\picture\EL045_picture_WM_ERSP_A_L1_TN.npy,0.0355038759689922,0.0043669250645994,True,567,6,0.086785465,6
EL045,picture,LM,A_L2,\\nasac-m2.unige.ch\m-HumanNeuronLab\ANALYSIS\FLM\Analysis_LoraFanda\01_FBM_Analysis\outputs\04_ersp_LM_RAWONLY\EL045\LM\ERSP_matrix\picture\EL045_picture_WM_ERSP_A_L2_TN.npy,0.0293798449612403,0.0054780361757105,True,568,6,0.092882976,6
EL045,picture,LM,A_L3,\\nasac-m2.unige.ch\m-HumanNeuronLab\ANALYSIS\FLM\Analysis_LoraFanda\01_FBM_Analysis\outputs\04_ersp_LM_RAWONLY\EL045\LM\ERSP_matrix\picture\EL045_picture_WM_ERSP_A_L3_TN.npy,0.0313178294573643,0.0081136950904392,True,569,6,0.010111806,6
EL045,picture,LM,A_L4,\\nasac-m2.unige.ch\m-HumanNeuronLab\ANALYSIS\FLM\Analysis_LoraFanda\01_FBM_Analysis\outputs\04_ersp_LM_RAWONLY\EL045\LM\ERSP_matrix\picture\EL045_picture_WM_ERSP_A_L4_TN.npy,0.0320671834625322,0.0109302325581395,True,570,9,0.029608333,9
EL045,picture,LM,A_L5,\\nasac-m2.unige.ch\m-HumanNeuronLab\ANALYSIS\FLM\Analysis_LoraFanda\01_FBM_Analysis\outputs\04_ersp_LM_RAWONLY\EL045\LM\ERSP_matrix\picture\EL045_picture_WM_ERSP_A_L5_TN.npy,0.0266666666666666,0.0077519379844961,True,571,9,0.06746574,9
EL045,picture,LM,A_L6,\\nasac-m2.unige.ch\m-HumanNeuronLab\ANALYSIS\FLM\Analysis_LoraFanda\01_FBM_Analysis\outputs\04_ersp_LM_RAWONLY\EL045\LM\ERSP_matrix\picture\EL045_picture_WM_ERSP_A_L6_TN.npy,0.0302842377260981,0.0074418604651162,True,572,9,0.086130634,9
EL045,picture,LM,A_L8,\\nasac-m2.unige.ch\m-HumanNeuronLab\ANALYSIS\FLM\Analysis_LoraFanda\01_FBM_Analysis\outputs\04_ersp_LM_RAWONLY\EL045\LM\ERSP_matrix\picture\EL045_picture_WM_ERSP_A_L8_TN.npy,0.0391214470284237,0.0103617571059431,True,573,9,0.086935684,9
EL045,picture,LM,A_L9,\\nasac-m2.unige.ch\m-HumanNeuronLab\ANALYSIS\FLM\Analysis_LoraFanda\01_FBM_Analysis\outputs\04_ersp_LM_RAWONLY\EL045\LM\ERSP_matrix\picture\EL045_picture_WM_ERSP_A_L9_TN.npy,0.051860465116279,0.0174677002583979,True,574,9,0.09282102,9
EL045,picture,LM,A_R11,\\nasac-m2.unige.ch\m-HumanNeuronLab\ANALYSIS\FLM\Analysis_LoraFanda\01_FBM_Analysis\outputs\04_ersp_LM_RAWONLY\EL045\LM\ERSP_matrix\picture\EL045_picture_WM_ERSP_A_R11_TN.npy,0.0200775193798449,0.0040310077519379,True,575,9,0.035823394,9
EL045,picture,LM,A_R12,\\nasac-m2.unige.ch\m-HumanNeuronLab\ANALYSIS\FLM\Analysis_LoraFanda\01_FBM_Analysis\outputs\04_ersp_LM_RAWONLY\EL045\LM\ERSP_matrix\picture\EL045_picture_WM_ERSP_A_R12_TN.npy,0.0224547803617571,0.0065116279069767,True,576,9,0.034861732,9
EL045,picture,LM,A_R13,\\nasac-m2.unige.ch\m-HumanNeuronLab\ANALYSIS\FLM\Analysis_LoraFanda\01_FBM_Analysis\outputs\04_ersp_LM_RAWONLY\EL045\LM\ERSP_matrix\picture\EL045_picture_WM_ERSP_A_R13_TN.npy,0.0384237726098191,0.007235142118863,True,577,9,0.09245296,9
EL045,picture,LM,A_R14,\\nasac-m2.unige.ch\m-HumanNeuronLab\ANALYSIS\FLM\Analysis_LoraFanda\01_FBM_Analysis\outputs\04_ersp_LM_RAWONLY\EL045\LM\ERSP_matrix\picture\EL045_picture_WM_ERSP_A_R14_TN.npy,0.1078811369509044,0.0119638242894056,True,578,8,-0.040810138,8
EL045,picture,LM,A_R15,\\nasac-m2.unige.ch\m-HumanNeuronLab\ANALYSIS\FLM\Analysis_LoraFanda\01_FBM_Analysis\outputs\04_ersp_LM_RAWONLY\EL045\LM\ERSP_matrix\picture\EL045_picture_WM_ERSP_A_R15_TN.npy,0.2436950904392764,0.0587596899224806,True,579,8,0.1021212,8
EL045,picture,LM,A_R1,\\nasac-m2.unige.ch\m-HumanNeuronLab\ANALYSIS\FLM\Analysis_LoraFanda\01_FBM_Analysis\outputs\04_ersp_LM_RAWONLY\EL045\LM\ERSP_matrix\picture\EL045_picture_WM_ERSP_A_R1_TN.npy,0.0284754521963824,0.0005684754521963,True,580,6,0.09295847,6
EL045,picture,LM,A_R4,\\nasac-m2.unige.ch\m-HumanNeuronLab\ANALYSIS\FLM\Analysis_LoraFanda\01_FBM_Analysis\outputs\04_ersp_LM_RAWONLY\EL045\LM\ERSP_matrix\picture\EL045_picture_WM_ERSP_A_R4_TN.npy,0.0249354005167958,0.0018346253229974,True,581,9,0.048381355,9
EL045,picture,LM,A_R5,\\nasac-m2.unige.ch\m-HumanNeuronLab\ANALYSIS\FLM\Analysis_LoraFanda\01_FBM_Analysis\outputs\04_ersp_LM_RAWONLY\EL045\LM\ERSP_matrix\picture\EL045_picture_WM_ERSP_A_R5_TN.npy,0.0298708010335917,0.0012919896640826,True,582,6,0.036334872,6
EL045,picture,LM,A_R6,\\nasac-m2.unige.ch\m-HumanNeuronLab\ANALYSIS\FLM\Analysis_LoraFanda\01_FBM_Analysis\outputs\04_ersp_LM_RAWONLY\EL045\LM\ERSP_matrix\picture\EL045_picture_WM_ERSP_A_R6_TN.npy,0.0318346253229974,0.0020155038759689,True,583,9,0.02482698,9
EL045,picture,LM,A_R7,\\nasac-m2.unige.ch\m-HumanNeuronLab\ANALYSIS\FLM\Analysis_LoraFanda\01_FBM_Analysis\outputs\04_ersp_LM_RAWONLY\EL045\LM\ERSP_matrix\picture\EL045_picture_WM_ERSP_A_R7_TN.npy,0.0310335917312661,0.00656330749354,True,584,9,0.11073475,9
EL045,picture,LM,aH_L11,\\nasac-m2.unige.ch\m-HumanNeuronLab\ANALYSIS\FLM\Analysis_LoraFanda\01_FBM_Analysis\outputs\04_ersp_LM_RAWONLY\EL045\LM\ERSP_matrix\picture\EL045_picture_WM_ERSP_aH_L11_TN.npy,0.025142118863049,0.0015245478036175,True,585,3,-0.04458763,3
EL045,picture,LM,aH_L12,\\nasac-m2.unige.ch\m-HumanNeuronLab\ANALYSIS\FLM\Analysis_LoraFanda\01_FBM_Analysis\outputs\04_ersp_LM_RAWONLY\EL045\LM\ERSP_matrix\picture\EL045_picture_WM_ERSP_aH_L12_TN.npy,0.0741085271317829,0.0020671834625322,True,586,9,0.019985747,9
EL045,picture,LM,aH_R10,\\nasac-m2.unige.ch\m-HumanNeuronLab\ANALYSIS\FLM\Analysis_LoraFanda\01_FBM_Analysis\outputs\04_ersp_LM_RAWONLY\EL045\LM\ERSP_matrix\picture\EL045_picture_WM_ERSP_aH_R10_TN.npy,0.0404651162790697,0.0072868217054263,True,587,17,-0.012067294,17
EL045,picture,LM,aH_R11,\\nasac-m2.unige.ch\m-HumanNeuronLab\ANALYSIS\FLM\Analysis_LoraFanda\01_FBM_Analysis\outputs\04_ersp_LM_RAWONLY\EL045\LM\ERSP_matrix\picture\EL045_picture_WM_ERSP_aH_R11_TN.npy,0.0385271317829457,0.0093540051679586,True,588,9,0.056541104,9
EL045,picture,LM,aH_R12,\\nasac-m2.unige.ch\m-HumanNeuronLab\ANALYSIS\FLM\Analysis_LoraFanda\01_FBM_Analysis\outputs\04_ersp_LM_RAWONLY\EL045\LM\ERSP_matrix\picture\EL045_picture_WM_ERSP_aH_R12_TN.npy,0.0767958656330749,0.0122480620155038,True,589,8,0.0039063157,8
EL045,picture,LM,aH_R13,\\nasac-m2.unige.ch\m-HumanNeuronLab\ANALYSIS\FLM\Analysis_LoraFanda\01_FBM_Analysis\outputs\04_ersp_LM_RAWONLY\EL045\LM\ERSP_matrix\picture\EL045_picture_WM_ERSP_aH_R13_TN.npy,0.1375968992248062,0.0244186046511627,True,590,8,0.09250024,8
EL045,picture,LM,aH_R5,\\nasac-m2.unige.ch\m-HumanNeuronLab\ANALYSIS\FLM\Analysis_LoraFanda\01_FBM_Analysis\outputs\04_ersp_LM_RAWONLY\EL045\LM\ERSP_matrix\picture\EL045_picture_WM_ERSP_aH_R5_TN.npy,0.0209560723514211,0.0022997416020671,True,591,9,0.06794079,9
EL045,picture,LM,aH_R6,\\nasac-m2.unige.ch\m-HumanNeuronLab\ANALYSIS\FLM\Analysis_LoraFanda\01_FBM_Analysis\outputs\04_ersp_LM_RAWONLY\EL045\LM\ERSP_matrix\picture\EL045_picture_WM_ERSP_aH_R6_TN.npy,0.0307493540051679,0.0017829457364341,True,592,9,0.039039686,9
EL045,picture,LM,aH_R7,\\nasac-m2.unige.ch\m-HumanNeuronLab\ANALYSIS\FLM\Analysis_LoraFanda\01_FBM_Analysis\outputs\04_ersp_LM_RAWONLY\EL045\LM\ERSP_matrix\picture\EL045_picture_WM_ERSP_aH_R7_TN.npy,0.0337984496124031,0.0046511627906976,True,593,9,0.101391934,9
EL045,picture,LM,aH_R9,\\nasac-m2.unige.ch\m-HumanNeuronLab\ANALYSIS\FLM\Analysis_LoraFanda\01_FBM_Analysis\outputs\04_ersp_LM_RAWONLY\EL045\LM\ERSP_matrix\picture\EL045_picture_WM_ERSP_aH_R9_TN.npy,0.0411627906976744,0.0102325581395348,True,594,9,0.10030122,9
EL045,picture,LM,EntG_L10,\\nasac-m2.unige.ch\m-HumanNeuronLab\ANALYSIS\FLM\Analysis_LoraFanda\01_FBM_Analysis\outputs\04_ersp_LM_RAWONLY\EL045\LM\ERSP_matrix\picture\EL045_picture_WM_ERSP_EntG_L10_TN.npy,0.0477260981912144,0.0689922480620155,True,595,8,0.0551249,8
EL045,picture,LM,EntG_L11,\\nasac-m2.unige.ch\m-HumanNeuronLab\ANALYSIS\FLM\Analysis_LoraFanda\01_FBM_Analysis\outputs\04_ersp_LM_RAWONLY\EL045\LM\ERSP_matrix\picture\EL045_picture_WM_ERSP_EntG_L11_TN.npy,0.1279328165374677,0.1341343669250646,True,596,8,0.1709309,8
EL045,picture,LM,EntG_L1,\\nasac-m2.unige.ch\m-HumanNeuronLab\ANALYSIS\FLM\Analysis_LoraFanda\01_FBM_Analysis\outputs\04_ersp_LM_RAWONLY\EL045\LM\ERSP_matrix\picture\EL045_picture_WM_ERSP_EntG_L1_TN.npy,0.0201550387596899,0.0069250645994832,True,597,9,0.03184218,9
EL045,picture,LM,EntG_L2,\\nasac-m2.unige.ch\m-HumanNeuronLab\ANALYSIS\FLM\Analysis_LoraFanda\01_FBM_Analysis\outputs\04_ersp_LM_RAWONLY\EL045\LM\ERSP_matrix\picture\EL045_picture_WM_ERSP_EntG_L2_TN.npy,0.0402842377260981,0.0106976744186046,True,598,17,0.004469218,17
EL045,picture,LM,EntG_L3,\\nasac-m2.unige.ch\m-HumanNeuronLab\ANALYSIS\FLM\Analysis_LoraFanda\01_FBM_Analysis\outputs\04_ersp_LM_RAWONLY\EL045\LM\ERSP_matrix\picture\EL045_picture_WM_ERSP_EntG_L3_TN.npy,0.0260981912144702,0.0068992248062015,True,599,9,0.055890992,9
EL045,picture,LM,EntG_L4,\\nasac-m2.unige.ch\m-HumanNeuronLab\ANALYSIS\FLM\Analysis_LoraFanda\01_FBM_Analysis\outputs\04_ersp_LM_RAWONLY\EL045\LM\ERSP_matrix\picture\EL045_picture_WM_ERSP_EntG_L4_TN.npy,0.0410335917312661,0.0140051679586563,True,600,9,0.09809933,9
EL045,picture,LM,EntG_L5,\\nasac-m2.unige.ch\m-HumanNeuronLab\ANALYSIS\FLM\Analysis_LoraFanda\01_FBM_Analysis\outputs\04_ersp_LM_RAWONLY\EL045\LM\ERSP_matrix\picture\EL045_picture_WM_ERSP_EntG_L5_TN.npy,0.0302067183462532,0.0182170542635658,True,601,9,0.12929411,9
EL045,picture,LM,EntG_L6,\\nasac-m2.unige.ch\m-HumanNeuronLab\ANALYSIS\FLM\Analysis_LoraFanda\01_FBM_Analysis\outputs\04_ersp_LM_RAWONLY\EL045\LM\ERSP_matrix\picture\EL045_picture_WM_ERSP_EntG_L6_TN.npy,0.0245219638242894,0.0192764857881136,True,602,9,0.14212428,9
EL045,picture,LM,EntG_L7,\\nasac-m2.unige.ch\m-HumanNeuronLab\ANALYSIS\FLM\Analysis_LoraFanda\01_FBM_Analysis\outputs\04_ersp_LM_RAWONLY\EL045\LM\ERSP_matrix\picture\EL045_picture_WM_ERSP_EntG_L7_TN.npy,0.0231007751937984,0.0291989664082687,True,603,8,-0.08870261,8
EL045,picture,LM,EntG_L8,\\nasac-m2.unige.ch\m-HumanNeuronLab\ANALYSIS\FLM\Analysis_LoraFanda\01_FBM_Analysis\outputs\04_ersp_LM_RAWONLY\EL045\LM\ERSP_matrix\picture\EL045_picture_WM_ERSP_EntG_L8_TN.npy,0.0309560723514211,0.0385271317829457,True,604,8,-0.024112687,8
EL045,picture,LM,EntG_L9,\\nasac-m2.unige.ch\m-HumanNeuronLab\ANALYSIS\FLM\Analysis_LoraFanda\01_FBM_Analysis\outputs\04_ersp_LM_RAWONLY\EL045\LM\ERSP_matrix\picture\EL045_picture_WM_ERSP_EntG_L9_TN.npy,0.0390439276485788,0.0588372093023255,True,605,8,0.044157088,8
EL045,picture,LM,pH_L10,\\nasac-m2.unige.ch\m-HumanNeuronLab\ANALYSIS\FLM\Analysis_LoraFanda\01_FBM_Analysis\outputs\04_ersp_LM_RAWONLY\EL045\LM\ERSP_matrix\picture\EL045_picture_WM_ERSP_pH_L10_TN.npy,0.0237726098191214,0.0010077519379844,True,606,3,0.019763624,3
EL045,picture,LM,pH_L12,\\nasac-m2.unige.ch\m-HumanNeuronLab\ANALYSIS\FLM\Analysis_LoraFanda\01_FBM_Analysis\outputs\04_ersp_LM_RAWONLY\EL045\LM\ERSP_matrix\picture\EL045_picture_WM_ERSP_pH_L12_TN.npy,0.0209819121447028,0.0025064599483204,True,607,3,-0.0027468416,3
EL045,picture,LM,pH_L13,\\nasac-m2.unige.ch\m-HumanNeuronLab\ANALYSIS\FLM\Analysis_LoraFanda\01_FBM_Analysis\outputs\04_ersp_LM_RAWONLY\EL045\LM\ERSP_matrix\picture\EL045_picture_WM_ERSP_pH_L13_TN.npy,0.0308527131782945,0.0020930232558139,True,608,5,0.041759036,5
EL045,picture,LM,pH_L14,\\nasac-m2.unige.ch\m-HumanNeuronLab\ANALYSIS\FLM\Analysis_LoraFanda\01_FBM_Analysis\outputs\04_ersp_LM_RAWONLY\EL045\LM\ERSP_matrix\picture\EL045_picture_WM_ERSP_pH_L14_TN.npy,0.0410594315245478,0.0012144702842377,True,609,5,-0.028401226,5
EL045,picture,LM,pH_L15,\\nasac-m2.unige.ch\m-HumanNeuronLab\ANALYSIS\FLM\Analysis_LoraFanda\01_FBM_Analysis\outputs\04_ersp_LM_RAWONLY\EL045\LM\ERSP_matrix\picture\EL045_picture_WM_ERSP_pH_L15_TN.npy,0.1446770025839793,0.0050387596899224,True,610,19,0.056998566,19
EL045,picture,LM,pH_L5,\\nasac-m2.unige.ch\m-HumanNeuronLab\ANALYSIS\FLM\Analysis_LoraFanda\01_FBM_Analysis\outputs\04_ersp_LM_RAWONLY\EL045\LM\ERSP_matrix\picture\EL045_picture_WM_ERSP_pH_L5_TN.npy,0.027235142118863,0.0010335917312661,True,611,18,0.007020545,18
EL045,picture,LM,pH_L6,\\nasac-m2.unige.ch\m-HumanNeuronLab\ANALYSIS\FLM\Analysis_LoraFanda\01_FBM_Analysis\outputs\04_ersp_LM_RAWONLY\EL045\LM\ERSP_matrix\picture\EL045_picture_WM_ERSP_pH_L6_TN.npy,0.0201808785529715,0.0010594315245478,True,612,5,0.02726117,5
EL045,picture,LM,PlaT_L1,\\nasac-m2.unige.ch\m-HumanNeuronLab\ANALYSIS\FLM\Analysis_LoraFanda\01_FBM_Analysis\outputs\04_ersp_LM_RAWONLY\EL045\LM\ERSP_matrix\picture\EL045_picture_WM_ERSP_PlaT_L1_TN.npy,0.0321188630490956,0.0025839793281653,True,613,5,-0.035525683,5
EL045,picture,LM,PlaT_L2,\\nasac-m2.unige.ch\m-HumanNeuronLab\ANALYSIS\FLM\Analysis_LoraFanda\01_FBM_Analysis\outputs\04_ersp_LM_RAWONLY\EL045\LM\ERSP_matrix\picture\EL045_picture_WM_ERSP_PlaT_L2_TN.npy,0.0283979328165374,0.0075710594315245,True,614,16,0.091148786,16
EL045,picture,LM,PlaT_L4,\\nasac-m2.unige.ch\m-HumanNeuronLab\ANALYSIS\FLM\Analysis_LoraFanda\01_FBM_Analysis\outputs\04_ersp_LM_RAWONLY\EL045\LM\ERSP_matrix\picture\EL045_picture_WM_ERSP_PlaT_L4_TN.npy,0.0277777777777777,0.0084754521963824,True,615,16,0.016746305,16
EL045,picture,LM,PlaT_L5,\\nasac-m2.unige.ch\m-HumanNeuronLab\ANALYSIS\FLM\Analysis_LoraFanda\01_FBM_Analysis\outputs\04_ersp_LM_RAWONLY\EL045\LM\ERSP_matrix\picture\EL045_picture_WM_ERSP_PlaT_L5_TN.npy,0.0825839793281653,0.0042377260981912,True,616,5,0.020430332,5
EL045,picture,LM,PlaT_L6,\\nasac-m2.unige.ch\m-HumanNeuronLab\ANALYSIS\FLM\Analysis_LoraFanda\01_FBM_Analysis\outputs\04_ersp_LM_RAWONLY\EL045\LM\ERSP_matrix\picture\EL045_picture_WM_ERSP_PlaT_L6_TN.npy,0.1135917312661498,0.0068475452196382,True,617,19,-0.020679776,19
EL045,picture,LM,STG_L1,\\nasac-m2.unige.ch\m-HumanNeuronLab\ANALYSIS\FLM\Analysis_LoraFanda\01_FBM_Analysis\outputs\04_ersp_LM_RAWONLY\EL045\LM\ERSP_matrix\picture\EL045_picture_WM_ERSP_STG_L1_TN.npy,0.0563049095607235,0.0051162790697674,True,618,5,0.0042077596,5
EL045,picture,LM,STG_L2,\\nasac-m2.unige.ch\m-HumanNeuronLab\ANALYSIS\FLM\Analysis_LoraFanda\01_FBM_Analysis\outputs\04_ersp_LM_RAWONLY\EL045\LM\ERSP_matrix\picture\EL045_picture_WM_ERSP_STG_L2_TN.npy,0.03,0.0050645994832041,True,619,14,-0.09403143,14
EL045,picture,LM,STG_L3,\\nasac-m2.unige.ch\m-HumanNeuronLab\ANALYSIS\FLM\Analysis_LoraFanda\01_FBM_Analysis\outputs\04_ersp_LM_RAWONLY\EL045\LM\ERSP_matrix\picture\EL045_picture_WM_ERSP_STG_L3_TN.npy,0.0680103359173126,0.0010594315245478,True,620,18,0.07607504,18
EL045,picture,LM,STG_L4,\\nasac-m2.unige.ch\m-HumanNeuronLab\ANALYSIS\FLM\Analysis_LoraFanda\01_FBM_Analysis\outputs\04_ersp_LM_RAWONLY\EL045\LM\ERSP_matrix\picture\EL045_picture_WM_ERSP_STG_L4_TN.npy,0.0388113695090439,0.0029974160206718,True,621,18,0.011504917,18
EL045,picture,LM,STG_L5,\\nasac-m2.unige.ch\m-HumanNeuronLab\ANALYSIS\FLM\Analysis_LoraFanda\01_FBM_Analysis\outputs\04_ersp_LM_RAWONLY\EL045\LM\ERSP_matrix\picture\EL045_picture_WM_ERSP_STG_L5_TN.npy,0.0217312661498708,0.0012403100775193,True,622,5,0.07489547,5
EL045,picture,LM,STG_L6,\\nasac-m2.unige.ch\m-HumanNeuronLab\ANALYSIS\FLM\Analysis_LoraFanda\01_FBM_Analysis\outputs\04_ersp_LM_RAWONLY\EL045\LM\ERSP_matrix\picture\EL045_picture_WM_ERSP_STG_L6_TN.npy,0.0319121447028423,0.004470284237726,True,623,5,0.09376681,5
EL045,picture,LM,STG_L7,\\nasac-m2.unige.ch\m-HumanNeuronLab\ANALYSIS\FLM\Analysis_LoraFanda\01_FBM_Analysis\outputs\04_ersp_LM_RAWONLY\EL045\LM\ERSP_matrix\picture\EL045_picture_WM_ERSP_STG_L7_TN.npy,0.0354521963824289,0.005968992248062,True,624,5,0.08126402,5
EL045,picture,LM,STG_L8,\\nasac-m2.unige.ch\m-HumanNeuronLab\ANALYSIS\FLM\Analysis_LoraFanda\01_FBM_Analysis\outputs\04_ersp_LM_RAWONLY\EL045\LM\ERSP_matrix\picture\EL045_picture_WM_ERSP_STG_L8_TN.npy,0.0260981912144702,0.0040051679586563,True,625,5,-0.019218339,5
EL045,picture,LM,STG_L9,\\nasac-m2.unige.ch\m-HumanNeuronLab\ANALYSIS\FLM\Analysis_LoraFanda\01_FBM_Analysis\outputs\04_ersp_LM_RAWONLY\EL045\LM\ERSP_matrix\picture\EL045_picture_WM_ERSP_STG_L9_TN.npy,0.0974160206718346,0.005813953488372,True,626,9,0.050928473,9
EL045,picture,LM,TTG_L1,\\nasac-m2.unige.ch\m-HumanNeuronLab\ANALYSIS\FLM\Analysis_LoraFanda\01_FBM_Analysis\outputs\04_ersp_LM_RAWONLY\EL045\LM\ERSP_matrix\picture\EL045_picture_WM_ERSP_TTG_L1_TN.npy,0.0357622739018087,0.0006459948320413,True,627,3,-0.023143364,3
EL045,picture,LM,TTG_L2,\\nasac-m2.unige.ch\m-HumanNeuronLab\ANALYSIS\FLM\Analysis_LoraFanda\01_FBM_Analysis\outputs\04_ersp_LM_RAWONLY\EL045\LM\ERSP_matrix\picture\EL045_picture_WM_ERSP_TTG_L2_TN.npy,0.0489664082687338,0.0008527131782945,True,628,3,0.00625075,3
EL045,picture,LM,TTG_L3,\\nasac-m2.unige.ch\m-HumanNeuronLab\ANALYSIS\FLM\Analysis_LoraFanda\01_FBM_Analysis\outputs\04_ersp_LM_RAWONLY\EL045\LM\ERSP_matrix\picture\EL045_picture_WM_ERSP_TTG_L3_TN.npy,0.0484496124031007,0.0017312661498708,True,629,3,0.025451332,3
EL045,picture,LM,TTG_L4,\\nasac-m2.unige.ch\m-HumanNeuronLab\ANALYSIS\FLM\Analysis_LoraFanda\01_FBM_Analysis\outputs\04_ersp_LM_RAWONLY\EL045\LM\ERSP_matrix\picture\EL045_picture_WM_ERSP_TTG_L4_TN.npy,0.0717054263565891,0.0020671834625322,True,630,3,-0.014075194,3
EL045,picture,LM,TTG_L5,\\nasac-m2.unige.ch\m-HumanNeuronLab\ANALYSIS\FLM\Analysis_LoraFanda\01_FBM_Analysis\outputs\04_ersp_LM_RAWONLY\EL045\LM\ERSP_matrix\picture\EL045_picture_WM_ERSP_TTG_L5_TN.npy,0.1271576227390181,0.0011111111111111,True,631,19,0.04280302,19
EL045,picture,LM,TTG_L6,\\nasac-m2.unige.ch\m-HumanNeuronLab\ANALYSIS\FLM\Analysis_LoraFanda\01_FBM_Analysis\outputs\04_ersp_LM_RAWONLY\EL045\LM\ERSP_matrix\picture\EL045_picture_WM_ERSP_TTG_L6_TN.npy,0.0749612403100775,0.0055297157622739,True,632,5,0.019621305,5
EL045,picture,LM,TTG_L7,\\nasac-m2.unige.ch\m-HumanNeuronLab\ANALYSIS\FLM\Analysis_LoraFanda\01_FBM_Analysis\outputs\04_ersp_LM_RAWONLY\EL045\LM\ERSP_matrix\picture\EL045_picture_WM_ERSP_TTG_L7_TN.npy,0.0452454780361757,0.0079328165374677,True,633,9,0.050594937,9
EL045,picture,LM,TTG_L8,\\nasac-m2.unige.ch\m-HumanNeuronLab\ANALYSIS\FLM\Analysis_LoraFanda\01_FBM_Analysis\outputs\04_ersp_LM_RAWONLY\EL045\LM\ERSP_matrix\picture\EL045_picture_WM_ERSP_TTG_L8_TN.npy,0.0386046511627906,0.0049354005167958,True,634,9,0.059237298,9
EL045,picture,LM,TTG_L9,\\nasac-m2.unige.ch\m-HumanNeuronLab\ANALYSIS\FLM\Analysis_LoraFanda\01_FBM_Analysis\outputs\04_ersp_LM_RAWONLY\EL045\LM\ERSP_matrix\picture\EL045_picture_WM_ERSP_TTG_L9_TN.npy,0.0631007751937984,0.0106459948320413,True,635,9,0.062125426,9
EL045,reading,LM,A_L10,\\nasac-m2.unige.ch\m-HumanNeuronLab\ANALYSIS\FLM\Analysis_LoraFanda\01_FBM_Analysis\outputs\04_ersp_LM_RAWONLY\EL045\LM\ERSP_matrix\reading\EL045_reading_WM_ERSP_A_L10_TN.npy,0.054470284237726,0.0218863049095607,True,636,8,-0.064213425,8
EL045,reading,LM,A_L11,\\nasac-m2.unige.ch\m-HumanNeuronLab\ANALYSIS\FLM\Analysis_LoraFanda\01_FBM_Analysis\outputs\04_ersp_LM_RAWONLY\EL045\LM\ERSP_matrix\reading\EL045_reading_WM_ERSP_A_L11_TN.npy,0.1402583979328165,0.037157622739018,True,637,8,0.028330699,8
EL045,reading,LM,A_L12,\\nasac-m2.unige.ch\m-HumanNeuronLab\ANALYSIS\FLM\Analysis_LoraFanda\01_FBM_Analysis\outputs\04_ersp_LM_RAWONLY\EL045\LM\ERSP_matrix\reading\EL045_reading_WM_ERSP_A_L12_TN.npy,0.1911111111111111,0.0489922480620155,True,638,8,0.019404916,8
EL045,reading,LM,A_L1,\\nasac-m2.unige.ch\m-HumanNeuronLab\ANALYSIS\FLM\Analysis_LoraFanda\01_FBM_Analysis\outputs\04_ersp_LM_RAWONLY\EL045\LM\ERSP_matrix\reading\EL045_reading_WM_ERSP_A_L1_TN.npy,0.023953488372093,0.0165891472868217,True,639,7,0.026407698,7
EL045,reading,LM,A_L5,\\nasac-m2.unige.ch\m-HumanNeuronLab\ANALYSIS\FLM\Analysis_LoraFanda\01_FBM_Analysis\outputs\04_ersp_LM_RAWONLY\EL045\LM\ERSP_matrix\reading\EL045_reading_WM_ERSP_A_L5_TN.npy,0.0213178294573643,0.0174677002583979,True,640,9,0.10894598,9
EL045,reading,LM,A_L6,\\nasac-m2.unige.ch\m-HumanNeuronLab\ANALYSIS\FLM\Analysis_LoraFanda\01_FBM_Analysis\outputs\04_ersp_LM_RAWONLY\EL045\LM\ERSP_matrix\reading\EL045_reading_WM_ERSP_A_L6_TN.npy,0.0276744186046511,0.0288113695090439,True,641,9,0.15604325,9
EL045,reading,LM,A_L8,\\nasac-m2.unige.ch\m-HumanNeuronLab\ANALYSIS\FLM\Analysis_LoraFanda\01_FBM_Analysis\outputs\04_ersp_LM_RAWONLY\EL045\LM\ERSP_matrix\reading\EL045_reading_WM_ERSP_A_L8_TN.npy,0.027829457364341,0.0336175710594315,True,642,9,0.09439435,9
EL045,reading,LM,A_L9,\\nasac-m2.unige.ch\m-HumanNeuronLab\ANALYSIS\FLM\Analysis_LoraFanda\01_FBM_Analysis\outputs\04_ersp_LM_RAWONLY\EL045\LM\ERSP_matrix\reading\EL045_reading_WM_ERSP_A_L9_TN.npy,0.0382428940568475,0.030516795865633,True,643,8,-0.062112365,8
EL045,reading,LM,A_R12,\\nasac-m2.unige.ch\m-HumanNeuronLab\ANALYSIS\FLM\Analysis_LoraFanda\01_FBM_Analysis\outputs\04_ersp_LM_RAWONLY\EL045\LM\ERSP_matrix\reading\EL045_reading_WM_ERSP_A_R12_TN.npy,0.0300775193798449,0.0040826873385012,True,644,9,0.03978698,9
EL045,reading,LM,A_R13,\\nasac-m2.unige.ch\m-HumanNeuronLab\ANALYSIS\FLM\Analysis_LoraFanda\01_FBM_Analysis\outputs\04_ersp_LM_RAWONLY\EL045\LM\ERSP_matrix\reading\EL045_reading_WM_ERSP_A_R13_TN.npy,0.0235658914728682,0.0031007751937984,True,645,9,0.12903038,9
EL045,reading,LM,A_R14,\\nasac-m2.unige.ch\m-HumanNeuronLab\ANALYSIS\FLM\Analysis_LoraFanda\01_FBM_Analysis\outputs\04_ersp_LM_RAWONLY\EL045\LM\ERSP_matrix\reading\EL045_reading_WM_ERSP_A_R14_TN.npy,0.0460723514211886,0.0052713178294573,True,646,9,0.08041114,9
EL045,reading,LM,A_R15,\\nasac-m2.unige.ch\m-HumanNeuronLab\ANALYSIS\FLM\Analysis_LoraFanda\01_FBM_Analysis\outputs\04_ersp_LM_RAWONLY\EL045\LM\ERSP_matrix\reading\EL045_reading_WM_ERSP_A_R15_TN.npy,0.1048837209302325,0.021860465116279,True,647,8,0.014190079,8
EL045,reading,LM,A_R4,\\nasac-m2.unige.ch\m-HumanNeuronLab\ANALYSIS\FLM\Analysis_LoraFanda\01_FBM_Analysis\outputs\04_ersp_LM_RAWONLY\EL045\LM\ERSP_matrix\reading\EL045_reading_WM_ERSP_A_R4_TN.npy,0.0396382428940568,0.0028165374677002,True,648,9,0.052384958,9
EL045,reading,LM,A_R5,\\nasac-m2.unige.ch\m-HumanNeuronLab\ANALYSIS\FLM\Analysis_LoraFanda\01_FBM_Analysis\outputs\04_ersp_LM_RAWONLY\EL045\LM\ERSP_matrix\reading\EL045_reading_WM_ERSP_A_R5_TN.npy,0.0353488372093023,0.0014987080103359,True,649,3,-0.07184598,3
EL045,reading,LM,A_R6,\\nasac-m2.unige.ch\m-HumanNeuronLab\ANALYSIS\FLM\Analysis_LoraFanda\01_FBM_Analysis\outputs\04_ersp_LM_RAWONLY\EL045\LM\ERSP_matrix\reading\EL045_reading_WM_ERSP_A_R6_TN.npy,0.0418087855297157,0.0021963824289405,True,650,9,0.05804335,9
EL045,reading,LM,A_R7,\\nasac-m2.unige.ch\m-HumanNeuronLab\ANALYSIS\FLM\Analysis_LoraFanda\01_FBM_Analysis\outputs\04_ersp_LM_RAWONLY\EL045\LM\ERSP_matrix\reading\EL045_reading_WM_ERSP_A_R7_TN.npy,0.0531007751937984,0.0070025839793281,True,651,9,0.09806823,9
EL045,reading,LM,aH_L11,\\nasac-m2.unige.ch\m-HumanNeuronLab\ANALYSIS\FLM\Analysis_LoraFanda\01_FBM_Analysis\outputs\04_ersp_LM_RAWONLY\EL045\LM\ERSP_matrix\reading\EL045_reading_WM_ERSP_aH_L11_TN.npy,0.0477777777777777,0.0007235142118863,True,652,3,0.009931245,3
EL045,reading,LM,aH_L12,\\nasac-m2.unige.ch\m-HumanNeuronLab\ANALYSIS\FLM\Analysis_LoraFanda\01_FBM_Analysis\outputs\04_ersp_LM_RAWONLY\EL045\LM\ERSP_matrix\reading\EL045_reading_WM_ERSP_aH_L12_TN.npy,0.1246770025839793,0.0021447028423772,True,653,19,-0.044506926,19
EL045,reading,LM,aH_R10,\\nasac-m2.unige.ch\m-HumanNeuronLab\ANALYSIS\FLM\Analysis_LoraFanda\01_FBM_Analysis\outputs\04_ersp_LM_RAWONLY\EL045\LM\ERSP_matrix\reading\EL045_reading_WM_ERSP_aH_R10_TN.npy,0.037312661498708,0.0049095607235142,True,654,9,0.047982693,9
EL045,reading,LM,aH_R11,\\nasac-m2.unige.ch\m-HumanNeuronLab\ANALYSIS\FLM\Analysis_LoraFanda\01_FBM_Analysis\outputs\04_ersp_LM_RAWONLY\EL045\LM\ERSP_matrix\reading\EL045_reading_WM_ERSP_aH_R11_TN.npy,0.0498966408268733,0.0065374677002583,True,655,17,0.041603886,17
EL045,reading,LM,aH_R12,\\nasac-m2.unige.ch\m-HumanNeuronLab\ANALYSIS\FLM\Analysis_LoraFanda\01_FBM_Analysis\outputs\04_ersp_LM_RAWONLY\EL045\LM\ERSP_matrix\reading\EL045_reading_WM_ERSP_aH_R12_TN.npy,0.0542118863049095,0.010516795865633,True,656,9,0.11793783,9
EL045,reading,LM,aH_R13,\\nasac-m2.unige.ch\m-HumanNeuronLab\ANALYSIS\FLM\Analysis_LoraFanda\01_FBM_Analysis\outputs\04_ersp_LM_RAWONLY\EL045\LM\ERSP_matrix\reading\EL045_reading_WM_ERSP_aH_R13_TN.npy,0.0734625322997416,0.010516795865633,True,657,8,-0.08630372,8
EL045,reading,LM,aH_R1,\\nasac-m2.unige.ch\m-HumanNeuronLab\ANALYSIS\FLM\Analysis_LoraFanda\01_FBM_Analysis\outputs\04_ersp_LM_RAWONLY\EL045\LM\ERSP_matrix\reading\EL045_reading_WM_ERSP_aH_R1_TN.npy,0.0237984496124031,0.0016279069767441,True,658,3,-0.040661015,3
EL045,reading,LM,aH_R4,\\nasac-m2.unige.ch\m-HumanNeuronLab\ANALYSIS\FLM\Analysis_LoraFanda\01_FBM_Analysis\outputs\04_ersp_LM_RAWONLY\EL045\LM\ERSP_matrix\reading\EL045_reading_WM_ERSP_aH_R4_TN.npy,0.0278036175710594,0.0025064599483204,True,659,9,0.018649818,9
EL045,reading,LM,aH_R5,\\nasac-m2.unige.ch\m-HumanNeuronLab\ANALYSIS\FLM\Analysis_LoraFanda\01_FBM_Analysis\outputs\04_ersp_LM_RAWONLY\EL045\LM\ERSP_matrix\reading\EL045_reading_WM_ERSP_aH_R5_TN.npy,0.039173126614987,0.0022997416020671,True,660,17,-0.050392374,17
EL045,reading,LM,aH_R6,\\nasac-m2.unige.ch\m-HumanNeuronLab\ANALYSIS\FLM\Analysis_LoraFanda\01_FBM_Analysis\outputs\04_ersp_LM_RAWONLY\EL045\LM\ERSP_matrix\reading\EL045_reading_WM_ERSP_aH_R6_TN.npy,0.0542894056847545,0.0040568475452196,True,661,9,0.060364813,9
EL045,reading,LM,aH_R7,\\nasac-m2.unige.ch\m-HumanNeuronLab\ANALYSIS\FLM\Analysis_LoraFanda\01_FBM_Analysis\outputs\04_ersp_LM_RAWONLY\EL045\LM\ERSP_matrix\reading\EL045_reading_WM_ERSP_aH_R7_TN.npy,0.0617054263565891,0.0049612403100775,True,662,9,0.059740406,9
EL045,reading,LM,aH_R9,\\nasac-m2.unige.ch\m-HumanNeuronLab\ANALYSIS\FLM\Analysis_LoraFanda\01_FBM_Analysis\outputs\04_ersp_LM_RAWONLY\EL045\LM\ERSP_matrix\reading\EL045_reading_WM_ERSP_aH_R9_TN.npy,0.0502583979328165,0.0081653746770025,True,663,17,-0.0065104216,17
EL045,reading,LM,EntG_L10,\\nasac-m2.unige.ch\m-HumanNeuronLab\ANALYSIS\FLM\Analysis_LoraFanda\01_FBM_Analysis\outputs\04_ersp_LM_RAWONLY\EL045\LM\ERSP_matrix\reading\EL045_reading_WM_ERSP_EntG_L10_TN.npy,0.0404392764857881,0.0974677002583979,True,664,8,0.08291826,8
EL045,reading,LM,EntG_L11,\\nasac-m2.unige.ch\m-HumanNeuronLab\ANALYSIS\FLM\Analysis_LoraFanda\01_FBM_Analysis\outputs\04_ersp_LM_RAWONLY\EL045\LM\ERSP_matrix\reading\EL045_reading_WM_ERSP_EntG_L11_TN.npy,0.081860465116279,0.1411369509043927,True,665,8,0.16093335,8
EL045,reading,LM,EntG_L1,\\nasac-m2.unige.ch\m-HumanNeuronLab\ANALYSIS\FLM\Analysis_LoraFanda\01_FBM_Analysis\outputs\04_ersp_LM_RAWONLY\EL045\LM\ERSP_matrix\reading\EL045_reading_WM_ERSP_EntG_L1_TN.npy,0.0344444444444444,0.0093023255813953,True,666,7,-0.022967698,7
EL045,reading,LM,EntG_L2,\\nasac-m2.unige.ch\m-HumanNeuronLab\ANALYSIS\FLM\Analysis_LoraFanda\01_FBM_Analysis\outputs\04_ersp_LM_RAWONLY\EL045\LM\ERSP_matrix\reading\EL045_reading_WM_ERSP_EntG_L2_TN.npy,0.0444444444444444,0.0206201550387596,True,667,9,0.071399525,9
EL045,reading,LM,EntG_L3,\\nasac-m2.unige.ch\m-HumanNeuronLab\ANALYSIS\FLM\Analysis_LoraFanda\01_FBM_Analysis\outputs\04_ersp_LM_RAWONLY\EL045\LM\ERSP_matrix\reading\EL045_reading_WM_ERSP_EntG_L3_TN.npy,0.0262015503875969,0.0222222222222222,True,668,9,0.131037,9
EL045,reading,LM,EntG_L4,\\nasac-m2.unige.ch\m-HumanNeuronLab\ANALYSIS\FLM\Analysis_LoraFanda\01_FBM_Analysis\outputs\04_ersp_LM_RAWONLY\EL045\LM\ERSP_matrix\reading\EL045_reading_WM_ERSP_EntG_L4_TN.npy,0.0359431524547803,0.0304392764857881,True,669,9,0.13011792,9
EL045,reading,LM,EntG_L5,\\nasac-m2.unige.ch\m-HumanNeuronLab\ANALYSIS\FLM\Analysis_LoraFanda\01_FBM_Analysis\outputs\04_ersp_LM_RAWONLY\EL045\LM\ERSP_matrix\reading\EL045_reading_WM_ERSP_EntG_L5_TN.npy,0.0351162790697674,0.0357622739018087,True,670,8,-0.079940274,8
EL045,reading,LM,EntG_L6,\\nasac-m2.unige.ch\m-HumanNeuronLab\ANALYSIS\FLM\Analysis_LoraFanda\01_FBM_Analysis\outputs\04_ersp_LM_RAWONLY\EL045\LM\ERSP_matrix\reading\EL045_reading_WM_ERSP_EntG_L6_TN.npy,0.0247545219638242,0.0377002583979328,True,671,9,0.094727725,9
EL045,reading,LM,EntG_L7,\\nasac-m2.unige.ch\m-HumanNeuronLab\ANALYSIS\FLM\Analysis_LoraFanda\01_FBM_Analysis\outputs\04_ersp_LM_RAWONLY\EL045\LM\ERSP_matrix\reading\EL045_reading_WM_ERSP_EntG_L7_TN.npy,0.0257881136950904,0.0483204134366925,True,672,8,-0.037435878,8
EL045,reading,LM,EntG_L8,\\nasac-m2.unige.ch\m-HumanNeuronLab\ANALYSIS\FLM\Analysis_LoraFanda\01_FBM_Analysis\outputs\04_ersp_LM_RAWONLY\EL045\LM\ERSP_matrix\reading\EL045_reading_WM_ERSP_EntG_L8_TN.npy,0.0345736434108527,0.0668475452196382,True,673,8,0.05050279,8
EL045,reading,LM,EntG_L9,\\nasac-m2.unige.ch\m-HumanNeuronLab\ANALYSIS\FLM\Analysis_LoraFanda\01_FBM_Analysis\outputs\04_ersp_LM_RAWONLY\EL045\LM\ERSP_matrix\reading\EL045_reading_WM_ERSP_EntG_L9_TN.npy,0.0470025839793281,0.0928423772609819,True,674,8,0.101153105,8
EL045,reading,LM,pH_L10,\\nasac-m2.unige.ch\m-HumanNeuronLab\ANALYSIS\FLM\Analysis_LoraFanda\01_FBM_Analysis\outputs\04_ersp_LM_RAWONLY\EL045\LM\ERSP_matrix\reading\EL045_reading_WM_ERSP_pH_L10_TN.npy,0.0334108527131782,0.0016020671834625,True,675,3,0.075767845,3
EL045,reading,LM,pH_L11,\\nasac-m2.unige.ch\m-HumanNeuronLab\ANALYSIS\FLM\Analysis_LoraFanda\01_FBM_Analysis\outputs\04_ersp_LM_RAWONLY\EL045\LM\ERSP_matrix\reading\EL045_reading_WM_ERSP_pH_L11_TN.npy,0.0352454780361757,0.0021447028423772,True,676,3,0.07466639,3
EL045,reading,LM,pH_L12,\\nasac-m2.unige.ch\m-HumanNeuronLab\ANALYSIS\FLM\Analysis_LoraFanda\01_FBM_Analysis\outputs\04_ersp_LM_RAWONLY\EL045\LM\ERSP_matrix\reading\EL045_reading_WM_ERSP_pH_L12_TN.npy,0.0405426356589147,0.0020155038759689,True,677,3,0.053920075,3
EL045,reading,LM,pH_L13,\\nasac-m2.unige.ch\m-HumanNeuronLab\ANALYSIS\FLM\Analysis_LoraFanda\01_FBM_Analysis\outputs\04_ersp_LM_RAWONLY\EL045\LM\ERSP_matrix\reading\EL045_reading_WM_ERSP_pH_L13_TN.npy,0.0477260981912144,0.0013953488372093,True,678,3,-0.007122673,3
EL045,reading,LM,pH_L14,\\nasac-m2.unige.ch\m-HumanNeuronLab\ANALYSIS\FLM\Analysis_LoraFanda\01_FBM_Analysis\outputs\04_ersp_LM_RAWONLY\EL045\LM\ERSP_matrix\reading\EL045_reading_WM_ERSP_pH_L14_TN.npy,0.0596124031007751,0.0013436692506459,True,679,3,0.025816428,3
EL045,reading,LM,pH_L15,\\nasac-m2.unige.ch\m-HumanNeuronLab\ANALYSIS\FLM\Analysis_LoraFanda\01_FBM_Analysis\outputs\04_ersp_LM_RAWONLY\EL045\LM\ERSP_matrix\reading\EL045_reading_WM_ERSP_pH_L15_TN.npy,0.1121188630490956,0.0013695090439276,True,680,19,-0.059859186,19
EL045,reading,LM,pH_L5,\\nasac-m2.unige.ch\m-HumanNeuronLab\ANALYSIS\FLM\Analysis_LoraFanda\01_FBM_Analysis\outputs\04_ersp_LM_RAWONLY\EL045\LM\ERSP_matrix\reading\EL045_reading_WM_ERSP_pH_L5_TN.npy,0.021266149870801,0.0003875968992248,True,681,6,0.10985837,6
EL045,reading,LM,pH_L9,\\nasac-m2.unige.ch\m-HumanNeuronLab\ANALYSIS\FLM\Analysis_LoraFanda\01_FBM_Analysis\outputs\04_ersp_LM_RAWONLY\EL045\LM\ERSP_matrix\reading\EL045_reading_WM_ERSP_pH_L9_TN.npy,0.0218346253229974,0.0016279069767441,True,682,3,0.06683775,3
EL045,reading,LM,PlaT_L2,\\nasac-m2.unige.ch\m-HumanNeuronLab\ANALYSIS\FLM\Analysis_LoraFanda\01_FBM_Analysis\outputs\04_ersp_LM_RAWONLY\EL045\LM\ERSP_matrix\reading\EL045_reading_WM_ERSP_PlaT_L2_TN.npy,0.0945736434108527,0.031937984496124,True,683,16,0.10557054,16
EL045,reading,LM,PlaT_L3,\\nasac-m2.unige.ch\m-HumanNeuronLab\ANALYSIS\FLM\Analysis_LoraFanda\01_FBM_Analysis\outputs\04_ersp_LM_RAWONLY\EL045\LM\ERSP_matrix\reading\EL045_reading_WM_ERSP_PlaT_L3_TN.npy,0.0331782945736434,0.033953488372093,True,684,16,0.06440287,16
EL045,reading,LM,PlaT_L4,\\nasac-m2.unige.ch\m-HumanNeuronLab\ANALYSIS\FLM\Analysis_LoraFanda\01_FBM_Analysis\outputs\04_ersp_LM_RAWONLY\EL045\LM\ERSP_matrix\reading\EL045_reading_WM_ERSP_PlaT_L4_TN.npy,0.0367441860465116,0.0340826873385012,True,685,16,-0.013009693,16
EL045,reading,LM,PlaT_L5,\\nasac-m2.unige.ch\m-HumanNeuronLab\ANALYSIS\FLM\Analysis_LoraFanda\01_FBM_Analysis\outputs\04_ersp_LM_RAWONLY\EL045\LM\ERSP_matrix\reading\EL045_reading_WM_ERSP_PlaT_L5_TN.npy,0.0634883720930232,0.0074935400516795,True,686,3,-0.040059935,3
EL045,reading,LM,PlaT_L6,\\nasac-m2.unige.ch\m-HumanNeuronLab\ANALYSIS\FLM\Analysis_LoraFanda\01_FBM_Analysis\outputs\04_ersp_LM_RAWONLY\EL045\LM\ERSP_matrix\reading\EL045_reading_WM_ERSP_PlaT_L6_TN.npy,0.0531007751937984,0.0190697674418604,True,687,9,0.088186674,9
EL045,reading,LM,STG_L1,\\nasac-m2.unige.ch\m-HumanNeuronLab\ANALYSIS\FLM\Analysis_LoraFanda\01_FBM_Analysis\outputs\04_ersp_LM_RAWONLY\EL045\LM\ERSP_matrix\reading\EL045_reading_WM_ERSP_STG_L1_TN.npy,0.0422222222222222,0.0097932816537467,True,688,9,0.04179058,9
EL045,reading,LM,STG_L2,\\nasac-m2.unige.ch\m-HumanNeuronLab\ANALYSIS\FLM\Analysis_LoraFanda\01_FBM_Analysis\outputs\04_ersp_LM_RAWONLY\EL045\LM\ERSP_matrix\reading\EL045_reading_WM_ERSP_STG_L2_TN.npy,0.0328682170542635,0.0104134366925064,True,689,14,-0.07039511,14
EL045,reading,LM,STG_L3,\\nasac-m2.unige.ch\m-HumanNeuronLab\ANALYSIS\FLM\Analysis_LoraFanda\01_FBM_Analysis\outputs\04_ersp_LM_RAWONLY\EL045\LM\ERSP_matrix\reading\EL045_reading_WM_ERSP_STG_L3_TN.npy,0.0529715762273901,0.0067183462532299,True,690,14,-0.008946942,14
EL045,reading,LM,STG_L4,\\nasac-m2.unige.ch\m-HumanNeuronLab\ANALYSIS\FLM\Analysis_LoraFanda\01_FBM_Analysis\outputs\04_ersp_LM_RAWONLY\EL045\LM\ERSP_matrix\reading\EL045_reading_WM_ERSP_STG_L4_TN.npy,0.0655038759689922,0.0035400516795865,True,691,18,0.09227622,18
EL045,reading,LM,STG_L5,\\nasac-m2.unige.ch\m-HumanNeuronLab\ANALYSIS\FLM\Analysis_LoraFanda\01_FBM_Analysis\outputs\04_ersp_LM_RAWONLY\EL045\LM\ERSP_matrix\reading\EL045_reading_WM_ERSP_STG_L5_TN.npy,0.0306459948320413,0.0094056847545219,True,692,5,0.045045573,5
EL045,reading,LM,STG_L6,\\nasac-m2.unige.ch\m-HumanNeuronLab\ANALYSIS\FLM\Analysis_LoraFanda\01_FBM_Analysis\outputs\04_ersp_LM_RAWONLY\EL045\LM\ERSP_matrix\reading\EL045_reading_WM_ERSP_STG_L6_TN.npy,0.0382428940568475,0.0113953488372093,True,693,3,-0.01658848,3
EL045,reading,LM,STG_L7,\\nasac-m2.unige.ch\m-HumanNeuronLab\ANALYSIS\FLM\Analysis_LoraFanda\01_FBM_Analysis\outputs\04_ersp_LM_RAWONLY\EL045\LM\ERSP_matrix\reading\EL045_reading_WM_ERSP_STG_L7_TN.npy,0.0200775193798449,0.0121705426356589,True,694,5,-0.040420823,5
EL045,reading,LM,STG_L9,\\nasac-m2.unige.ch\m-HumanNeuronLab\ANALYSIS\FLM\Analysis_LoraFanda\01_FBM_Analysis\outputs\04_ersp_LM_RAWONLY\EL045\LM\ERSP_matrix\reading\EL045_reading_WM_ERSP_STG_L9_TN.npy,0.0670284237726098,0.0174418604651162,True,695,9,0.03716056,9
EL045,reading,LM,TTG_L2,\\nasac-m2.unige.ch\m-HumanNeuronLab\ANALYSIS\FLM\Analysis_LoraFanda\01_FBM_Analysis\outputs\04_ersp_LM_RAWONLY\EL045\LM\ERSP_matrix\reading\EL045_reading_WM_ERSP_TTG_L2_TN.npy,0.0300516795865633,0.0050645994832041,True,696,3,-0.03406351,3
EL045,reading,LM,TTG_L3,\\nasac-m2.unige.ch\m-HumanNeuronLab\ANALYSIS\FLM\Analysis_LoraFanda\01_FBM_Analysis\outputs\04_ersp_LM_RAWONLY\EL045\LM\ERSP_matrix\reading\EL045_reading_WM_ERSP_TTG_L3_TN.npy,0.0303875968992248,0.0095090439276485,True,697,9,0.08558467,9
EL045,reading,LM,TTG_L4,\\nasac-m2.unige.ch\m-HumanNeuronLab\ANALYSIS\FLM\Analysis_LoraFanda\01_FBM_Analysis\outputs\04_ersp_LM_RAWONLY\EL045\LM\ERSP_matrix\reading\EL045_reading_WM_ERSP_TTG_L4_TN.npy,0.0350645994832041,0.0134883720930232,True,698,9,0.07325858,9
EL045,reading,LM,TTG_L5,\\nasac-m2.unige.ch\m-HumanNeuronLab\ANALYSIS\FLM\Analysis_LoraFanda\01_FBM_Analysis\outputs\04_ersp_LM_RAWONLY\EL045\LM\ERSP_matrix\reading\EL045_reading_WM_ERSP_TTG_L5_TN.npy,0.0787596899224806,0.0072609819121447,True,699,19,-0.010432962,19
EL045,reading,LM,TTG_L9,\\nasac-m2.unige.ch\m-HumanNeuronLab\ANALYSIS\FLM\Analysis_LoraFanda\01_FBM_Analysis\outputs\04_ersp_LM_RAWONLY\EL045\LM\ERSP_matrix\reading\EL045_reading_WM_ERSP_TTG_L9_TN.npy,0.0327648578811369,0.0301550387596899,True,700,9,0.09513766,9
PAT_2868,audio,LM,FOP3,\\nasac-m2.unige.ch\m-HumanNeuronLab\ANALYSIS\FLM\Analysis_LoraFanda\01_FBM_Analysis\outputs\04_ersp_LM_RAWONLY\PAT_2868\LM\ERSP_matrix\audio\PAT_2868_audio_WM_ERSP_FOP3_TN.npy,0.0255038759689922,0.0014211886304909,True,701,5,-0.023442596,5
PAT_2868,audio,LM,FOP4,\\nasac-m2.unige.ch\m-HumanNeuronLab\ANALYSIS\FLM\Analysis_LoraFanda\01_FBM_Analysis\outputs\04_ersp_LM_RAWONLY\PAT_2868\LM\ERSP_matrix\audio\PAT_2868_audio_WM_ERSP_FOP4_TN.npy,0.0324289405684754,0.0015503875968992,True,702,5,-0.017344087,5
PAT_2868,audio,LM,FOP5,\\nasac-m2.unige.ch\m-HumanNeuronLab\ANALYSIS\FLM\Analysis_LoraFanda\01_FBM_Analysis\outputs\04_ersp_LM_RAWONLY\PAT_2868\LM\ERSP_matrix\audio\PAT_2868_audio_WM_ERSP_FOP5_TN.npy,0.0322997416020671,0.0053229974160206,True,703,5,0.050726175,5
PAT_2868,picture,LM,IDM3,\\nasac-m2.unige.ch\m-HumanNeuronLab\ANALYSIS\FLM\Analysis_LoraFanda\01_FBM_Analysis\outputs\04_ersp_LM_RAWONLY\PAT_2868\LM\ERSP_matrix\picture\PAT_2868_picture_WM_ERSP_IDM3_TN.npy,0.0208527131782945,0.0001808785529715,True,704,6,0.09122799,6
PAT_2868,reading,LM,PPS5,\\nasac-m2.unige.ch\m-HumanNeuronLab\ANALYSIS\FLM\Analysis_LoraFanda\01_FBM_Analysis\outputs\04_ersp_LM_RAWONLY\PAT_2868\LM\ERSP_matrix\reading\PAT_2868_reading_WM_ERSP_PPS5_TN.npy,0.0256072351421188,0.0001291989664082,True,705,17,0.12805913,17
PAT_3066,audio,LM,FOG14,\\nasac-m2.unige.ch\m-HumanNeuronLab\ANALYSIS\FLM\Analysis_LoraFanda\01_FBM_Analysis\outputs\04_ersp_LM_RAWONLY\PAT_3066\LM\ERSP_matrix\audio\PAT_3066_audio_WM_ERSP_FOG14_TN.npy,0.0206976744186046,0.0014728682170542,True,706,7,0.002515142,7
PAT_3066,audio,LM,FOG15,\\nasac-m2.unige.ch\m-HumanNeuronLab\ANALYSIS\FLM\Analysis_LoraFanda\01_FBM_Analysis\outputs\04_ersp_LM_RAWONLY\PAT_3066\LM\ERSP_matrix\audio\PAT_3066_audio_WM_ERSP_FOG15_TN.npy,0.3896382428940568,0.0144444444444444,True,707,2,0.19714615,2
PAT_3066,audio,LM,HAG2,\\nasac-m2.unige.ch\m-HumanNeuronLab\ANALYSIS\FLM\Analysis_LoraFanda\01_FBM_Analysis\outputs\04_ersp_LM_RAWONLY\PAT_3066\LM\ERSP_matrix\audio\PAT_3066_audio_WM_ERSP_HAG2_TN.npy,0.0212403100775193,0.0005426356589147,True,708,6,0.09609232,6
PAT_3066,audio,LM,IMG10,\\nasac-m2.unige.ch\m-HumanNeuronLab\ANALYSIS\FLM\Analysis_LoraFanda\01_FBM_Analysis\outputs\04_ersp_LM_RAWONLY\PAT_3066\LM\ERSP_matrix\audio\PAT_3066_audio_WM_ERSP_IMG10_TN.npy,0.023875968992248,0.0032299741602067,True,709,14,-0.0643129,14
PAT_3066,audio,LM,IMG15,\\nasac-m2.unige.ch\m-HumanNeuronLab\ANALYSIS\FLM\Analysis_LoraFanda\01_FBM_Analysis\outputs\04_ersp_LM_RAWONLY\PAT_3066\LM\ERSP_matrix\audio\PAT_3066_audio_WM_ERSP_IMG15_TN.npy,0.0237726098191214,0.001266149870801,True,710,18,0.013957091,18
PAT_3066,audio,LM,IMG17,\\nasac-m2.unige.ch\m-HumanNeuronLab\ANALYSIS\FLM\Analysis_LoraFanda\01_FBM_Analysis\outputs\04_ersp_LM_RAWONLY\PAT_3066\LM\ERSP_matrix\audio\PAT_3066_audio_WM_ERSP_IMG17_TN.npy,0.0434108527131782,0.0006718346253229,True,711,18,0.02277988,18
PAT_3066,audio,LM,IMG18,\\nasac-m2.unige.ch\m-HumanNeuronLab\ANALYSIS\FLM\Analysis_LoraFanda\01_FBM_Analysis\outputs\04_ersp_LM_RAWONLY\PAT_3066\LM\ERSP_matrix\audio\PAT_3066_audio_WM_ERSP_IMG18_TN.npy,0.1870542635658914,0.0010335917312661,True,712,2,-0.17733239,2
PAT_3066,audio,LM,STG3,\\nasac-m2.unige.ch\m-HumanNeuronLab\ANALYSIS\FLM\Analysis_LoraFanda\01_FBM_Analysis\outputs\04_ersp_LM_RAWONLY\PAT_3066\LM\ERSP_matrix\audio\PAT_3066_audio_WM_ERSP_STG3_TN.npy,0.027312661498708,0.0040310077519379,True,713,3,-0.0030765368,3
PAT_3066,audio,LM,STG4,\\nasac-m2.unige.ch\m-HumanNeuronLab\ANALYSIS\FLM\Analysis_LoraFanda\01_FBM_Analysis\outputs\04_ersp_LM_RAWONLY\PAT_3066\LM\ERSP_matrix\audio\PAT_3066_audio_WM_ERSP_STG4_TN.npy,0.0289922480620155,0.0075193798449612,True,714,18,0.015720395,18
PAT_3066,audio,LM,STG7,\\nasac-m2.unige.ch\m-HumanNeuronLab\ANALYSIS\FLM\Analysis_LoraFanda\01_FBM_Analysis\outputs\04_ersp_LM_RAWONLY\PAT_3066\LM\ERSP_matrix\audio\PAT_3066_audio_WM_ERSP_STG7_TN.npy,0.024625322997416,0.0078036175710594,True,715,3,0.019166097,3
PAT_3066,audio,LM,STG8,\\nasac-m2.unige.ch\m-HumanNeuronLab\ANALYSIS\FLM\Analysis_LoraFanda\01_FBM_Analysis\outputs\04_ersp_LM_RAWONLY\PAT_3066\LM\ERSP_matrix\audio\PAT_3066_audio_WM_ERSP_STG8_TN.npy,0.0257364341085271,0.0046770025839793,True,716,3,0.07123001,3
PAT_3066,audio,LM,TIG8,\\nasac-m2.unige.ch\m-HumanNeuronLab\ANALYSIS\FLM\Analysis_LoraFanda\01_FBM_Analysis\outputs\04_ersp_LM_RAWONLY\PAT_3066\LM\ERSP_matrix\audio\PAT_3066_audio_WM_ERSP_TIG8_TN.npy,0.0280361757105943,0.007312661498708,True,717,5,-0.0006354419,5
PAT_3066,picture,LM,FOG15,\\nasac-m2.unige.ch\m-HumanNeuronLab\ANALYSIS\FLM\Analysis_LoraFanda\01_FBM_Analysis\outputs\04_ersp_LM_RAWONLY\PAT_3066\LM\ERSP_matrix\picture\PAT_3066_picture_WM_ERSP_FOG15_TN.npy,0.3027390180878553,0.0024289405684754,True,718,2,0.018631238,2
PAT_3066,picture,LM,HPD2,\\nasac-m2.unige.ch\m-HumanNeuronLab\ANALYSIS\FLM\Analysis_LoraFanda\01_FBM_Analysis\outputs\04_ersp_LM_RAWONLY\PAT_3066\LM\ERSP_matrix\picture\PAT_3066_picture_WM_ERSP_HPD2_TN.npy,0.0209560723514211,0.0004909560723514,True,719,16,0.008208888,16
PAT_3066,picture,LM,IMG18,\\nasac-m2.unige.ch\m-HumanNeuronLab\ANALYSIS\FLM\Analysis_LoraFanda\01_FBM_Analysis\outputs\04_ersp_LM_RAWONLY\PAT_3066\LM\ERSP_matrix\picture\PAT_3066_picture_WM_ERSP_IMG18_TN.npy,0.0309043927648578,0.0002583979328165,True,720,5,0.016069494,5
PAT_3066,reading,LM,FOG14,\\nasac-m2.unige.ch\m-HumanNeuronLab\ANALYSIS\FLM\Analysis_LoraFanda\01_FBM_Analysis\outputs\04_ersp_LM_RAWONLY\PAT_3066\LM\ERSP_matrix\reading\PAT_3066_reading_WM_ERSP_FOG14_TN.npy,0.0565891472868217,0.0013178294573643,True,721,5,0.041835558,5
PAT_3066,reading,LM,FOG15,\\nasac-m2.unige.ch\m-HumanNeuronLab\ANALYSIS\FLM\Analysis_LoraFanda\01_FBM_Analysis\outputs\04_ersp_LM_RAWONLY\PAT_3066\LM\ERSP_matrix\reading\PAT_3066_reading_WM_ERSP_FOG15_TN.npy,0.4512144702842377,0.0365374677002584,True,722,2,0.2652756,2
PAT_3066,reading,LM,IMG11,\\nasac-m2.unige.ch\m-HumanNeuronLab\ANALYSIS\FLM\Analysis_LoraFanda\01_FBM_Analysis\outputs\04_ersp_LM_RAWONLY\PAT_3066\LM\ERSP_matrix\reading\PAT_3066_reading_WM_ERSP_IMG11_TN.npy,0.0228423772609819,0.0243669250645994,True,723,14,0.18783575,14
PAT_3066,reading,LM,IMG17,\\nasac-m2.unige.ch\m-HumanNeuronLab\ANALYSIS\FLM\Analysis_LoraFanda\01_FBM_Analysis\outputs\04_ersp_LM_RAWONLY\PAT_3066\LM\ERSP_matrix\reading\PAT_3066_reading_WM_ERSP_IMG17_TN.npy,0.0386304909560723,0.0013953488372093,True,724,5,0.09994893,5
PAT_3066,reading,LM,IMG18,\\nasac-m2.unige.ch\m-HumanNeuronLab\ANALYSIS\FLM\Analysis_LoraFanda\01_FBM_Analysis\outputs\04_ersp_LM_RAWONLY\PAT_3066\LM\ERSP_matrix\reading\PAT_3066_reading_WM_ERSP_IMG18_TN.npy,0.2012403100775193,0.0018863049095607,True,725,2,-0.03764172,2
PAT_3301,picture,LM,AG10,\\nasac-m2.unige.ch\m-HumanNeuronLab\ANALYSIS\FLM\Analysis_LoraFanda\01_FBM_Analysis\outputs\04_ersp_LM_RAWONLY\PAT_3301\LM\ERSP_matrix\picture\PAT_3301_picture_WM_ERSP_AG10_TN.npy,0.069250645994832,0.0004651162790697,True,726,19,-0.0008091146,19
PAT_3301,picture,LM,AG2,\\nasac-m2.unige.ch\m-HumanNeuronLab\ANALYSIS\FLM\Analysis_LoraFanda\01_FBM_Analysis\outputs\04_ersp_LM_RAWONLY\PAT_3301\LM\ERSP_matrix\picture\PAT_3301_picture_WM_ERSP_AG2_TN.npy,0.0260723514211886,0.0019896640826873,True,727,16,-0.018152036,16
PAT_3301,picture,LM,AG3,\\nasac-m2.unige.ch\m-HumanNeuronLab\ANALYSIS\FLM\Analysis_LoraFanda\01_FBM_Analysis\outputs\04_ersp_LM_RAWONLY\PAT_3301\LM\ERSP_matrix\picture\PAT_3301_picture_WM_ERSP_AG3_TN.npy,0.0318087855297157,0.000516795865633,True,728,3,-0.07193935,3
PAT_3301,picture,LM,AG5,\\nasac-m2.unige.ch\m-HumanNeuronLab\ANALYSIS\FLM\Analysis_LoraFanda\01_FBM_Analysis\outputs\04_ersp_LM_RAWONLY\PAT_3301\LM\ERSP_matrix\picture\PAT_3301_picture_WM_ERSP_AG5_TN.npy,0.07,0.0017829457364341,True,729,5,-0.026598703,5
PAT_3301,picture,LM,AG7,\\nasac-m2.unige.ch\m-HumanNeuronLab\ANALYSIS\FLM\Analysis_LoraFanda\01_FBM_Analysis\outputs\04_ersp_LM_RAWONLY\PAT_3301\LM\ERSP_matrix\picture\PAT_3301_picture_WM_ERSP_AG7_TN.npy,0.0565116279069767,0.0005426356589147,True,730,5,-0.034359932,5
PAT_3301,picture,LM,AG8,\\nasac-m2.unige.ch\m-HumanNeuronLab\ANALYSIS\FLM\Analysis_LoraFanda\01_FBM_Analysis\outputs\04_ersp_LM_RAWONLY\PAT_3301\LM\ERSP_matrix\picture\PAT_3301_picture_WM_ERSP_AG8_TN.npy,0.0528165374677002,0.0006976744186046,True,731,12,0.116785616,12
PAT_3301,picture,LM,AG9,\\nasac-m2.unige.ch\m-HumanNeuronLab\ANALYSIS\FLM\Analysis_LoraFanda\01_FBM_Analysis\outputs\04_ersp_LM_RAWONLY\PAT_3301\LM\ERSP_matrix\picture\PAT_3301_picture_WM_ERSP_AG9_TN.npy,0.0613436692506459,0.0005426356589147,True,732,19,-0.04056834,19
PAT_3301,picture,LM,CAG11,\\nasac-m2.unige.ch\m-HumanNeuronLab\ANALYSIS\FLM\Analysis_LoraFanda\01_FBM_Analysis\outputs\04_ersp_LM_RAWONLY\PAT_3301\LM\ERSP_matrix\picture\PAT_3301_picture_WM_ERSP_CAG11_TN.npy,0.0237726098191214,0.0015762273901808,True,733,5,0.07320521,5
PAT_3301,picture,LM,CAG12,\\nasac-m2.unige.ch\m-HumanNeuronLab\ANALYSIS\FLM\Analysis_LoraFanda\01_FBM_Analysis\outputs\04_ersp_LM_RAWONLY\PAT_3301\LM\ERSP_matrix\picture\PAT_3301_picture_WM_ERSP_CAG12_TN.npy,0.022609819121447,0.0020671834625322,True,734,5,0.08149947,5
PAT_3301,picture,LM,CPD11,\\nasac-m2.unige.ch\m-HumanNeuronLab\ANALYSIS\FLM\Analysis_LoraFanda\01_FBM_Analysis\outputs\04_ersp_LM_RAWONLY\PAT_3301\LM\ERSP_matrix\picture\PAT_3301_picture_WM_ERSP_CPD11_TN.npy,0.0551937984496124,0.0034625322997416,True,735,14,-0.015625216,14
PAT_3301,picture,LM,CPD12,\\nasac-m2.unige.ch\m-HumanNeuronLab\ANALYSIS\FLM\Analysis_LoraFanda\01_FBM_Analysis\outputs\04_ersp_LM_RAWONLY\PAT_3301\LM\ERSP_matrix\picture\PAT_3301_picture_WM_ERSP_CPD12_TN.npy,0.0536692506459948,0.0055813953488372,True,736,14,0.008020602,14
PAT_3301,picture,LM,CPD13,\\nasac-m2.unige.ch\m-HumanNeuronLab\ANALYSIS\FLM\Analysis_LoraFanda\01_FBM_Analysis\outputs\04_ersp_LM_RAWONLY\PAT_3301\LM\ERSP_matrix\picture\PAT_3301_picture_WM_ERSP_CPD13_TN.npy,0.0386821705426356,0.0060465116279069,True,737,14,-0.025204042,14
PAT_3301,picture,LM,CPD14,\\nasac-m2.unige.ch\m-HumanNeuronLab\ANALYSIS\FLM\Analysis_LoraFanda\01_FBM_Analysis\outputs\04_ersp_LM_RAWONLY\PAT_3301\LM\ERSP_matrix\picture\PAT_3301_picture_WM_ERSP_CPD14_TN.npy,0.0335658914728682,0.005297157622739,True,738,14,-0.017029712,14
PAT_3301,picture,LM,CPD15,\\nasac-m2.unige.ch\m-HumanNeuronLab\ANALYSIS\FLM\Analysis_LoraFanda\01_FBM_Analysis\outputs\04_ersp_LM_RAWONLY\PAT_3301\LM\ERSP_matrix\picture\PAT_3301_picture_WM_ERSP_CPD15_TN.npy,0.0214211886304909,0.0083462532299741,True,739,14,0.0082909595,14
PAT_3301,picture,LM,CPD2,\\nasac-m2.unige.ch\m-HumanNeuronLab\ANALYSIS\FLM\Analysis_LoraFanda\01_FBM_Analysis\outputs\04_ersp_LM_RAWONLY\PAT_3301\LM\ERSP_matrix\picture\PAT_3301_picture_WM_ERSP_CPD2_TN.npy,0.0252713178294573,0.0003617571059431,True,740,3,-0.075395085,3
PAT_3301,picture,LM,CPD4,\\nasac-m2.unige.ch\m-HumanNeuronLab\ANALYSIS\FLM\Analysis_LoraFanda\01_FBM_Analysis\outputs\04_ersp_LM_RAWONLY\PAT_3301\LM\ERSP_matrix\picture\PAT_3301_picture_WM_ERSP_CPD4_TN.npy,0.0212403100775193,0.0005426356589147,True,741,3,-0.06556962,3
PAT_3301,picture,LM,CPG10,\\nasac-m2.unige.ch\m-HumanNeuronLab\ANALYSIS\FLM\Analysis_LoraFanda\01_FBM_Analysis\outputs\04_ersp_LM_RAWONLY\PAT_3301\LM\ERSP_matrix\picture\PAT_3301_picture_WM_ERSP_CPG10_TN.npy,0.04656330749354,0.0026356589147286,True,742,3,0.013068562,3
PAT_3301,picture,LM,CPG12,\\nasac-m2.unige.ch\m-HumanNeuronLab\ANALYSIS\FLM\Analysis_LoraFanda\01_FBM_Analysis\outputs\04_ersp_LM_RAWONLY\PAT_3301\LM\ERSP_matrix\picture\PAT_3301_picture_WM_ERSP_CPG12_TN.npy,0.0428940568475452,0.0019121447028423,True,743,3,0.029150711,3
PAT_3301,picture,LM,CPG8,\\nasac-m2.unige.ch\m-HumanNeuronLab\ANALYSIS\FLM\Analysis_LoraFanda\01_FBM_Analysis\outputs\04_ersp_LM_RAWONLY\PAT_3301\LM\ERSP_matrix\picture\PAT_3301_picture_WM_ERSP_CPG8_TN.npy,0.031937984496124,0.0012919896640826,True,744,3,-0.0016766894,3
PAT_3301,picture,LM,CPG9,\\nasac-m2.unige.ch\m-HumanNeuronLab\ANALYSIS\FLM\Analysis_LoraFanda\01_FBM_Analysis\outputs\04_ersp_LM_RAWONLY\PAT_3301\LM\ERSP_matrix\picture\PAT_3301_picture_WM_ERSP_CPG9_TN.npy,0.0456330749354005,0.0020155038759689,True,745,3,0.04023839,3
PAT_3301,picture,LM,FOD10,\\nasac-m2.unige.ch\m-HumanNeuronLab\ANALYSIS\FLM\Analysis_LoraFanda\01_FBM_Analysis\outputs\04_ersp_LM_RAWONLY\PAT_3301\LM\ERSP_matrix\picture\PAT_3301_picture_WM_ERSP_FOD10_TN.npy,0.036485788113695,0.0006976744186046,True,746,18,0.04849152,18
PAT_3301,picture,LM,FOD11,\\nasac-m2.unige.ch\m-HumanNeuronLab\ANALYSIS\FLM\Analysis_LoraFanda\01_FBM_Analysis\outputs\04_ersp_LM_RAWONLY\PAT_3301\LM\ERSP_matrix\picture\PAT_3301_picture_WM_ERSP_FOD11_TN.npy,0.0888113695090439,0.0003359173126614,True,747,18,0.089795,18
PAT_3301,picture,LM,FOD12,\\nasac-m2.unige.ch\m-HumanNeuronLab\ANALYSIS\FLM\Analysis_LoraFanda\01_FBM_Analysis\outputs\04_ersp_LM_RAWONLY\PAT_3301\LM\ERSP_matrix\picture\PAT_3301_picture_WM_ERSP_FOD12_TN.npy,0.0495348837209302,0.0003875968992248,True,748,18,0.09271324,18
PAT_3301,picture,LM,FOD4,\\nasac-m2.unige.ch\m-HumanNeuronLab\ANALYSIS\FLM\Analysis_LoraFanda\01_FBM_Analysis\outputs\04_ersp_LM_RAWONLY\PAT_3301\LM\ERSP_matrix\picture\PAT_3301_picture_WM_ERSP_FOD4_TN.npy,0.0384754521963824,0.0002583979328165,True,749,18,0.0042756433,18
PAT_3301,picture,LM,FOD5,\\nasac-m2.unige.ch\m-HumanNeuronLab\ANALYSIS\FLM\Analysis_LoraFanda\01_FBM_Analysis\outputs\04_ersp_LM_RAWONLY\PAT_3301\LM\ERSP_matrix\picture\PAT_3301_picture_WM_ERSP_FOD5_TN.npy,0.0282428940568475,0.000594315245478,True,750,6,0.012162308,6
PAT_3301,picture,LM,FOD8,\\nasac-m2.unige.ch\m-HumanNeuronLab\ANALYSIS\FLM\Analysis_LoraFanda\01_FBM_Analysis\outputs\04_ersp_LM_RAWONLY\PAT_3301\LM\ERSP_matrix\picture\PAT_3301_picture_WM_ERSP_FOD8_TN.npy,0.0222222222222222,0.0008010335917312,True,751,18,-0.046045743,18
PAT_3301,picture,LM,FOD9,\\nasac-m2.unige.ch\m-HumanNeuronLab\ANALYSIS\FLM\Analysis_LoraFanda\01_FBM_Analysis\outputs\04_ersp_LM_RAWONLY\PAT_3301\LM\ERSP_matrix\picture\PAT_3301_picture_WM_ERSP_FOD9_TN.npy,0.0219896640826873,0.0005426356589147,True,752,18,0.02794139,18
PAT_3301,picture,LM,FOG10,\\nasac-m2.unige.ch\m-HumanNeuronLab\ANALYSIS\FLM\Analysis_LoraFanda\01_FBM_Analysis\outputs\04_ersp_LM_RAWONLY\PAT_3301\LM\ERSP_matrix\picture\PAT_3301_picture_WM_ERSP_FOG10_TN.npy,0.0204134366925064,0.0027390180878552,True,753,5,0.07363229,5
PAT_3301,picture,LM,FOG14,\\nasac-m2.unige.ch\m-HumanNeuronLab\ANALYSIS\FLM\Analysis_LoraFanda\01_FBM_Analysis\outputs\04_ersp_LM_RAWONLY\PAT_3301\LM\ERSP_matrix\picture\PAT_3301_picture_WM_ERSP_FOG14_TN.npy,0.0273901808785529,0.0017312661498708,True,754,5,0.109290354,5
PAT_3301,picture,LM,FOG1,\\nasac-m2.unige.ch\m-HumanNeuronLab\ANALYSIS\FLM\Analysis_LoraFanda\01_FBM_Analysis\outputs\04_ersp_LM_RAWONLY\PAT_3301\LM\ERSP_matrix\picture\PAT_3301_picture_WM_ERSP_FOG1_TN.npy,0.0287855297157622,0.0004392764857881,True,755,18,-0.028424757,18
PAT_3301,picture,LM,FOG2,\\nasac-m2.unige.ch\m-HumanNeuronLab\ANALYSIS\FLM\Analysis_LoraFanda\01_FBM_Analysis\outputs\04_ersp_LM_RAWONLY\PAT_3301\LM\ERSP_matrix\picture\PAT_3301_picture_WM_ERSP_FOG2_TN.npy,0.0274160206718346,0.0006718346253229,True,756,3,-0.027852276,3
PAT_3301,picture,LM,FOG4,\\nasac-m2.unige.ch\m-HumanNeuronLab\ANALYSIS\FLM\Analysis_LoraFanda\01_FBM_Analysis\outputs\04_ersp_LM_RAWONLY\PAT_3301\LM\ERSP_matrix\picture\PAT_3301_picture_WM_ERSP_FOG4_TN.npy,0.021937984496124,0.0009043927648578,True,757,3,-0.076390296,3
PAT_3301,picture,LM,FOG5,\\nasac-m2.unige.ch\m-HumanNeuronLab\ANALYSIS\FLM\Analysis_LoraFanda\01_FBM_Analysis\outputs\04_ersp_LM_RAWONLY\PAT_3301\LM\ERSP_matrix\picture\PAT_3301_picture_WM_ERSP_FOG5_TN.npy,0.0260465116279069,0.0024547803617571,True,758,3,-0.106963955,3
PAT_3301,picture,LM,FOG9,\\nasac-m2.unige.ch\m-HumanNeuronLab\ANALYSIS\FLM\Analysis_LoraFanda\01_FBM_Analysis\outputs\04_ersp_LM_RAWONLY\PAT_3301\LM\ERSP_matrix\picture\PAT_3301_picture_WM_ERSP_FOG9_TN.npy,0.0223255813953488,0.0006718346253229,True,759,5,0.051708277,5
PAT_3301,picture,LM,FPD10,\\nasac-m2.unige.ch\m-HumanNeuronLab\ANALYSIS\FLM\Analysis_LoraFanda\01_FBM_Analysis\outputs\04_ersp_LM_RAWONLY\PAT_3301\LM\ERSP_matrix\picture\PAT_3301_picture_WM_ERSP_FPD10_TN.npy,0.0202842377260981,0.0005426356589147,True,760,3,-0.032974165,3
PAT_3301,picture,LM,FPD2,\\nasac-m2.unige.ch\m-HumanNeuronLab\ANALYSIS\FLM\Analysis_LoraFanda\01_FBM_Analysis\outputs\04_ersp_LM_RAWONLY\PAT_3301\LM\ERSP_matrix\picture\PAT_3301_picture_WM_ERSP_FPD2_TN.npy,0.0244444444444444,0.0001550387596899,True,761,12,0.08143243,12
PAT_3301,picture,LM,FPD3,\\nasac-m2.unige.ch\m-HumanNeuronLab\ANALYSIS\FLM\Analysis_LoraFanda\01_FBM_Analysis\outputs\04_ersp_LM_RAWONLY\PAT_3301\LM\ERSP_matrix\picture\PAT_3301_picture_WM_ERSP_FPD3_TN.npy,0.0202842377260981,0.0008785529715762,True,762,6,0.010406065,6
PAT_3301,picture,LM,FPD4,\\nasac-m2.unige.ch\m-HumanNeuronLab\ANALYSIS\FLM\Analysis_LoraFanda\01_FBM_Analysis\outputs\04_ersp_LM_RAWONLY\PAT_3301\LM\ERSP_matrix\picture\PAT_3301_picture_WM_ERSP_FPD4_TN.npy,0.0436175710594315,0.0006718346253229,True,763,6,0.13603386,6
PAT_3301,picture,LM,FPD6,\\nasac-m2.unige.ch\m-HumanNeuronLab\ANALYSIS\FLM\Analysis_LoraFanda\01_FBM_Analysis\outputs\04_ersp_LM_RAWONLY\PAT_3301\LM\ERSP_matrix\picture\PAT_3301_picture_WM_ERSP_FPD6_TN.npy,0.021266149870801,0.0002583979328165,True,764,12,0.09413883,12
PAT_3301,picture,LM,FPG9,\\nasac-m2.unige.ch\m-HumanNeuronLab\ANALYSIS\FLM\Analysis_LoraFanda\01_FBM_Analysis\outputs\04_ersp_LM_RAWONLY\PAT_3301\LM\ERSP_matrix\picture\PAT_3301_picture_WM_ERSP_FPG9_TN.npy,0.0230490956072351,0.0006201550387596,True,765,12,0.086687885,12
PAT_3301,picture,LM,IAD2,\\nasac-m2.unige.ch\m-HumanNeuronLab\ANALYSIS\FLM\Analysis_LoraFanda\01_FBM_Analysis\outputs\04_ersp_LM_RAWONLY\PAT_3301\LM\ERSP_matrix\picture\PAT_3301_picture_WM_ERSP_IAD2_TN.npy,0.0336950904392764,0.0010852713178294,True,766,5,-0.052124653,5
PAT_3301,picture,LM,IAG1,\\nasac-m2.unige.ch\m-HumanNeuronLab\ANALYSIS\FLM\Analysis_LoraFanda\01_FBM_Analysis\outputs\04_ersp_LM_RAWONLY\PAT_3301\LM\ERSP_matrix\picture\PAT_3301_picture_WM_ERSP_IAG1_TN.npy,0.0280361757105943,0.0003617571059431,True,767,6,0.068385996,6
PAT_3301,picture,LM,IAG2,\\nasac-m2.unige.ch\m-HumanNeuronLab\ANALYSIS\FLM\Analysis_LoraFanda\01_FBM_Analysis\outputs\04_ersp_LM_RAWONLY\PAT_3301\LM\ERSP_matrix\picture\PAT_3301_picture_WM_ERSP_IAG2_TN.npy,0.0316537467700258,0.0013953488372093,True,768,6,0.0756207,6
PAT_3301,picture,LM,IAG3,\\nasac-m2.unige.ch\m-HumanNeuronLab\ANALYSIS\FLM\Analysis_LoraFanda\01_FBM_Analysis\outputs\04_ersp_LM_RAWONLY\PAT_3301\LM\ERSP_matrix\picture\PAT_3301_picture_WM_ERSP_IAG3_TN.npy,0.0280361757105943,0.0003359173126614,True,769,6,0.022206072,6
PAT_3301,picture,LM,IAG4,\\nasac-m2.unige.ch\m-HumanNeuronLab\ANALYSIS\FLM\Analysis_LoraFanda\01_FBM_Analysis\outputs\04_ersp_LM_RAWONLY\PAT_3301\LM\ERSP_matrix\picture\PAT_3301_picture_WM_ERSP_IAG4_TN.npy,0.0322739018087855,5.167958656330749e-05,True,770,18,0.028567431,18
PAT_3301,picture,LM,IMD10,\\nasac-m2.unige.ch\m-HumanNeuronLab\ANALYSIS\FLM\Analysis_LoraFanda\01_FBM_Analysis\outputs\04_ersp_LM_RAWONLY\PAT_3301\LM\ERSP_matrix\picture\PAT_3301_picture_WM_ERSP_IMD10_TN.npy,0.0532558139534883,0.0016279069767441,True,771,5,0.05244162,5
PAT_3301,picture,LM,IMD12,\\nasac-m2.unige.ch\m-HumanNeuronLab\ANALYSIS\FLM\Analysis_LoraFanda\01_FBM_Analysis\outputs\04_ersp_LM_RAWONLY\PAT_3301\LM\ERSP_matrix\picture\PAT_3301_picture_WM_ERSP_IMD12_TN.npy,0.2392764857881137,0.0069250645994832,True,772,14,-0.036750473,14
PAT_3301,picture,LM,IMD13,\\nasac-m2.unige.ch\m-HumanNeuronLab\ANALYSIS\FLM\Analysis_LoraFanda\01_FBM_Analysis\outputs\04_ersp_LM_RAWONLY\PAT_3301\LM\ERSP_matrix\picture\PAT_3301_picture_WM_ERSP_IMD13_TN.npy,0.103875968992248,0.0085529715762273,True,773,5,0.025400076,5
PAT_3301,picture,LM,IMD4,\\nasac-m2.unige.ch\m-HumanNeuronLab\ANALYSIS\FLM\Analysis_LoraFanda\01_FBM_Analysis\outputs\04_ersp_LM_RAWONLY\PAT_3301\LM\ERSP_matrix\picture\PAT_3301_picture_WM_ERSP_IMD4_TN.npy,0.063875968992248,0.0004909560723514,True,774,5,-0.03541613,5
PAT_3301,picture,LM,IMD5,\\nasac-m2.unige.ch\m-HumanNeuronLab\ANALYSIS\FLM\Analysis_LoraFanda\01_FBM_Analysis\outputs\04_ersp_LM_RAWONLY\PAT_3301\LM\ERSP_matrix\picture\PAT_3301_picture_WM_ERSP_IMD5_TN.npy,0.0696899224806201,0.0001808785529715,True,775,18,0.04466917,18
PAT_3301,picture,LM,IMD6,\\nasac-m2.unige.ch\m-HumanNeuronLab\ANALYSIS\FLM\Analysis_LoraFanda\01_FBM_Analysis\outputs\04_ersp_LM_RAWONLY\PAT_3301\LM\ERSP_matrix\picture\PAT_3301_picture_WM_ERSP_IMD6_TN.npy,0.0545219638242894,2.5839793281653743e-05,True,776,18,0.06819488,18
PAT_3301,picture,LM,IMD7,\\nasac-m2.unige.ch\m-HumanNeuronLab\ANALYSIS\FLM\Analysis_LoraFanda\01_FBM_Analysis\outputs\04_ersp_LM_RAWONLY\PAT_3301\LM\ERSP_matrix\picture\PAT_3301_picture_WM_ERSP_IMD7_TN.npy,0.0506976744186046,0.0003617571059431,True,777,18,-0.03553313,18
PAT_3301,picture,LM,IMD9,\\nasac-m2.unige.ch\m-HumanNeuronLab\ANALYSIS\FLM\Analysis_LoraFanda\01_FBM_Analysis\outputs\04_ersp_LM_RAWONLY\PAT_3301\LM\ERSP_matrix\picture\PAT_3301_picture_WM_ERSP_IMD9_TN.npy,0.0269509043927648,0.0007235142118863,True,778,18,-0.02914844,18
PAT_3301,picture,LM,IMG10,\\nasac-m2.unige.ch\m-HumanNeuronLab\ANALYSIS\FLM\Analysis_LoraFanda\01_FBM_Analysis\outputs\04_ersp_LM_RAWONLY\PAT_3301\LM\ERSP_matrix\picture\PAT_3301_picture_WM_ERSP_IMG10_TN.npy,0.0270284237726098,0.0020671834625322,True,779,5,0.060922693,5
PAT_3301,picture,LM,IMG13,\\nasac-m2.unige.ch\m-HumanNeuronLab\ANALYSIS\FLM\Analysis_LoraFanda\01_FBM_Analysis\outputs\04_ersp_LM_RAWONLY\PAT_3301\LM\ERSP_matrix\picture\PAT_3301_picture_WM_ERSP_IMG13_TN.npy,0.0213953488372093,0.0007235142118863,True,780,18,0.026646715,18
PAT_3301,picture,LM,IMG1,\\nasac-m2.unige.ch\m-HumanNeuronLab\ANALYSIS\FLM\Analysis_LoraFanda\01_FBM_Analysis\outputs\04_ersp_LM_RAWONLY\PAT_3301\LM\ERSP_matrix\picture\PAT_3301_picture_WM_ERSP_IMG1_TN.npy,0.0289922480620155,0.0006201550387596,True,781,6,-0.01088736,6
PAT_3301,picture,LM,IMG9,\\nasac-m2.unige.ch\m-HumanNeuronLab\ANALYSIS\FLM\Analysis_LoraFanda\01_FBM_Analysis\outputs\04_ersp_LM_RAWONLY\PAT_3301\LM\ERSP_matrix\picture\PAT_3301_picture_WM_ERSP_IMG9_TN.npy,0.0313178294573643,0.0006201550387596,True,782,3,-0.027956475,3
PAT_3390,audio,LM,CPG10,\\nasac-m2.unige.ch\m-HumanNeuronLab\ANALYSIS\FLM\Analysis_LoraFanda\01_FBM_Analysis\outputs\04_ersp_LM_RAWONLY\PAT_3390\LM\ERSP_matrix\audio\PAT_3390_audio_WM_ERSP_CPG10_TN.npy,0.0576227390180878,0.0001291989664082,True,783,12,0.10901178,12
PAT_3390,audio,LM,CPG11,\\nasac-m2.unige.ch\m-HumanNeuronLab\ANALYSIS\FLM\Analysis_LoraFanda\01_FBM_Analysis\outputs\04_ersp_LM_RAWONLY\PAT_3390\LM\ERSP_matrix\audio\PAT_3390_audio_WM_ERSP_CPG11_TN.npy,0.0664599483204134,0.0006201550387596,True,784,12,0.13772382,12
PAT_3390,audio,LM,CPG12,\\nasac-m2.unige.ch\m-HumanNeuronLab\ANALYSIS\FLM\Analysis_LoraFanda\01_FBM_Analysis\outputs\04_ersp_LM_RAWONLY\PAT_3390\LM\ERSP_matrix\audio\PAT_3390_audio_WM_ERSP_CPG12_TN.npy,0.0816537467700258,0.0008785529715762,True,785,12,0.13281749,12
PAT_3390,audio,LM,CPG13,\\nasac-m2.unige.ch\m-HumanNeuronLab\ANALYSIS\FLM\Analysis_LoraFanda\01_FBM_Analysis\outputs\04_ersp_LM_RAWONLY\PAT_3390\LM\ERSP_matrix\audio\PAT_3390_audio_WM_ERSP_CPG13_TN.npy,0.0827906976744186,0.0004134366925064,True,786,3,-0.11305046,3
PAT_3390,audio,LM,CPG14,\\nasac-m2.unige.ch\m-HumanNeuronLab\ANALYSIS\FLM\Analysis_LoraFanda\01_FBM_Analysis\outputs\04_ersp_LM_RAWONLY\PAT_3390\LM\ERSP_matrix\audio\PAT_3390_audio_WM_ERSP_CPG14_TN.npy,0.0695865633074935,0.0004909560723514,True,787,3,-0.114071324,3
PAT_3390,audio,LM,CPG15,\\nasac-m2.unige.ch\m-HumanNeuronLab\ANALYSIS\FLM\Analysis_LoraFanda\01_FBM_Analysis\outputs\04_ersp_LM_RAWONLY\PAT_3390\LM\ERSP_matrix\audio\PAT_3390_audio_WM_ERSP_CPG15_TN.npy,0.0591214470284237,0.0004651162790697,True,788,3,-0.07687104,3
PAT_3390,audio,LM,CPG9,\\nasac-m2.unige.ch\m-HumanNeuronLab\ANALYSIS\FLM\Analysis_LoraFanda\01_FBM_Analysis\outputs\04_ersp_LM_RAWONLY\PAT_3390\LM\ERSP_matrix\audio\PAT_3390_audio_WM_ERSP_CPG9_TN.npy,0.0285529715762273,0.0005426356589147,True,789,3,-0.018228365,3
PAT_3390,audio,LM,TPG1,\\nasac-m2.unige.ch\m-HumanNeuronLab\ANALYSIS\FLM\Analysis_LoraFanda\01_FBM_Analysis\outputs\04_ersp_LM_RAWONLY\PAT_3390\LM\ERSP_matrix\audio\PAT_3390_audio_WM_ERSP_TPG1_TN.npy,0.024547803617571,0.0004392764857881,True,790,12,0.09103593,12
PAT_3390,audio,LM,TPG2,\\nasac-m2.unige.ch\m-HumanNeuronLab\ANALYSIS\FLM\Analysis_LoraFanda\01_FBM_Analysis\outputs\04_ersp_LM_RAWONLY\PAT_3390\LM\ERSP_matrix\audio\PAT_3390_audio_WM_ERSP_TPG2_TN.npy,0.0263049095607235,0.0003617571059431,True,791,3,-0.13288167,3
PAT_3390,picture,LM,CPG10,\\nasac-m2.unige.ch\m-HumanNeuronLab\ANALYSIS\FLM\Analysis_LoraFanda\01_FBM_Analysis\outputs\04_ersp_LM_RAWONLY\PAT_3390\LM\ERSP_matrix\picture\PAT_3390_picture_WM_ERSP_CPG10_TN.npy,0.0335658914728682,0.0004909560723514,True,792,3,-0.08378114,3
PAT_3390,picture,LM,CPG11,\\nasac-m2.unige.ch\m-HumanNeuronLab\ANALYSIS\FLM\Analysis_LoraFanda\01_FBM_Analysis\outputs\04_ersp_LM_RAWONLY\PAT_3390\LM\ERSP_matrix\picture\PAT_3390_picture_WM_ERSP_CPG11_TN.npy,0.0561240310077519,0.0002842377260981,True,793,3,-0.072575845,3
PAT_3390,picture,LM,CPG12,\\nasac-m2.unige.ch\m-HumanNeuronLab\ANALYSIS\FLM\Analysis_LoraFanda\01_FBM_Analysis\outputs\04_ersp_LM_RAWONLY\PAT_3390\LM\ERSP_matrix\picture\PAT_3390_picture_WM_ERSP_CPG12_TN.npy,0.061188630490956,0.0001550387596899,True,794,3,-0.03523141,3
PAT_3390,picture,LM,CPG13,\\nasac-m2.unige.ch\m-HumanNeuronLab\ANALYSIS\FLM\Analysis_LoraFanda\01_FBM_Analysis\outputs\04_ersp_LM_RAWONLY\PAT_3390\LM\ERSP_matrix\picture\PAT_3390_picture_WM_ERSP_CPG13_TN.npy,0.0518346253229974,0.0002842377260981,True,795,3,-0.03203777,3
PAT_3390,picture,LM,CPG14,\\nasac-m2.unige.ch\m-HumanNeuronLab\ANALYSIS\FLM\Analysis_LoraFanda\01_FBM_Analysis\outputs\04_ersp_LM_RAWONLY\PAT_3390\LM\ERSP_matrix\picture\PAT_3390_picture_WM_ERSP_CPG14_TN.npy,0.045891472868217,0.0002583979328165,True,796,3,-0.056342117,3
PAT_3390,picture,LM,CPG15,\\nasac-m2.unige.ch\m-HumanNeuronLab\ANALYSIS\FLM\Analysis_LoraFanda\01_FBM_Analysis\outputs\04_ersp_LM_RAWONLY\PAT_3390\LM\ERSP_matrix\picture\PAT_3390_picture_WM_ERSP_CPG15_TN.npy,0.0325581395348837,0.0003100775193798,True,797,3,-0.061159022,3
PAT_3390,picture,LM,CPG9,\\nasac-m2.unige.ch\m-HumanNeuronLab\ANALYSIS\FLM\Analysis_LoraFanda\01_FBM_Analysis\outputs\04_ersp_LM_RAWONLY\PAT_3390\LM\ERSP_matrix\picture\PAT_3390_picture_WM_ERSP_CPG9_TN.npy,0.0237467700258397,0.0001808785529715,True,798,3,-0.063414626,3
PAT_3390,picture,LM,TPG3,\\nasac-m2.unige.ch\m-HumanNeuronLab\ANALYSIS\FLM\Analysis_LoraFanda\01_FBM_Analysis\outputs\04_ersp_LM_RAWONLY\PAT_3390\LM\ERSP_matrix\picture\PAT_3390_picture_WM_ERSP_TPG3_TN.npy,0.0213695090439276,0.0013953488372093,True,799,16,-0.023669424,16
PAT_3390,picture,LM,TPG4,\\nasac-m2.unige.ch\m-HumanNeuronLab\ANALYSIS\FLM\Analysis_LoraFanda\01_FBM_Analysis\outputs\04_ersp_LM_RAWONLY\PAT_3390\LM\ERSP_matrix\picture\PAT_3390_picture_WM_ERSP_TPG4_TN.npy,0.0256330749354005,0.0017829457364341,True,800,17,0.03336105,17
PAT_3390,picture,LM,TPG5,\\nasac-m2.unige.ch\m-HumanNeuronLab\ANALYSIS\FLM\Analysis_LoraFanda\01_FBM_Analysis\outputs\04_ersp_LM_RAWONLY\PAT_3390\LM\ERSP_matrix\picture\PAT_3390_picture_WM_ERSP_TPG5_TN.npy,0.0265116279069767,0.0022480620155038,True,801,17,0.07784341,17
PAT_3390,reading,LM,CPG10,\\nasac-m2.unige.ch\m-HumanNeuronLab\ANALYSIS\FLM\Analysis_LoraFanda\01_FBM_Analysis\outputs\04_ersp_LM_RAWONLY\PAT_3390\LM\ERSP_matrix\reading\PAT_3390_reading_WM_ERSP_CPG10_TN.npy,0.0513695090439276,0.0005426356589147,True,802,3,0.04623903,3
PAT_3390,reading,LM,CPG11,\\nasac-m2.unige.ch\m-HumanNeuronLab\ANALYSIS\FLM\Analysis_LoraFanda\01_FBM_Analysis\outputs\04_ersp_LM_RAWONLY\PAT_3390\LM\ERSP_matrix\reading\PAT_3390_reading_WM_ERSP_CPG11_TN.npy,0.0830232558139534,0.000516795865633,True,803,3,0.027139239,3
PAT_3390,reading,LM,CPG12,\\nasac-m2.unige.ch\m-HumanNeuronLab\ANALYSIS\FLM\Analysis_LoraFanda\01_FBM_Analysis\outputs\04_ersp_LM_RAWONLY\PAT_3390\LM\ERSP_matrix\reading\PAT_3390_reading_WM_ERSP_CPG12_TN.npy,0.0929715762273901,0.0004651162790697,True,804,3,0.029027719,3
PAT_3390,reading,LM,CPG13,\\nasac-m2.unige.ch\m-HumanNeuronLab\ANALYSIS\FLM\Analysis_LoraFanda\01_FBM_Analysis\outputs\04_ersp_LM_RAWONLY\PAT_3390\LM\ERSP_matrix\reading\PAT_3390_reading_WM_ERSP_CPG13_TN.npy,0.1028940568475452,0.000516795865633,True,805,3,0.05295142,3
PAT_3390,reading,LM,CPG14,\\nasac-m2.unige.ch\m-HumanNeuronLab\ANALYSIS\FLM\Analysis_LoraFanda\01_FBM_Analysis\outputs\04_ersp_LM_RAWONLY\PAT_3390\LM\ERSP_matrix\reading\PAT_3390_reading_WM_ERSP_CPG14_TN.npy,0.0971059431524547,0.0010335917312661,True,806,3,0.050662987,3
PAT_3390,reading,LM,CPG15,\\nasac-m2.unige.ch\m-HumanNeuronLab\ANALYSIS\FLM\Analysis_LoraFanda\01_FBM_Analysis\outputs\04_ersp_LM_RAWONLY\PAT_3390\LM\ERSP_matrix\reading\PAT_3390_reading_WM_ERSP_CPG15_TN.npy,0.0869250645994832,0.0013953488372093,True,807,3,0.061728727,3
PAT_3390,reading,LM,CPG7,\\nasac-m2.unige.ch\m-HumanNeuronLab\ANALYSIS\FLM\Analysis_LoraFanda\01_FBM_Analysis\outputs\04_ersp_LM_RAWONLY\PAT_3390\LM\ERSP_matrix\reading\PAT_3390_reading_WM_ERSP_CPG7_TN.npy,0.0203875968992248,0.0005426356589147,True,808,3,-0.020540802,3
PAT_3390,reading,LM,CPG9,\\nasac-m2.unige.ch\m-HumanNeuronLab\ANALYSIS\FLM\Analysis_LoraFanda\01_FBM_Analysis\outputs\04_ersp_LM_RAWONLY\PAT_3390\LM\ERSP_matrix\reading\PAT_3390_reading_WM_ERSP_CPG9_TN.npy,0.0275193798449612,0.000516795865633,True,809,3,0.016497426,3
PAT_3390,reading,LM,PHG12,\\nasac-m2.unige.ch\m-HumanNeuronLab\ANALYSIS\FLM\Analysis_LoraFanda\01_FBM_Analysis\outputs\04_ersp_LM_RAWONLY\PAT_3390\LM\ERSP_matrix\reading\PAT_3390_reading_WM_ERSP_PHG12_TN.npy,0.0688630490956072,0.0034625322997416,True,810,19,0.026044853,19
PAT_3390,reading,LM,TPG4,\\nasac-m2.unige.ch\m-HumanNeuronLab\ANALYSIS\FLM\Analysis_LoraFanda\01_FBM_Analysis\outputs\04_ersp_LM_RAWONLY\PAT_3390\LM\ERSP_matrix\reading\PAT_3390_reading_WM_ERSP_TPG4_TN.npy,0.0206201550387596,0.0059948320413436,True,811,17,0.18637806,17
PAT_3415,audio,LM,GA1,\\nasac-m2.unige.ch\m-HumanNeuronLab\ANALYSIS\FLM\Analysis_LoraFanda\01_FBM_Analysis\outputs\04_ersp_LM_RAWONLY\PAT_3415\LM\ERSP_matrix\audio\PAT_3415_audio_WM_ERSP_GA1_TN.npy,0.0567183462532299,0.0007493540051679,True,812,12,0.2560612,12
PAT_3415,audio,LM,GA2,\\nasac-m2.unige.ch\m-HumanNeuronLab\ANALYSIS\FLM\Analysis_LoraFanda\01_FBM_Analysis\outputs\04_ersp_LM_RAWONLY\PAT_3415\LM\ERSP_matrix\audio\PAT_3415_audio_WM_ERSP_GA2_TN.npy,0.0477519379844961,0.0008010335917312,True,813,12,0.23667176,12
PAT_3415,audio,LM,GA3,\\nasac-m2.unige.ch\m-HumanNeuronLab\ANALYSIS\FLM\Analysis_LoraFanda\01_FBM_Analysis\outputs\04_ersp_LM_RAWONLY\PAT_3415\LM\ERSP_matrix\audio\PAT_3415_audio_WM_ERSP_GA3_TN.npy,0.0622997416020671,0.0008010335917312,True,814,12,0.2378808,12
PAT_3415,audio,LM,GA4,\\nasac-m2.unige.ch\m-HumanNeuronLab\ANALYSIS\FLM\Analysis_LoraFanda\01_FBM_Analysis\outputs\04_ersp_LM_RAWONLY\PAT_3415\LM\ERSP_matrix\audio\PAT_3415_audio_WM_ERSP_GA4_TN.npy,0.0473901808785529,0.0016537467700258,True,815,12,0.17566419,12
PAT_3415,audio,LM,GA5,\\nasac-m2.unige.ch\m-HumanNeuronLab\ANALYSIS\FLM\Analysis_LoraFanda\01_FBM_Analysis\outputs\04_ersp_LM_RAWONLY\PAT_3415\LM\ERSP_matrix\audio\PAT_3415_audio_WM_ERSP_GA5_TN.npy,0.0397674418604651,0.0012919896640826,True,816,12,0.16215624,12
PAT_3415,audio,LM,GA6,\\nasac-m2.unige.ch\m-HumanNeuronLab\ANALYSIS\FLM\Analysis_LoraFanda\01_FBM_Analysis\outputs\04_ersp_LM_RAWONLY\PAT_3415\LM\ERSP_matrix\audio\PAT_3415_audio_WM_ERSP_GA6_TN.npy,0.0526614987080103,0.0008527131782945,True,817,12,0.17481872,12
PAT_3415,audio,LM,GA7,\\nasac-m2.unige.ch\m-HumanNeuronLab\ANALYSIS\FLM\Analysis_LoraFanda\01_FBM_Analysis\outputs\04_ersp_LM_RAWONLY\PAT_3415\LM\ERSP_matrix\audio\PAT_3415_audio_WM_ERSP_GA7_TN.npy,0.0533333333333333,0.0006976744186046,True,818,12,0.21064994,12
PAT_3415,audio,LM,GA8,\\nasac-m2.unige.ch\m-HumanNeuronLab\ANALYSIS\FLM\Analysis_LoraFanda\01_FBM_Analysis\outputs\04_ersp_LM_RAWONLY\PAT_3415\LM\ERSP_matrix\audio\PAT_3415_audio_WM_ERSP_GA8_TN.npy,0.0563049095607235,0.0003100775193798,True,819,12,0.1759045,12
PAT_3415,audio,LM,GB1,\\nasac-m2.unige.ch\m-HumanNeuronLab\ANALYSIS\FLM\Analysis_LoraFanda\01_FBM_Analysis\outputs\04_ersp_LM_RAWONLY\PAT_3415\LM\ERSP_matrix\audio\PAT_3415_audio_WM_ERSP_GB1_TN.npy,0.04328165374677,0.0030232558139534,True,820,12,0.17868258,12
PAT_3415,audio,LM,GB2,\\nasac-m2.unige.ch\m-HumanNeuronLab\ANALYSIS\FLM\Analysis_LoraFanda\01_FBM_Analysis\outputs\04_ersp_LM_RAWONLY\PAT_3415\LM\ERSP_matrix\audio\PAT_3415_audio_WM_ERSP_GB2_TN.npy,0.0643410852713178,0.0004651162790697,True,821,12,0.27228722,12
PAT_3415,audio,LM,GB3,\\nasac-m2.unige.ch\m-HumanNeuronLab\ANALYSIS\FLM\Analysis_LoraFanda\01_FBM_Analysis\outputs\04_ersp_LM_RAWONLY\PAT_3415\LM\ERSP_matrix\audio\PAT_3415_audio_WM_ERSP_GB3_TN.npy,0.1712919896640826,0.0001291989664082,True,822,12,0.07356736,12
PAT_3415,audio,LM,GB4,\\nasac-m2.unige.ch\m-HumanNeuronLab\ANALYSIS\FLM\Analysis_LoraFanda\01_FBM_Analysis\outputs\04_ersp_LM_RAWONLY\PAT_3415\LM\ERSP_matrix\audio\PAT_3415_audio_WM_ERSP_GB4_TN.npy,0.1492248062015503,0.0004651162790697,True,823,12,0.103197895,12
PAT_3415,audio,LM,GB5,\\nasac-m2.unige.ch\m-HumanNeuronLab\ANALYSIS\FLM\Analysis_LoraFanda\01_FBM_Analysis\outputs\04_ersp_LM_RAWONLY\PAT_3415\LM\ERSP_matrix\audio\PAT_3415_audio_WM_ERSP_GB5_TN.npy,0.046640826873385,0.0008010335917312,True,824,12,0.11884501,12
PAT_3415,audio,LM,GB6,\\nasac-m2.unige.ch\m-HumanNeuronLab\ANALYSIS\FLM\Analysis_LoraFanda\01_FBM_Analysis\outputs\04_ersp_LM_RAWONLY\PAT_3415\LM\ERSP_matrix\audio\PAT_3415_audio_WM_ERSP_GB6_TN.npy,0.0505426356589147,0.0011111111111111,True,825,12,0.2282982,12
PAT_3415,audio,LM,GB7,\\nasac-m2.unige.ch\m-HumanNeuronLab\ANALYSIS\FLM\Analysis_LoraFanda\01_FBM_Analysis\outputs\04_ersp_LM_RAWONLY\PAT_3415\LM\ERSP_matrix\audio\PAT_3415_audio_WM_ERSP_GB7_TN.npy,0.0349095607235142,0.0014987080103359,True,826,12,0.17441809,12
PAT_3415,audio,LM,GB8,\\nasac-m2.unige.ch\m-HumanNeuronLab\ANALYSIS\FLM\Analysis_LoraFanda\01_FBM_Analysis\outputs\04_ersp_LM_RAWONLY\PAT_3415\LM\ERSP_matrix\audio\PAT_3415_audio_WM_ERSP_GB8_TN.npy,0.0577260981912144,0.0012144702842377,True,827,12,0.25757453,12
PAT_3415,audio,LM,GC1,\\nasac-m2.unige.ch\m-HumanNeuronLab\ANALYSIS\FLM\Analysis_LoraFanda\01_FBM_Analysis\outputs\04_ersp_LM_RAWONLY\PAT_3415\LM\ERSP_matrix\audio\PAT_3415_audio_WM_ERSP_GC1_TN.npy,0.0435400516795865,0.0006718346253229,True,828,12,0.20561174,12
PAT_3415,audio,LM,GC2,\\nasac-m2.unige.ch\m-HumanNeuronLab\ANALYSIS\FLM\Analysis_LoraFanda\01_FBM_Analysis\outputs\04_ersp_LM_RAWONLY\PAT_3415\LM\ERSP_matrix\audio\PAT_3415_audio_WM_ERSP_GC2_TN.npy,0.0305426356589147,0.0011369509043927,True,829,12,0.1628436,12
PAT_3415,audio,LM,GC3,\\nasac-m2.unige.ch\m-HumanNeuronLab\ANALYSIS\FLM\Analysis_LoraFanda\01_FBM_Analysis\outputs\04_ersp_LM_RAWONLY\PAT_3415\LM\ERSP_matrix\audio\PAT_3415_audio_WM_ERSP_GC3_TN.npy,0.0551937984496124,0.0010077519379844,True,830,12,0.21945193,12
PAT_3415,audio,LM,GC4,\\nasac-m2.unige.ch\m-HumanNeuronLab\ANALYSIS\FLM\Analysis_LoraFanda\01_FBM_Analysis\outputs\04_ersp_LM_RAWONLY\PAT_3415\LM\ERSP_matrix\audio\PAT_3415_audio_WM_ERSP_GC4_TN.npy,0.0594573643410852,0.0010852713178294,True,831,12,0.14245799,12
PAT_3415,audio,LM,GC5,\\nasac-m2.unige.ch\m-HumanNeuronLab\ANALYSIS\FLM\Analysis_LoraFanda\01_FBM_Analysis\outputs\04_ersp_LM_RAWONLY\PAT_3415\LM\ERSP_matrix\audio\PAT_3415_audio_WM_ERSP_GC5_TN.npy,0.0473901808785529,0.0024806201550387,True,832,5,-0.06396482,5
PAT_3415,audio,LM,GC6,\\nasac-m2.unige.ch\m-HumanNeuronLab\ANALYSIS\FLM\Analysis_LoraFanda\01_FBM_Analysis\outputs\04_ersp_LM_RAWONLY\PAT_3415\LM\ERSP_matrix\audio\PAT_3415_audio_WM_ERSP_GC6_TN.npy,0.0438242894056847,0.0036692506459948,True,833,5,-0.096388586,5
PAT_3415,audio,LM,GC7,\\nasac-m2.unige.ch\m-HumanNeuronLab\ANALYSIS\FLM\Analysis_LoraFanda\01_FBM_Analysis\outputs\04_ersp_LM_RAWONLY\PAT_3415\LM\ERSP_matrix\audio\PAT_3415_audio_WM_ERSP_GC7_TN.npy,0.0475193798449612,0.001266149870801,True,834,12,0.21861222,12
PAT_3415,audio,LM,GC8,\\nasac-m2.unige.ch\m-HumanNeuronLab\ANALYSIS\FLM\Analysis_LoraFanda\01_FBM_Analysis\outputs\04_ersp_LM_RAWONLY\PAT_3415\LM\ERSP_matrix\audio\PAT_3415_audio_WM_ERSP_GC8_TN.npy,0.0515762273901808,0.0010335917312661,True,835,12,0.2275799,12
PAT_3415,audio,LM,GD1,\\nasac-m2.unige.ch\m-HumanNeuronLab\ANALYSIS\FLM\Analysis_LoraFanda\01_FBM_Analysis\outputs\04_ersp_LM_RAWONLY\PAT_3415\LM\ERSP_matrix\audio\PAT_3415_audio_WM_ERSP_GD1_TN.npy,0.0528940568475452,0.0006718346253229,True,836,12,0.1997919,12
PAT_3415,audio,LM,GD2,\\nasac-m2.unige.ch\m-HumanNeuronLab\ANALYSIS\FLM\Analysis_LoraFanda\01_FBM_Analysis\outputs\04_ersp_LM_RAWONLY\PAT_3415\LM\ERSP_matrix\audio\PAT_3415_audio_WM_ERSP_GD2_TN.npy,0.0262790697674418,0.0010077519379844,True,837,5,-0.11925564,5
PAT_3415,audio,LM,GD3,\\nasac-m2.unige.ch\m-HumanNeuronLab\ANALYSIS\FLM\Analysis_LoraFanda\01_FBM_Analysis\outputs\04_ersp_LM_RAWONLY\PAT_3415\LM\ERSP_matrix\audio\PAT_3415_audio_WM_ERSP_GD3_TN.npy,0.0648837209302325,0.000594315245478,True,838,12,0.1680735,12
PAT_3415,audio,LM,GD4,\\nasac-m2.unige.ch\m-HumanNeuronLab\ANALYSIS\FLM\Analysis_LoraFanda\01_FBM_Analysis\outputs\04_ersp_LM_RAWONLY\PAT_3415\LM\ERSP_matrix\audio\PAT_3415_audio_WM_ERSP_GD4_TN.npy,0.0407751937984496,0.0006976744186046,True,839,5,-0.052107103,5
PAT_3415,audio,LM,GD5,\\nasac-m2.unige.ch\m-HumanNeuronLab\ANALYSIS\FLM\Analysis_LoraFanda\01_FBM_Analysis\outputs\04_ersp_LM_RAWONLY\PAT_3415\LM\ERSP_matrix\audio\PAT_3415_audio_WM_ERSP_GD5_TN.npy,0.0403875968992248,0.0086304909560723,True,840,5,0.11538724,5
PAT_3415,audio,LM,GD6,\\nasac-m2.unige.ch\m-HumanNeuronLab\ANALYSIS\FLM\Analysis_LoraFanda\01_FBM_Analysis\outputs\04_ersp_LM_RAWONLY\PAT_3415\LM\ERSP_matrix\audio\PAT_3415_audio_WM_ERSP_GD6_TN.npy,0.0445994832041343,0.0020930232558139,True,841,12,0.11303024,12
PAT_3415,audio,LM,GD7,\\nasac-m2.unige.ch\m-HumanNeuronLab\ANALYSIS\FLM\Analysis_LoraFanda\01_FBM_Analysis\outputs\04_ersp_LM_RAWONLY\PAT_3415\LM\ERSP_matrix\audio\PAT_3415_audio_WM_ERSP_GD7_TN.npy,0.0447803617571059,0.0008268733850129,True,842,12,0.20900936,12
PAT_3415,audio,LM,GD8,\\nasac-m2.unige.ch\m-HumanNeuronLab\ANALYSIS\FLM\Analysis_LoraFanda\01_FBM_Analysis\outputs\04_ersp_LM_RAWONLY\PAT_3415\LM\ERSP_matrix\audio\PAT_3415_audio_WM_ERSP_GD8_TN.npy,0.04656330749354,0.0012403100775193,True,843,12,0.25179505,12
PAT_3415,audio,LM,GE1,\\nasac-m2.unige.ch\m-HumanNeuronLab\ANALYSIS\FLM\Analysis_LoraFanda\01_FBM_Analysis\outputs\04_ersp_LM_RAWONLY\PAT_3415\LM\ERSP_matrix\audio\PAT_3415_audio_WM_ERSP_GE1_TN.npy,0.0509560723514211,0.0010594315245478,True,844,12,0.27611786,12
PAT_3415,audio,LM,GE2,\\nasac-m2.unige.ch\m-HumanNeuronLab\ANALYSIS\FLM\Analysis_LoraFanda\01_FBM_Analysis\outputs\04_ersp_LM_RAWONLY\PAT_3415\LM\ERSP_matrix\audio\PAT_3415_audio_WM_ERSP_GE2_TN.npy,0.0537209302325581,0.0006976744186046,True,845,12,0.19584484,12
PAT_3415,audio,LM,GE3,\\nasac-m2.unige.ch\m-HumanNeuronLab\ANALYSIS\FLM\Analysis_LoraFanda\01_FBM_Analysis\outputs\04_ersp_LM_RAWONLY\PAT_3415\LM\ERSP_matrix\audio\PAT_3415_audio_WM_ERSP_GE3_TN.npy,0.0723772609819121,0.0008010335917312,True,846,12,0.2127294,12
PAT_3415,audio,LM,GE4,\\nasac-m2.unige.ch\m-HumanNeuronLab\ANALYSIS\FLM\Analysis_LoraFanda\01_FBM_Analysis\outputs\04_ersp_LM_RAWONLY\PAT_3415\LM\ERSP_matrix\audio\PAT_3415_audio_WM_ERSP_GE4_TN.npy,0.0865891472868217,0.0007493540051679,True,847,18,-0.034029134,18
PAT_3415,audio,LM,GE5,\\nasac-m2.unige.ch\m-HumanNeuronLab\ANALYSIS\FLM\Analysis_LoraFanda\01_FBM_Analysis\outputs\04_ersp_LM_RAWONLY\PAT_3415\LM\ERSP_matrix\audio\PAT_3415_audio_WM_ERSP_GE5_TN.npy,0.0483204134366925,0.0033591731266149,True,848,5,-0.02209223,5
PAT_3415,audio,LM,GE6,\\nasac-m2.unige.ch\m-HumanNeuronLab\ANALYSIS\FLM\Analysis_LoraFanda\01_FBM_Analysis\outputs\04_ersp_LM_RAWONLY\PAT_3415\LM\ERSP_matrix\audio\PAT_3415_audio_WM_ERSP_GE6_TN.npy,0.045297157622739,0.0013436692506459,True,849,12,0.12846695,12
PAT_3415,audio,LM,GE7,\\nasac-m2.unige.ch\m-HumanNeuronLab\ANALYSIS\FLM\Analysis_LoraFanda\01_FBM_Analysis\outputs\04_ersp_LM_RAWONLY\PAT_3415\LM\ERSP_matrix\audio\PAT_3415_audio_WM_ERSP_GE7_TN.npy,0.0505426356589147,0.0010077519379844,True,850,12,0.2804966,12
PAT_3415,audio,LM,GE8,\\nasac-m2.unige.ch\m-HumanNeuronLab\ANALYSIS\FLM\Analysis_LoraFanda\01_FBM_Analysis\outputs\04_ersp_LM_RAWONLY\PAT_3415\LM\ERSP_matrix\audio\PAT_3415_audio_WM_ERSP_GE8_TN.npy,0.0434625322997416,0.0007235142118863,True,851,12,0.22569123,12
PAT_3415,audio,LM,GF1,\\nasac-m2.unige.ch\m-HumanNeuronLab\ANALYSIS\FLM\Analysis_LoraFanda\01_FBM_Analysis\outputs\04_ersp_LM_RAWONLY\PAT_3415\LM\ERSP_matrix\audio\PAT_3415_audio_WM_ERSP_GF1_TN.npy,0.0509043927648578,0.0017054263565891,True,852,12,0.26704732,12
PAT_3415,audio,LM,GF2,\\nasac-m2.unige.ch\m-HumanNeuronLab\ANALYSIS\FLM\Analysis_LoraFanda\01_FBM_Analysis\outputs\04_ersp_LM_RAWONLY\PAT_3415\LM\ERSP_matrix\audio\PAT_3415_audio_WM_ERSP_GF2_TN.npy,0.0599741602067183,0.0013953488372093,True,853,12,0.22613792,12
PAT_3415,audio,LM,GF3,\\nasac-m2.unige.ch\m-HumanNeuronLab\ANALYSIS\FLM\Analysis_LoraFanda\01_FBM_Analysis\outputs\04_ersp_LM_RAWONLY\PAT_3415\LM\ERSP_matrix\audio\PAT_3415_audio_WM_ERSP_GF3_TN.npy,0.065968992248062,0.0005684754521963,True,854,12,0.11916111,12
PAT_3415,audio,LM,GF4,\\nasac-m2.unige.ch\m-HumanNeuronLab\ANALYSIS\FLM\Analysis_LoraFanda\01_FBM_Analysis\outputs\04_ersp_LM_RAWONLY\PAT_3415\LM\ERSP_matrix\audio\PAT_3415_audio_WM_ERSP_GF4_TN.npy,0.0548837209302325,0.0013436692506459,True,855,12,0.22915877,12
PAT_3415,audio,LM,GF5,\\nasac-m2.unige.ch\m-HumanNeuronLab\ANALYSIS\FLM\Analysis_LoraFanda\01_FBM_Analysis\outputs\04_ersp_LM_RAWONLY\PAT_3415\LM\ERSP_matrix\audio\PAT_3415_audio_WM_ERSP_GF5_TN.npy,0.0338501291989664,0.0013436692506459,True,856,12,0.16114935,12
PAT_3415,audio,LM,GF6,\\nasac-m2.unige.ch\m-HumanNeuronLab\ANALYSIS\FLM\Analysis_LoraFanda\01_FBM_Analysis\outputs\04_ersp_LM_RAWONLY\PAT_3415\LM\ERSP_matrix\audio\PAT_3415_audio_WM_ERSP_GF6_TN.npy,0.0619896640826873,0.0020671834625322,True,857,12,0.115449674,12
PAT_3415,audio,LM,GF7,\\nasac-m2.unige.ch\m-HumanNeuronLab\ANALYSIS\FLM\Analysis_LoraFanda\01_FBM_Analysis\outputs\04_ersp_LM_RAWONLY\PAT_3415\LM\ERSP_matrix\audio\PAT_3415_audio_WM_ERSP_GF7_TN.npy,0.0355297157622739,0.0019121447028423,True,858,12,0.16939892,12
PAT_3415,audio,LM,GF8,\\nasac-m2.unige.ch\m-HumanNeuronLab\ANALYSIS\FLM\Analysis_LoraFanda\01_FBM_Analysis\outputs\04_ersp_LM_RAWONLY\PAT_3415\LM\ERSP_matrix\audio\PAT_3415_audio_WM_ERSP_GF8_TN.npy,0.0434625322997416,0.0009819121447028,True,859,12,0.23039967,12
PAT_3415,audio,LM,GG1,\\nasac-m2.unige.ch\m-HumanNeuronLab\ANALYSIS\FLM\Analysis_LoraFanda\01_FBM_Analysis\outputs\04_ersp_LM_RAWONLY\PAT_3415\LM\ERSP_matrix\audio\PAT_3415_audio_WM_ERSP_GG1_TN.npy,0.0548837209302325,0.0020930232558139,True,860,12,0.23969838,12
PAT_3415,audio,LM,GG2,\\nasac-m2.unige.ch\m-HumanNeuronLab\ANALYSIS\FLM\Analysis_LoraFanda\01_FBM_Analysis\outputs\04_ersp_LM_RAWONLY\PAT_3415\LM\ERSP_matrix\audio\PAT_3415_audio_WM_ERSP_GG2_TN.npy,0.0548320413436692,0.0010335917312661,True,861,12,0.22119641,12
PAT_3415,audio,LM,GG3,\\nasac-m2.unige.ch\m-HumanNeuronLab\ANALYSIS\FLM\Analysis_LoraFanda\01_FBM_Analysis\outputs\04_ersp_LM_RAWONLY\PAT_3415\LM\ERSP_matrix\audio\PAT_3415_audio_WM_ERSP_GG3_TN.npy,0.0487596899224806,0.0009819121447028,True,862,12,0.23849209,12
PAT_3415,audio,LM,GG4,\\nasac-m2.unige.ch\m-HumanNeuronLab\ANALYSIS\FLM\Analysis_LoraFanda\01_FBM_Analysis\outputs\04_ersp_LM_RAWONLY\PAT_3415\LM\ERSP_matrix\audio\PAT_3415_audio_WM_ERSP_GG4_TN.npy,0.0341602067183462,0.0013436692506459,True,863,12,0.20736873,12
PAT_3415,audio,LM,GG5,\\nasac-m2.unige.ch\m-HumanNeuronLab\ANALYSIS\FLM\Analysis_LoraFanda\01_FBM_Analysis\outputs\04_ersp_LM_RAWONLY\PAT_3415\LM\ERSP_matrix\audio\PAT_3415_audio_WM_ERSP_GG5_TN.npy,0.0427390180878552,0.0011627906976744,True,864,12,0.24168445,12
PAT_3415,audio,LM,GG6,\\nasac-m2.unige.ch\m-HumanNeuronLab\ANALYSIS\FLM\Analysis_LoraFanda\01_FBM_Analysis\outputs\04_ersp_LM_RAWONLY\PAT_3415\LM\ERSP_matrix\audio\PAT_3415_audio_WM_ERSP_GG6_TN.npy,0.0429715762273901,0.0007493540051679,True,865,12,0.23938802,12
PAT_3415,audio,LM,GG7,\\nasac-m2.unige.ch\m-HumanNeuronLab\ANALYSIS\FLM\Analysis_LoraFanda\01_FBM_Analysis\outputs\04_ersp_LM_RAWONLY\PAT_3415\LM\ERSP_matrix\audio\PAT_3415_audio_WM_ERSP_GG7_TN.npy,0.0512919896640826,0.0007751937984496,True,866,12,0.19898184,12
PAT_3415,audio,LM,GG8,\\nasac-m2.unige.ch\m-HumanNeuronLab\ANALYSIS\FLM\Analysis_LoraFanda\01_FBM_Analysis\outputs\04_ersp_LM_RAWONLY\PAT_3415\LM\ERSP_matrix\audio\PAT_3415_audio_WM_ERSP_GG8_TN.npy,0.0366149870801033,0.0010077519379844,True,867,12,0.23710957,12
PAT_3415,audio,LM,GH1,\\nasac-m2.unige.ch\m-HumanNeuronLab\ANALYSIS\FLM\Analysis_LoraFanda\01_FBM_Analysis\outputs\04_ersp_LM_RAWONLY\PAT_3415\LM\ERSP_matrix\audio\PAT_3415_audio_WM_ERSP_GH1_TN.npy,0.0689147286821705,0.00328165374677,True,868,12,0.14634402,12
PAT_3415,audio,LM,GH2,\\nasac-m2.unige.ch\m-HumanNeuronLab\ANALYSIS\FLM\Analysis_LoraFanda\01_FBM_Analysis\outputs\04_ersp_LM_RAWONLY\PAT_3415\LM\ERSP_matrix\audio\PAT_3415_audio_WM_ERSP_GH2_TN.npy,0.0491214470284237,0.0026356589147286,True,869,12,0.18471965,12
PAT_3415,audio,LM,GH3,\\nasac-m2.unige.ch\m-HumanNeuronLab\ANALYSIS\FLM\Analysis_LoraFanda\01_FBM_Analysis\outputs\04_ersp_LM_RAWONLY\PAT_3415\LM\ERSP_matrix\audio\PAT_3415_audio_WM_ERSP_GH3_TN.npy,0.0504392764857881,0.0017312661498708,True,870,12,0.20339313,12
PAT_3415,audio,LM,GH4,\\nasac-m2.unige.ch\m-HumanNeuronLab\ANALYSIS\FLM\Analysis_LoraFanda\01_FBM_Analysis\outputs\04_ersp_LM_RAWONLY\PAT_3415\LM\ERSP_matrix\audio\PAT_3415_audio_WM_ERSP_GH4_TN.npy,0.0337209302325581,0.0019121447028423,True,871,12,0.13687867,12
PAT_3415,audio,LM,GH5,\\nasac-m2.unige.ch\m-HumanNeuronLab\ANALYSIS\FLM\Analysis_LoraFanda\01_FBM_Analysis\outputs\04_ersp_LM_RAWONLY\PAT_3415\LM\ERSP_matrix\audio\PAT_3415_audio_WM_ERSP_GH5_TN.npy,0.0402067183462532,0.0024031007751937,True,872,12,0.17005774,12
PAT_3415,audio,LM,GH6,\\nasac-m2.unige.ch\m-HumanNeuronLab\ANALYSIS\FLM\Analysis_LoraFanda\01_FBM_Analysis\outputs\04_ersp_LM_RAWONLY\PAT_3415\LM\ERSP_matrix\audio\PAT_3415_audio_WM_ERSP_GH6_TN.npy,0.0449870801033591,0.0022739018087855,True,873,12,0.2064605,12
PAT_3415,audio,LM,GH7,\\nasac-m2.unige.ch\m-HumanNeuronLab\ANALYSIS\FLM\Analysis_LoraFanda\01_FBM_Analysis\outputs\04_ersp_LM_RAWONLY\PAT_3415\LM\ERSP_matrix\audio\PAT_3415_audio_WM_ERSP_GH7_TN.npy,0.0421447028423772,0.001188630490956,True,874,12,0.21392876,12
PAT_3415,audio,LM,GH8,\\nasac-m2.unige.ch\m-HumanNeuronLab\ANALYSIS\FLM\Analysis_LoraFanda\01_FBM_Analysis\outputs\04_ersp_LM_RAWONLY\PAT_3415\LM\ERSP_matrix\audio\PAT_3415_audio_WM_ERSP_GH8_TN.npy,0.0400775193798449,0.0012144702842377,True,875,12,0.24889229,12
PAT_3415,audio,LM,IMG10,\\nasac-m2.unige.ch\m-HumanNeuronLab\ANALYSIS\FLM\Analysis_LoraFanda\01_FBM_Analysis\outputs\04_ersp_LM_RAWONLY\PAT_3415\LM\ERSP_matrix\audio\PAT_3415_audio_WM_ERSP_IMG10_TN.npy,0.0606459948320413,0.0008527131782945,True,876,12,0.2624816,12
PAT_3415,audio,LM,IMG11,\\nasac-m2.unige.ch\m-HumanNeuronLab\ANALYSIS\FLM\Analysis_LoraFanda\01_FBM_Analysis\outputs\04_ersp_LM_RAWONLY\PAT_3415\LM\ERSP_matrix\audio\PAT_3415_audio_WM_ERSP_IMG11_TN.npy,0.0592248062015503,0.0011111111111111,True,877,12,0.27258953,12
PAT_3415,audio,LM,IMG12,\\nasac-m2.unige.ch\m-HumanNeuronLab\ANALYSIS\FLM\Analysis_LoraFanda\01_FBM_Analysis\outputs\04_ersp_LM_RAWONLY\PAT_3415\LM\ERSP_matrix\audio\PAT_3415_audio_WM_ERSP_IMG12_TN.npy,0.0549354005167958,0.0010077519379844,True,878,12,0.23605274,12
PAT_3415,audio,LM,IMG13,\\nasac-m2.unige.ch\m-HumanNeuronLab\ANALYSIS\FLM\Analysis_LoraFanda\01_FBM_Analysis\outputs\04_ersp_LM_RAWONLY\PAT_3415\LM\ERSP_matrix\audio\PAT_3415_audio_WM_ERSP_IMG13_TN.npy,0.0597416020671834,0.0006718346253229,True,879,12,0.25098565,12
PAT_3415,audio,LM,IMG14,\\nasac-m2.unige.ch\m-HumanNeuronLab\ANALYSIS\FLM\Analysis_LoraFanda\01_FBM_Analysis\outputs\04_ersp_LM_RAWONLY\PAT_3415\LM\ERSP_matrix\audio\PAT_3415_audio_WM_ERSP_IMG14_TN.npy,0.059922480620155,0.0008010335917312,True,880,12,0.2514285,12
PAT_3415,audio,LM,IMG18,\\nasac-m2.unige.ch\m-HumanNeuronLab\ANALYSIS\FLM\Analysis_LoraFanda\01_FBM_Analysis\outputs\04_ersp_LM_RAWONLY\PAT_3415\LM\ERSP_matrix\audio\PAT_3415_audio_WM_ERSP_IMG18_TN.npy,0.055297157622739,0.0012144702842377,True,881,12,0.16203627,12
PAT_3415,audio,LM,IMG1,\\nasac-m2.unige.ch\m-HumanNeuronLab\ANALYSIS\FLM\Analysis_LoraFanda\01_FBM_Analysis\outputs\04_ersp_LM_RAWONLY\PAT_3415\LM\ERSP_matrix\audio\PAT_3415_audio_WM_ERSP_IMG1_TN.npy,0.054470284237726,0.0017312661498708,True,882,12,0.28809947,12
PAT_3415,audio,LM,IMG2,\\nasac-m2.unige.ch\m-HumanNeuronLab\ANALYSIS\FLM\Analysis_LoraFanda\01_FBM_Analysis\outputs\04_ersp_LM_RAWONLY\PAT_3415\LM\ERSP_matrix\audio\PAT_3415_audio_WM_ERSP_IMG2_TN.npy,0.0529457364341085,0.0012403100775193,True,883,12,0.25820774,12
PAT_3415,audio,LM,IMG3,\\nasac-m2.unige.ch\m-HumanNeuronLab\ANALYSIS\FLM\Analysis_LoraFanda\01_FBM_Analysis\outputs\04_ersp_LM_RAWONLY\PAT_3415\LM\ERSP_matrix\audio\PAT_3415_audio_WM_ERSP_IMG3_TN.npy,0.051188630490956,0.0010852713178294,True,884,12,0.2485896,12
PAT_3415,audio,LM,IMG4,\\nasac-m2.unige.ch\m-HumanNeuronLab\ANALYSIS\FLM\Analysis_LoraFanda\01_FBM_Analysis\outputs\04_ersp_LM_RAWONLY\PAT_3415\LM\ERSP_matrix\audio\PAT_3415_audio_WM_ERSP_IMG4_TN.npy,0.0509302325581395,0.0017312661498708,True,885,12,0.24983042,12
PAT_3415,audio,LM,IMG5,\\nasac-m2.unige.ch\m-HumanNeuronLab\ANALYSIS\FLM\Analysis_LoraFanda\01_FBM_Analysis\outputs\04_ersp_LM_RAWONLY\PAT_3415\LM\ERSP_matrix\audio\PAT_3415_audio_WM_ERSP_IMG5_TN.npy,0.0534366925064599,0.0010594315245478,True,886,12,0.28218818,12
PAT_3415,audio,LM,IMG6,\\nasac-m2.unige.ch\m-HumanNeuronLab\ANALYSIS\FLM\Analysis_LoraFanda\01_FBM_Analysis\outputs\04_ersp_LM_RAWONLY\PAT_3415\LM\ERSP_matrix\audio\PAT_3415_audio_WM_ERSP_IMG6_TN.npy,0.0650387596899224,0.0048320413436692,True,887,12,0.20724414,12
PAT_3415,audio,LM,IMG7,\\nasac-m2.unige.ch\m-HumanNeuronLab\ANALYSIS\FLM\Analysis_LoraFanda\01_FBM_Analysis\outputs\04_ersp_LM_RAWONLY\PAT_3415\LM\ERSP_matrix\audio\PAT_3415_audio_WM_ERSP_IMG7_TN.npy,0.057157622739018,0.0013436692506459,True,888,12,0.28944007,12
PAT_3415,audio,LM,IMG9,\\nasac-m2.unige.ch\m-HumanNeuronLab\ANALYSIS\FLM\Analysis_LoraFanda\01_FBM_Analysis\outputs\04_ersp_LM_RAWONLY\PAT_3415\LM\ERSP_matrix\audio\PAT_3415_audio_WM_ERSP_IMG9_TN.npy,0.0516537467700258,0.0053746770025839,True,889,12,0.15611966,12
PAT_3415,audio,LM,IPG11,\\nasac-m2.unige.ch\m-HumanNeuronLab\ANALYSIS\FLM\Analysis_LoraFanda\01_FBM_Analysis\outputs\04_ersp_LM_RAWONLY\PAT_3415\LM\ERSP_matrix\audio\PAT_3415_audio_WM_ERSP_IPG11_TN.npy,0.0687596899224806,0.0005426356589147,True,890,12,0.26056194,12
PAT_3415,audio,LM,IPG14,\\nasac-m2.unige.ch\m-HumanNeuronLab\ANALYSIS\FLM\Analysis_LoraFanda\01_FBM_Analysis\outputs\04_ersp_LM_RAWONLY\PAT_3415\LM\ERSP_matrix\audio\PAT_3415_audio_WM_ERSP_IPG14_TN.npy,0.067829457364341,0.0004134366925064,True,891,12,0.2610264,12
PAT_3415,audio,LM,IPG16,\\nasac-m2.unige.ch\m-HumanNeuronLab\ANALYSIS\FLM\Analysis_LoraFanda\01_FBM_Analysis\outputs\04_ersp_LM_RAWONLY\PAT_3415\LM\ERSP_matrix\audio\PAT_3415_audio_WM_ERSP_IPG16_TN.npy,0.0658397932816537,0.0005684754521963,True,892,12,0.26699993,12
PAT_3415,audio,LM,IPG17,\\nasac-m2.unige.ch\m-HumanNeuronLab\ANALYSIS\FLM\Analysis_LoraFanda\01_FBM_Analysis\outputs\04_ersp_LM_RAWONLY\PAT_3415\LM\ERSP_matrix\audio\PAT_3415_audio_WM_ERSP_IPG17_TN.npy,0.0712919896640826,0.0005426356589147,True,893,12,0.2743679,12
PAT_3415,audio,LM,IPG18,\\nasac-m2.unige.ch\m-HumanNeuronLab\ANALYSIS\FLM\Analysis_LoraFanda\01_FBM_Analysis\outputs\04_ersp_LM_RAWONLY\PAT_3415\LM\ERSP_matrix\audio\PAT_3415_audio_WM_ERSP_IPG18_TN.npy,0.0659948320413436,0.0004392764857881,True,894,12,0.26378718,12
PAT_3415,audio,LM,IPG1,\\nasac-m2.unige.ch\m-HumanNeuronLab\ANALYSIS\FLM\Analysis_LoraFanda\01_FBM_Analysis\outputs\04_ersp_LM_RAWONLY\PAT_3415\LM\ERSP_matrix\audio\PAT_3415_audio_WM_ERSP_IPG1_TN.npy,0.0629715762273901,0.0008785529715762,True,895,12,0.26886928,12
PAT_3415,audio,LM,IPG2,\\nasac-m2.unige.ch\m-HumanNeuronLab\ANALYSIS\FLM\Analysis_LoraFanda\01_FBM_Analysis\outputs\04_ersp_LM_RAWONLY\PAT_3415\LM\ERSP_matrix\audio\PAT_3415_audio_WM_ERSP_IPG2_TN.npy,0.0580620155038759,0.0006201550387596,True,896,12,0.2807532,12
PAT_3415,audio,LM,IPG3,\\nasac-m2.unige.ch\m-HumanNeuronLab\ANALYSIS\FLM\Analysis_LoraFanda\01_FBM_Analysis\outputs\04_ersp_LM_RAWONLY\PAT_3415\LM\ERSP_matrix\audio\PAT_3415_audio_WM_ERSP_IPG3_TN.npy,0.0613695090439276,0.0006459948320413,True,897,12,0.27495903,12
PAT_3415,audio,LM,IPG4,\\nasac-m2.unige.ch\m-HumanNeuronLab\ANALYSIS\FLM\Analysis_LoraFanda\01_FBM_Analysis\outputs\04_ersp_LM_RAWONLY\PAT_3415\LM\ERSP_matrix\audio\PAT_3415_audio_WM_ERSP_IPG4_TN.npy,0.063875968992248,0.0003100775193798,True,898,12,0.27360952,12
PAT_3415,audio,LM,IPG5,\\nasac-m2.unige.ch\m-HumanNeuronLab\ANALYSIS\FLM\Analysis_LoraFanda\01_FBM_Analysis\outputs\04_ersp_LM_RAWONLY\PAT_3415\LM\ERSP_matrix\audio\PAT_3415_audio_WM_ERSP_IPG5_TN.npy,0.0627906976744186,0.0008268733850129,True,899,12,0.2651666,12
PAT_3415,audio,LM,IPG6,\\nasac-m2.unige.ch\m-HumanNeuronLab\ANALYSIS\FLM\Analysis_LoraFanda\01_FBM_Analysis\outputs\04_ersp_LM_RAWONLY\PAT_3415\LM\ERSP_matrix\audio\PAT_3415_audio_WM_ERSP_IPG6_TN.npy,0.0689922480620155,0.0003100775193798,True,900,12,0.2733845,12
PAT_3415,audio,LM,IPG7,\\nasac-m2.unige.ch\m-HumanNeuronLab\ANALYSIS\FLM\Analysis_LoraFanda\01_FBM_Analysis\outputs\04_ersp_LM_RAWONLY\PAT_3415\LM\ERSP_matrix\audio\PAT_3415_audio_WM_ERSP_IPG7_TN.npy,0.0636692506459948,0.000516795865633,True,901,12,0.24803877,12
PAT_3415,audio,LM,IPG8,\\nasac-m2.unige.ch\m-HumanNeuronLab\ANALYSIS\FLM\Analysis_LoraFanda\01_FBM_Analysis\outputs\04_ersp_LM_RAWONLY\PAT_3415\LM\ERSP_matrix\audio\PAT_3415_audio_WM_ERSP_IPG8_TN.npy,0.0694315245478036,0.0004392764857881,True,902,12,0.24462166,12
PAT_3415,audio,LM,IPG9,\\nasac-m2.unige.ch\m-HumanNeuronLab\ANALYSIS\FLM\Analysis_LoraFanda\01_FBM_Analysis\outputs\04_ersp_LM_RAWONLY\PAT_3415\LM\ERSP_matrix\audio\PAT_3415_audio_WM_ERSP_IPG9_TN.npy,0.0738242894056847,0.0006459948320413,True,903,12,0.25869513,12
PAT_3415,audio,LM,OI1,\\nasac-m2.unige.ch\m-HumanNeuronLab\ANALYSIS\FLM\Analysis_LoraFanda\01_FBM_Analysis\outputs\04_ersp_LM_RAWONLY\PAT_3415\LM\ERSP_matrix\audio\PAT_3415_audio_WM_ERSP_OI1_TN.npy,0.1168733850129199,0.0007751937984496,True,904,6,0.05743139,6
PAT_3415,audio,LM,OI2,\\nasac-m2.unige.ch\m-HumanNeuronLab\ANALYSIS\FLM\Analysis_LoraFanda\01_FBM_Analysis\outputs\04_ersp_LM_RAWONLY\PAT_3415\LM\ERSP_matrix\audio\PAT_3415_audio_WM_ERSP_OI2_TN.npy,0.0226873385012919,0.0127648578811369,True,905,12,0.03171281,12
PAT_3415,audio,LM,OI3,\\nasac-m2.unige.ch\m-HumanNeuronLab\ANALYSIS\FLM\Analysis_LoraFanda\01_FBM_Analysis\outputs\04_ersp_LM_RAWONLY\PAT_3415\LM\ERSP_matrix\audio\PAT_3415_audio_WM_ERSP_OI3_TN.npy,0.0539276485788113,0.0020671834625322,True,906,12,0.122393034,12
PAT_3415,audio,LM,OI4,\\nasac-m2.unige.ch\m-HumanNeuronLab\ANALYSIS\FLM\Analysis_LoraFanda\01_FBM_Analysis\outputs\04_ersp_LM_RAWONLY\PAT_3415\LM\ERSP_matrix\audio\PAT_3415_audio_WM_ERSP_OI4_TN.npy,0.0812919896640826,0.0013436692506459,True,907,18,-0.06962942,18
PAT_3415,audio,LM,OI5,\\nasac-m2.unige.ch\m-HumanNeuronLab\ANALYSIS\FLM\Analysis_LoraFanda\01_FBM_Analysis\outputs\04_ersp_LM_RAWONLY\PAT_3415\LM\ERSP_matrix\audio\PAT_3415_audio_WM_ERSP_OI5_TN.npy,0.0670801033591731,0.0030232558139534,True,908,12,0.1164298,12
PAT_3415,audio,LM,OI6,\\nasac-m2.unige.ch\m-HumanNeuronLab\ANALYSIS\FLM\Analysis_LoraFanda\01_FBM_Analysis\outputs\04_ersp_LM_RAWONLY\PAT_3415\LM\ERSP_matrix\audio\PAT_3415_audio_WM_ERSP_OI6_TN.npy,0.0421188630490956,0.0016279069767441,True,909,12,0.17579763,12
PAT_3415,audio,LM,OS1,\\nasac-m2.unige.ch\m-HumanNeuronLab\ANALYSIS\FLM\Analysis_LoraFanda\01_FBM_Analysis\outputs\04_ersp_LM_RAWONLY\PAT_3415\LM\ERSP_matrix\audio\PAT_3415_audio_WM_ERSP_OS1_TN.npy,0.2260206718346253,5.167958656330749e-05,True,910,11,-0.019063763,11
PAT_3415,audio,LM,OS2,\\nasac-m2.unige.ch\m-HumanNeuronLab\ANALYSIS\FLM\Analysis_LoraFanda\01_FBM_Analysis\outputs\04_ersp_LM_RAWONLY\PAT_3415\LM\ERSP_matrix\audio\PAT_3415_audio_WM_ERSP_OS2_TN.npy,0.1042894056847545,0.0016279069767441,True,911,18,0.058523558,18
PAT_3415,audio,LM,OS3,\\nasac-m2.unige.ch\m-HumanNeuronLab\ANALYSIS\FLM\Analysis_LoraFanda\01_FBM_Analysis\outputs\04_ersp_LM_RAWONLY\PAT_3415\LM\ERSP_matrix\audio\PAT_3415_audio_WM_ERSP_OS3_TN.npy,0.0614728682170542,0.0056330749354005,True,912,12,0.057165876,12
PAT_3415,audio,LM,OS4,\\nasac-m2.unige.ch\m-HumanNeuronLab\ANALYSIS\FLM\Analysis_LoraFanda\01_FBM_Analysis\outputs\04_ersp_LM_RAWONLY\PAT_3415\LM\ERSP_matrix\audio\PAT_3415_audio_WM_ERSP_OS4_TN.npy,0.0389405684754521,0.001266149870801,True,913,12,0.17079635,12
PAT_3415,audio,LM,OS5,\\nasac-m2.unige.ch\m-HumanNeuronLab\ANALYSIS\FLM\Analysis_LoraFanda\01_FBM_Analysis\outputs\04_ersp_LM_RAWONLY\PAT_3415\LM\ERSP_matrix\audio\PAT_3415_audio_WM_ERSP_OS5_TN.npy,0.0339018087855297,0.0029715762273901,True,914,12,0.16933493,12
PAT_3415,audio,LM,OS6,\\nasac-m2.unige.ch\m-HumanNeuronLab\ANALYSIS\FLM\Analysis_LoraFanda\01_FBM_Analysis\outputs\04_ersp_LM_RAWONLY\PAT_3415\LM\ERSP_matrix\audio\PAT_3415_audio_WM_ERSP_OS6_TN.npy,0.0359948320413436,0.0019638242894056,True,915,12,0.15592265,12
PAT_3415,audio,LM,TA1,\\nasac-m2.unige.ch\m-HumanNeuronLab\ANALYSIS\FLM\Analysis_LoraFanda\01_FBM_Analysis\outputs\04_ersp_LM_RAWONLY\PAT_3415\LM\ERSP_matrix\audio\PAT_3415_audio_WM_ERSP_TA1_TN.npy,0.0462790697674418,0.0047028423772609,True,916,12,0.123159364,12
PAT_3415,audio,LM,TA2,\\nasac-m2.unige.ch\m-HumanNeuronLab\ANALYSIS\FLM\Analysis_LoraFanda\01_FBM_Analysis\outputs\04_ersp_LM_RAWONLY\PAT_3415\LM\ERSP_matrix\audio\PAT_3415_audio_WM_ERSP_TA2_TN.npy,0.0516795865633074,0.0067183462532299,True,917,12,0.116873085,12
PAT_3415,audio,LM,TA3,\\nasac-m2.unige.ch\m-HumanNeuronLab\ANALYSIS\FLM\Analysis_LoraFanda\01_FBM_Analysis\outputs\04_ersp_LM_RAWONLY\PAT_3415\LM\ERSP_matrix\audio\PAT_3415_audio_WM_ERSP_TA3_TN.npy,0.0529974160206718,0.0026614987080103,True,918,12,0.1909554,12
PAT_3415,audio,LM,TA4,\\nasac-m2.unige.ch\m-HumanNeuronLab\ANALYSIS\FLM\Analysis_LoraFanda\01_FBM_Analysis\outputs\04_ersp_LM_RAWONLY\PAT_3415\LM\ERSP_matrix\audio\PAT_3415_audio_WM_ERSP_TA4_TN.npy,0.0536692506459948,0.0045736434108527,True,919,12,0.17510131,12
PAT_3415,audio,LM,TA5,\\nasac-m2.unige.ch\m-HumanNeuronLab\ANALYSIS\FLM\Analysis_LoraFanda\01_FBM_Analysis\outputs\04_ersp_LM_RAWONLY\PAT_3415\LM\ERSP_matrix\audio\PAT_3415_audio_WM_ERSP_TA5_TN.npy,0.0535142118863049,0.0091472868217054,True,920,12,0.12915927,12
PAT_3415,audio,LM,TA6,\\nasac-m2.unige.ch\m-HumanNeuronLab\ANALYSIS\FLM\Analysis_LoraFanda\01_FBM_Analysis\outputs\04_ersp_LM_RAWONLY\PAT_3415\LM\ERSP_matrix\audio\PAT_3415_audio_WM_ERSP_TA6_TN.npy,0.0526356589147286,0.0137726098191214,True,921,12,0.1064656,12
PAT_3415,audio,LM,TM1,\\nasac-m2.unige.ch\m-HumanNeuronLab\ANALYSIS\FLM\Analysis_LoraFanda\01_FBM_Analysis\outputs\04_ersp_LM_RAWONLY\PAT_3415\LM\ERSP_matrix\audio\PAT_3415_audio_WM_ERSP_TM1_TN.npy,0.0472868217054263,0.0042377260981912,True,922,12,0.14815283,12
PAT_3415,audio,LM,TM2,\\nasac-m2.unige.ch\m-HumanNeuronLab\ANALYSIS\FLM\Analysis_LoraFanda\01_FBM_Analysis\outputs\04_ersp_LM_RAWONLY\PAT_3415\LM\ERSP_matrix\audio\PAT_3415_audio_WM_ERSP_TM2_TN.npy,0.0509302325581395,0.0049095607235142,True,923,12,0.12080235,12
PAT_3415,audio,LM,TM3,\\nasac-m2.unige.ch\m-HumanNeuronLab\ANALYSIS\FLM\Analysis_LoraFanda\01_FBM_Analysis\outputs\04_ersp_LM_RAWONLY\PAT_3415\LM\ERSP_matrix\audio\PAT_3415_audio_WM_ERSP_TM3_TN.npy,0.0589922480620155,0.0026873385012919,True,924,19,-0.08603758,19
PAT_3415,audio,LM,TM4,\\nasac-m2.unige.ch\m-HumanNeuronLab\ANALYSIS\FLM\Analysis_LoraFanda\01_FBM_Analysis\outputs\04_ersp_LM_RAWONLY\PAT_3415\LM\ERSP_matrix\audio\PAT_3415_audio_WM_ERSP_TM4_TN.npy,0.0496640826873385,0.0017312661498708,True,925,12,0.14335959,12
PAT_3415,audio,LM,TM5,\\nasac-m2.unige.ch\m-HumanNeuronLab\ANALYSIS\FLM\Analysis_LoraFanda\01_FBM_Analysis\outputs\04_ersp_LM_RAWONLY\PAT_3415\LM\ERSP_matrix\audio\PAT_3415_audio_WM_ERSP_TM5_TN.npy,0.0386046511627906,0.0013695090439276,True,926,12,0.13505284,12
PAT_3415,audio,LM,TM6,\\nasac-m2.unige.ch\m-HumanNeuronLab\ANALYSIS\FLM\Analysis_LoraFanda\01_FBM_Analysis\outputs\04_ersp_LM_RAWONLY\PAT_3415\LM\ERSP_matrix\audio\PAT_3415_audio_WM_ERSP_TM6_TN.npy,0.0562015503875969,0.0087080103359173,True,927,12,0.11894973,12
PAT_3415,audio,LM,TP1,\\nasac-m2.unige.ch\m-HumanNeuronLab\ANALYSIS\FLM\Analysis_LoraFanda\01_FBM_Analysis\outputs\04_ersp_LM_RAWONLY\PAT_3415\LM\ERSP_matrix\audio\PAT_3415_audio_WM_ERSP_TP1_TN.npy,0.0604909560723514,0.0009302325581395,True,928,12,0.10161596,12
PAT_3415,audio,LM,TP2,\\nasac-m2.unige.ch\m-HumanNeuronLab\ANALYSIS\FLM\Analysis_LoraFanda\01_FBM_Analysis\outputs\04_ersp_LM_RAWONLY\PAT_3415\LM\ERSP_matrix\audio\PAT_3415_audio_WM_ERSP_TP2_TN.npy,0.0645994832041343,0.0019896640826873,True,929,12,0.14790854,12
PAT_3415,audio,LM,TP3,\\nasac-m2.unige.ch\m-HumanNeuronLab\ANALYSIS\FLM\Analysis_LoraFanda\01_FBM_Analysis\outputs\04_ersp_LM_RAWONLY\PAT_3415\LM\ERSP_matrix\audio\PAT_3415_audio_WM_ERSP_TP3_TN.npy,0.0504651162790697,0.0027390180878552,True,930,12,0.21054639,12
PAT_3415,audio,LM,TP4,\\nasac-m2.unige.ch\m-HumanNeuronLab\ANALYSIS\FLM\Analysis_LoraFanda\01_FBM_Analysis\outputs\04_ersp_LM_RAWONLY\PAT_3415\LM\ERSP_matrix\audio\PAT_3415_audio_WM_ERSP_TP4_TN.npy,0.0515762273901808,0.0026873385012919,True,931,12,0.1891948,12
PAT_3415,audio,LM,TP5,\\nasac-m2.unige.ch\m-HumanNeuronLab\ANALYSIS\FLM\Analysis_LoraFanda\01_FBM_Analysis\outputs\04_ersp_LM_RAWONLY\PAT_3415\LM\ERSP_matrix\audio\PAT_3415_audio_WM_ERSP_TP5_TN.npy,0.0487080103359173,0.0022997416020671,True,932,12,0.2283066,12
PAT_3415,audio,LM,TP6,\\nasac-m2.unige.ch\m-HumanNeuronLab\ANALYSIS\FLM\Analysis_LoraFanda\01_FBM_Analysis\outputs\04_ersp_LM_RAWONLY\PAT_3415\LM\ERSP_matrix\audio\PAT_3415_audio_WM_ERSP_TP6_TN.npy,0.0502325581395348,0.0027906976744186,True,933,12,0.2139835,12
PAT_3415,picture,LM,GA1,\\nasac-m2.unige.ch\m-HumanNeuronLab\ANALYSIS\FLM\Analysis_LoraFanda\01_FBM_Analysis\outputs\04_ersp_LM_RAWONLY\PAT_3415\LM\ERSP_matrix\picture\PAT_3415_picture_WM_ERSP_GA1_TN.npy,0.0302842377260981,0.0018346253229974,True,934,9,0.10662868,9
PAT_3415,picture,LM,GA2,\\nasac-m2.unige.ch\m-HumanNeuronLab\ANALYSIS\FLM\Analysis_LoraFanda\01_FBM_Analysis\outputs\04_ersp_LM_RAWONLY\PAT_3415\LM\ERSP_matrix\picture\PAT_3415_picture_WM_ERSP_GA2_TN.npy,0.0288372093023255,0.0023514211886304,True,935,9,0.066450074,9
PAT_3415,picture,LM,GA3,\\nasac-m2.unige.ch\m-HumanNeuronLab\ANALYSIS\FLM\Analysis_LoraFanda\01_FBM_Analysis\outputs\04_ersp_LM_RAWONLY\PAT_3415\LM\ERSP_matrix\picture\PAT_3415_picture_WM_ERSP_GA3_TN.npy,0.0350129198966408,0.0022480620155038,True,936,9,0.06787676,9
PAT_3415,picture,LM,GA4,\\nasac-m2.unige.ch\m-HumanNeuronLab\ANALYSIS\FLM\Analysis_LoraFanda\01_FBM_Analysis\outputs\04_ersp_LM_RAWONLY\PAT_3415\LM\ERSP_matrix\picture\PAT_3415_picture_WM_ERSP_GA4_TN.npy,0.0299483204134366,0.0013695090439276,True,937,9,-0.0028687778,9
PAT_3415,picture,LM,GA5,\\nasac-m2.unige.ch\m-HumanNeuronLab\ANALYSIS\FLM\Analysis_LoraFanda\01_FBM_Analysis\outputs\04_ersp_LM_RAWONLY\PAT_3415\LM\ERSP_matrix\picture\PAT_3415_picture_WM_ERSP_GA5_TN.npy,0.0301291989664082,0.0016537467700258,True,938,9,0.027453527,9
PAT_3415,picture,LM,GA6,\\nasac-m2.unige.ch\m-HumanNeuronLab\ANALYSIS\FLM\Analysis_LoraFanda\01_FBM_Analysis\outputs\04_ersp_LM_RAWONLY\PAT_3415\LM\ERSP_matrix\picture\PAT_3415_picture_WM_ERSP_GA6_TN.npy,0.0451679586563307,0.0023514211886304,True,939,9,-2.0307827e-05,9
PAT_3415,picture,LM,GA7,\\nasac-m2.unige.ch\m-HumanNeuronLab\ANALYSIS\FLM\Analysis_LoraFanda\01_FBM_Analysis\outputs\04_ersp_LM_RAWONLY\PAT_3415\LM\ERSP_matrix\picture\PAT_3415_picture_WM_ERSP_GA7_TN.npy,0.0531782945736434,0.0017571059431524,True,940,9,-0.017759183,9
PAT_3415,picture,LM,GA8,\\nasac-m2.unige.ch\m-HumanNeuronLab\ANALYSIS\FLM\Analysis_LoraFanda\01_FBM_Analysis\outputs\04_ersp_LM_RAWONLY\PAT_3415\LM\ERSP_matrix\picture\PAT_3415_picture_WM_ERSP_GA8_TN.npy,0.0303617571059431,0.0012403100775193,True,941,9,0.032120284,9
PAT_3415,picture,LM,GB1,\\nasac-m2.unige.ch\m-HumanNeuronLab\ANALYSIS\FLM\Analysis_LoraFanda\01_FBM_Analysis\outputs\04_ersp_LM_RAWONLY\PAT_3415\LM\ERSP_matrix\picture\PAT_3415_picture_WM_ERSP_GB1_TN.npy,0.0220155038759689,0.001860465116279,True,942,9,0.085982695,9
PAT_3415,picture,LM,GB2,\\nasac-m2.unige.ch\m-HumanNeuronLab\ANALYSIS\FLM\Analysis_LoraFanda\01_FBM_Analysis\outputs\04_ersp_LM_RAWONLY\PAT_3415\LM\ERSP_matrix\picture\PAT_3415_picture_WM_ERSP_GB2_TN.npy,0.0348062015503876,0.0031266149870801,True,943,9,0.032844037,9
PAT_3415,picture,LM,GB3,\\nasac-m2.unige.ch\m-HumanNeuronLab\ANALYSIS\FLM\Analysis_LoraFanda\01_FBM_Analysis\outputs\04_ersp_LM_RAWONLY\PAT_3415\LM\ERSP_matrix\picture\PAT_3415_picture_WM_ERSP_GB3_TN.npy,0.1400258397932816,0.0004909560723514,True,944,6,0.073143594,6
PAT_3415,picture,LM,GB4,\\nasac-m2.unige.ch\m-HumanNeuronLab\ANALYSIS\FLM\Analysis_LoraFanda\01_FBM_Analysis\outputs\04_ersp_LM_RAWONLY\PAT_3415\LM\ERSP_matrix\picture\PAT_3415_picture_WM_ERSP_GB4_TN.npy,0.0803359173126615,0.0007751937984496,True,945,19,-0.028159056,19
PAT_3415,picture,LM,GB5,\\nasac-m2.unige.ch\m-HumanNeuronLab\ANALYSIS\FLM\Analysis_LoraFanda\01_FBM_Analysis\outputs\04_ersp_LM_RAWONLY\PAT_3415\LM\ERSP_matrix\picture\PAT_3415_picture_WM_ERSP_GB5_TN.npy,0.0224289405684754,0.0027648578811369,True,946,9,0.053345125,9
PAT_3415,picture,LM,GB6,\\nasac-m2.unige.ch\m-HumanNeuronLab\ANALYSIS\FLM\Analysis_LoraFanda\01_FBM_Analysis\outputs\04_ersp_LM_RAWONLY\PAT_3415\LM\ERSP_matrix\picture\PAT_3415_picture_WM_ERSP_GB6_TN.npy,0.0282945736434108,0.0041860465116279,True,947,5,0.0075468235,5
PAT_3415,picture,LM,GB7,\\nasac-m2.unige.ch\m-HumanNeuronLab\ANALYSIS\FLM\Analysis_LoraFanda\01_FBM_Analysis\outputs\04_ersp_LM_RAWONLY\PAT_3415\LM\ERSP_matrix\picture\PAT_3415_picture_WM_ERSP_GB7_TN.npy,0.0220930232558139,0.0027131782945736,True,948,7,-0.032555882,7
PAT_3415,picture,LM,GB8,\\nasac-m2.unige.ch\m-HumanNeuronLab\ANALYSIS\FLM\Analysis_LoraFanda\01_FBM_Analysis\outputs\04_ersp_LM_RAWONLY\PAT_3415\LM\ERSP_matrix\picture\PAT_3415_picture_WM_ERSP_GB8_TN.npy,0.0309819121447028,0.0021963824289405,True,949,9,0.117832884,9
PAT_3415,picture,LM,GC1,\\nasac-m2.unige.ch\m-HumanNeuronLab\ANALYSIS\FLM\Analysis_LoraFanda\01_FBM_Analysis\outputs\04_ersp_LM_RAWONLY\PAT_3415\LM\ERSP_matrix\picture\PAT_3415_picture_WM_ERSP_GC1_TN.npy,0.0245736434108527,0.0019121447028423,True,950,5,-0.017070234,5
PAT_3415,picture,LM,GC2,\\nasac-m2.unige.ch\m-HumanNeuronLab\ANALYSIS\FLM\Analysis_LoraFanda\01_FBM_Analysis\outputs\04_ersp_LM_RAWONLY\PAT_3415\LM\ERSP_matrix\picture\PAT_3415_picture_WM_ERSP_GC2_TN.npy,0.0217054263565891,0.0043152454780361,True,951,5,-0.016758263,5
PAT_3415,picture,LM,GC3,\\nasac-m2.unige.ch\m-HumanNeuronLab\ANALYSIS\FLM\Analysis_LoraFanda\01_FBM_Analysis\outputs\04_ersp_LM_RAWONLY\PAT_3415\LM\ERSP_matrix\picture\PAT_3415_picture_WM_ERSP_GC3_TN.npy,0.0298191214470284,0.0023514211886304,True,952,9,0.10945475,9
PAT_3415,picture,LM,GC4,\\nasac-m2.unige.ch\m-HumanNeuronLab\ANALYSIS\FLM\Analysis_LoraFanda\01_FBM_Analysis\outputs\04_ersp_LM_RAWONLY\PAT_3415\LM\ERSP_matrix\picture\PAT_3415_picture_WM_ERSP_GC4_TN.npy,0.0295865633074935,0.0028682170542635,True,953,9,0.06310163,9
PAT_3415,picture,LM,GC5,\\nasac-m2.unige.ch\m-HumanNeuronLab\ANALYSIS\FLM\Analysis_LoraFanda\01_FBM_Analysis\outputs\04_ersp_LM_RAWONLY\PAT_3415\LM\ERSP_matrix\picture\PAT_3415_picture_WM_ERSP_GC5_TN.npy,0.031937984496124,0.0052454780361757,True,954,5,0.10732357,5
PAT_3415,picture,LM,GC6,\\nasac-m2.unige.ch\m-HumanNeuronLab\ANALYSIS\FLM\Analysis_LoraFanda\01_FBM_Analysis\outputs\04_ersp_LM_RAWONLY\PAT_3415\LM\ERSP_matrix\picture\PAT_3415_picture_WM_ERSP_GC6_TN.npy,0.0256330749354005,0.0106718346253229,True,955,5,0.10876668,5
PAT_3415,picture,LM,GC7,\\nasac-m2.unige.ch\m-HumanNeuronLab\ANALYSIS\FLM\Analysis_LoraFanda\01_FBM_Analysis\outputs\04_ersp_LM_RAWONLY\PAT_3415\LM\ERSP_matrix\picture\PAT_3415_picture_WM_ERSP_GC7_TN.npy,0.027906976744186,0.0020671834625322,True,956,5,-0.021202642,5
PAT_3415,picture,LM,GC8,\\nasac-m2.unige.ch\m-HumanNeuronLab\ANALYSIS\FLM\Analysis_LoraFanda\01_FBM_Analysis\outputs\04_ersp_LM_RAWONLY\PAT_3415\LM\ERSP_matrix\picture\PAT_3415_picture_WM_ERSP_GC8_TN.npy,0.0297932816537467,0.0024806201550387,True,957,9,0.13190307,9
PAT_3415,picture,LM,GD1,\\nasac-m2.unige.ch\m-HumanNeuronLab\ANALYSIS\FLM\Analysis_LoraFanda\01_FBM_Analysis\outputs\04_ersp_LM_RAWONLY\PAT_3415\LM\ERSP_matrix\picture\PAT_3415_picture_WM_ERSP_GD1_TN.npy,0.0263824289405684,0.0023255813953488,True,958,9,0.06962331,9
PAT_3415,picture,LM,GD3,\\nasac-m2.unige.ch\m-HumanNeuronLab\ANALYSIS\FLM\Analysis_LoraFanda\01_FBM_Analysis\outputs\04_ersp_LM_RAWONLY\PAT_3415\LM\ERSP_matrix\picture\PAT_3415_picture_WM_ERSP_GD3_TN.npy,0.0448320413436692,0.0014470284237726,True,959,9,0.051031105,9
PAT_3415,picture,LM,GD4,\\nasac-m2.unige.ch\m-HumanNeuronLab\ANALYSIS\FLM\Analysis_LoraFanda\01_FBM_Analysis\outputs\04_ersp_LM_RAWONLY\PAT_3415\LM\ERSP_matrix\picture\PAT_3415_picture_WM_ERSP_GD4_TN.npy,0.0363565891472868,0.0015762273901808,True,960,3,-0.06139281,3
PAT_3415,picture,LM,GD5,\\nasac-m2.unige.ch\m-HumanNeuronLab\ANALYSIS\FLM\Analysis_LoraFanda\01_FBM_Analysis\outputs\04_ersp_LM_RAWONLY\PAT_3415\LM\ERSP_matrix\picture\PAT_3415_picture_WM_ERSP_GD5_TN.npy,0.0256330749354005,0.001188630490956,True,961,9,0.0036889035,9
PAT_3415,picture,LM,GD6,\\nasac-m2.unige.ch\m-HumanNeuronLab\ANALYSIS\FLM\Analysis_LoraFanda\01_FBM_Analysis\outputs\04_ersp_LM_RAWONLY\PAT_3415\LM\ERSP_matrix\picture\PAT_3415_picture_WM_ERSP_GD6_TN.npy,0.0234366925064599,0.0035142118863049,True,962,5,-0.059784826,5
PAT_3415,picture,LM,GD7,\\nasac-m2.unige.ch\m-HumanNeuronLab\ANALYSIS\FLM\Analysis_LoraFanda\01_FBM_Analysis\outputs\04_ersp_LM_RAWONLY\PAT_3415\LM\ERSP_matrix\picture\PAT_3415_picture_WM_ERSP_GD7_TN.npy,0.0281136950904392,0.0028165374677002,True,963,9,0.10412911,9
PAT_3415,picture,LM,GD8,\\nasac-m2.unige.ch\m-HumanNeuronLab\ANALYSIS\FLM\Analysis_LoraFanda\01_FBM_Analysis\outputs\04_ersp_LM_RAWONLY\PAT_3415\LM\ERSP_matrix\picture\PAT_3415_picture_WM_ERSP_GD8_TN.npy,0.0283462532299741,0.0013953488372093,True,964,9,0.09161563,9
PAT_3415,picture,LM,GE1,\\nasac-m2.unige.ch\m-HumanNeuronLab\ANALYSIS\FLM\Analysis_LoraFanda\01_FBM_Analysis\outputs\04_ersp_LM_RAWONLY\PAT_3415\LM\ERSP_matrix\picture\PAT_3415_picture_WM_ERSP_GE1_TN.npy,0.0298708010335917,0.0023772609819121,True,965,9,0.14432165,9
PAT_3415,picture,LM,GE2,\\nasac-m2.unige.ch\m-HumanNeuronLab\ANALYSIS\FLM\Analysis_LoraFanda\01_FBM_Analysis\outputs\04_ersp_LM_RAWONLY\PAT_3415\LM\ERSP_matrix\picture\PAT_3415_picture_WM_ERSP_GE2_TN.npy,0.0435400516795865,0.0009043927648578,True,966,6,-0.025479892,6
PAT_3415,picture,LM,GE3,\\nasac-m2.unige.ch\m-HumanNeuronLab\ANALYSIS\FLM\Analysis_LoraFanda\01_FBM_Analysis\outputs\04_ersp_LM_RAWONLY\PAT_3415\LM\ERSP_matrix\picture\PAT_3415_picture_WM_ERSP_GE3_TN.npy,0.0498966408268733,0.0028940568475452,True,967,9,0.057648752,9
PAT_3415,picture,LM,GE4,\\nasac-m2.unige.ch\m-HumanNeuronLab\ANALYSIS\FLM\Analysis_LoraFanda\01_FBM_Analysis\outputs\04_ersp_LM_RAWONLY\PAT_3415\LM\ERSP_matrix\picture\PAT_3415_picture_WM_ERSP_GE4_TN.npy,0.0606201550387596,0.0021963824289405,True,968,9,-0.010821242,9
PAT_3415,picture,LM,GE5,\\nasac-m2.unige.ch\m-HumanNeuronLab\ANALYSIS\FLM\Analysis_LoraFanda\01_FBM_Analysis\outputs\04_ersp_LM_RAWONLY\PAT_3415\LM\ERSP_matrix\picture\PAT_3415_picture_WM_ERSP_GE5_TN.npy,0.0303359173126614,0.0027648578811369,True,969,5,-0.057891116,5
PAT_3415,picture,LM,GE6,\\nasac-m2.unige.ch\m-HumanNeuronLab\ANALYSIS\FLM\Analysis_LoraFanda\01_FBM_Analysis\outputs\04_ersp_LM_RAWONLY\PAT_3415\LM\ERSP_matrix\picture\PAT_3415_picture_WM_ERSP_GE6_TN.npy,0.0268733850129198,0.0021963824289405,True,970,9,0.07921216,9
PAT_3415,picture,LM,GE7,\\nasac-m2.unige.ch\m-HumanNeuronLab\ANALYSIS\FLM\Analysis_LoraFanda\01_FBM_Analysis\outputs\04_ersp_LM_RAWONLY\PAT_3415\LM\ERSP_matrix\picture\PAT_3415_picture_WM_ERSP_GE7_TN.npy,0.0355297157622739,0.0011627906976744,True,971,9,0.063679695,9
PAT_3415,picture,LM,GE8,\\nasac-m2.unige.ch\m-HumanNeuronLab\ANALYSIS\FLM\Analysis_LoraFanda\01_FBM_Analysis\outputs\04_ersp_LM_RAWONLY\PAT_3415\LM\ERSP_matrix\picture\PAT_3415_picture_WM_ERSP_GE8_TN.npy,0.029173126614987,0.0026356589147286,True,972,9,0.12613587,9
PAT_3415,picture,LM,GF1,\\nasac-m2.unige.ch\m-HumanNeuronLab\ANALYSIS\FLM\Analysis_LoraFanda\01_FBM_Analysis\outputs\04_ersp_LM_RAWONLY\PAT_3415\LM\ERSP_matrix\picture\PAT_3415_picture_WM_ERSP_GF1_TN.npy,0.0321188630490956,0.0025064599483204,True,973,9,0.13636783,9
PAT_3415,picture,LM,GF2,\\nasac-m2.unige.ch\m-HumanNeuronLab\ANALYSIS\FLM\Analysis_LoraFanda\01_FBM_Analysis\outputs\04_ersp_LM_RAWONLY\PAT_3415\LM\ERSP_matrix\picture\PAT_3415_picture_WM_ERSP_GF2_TN.npy,0.0390439276485788,0.0018863049095607,True,974,9,0.04424786,9
PAT_3415,picture,LM,GF3,\\nasac-m2.unige.ch\m-HumanNeuronLab\ANALYSIS\FLM\Analysis_LoraFanda\01_FBM_Analysis\outputs\04_ersp_LM_RAWONLY\PAT_3415\LM\ERSP_matrix\picture\PAT_3415_picture_WM_ERSP_GF3_TN.npy,0.0420413436692506,0.0011627906976744,True,975,9,0.11143163,9
PAT_3415,picture,LM,GF4,\\nasac-m2.unige.ch\m-HumanNeuronLab\ANALYSIS\FLM\Analysis_LoraFanda\01_FBM_Analysis\outputs\04_ersp_LM_RAWONLY\PAT_3415\LM\ERSP_matrix\picture\PAT_3415_picture_WM_ERSP_GF4_TN.npy,0.0351679586563307,0.0018346253229974,True,976,9,0.14219034,9
PAT_3415,picture,LM,GF6,\\nasac-m2.unige.ch\m-HumanNeuronLab\ANALYSIS\FLM\Analysis_LoraFanda\01_FBM_Analysis\outputs\04_ersp_LM_RAWONLY\PAT_3415\LM\ERSP_matrix\picture\PAT_3415_picture_WM_ERSP_GF6_TN.npy,0.0267700258397932,0.0019896640826873,True,977,9,0.08384373,9
PAT_3415,picture,LM,GF8,\\nasac-m2.unige.ch\m-HumanNeuronLab\ANALYSIS\FLM\Analysis_LoraFanda\01_FBM_Analysis\outputs\04_ersp_LM_RAWONLY\PAT_3415\LM\ERSP_matrix\picture\PAT_3415_picture_WM_ERSP_GF8_TN.npy,0.0281136950904392,0.0027906976744186,True,978,9,0.09421923,9
PAT_3415,picture,LM,GG1,\\nasac-m2.unige.ch\m-HumanNeuronLab\ANALYSIS\FLM\Analysis_LoraFanda\01_FBM_Analysis\outputs\04_ersp_LM_RAWONLY\PAT_3415\LM\ERSP_matrix\picture\PAT_3415_picture_WM_ERSP_GG1_TN.npy,0.0326614987080103,0.0020930232558139,True,979,9,0.13342941,9
PAT_3415,picture,LM,GG2,\\nasac-m2.unige.ch\m-HumanNeuronLab\ANALYSIS\FLM\Analysis_LoraFanda\01_FBM_Analysis\outputs\04_ersp_LM_RAWONLY\PAT_3415\LM\ERSP_matrix\picture\PAT_3415_picture_WM_ERSP_GG2_TN.npy,0.0326873385012919,0.0018346253229974,True,980,9,0.11329531,9
PAT_3415,picture,LM,GG3,\\nasac-m2.unige.ch\m-HumanNeuronLab\ANALYSIS\FLM\Analysis_LoraFanda\01_FBM_Analysis\outputs\04_ersp_LM_RAWONLY\PAT_3415\LM\ERSP_matrix\picture\PAT_3415_picture_WM_ERSP_GG3_TN.npy,0.0296899224806201,0.0013695090439276,True,981,9,0.09613243,9
PAT_3415,picture,LM,GG5,\\nasac-m2.unige.ch\m-HumanNeuronLab\ANALYSIS\FLM\Analysis_LoraFanda\01_FBM_Analysis\outputs\04_ersp_LM_RAWONLY\PAT_3415\LM\ERSP_matrix\picture\PAT_3415_picture_WM_ERSP_GG5_TN.npy,0.0249870801033591,0.0015762273901808,True,982,9,0.07152747,9
PAT_3415,picture,LM,GG6,\\nasac-m2.unige.ch\m-HumanNeuronLab\ANALYSIS\FLM\Analysis_LoraFanda\01_FBM_Analysis\outputs\04_ersp_LM_RAWONLY\PAT_3415\LM\ERSP_matrix\picture\PAT_3415_picture_WM_ERSP_GG6_TN.npy,0.0247545219638242,0.002532299741602,True,983,9,0.05733748,9
PAT_3415,picture,LM,GG7,\\nasac-m2.unige.ch\m-HumanNeuronLab\ANALYSIS\FLM\Analysis_LoraFanda\01_FBM_Analysis\outputs\04_ersp_LM_RAWONLY\PAT_3415\LM\ERSP_matrix\picture\PAT_3415_picture_WM_ERSP_GG7_TN.npy,0.0327131782945736,0.0018087855297157,True,984,9,0.053660925,9
PAT_3415,picture,LM,GH1,\\nasac-m2.unige.ch\m-HumanNeuronLab\ANALYSIS\FLM\Analysis_LoraFanda\01_FBM_Analysis\outputs\04_ersp_LM_RAWONLY\PAT_3415\LM\ERSP_matrix\picture\PAT_3415_picture_WM_ERSP_GH1_TN.npy,0.0278036175710594,0.0037984496124031,True,985,9,0.11302214,9
PAT_3415,picture,LM,GH2,\\nasac-m2.unige.ch\m-HumanNeuronLab\ANALYSIS\FLM\Analysis_LoraFanda\01_FBM_Analysis\outputs\04_ersp_LM_RAWONLY\PAT_3415\LM\ERSP_matrix\picture\PAT_3415_picture_WM_ERSP_GH2_TN.npy,0.027312661498708,0.0027648578811369,True,986,9,0.093542546,9
PAT_3415,picture,LM,GH3,\\nasac-m2.unige.ch\m-HumanNeuronLab\ANALYSIS\FLM\Analysis_LoraFanda\01_FBM_Analysis\outputs\04_ersp_LM_RAWONLY\PAT_3415\LM\ERSP_matrix\picture\PAT_3415_picture_WM_ERSP_GH3_TN.npy,0.0222739018087855,0.0026356589147286,True,987,9,0.111580335,9
PAT_3415,picture,LM,GH6,\\nasac-m2.unige.ch\m-HumanNeuronLab\ANALYSIS\FLM\Analysis_LoraFanda\01_FBM_Analysis\outputs\04_ersp_LM_RAWONLY\PAT_3415\LM\ERSP_matrix\picture\PAT_3415_picture_WM_ERSP_GH6_TN.npy,0.0283720930232558,0.0042894056847545,True,988,9,0.12671383,9
PAT_3415,picture,LM,GH7,\\nasac-m2.unige.ch\m-HumanNeuronLab\ANALYSIS\FLM\Analysis_LoraFanda\01_FBM_Analysis\outputs\04_ersp_LM_RAWONLY\PAT_3415\LM\ERSP_matrix\picture\PAT_3415_picture_WM_ERSP_GH7_TN.npy,0.0204651162790697,0.0031782945736434,True,989,9,0.043572627,9
PAT_3415,picture,LM,GH8,\\nasac-m2.unige.ch\m-HumanNeuronLab\ANALYSIS\FLM\Analysis_LoraFanda\01_FBM_Analysis\outputs\04_ersp_LM_RAWONLY\PAT_3415\LM\ERSP_matrix\picture\PAT_3415_picture_WM_ERSP_GH8_TN.npy,0.0327906976744186,0.0015245478036175,True,990,6,0.03506907,6
PAT_3415,picture,LM,IMG10,\\nasac-m2.unige.ch\m-HumanNeuronLab\ANALYSIS\FLM\Analysis_LoraFanda\01_FBM_Analysis\outputs\04_ersp_LM_RAWONLY\PAT_3415\LM\ERSP_matrix\picture\PAT_3415_picture_WM_ERSP_IMG10_TN.npy,0.0354521963824289,0.001937984496124,True,991,9,0.10049087,9
PAT_3415,picture,LM,IMG11,\\nasac-m2.unige.ch\m-HumanNeuronLab\ANALYSIS\FLM\Analysis_LoraFanda\01_FBM_Analysis\outputs\04_ersp_LM_RAWONLY\PAT_3415\LM\ERSP_matrix\picture\PAT_3415_picture_WM_ERSP_IMG11_TN.npy,0.0325839793281653,0.0035142118863049,True,992,9,0.09585126,9
PAT_3415,picture,LM,IMG12,\\nasac-m2.unige.ch\m-HumanNeuronLab\ANALYSIS\FLM\Analysis_LoraFanda\01_FBM_Analysis\outputs\04_ersp_LM_RAWONLY\PAT_3415\LM\ERSP_matrix\picture\PAT_3415_picture_WM_ERSP_IMG12_TN.npy,0.0330490956072351,0.0049870801033591,True,993,9,0.092543386,9
PAT_3415,picture,LM,IMG13,\\nasac-m2.unige.ch\m-HumanNeuronLab\ANALYSIS\FLM\Analysis_LoraFanda\01_FBM_Analysis\outputs\04_ersp_LM_RAWONLY\PAT_3415\LM\ERSP_matrix\picture\PAT_3415_picture_WM_ERSP_IMG13_TN.npy,0.0343927648578811,0.004547803617571,True,994,9,0.11633411,9
PAT_3415,picture,LM,IMG14,\\nasac-m2.unige.ch\m-HumanNeuronLab\ANALYSIS\FLM\Analysis_LoraFanda\01_FBM_Analysis\outputs\04_ersp_LM_RAWONLY\PAT_3415\LM\ERSP_matrix\picture\PAT_3415_picture_WM_ERSP_IMG14_TN.npy,0.0325581395348837,0.0021447028423772,True,995,9,0.10295965,9
PAT_3415,picture,LM,IMG18,\\nasac-m2.unige.ch\m-HumanNeuronLab\ANALYSIS\FLM\Analysis_LoraFanda\01_FBM_Analysis\outputs\04_ersp_LM_RAWONLY\PAT_3415\LM\ERSP_matrix\picture\PAT_3415_picture_WM_ERSP_IMG18_TN.npy,0.0315245478036175,0.0033850129198966,True,996,9,0.10667667,9
PAT_3415,picture,LM,IMG1,\\nasac-m2.unige.ch\m-HumanNeuronLab\ANALYSIS\FLM\Analysis_LoraFanda\01_FBM_Analysis\outputs\04_ersp_LM_RAWONLY\PAT_3415\LM\ERSP_matrix\picture\PAT_3415_picture_WM_ERSP_IMG1_TN.npy,0.0317312661498708,0.0023772609819121,True,997,9,0.13114057,9
PAT_3415,picture,LM,IMG2,\\nasac-m2.unige.ch\m-HumanNeuronLab\ANALYSIS\FLM\Analysis_LoraFanda\01_FBM_Analysis\outputs\04_ersp_LM_RAWONLY\PAT_3415\LM\ERSP_matrix\picture\PAT_3415_picture_WM_ERSP_IMG2_TN.npy,0.0319638242894056,0.0027648578811369,True,998,9,0.12353761,9
PAT_3415,picture,LM,IMG3,\\nasac-m2.unige.ch\m-HumanNeuronLab\ANALYSIS\FLM\Analysis_LoraFanda\01_FBM_Analysis\outputs\04_ersp_LM_RAWONLY\PAT_3415\LM\ERSP_matrix\picture\PAT_3415_picture_WM_ERSP_IMG3_TN.npy,0.0368217054263565,0.0016020671834625,True,999,9,0.0907413,9
PAT_3415,picture,LM,IMG4,\\nasac-m2.unige.ch\m-HumanNeuronLab\ANALYSIS\FLM\Analysis_LoraFanda\01_FBM_Analysis\outputs\04_ersp_LM_RAWONLY\PAT_3415\LM\ERSP_matrix\picture\PAT_3415_picture_WM_ERSP_IMG4_TN.npy,0.0332299741602067,0.0021188630490956,True,1000,9,0.10828786,9
PAT_3415,picture,LM,IMG5,\\nasac-m2.unige.ch\m-HumanNeuronLab\ANALYSIS\FLM\Analysis_LoraFanda\01_FBM_Analysis\outputs\04_ersp_LM_RAWONLY\PAT_3415\LM\ERSP_matrix\picture\PAT_3415_picture_WM_ERSP_IMG5_TN.npy,0.0340826873385012,0.0030232558139534,True,1001,9,0.103917435,9
PAT_3415,picture,LM,IMG6,\\nasac-m2.unige.ch\m-HumanNeuronLab\ANALYSIS\FLM\Analysis_LoraFanda\01_FBM_Analysis\outputs\04_ersp_LM_RAWONLY\PAT_3415\LM\ERSP_matrix\picture\PAT_3415_picture_WM_ERSP_IMG6_TN.npy,0.0371317829457364,0.0032299741602067,True,1002,9,0.019619621,9
PAT_3415,picture,LM,IMG7,\\nasac-m2.unige.ch\m-HumanNeuronLab\ANALYSIS\FLM\Analysis_LoraFanda\01_FBM_Analysis\outputs\04_ersp_LM_RAWONLY\PAT_3415\LM\ERSP_matrix\picture\PAT_3415_picture_WM_ERSP_IMG7_TN.npy,0.0390956072351421,0.001937984496124,True,1003,5,-0.061025117,5
PAT_3415,picture,LM,IMG9,\\nasac-m2.unige.ch\m-HumanNeuronLab\ANALYSIS\FLM\Analysis_LoraFanda\01_FBM_Analysis\outputs\04_ersp_LM_RAWONLY\PAT_3415\LM\ERSP_matrix\picture\PAT_3415_picture_WM_ERSP_IMG9_TN.npy,0.0324031007751937,0.0021447028423772,True,1004,9,0.111051455,9
PAT_3415,picture,LM,IPG11,\\nasac-m2.unige.ch\m-HumanNeuronLab\ANALYSIS\FLM\Analysis_LoraFanda\01_FBM_Analysis\outputs\04_ersp_LM_RAWONLY\PAT_3415\LM\ERSP_matrix\picture\PAT_3415_picture_WM_ERSP_IPG11_TN.npy,0.0382428940568475,0.0017829457364341,True,1005,9,0.10758721,9
PAT_3415,picture,LM,IPG14,\\nasac-m2.unige.ch\m-HumanNeuronLab\ANALYSIS\FLM\Analysis_LoraFanda\01_FBM_Analysis\outputs\04_ersp_LM_RAWONLY\PAT_3415\LM\ERSP_matrix\picture\PAT_3415_picture_WM_ERSP_IPG14_TN.npy,0.0383462532299741,0.0025581395348837,True,1006,9,0.1218014,9
PAT_3415,picture,LM,IPG16,\\nasac-m2.unige.ch\m-HumanNeuronLab\ANALYSIS\FLM\Analysis_LoraFanda\01_FBM_Analysis\outputs\04_ersp_LM_RAWONLY\PAT_3415\LM\ERSP_matrix\picture\PAT_3415_picture_WM_ERSP_IPG16_TN.npy,0.0356847545219638,0.0029715762273901,True,1007,9,0.12890644,9
PAT_3415,picture,LM,IPG17,\\nasac-m2.unige.ch\m-HumanNeuronLab\ANALYSIS\FLM\Analysis_LoraFanda\01_FBM_Analysis\outputs\04_ersp_LM_RAWONLY\PAT_3415\LM\ERSP_matrix\picture\PAT_3415_picture_WM_ERSP_IPG17_TN.npy,0.037157622739018,0.0023514211886304,True,1008,9,0.1276974,9
PAT_3415,picture,LM,IPG18,\\nasac-m2.unige.ch\m-HumanNeuronLab\ANALYSIS\FLM\Analysis_LoraFanda\01_FBM_Analysis\outputs\04_ersp_LM_RAWONLY\PAT_3415\LM\ERSP_matrix\picture\PAT_3415_picture_WM_ERSP_IPG18_TN.npy,0.0386304909560723,0.0024806201550387,True,1009,9,0.12199773,9
PAT_3415,picture,LM,IPG1,\\nasac-m2.unige.ch\m-HumanNeuronLab\ANALYSIS\FLM\Analysis_LoraFanda\01_FBM_Analysis\outputs\04_ersp_LM_RAWONLY\PAT_3415\LM\ERSP_matrix\picture\PAT_3415_picture_WM_ERSP_IPG1_TN.npy,0.0361757105943152,0.0011369509043927,True,1010,9,0.057181668,9
PAT_3415,picture,LM,IPG2,\\nasac-m2.unige.ch\m-HumanNeuronLab\ANALYSIS\FLM\Analysis_LoraFanda\01_FBM_Analysis\outputs\04_ersp_LM_RAWONLY\PAT_3415\LM\ERSP_matrix\picture\PAT_3415_picture_WM_ERSP_IPG2_TN.npy,0.0322739018087855,0.0012144702842377,True,1011,9,0.036086258,9
PAT_3415,picture,LM,IPG3,\\nasac-m2.unige.ch\m-HumanNeuronLab\ANALYSIS\FLM\Analysis_LoraFanda\01_FBM_Analysis\outputs\04_ersp_LM_RAWONLY\PAT_3415\LM\ERSP_matrix\picture\PAT_3415_picture_WM_ERSP_IPG3_TN.npy,0.0315762273901808,0.0030232558139534,True,1012,9,0.08568549,9
PAT_3415,picture,LM,IPG4,\\nasac-m2.unige.ch\m-HumanNeuronLab\ANALYSIS\FLM\Analysis_LoraFanda\01_FBM_Analysis\outputs\04_ersp_LM_RAWONLY\PAT_3415\LM\ERSP_matrix\picture\PAT_3415_picture_WM_ERSP_IPG4_TN.npy,0.0351679586563307,0.0016537467700258,True,1013,9,0.048545662,9
PAT_3415,picture,LM,IPG5,\\nasac-m2.unige.ch\m-HumanNeuronLab\ANALYSIS\FLM\Analysis_LoraFanda\01_FBM_Analysis\outputs\04_ersp_LM_RAWONLY\PAT_3415\LM\ERSP_matrix\picture\PAT_3415_picture_WM_ERSP_IPG5_TN.npy,0.0320930232558139,0.0019121447028423,True,1014,9,0.054972015,9
PAT_3415,picture,LM,IPG6,\\nasac-m2.unige.ch\m-HumanNeuronLab\ANALYSIS\FLM\Analysis_LoraFanda\01_FBM_Analysis\outputs\04_ersp_LM_RAWONLY\PAT_3415\LM\ERSP_matrix\picture\PAT_3415_picture_WM_ERSP_IPG6_TN.npy,0.0319896640826873,0.002609819121447,True,1015,9,0.07026157,9
PAT_3415,picture,LM,IPG7,\\nasac-m2.unige.ch\m-HumanNeuronLab\ANALYSIS\FLM\Analysis_LoraFanda\01_FBM_Analysis\outputs\04_ersp_LM_RAWONLY\PAT_3415\LM\ERSP_matrix\picture\PAT_3415_picture_WM_ERSP_IPG7_TN.npy,0.0335142118863049,0.0027906976744186,True,1016,9,0.0683183,9
PAT_3415,picture,LM,IPG8,\\nasac-m2.unige.ch\m-HumanNeuronLab\ANALYSIS\FLM\Analysis_LoraFanda\01_FBM_Analysis\outputs\04_ersp_LM_RAWONLY\PAT_3415\LM\ERSP_matrix\picture\PAT_3415_picture_WM_ERSP_IPG8_TN.npy,0.0361240310077519,0.0014211886304909,True,1017,9,0.065744855,9
PAT_3415,picture,LM,IPG9,\\nasac-m2.unige.ch\m-HumanNeuronLab\ANALYSIS\FLM\Analysis_LoraFanda\01_FBM_Analysis\outputs\04_ersp_LM_RAWONLY\PAT_3415\LM\ERSP_matrix\picture\PAT_3415_picture_WM_ERSP_IPG9_TN.npy,0.0358656330749354,0.0023514211886304,True,1018,9,0.05015198,9
PAT_3415,picture,LM,OI1,\\nasac-m2.unige.ch\m-HumanNeuronLab\ANALYSIS\FLM\Analysis_LoraFanda\01_FBM_Analysis\outputs\04_ersp_LM_RAWONLY\PAT_3415\LM\ERSP_matrix\picture\PAT_3415_picture_WM_ERSP_OI1_TN.npy,0.1557622739018087,0.0086046511627906,True,1019,11,-0.029018482,11
PAT_3415,picture,LM,OI2,\\nasac-m2.unige.ch\m-HumanNeuronLab\ANALYSIS\FLM\Analysis_LoraFanda\01_FBM_Analysis\outputs\04_ersp_LM_RAWONLY\PAT_3415\LM\ERSP_matrix\picture\PAT_3415_picture_WM_ERSP_OI2_TN.npy,0.0535658914728682,0.0047028423772609,True,1020,3,0.070750386,3
PAT_3415,picture,LM,OI3,\\nasac-m2.unige.ch\m-HumanNeuronLab\ANALYSIS\FLM\Analysis_LoraFanda\01_FBM_Analysis\outputs\04_ersp_LM_RAWONLY\PAT_3415\LM\ERSP_matrix\picture\PAT_3415_picture_WM_ERSP_OI3_TN.npy,0.0586304909560723,0.0159948320413436,True,1021,14,0.06497889,14
PAT_3415,picture,LM,OI4,\\nasac-m2.unige.ch\m-HumanNeuronLab\ANALYSIS\FLM\Analysis_LoraFanda\01_FBM_Analysis\outputs\04_ersp_LM_RAWONLY\PAT_3415\LM\ERSP_matrix\picture\PAT_3415_picture_WM_ERSP_OI4_TN.npy,0.1467700258397933,0.0050904392764857,True,1022,11,0.0067774174,11
PAT_3415,picture,LM,OI5,\\nasac-m2.unige.ch\m-HumanNeuronLab\ANALYSIS\FLM\Analysis_LoraFanda\01_FBM_Analysis\outputs\04_ersp_LM_RAWONLY\PAT_3415\LM\ERSP_matrix\picture\PAT_3415_picture_WM_ERSP_OI5_TN.npy,0.1000516795865633,0.0037209302325581,True,1023,11,-0.057400852,11
PAT_3415,picture,LM,OI6,\\nasac-m2.unige.ch\m-HumanNeuronLab\ANALYSIS\FLM\Analysis_LoraFanda\01_FBM_Analysis\outputs\04_ersp_LM_RAWONLY\PAT_3415\LM\ERSP_matrix\picture\PAT_3415_picture_WM_ERSP_OI6_TN.npy,0.0426614987080103,0.0021188630490956,True,1024,9,0.05763992,9
PAT_3415,picture,LM,OS1,\\nasac-m2.unige.ch\m-HumanNeuronLab\ANALYSIS\FLM\Analysis_LoraFanda\01_FBM_Analysis\outputs\04_ersp_LM_RAWONLY\PAT_3415\LM\ERSP_matrix\picture\PAT_3415_picture_WM_ERSP_OS1_TN.npy,0.3788113695090439,0.0006459948320413,True,1025,13,-0.021281999,13
PAT_3415,picture,LM,OS2,\\nasac-m2.unige.ch\m-HumanNeuronLab\ANALYSIS\FLM\Analysis_LoraFanda\01_FBM_Analysis\outputs\04_ersp_LM_RAWONLY\PAT_3415\LM\ERSP_matrix\picture\PAT_3415_picture_WM_ERSP_OS2_TN.npy,0.1584754521963824,0.0034883720930232,True,1026,11,-0.0020635482,11
PAT_3415,picture,LM,OS3,\\nasac-m2.unige.ch\m-HumanNeuronLab\ANALYSIS\FLM\Analysis_LoraFanda\01_FBM_Analysis\outputs\04_ersp_LM_RAWONLY\PAT_3415\LM\ERSP_matrix\picture\PAT_3415_picture_WM_ERSP_OS3_TN.npy,0.0921188630490956,0.0267183462532299,True,1027,11,-0.040967565,11
PAT_3415,picture,LM,OS4,\\nasac-m2.unige.ch\m-HumanNeuronLab\ANALYSIS\FLM\Analysis_LoraFanda\01_FBM_Analysis\outputs\04_ersp_LM_RAWONLY\PAT_3415\LM\ERSP_matrix\picture\PAT_3415_picture_WM_ERSP_OS4_TN.npy,0.0239793281653746,0.0078036175710594,True,1028,7,0.050573044,7
PAT_3415,picture,LM,OS5,\\nasac-m2.unige.ch\m-HumanNeuronLab\ANALYSIS\FLM\Analysis_LoraFanda\01_FBM_Analysis\outputs\04_ersp_LM_RAWONLY\PAT_3415\LM\ERSP_matrix\picture\PAT_3415_picture_WM_ERSP_OS5_TN.npy,0.021860465116279,0.0025581395348837,True,1029,9,0.07497166,9
PAT_3415,picture,LM,TA1,\\nasac-m2.unige.ch\m-HumanNeuronLab\ANALYSIS\FLM\Analysis_LoraFanda\01_FBM_Analysis\outputs\04_ersp_LM_RAWONLY\PAT_3415\LM\ERSP_matrix\picture\PAT_3415_picture_WM_ERSP_TA1_TN.npy,0.0237984496124031,0.0054263565891472,True,1030,9,0.108072735,9
PAT_3415,picture,LM,TA2,\\nasac-m2.unige.ch\m-HumanNeuronLab\ANALYSIS\FLM\Analysis_LoraFanda\01_FBM_Analysis\outputs\04_ersp_LM_RAWONLY\PAT_3415\LM\ERSP_matrix\picture\PAT_3415_picture_WM_ERSP_TA2_TN.npy,0.0302325581395348,0.005968992248062,True,1031,9,0.117420115,9
PAT_3415,picture,LM,TA3,\\nasac-m2.unige.ch\m-HumanNeuronLab\ANALYSIS\FLM\Analysis_LoraFanda\01_FBM_Analysis\outputs\04_ersp_LM_RAWONLY\PAT_3415\LM\ERSP_matrix\picture\PAT_3415_picture_WM_ERSP_TA3_TN.npy,0.0327390180878552,0.0030232558139534,True,1032,9,0.107255004,9
PAT_3415,picture,LM,TA4,\\nasac-m2.unige.ch\m-HumanNeuronLab\ANALYSIS\FLM\Analysis_LoraFanda\01_FBM_Analysis\outputs\04_ersp_LM_RAWONLY\PAT_3415\LM\ERSP_matrix\picture\PAT_3415_picture_WM_ERSP_TA4_TN.npy,0.030516795865633,0.0036692506459948,True,1033,9,0.15923269,9
PAT_3415,picture,LM,TA5,\\nasac-m2.unige.ch\m-HumanNeuronLab\ANALYSIS\FLM\Analysis_LoraFanda\01_FBM_Analysis\outputs\04_ersp_LM_RAWONLY\PAT_3415\LM\ERSP_matrix\picture\PAT_3415_picture_WM_ERSP_TA5_TN.npy,0.0283979328165374,0.0052713178294573,True,1034,9,0.16024959,9
PAT_3415,picture,LM,TA6,\\nasac-m2.unige.ch\m-HumanNeuronLab\ANALYSIS\FLM\Analysis_LoraFanda\01_FBM_Analysis\outputs\04_ersp_LM_RAWONLY\PAT_3415\LM\ERSP_matrix\picture\PAT_3415_picture_WM_ERSP_TA6_TN.npy,0.0287338501291989,0.0050387596899224,True,1035,9,0.16256295,9
PAT_3415,picture,LM,TM1,\\nasac-m2.unige.ch\m-HumanNeuronLab\ANALYSIS\FLM\Analysis_LoraFanda\01_FBM_Analysis\outputs\04_ersp_LM_RAWONLY\PAT_3415\LM\ERSP_matrix\picture\PAT_3415_picture_WM_ERSP_TM1_TN.npy,0.0324289405684754,0.0015245478036175,True,1036,9,0.10683385,9
PAT_3415,picture,LM,TM2,\\nasac-m2.unige.ch\m-HumanNeuronLab\ANALYSIS\FLM\Analysis_LoraFanda\01_FBM_Analysis\outputs\04_ersp_LM_RAWONLY\PAT_3415\LM\ERSP_matrix\picture\PAT_3415_picture_WM_ERSP_TM2_TN.npy,0.0298191214470284,0.0016795865633074,True,1037,9,0.0946941,9
PAT_3415,picture,LM,TM3,\\nasac-m2.unige.ch\m-HumanNeuronLab\ANALYSIS\FLM\Analysis_LoraFanda\01_FBM_Analysis\outputs\04_ersp_LM_RAWONLY\PAT_3415\LM\ERSP_matrix\picture\PAT_3415_picture_WM_ERSP_TM3_TN.npy,0.0297932816537467,0.0027131782945736,True,1038,9,0.12887737,9
PAT_3415,picture,LM,TM4,\\nasac-m2.unige.ch\m-HumanNeuronLab\ANALYSIS\FLM\Analysis_LoraFanda\01_FBM_Analysis\outputs\04_ersp_LM_RAWONLY\PAT_3415\LM\ERSP_matrix\picture\PAT_3415_picture_WM_ERSP_TM4_TN.npy,0.0247028423772609,0.0051937984496124,True,1039,9,0.06432146,9
PAT_3415,picture,LM,TM5,\\nasac-m2.unige.ch\m-HumanNeuronLab\ANALYSIS\FLM\Analysis_LoraFanda\01_FBM_Analysis\outputs\04_ersp_LM_RAWONLY\PAT_3415\LM\ERSP_matrix\picture\PAT_3415_picture_WM_ERSP_TM5_TN.npy,0.021937984496124,0.0017054263565891,True,1040,9,0.05545624,9
PAT_3415,picture,LM,TM6,\\nasac-m2.unige.ch\m-HumanNeuronLab\ANALYSIS\FLM\Analysis_LoraFanda\01_FBM_Analysis\outputs\04_ersp_LM_RAWONLY\PAT_3415\LM\ERSP_matrix\picture\PAT_3415_picture_WM_ERSP_TM6_TN.npy,0.0284496124031007,0.0041085271317829,True,1041,9,0.16743374,9
PAT_3415,picture,LM,TP1,\\nasac-m2.unige.ch\m-HumanNeuronLab\ANALYSIS\FLM\Analysis_LoraFanda\01_FBM_Analysis\outputs\04_ersp_LM_RAWONLY\PAT_3415\LM\ERSP_matrix\picture\PAT_3415_picture_WM_ERSP_TP1_TN.npy,0.0334625322997416,0.0026356589147286,True,1042,9,0.034306973,9
PAT_3415,picture,LM,TP2,\\nasac-m2.unige.ch\m-HumanNeuronLab\ANALYSIS\FLM\Analysis_LoraFanda\01_FBM_Analysis\outputs\04_ersp_LM_RAWONLY\PAT_3415\LM\ERSP_matrix\picture\PAT_3415_picture_WM_ERSP_TP2_TN.npy,0.0577002583979328,0.0028682170542635,True,1043,18,0.033041537,18
PAT_3415,picture,LM,TP3,\\nasac-m2.unige.ch\m-HumanNeuronLab\ANALYSIS\FLM\Analysis_LoraFanda\01_FBM_Analysis\outputs\04_ersp_LM_RAWONLY\PAT_3415\LM\ERSP_matrix\picture\PAT_3415_picture_WM_ERSP_TP3_TN.npy,0.0417829457364341,0.0023255813953488,True,1044,3,-0.050844222,3
PAT_3415,picture,LM,TP4,\\nasac-m2.unige.ch\m-HumanNeuronLab\ANALYSIS\FLM\Analysis_LoraFanda\01_FBM_Analysis\outputs\04_ersp_LM_RAWONLY\PAT_3415\LM\ERSP_matrix\picture\PAT_3415_picture_WM_ERSP_TP4_TN.npy,0.0404651162790697,0.0022739018087855,True,1045,9,0.057572033,9
PAT_3415,picture,LM,TP5,\\nasac-m2.unige.ch\m-HumanNeuronLab\ANALYSIS\FLM\Analysis_LoraFanda\01_FBM_Analysis\outputs\04_ersp_LM_RAWONLY\PAT_3415\LM\ERSP_matrix\picture\PAT_3415_picture_WM_ERSP_TP5_TN.npy,0.0341343669250646,0.0024806201550387,True,1046,9,0.11182174,9
PAT_3415,picture,LM,TP6,\\nasac-m2.unige.ch\m-HumanNeuronLab\ANALYSIS\FLM\Analysis_LoraFanda\01_FBM_Analysis\outputs\04_ersp_LM_RAWONLY\PAT_3415\LM\ERSP_matrix\picture\PAT_3415_picture_WM_ERSP_TP6_TN.npy,0.0441085271317829,0.0027390180878552,True,1047,9,0.07574226,9
PAT_3415,reading,LM,GA7,\\nasac-m2.unige.ch\m-HumanNeuronLab\ANALYSIS\FLM\Analysis_LoraFanda\01_FBM_Analysis\outputs\04_ersp_LM_RAWONLY\PAT_3415\LM\ERSP_matrix\reading\PAT_3415_reading_WM_ERSP_GA7_TN.npy,0.0215245478036175,0.0104134366925064,True,1048,17,0.05522269,17
PAT_3415,reading,LM,GB3,\\nasac-m2.unige.ch\m-HumanNeuronLab\ANALYSIS\FLM\Analysis_LoraFanda\01_FBM_Analysis\outputs\04_ersp_LM_RAWONLY\PAT_3415\LM\ERSP_matrix\reading\PAT_3415_reading_WM_ERSP_GB3_TN.npy,0.0723772609819121,0.0009560723514211,True,1049,18,0.05859389,18
PAT_3415,reading,LM,GB4,\\nasac-m2.unige.ch\m-HumanNeuronLab\ANALYSIS\FLM\Analysis_LoraFanda\01_FBM_Analysis\outputs\04_ersp_LM_RAWONLY\PAT_3415\LM\ERSP_matrix\reading\PAT_3415_reading_WM_ERSP_GB4_TN.npy,0.0448062015503875,0.0062273901808785,True,1050,8,-0.06256008,8
PAT_3415,reading,LM,GE2,\\nasac-m2.unige.ch\m-HumanNeuronLab\ANALYSIS\FLM\Analysis_LoraFanda\01_FBM_Analysis\outputs\04_ersp_LM_RAWONLY\PAT_3415\LM\ERSP_matrix\reading\PAT_3415_reading_WM_ERSP_GE2_TN.npy,0.0247286821705426,0.0101291989664082,True,1051,9,0.058660645,9
PAT_3415,reading,LM,GE4,\\nasac-m2.unige.ch\m-HumanNeuronLab\ANALYSIS\FLM\Analysis_LoraFanda\01_FBM_Analysis\outputs\04_ersp_LM_RAWONLY\PAT_3415\LM\ERSP_matrix\reading\PAT_3415_reading_WM_ERSP_GE4_TN.npy,0.0344961240310077,0.0041085271317829,True,1052,9,0.020563304,9
PAT_3415,reading,LM,GH1,\\nasac-m2.unige.ch\m-HumanNeuronLab\ANALYSIS\FLM\Analysis_LoraFanda\01_FBM_Analysis\outputs\04_ersp_LM_RAWONLY\PAT_3415\LM\ERSP_matrix\reading\PAT_3415_reading_WM_ERSP_GH1_TN.npy,0.0148837209302325,0.0515503875968992,True,1053,15,0.009884833,15
PAT_3415,reading,LM,OI1,\\nasac-m2.unige.ch\m-HumanNeuronLab\ANALYSIS\FLM\Analysis_LoraFanda\01_FBM_Analysis\outputs\04_ersp_LM_RAWONLY\PAT_3415\LM\ERSP_matrix\reading\PAT_3415_reading_WM_ERSP_OI1_TN.npy,0.035968992248062,0.0131782945736434,True,1054,6,-0.005864525,6
PAT_3415,reading,LM,OI2,\\nasac-m2.unige.ch\m-HumanNeuronLab\ANALYSIS\FLM\Analysis_LoraFanda\01_FBM_Analysis\outputs\04_ersp_LM_RAWONLY\PAT_3415\LM\ERSP_matrix\reading\PAT_3415_reading_WM_ERSP_OI2_TN.npy,0.0067183462532299,0.0647803617571059,True,1055,15,0.026377792,15
PAT_3415,reading,LM,OI4,\\nasac-m2.unige.ch\m-HumanNeuronLab\ANALYSIS\FLM\Analysis_LoraFanda\01_FBM_Analysis\outputs\04_ersp_LM_RAWONLY\PAT_3415\LM\ERSP_matrix\reading\PAT_3415_reading_WM_ERSP_OI4_TN.npy,0.028656330749354,0.0164341085271317,True,1056,15,-0.04048854,15
PAT_3415,reading,LM,OS1,\\nasac-m2.unige.ch\m-HumanNeuronLab\ANALYSIS\FLM\Analysis_LoraFanda\01_FBM_Analysis\outputs\04_ersp_LM_RAWONLY\PAT_3415\LM\ERSP_matrix\reading\PAT_3415_reading_WM_ERSP_OS1_TN.npy,0.2002067183462532,0.0027390180878552,True,1057,11,0.05031638,11
PAT_3415,reading,LM,OS2,\\nasac-m2.unige.ch\m-HumanNeuronLab\ANALYSIS\FLM\Analysis_LoraFanda\01_FBM_Analysis\outputs\04_ersp_LM_RAWONLY\PAT_3415\LM\ERSP_matrix\reading\PAT_3415_reading_WM_ERSP_OS2_TN.npy,0.0358656330749354,0.0049095607235142,True,1058,3,-0.014977684,3
PAT_3415,reading,LM,OS5,\\nasac-m2.unige.ch\m-HumanNeuronLab\ANALYSIS\FLM\Analysis_LoraFanda\01_FBM_Analysis\outputs\04_ersp_LM_RAWONLY\PAT_3415\LM\ERSP_matrix\reading\PAT_3415_reading_WM_ERSP_OS5_TN.npy,0.0048837209302325,0.0441343669250646,True,1059,15,0.09840719,15
PAT_3415,reading,LM,TA1,\\nasac-m2.unige.ch\m-HumanNeuronLab\ANALYSIS\FLM\Analysis_LoraFanda\01_FBM_Analysis\outputs\04_ersp_LM_RAWONLY\PAT_3415\LM\ERSP_matrix\reading\PAT_3415_reading_WM_ERSP_TA1_TN.npy,0.0050387596899224,0.0559173126614987,True,1060,15,0.07011338,15
PAT_3415,reading,LM,TA2,\\nasac-m2.unige.ch\m-HumanNeuronLab\ANALYSIS\FLM\Analysis_LoraFanda\01_FBM_Analysis\outputs\04_ersp_LM_RAWONLY\PAT_3415\LM\ERSP_matrix\reading\PAT_3415_reading_WM_ERSP_TA2_TN.npy,0.0070025839793281,0.0624806201550387,True,1061,15,0.08538768,15
PAT_3415,reading,LM,TA3,\\nasac-m2.unige.ch\m-HumanNeuronLab\ANALYSIS\FLM\Analysis_LoraFanda\01_FBM_Analysis\outputs\04_ersp_LM_RAWONLY\PAT_3415\LM\ERSP_matrix\reading\PAT_3415_reading_WM_ERSP_TA3_TN.npy,0.0047545219638242,0.0478811369509043,True,1062,15,0.14867657,15
PAT_3415,reading,LM,TA4,\\nasac-m2.unige.ch\m-HumanNeuronLab\ANALYSIS\FLM\Analysis_LoraFanda\01_FBM_Analysis\outputs\04_ersp_LM_RAWONLY\PAT_3415\LM\ERSP_matrix\reading\PAT_3415_reading_WM_ERSP_TA4_TN.npy,0.0052713178294573,0.0665891472868217,True,1063,15,0.17060904,15
PAT_3415,reading,LM,TA5,\\nasac-m2.unige.ch\m-HumanNeuronLab\ANALYSIS\FLM\Analysis_LoraFanda\01_FBM_Analysis\outputs\04_ersp_LM_RAWONLY\PAT_3415\LM\ERSP_matrix\reading\PAT_3415_reading_WM_ERSP_TA5_TN.npy,0.0047803617571059,0.0877260981912144,True,1064,15,0.14992489,15
PAT_3415,reading,LM,TA6,\\nasac-m2.unige.ch\m-HumanNeuronLab\ANALYSIS\FLM\Analysis_LoraFanda\01_FBM_Analysis\outputs\04_ersp_LM_RAWONLY\PAT_3415\LM\ERSP_matrix\reading\PAT_3415_reading_WM_ERSP_TA6_TN.npy,0.0047028423772609,0.0986046511627907,True,1065,15,0.12861562,15
PAT_3415,reading,LM,TM1,\\nasac-m2.unige.ch\m-HumanNeuronLab\ANALYSIS\FLM\Analysis_LoraFanda\01_FBM_Analysis\outputs\04_ersp_LM_RAWONLY\PAT_3415\LM\ERSP_matrix\reading\PAT_3415_reading_WM_ERSP_TM1_TN.npy,0.0050129198966408,0.0624031007751938,True,1066,15,0.12062439,15
PAT_3415,reading,LM,TM2,\\nasac-m2.unige.ch\m-HumanNeuronLab\ANALYSIS\FLM\Analysis_LoraFanda\01_FBM_Analysis\outputs\04_ersp_LM_RAWONLY\PAT_3415\LM\ERSP_matrix\reading\PAT_3415_reading_WM_ERSP_TM2_TN.npy,0.0074160206718346,0.0532299741602067,True,1067,15,0.08380666,15
PAT_3415,reading,LM,TM3,\\nasac-m2.unige.ch\m-HumanNeuronLab\ANALYSIS\FLM\Analysis_LoraFanda\01_FBM_Analysis\outputs\04_ersp_LM_RAWONLY\PAT_3415\LM\ERSP_matrix\reading\PAT_3415_reading_WM_ERSP_TM3_TN.npy,0.0056072351421188,0.0507493540051679,True,1068,15,0.14750536,15
PAT_3415,reading,LM,TM6,\\nasac-m2.unige.ch\m-HumanNeuronLab\ANALYSIS\FLM\Analysis_LoraFanda\01_FBM_Analysis\outputs\04_ersp_LM_RAWONLY\PAT_3415\LM\ERSP_matrix\reading\PAT_3415_reading_WM_ERSP_TM6_TN.npy,0.0048578811369509,0.095891472868217,True,1069,15,0.120875046,15
PAT_3415,reading,LM,TP4,\\nasac-m2.unige.ch\m-HumanNeuronLab\ANALYSIS\FLM\Analysis_LoraFanda\01_FBM_Analysis\outputs\04_ersp_LM_RAWONLY\PAT_3415\LM\ERSP_matrix\reading\PAT_3415_reading_WM_ERSP_TP4_TN.npy,0.0212144702842377,0.0283720930232558,True,1070,1,-0.0089628585,1
PAT_3455,audio,LM,AD5,\\nasac-m2.unige.ch\m-HumanNeuronLab\ANALYSIS\FLM\Analysis_LoraFanda\01_FBM_Analysis\outputs\04_ersp_LM_RAWONLY\PAT_3455\LM\ERSP_matrix\audio\PAT_3455_audio_WM_ERSP_AD5_TN.npy,0.0137984496124031,0.0446770025839793,True,1071,1,0.106190816,1
PAT_3455,audio,LM,AD6,\\nasac-m2.unige.ch\m-HumanNeuronLab\ANALYSIS\FLM\Analysis_LoraFanda\01_FBM_Analysis\outputs\04_ersp_LM_RAWONLY\PAT_3455\LM\ERSP_matrix\audio\PAT_3455_audio_WM_ERSP_AD6_TN.npy,0.0067958656330749,0.0534883720930232,True,1072,1,0.11638608,1
PAT_3455,audio,LM,AD7,\\nasac-m2.unige.ch\m-HumanNeuronLab\ANALYSIS\FLM\Analysis_LoraFanda\01_FBM_Analysis\outputs\04_ersp_LM_RAWONLY\PAT_3455\LM\ERSP_matrix\audio\PAT_3455_audio_WM_ERSP_AD7_TN.npy,0.0042894056847545,0.0472609819121447,True,1073,1,0.13852076,1
PAT_3455,audio,LM,AD8,\\nasac-m2.unige.ch\m-HumanNeuronLab\ANALYSIS\FLM\Analysis_LoraFanda\01_FBM_Analysis\outputs\04_ersp_LM_RAWONLY\PAT_3455\LM\ERSP_matrix\audio\PAT_3455_audio_WM_ERSP_AD8_TN.npy,0.0065374677002583,0.0599483204134366,True,1074,1,0.14819516,1
PAT_3455,audio,LM,HAD10,\\nasac-m2.unige.ch\m-HumanNeuronLab\ANALYSIS\FLM\Analysis_LoraFanda\01_FBM_Analysis\outputs\04_ersp_LM_RAWONLY\PAT_3455\LM\ERSP_matrix\audio\PAT_3455_audio_WM_ERSP_HAD10_TN.npy,0.0066149870801033,0.1558397932816537,True,1075,1,0.009647844,1
PAT_3455,audio,LM,HAD8,\\nasac-m2.unige.ch\m-HumanNeuronLab\ANALYSIS\FLM\Analysis_LoraFanda\01_FBM_Analysis\outputs\04_ersp_LM_RAWONLY\PAT_3455\LM\ERSP_matrix\audio\PAT_3455_audio_WM_ERSP_HAD8_TN.npy,0.0067183462532299,0.0526873385012919,True,1076,1,0.21046843,1
PAT_3455,audio,LM,HAD9,\\nasac-m2.unige.ch\m-HumanNeuronLab\ANALYSIS\FLM\Analysis_LoraFanda\01_FBM_Analysis\outputs\04_ersp_LM_RAWONLY\PAT_3455\LM\ERSP_matrix\audio\PAT_3455_audio_WM_ERSP_HAD9_TN.npy,0.0087338501291989,0.085219638242894,True,1077,1,0.1817723,1
PAT_3455,audio,LM,OTD1,\\nasac-m2.unige.ch\m-HumanNeuronLab\ANALYSIS\FLM\Analysis_LoraFanda\01_FBM_Analysis\outputs\04_ersp_LM_RAWONLY\PAT_3455\LM\ERSP_matrix\audio\PAT_3455_audio_WM_ERSP_OTD1_TN.npy,0.0354521963824289,0.0082945736434108,True,1078,3,0.018064871,3
PAT_3455,audio,LM,OTD2,\\nasac-m2.unige.ch\m-HumanNeuronLab\ANALYSIS\FLM\Analysis_LoraFanda\01_FBM_Analysis\outputs\04_ersp_LM_RAWONLY\PAT_3455\LM\ERSP_matrix\audio\PAT_3455_audio_WM_ERSP_OTD2_TN.npy,0.0528165374677002,0.0087855297157622,True,1079,3,0.007012142,3
PAT_3455,audio,LM,OTD3,\\nasac-m2.unige.ch\m-HumanNeuronLab\ANALYSIS\FLM\Analysis_LoraFanda\01_FBM_Analysis\outputs\04_ersp_LM_RAWONLY\PAT_3455\LM\ERSP_matrix\audio\PAT_3455_audio_WM_ERSP_OTD3_TN.npy,0.0403359173126615,0.0092764857881136,True,1080,3,0.035632595,3
PAT_3455,audio,LM,OTD6,\\nasac-m2.unige.ch\m-HumanNeuronLab\ANALYSIS\FLM\Analysis_LoraFanda\01_FBM_Analysis\outputs\04_ersp_LM_RAWONLY\PAT_3455\LM\ERSP_matrix\audio\PAT_3455_audio_WM_ERSP_OTD6_TN.npy,0.0323514211886304,0.017829457364341,True,1081,3,0.015333157,3
PAT_3455,audio,LM,OTD7,\\nasac-m2.unige.ch\m-HumanNeuronLab\ANALYSIS\FLM\Analysis_LoraFanda\01_FBM_Analysis\outputs\04_ersp_LM_RAWONLY\PAT_3455\LM\ERSP_matrix\audio\PAT_3455_audio_WM_ERSP_OTD7_TN.npy,0.1135400516795865,0.0140568475452196,True,1082,13,-0.028459355,13
PAT_3455,audio,LM,PHD9,\\nasac-m2.unige.ch\m-HumanNeuronLab\ANALYSIS\FLM\Analysis_LoraFanda\01_FBM_Analysis\outputs\04_ersp_LM_RAWONLY\PAT_3455\LM\ERSP_matrix\audio\PAT_3455_audio_WM_ERSP_PHD9_TN.npy,0.0040310077519379,0.0427131782945736,True,1083,1,0.11970493,1
PAT_3455,audio,LM,TOD12,\\nasac-m2.unige.ch\m-HumanNeuronLab\ANALYSIS\FLM\Analysis_LoraFanda\01_FBM_Analysis\outputs\04_ersp_LM_RAWONLY\PAT_3455\LM\ERSP_matrix\audio\PAT_3455_audio_WM_ERSP_TOD12_TN.npy,0.0116537467700258,0.0414987080103359,True,1084,15,0.11449709,15
PAT_3455,audio,LM,TSP2,\\nasac-m2.unige.ch\m-HumanNeuronLab\ANALYSIS\FLM\Analysis_LoraFanda\01_FBM_Analysis\outputs\04_ersp_LM_RAWONLY\PAT_3455\LM\ERSP_matrix\audio\PAT_3455_audio_WM_ERSP_TSP2_TN.npy,0.0205426356589147,0.0217312661498708,True,1085,1,0.08173541,1
PAT_3455,audio,LM,TSP7,\\nasac-m2.unige.ch\m-HumanNeuronLab\ANALYSIS\FLM\Analysis_LoraFanda\01_FBM_Analysis\outputs\04_ersp_LM_RAWONLY\PAT_3455\LM\ERSP_matrix\audio\PAT_3455_audio_WM_ERSP_TSP7_TN.npy,0.0224289405684754,0.0300258397932816,True,1086,1,0.041503683,1
PAT_3455,audio,LM,TSP8,\\nasac-m2.unige.ch\m-HumanNeuronLab\ANALYSIS\FLM\Analysis_LoraFanda\01_FBM_Analysis\outputs\04_ersp_LM_RAWONLY\PAT_3455\LM\ERSP_matrix\audio\PAT_3455_audio_WM_ERSP_TSP8_TN.npy,0.0226356589147286,0.0254005167958656,True,1087,1,0.09229667,1
PAT_3455,picture,LM,AD4,\\nasac-m2.unige.ch\m-HumanNeuronLab\ANALYSIS\FLM\Analysis_LoraFanda\01_FBM_Analysis\outputs\04_ersp_LM_RAWONLY\PAT_3455\LM\ERSP_matrix\picture\PAT_3455_picture_WM_ERSP_AD4_TN.npy,0.0226873385012919,0.0052713178294573,True,1088,9,0.05161406,9
PAT_3455,picture,LM,IMD1,\\nasac-m2.unige.ch\m-HumanNeuronLab\ANALYSIS\FLM\Analysis_LoraFanda\01_FBM_Analysis\outputs\04_ersp_LM_RAWONLY\PAT_3455\LM\ERSP_matrix\picture\PAT_3455_picture_WM_ERSP_IMD1_TN.npy,0.024470284237726,0.0010852713178294,True,1089,3,0.015063233,3
PAT_3455,picture,LM,OTD1,\\nasac-m2.unige.ch\m-HumanNeuronLab\ANALYSIS\FLM\Analysis_LoraFanda\01_FBM_Analysis\outputs\04_ersp_LM_RAWONLY\PAT_3455\LM\ERSP_matrix\picture\PAT_3455_picture_WM_ERSP_OTD1_TN.npy,0.0327390180878552,0.0017571059431524,True,1090,3,-0.009858141,3
PAT_3455,picture,LM,OTD2,\\nasac-m2.unige.ch\m-HumanNeuronLab\ANALYSIS\FLM\Analysis_LoraFanda\01_FBM_Analysis\outputs\04_ersp_LM_RAWONLY\PAT_3455\LM\ERSP_matrix\picture\PAT_3455_picture_WM_ERSP_OTD2_TN.npy,0.0289664082687338,0.0023514211886304,True,1091,3,0.0065522143,3
PAT_3455,picture,LM,OTD3,\\nasac-m2.unige.ch\m-HumanNeuronLab\ANALYSIS\FLM\Analysis_LoraFanda\01_FBM_Analysis\outputs\04_ersp_LM_RAWONLY\PAT_3455\LM\ERSP_matrix\picture\PAT_3455_picture_WM_ERSP_OTD3_TN.npy,0.0212403100775193,0.0034625322997416,True,1092,3,0.050019693,3
PAT_3455,picture,LM,OTD6,\\nasac-m2.unige.ch\m-HumanNeuronLab\ANALYSIS\FLM\Analysis_LoraFanda\01_FBM_Analysis\outputs\04_ersp_LM_RAWONLY\PAT_3455\LM\ERSP_matrix\picture\PAT_3455_picture_WM_ERSP_OTD6_TN.npy,0.0202325581395348,0.0067700258397932,True,1093,3,0.02911514,3
PAT_3455,picture,LM,OTD7,\\nasac-m2.unige.ch\m-HumanNeuronLab\ANALYSIS\FLM\Analysis_LoraFanda\01_FBM_Analysis\outputs\04_ersp_LM_RAWONLY\PAT_3455\LM\ERSP_matrix\picture\PAT_3455_picture_WM_ERSP_OTD7_TN.npy,0.0378552971576227,0.0068992248062015,True,1094,3,0.009599037,3
PAT_3455,picture,LM,PHD1,\\nasac-m2.unige.ch\m-HumanNeuronLab\ANALYSIS\FLM\Analysis_LoraFanda\01_FBM_Analysis\outputs\04_ersp_LM_RAWONLY\PAT_3455\LM\ERSP_matrix\picture\PAT_3455_picture_WM_ERSP_PHD1_TN.npy,0.0281136950904392,0.0050645994832041,True,1095,7,0.07098681,7
PAT_3455,picture,LM,PHD2,\\nasac-m2.unige.ch\m-HumanNeuronLab\ANALYSIS\FLM\Analysis_LoraFanda\01_FBM_Analysis\outputs\04_ersp_LM_RAWONLY\PAT_3455\LM\ERSP_matrix\picture\PAT_3455_picture_WM_ERSP_PHD2_TN.npy,0.0276744186046511,0.0070542635658914,True,1096,7,0.10435047,7
PAT_3455,picture,LM,TOD11,\\nasac-m2.unige.ch\m-HumanNeuronLab\ANALYSIS\FLM\Analysis_LoraFanda\01_FBM_Analysis\outputs\04_ersp_LM_RAWONLY\PAT_3455\LM\ERSP_matrix\picture\PAT_3455_picture_WM_ERSP_TOD11_TN.npy,0.0211627906976744,0.0037209302325581,True,1097,5,0.0013952757,5
PAT_3455,picture,LM,TOD12,\\nasac-m2.unige.ch\m-HumanNeuronLab\ANALYSIS\FLM\Analysis_LoraFanda\01_FBM_Analysis\outputs\04_ersp_LM_RAWONLY\PAT_3455\LM\ERSP_matrix\picture\PAT_3455_picture_WM_ERSP_TOD12_TN.npy,0.0361498708010335,0.0067441860465116,True,1098,5,0.025966028,5
PAT_3455,picture,LM,TOD7,\\nasac-m2.unige.ch\m-HumanNeuronLab\ANALYSIS\FLM\Analysis_LoraFanda\01_FBM_Analysis\outputs\04_ersp_LM_RAWONLY\PAT_3455\LM\ERSP_matrix\picture\PAT_3455_picture_WM_ERSP_TOD7_TN.npy,0.0237467700258397,0.00656330749354,True,1099,5,0.015379014,5
PAT_3455,picture,LM,TSP1,\\nasac-m2.unige.ch\m-HumanNeuronLab\ANALYSIS\FLM\Analysis_LoraFanda\01_FBM_Analysis\outputs\04_ersp_LM_RAWONLY\PAT_3455\LM\ERSP_matrix\picture\PAT_3455_picture_WM_ERSP_TSP1_TN.npy,0.021860465116279,0.005219638242894,True,1100,17,-0.0068851383,17
PAT_3455,picture,LM,TSP7,\\nasac-m2.unige.ch\m-HumanNeuronLab\ANALYSIS\FLM\Analysis_LoraFanda\01_FBM_Analysis\outputs\04_ersp_LM_RAWONLY\PAT_3455\LM\ERSP_matrix\picture\PAT_3455_picture_WM_ERSP_TSP7_TN.npy,0.0208268733850129,0.0104909560723514,True,1101,9,0.04664181,9
PAT_3455,picture,LM,TSP8,\\nasac-m2.unige.ch\m-HumanNeuronLab\ANALYSIS\FLM\Analysis_LoraFanda\01_FBM_Analysis\outputs\04_ersp_LM_RAWONLY\PAT_3455\LM\ERSP_matrix\picture\PAT_3455_picture_WM_ERSP_TSP8_TN.npy,0.0227906976744186,0.0096124031007751,True,1102,9,0.06689433,9
PAT_3455,reading,LM,AD3,\\nasac-m2.unige.ch\m-HumanNeuronLab\ANALYSIS\FLM\Analysis_LoraFanda\01_FBM_Analysis\outputs\04_ersp_LM_RAWONLY\PAT_3455\LM\ERSP_matrix\reading\PAT_3455_reading_WM_ERSP_AD3_TN.npy,0.0118863049095607,0.0446511627906976,True,1103,1,0.11135539,1
PAT_3455,reading,LM,AD4,\\nasac-m2.unige.ch\m-HumanNeuronLab\ANALYSIS\FLM\Analysis_LoraFanda\01_FBM_Analysis\outputs\04_ersp_LM_RAWONLY\PAT_3455\LM\ERSP_matrix\reading\PAT_3455_reading_WM_ERSP_AD4_TN.npy,0.0117571059431524,0.0681136950904392,True,1104,1,0.12522402,1
PAT_3455,reading,LM,AD5,\\nasac-m2.unige.ch\m-HumanNeuronLab\ANALYSIS\FLM\Analysis_LoraFanda\01_FBM_Analysis\outputs\04_ersp_LM_RAWONLY\PAT_3455\LM\ERSP_matrix\reading\PAT_3455_reading_WM_ERSP_AD5_TN.npy,0.0097416020671834,0.0801033591731266,True,1105,1,0.12538058,1
PAT_3455,reading,LM,AD6,\\nasac-m2.unige.ch\m-HumanNeuronLab\ANALYSIS\FLM\Analysis_LoraFanda\01_FBM_Analysis\outputs\04_ersp_LM_RAWONLY\PAT_3455\LM\ERSP_matrix\reading\PAT_3455_reading_WM_ERSP_AD6_TN.npy,0.0059431524547803,0.0791472868217054,True,1106,1,0.16420722,1
PAT_3455,reading,LM,AD7,\\nasac-m2.unige.ch\m-HumanNeuronLab\ANALYSIS\FLM\Analysis_LoraFanda\01_FBM_Analysis\outputs\04_ersp_LM_RAWONLY\PAT_3455\LM\ERSP_matrix\reading\PAT_3455_reading_WM_ERSP_AD7_TN.npy,0.0031007751937984,0.0869509043927648,True,1107,1,0.17493115,1
PAT_3455,reading,LM,AD8,\\nasac-m2.unige.ch\m-HumanNeuronLab\ANALYSIS\FLM\Analysis_LoraFanda\01_FBM_Analysis\outputs\04_ersp_LM_RAWONLY\PAT_3455\LM\ERSP_matrix\reading\PAT_3455_reading_WM_ERSP_AD8_TN.npy,0.0031782945736434,0.0958656330749354,True,1108,1,0.119376585,1
PAT_3455,reading,LM,HAD10,\\nasac-m2.unige.ch\m-HumanNeuronLab\ANALYSIS\FLM\Analysis_LoraFanda\01_FBM_Analysis\outputs\04_ersp_LM_RAWONLY\PAT_3455\LM\ERSP_matrix\reading\PAT_3455_reading_WM_ERSP_HAD10_TN.npy,0.002609819121447,0.1899483204134367,True,1109,4,0.040003907,4
PAT_3455,reading,LM,HAD3,\\nasac-m2.unige.ch\m-HumanNeuronLab\ANALYSIS\FLM\Analysis_LoraFanda\01_FBM_Analysis\outputs\04_ersp_LM_RAWONLY\PAT_3455\LM\ERSP_matrix\reading\PAT_3455_reading_WM_ERSP_HAD3_TN.npy,0.0043669250645994,0.0481653746770025,True,1110,15,-0.012589961,15
PAT_3455,reading,LM,HAD4,\\nasac-m2.unige.ch\m-HumanNeuronLab\ANALYSIS\FLM\Analysis_LoraFanda\01_FBM_Analysis\outputs\04_ersp_LM_RAWONLY\PAT_3455\LM\ERSP_matrix\reading\PAT_3455_reading_WM_ERSP_HAD4_TN.npy,0.0083979328165374,0.0582170542635658,True,1111,1,0.089508414,1
PAT_3455,reading,LM,HAD5,\\nasac-m2.unige.ch\m-HumanNeuronLab\ANALYSIS\FLM\Analysis_LoraFanda\01_FBM_Analysis\outputs\04_ersp_LM_RAWONLY\PAT_3455\LM\ERSP_matrix\reading\PAT_3455_reading_WM_ERSP_HAD5_TN.npy,0.0078811369509043,0.0511111111111111,True,1112,1,0.090904884,1
PAT_3455,reading,LM,HAD6,\\nasac-m2.unige.ch\m-HumanNeuronLab\ANALYSIS\FLM\Analysis_LoraFanda\01_FBM_Analysis\outputs\04_ersp_LM_RAWONLY\PAT_3455\LM\ERSP_matrix\reading\PAT_3455_reading_WM_ERSP_HAD6_TN.npy,0.0062532299741602,0.0612144702842377,True,1113,1,0.06817165,1
PAT_3455,reading,LM,HAD7,\\nasac-m2.unige.ch\m-HumanNeuronLab\ANALYSIS\FLM\Analysis_LoraFanda\01_FBM_Analysis\outputs\04_ersp_LM_RAWONLY\PAT_3455\LM\ERSP_matrix\reading\PAT_3455_reading_WM_ERSP_HAD7_TN.npy,0.002532299741602,0.0516279069767441,True,1114,15,-0.014890436,15
PAT_3455,reading,LM,HAD8,\\nasac-m2.unige.ch\m-HumanNeuronLab\ANALYSIS\FLM\Analysis_LoraFanda\01_FBM_Analysis\outputs\04_ersp_LM_RAWONLY\PAT_3455\LM\ERSP_matrix\reading\PAT_3455_reading_WM_ERSP_HAD8_TN.npy,0.0020155038759689,0.0717312661498708,True,1115,15,-0.017085485,15
PAT_3455,reading,LM,HAD9,\\nasac-m2.unige.ch\m-HumanNeuronLab\ANALYSIS\FLM\Analysis_LoraFanda\01_FBM_Analysis\outputs\04_ersp_LM_RAWONLY\PAT_3455\LM\ERSP_matrix\reading\PAT_3455_reading_WM_ERSP_HAD9_TN.npy,0.0019121447028423,0.0984237726098191,True,1116,15,0.02764071,15
PAT_3455,reading,LM,HPD10,\\nasac-m2.unige.ch\m-HumanNeuronLab\ANALYSIS\FLM\Analysis_LoraFanda\01_FBM_Analysis\outputs\04_ersp_LM_RAWONLY\PAT_3455\LM\ERSP_matrix\reading\PAT_3455_reading_WM_ERSP_HPD10_TN.npy,0.0024289405684754,0.051266149870801,True,1117,15,0.07314165,15
PAT_3455,reading,LM,HPD3,\\nasac-m2.unige.ch\m-HumanNeuronLab\ANALYSIS\FLM\Analysis_LoraFanda\01_FBM_Analysis\outputs\04_ersp_LM_RAWONLY\PAT_3455\LM\ERSP_matrix\reading\PAT_3455_reading_WM_ERSP_HPD3_TN.npy,0.0071317829457364,0.0452454780361757,True,1118,1,0.052741487,1
PAT_3455,reading,LM,HPD4,\\nasac-m2.unige.ch\m-HumanNeuronLab\ANALYSIS\FLM\Analysis_LoraFanda\01_FBM_Analysis\outputs\04_ersp_LM_RAWONLY\PAT_3455\LM\ERSP_matrix\reading\PAT_3455_reading_WM_ERSP_HPD4_TN.npy,0.0044186046511627,0.0480361757105943,True,1119,15,0.08623922,15
PAT_3455,reading,LM,HPD6,\\nasac-m2.unige.ch\m-HumanNeuronLab\ANALYSIS\FLM\Analysis_LoraFanda\01_FBM_Analysis\outputs\04_ersp_LM_RAWONLY\PAT_3455\LM\ERSP_matrix\reading\PAT_3455_reading_WM_ERSP_HPD6_TN.npy,0.0026873385012919,0.0490697674418604,True,1120,15,0.16589332,15
PAT_3455,reading,LM,HPD8,\\nasac-m2.unige.ch\m-HumanNeuronLab\ANALYSIS\FLM\Analysis_LoraFanda\01_FBM_Analysis\outputs\04_ersp_LM_RAWONLY\PAT_3455\LM\ERSP_matrix\reading\PAT_3455_reading_WM_ERSP_HPD8_TN.npy,0.0011369509043927,0.04656330749354,True,1121,15,0.1439987,15
PAT_3455,reading,LM,HPD9,\\nasac-m2.unige.ch\m-HumanNeuronLab\ANALYSIS\FLM\Analysis_LoraFanda\01_FBM_Analysis\outputs\04_ersp_LM_RAWONLY\PAT_3455\LM\ERSP_matrix\reading\PAT_3455_reading_WM_ERSP_HPD9_TN.npy,0.0012403100775193,0.0482170542635658,True,1122,15,0.1288853,15
PAT_3455,reading,LM,IPD10,\\nasac-m2.unige.ch\m-HumanNeuronLab\ANALYSIS\FLM\Analysis_LoraFanda\01_FBM_Analysis\outputs\04_ersp_LM_RAWONLY\PAT_3455\LM\ERSP_matrix\reading\PAT_3455_reading_WM_ERSP_IPD10_TN.npy,0.0325581395348837,0.004625322997416,True,1123,14,-0.040241387,14
PAT_3455,reading,LM,OTD1,\\nasac-m2.unige.ch\m-HumanNeuronLab\ANALYSIS\FLM\Analysis_LoraFanda\01_FBM_Analysis\outputs\04_ersp_LM_RAWONLY\PAT_3455\LM\ERSP_matrix\reading\PAT_3455_reading_WM_ERSP_OTD1_TN.npy,0.0257622739018087,0.0160206718346253,True,1124,15,0.034253784,15
PAT_3455,reading,LM,OTD2,\\nasac-m2.unige.ch\m-HumanNeuronLab\ANALYSIS\FLM\Analysis_LoraFanda\01_FBM_Analysis\outputs\04_ersp_LM_RAWONLY\PAT_3455\LM\ERSP_matrix\reading\PAT_3455_reading_WM_ERSP_OTD2_TN.npy,0.0233850129198966,0.0187855297157622,True,1125,15,0.05543434,15
PAT_3455,reading,LM,PHD10,\\nasac-m2.unige.ch\m-HumanNeuronLab\ANALYSIS\FLM\Analysis_LoraFanda\01_FBM_Analysis\outputs\04_ersp_LM_RAWONLY\PAT_3455\LM\ERSP_matrix\reading\PAT_3455_reading_WM_ERSP_PHD10_TN.npy,0.0020930232558139,0.0544444444444444,True,1126,15,0.1851737,15
PAT_3455,reading,LM,PHD3,\\nasac-m2.unige.ch\m-HumanNeuronLab\ANALYSIS\FLM\Analysis_LoraFanda\01_FBM_Analysis\outputs\04_ersp_LM_RAWONLY\PAT_3455\LM\ERSP_matrix\reading\PAT_3455_reading_WM_ERSP_PHD3_TN.npy,0.003875968992248,0.0404651162790697,True,1127,15,0.1328532,15
PAT_3455,reading,LM,PHD7,\\nasac-m2.unige.ch\m-HumanNeuronLab\ANALYSIS\FLM\Analysis_LoraFanda\01_FBM_Analysis\outputs\04_ersp_LM_RAWONLY\PAT_3455\LM\ERSP_matrix\reading\PAT_3455_reading_WM_ERSP_PHD7_TN.npy,0.004470284237726,0.050594315245478,True,1128,15,0.17994557,15
PAT_3455,reading,LM,PHD8,\\nasac-m2.unige.ch\m-HumanNeuronLab\ANALYSIS\FLM\Analysis_LoraFanda\01_FBM_Analysis\outputs\04_ersp_LM_RAWONLY\PAT_3455\LM\ERSP_matrix\reading\PAT_3455_reading_WM_ERSP_PHD8_TN.npy,0.0023514211886304,0.0554005167958656,True,1129,15,0.19609952,15
PAT_3455,reading,LM,PHD9,\\nasac-m2.unige.ch\m-HumanNeuronLab\ANALYSIS\FLM\Analysis_LoraFanda\01_FBM_Analysis\outputs\04_ersp_LM_RAWONLY\PAT_3455\LM\ERSP_matrix\reading\PAT_3455_reading_WM_ERSP_PHD9_TN.npy,0.0021447028423772,0.0664082687338501,True,1130,15,0.19137202,15
PAT_3455,reading,LM,TOD12,\\nasac-m2.unige.ch\m-HumanNeuronLab\ANALYSIS\FLM\Analysis_LoraFanda\01_FBM_Analysis\outputs\04_ersp_LM_RAWONLY\PAT_3455\LM\ERSP_matrix\reading\PAT_3455_reading_WM_ERSP_TOD12_TN.npy,0.0096640826873385,0.0421963824289405,True,1131,15,0.14191188,15
PAT_3455,reading,LM,TOD2,\\nasac-m2.unige.ch\m-HumanNeuronLab\ANALYSIS\FLM\Analysis_LoraFanda\01_FBM_Analysis\outputs\04_ersp_LM_RAWONLY\PAT_3455\LM\ERSP_matrix\reading\PAT_3455_reading_WM_ERSP_TOD2_TN.npy,0.0063565891472868,0.0419896640826873,True,1132,15,0.006651563,15
PAT_3455,reading,LM,TOD4,\\nasac-m2.unige.ch\m-HumanNeuronLab\ANALYSIS\FLM\Analysis_LoraFanda\01_FBM_Analysis\outputs\04_ersp_LM_RAWONLY\PAT_3455\LM\ERSP_matrix\reading\PAT_3455_reading_WM_ERSP_TOD4_TN.npy,0.0060465116279069,0.0482170542635658,True,1133,15,0.11471426,15
PAT_3455,reading,LM,TSP1,\\nasac-m2.unige.ch\m-HumanNeuronLab\ANALYSIS\FLM\Analysis_LoraFanda\01_FBM_Analysis\outputs\04_ersp_LM_RAWONLY\PAT_3455\LM\ERSP_matrix\reading\PAT_3455_reading_WM_ERSP_TSP1_TN.npy,0.0121447028423772,0.0410594315245478,True,1134,15,0.050452627,15
PAT_3455,reading,LM,TSP7,\\nasac-m2.unige.ch\m-HumanNeuronLab\ANALYSIS\FLM\Analysis_LoraFanda\01_FBM_Analysis\outputs\04_ersp_LM_RAWONLY\PAT_3455\LM\ERSP_matrix\reading\PAT_3455_reading_WM_ERSP_TSP7_TN.npy,0.00656330749354,0.0511111111111111,True,1135,15,0.14171326,15
PAT_3455,reading,LM,TSP8,\\nasac-m2.unige.ch\m-HumanNeuronLab\ANALYSIS\FLM\Analysis_LoraFanda\01_FBM_Analysis\outputs\04_ersp_LM_RAWONLY\PAT_3455\LM\ERSP_matrix\reading\PAT_3455_reading_WM_ERSP_TSP8_TN.npy,0.0063307493540051,0.0450129198966408,True,1136,15,0.1373311,15
PAT_3780,reading,LM,FAP10,\\nasac-m2.unige.ch\m-HumanNeuronLab\ANALYSIS\FLM\Analysis_LoraFanda\01_FBM_Analysis\outputs\04_ersp_LM_RAWONLY\PAT_3780\LM\ERSP_matrix\reading\PAT_3780_reading_WM_ERSP_FAP10_TN.npy,0.0390956072351421,0.0001550387596899,True,1137,18,0.10058302,18
PAT_3780,reading,LM,FAP1,\\nasac-m2.unige.ch\m-HumanNeuronLab\ANALYSIS\FLM\Analysis_LoraFanda\01_FBM_Analysis\outputs\04_ersp_LM_RAWONLY\PAT_3780\LM\ERSP_matrix\reading\PAT_3780_reading_WM_ERSP_FAP1_TN.npy,0.0263565891472868,0.0003617571059431,True,1138,18,0.18235618,18
PAT_3780,reading,LM,FAP2,\\nasac-m2.unige.ch\m-HumanNeuronLab\ANALYSIS\FLM\Analysis_LoraFanda\01_FBM_Analysis\outputs\04_ersp_LM_RAWONLY\PAT_3780\LM\ERSP_matrix\reading\PAT_3780_reading_WM_ERSP_FAP2_TN.npy,0.0415762273901808,0.0001808785529715,True,1139,18,0.19138229,18
PAT_3780,reading,LM,FAP3,\\nasac-m2.unige.ch\m-HumanNeuronLab\ANALYSIS\FLM\Analysis_LoraFanda\01_FBM_Analysis\outputs\04_ersp_LM_RAWONLY\PAT_3780\LM\ERSP_matrix\reading\PAT_3780_reading_WM_ERSP_FAP3_TN.npy,0.0330749354005167,0.0010077519379844,True,1140,18,0.1418131,18
PAT_3780,reading,LM,FAP4,\\nasac-m2.unige.ch\m-HumanNeuronLab\ANALYSIS\FLM\Analysis_LoraFanda\01_FBM_Analysis\outputs\04_ersp_LM_RAWONLY\PAT_3780\LM\ERSP_matrix\reading\PAT_3780_reading_WM_ERSP_FAP4_TN.npy,0.0317571059431524,0.0003875968992248,True,1141,18,0.18108217,18
PAT_3780,reading,LM,FAP5,\\nasac-m2.unige.ch\m-HumanNeuronLab\ANALYSIS\FLM\Analysis_LoraFanda\01_FBM_Analysis\outputs\04_ersp_LM_RAWONLY\PAT_3780\LM\ERSP_matrix\reading\PAT_3780_reading_WM_ERSP_FAP5_TN.npy,0.0323514211886304,0.0002842377260981,True,1142,18,0.11595561,18
PAT_3780,reading,LM,FAP7,\\nasac-m2.unige.ch\m-HumanNeuronLab\ANALYSIS\FLM\Analysis_LoraFanda\01_FBM_Analysis\outputs\04_ersp_LM_RAWONLY\PAT_3780\LM\ERSP_matrix\reading\PAT_3780_reading_WM_ERSP_FAP7_TN.npy,0.0259173126614987,0.0004134366925064,True,1143,18,0.14522955,18
PAT_3780,reading,LM,FAP8,\\nasac-m2.unige.ch\m-HumanNeuronLab\ANALYSIS\FLM\Analysis_LoraFanda\01_FBM_Analysis\outputs\04_ersp_LM_RAWONLY\PAT_3780\LM\ERSP_matrix\reading\PAT_3780_reading_WM_ERSP_FAP8_TN.npy,0.0268992248062015,0.0010335917312661,True,1144,18,0.16097875,18
PAT_3780,reading,LM,FLA10,\\nasac-m2.unige.ch\m-HumanNeuronLab\ANALYSIS\FLM\Analysis_LoraFanda\01_FBM_Analysis\outputs\04_ersp_LM_RAWONLY\PAT_3780\LM\ERSP_matrix\reading\PAT_3780_reading_WM_ERSP_FLA10_TN.npy,0.1614987080103359,0.0001033591731266,True,1145,18,0.1886224,18
PAT_3780,reading,LM,FLA1,\\nasac-m2.unige.ch\m-HumanNeuronLab\ANALYSIS\FLM\Analysis_LoraFanda\01_FBM_Analysis\outputs\04_ersp_LM_RAWONLY\PAT_3780\LM\ERSP_matrix\reading\PAT_3780_reading_WM_ERSP_FLA1_TN.npy,0.0275452196382428,0.0002842377260981,True,1146,18,0.170548,18
PAT_3780,reading,LM,FLA2,\\nasac-m2.unige.ch\m-HumanNeuronLab\ANALYSIS\FLM\Analysis_LoraFanda\01_FBM_Analysis\outputs\04_ersp_LM_RAWONLY\PAT_3780\LM\ERSP_matrix\reading\PAT_3780_reading_WM_ERSP_FLA2_TN.npy,0.0270025839793281,0.0001808785529715,True,1147,18,0.1659177,18
PAT_3780,reading,LM,FLA5,\\nasac-m2.unige.ch\m-HumanNeuronLab\ANALYSIS\FLM\Analysis_LoraFanda\01_FBM_Analysis\outputs\04_ersp_LM_RAWONLY\PAT_3780\LM\ERSP_matrix\reading\PAT_3780_reading_WM_ERSP_FLA5_TN.npy,0.0251162790697674,0.0002325581395348,True,1148,18,0.04534142,18
PAT_3780,reading,LM,FLA6,\\nasac-m2.unige.ch\m-HumanNeuronLab\ANALYSIS\FLM\Analysis_LoraFanda\01_FBM_Analysis\outputs\04_ersp_LM_RAWONLY\PAT_3780\LM\ERSP_matrix\reading\PAT_3780_reading_WM_ERSP_FLA6_TN.npy,0.0460206718346253,0.0002067183462532,True,1149,18,0.12661718,18
PAT_3780,reading,LM,FLA7,\\nasac-m2.unige.ch\m-HumanNeuronLab\ANALYSIS\FLM\Analysis_LoraFanda\01_FBM_Analysis\outputs\04_ersp_LM_RAWONLY\PAT_3780\LM\ERSP_matrix\reading\PAT_3780_reading_WM_ERSP_FLA7_TN.npy,0.0407751937984496,0.0001808785529715,True,1150,18,0.11722656,18
PAT_3780,reading,LM,FLA8,\\nasac-m2.unige.ch\m-HumanNeuronLab\ANALYSIS\FLM\Analysis_LoraFanda\01_FBM_Analysis\outputs\04_ersp_LM_RAWONLY\PAT_3780\LM\ERSP_matrix\reading\PAT_3780_reading_WM_ERSP_FLA8_TN.npy,0.0710852713178294,0.0002067183462532,True,1151,18,0.11693706,18
PAT_3780,reading,LM,FLA9,\\nasac-m2.unige.ch\m-HumanNeuronLab\ANALYSIS\FLM\Analysis_LoraFanda\01_FBM_Analysis\outputs\04_ersp_LM_RAWONLY\PAT_3780\LM\ERSP_matrix\reading\PAT_3780_reading_WM_ERSP_FLA9_TN.npy,0.1070025839793281,0.0001033591731266,True,1152,18,0.13497403,18
PAT_3780,reading,LM,FLP10,\\nasac-m2.unige.ch\m-HumanNeuronLab\ANALYSIS\FLM\Analysis_LoraFanda\01_FBM_Analysis\outputs\04_ersp_LM_RAWONLY\PAT_3780\LM\ERSP_matrix\reading\PAT_3780_reading_WM_ERSP_FLP10_TN.npy,0.0861240310077519,0.0004651162790697,True,1153,18,0.17316361,18
PAT_3780,reading,LM,FLP2,\\nasac-m2.unige.ch\m-HumanNeuronLab\ANALYSIS\FLM\Analysis_LoraFanda\01_FBM_Analysis\outputs\04_ersp_LM_RAWONLY\PAT_3780\LM\ERSP_matrix\reading\PAT_3780_reading_WM_ERSP_FLP2_TN.npy,0.0205426356589147,0.0001033591731266,True,1154,3,-0.035072915,3
PAT_3780,reading,LM,FLP3,\\nasac-m2.unige.ch\m-HumanNeuronLab\ANALYSIS\FLM\Analysis_LoraFanda\01_FBM_Analysis\outputs\04_ersp_LM_RAWONLY\PAT_3780\LM\ERSP_matrix\reading\PAT_3780_reading_WM_ERSP_FLP3_TN.npy,0.0223514211886304,0.0004392764857881,True,1155,18,0.1298746,18
PAT_3780,reading,LM,FLP4,\\nasac-m2.unige.ch\m-HumanNeuronLab\ANALYSIS\FLM\Analysis_LoraFanda\01_FBM_Analysis\outputs\04_ersp_LM_RAWONLY\PAT_3780\LM\ERSP_matrix\reading\PAT_3780_reading_WM_ERSP_FLP4_TN.npy,0.0325581395348837,0.0003875968992248,True,1156,18,0.16127613,18
PAT_3780,reading,LM,FLP5,\\nasac-m2.unige.ch\m-HumanNeuronLab\ANALYSIS\FLM\Analysis_LoraFanda\01_FBM_Analysis\outputs\04_ersp_LM_RAWONLY\PAT_3780\LM\ERSP_matrix\reading\PAT_3780_reading_WM_ERSP_FLP5_TN.npy,0.0407751937984496,0.0005684754521963,True,1157,18,0.17627275,18
PAT_3780,reading,LM,FLP7,\\nasac-m2.unige.ch\m-HumanNeuronLab\ANALYSIS\FLM\Analysis_LoraFanda\01_FBM_Analysis\outputs\04_ersp_LM_RAWONLY\PAT_3780\LM\ERSP_matrix\reading\PAT_3780_reading_WM_ERSP_FLP7_TN.npy,0.0568992248062015,0.0004134366925064,True,1158,18,0.17555365,18
PAT_3780,reading,LM,FLP8,\\nasac-m2.unige.ch\m-HumanNeuronLab\ANALYSIS\FLM\Analysis_LoraFanda\01_FBM_Analysis\outputs\04_ersp_LM_RAWONLY\PAT_3780\LM\ERSP_matrix\reading\PAT_3780_reading_WM_ERSP_FLP8_TN.npy,0.0720930232558139,0.0003875968992248,True,1159,18,0.16368523,18
PAT_3780,reading,LM,FLP9,\\nasac-m2.unige.ch\m-HumanNeuronLab\ANALYSIS\FLM\Analysis_LoraFanda\01_FBM_Analysis\outputs\04_ersp_LM_RAWONLY\PAT_3780\LM\ERSP_matrix\reading\PAT_3780_reading_WM_ERSP_FLP9_TN.npy,0.0732299741602067,0.0004651162790697,True,1160,18,0.17697613,18
PAT_3780,reading,LM,FMP11,\\nasac-m2.unige.ch\m-HumanNeuronLab\ANALYSIS\FLM\Analysis_LoraFanda\01_FBM_Analysis\outputs\04_ersp_LM_RAWONLY\PAT_3780\LM\ERSP_matrix\reading\PAT_3780_reading_WM_ERSP_FMP11_TN.npy,0.0227906976744186,0.0003359173126614,True,1161,18,0.030772703,18
PAT_3780,reading,LM,FMP12,\\nasac-m2.unige.ch\m-HumanNeuronLab\ANALYSIS\FLM\Analysis_LoraFanda\01_FBM_Analysis\outputs\04_ersp_LM_RAWONLY\PAT_3780\LM\ERSP_matrix\reading\PAT_3780_reading_WM_ERSP_FMP12_TN.npy,0.0221188630490956,0.0001550387596899,True,1162,18,0.050789364,18
PAT_3780,reading,LM,FMP1,\\nasac-m2.unige.ch\m-HumanNeuronLab\ANALYSIS\FLM\Analysis_LoraFanda\01_FBM_Analysis\outputs\04_ersp_LM_RAWONLY\PAT_3780\LM\ERSP_matrix\reading\PAT_3780_reading_WM_ERSP_FMP1_TN.npy,0.0287855297157622,0.0001550387596899,True,1163,18,0.12647022,18
PAT_3780,reading,LM,FMP2,\\nasac-m2.unige.ch\m-HumanNeuronLab\ANALYSIS\FLM\Analysis_LoraFanda\01_FBM_Analysis\outputs\04_ersp_LM_RAWONLY\PAT_3780\LM\ERSP_matrix\reading\PAT_3780_reading_WM_ERSP_FMP2_TN.npy,0.0210852713178294,0.0002583979328165,True,1164,18,0.115445025,18
PAT_3780,reading,LM,FMP7,\\nasac-m2.unige.ch\m-HumanNeuronLab\ANALYSIS\FLM\Analysis_LoraFanda\01_FBM_Analysis\outputs\04_ersp_LM_RAWONLY\PAT_3780\LM\ERSP_matrix\reading\PAT_3780_reading_WM_ERSP_FMP7_TN.npy,0.0267441860465116,0.0002325581395348,True,1165,18,0.13728859,18
PAT_3780,reading,LM,FMP9,\\nasac-m2.unige.ch\m-HumanNeuronLab\ANALYSIS\FLM\Analysis_LoraFanda\01_FBM_Analysis\outputs\04_ersp_LM_RAWONLY\PAT_3780\LM\ERSP_matrix\reading\PAT_3780_reading_WM_ERSP_FMP9_TN.npy,0.0226614987080103,7.751937984496124e-05,True,1166,18,0.09277558,18
PAT_3780,reading,LM,FSS10,\\nasac-m2.unige.ch\m-HumanNeuronLab\ANALYSIS\FLM\Analysis_LoraFanda\01_FBM_Analysis\outputs\04_ersp_LM_RAWONLY\PAT_3780\LM\ERSP_matrix\reading\PAT_3780_reading_WM_ERSP_FSS10_TN.npy,0.0340310077519379,0.0005426356589147,True,1167,18,0.035372566,18
PAT_3780,reading,LM,FSS7,\\nasac-m2.unige.ch\m-HumanNeuronLab\ANALYSIS\FLM\Analysis_LoraFanda\01_FBM_Analysis\outputs\04_ersp_LM_RAWONLY\PAT_3780\LM\ERSP_matrix\reading\PAT_3780_reading_WM_ERSP_FSS7_TN.npy,0.021937984496124,0.000594315245478,True,1168,18,-0.0017870133,18
PAT_3780,reading,LM,FSS8,\\nasac-m2.unige.ch\m-HumanNeuronLab\ANALYSIS\FLM\Analysis_LoraFanda\01_FBM_Analysis\outputs\04_ersp_LM_RAWONLY\PAT_3780\LM\ERSP_matrix\reading\PAT_3780_reading_WM_ERSP_FSS8_TN.npy,0.0240051679586563,0.0002067183462532,True,1169,18,-0.019407555,18
PAT_3780,reading,LM,FSS9,\\nasac-m2.unige.ch\m-HumanNeuronLab\ANALYSIS\FLM\Analysis_LoraFanda\01_FBM_Analysis\outputs\04_ersp_LM_RAWONLY\PAT_3780\LM\ERSP_matrix\reading\PAT_3780_reading_WM_ERSP_FSS9_TN.npy,0.02,0.0004134366925064,True,1170,18,0.0053546685,18
PAT_3780,reading,LM,HAG3,\\nasac-m2.unige.ch\m-HumanNeuronLab\ANALYSIS\FLM\Analysis_LoraFanda\01_FBM_Analysis\outputs\04_ersp_LM_RAWONLY\PAT_3780\LM\ERSP_matrix\reading\PAT_3780_reading_WM_ERSP_HAG3_TN.npy,0.0241602067183462,0.0003617571059431,True,1171,18,0.067533635,18
PAT_3780,reading,LM,TPG10,\\nasac-m2.unige.ch\m-HumanNeuronLab\ANALYSIS\FLM\Analysis_LoraFanda\01_FBM_Analysis\outputs\04_ersp_LM_RAWONLY\PAT_3780\LM\ERSP_matrix\reading\PAT_3780_reading_WM_ERSP_TPG10_TN.npy,0.0499741602067183,0.0002325581395348,True,1172,18,0.1904586,18
PAT_3780,reading,LM,TPG1,\\nasac-m2.unige.ch\m-HumanNeuronLab\ANALYSIS\FLM\Analysis_LoraFanda\01_FBM_Analysis\outputs\04_ersp_LM_RAWONLY\PAT_3780\LM\ERSP_matrix\reading\PAT_3780_reading_WM_ERSP_TPG1_TN.npy,0.0710852713178294,0.0002067183462532,True,1173,18,0.10465228,18
PAT_3780,reading,LM,TPG2,\\nasac-m2.unige.ch\m-HumanNeuronLab\ANALYSIS\FLM\Analysis_LoraFanda\01_FBM_Analysis\outputs\04_ersp_LM_RAWONLY\PAT_3780\LM\ERSP_matrix\reading\PAT_3780_reading_WM_ERSP_TPG2_TN.npy,0.0851421188630491,0.0004134366925064,True,1174,18,0.12133531,18
PAT_3780,reading,LM,TPG3,\\nasac-m2.unige.ch\m-HumanNeuronLab\ANALYSIS\FLM\Analysis_LoraFanda\01_FBM_Analysis\outputs\04_ersp_LM_RAWONLY\PAT_3780\LM\ERSP_matrix\reading\PAT_3780_reading_WM_ERSP_TPG3_TN.npy,0.0752454780361757,0.0001291989664082,True,1175,18,0.12237093,18
PAT_3780,reading,LM,TPG4,\\nasac-m2.unige.ch\m-HumanNeuronLab\ANALYSIS\FLM\Analysis_LoraFanda\01_FBM_Analysis\outputs\04_ersp_LM_RAWONLY\PAT_3780\LM\ERSP_matrix\reading\PAT_3780_reading_WM_ERSP_TPG4_TN.npy,0.0610594315245478,0.0001291989664082,True,1176,18,0.139228,18
PAT_3780,reading,LM,TPG5,\\nasac-m2.unige.ch\m-HumanNeuronLab\ANALYSIS\FLM\Analysis_LoraFanda\01_FBM_Analysis\outputs\04_ersp_LM_RAWONLY\PAT_3780\LM\ERSP_matrix\reading\PAT_3780_reading_WM_ERSP_TPG5_TN.npy,0.0654521963824289,0.0001033591731266,True,1177,18,0.18176326,18
PAT_3780,reading,LM,TPG6,\\nasac-m2.unige.ch\m-HumanNeuronLab\ANALYSIS\FLM\Analysis_LoraFanda\01_FBM_Analysis\outputs\04_ersp_LM_RAWONLY\PAT_3780\LM\ERSP_matrix\reading\PAT_3780_reading_WM_ERSP_TPG6_TN.npy,0.0596124031007751,0.0006201550387596,True,1178,18,0.20365648,18
PAT_3780,reading,LM,TPG8,\\nasac-m2.unige.ch\m-HumanNeuronLab\ANALYSIS\FLM\Analysis_LoraFanda\01_FBM_Analysis\outputs\04_ersp_LM_RAWONLY\PAT_3780\LM\ERSP_matrix\reading\PAT_3780_reading_WM_ERSP_TPG8_TN.npy,0.0464082687338501,0.0003100775193798,True,1179,18,0.1793502,18
PAT_3780,reading,LM,TPG9,\\nasac-m2.unige.ch\m-HumanNeuronLab\ANALYSIS\FLM\Analysis_LoraFanda\01_FBM_Analysis\outputs\04_ersp_LM_RAWONLY\PAT_3780\LM\ERSP_matrix\reading\PAT_3780_reading_WM_ERSP_TPG9_TN.npy,0.0454263565891472,0.0002842377260981,True,1180,18,0.16393715,18
PAT_3965,audio,LM,ad10,\\nasac-m2.unige.ch\m-HumanNeuronLab\ANALYSIS\FLM\Analysis_LoraFanda\01_FBM_Analysis\outputs\04_ersp_LM_RAWONLY\PAT_3965\LM\ERSP_matrix\audio\PAT_3965_audio_WM_ERSP_ad10_TN.npy,0.0044961240310077,0.2494832041343669,True,1181,4,0.23110166,4
PAT_3965,audio,LM,ad3,\\nasac-m2.unige.ch\m-HumanNeuronLab\ANALYSIS\FLM\Analysis_LoraFanda\01_FBM_Analysis\outputs\04_ersp_LM_RAWONLY\PAT_3965\LM\ERSP_matrix\audio\PAT_3965_audio_WM_ERSP_ad3_TN.npy,0.0040568475452196,0.0418863049095607,True,1182,1,0.13153127,1
PAT_3965,audio,LM,ad4,\\nasac-m2.unige.ch\m-HumanNeuronLab\ANALYSIS\FLM\Analysis_LoraFanda\01_FBM_Analysis\outputs\04_ersp_LM_RAWONLY\PAT_3965\LM\ERSP_matrix\audio\PAT_3965_audio_WM_ERSP_ad4_TN.npy,0.0030232558139534,0.0641085271317829,True,1183,1,0.05371448,1
PAT_3965,audio,LM,ad5,\\nasac-m2.unige.ch\m-HumanNeuronLab\ANALYSIS\FLM\Analysis_LoraFanda\01_FBM_Analysis\outputs\04_ersp_LM_RAWONLY\PAT_3965\LM\ERSP_matrix\audio\PAT_3965_audio_WM_ERSP_ad5_TN.npy,0.0051162790697674,0.0881653746770025,True,1184,1,-0.026112959,1
PAT_3965,audio,LM,ad6,\\nasac-m2.unige.ch\m-HumanNeuronLab\ANALYSIS\FLM\Analysis_LoraFanda\01_FBM_Analysis\outputs\04_ersp_LM_RAWONLY\PAT_3965\LM\ERSP_matrix\audio\PAT_3965_audio_WM_ERSP_ad6_TN.npy,0.0077002583979328,0.1270025839793281,True,1185,4,0.12250951,4
PAT_3965,audio,LM,ad7,\\nasac-m2.unige.ch\m-HumanNeuronLab\ANALYSIS\FLM\Analysis_LoraFanda\01_FBM_Analysis\outputs\04_ersp_LM_RAWONLY\PAT_3965\LM\ERSP_matrix\audio\PAT_3965_audio_WM_ERSP_ad7_TN.npy,0.0128940568475452,0.1410077519379844,True,1186,4,0.12981747,4
PAT_3965,audio,LM,ad8,\\nasac-m2.unige.ch\m-HumanNeuronLab\ANALYSIS\FLM\Analysis_LoraFanda\01_FBM_Analysis\outputs\04_ersp_LM_RAWONLY\PAT_3965\LM\ERSP_matrix\audio\PAT_3965_audio_WM_ERSP_ad8_TN.npy,0.0050387596899224,0.1927390180878553,True,1187,4,0.18756282,4
PAT_3965,audio,LM,ag10,\\nasac-m2.unige.ch\m-HumanNeuronLab\ANALYSIS\FLM\Analysis_LoraFanda\01_FBM_Analysis\outputs\04_ersp_LM_RAWONLY\PAT_3965\LM\ERSP_matrix\audio\PAT_3965_audio_WM_ERSP_ag10_TN.npy,0.0593540051679586,0.038656330749354,True,1188,8,-0.014194612,8
PAT_3965,audio,LM,ag7,\\nasac-m2.unige.ch\m-HumanNeuronLab\ANALYSIS\FLM\Analysis_LoraFanda\01_FBM_Analysis\outputs\04_ersp_LM_RAWONLY\PAT_3965\LM\ERSP_matrix\audio\PAT_3965_audio_WM_ERSP_ag7_TN.npy,0.0230232558139534,0.02984496124031,True,1189,8,-0.07222589,8
PAT_3965,audio,LM,ag8,\\nasac-m2.unige.ch\m-HumanNeuronLab\ANALYSIS\FLM\Analysis_LoraFanda\01_FBM_Analysis\outputs\04_ersp_LM_RAWONLY\PAT_3965\LM\ERSP_matrix\audio\PAT_3965_audio_WM_ERSP_ag8_TN.npy,0.027829457364341,0.030516795865633,True,1190,8,-0.061887346,8
PAT_3965,audio,LM,ag9,\\nasac-m2.unige.ch\m-HumanNeuronLab\ANALYSIS\FLM\Analysis_LoraFanda\01_FBM_Analysis\outputs\04_ersp_LM_RAWONLY\PAT_3965\LM\ERSP_matrix\audio\PAT_3965_audio_WM_ERSP_ag9_TN.npy,0.0392764857881136,0.035891472868217,True,1191,8,-0.051685825,8
PAT_3965,audio,LM,cad10,\\nasac-m2.unige.ch\m-HumanNeuronLab\ANALYSIS\FLM\Analysis_LoraFanda\01_FBM_Analysis\outputs\04_ersp_LM_RAWONLY\PAT_3965\LM\ERSP_matrix\audio\PAT_3965_audio_WM_ERSP_cad10_TN.npy,0.0021188630490956,0.0414987080103359,True,1192,1,0.16003452,1
PAT_3965,audio,LM,cad11,\\nasac-m2.unige.ch\m-HumanNeuronLab\ANALYSIS\FLM\Analysis_LoraFanda\01_FBM_Analysis\outputs\04_ersp_LM_RAWONLY\PAT_3965\LM\ERSP_matrix\audio\PAT_3965_audio_WM_ERSP_cad11_TN.npy,0.001188630490956,0.0457881136950904,True,1193,1,0.17260507,1
PAT_3965,audio,LM,cad12,\\nasac-m2.unige.ch\m-HumanNeuronLab\ANALYSIS\FLM\Analysis_LoraFanda\01_FBM_Analysis\outputs\04_ersp_LM_RAWONLY\PAT_3965\LM\ERSP_matrix\audio\PAT_3965_audio_WM_ERSP_cad12_TN.npy,0.0013953488372093,0.1252454780361757,True,1194,1,0.06334043,1
PAT_3965,audio,LM,cpg8,\\nasac-m2.unige.ch\m-HumanNeuronLab\ANALYSIS\FLM\Analysis_LoraFanda\01_FBM_Analysis\outputs\04_ersp_LM_RAWONLY\PAT_3965\LM\ERSP_matrix\audio\PAT_3965_audio_WM_ERSP_cpg8_TN.npy,0.0206201550387596,0.0010335917312661,True,1195,17,0.14468294,17
PAT_3965,audio,LM,had10,\\nasac-m2.unige.ch\m-HumanNeuronLab\ANALYSIS\FLM\Analysis_LoraFanda\01_FBM_Analysis\outputs\04_ersp_LM_RAWONLY\PAT_3965\LM\ERSP_matrix\audio\PAT_3965_audio_WM_ERSP_had10_TN.npy,0.0002325581395348,0.1624806201550387,True,1196,4,0.16332893,4
PAT_3965,audio,LM,had5,\\nasac-m2.unige.ch\m-HumanNeuronLab\ANALYSIS\FLM\Analysis_LoraFanda\01_FBM_Analysis\outputs\04_ersp_LM_RAWONLY\PAT_3965\LM\ERSP_matrix\audio\PAT_3965_audio_WM_ERSP_had5_TN.npy,0.0042377260981912,0.0529198966408268,True,1197,1,0.092806876,1
PAT_3965,audio,LM,had6,\\nasac-m2.unige.ch\m-HumanNeuronLab\ANALYSIS\FLM\Analysis_LoraFanda\01_FBM_Analysis\outputs\04_ersp_LM_RAWONLY\PAT_3965\LM\ERSP_matrix\audio\PAT_3965_audio_WM_ERSP_had6_TN.npy,0.0042118863049095,0.0580878552971576,True,1198,1,0.049019247,1
PAT_3965,audio,LM,had8,\\nasac-m2.unige.ch\m-HumanNeuronLab\ANALYSIS\FLM\Analysis_LoraFanda\01_FBM_Analysis\outputs\04_ersp_LM_RAWONLY\PAT_3965\LM\ERSP_matrix\audio\PAT_3965_audio_WM_ERSP_had8_TN.npy,0.0002325581395348,0.0974418604651162,True,1199,4,0.057815067,4
PAT_3965,audio,LM,had9,\\nasac-m2.unige.ch\m-HumanNeuronLab\ANALYSIS\FLM\Analysis_LoraFanda\01_FBM_Analysis\outputs\04_ersp_LM_RAWONLY\PAT_3965\LM\ERSP_matrix\audio\PAT_3965_audio_WM_ERSP_had9_TN.npy,0.0001808785529715,0.1241343669250646,True,1200,4,0.1042483,4
PAT_3965,audio,LM,hag10,\\nasac-m2.unige.ch\m-HumanNeuronLab\ANALYSIS\FLM\Analysis_LoraFanda\01_FBM_Analysis\outputs\04_ersp_LM_RAWONLY\PAT_3965\LM\ERSP_matrix\audio\PAT_3965_audio_WM_ERSP_hag10_TN.npy,0.0362273901808785,0.0222997416020671,True,1201,15,-0.045153473,15
PAT_3965,audio,LM,hag9,\\nasac-m2.unige.ch\m-HumanNeuronLab\ANALYSIS\FLM\Analysis_LoraFanda\01_FBM_Analysis\outputs\04_ersp_LM_RAWONLY\PAT_3965\LM\ERSP_matrix\audio\PAT_3965_audio_WM_ERSP_hag9_TN.npy,0.0204651162790697,0.0224547803617571,True,1202,9,0.06240778,9
PAT_3965,audio,LM,hpg11,\\nasac-m2.unige.ch\m-HumanNeuronLab\ANALYSIS\FLM\Analysis_LoraFanda\01_FBM_Analysis\outputs\04_ersp_LM_RAWONLY\PAT_3965\LM\ERSP_matrix\audio\PAT_3965_audio_WM_ERSP_hpg11_TN.npy,0.0201033591731266,0.0096124031007751,True,1203,7,0.033788566,7
PAT_3965,picture,LM,ad10,\\nasac-m2.unige.ch\m-HumanNeuronLab\ANALYSIS\FLM\Analysis_LoraFanda\01_FBM_Analysis\outputs\04_ersp_LM_RAWONLY\PAT_3965\LM\ERSP_matrix\picture\PAT_3965_picture_WM_ERSP_ad10_TN.npy,0.0025064599483204,0.1104651162790697,True,1204,4,0.040130682,4
PAT_3965,picture,LM,ad6,\\nasac-m2.unige.ch\m-HumanNeuronLab\ANALYSIS\FLM\Analysis_LoraFanda\01_FBM_Analysis\outputs\04_ersp_LM_RAWONLY\PAT_3965\LM\ERSP_matrix\picture\PAT_3965_picture_WM_ERSP_ad6_TN.npy,0.0033333333333333,0.0442635658914728,True,1205,1,0.14427553,1
PAT_3965,picture,LM,ad7,\\nasac-m2.unige.ch\m-HumanNeuronLab\ANALYSIS\FLM\Analysis_LoraFanda\01_FBM_Analysis\outputs\04_ersp_LM_RAWONLY\PAT_3965\LM\ERSP_matrix\picture\PAT_3965_picture_WM_ERSP_ad7_TN.npy,0.0029715762273901,0.0568217054263565,True,1206,1,0.075072885,1
PAT_3965,picture,LM,ad8,\\nasac-m2.unige.ch\m-HumanNeuronLab\ANALYSIS\FLM\Analysis_LoraFanda\01_FBM_Analysis\outputs\04_ersp_LM_RAWONLY\PAT_3965\LM\ERSP_matrix\picture\PAT_3965_picture_WM_ERSP_ad8_TN.npy,0.0024289405684754,0.0721188630490956,True,1207,1,-0.008484684,1
PAT_3965,picture,LM,ag10,\\nasac-m2.unige.ch\m-HumanNeuronLab\ANALYSIS\FLM\Analysis_LoraFanda\01_FBM_Analysis\outputs\04_ersp_LM_RAWONLY\PAT_3965\LM\ERSP_matrix\picture\PAT_3965_picture_WM_ERSP_ag10_TN.npy,0.0741085271317829,0.0161240310077519,True,1208,8,0.10104327,8
PAT_3965,picture,LM,ag5,\\nasac-m2.unige.ch\m-HumanNeuronLab\ANALYSIS\FLM\Analysis_LoraFanda\01_FBM_Analysis\outputs\04_ersp_LM_RAWONLY\PAT_3965\LM\ERSP_matrix\picture\PAT_3965_picture_WM_ERSP_ag5_TN.npy,0.0217571059431524,0.0147286821705426,True,1209,8,-0.011664956,8
PAT_3965,picture,LM,ag6,\\nasac-m2.unige.ch\m-HumanNeuronLab\ANALYSIS\FLM\Analysis_LoraFanda\01_FBM_Analysis\outputs\04_ersp_LM_RAWONLY\PAT_3965\LM\ERSP_matrix\picture\PAT_3965_picture_WM_ERSP_ag6_TN.npy,0.0252454780361757,0.0126356589147286,True,1210,8,0.0017346033,8
PAT_3965,picture,LM,ag7,\\nasac-m2.unige.ch\m-HumanNeuronLab\ANALYSIS\FLM\Analysis_LoraFanda\01_FBM_Analysis\outputs\04_ersp_LM_RAWONLY\PAT_3965\LM\ERSP_matrix\picture\PAT_3965_picture_WM_ERSP_ag7_TN.npy,0.0270801033591731,0.0153229974160206,True,1211,8,0.025535805,8
PAT_3965,picture,LM,ag8,\\nasac-m2.unige.ch\m-HumanNeuronLab\ANALYSIS\FLM\Analysis_LoraFanda\01_FBM_Analysis\outputs\04_ersp_LM_RAWONLY\PAT_3965\LM\ERSP_matrix\picture\PAT_3965_picture_WM_ERSP_ag8_TN.npy,0.0325839793281653,0.0178036175710594,True,1212,8,0.061628155,8
PAT_3965,picture,LM,ag9,\\nasac-m2.unige.ch\m-HumanNeuronLab\ANALYSIS\FLM\Analysis_LoraFanda\01_FBM_Analysis\outputs\04_ersp_LM_RAWONLY\PAT_3965\LM\ERSP_matrix\picture\PAT_3965_picture_WM_ERSP_ag9_TN.npy,0.0429974160206718,0.0189147286821705,True,1213,8,0.08923432,8
PAT_3965,picture,LM,cad12,\\nasac-m2.unige.ch\m-HumanNeuronLab\ANALYSIS\FLM\Analysis_LoraFanda\01_FBM_Analysis\outputs\04_ersp_LM_RAWONLY\PAT_3965\LM\ERSP_matrix\picture\PAT_3965_picture_WM_ERSP_cad12_TN.npy,0.0002583979328165,0.1027390180878553,True,1214,1,0.08346099,1
PAT_3965,picture,LM,cag12,\\nasac-m2.unige.ch\m-HumanNeuronLab\ANALYSIS\FLM\Analysis_LoraFanda\01_FBM_Analysis\outputs\04_ersp_LM_RAWONLY\PAT_3965\LM\ERSP_matrix\picture\PAT_3965_picture_WM_ERSP_cag12_TN.npy,0.0219638242894056,0.0005684754521963,True,1215,6,-0.01955208,6
PAT_3965,picture,LM,had10,\\nasac-m2.unige.ch\m-HumanNeuronLab\ANALYSIS\FLM\Analysis_LoraFanda\01_FBM_Analysis\outputs\04_ersp_LM_RAWONLY\PAT_3965\LM\ERSP_matrix\picture\PAT_3965_picture_WM_ERSP_had10_TN.npy,0.0030490956072351,0.0532299741602067,True,1216,1,0.07946723,1
PAT_3965,picture,LM,had9,\\nasac-m2.unige.ch\m-HumanNeuronLab\ANALYSIS\FLM\Analysis_LoraFanda\01_FBM_Analysis\outputs\04_ersp_LM_RAWONLY\PAT_3965\LM\ERSP_matrix\picture\PAT_3965_picture_WM_ERSP_had9_TN.npy,0.0035142118863049,0.0430749354005167,True,1217,1,0.10714671,1
PAT_3965,picture,LM,hag10,\\nasac-m2.unige.ch\m-HumanNeuronLab\ANALYSIS\FLM\Analysis_LoraFanda\01_FBM_Analysis\outputs\04_ersp_LM_RAWONLY\PAT_3965\LM\ERSP_matrix\picture\PAT_3965_picture_WM_ERSP_hag10_TN.npy,0.0445736434108527,0.0064599483204134,True,1218,8,-0.05475487,8
PAT_3965,picture,LM,hag9,\\nasac-m2.unige.ch\m-HumanNeuronLab\ANALYSIS\FLM\Analysis_LoraFanda\01_FBM_Analysis\outputs\04_ersp_LM_RAWONLY\PAT_3965\LM\ERSP_matrix\picture\PAT_3965_picture_WM_ERSP_hag9_TN.npy,0.0231524547803617,0.00656330749354,True,1219,8,-0.070671454,8
PAT_3965,reading,LM,ad10,\\nasac-m2.unige.ch\m-HumanNeuronLab\ANALYSIS\FLM\Analysis_LoraFanda\01_FBM_Analysis\outputs\04_ersp_LM_RAWONLY\PAT_3965\LM\ERSP_matrix\reading\PAT_3965_reading_WM_ERSP_ad10_TN.npy,0.0150387596899224,0.3331524547803617,True,1220,4,0.2559796,4
PAT_3965,reading,LM,ad3,\\nasac-m2.unige.ch\m-HumanNeuronLab\ANALYSIS\FLM\Analysis_LoraFanda\01_FBM_Analysis\outputs\04_ersp_LM_RAWONLY\PAT_3965\LM\ERSP_matrix\reading\PAT_3965_reading_WM_ERSP_ad3_TN.npy,0.0114987080103359,0.077312661498708,True,1221,1,0.00870715,1
PAT_3965,reading,LM,ad4,\\nasac-m2.unige.ch\m-HumanNeuronLab\ANALYSIS\FLM\Analysis_LoraFanda\01_FBM_Analysis\outputs\04_ersp_LM_RAWONLY\PAT_3965\LM\ERSP_matrix\reading\PAT_3965_reading_WM_ERSP_ad4_TN.npy,0.015219638242894,0.1037984496124031,True,1222,4,0.06048222,4
PAT_3965,reading,LM,ad5,\\nasac-m2.unige.ch\m-HumanNeuronLab\ANALYSIS\FLM\Analysis_LoraFanda\01_FBM_Analysis\outputs\04_ersp_LM_RAWONLY\PAT_3965\LM\ERSP_matrix\reading\PAT_3965_reading_WM_ERSP_ad5_TN.npy,0.0074935400516795,0.1421963824289405,True,1223,4,0.14189036,4
PAT_3965,reading,LM,ad6,\\nasac-m2.unige.ch\m-HumanNeuronLab\ANALYSIS\FLM\Analysis_LoraFanda\01_FBM_Analysis\outputs\04_ersp_LM_RAWONLY\PAT_3965\LM\ERSP_matrix\reading\PAT_3965_reading_WM_ERSP_ad6_TN.npy,0.0031524547803617,0.2072093023255814,True,1224,4,0.22438766,4
PAT_3965,reading,LM,ad7,\\nasac-m2.unige.ch\m-HumanNeuronLab\ANALYSIS\FLM\Analysis_LoraFanda\01_FBM_Analysis\outputs\04_ersp_LM_RAWONLY\PAT_3965\LM\ERSP_matrix\reading\PAT_3965_reading_WM_ERSP_ad7_TN.npy,0.0034366925064599,0.2426614987080103,True,1225,4,0.25702357,4
PAT_3965,reading,LM,ad8,\\nasac-m2.unige.ch\m-HumanNeuronLab\ANALYSIS\FLM\Analysis_LoraFanda\01_FBM_Analysis\outputs\04_ersp_LM_RAWONLY\PAT_3965\LM\ERSP_matrix\reading\PAT_3965_reading_WM_ERSP_ad8_TN.npy,0.0102583979328165,0.2886046511627907,True,1226,4,0.27683422,4
PAT_3965,reading,LM,ag10,\\nasac-m2.unige.ch\m-HumanNeuronLab\ANALYSIS\FLM\Analysis_LoraFanda\01_FBM_Analysis\outputs\04_ersp_LM_RAWONLY\PAT_3965\LM\ERSP_matrix\reading\PAT_3965_reading_WM_ERSP_ag10_TN.npy,0.0031524547803617,0.2580878552971576,True,1227,15,-0.03282758,15
PAT_3965,reading,LM,ag1,\\nasac-m2.unige.ch\m-HumanNeuronLab\ANALYSIS\FLM\Analysis_LoraFanda\01_FBM_Analysis\outputs\04_ersp_LM_RAWONLY\PAT_3965\LM\ERSP_matrix\reading\PAT_3965_reading_WM_ERSP_ag1_TN.npy,0.0034366925064599,0.0421447028423772,True,1228,15,0.10073591,15
PAT_3965,reading,LM,ag2,\\nasac-m2.unige.ch\m-HumanNeuronLab\ANALYSIS\FLM\Analysis_LoraFanda\01_FBM_Analysis\outputs\04_ersp_LM_RAWONLY\PAT_3965\LM\ERSP_matrix\reading\PAT_3965_reading_WM_ERSP_ag2_TN.npy,0.0042894056847545,0.045219638242894,True,1229,15,0.07742308,15
PAT_3965,reading,LM,ag3,\\nasac-m2.unige.ch\m-HumanNeuronLab\ANALYSIS\FLM\Analysis_LoraFanda\01_FBM_Analysis\outputs\04_ersp_LM_RAWONLY\PAT_3965\LM\ERSP_matrix\reading\PAT_3965_reading_WM_ERSP_ag3_TN.npy,0.0108268733850129,0.0612919896640826,True,1230,15,-0.030765323,15
PAT_3965,reading,LM,ag4,\\nasac-m2.unige.ch\m-HumanNeuronLab\ANALYSIS\FLM\Analysis_LoraFanda\01_FBM_Analysis\outputs\04_ersp_LM_RAWONLY\PAT_3965\LM\ERSP_matrix\reading\PAT_3965_reading_WM_ERSP_ag4_TN.npy,0.0046770025839793,0.1303617571059431,True,1231,4,0.09814431,4
PAT_3965,reading,LM,ag5,\\nasac-m2.unige.ch\m-HumanNeuronLab\ANALYSIS\FLM\Analysis_LoraFanda\01_FBM_Analysis\outputs\04_ersp_LM_RAWONLY\PAT_3965\LM\ERSP_matrix\reading\PAT_3965_reading_WM_ERSP_ag5_TN.npy,0.0043669250645994,0.1695090439276485,True,1232,4,0.124879874,4
PAT_3965,reading,LM,ag6,\\nasac-m2.unige.ch\m-HumanNeuronLab\ANALYSIS\FLM\Analysis_LoraFanda\01_FBM_Analysis\outputs\04_ersp_LM_RAWONLY\PAT_3965\LM\ERSP_matrix\reading\PAT_3965_reading_WM_ERSP_ag6_TN.npy,0.0028682170542635,0.1971317829457364,True,1233,4,0.1500695,4
PAT_3965,reading,LM,ag7,\\nasac-m2.unige.ch\m-HumanNeuronLab\ANALYSIS\FLM\Analysis_LoraFanda\01_FBM_Analysis\outputs\04_ersp_LM_RAWONLY\PAT_3965\LM\ERSP_matrix\reading\PAT_3965_reading_WM_ERSP_ag7_TN.npy,0.0017571059431524,0.204031007751938,True,1234,4,0.12412692,4
PAT_3965,reading,LM,ag8,\\nasac-m2.unige.ch\m-HumanNeuronLab\ANALYSIS\FLM\Analysis_LoraFanda\01_FBM_Analysis\outputs\04_ersp_LM_RAWONLY\PAT_3965\LM\ERSP_matrix\reading\PAT_3965_reading_WM_ERSP_ag8_TN.npy,0.0029457364341085,0.2215503875968992,True,1235,4,0.06874511,4
PAT_3965,reading,LM,ag9,\\nasac-m2.unige.ch\m-HumanNeuronLab\ANALYSIS\FLM\Analysis_LoraFanda\01_FBM_Analysis\outputs\04_ersp_LM_RAWONLY\PAT_3965\LM\ERSP_matrix\reading\PAT_3965_reading_WM_ERSP_ag9_TN.npy,0.0023514211886304,0.2298191214470284,True,1236,15,-0.03453647,15
PAT_3965,reading,LM,cad12,\\nasac-m2.unige.ch\m-HumanNeuronLab\ANALYSIS\FLM\Analysis_LoraFanda\01_FBM_Analysis\outputs\04_ersp_LM_RAWONLY\PAT_3965\LM\ERSP_matrix\reading\PAT_3965_reading_WM_ERSP_cad12_TN.npy,0.0018863049095607,0.0406201550387596,True,1237,1,0.09323301,1
PAT_3965,reading,LM,had10,\\nasac-m2.unige.ch\m-HumanNeuronLab\ANALYSIS\FLM\Analysis_LoraFanda\01_FBM_Analysis\outputs\04_ersp_LM_RAWONLY\PAT_3965\LM\ERSP_matrix\reading\PAT_3965_reading_WM_ERSP_had10_TN.npy,0.0137984496124031,0.251343669250646,True,1238,4,0.20326872,4
PAT_3965,reading,LM,had4,\\nasac-m2.unige.ch\m-HumanNeuronLab\ANALYSIS\FLM\Analysis_LoraFanda\01_FBM_Analysis\outputs\04_ersp_LM_RAWONLY\PAT_3965\LM\ERSP_matrix\reading\PAT_3965_reading_WM_ERSP_had4_TN.npy,0.0058656330749354,0.0541343669250646,True,1239,1,0.020819345,1
PAT_3965,reading,LM,had5,\\nasac-m2.unige.ch\m-HumanNeuronLab\ANALYSIS\FLM\Analysis_LoraFanda\01_FBM_Analysis\outputs\04_ersp_LM_RAWONLY\PAT_3965\LM\ERSP_matrix\reading\PAT_3965_reading_WM_ERSP_had5_TN.npy,0.0055813953488372,0.0886821705426356,True,1240,4,0.057724804,4
PAT_3965,reading,LM,had6,\\nasac-m2.unige.ch\m-HumanNeuronLab\ANALYSIS\FLM\Analysis_LoraFanda\01_FBM_Analysis\outputs\04_ersp_LM_RAWONLY\PAT_3965\LM\ERSP_matrix\reading\PAT_3965_reading_WM_ERSP_had6_TN.npy,0.005891472868217,0.1190956072351421,True,1241,4,0.118877575,4
PAT_3965,reading,LM,had8,\\nasac-m2.unige.ch\m-HumanNeuronLab\ANALYSIS\FLM\Analysis_LoraFanda\01_FBM_Analysis\outputs\04_ersp_LM_RAWONLY\PAT_3965\LM\ERSP_matrix\reading\PAT_3965_reading_WM_ERSP_had8_TN.npy,0.0082170542635658,0.1940826873385013,True,1242,4,0.163313,4
PAT_3965,reading,LM,had9,\\nasac-m2.unige.ch\m-HumanNeuronLab\ANALYSIS\FLM\Analysis_LoraFanda\01_FBM_Analysis\outputs\04_ersp_LM_RAWONLY\PAT_3965\LM\ERSP_matrix\reading\PAT_3965_reading_WM_ERSP_had9_TN.npy,0.0136692506459948,0.2173643410852713,True,1243,4,0.18905212,4
PAT_3965,reading,LM,hag10,\\nasac-m2.unige.ch\m-HumanNeuronLab\ANALYSIS\FLM\Analysis_LoraFanda\01_FBM_Analysis\outputs\04_ersp_LM_RAWONLY\PAT_3965\LM\ERSP_matrix\reading\PAT_3965_reading_WM_ERSP_hag10_TN.npy,0.0041602067183462,0.1201550387596899,True,1244,15,0.12150077,15
PAT_3965,reading,LM,hag2,\\nasac-m2.unige.ch\m-HumanNeuronLab\ANALYSIS\FLM\Analysis_LoraFanda\01_FBM_Analysis\outputs\04_ersp_LM_RAWONLY\PAT_3965\LM\ERSP_matrix\reading\PAT_3965_reading_WM_ERSP_hag2_TN.npy,0.0094573643410852,0.0585271317829457,True,1245,1,0.050418343,1
PAT_3965,reading,LM,hag3,\\nasac-m2.unige.ch\m-HumanNeuronLab\ANALYSIS\FLM\Analysis_LoraFanda\01_FBM_Analysis\outputs\04_ersp_LM_RAWONLY\PAT_3965\LM\ERSP_matrix\reading\PAT_3965_reading_WM_ERSP_hag3_TN.npy,0.0074418604651162,0.0792248062015503,True,1246,1,0.0043269913,1
PAT_3965,reading,LM,hag4,\\nasac-m2.unige.ch\m-HumanNeuronLab\ANALYSIS\FLM\Analysis_LoraFanda\01_FBM_Analysis\outputs\04_ersp_LM_RAWONLY\PAT_3965\LM\ERSP_matrix\reading\PAT_3965_reading_WM_ERSP_hag4_TN.npy,0.0047028423772609,0.0747286821705426,True,1247,1,0.029247783,1
PAT_3965,reading,LM,hag5,\\nasac-m2.unige.ch\m-HumanNeuronLab\ANALYSIS\FLM\Analysis_LoraFanda\01_FBM_Analysis\outputs\04_ersp_LM_RAWONLY\PAT_3965\LM\ERSP_matrix\reading\PAT_3965_reading_WM_ERSP_hag5_TN.npy,0.0014211886304909,0.1181395348837209,True,1248,15,-0.06326953,15
PAT_3965,reading,LM,hag6,\\nasac-m2.unige.ch\m-HumanNeuronLab\ANALYSIS\FLM\Analysis_LoraFanda\01_FBM_Analysis\outputs\04_ersp_LM_RAWONLY\PAT_3965\LM\ERSP_matrix\reading\PAT_3965_reading_WM_ERSP_hag6_TN.npy,0.0021963824289405,0.1134366925064599,True,1249,15,-0.0110841105,15
PAT_3965,reading,LM,hag8,\\nasac-m2.unige.ch\m-HumanNeuronLab\ANALYSIS\FLM\Analysis_LoraFanda\01_FBM_Analysis\outputs\04_ersp_LM_RAWONLY\PAT_3965\LM\ERSP_matrix\reading\PAT_3965_reading_WM_ERSP_hag8_TN.npy,0.0018863049095607,0.1186304909560723,True,1250,15,0.0761513,15
PAT_3965,reading,LM,hag9,\\nasac-m2.unige.ch\m-HumanNeuronLab\ANALYSIS\FLM\Analysis_LoraFanda\01_FBM_Analysis\outputs\04_ersp_LM_RAWONLY\PAT_3965\LM\ERSP_matrix\reading\PAT_3965_reading_WM_ERSP_hag9_TN.npy,0.0028682170542635,0.1249354005167958,True,1251,15,0.09875993,15
PAT_3965,reading,LM,iag1,\\nasac-m2.unige.ch\m-HumanNeuronLab\ANALYSIS\FLM\Analysis_LoraFanda\01_FBM_Analysis\outputs\04_ersp_LM_RAWONLY\PAT_3965\LM\ERSP_matrix\reading\PAT_3965_reading_WM_ERSP_iag1_TN.npy,0.0036175710594315,0.0519121447028423,True,1252,1,0.1085931,1
PAT_3975,audio,LM,CPD15,\\nasac-m2.unige.ch\m-HumanNeuronLab\ANALYSIS\FLM\Analysis_LoraFanda\01_FBM_Analysis\outputs\04_ersp_LM_RAWONLY\PAT_3975\LM\ERSP_matrix\audio\PAT_3975_audio_WM_ERSP_CPD15_TN.npy,0.0050129198966408,0.0528940568475452,True,1253,15,0.003737092,15
PAT_3975,audio,LM,FOG15,\\nasac-m2.unige.ch\m-HumanNeuronLab\ANALYSIS\FLM\Analysis_LoraFanda\01_FBM_Analysis\outputs\04_ersp_LM_RAWONLY\PAT_3975\LM\ERSP_matrix\audio\PAT_3975_audio_WM_ERSP_FOG15_TN.npy,0.0176744186046511,0.0503359173126615,True,1254,1,0.0015391592,1
PAT_3975,audio,LM,IMD10,\\nasac-m2.unige.ch\m-HumanNeuronLab\ANALYSIS\FLM\Analysis_LoraFanda\01_FBM_Analysis\outputs\04_ersp_LM_RAWONLY\PAT_3975\LM\ERSP_matrix\audio\PAT_3975_audio_WM_ERSP_IMD10_TN.npy,0.0775968992248062,0.0022997416020671,True,1255,5,0.019737894,5
PAT_3975,audio,LM,IMD11,\\nasac-m2.unige.ch\m-HumanNeuronLab\ANALYSIS\FLM\Analysis_LoraFanda\01_FBM_Analysis\outputs\04_ersp_LM_RAWONLY\PAT_3975\LM\ERSP_matrix\audio\PAT_3975_audio_WM_ERSP_IMD11_TN.npy,0.0791989664082687,0.0018087855297157,True,1256,5,0.013224174,5
PAT_3975,audio,LM,IMD9,\\nasac-m2.unige.ch\m-HumanNeuronLab\ANALYSIS\FLM\Analysis_LoraFanda\01_FBM_Analysis\outputs\04_ersp_LM_RAWONLY\PAT_3975\LM\ERSP_matrix\audio\PAT_3975_audio_WM_ERSP_IMD9_TN.npy,0.0297674418604651,0.0009819121447028,True,1257,5,-0.00711732,5
PAT_3975,audio,LM,TPD1,\\nasac-m2.unige.ch\m-HumanNeuronLab\ANALYSIS\FLM\Analysis_LoraFanda\01_FBM_Analysis\outputs\04_ersp_LM_RAWONLY\PAT_3975\LM\ERSP_matrix\audio\PAT_3975_audio_WM_ERSP_TPD1_TN.npy,0.0336175710594315,0.0065116279069767,True,1258,17,0.039515596,17
PAT_3975,picture,LM,AD1,\\nasac-m2.unige.ch\m-HumanNeuronLab\ANALYSIS\FLM\Analysis_LoraFanda\01_FBM_Analysis\outputs\04_ersp_LM_RAWONLY\PAT_3975\LM\ERSP_matrix\picture\PAT_3975_picture_WM_ERSP_AD1_TN.npy,0.0364599483204134,0.0081912144702842,True,1259,0,0.1043104,11
PAT_3975,picture,LM,AD2,\\nasac-m2.unige.ch\m-HumanNeuronLab\ANALYSIS\FLM\Analysis_LoraFanda\01_FBM_Analysis\outputs\04_ersp_LM_RAWONLY\PAT_3975\LM\ERSP_matrix\picture\PAT_3975_picture_WM_ERSP_AD2_TN.npy,0.0510335917312661,0.0045219638242894,True,1260,0,0.28172305,11
PAT_3975,picture,LM,AD3,\\nasac-m2.unige.ch\m-HumanNeuronLab\ANALYSIS\FLM\Analysis_LoraFanda\01_FBM_Analysis\outputs\04_ersp_LM_RAWONLY\PAT_3975\LM\ERSP_matrix\picture\PAT_3975_picture_WM_ERSP_AD3_TN.npy,0.0460723514211886,0.001860465116279,True,1261,0,0.18175879,11
PAT_3975,picture,LM,AD4,\\nasac-m2.unige.ch\m-HumanNeuronLab\ANALYSIS\FLM\Analysis_LoraFanda\01_FBM_Analysis\outputs\04_ersp_LM_RAWONLY\PAT_3975\LM\ERSP_matrix\picture\PAT_3975_picture_WM_ERSP_AD4_TN.npy,0.0329457364341085,0.0042635658914728,True,1262,0,0.11744231,11
PAT_3975,picture,LM,AD5,\\nasac-m2.unige.ch\m-HumanNeuronLab\ANALYSIS\FLM\Analysis_LoraFanda\01_FBM_Analysis\outputs\04_ersp_LM_RAWONLY\PAT_3975\LM\ERSP_matrix\picture\PAT_3975_picture_WM_ERSP_AD5_TN.npy,0.0407235142118863,0.0059173126614987,True,1263,0,0.1313207,11
PAT_3975,picture,LM,AD6,\\nasac-m2.unige.ch\m-HumanNeuronLab\ANALYSIS\FLM\Analysis_LoraFanda\01_FBM_Analysis\outputs\04_ersp_LM_RAWONLY\PAT_3975\LM\ERSP_matrix\picture\PAT_3975_picture_WM_ERSP_AD6_TN.npy,0.0346770025839793,0.0082170542635658,True,1264,7,-0.001334638,7
PAT_3975,picture,LM,CPD15,\\nasac-m2.unige.ch\m-HumanNeuronLab\ANALYSIS\FLM\Analysis_LoraFanda\01_FBM_Analysis\outputs\04_ersp_LM_RAWONLY\PAT_3975\LM\ERSP_matrix\picture\PAT_3975_picture_WM_ERSP_CPD15_TN.npy,0.0347028423772609,0.0075452196382428,True,1265,9,0.046405956,9
PAT_3975,picture,LM,FOD1,\\nasac-m2.unige.ch\m-HumanNeuronLab\ANALYSIS\FLM\Analysis_LoraFanda\01_FBM_Analysis\outputs\04_ersp_LM_RAWONLY\PAT_3975\LM\ERSP_matrix\picture\PAT_3975_picture_WM_ERSP_FOD1_TN.npy,0.0314728682170542,0.0031007751937984,True,1266,3,0.0007465797,3
PAT_3975,picture,LM,FOD2,\\nasac-m2.unige.ch\m-HumanNeuronLab\ANALYSIS\FLM\Analysis_LoraFanda\01_FBM_Analysis\outputs\04_ersp_LM_RAWONLY\PAT_3975\LM\ERSP_matrix\picture\PAT_3975_picture_WM_ERSP_FOD2_TN.npy,0.0261240310077519,0.0039018087855297,True,1267,7,0.060674332,7
PAT_3975,picture,LM,FOG14,\\nasac-m2.unige.ch\m-HumanNeuronLab\ANALYSIS\FLM\Analysis_LoraFanda\01_FBM_Analysis\outputs\04_ersp_LM_RAWONLY\PAT_3975\LM\ERSP_matrix\picture\PAT_3975_picture_WM_ERSP_FOG14_TN.npy,0.0103100775193798,0.0568733850129199,True,1268,7,0.108627364,7
PAT_3975,picture,LM,FOG15,\\nasac-m2.unige.ch\m-HumanNeuronLab\ANALYSIS\FLM\Analysis_LoraFanda\01_FBM_Analysis\outputs\04_ersp_LM_RAWONLY\PAT_3975\LM\ERSP_matrix\picture\PAT_3975_picture_WM_ERSP_FOG15_TN.npy,0.0140826873385012,0.0901550387596899,True,1269,7,0.07046445,7
PAT_3975,picture,LM,HAD12,\\nasac-m2.unige.ch\m-HumanNeuronLab\ANALYSIS\FLM\Analysis_LoraFanda\01_FBM_Analysis\outputs\04_ersp_LM_RAWONLY\PAT_3975\LM\ERSP_matrix\picture\PAT_3975_picture_WM_ERSP_HAD12_TN.npy,0.024470284237726,0.007157622739018,True,1270,17,0.07009156,17
PAT_3975,picture,LM,HAD1,\\nasac-m2.unige.ch\m-HumanNeuronLab\ANALYSIS\FLM\Analysis_LoraFanda\01_FBM_Analysis\outputs\04_ersp_LM_RAWONLY\PAT_3975\LM\ERSP_matrix\picture\PAT_3975_picture_WM_ERSP_HAD1_TN.npy,0.117157622739018,0.0063049095607235,True,1271,0,0.28920874,11
PAT_3975,picture,LM,HAD2,\\nasac-m2.unige.ch\m-HumanNeuronLab\ANALYSIS\FLM\Analysis_LoraFanda\01_FBM_Analysis\outputs\04_ersp_LM_RAWONLY\PAT_3975\LM\ERSP_matrix\picture\PAT_3975_picture_WM_ERSP_HAD2_TN.npy,0.1311369509043927,0.0035917312661498,True,1272,0,0.29673415,11
PAT_3975,picture,LM,HAD3,\\nasac-m2.unige.ch\m-HumanNeuronLab\ANALYSIS\FLM\Analysis_LoraFanda\01_FBM_Analysis\outputs\04_ersp_LM_RAWONLY\PAT_3975\LM\ERSP_matrix\picture\PAT_3975_picture_WM_ERSP_HAD3_TN.npy,0.0992764857881137,0.0035658914728682,True,1273,0,0.31778067,11
PAT_3975,picture,LM,HAD4,\\nasac-m2.unige.ch\m-HumanNeuronLab\ANALYSIS\FLM\Analysis_LoraFanda\01_FBM_Analysis\outputs\04_ersp_LM_RAWONLY\PAT_3975\LM\ERSP_matrix\picture\PAT_3975_picture_WM_ERSP_HAD4_TN.npy,0.0681395348837209,0.0024806201550387,True,1274,0,0.36643288,11
PAT_3975,picture,LM,HAD5,\\nasac-m2.unige.ch\m-HumanNeuronLab\ANALYSIS\FLM\Analysis_LoraFanda\01_FBM_Analysis\outputs\04_ersp_LM_RAWONLY\PAT_3975\LM\ERSP_matrix\picture\PAT_3975_picture_WM_ERSP_HAD5_TN.npy,0.0302325581395348,0.0044444444444444,True,1275,7,-0.04098995,7
PAT_3975,picture,LM,IMD10,\\nasac-m2.unige.ch\m-HumanNeuronLab\ANALYSIS\FLM\Analysis_LoraFanda\01_FBM_Analysis\outputs\04_ersp_LM_RAWONLY\PAT_3975\LM\ERSP_matrix\picture\PAT_3975_picture_WM_ERSP_IMD10_TN.npy,0.1094832041343669,0.007829457364341,True,1276,5,0.11858747,5
PAT_3975,picture,LM,IMD11,\\nasac-m2.unige.ch\m-HumanNeuronLab\ANALYSIS\FLM\Analysis_LoraFanda\01_FBM_Analysis\outputs\04_ersp_LM_RAWONLY\PAT_3975\LM\ERSP_matrix\picture\PAT_3975_picture_WM_ERSP_IMD11_TN.npy,0.1206459948320413,0.0101808785529715,True,1277,5,0.11538292,5
PAT_3975,picture,LM,IMD9,\\nasac-m2.unige.ch\m-HumanNeuronLab\ANALYSIS\FLM\Analysis_LoraFanda\01_FBM_Analysis\outputs\04_ersp_LM_RAWONLY\PAT_3975\LM\ERSP_matrix\picture\PAT_3975_picture_WM_ERSP_IMD9_TN.npy,0.043204134366925,0.0053746770025839,True,1278,5,0.12943901,5
PAT_3975,picture,LM,PHD1,\\nasac-m2.unige.ch\m-HumanNeuronLab\ANALYSIS\FLM\Analysis_LoraFanda\01_FBM_Analysis\outputs\04_ersp_LM_RAWONLY\PAT_3975\LM\ERSP_matrix\picture\PAT_3975_picture_WM_ERSP_PHD1_TN.npy,0.0811369509043927,0.0017829457364341,True,1279,0,0.33867872,11
PAT_3975,picture,LM,PHD2,\\nasac-m2.unige.ch\m-HumanNeuronLab\ANALYSIS\FLM\Analysis_LoraFanda\01_FBM_Analysis\outputs\04_ersp_LM_RAWONLY\PAT_3975\LM\ERSP_matrix\picture\PAT_3975_picture_WM_ERSP_PHD2_TN.npy,0.0919896640826873,0.0027648578811369,True,1280,0,0.34273404,11
PAT_3975,picture,LM,PHD3,\\nasac-m2.unige.ch\m-HumanNeuronLab\ANALYSIS\FLM\Analysis_LoraFanda\01_FBM_Analysis\outputs\04_ersp_LM_RAWONLY\PAT_3975\LM\ERSP_matrix\picture\PAT_3975_picture_WM_ERSP_PHD3_TN.npy,0.0562015503875969,0.0037984496124031,True,1281,0,0.28315964,11
PAT_3975,picture,LM,PHD4,\\nasac-m2.unige.ch\m-HumanNeuronLab\ANALYSIS\FLM\Analysis_LoraFanda\01_FBM_Analysis\outputs\04_ersp_LM_RAWONLY\PAT_3975\LM\ERSP_matrix\picture\PAT_3975_picture_WM_ERSP_PHD4_TN.npy,0.057235142118863,0.0047286821705426,True,1282,0,0.281681,11
PAT_3975,picture,LM,PHD5,\\nasac-m2.unige.ch\m-HumanNeuronLab\ANALYSIS\FLM\Analysis_LoraFanda\01_FBM_Analysis\outputs\04_ersp_LM_RAWONLY\PAT_3975\LM\ERSP_matrix\picture\PAT_3975_picture_WM_ERSP_PHD5_TN.npy,0.0258656330749354,0.005891472868217,True,1283,7,0.044824723,7
PAT_3975,picture,LM,TPD1,\\nasac-m2.unige.ch\m-HumanNeuronLab\ANALYSIS\FLM\Analysis_LoraFanda\01_FBM_Analysis\outputs\04_ersp_LM_RAWONLY\PAT_3975\LM\ERSP_matrix\picture\PAT_3975_picture_WM_ERSP_TPD1_TN.npy,0.0408268733850129,0.0066149870801033,True,1284,7,0.009210645,7
PAT_3975,picture,LM,TPD3,\\nasac-m2.unige.ch\m-HumanNeuronLab\ANALYSIS\FLM\Analysis_LoraFanda\01_FBM_Analysis\outputs\04_ersp_LM_RAWONLY\PAT_3975\LM\ERSP_matrix\picture\PAT_3975_picture_WM_ERSP_TPD3_TN.npy,0.0284754521963824,0.0120930232558139,True,1285,7,0.08743925,7
PAT_3975,picture,LM,TPG4,\\nasac-m2.unige.ch\m-HumanNeuronLab\ANALYSIS\FLM\Analysis_LoraFanda\01_FBM_Analysis\outputs\04_ersp_LM_RAWONLY\PAT_3975\LM\ERSP_matrix\picture\PAT_3975_picture_WM_ERSP_TPG4_TN.npy,0.0027131782945736,0.0433333333333333,True,1286,7,0.10600757,7
PAT_3975,picture,LM,TPG5,\\nasac-m2.unige.ch\m-HumanNeuronLab\ANALYSIS\FLM\Analysis_LoraFanda\01_FBM_Analysis\outputs\04_ersp_LM_RAWONLY\PAT_3975\LM\ERSP_matrix\picture\PAT_3975_picture_WM_ERSP_TPG5_TN.npy,0.0020155038759689,0.0520930232558139,True,1287,7,0.06014723,7
PAT_3975,reading,LM,AD10,\\nasac-m2.unige.ch\m-HumanNeuronLab\ANALYSIS\FLM\Analysis_LoraFanda\01_FBM_Analysis\outputs\04_ersp_LM_RAWONLY\PAT_3975\LM\ERSP_matrix\reading\PAT_3975_reading_WM_ERSP_AD10_TN.npy,0.001188630490956,0.2772868217054263,True,1288,4,0.28380454,4
PAT_3975,reading,LM,AD4,\\nasac-m2.unige.ch\m-HumanNeuronLab\ANALYSIS\FLM\Analysis_LoraFanda\01_FBM_Analysis\outputs\04_ersp_LM_RAWONLY\PAT_3975\LM\ERSP_matrix\reading\PAT_3975_reading_WM_ERSP_AD4_TN.npy,0.0027648578811369,0.057984496124031,True,1289,1,0.13959712,1
PAT_3975,reading,LM,AD5,\\nasac-m2.unige.ch\m-HumanNeuronLab\ANALYSIS\FLM\Analysis_LoraFanda\01_FBM_Analysis\outputs\04_ersp_LM_RAWONLY\PAT_3975\LM\ERSP_matrix\reading\PAT_3975_reading_WM_ERSP_AD5_TN.npy,0.0035917312661498,0.1135658914728682,True,1290,1,0.0038874678,1
PAT_3975,reading,LM,AD6,\\nasac-m2.unige.ch\m-HumanNeuronLab\ANALYSIS\FLM\Analysis_LoraFanda\01_FBM_Analysis\outputs\04_ersp_LM_RAWONLY\PAT_3975\LM\ERSP_matrix\reading\PAT_3975_reading_WM_ERSP_AD6_TN.npy,0.0010852713178294,0.2033333333333333,True,1291,4,0.1435761,4
PAT_3975,reading,LM,AD8,\\nasac-m2.unige.ch\m-HumanNeuronLab\ANALYSIS\FLM\Analysis_LoraFanda\01_FBM_Analysis\outputs\04_ersp_LM_RAWONLY\PAT_3975\LM\ERSP_matrix\reading\PAT_3975_reading_WM_ERSP_AD8_TN.npy,0.0020671834625322,0.2445736434108527,True,1292,4,0.2537158,4
PAT_3975,reading,LM,AD9,\\nasac-m2.unige.ch\m-HumanNeuronLab\ANALYSIS\FLM\Analysis_LoraFanda\01_FBM_Analysis\outputs\04_ersp_LM_RAWONLY\PAT_3975\LM\ERSP_matrix\reading\PAT_3975_reading_WM_ERSP_AD9_TN.npy,0.0012919896640826,0.2516537467700258,True,1293,4,0.27792755,4
PAT_3975,reading,LM,AG10,\\nasac-m2.unige.ch\m-HumanNeuronLab\ANALYSIS\FLM\Analysis_LoraFanda\01_FBM_Analysis\outputs\04_ersp_LM_RAWONLY\PAT_3975\LM\ERSP_matrix\reading\PAT_3975_reading_WM_ERSP_AG10_TN.npy,0.003204134366925,0.31671834625323,True,1294,4,0.34332058,4
PAT_3975,reading,LM,AG11,\\nasac-m2.unige.ch\m-HumanNeuronLab\ANALYSIS\FLM\Analysis_LoraFanda\01_FBM_Analysis\outputs\04_ersp_LM_RAWONLY\PAT_3975\LM\ERSP_matrix\reading\PAT_3975_reading_WM_ERSP_AG11_TN.npy,0.0054005167958656,0.3070025839793281,True,1295,4,0.32276636,4
PAT_3975,reading,LM,AG12,\\nasac-m2.unige.ch\m-HumanNeuronLab\ANALYSIS\FLM\Analysis_LoraFanda\01_FBM_Analysis\outputs\04_ersp_LM_RAWONLY\PAT_3975\LM\ERSP_matrix\reading\PAT_3975_reading_WM_ERSP_AG12_TN.npy,0.0059431524547803,0.3135142118863049,True,1296,4,0.33496624,4
PAT_3975,reading,LM,AG1,\\nasac-m2.unige.ch\m-HumanNeuronLab\ANALYSIS\FLM\Analysis_LoraFanda\01_FBM_Analysis\outputs\04_ersp_LM_RAWONLY\PAT_3975\LM\ERSP_matrix\reading\PAT_3975_reading_WM_ERSP_AG1_TN.npy,0.0011369509043927,0.0791472868217054,True,1297,4,0.096024275,4
PAT_3975,reading,LM,AG2,\\nasac-m2.unige.ch\m-HumanNeuronLab\ANALYSIS\FLM\Analysis_LoraFanda\01_FBM_Analysis\outputs\04_ersp_LM_RAWONLY\PAT_3975\LM\ERSP_matrix\reading\PAT_3975_reading_WM_ERSP_AG2_TN.npy,0.0009043927648578,0.0875452196382429,True,1298,4,0.12166631,4
PAT_3975,reading,LM,AG3,\\nasac-m2.unige.ch\m-HumanNeuronLab\ANALYSIS\FLM\Analysis_LoraFanda\01_FBM_Analysis\outputs\04_ersp_LM_RAWONLY\PAT_3975\LM\ERSP_matrix\reading\PAT_3975_reading_WM_ERSP_AG3_TN.npy,0.0031524547803617,0.0922480620155038,True,1299,4,0.1158686,4
PAT_3975,reading,LM,AG4,\\nasac-m2.unige.ch\m-HumanNeuronLab\ANALYSIS\FLM\Analysis_LoraFanda\01_FBM_Analysis\outputs\04_ersp_LM_RAWONLY\PAT_3975\LM\ERSP_matrix\reading\PAT_3975_reading_WM_ERSP_AG4_TN.npy,0.0020930232558139,0.1414728682170542,True,1300,4,0.16812785,4
PAT_3975,reading,LM,AG5,\\nasac-m2.unige.ch\m-HumanNeuronLab\ANALYSIS\FLM\Analysis_LoraFanda\01_FBM_Analysis\outputs\04_ersp_LM_RAWONLY\PAT_3975\LM\ERSP_matrix\reading\PAT_3975_reading_WM_ERSP_AG5_TN.npy,0.0025064599483204,0.2027906976744186,True,1301,4,0.22612551,4
PAT_3975,reading,LM,AG7,\\nasac-m2.unige.ch\m-HumanNeuronLab\ANALYSIS\FLM\Analysis_LoraFanda\01_FBM_Analysis\outputs\04_ersp_LM_RAWONLY\PAT_3975\LM\ERSP_matrix\reading\PAT_3975_reading_WM_ERSP_AG7_TN.npy,0.0050904392764857,0.2655813953488372,True,1302,4,0.3270116,4
PAT_3975,reading,LM,AG8,\\nasac-m2.unige.ch\m-HumanNeuronLab\ANALYSIS\FLM\Analysis_LoraFanda\01_FBM_Analysis\outputs\04_ersp_LM_RAWONLY\PAT_3975\LM\ERSP_matrix\reading\PAT_3975_reading_WM_ERSP_AG8_TN.npy,0.0033074935400516,0.3199483204134367,True,1303,4,0.34825045,4
PAT_3975,reading,LM,AG9,\\nasac-m2.unige.ch\m-HumanNeuronLab\ANALYSIS\FLM\Analysis_LoraFanda\01_FBM_Analysis\outputs\04_ersp_LM_RAWONLY\PAT_3975\LM\ERSP_matrix\reading\PAT_3975_reading_WM_ERSP_AG9_TN.npy,0.003953488372093,0.3308527131782945,True,1304,4,0.34988412,4
PAT_3975,reading,LM,CPD10,\\nasac-m2.unige.ch\m-HumanNeuronLab\ANALYSIS\FLM\Analysis_LoraFanda\01_FBM_Analysis\outputs\04_ersp_LM_RAWONLY\PAT_3975\LM\ERSP_matrix\reading\PAT_3975_reading_WM_ERSP_CPD10_TN.npy,0.0059431524547803,0.0509819121447028,True,1305,4,0.08537674,4
PAT_3975,reading,LM,CPD11,\\nasac-m2.unige.ch\m-HumanNeuronLab\ANALYSIS\FLM\Analysis_LoraFanda\01_FBM_Analysis\outputs\04_ersp_LM_RAWONLY\PAT_3975\LM\ERSP_matrix\reading\PAT_3975_reading_WM_ERSP_CPD11_TN.npy,0.0095607235142118,0.0418863049095607,True,1306,4,0.06553739,4
PAT_3975,reading,LM,CPD13,\\nasac-m2.unige.ch\m-HumanNeuronLab\ANALYSIS\FLM\Analysis_LoraFanda\01_FBM_Analysis\outputs\04_ersp_LM_RAWONLY\PAT_3975\LM\ERSP_matrix\reading\PAT_3975_reading_WM_ERSP_CPD13_TN.npy,0.0078552971576227,0.0724547803617571,True,1307,4,0.1457165,4
PAT_3975,reading,LM,CPD14,\\nasac-m2.unige.ch\m-HumanNeuronLab\ANALYSIS\FLM\Analysis_LoraFanda\01_FBM_Analysis\outputs\04_ersp_LM_RAWONLY\PAT_3975\LM\ERSP_matrix\reading\PAT_3975_reading_WM_ERSP_CPD14_TN.npy,0.0018087855297157,0.1787080103359173,True,1308,4,0.29027537,4
PAT_3975,reading,LM,CPD15,\\nasac-m2.unige.ch\m-HumanNeuronLab\ANALYSIS\FLM\Analysis_LoraFanda\01_FBM_Analysis\outputs\04_ersp_LM_RAWONLY\PAT_3975\LM\ERSP_matrix\reading\PAT_3975_reading_WM_ERSP_CPD15_TN.npy,0.0020671834625322,0.3773901808785529,True,1309,4,0.2644781,4
PAT_3975,reading,LM,CPD9,\\nasac-m2.unige.ch\m-HumanNeuronLab\ANALYSIS\FLM\Analysis_LoraFanda\01_FBM_Analysis\outputs\04_ersp_LM_RAWONLY\PAT_3975\LM\ERSP_matrix\reading\PAT_3975_reading_WM_ERSP_CPD9_TN.npy,0.0062532299741602,0.055219638242894,True,1310,4,0.13015464,4
PAT_3975,reading,LM,CPG15,\\nasac-m2.unige.ch\m-HumanNeuronLab\ANALYSIS\FLM\Analysis_LoraFanda\01_FBM_Analysis\outputs\04_ersp_LM_RAWONLY\PAT_3975\LM\ERSP_matrix\reading\PAT_3975_reading_WM_ERSP_CPG15_TN.npy,0.001937984496124,0.0465374677002584,True,1311,15,-0.013256321,15
PAT_3975,reading,LM,FOD10,\\nasac-m2.unige.ch\m-HumanNeuronLab\ANALYSIS\FLM\Analysis_LoraFanda\01_FBM_Analysis\outputs\04_ersp_LM_RAWONLY\PAT_3975\LM\ERSP_matrix\reading\PAT_3975_reading_WM_ERSP_FOD10_TN.npy,0.0100516795865633,0.1208527131782945,True,1312,4,0.199241,4
PAT_3975,reading,LM,FOD15,\\nasac-m2.unige.ch\m-HumanNeuronLab\ANALYSIS\FLM\Analysis_LoraFanda\01_FBM_Analysis\outputs\04_ersp_LM_RAWONLY\PAT_3975\LM\ERSP_matrix\reading\PAT_3975_reading_WM_ERSP_FOD15_TN.npy,0.0163824289405684,0.2268217054263566,True,1313,4,0.2540748,4
PAT_3975,reading,LM,FOD8,\\nasac-m2.unige.ch\m-HumanNeuronLab\ANALYSIS\FLM\Analysis_LoraFanda\01_FBM_Analysis\outputs\04_ersp_LM_RAWONLY\PAT_3975\LM\ERSP_matrix\reading\PAT_3975_reading_WM_ERSP_FOD8_TN.npy,0.0049612403100775,0.0703875968992248,True,1314,4,0.11024708,4
PAT_3975,reading,LM,FOG11,\\nasac-m2.unige.ch\m-HumanNeuronLab\ANALYSIS\FLM\Analysis_LoraFanda\01_FBM_Analysis\outputs\04_ersp_LM_RAWONLY\PAT_3975\LM\ERSP_matrix\reading\PAT_3975_reading_WM_ERSP_FOG11_TN.npy,0.0014987080103359,0.1752713178294573,True,1315,4,0.25296035,4
PAT_3975,reading,LM,FOG12,\\nasac-m2.unige.ch\m-HumanNeuronLab\ANALYSIS\FLM\Analysis_LoraFanda\01_FBM_Analysis\outputs\04_ersp_LM_RAWONLY\PAT_3975\LM\ERSP_matrix\reading\PAT_3975_reading_WM_ERSP_FOG12_TN.npy,0.0025581395348837,0.1426614987080103,True,1316,4,0.2326826,4
PAT_3975,reading,LM,FOG13,\\nasac-m2.unige.ch\m-HumanNeuronLab\ANALYSIS\FLM\Analysis_LoraFanda\01_FBM_Analysis\outputs\04_ersp_LM_RAWONLY\PAT_3975\LM\ERSP_matrix\reading\PAT_3975_reading_WM_ERSP_FOG13_TN.npy,0.000516795865633,0.2627906976744186,True,1317,4,0.28757608,4
PAT_3975,reading,LM,FOG14,\\nasac-m2.unige.ch\m-HumanNeuronLab\ANALYSIS\FLM\Analysis_LoraFanda\01_FBM_Analysis\outputs\04_ersp_LM_RAWONLY\PAT_3975\LM\ERSP_matrix\reading\PAT_3975_reading_WM_ERSP_FOG14_TN.npy,0.0013178294573643,0.5063307493540051,True,1318,4,0.29209036,4
PAT_3975,reading,LM,FOG15,\\nasac-m2.unige.ch\m-HumanNeuronLab\ANALYSIS\FLM\Analysis_LoraFanda\01_FBM_Analysis\outputs\04_ersp_LM_RAWONLY\PAT_3975\LM\ERSP_matrix\reading\PAT_3975_reading_WM_ERSP_FOG15_TN.npy,0.0016795865633074,0.6401808785529716,True,1319,4,0.23438999,4
PAT_3975,reading,LM,FOG3,\\nasac-m2.unige.ch\m-HumanNeuronLab\ANALYSIS\FLM\Analysis_LoraFanda\01_FBM_Analysis\outputs\04_ersp_LM_RAWONLY\PAT_3975\LM\ERSP_matrix\reading\PAT_3975_reading_WM_ERSP_FOG3_TN.npy,0.0013953488372093,0.0474935400516795,True,1320,4,0.108645916,4
PAT_3975,reading,LM,FOG4,\\nasac-m2.unige.ch\m-HumanNeuronLab\ANALYSIS\FLM\Analysis_LoraFanda\01_FBM_Analysis\outputs\04_ersp_LM_RAWONLY\PAT_3975\LM\ERSP_matrix\reading\PAT_3975_reading_WM_ERSP_FOG4_TN.npy,0.0010335917312661,0.0551679586563307,True,1321,4,0.10151282,4
PAT_3975,reading,LM,FOG5,\\nasac-m2.unige.ch\m-HumanNeuronLab\ANALYSIS\FLM\Analysis_LoraFanda\01_FBM_Analysis\outputs\04_ersp_LM_RAWONLY\PAT_3975\LM\ERSP_matrix\reading\PAT_3975_reading_WM_ERSP_FOG5_TN.npy,0.0065374677002583,0.0731782945736434,True,1322,4,0.14105995,4
PAT_3975,reading,LM,FOG6,\\nasac-m2.unige.ch\m-HumanNeuronLab\ANALYSIS\FLM\Analysis_LoraFanda\01_FBM_Analysis\outputs\04_ersp_LM_RAWONLY\PAT_3975\LM\ERSP_matrix\reading\PAT_3975_reading_WM_ERSP_FOG6_TN.npy,0.0020155038759689,0.0861757105943152,True,1323,4,0.18275182,4
PAT_3975,reading,LM,FOG7,\\nasac-m2.unige.ch\m-HumanNeuronLab\ANALYSIS\FLM\Analysis_LoraFanda\01_FBM_Analysis\outputs\04_ersp_LM_RAWONLY\PAT_3975\LM\ERSP_matrix\reading\PAT_3975_reading_WM_ERSP_FOG7_TN.npy,0.0010594315245478,0.0955555555555555,True,1324,4,0.13768084,4
PAT_3975,reading,LM,HAD10,\\nasac-m2.unige.ch\m-HumanNeuronLab\ANALYSIS\FLM\Analysis_LoraFanda\01_FBM_Analysis\outputs\04_ersp_LM_RAWONLY\PAT_3975\LM\ERSP_matrix\reading\PAT_3975_reading_WM_ERSP_HAD10_TN.npy,0.007829457364341,0.1760206718346253,True,1325,4,0.21958007,4
PAT_3975,reading,LM,HAD12,\\nasac-m2.unige.ch\m-HumanNeuronLab\ANALYSIS\FLM\Analysis_LoraFanda\01_FBM_Analysis\outputs\04_ersp_LM_RAWONLY\PAT_3975\LM\ERSP_matrix\reading\PAT_3975_reading_WM_ERSP_HAD12_TN.npy,0.0068475452196382,0.2722997416020671,True,1326,4,0.3017985,4
PAT_3975,reading,LM,HAD1,\\nasac-m2.unige.ch\m-HumanNeuronLab\ANALYSIS\FLM\Analysis_LoraFanda\01_FBM_Analysis\outputs\04_ersp_LM_RAWONLY\PAT_3975\LM\ERSP_matrix\reading\PAT_3975_reading_WM_ERSP_HAD1_TN.npy,0.0280878552971576,0.0163307493540051,True,1327,16,-0.0026604286,16
PAT_3975,reading,LM,HAD2,\\nasac-m2.unige.ch\m-HumanNeuronLab\ANALYSIS\FLM\Analysis_LoraFanda\01_FBM_Analysis\outputs\04_ersp_LM_RAWONLY\PAT_3975\LM\ERSP_matrix\reading\PAT_3975_reading_WM_ERSP_HAD2_TN.npy,0.0306718346253229,0.0330490956072351,True,1328,16,-0.000925179,16
PAT_3975,reading,LM,HAD3,\\nasac-m2.unige.ch\m-HumanNeuronLab\ANALYSIS\FLM\Analysis_LoraFanda\01_FBM_Analysis\outputs\04_ersp_LM_RAWONLY\PAT_3975\LM\ERSP_matrix\reading\PAT_3975_reading_WM_ERSP_HAD3_TN.npy,0.0263565891472868,0.0333591731266149,True,1329,1,0.0067787296,1
PAT_3975,reading,LM,HAD4,\\nasac-m2.unige.ch\m-HumanNeuronLab\ANALYSIS\FLM\Analysis_LoraFanda\01_FBM_Analysis\outputs\04_ersp_LM_RAWONLY\PAT_3975\LM\ERSP_matrix\reading\PAT_3975_reading_WM_ERSP_HAD4_TN.npy,0.0130490956072351,0.0750904392764857,True,1330,1,0.16227295,1
PAT_3975,reading,LM,HAD5,\\nasac-m2.unige.ch\m-HumanNeuronLab\ANALYSIS\FLM\Analysis_LoraFanda\01_FBM_Analysis\outputs\04_ersp_LM_RAWONLY\PAT_3975\LM\ERSP_matrix\reading\PAT_3975_reading_WM_ERSP_HAD5_TN.npy,0.0028940568475452,0.1130232558139534,True,1331,1,-0.012790203,1
PAT_3975,reading,LM,HAD6,\\nasac-m2.unige.ch\m-HumanNeuronLab\ANALYSIS\FLM\Analysis_LoraFanda\01_FBM_Analysis\outputs\04_ersp_LM_RAWONLY\PAT_3975\LM\ERSP_matrix\reading\PAT_3975_reading_WM_ERSP_HAD6_TN.npy,0.0091472868217054,0.1658656330749354,True,1332,4,0.1790065,4
PAT_3975,reading,LM,HAD7,\\nasac-m2.unige.ch\m-HumanNeuronLab\ANALYSIS\FLM\Analysis_LoraFanda\01_FBM_Analysis\outputs\04_ersp_LM_RAWONLY\PAT_3975\LM\ERSP_matrix\reading\PAT_3975_reading_WM_ERSP_HAD7_TN.npy,0.0040051679586563,0.18656330749354,True,1333,4,0.24198209,4
PAT_3975,reading,LM,HAD8,\\nasac-m2.unige.ch\m-HumanNeuronLab\ANALYSIS\FLM\Analysis_LoraFanda\01_FBM_Analysis\outputs\04_ersp_LM_RAWONLY\PAT_3975\LM\ERSP_matrix\reading\PAT_3975_reading_WM_ERSP_HAD8_TN.npy,0.0048320413436692,0.2105684754521963,True,1334,4,0.2593051,4
PAT_3975,reading,LM,HAD9,\\nasac-m2.unige.ch\m-HumanNeuronLab\ANALYSIS\FLM\Analysis_LoraFanda\01_FBM_Analysis\outputs\04_ersp_LM_RAWONLY\PAT_3975\LM\ERSP_matrix\reading\PAT_3975_reading_WM_ERSP_HAD9_TN.npy,0.0041085271317829,0.1882170542635658,True,1335,4,0.23771815,4
PAT_3975,reading,LM,HAG1,\\nasac-m2.unige.ch\m-HumanNeuronLab\ANALYSIS\FLM\Analysis_LoraFanda\01_FBM_Analysis\outputs\04_ersp_LM_RAWONLY\PAT_3975\LM\ERSP_matrix\reading\PAT_3975_reading_WM_ERSP_HAG1_TN.npy,0.0075710594315245,0.0406976744186046,True,1336,1,0.13038118,1
PAT_3975,reading,LM,HAG3,\\nasac-m2.unige.ch\m-HumanNeuronLab\ANALYSIS\FLM\Analysis_LoraFanda\01_FBM_Analysis\outputs\04_ersp_LM_RAWONLY\PAT_3975\LM\ERSP_matrix\reading\PAT_3975_reading_WM_ERSP_HAG3_TN.npy,0.0021447028423772,0.0422739018087855,True,1337,1,0.12084746,1
PAT_3975,reading,LM,HAG4,\\nasac-m2.unige.ch\m-HumanNeuronLab\ANALYSIS\FLM\Analysis_LoraFanda\01_FBM_Analysis\outputs\04_ersp_LM_RAWONLY\PAT_3975\LM\ERSP_matrix\reading\PAT_3975_reading_WM_ERSP_HAG4_TN.npy,0.0014211886304909,0.1255297157622739,True,1338,1,-0.017883025,1
PAT_3975,reading,LM,HAG6,\\nasac-m2.unige.ch\m-HumanNeuronLab\ANALYSIS\FLM\Analysis_LoraFanda\01_FBM_Analysis\outputs\04_ersp_LM_RAWONLY\PAT_3975\LM\ERSP_matrix\reading\PAT_3975_reading_WM_ERSP_HAG6_TN.npy,0.0050645994832041,0.111343669250646,True,1339,4,0.20714736,4
PAT_3975,reading,LM,IAD10,\\nasac-m2.unige.ch\m-HumanNeuronLab\ANALYSIS\FLM\Analysis_LoraFanda\01_FBM_Analysis\outputs\04_ersp_LM_RAWONLY\PAT_3975\LM\ERSP_matrix\reading\PAT_3975_reading_WM_ERSP_IAD10_TN.npy,0.0009302325581395,0.0448578811369509,True,1340,4,0.059984364,4
PAT_3975,reading,LM,IAD12,\\nasac-m2.unige.ch\m-HumanNeuronLab\ANALYSIS\FLM\Analysis_LoraFanda\01_FBM_Analysis\outputs\04_ersp_LM_RAWONLY\PAT_3975\LM\ERSP_matrix\reading\PAT_3975_reading_WM_ERSP_IAD12_TN.npy,0.0010594315245478,0.0436434108527131,True,1341,1,0.08611009,1
PAT_3975,reading,LM,IAD13,\\nasac-m2.unige.ch\m-HumanNeuronLab\ANALYSIS\FLM\Analysis_LoraFanda\01_FBM_Analysis\outputs\04_ersp_LM_RAWONLY\PAT_3975\LM\ERSP_matrix\reading\PAT_3975_reading_WM_ERSP_IAD13_TN.npy,0.00984496124031,0.0670542635658914,True,1342,4,0.08325864,4
PAT_3975,reading,LM,IAD14,\\nasac-m2.unige.ch\m-HumanNeuronLab\ANALYSIS\FLM\Analysis_LoraFanda\01_FBM_Analysis\outputs\04_ersp_LM_RAWONLY\PAT_3975\LM\ERSP_matrix\reading\PAT_3975_reading_WM_ERSP_IAD14_TN.npy,0.0012919896640826,0.0542894056847545,True,1343,4,0.055805925,4
PAT_3975,reading,LM,IAD16,\\nasac-m2.unige.ch\m-HumanNeuronLab\ANALYSIS\FLM\Analysis_LoraFanda\01_FBM_Analysis\outputs\04_ersp_LM_RAWONLY\PAT_3975\LM\ERSP_matrix\reading\PAT_3975_reading_WM_ERSP_IAD16_TN.npy,0.0034108527131782,0.0520671834625323,True,1344,1,-0.037517484,1
PAT_3975,reading,LM,IAD17,\\nasac-m2.unige.ch\m-HumanNeuronLab\ANALYSIS\FLM\Analysis_LoraFanda\01_FBM_Analysis\outputs\04_ersp_LM_RAWONLY\PAT_3975\LM\ERSP_matrix\reading\PAT_3975_reading_WM_ERSP_IAD17_TN.npy,0.0069509043927648,0.0790956072351421,True,1345,4,0.11072252,4
PAT_3975,reading,LM,IAD18,\\nasac-m2.unige.ch\m-HumanNeuronLab\ANALYSIS\FLM\Analysis_LoraFanda\01_FBM_Analysis\outputs\04_ersp_LM_RAWONLY\PAT_3975\LM\ERSP_matrix\reading\PAT_3975_reading_WM_ERSP_IAD18_TN.npy,0.011188630490956,0.0704134366925064,True,1346,4,0.055679403,4
PAT_3975,reading,LM,IAD1,\\nasac-m2.unige.ch\m-HumanNeuronLab\ANALYSIS\FLM\Analysis_LoraFanda\01_FBM_Analysis\outputs\04_ersp_LM_RAWONLY\PAT_3975\LM\ERSP_matrix\reading\PAT_3975_reading_WM_ERSP_IAD1_TN.npy,0.0008268733850129,0.1637984496124031,True,1347,4,0.18895078,4
PAT_3975,reading,LM,IAD2,\\nasac-m2.unige.ch\m-HumanNeuronLab\ANALYSIS\FLM\Analysis_LoraFanda\01_FBM_Analysis\outputs\04_ersp_LM_RAWONLY\PAT_3975\LM\ERSP_matrix\reading\PAT_3975_reading_WM_ERSP_IAD2_TN.npy,0.0067183462532299,0.077312661498708,True,1348,4,0.0731884,4
PAT_3975,reading,LM,IAD3,\\nasac-m2.unige.ch\m-HumanNeuronLab\ANALYSIS\FLM\Analysis_LoraFanda\01_FBM_Analysis\outputs\04_ersp_LM_RAWONLY\PAT_3975\LM\ERSP_matrix\reading\PAT_3975_reading_WM_ERSP_IAD3_TN.npy,0.0015245478036175,0.066640826873385,True,1349,1,0.10357221,1
PAT_3975,reading,LM,IAD4,\\nasac-m2.unige.ch\m-HumanNeuronLab\ANALYSIS\FLM\Analysis_LoraFanda\01_FBM_Analysis\outputs\04_ersp_LM_RAWONLY\PAT_3975\LM\ERSP_matrix\reading\PAT_3975_reading_WM_ERSP_IAD4_TN.npy,0.0037726098191214,0.0857364341085271,True,1350,1,0.0078042233,1
PAT_3975,reading,LM,IAD5,\\nasac-m2.unige.ch\m-HumanNeuronLab\ANALYSIS\FLM\Analysis_LoraFanda\01_FBM_Analysis\outputs\04_ersp_LM_RAWONLY\PAT_3975\LM\ERSP_matrix\reading\PAT_3975_reading_WM_ERSP_IAD5_TN.npy,0.0103359173126615,0.0460723514211886,True,1351,1,0.13934661,1
PAT_3975,reading,LM,IAD9,\\nasac-m2.unige.ch\m-HumanNeuronLab\ANALYSIS\FLM\Analysis_LoraFanda\01_FBM_Analysis\outputs\04_ersp_LM_RAWONLY\PAT_3975\LM\ERSP_matrix\reading\PAT_3975_reading_WM_ERSP_IAD9_TN.npy,0.0033591731266149,0.0482945736434108,True,1352,4,0.082973495,4
PAT_3975,reading,LM,IAG10,\\nasac-m2.unige.ch\m-HumanNeuronLab\ANALYSIS\FLM\Analysis_LoraFanda\01_FBM_Analysis\outputs\04_ersp_LM_RAWONLY\PAT_3975\LM\ERSP_matrix\reading\PAT_3975_reading_WM_ERSP_IAG10_TN.npy,0.0017054263565891,0.0566666666666666,True,1353,4,0.1226691,4
PAT_3975,reading,LM,IAG11,\\nasac-m2.unige.ch\m-HumanNeuronLab\ANALYSIS\FLM\Analysis_LoraFanda\01_FBM_Analysis\outputs\04_ersp_LM_RAWONLY\PAT_3975\LM\ERSP_matrix\reading\PAT_3975_reading_WM_ERSP_IAG11_TN.npy,0.0050645994832041,0.0681136950904392,True,1354,4,0.1502585,4
PAT_3975,reading,LM,IAG12,\\nasac-m2.unige.ch\m-HumanNeuronLab\ANALYSIS\FLM\Analysis_LoraFanda\01_FBM_Analysis\outputs\04_ersp_LM_RAWONLY\PAT_3975\LM\ERSP_matrix\reading\PAT_3975_reading_WM_ERSP_IAG12_TN.npy,0.0023255813953488,0.0550129198966408,True,1355,4,0.11058471,4
PAT_3975,reading,LM,IAG13,\\nasac-m2.unige.ch\m-HumanNeuronLab\ANALYSIS\FLM\Analysis_LoraFanda\01_FBM_Analysis\outputs\04_ersp_LM_RAWONLY\PAT_3975\LM\ERSP_matrix\reading\PAT_3975_reading_WM_ERSP_IAG13_TN.npy,0.0010594315245478,0.0772093023255813,True,1356,4,0.14035161,4
PAT_3975,reading,LM,IAG14,\\nasac-m2.unige.ch\m-HumanNeuronLab\ANALYSIS\FLM\Analysis_LoraFanda\01_FBM_Analysis\outputs\04_ersp_LM_RAWONLY\PAT_3975\LM\ERSP_matrix\reading\PAT_3975_reading_WM_ERSP_IAG14_TN.npy,0.001188630490956,0.0836434108527131,True,1357,4,0.16771394,4
PAT_3975,reading,LM,IAG15,\\nasac-m2.unige.ch\m-HumanNeuronLab\ANALYSIS\FLM\Analysis_LoraFanda\01_FBM_Analysis\outputs\04_ersp_LM_RAWONLY\PAT_3975\LM\ERSP_matrix\reading\PAT_3975_reading_WM_ERSP_IAG15_TN.npy,0.0020671834625322,0.0588888888888888,True,1358,4,0.080116466,4
PAT_3975,reading,LM,IAG17,\\nasac-m2.unige.ch\m-HumanNeuronLab\ANALYSIS\FLM\Analysis_LoraFanda\01_FBM_Analysis\outputs\04_ersp_LM_RAWONLY\PAT_3975\LM\ERSP_matrix\reading\PAT_3975_reading_WM_ERSP_IAG17_TN.npy,0.0016279069767441,0.0413178294573643,True,1359,4,0.07443116,4
PAT_3975,reading,LM,IAG9,\\nasac-m2.unige.ch\m-HumanNeuronLab\ANALYSIS\FLM\Analysis_LoraFanda\01_FBM_Analysis\outputs\04_ersp_LM_RAWONLY\PAT_3975\LM\ERSP_matrix\reading\PAT_3975_reading_WM_ERSP_IAG9_TN.npy,0.0012144702842377,0.0549870801033591,True,1360,4,0.10421025,4
PAT_3975,reading,LM,IMD10,\\nasac-m2.unige.ch\m-HumanNeuronLab\ANALYSIS\FLM\Analysis_LoraFanda\01_FBM_Analysis\outputs\04_ersp_LM_RAWONLY\PAT_3975\LM\ERSP_matrix\reading\PAT_3975_reading_WM_ERSP_IMD10_TN.npy,0.0640568475452196,0.0021188630490956,True,1361,5,0.060385223,5
PAT_3975,reading,LM,IMD11,\\nasac-m2.unige.ch\m-HumanNeuronLab\ANALYSIS\FLM\Analysis_LoraFanda\01_FBM_Analysis\outputs\04_ersp_LM_RAWONLY\PAT_3975\LM\ERSP_matrix\reading\PAT_3975_reading_WM_ERSP_IMD11_TN.npy,0.0518087855297157,0.0019121447028423,True,1362,5,0.12050156,5
PAT_3975,reading,LM,IMG18,\\nasac-m2.unige.ch\m-HumanNeuronLab\ANALYSIS\FLM\Analysis_LoraFanda\01_FBM_Analysis\outputs\04_ersp_LM_RAWONLY\PAT_3975\LM\ERSP_matrix\reading\PAT_3975_reading_WM_ERSP_IMG18_TN.npy,0.0032558139534883,0.1023514211886304,True,1363,4,0.109224156,4
PAT_3975,reading,LM,PHD10,\\nasac-m2.unige.ch\m-HumanNeuronLab\ANALYSIS\FLM\Analysis_LoraFanda\01_FBM_Analysis\outputs\04_ersp_LM_RAWONLY\PAT_3975\LM\ERSP_matrix\reading\PAT_3975_reading_WM_ERSP_PHD10_TN.npy,0.0106459948320413,0.1828423772609819,True,1364,4,0.25772226,4
PAT_3975,reading,LM,PHD12,\\nasac-m2.unige.ch\m-HumanNeuronLab\ANALYSIS\FLM\Analysis_LoraFanda\01_FBM_Analysis\outputs\04_ersp_LM_RAWONLY\PAT_3975\LM\ERSP_matrix\reading\PAT_3975_reading_WM_ERSP_PHD12_TN.npy,0.007984496124031,0.2322739018087855,True,1365,4,0.29959452,4
PAT_3975,reading,LM,PHD3,\\nasac-m2.unige.ch\m-HumanNeuronLab\ANALYSIS\FLM\Analysis_LoraFanda\01_FBM_Analysis\outputs\04_ersp_LM_RAWONLY\PAT_3975\LM\ERSP_matrix\reading\PAT_3975_reading_WM_ERSP_PHD3_TN.npy,0.008656330749354,0.0675710594315245,True,1366,1,0.13517614,1
PAT_3975,reading,LM,PHD4,\\nasac-m2.unige.ch\m-HumanNeuronLab\ANALYSIS\FLM\Analysis_LoraFanda\01_FBM_Analysis\outputs\04_ersp_LM_RAWONLY\PAT_3975\LM\ERSP_matrix\reading\PAT_3975_reading_WM_ERSP_PHD4_TN.npy,0.0088113695090439,0.0704392764857881,True,1367,1,0.13371737,1
PAT_3975,reading,LM,PHD6,\\nasac-m2.unige.ch\m-HumanNeuronLab\ANALYSIS\FLM\Analysis_LoraFanda\01_FBM_Analysis\outputs\04_ersp_LM_RAWONLY\PAT_3975\LM\ERSP_matrix\reading\PAT_3975_reading_WM_ERSP_PHD6_TN.npy,0.0056847545219638,0.1443669250645994,True,1368,4,0.16820934,4
PAT_3975,reading,LM,PHD8,\\nasac-m2.unige.ch\m-HumanNeuronLab\ANALYSIS\FLM\Analysis_LoraFanda\01_FBM_Analysis\outputs\04_ersp_LM_RAWONLY\PAT_3975\LM\ERSP_matrix\reading\PAT_3975_reading_WM_ERSP_PHD8_TN.npy,0.0101033591731266,0.1446770025839793,True,1369,4,0.23404369,4
PAT_3975,reading,LM,PHD9,\\nasac-m2.unige.ch\m-HumanNeuronLab\ANALYSIS\FLM\Analysis_LoraFanda\01_FBM_Analysis\outputs\04_ersp_LM_RAWONLY\PAT_3975\LM\ERSP_matrix\reading\PAT_3975_reading_WM_ERSP_PHD9_TN.npy,0.0108010335917312,0.136485788113695,True,1370,4,0.22756134,4
PAT_3975,reading,LM,PHG10,\\nasac-m2.unige.ch\m-HumanNeuronLab\ANALYSIS\FLM\Analysis_LoraFanda\01_FBM_Analysis\outputs\04_ersp_LM_RAWONLY\PAT_3975\LM\ERSP_matrix\reading\PAT_3975_reading_WM_ERSP_PHG10_TN.npy,0.0020671834625322,0.1297157622739018,True,1371,4,0.19846372,4
PAT_3975,reading,LM,PHG11,\\nasac-m2.unige.ch\m-HumanNeuronLab\ANALYSIS\FLM\Analysis_LoraFanda\01_FBM_Analysis\outputs\04_ersp_LM_RAWONLY\PAT_3975\LM\ERSP_matrix\reading\PAT_3975_reading_WM_ERSP_PHG11_TN.npy,0.0049354005167958,0.1050645994832041,True,1372,4,0.16185357,4
PAT_3975,reading,LM,PHG12,\\nasac-m2.unige.ch\m-HumanNeuronLab\ANALYSIS\FLM\Analysis_LoraFanda\01_FBM_Analysis\outputs\04_ersp_LM_RAWONLY\PAT_3975\LM\ERSP_matrix\reading\PAT_3975_reading_WM_ERSP_PHG12_TN.npy,0.0049612403100775,0.0801808785529715,True,1373,4,0.13692772,4
PAT_3975,reading,LM,PHG3,\\nasac-m2.unige.ch\m-HumanNeuronLab\ANALYSIS\FLM\Analysis_LoraFanda\01_FBM_Analysis\outputs\04_ersp_LM_RAWONLY\PAT_3975\LM\ERSP_matrix\reading\PAT_3975_reading_WM_ERSP_PHG3_TN.npy,0.0018087855297157,0.059173126614987,True,1374,1,0.0895622,1
PAT_3975,reading,LM,PHG5,\\nasac-m2.unige.ch\m-HumanNeuronLab\ANALYSIS\FLM\Analysis_LoraFanda\01_FBM_Analysis\outputs\04_ersp_LM_RAWONLY\PAT_3975\LM\ERSP_matrix\reading\PAT_3975_reading_WM_ERSP_PHG5_TN.npy,0.0026873385012919,0.1178036175710594,True,1375,4,0.2106722,4
PAT_3975,reading,LM,PHG6,\\nasac-m2.unige.ch\m-HumanNeuronLab\ANALYSIS\FLM\Analysis_LoraFanda\01_FBM_Analysis\outputs\04_ersp_LM_RAWONLY\PAT_3975\LM\ERSP_matrix\reading\PAT_3975_reading_WM_ERSP_PHG6_TN.npy,0.001188630490956,0.1383204134366925,True,1376,4,0.24212943,4
PAT_3975,reading,LM,PHG7,\\nasac-m2.unige.ch\m-HumanNeuronLab\ANALYSIS\FLM\Analysis_LoraFanda\01_FBM_Analysis\outputs\04_ersp_LM_RAWONLY\PAT_3975\LM\ERSP_matrix\reading\PAT_3975_reading_WM_ERSP_PHG7_TN.npy,0.0017312661498708,0.1137209302325581,True,1377,4,0.2038437,4
PAT_3975,reading,LM,PHG8,\\nasac-m2.unige.ch\m-HumanNeuronLab\ANALYSIS\FLM\Analysis_LoraFanda\01_FBM_Analysis\outputs\04_ersp_LM_RAWONLY\PAT_3975\LM\ERSP_matrix\reading\PAT_3975_reading_WM_ERSP_PHG8_TN.npy,0.0018863049095607,0.1282428940568475,True,1378,4,0.18988144,4
PAT_3975,reading,LM,PHG9,\\nasac-m2.unige.ch\m-HumanNeuronLab\ANALYSIS\FLM\Analysis_LoraFanda\01_FBM_Analysis\outputs\04_ersp_LM_RAWONLY\PAT_3975\LM\ERSP_matrix\reading\PAT_3975_reading_WM_ERSP_PHG9_TN.npy,0.0010852713178294,0.1547028423772609,True,1379,4,0.23346218,4
PAT_3975,reading,LM,TPD1,\\nasac-m2.unige.ch\m-HumanNeuronLab\ANALYSIS\FLM\Analysis_LoraFanda\01_FBM_Analysis\outputs\04_ersp_LM_RAWONLY\PAT_3975\LM\ERSP_matrix\reading\PAT_3975_reading_WM_ERSP_TPD1_TN.npy,0.0026356589147286,0.2460465116279069,True,1380,4,0.1329661,4
PAT_3975,reading,LM,TPD3,\\nasac-m2.unige.ch\m-HumanNeuronLab\ANALYSIS\FLM\Analysis_LoraFanda\01_FBM_Analysis\outputs\04_ersp_LM_RAWONLY\PAT_3975\LM\ERSP_matrix\reading\PAT_3975_reading_WM_ERSP_TPD3_TN.npy,0.0025064599483204,0.2838501291989664,True,1381,4,0.25224218,4
PAT_3975,reading,LM,TPD4,\\nasac-m2.unige.ch\m-HumanNeuronLab\ANALYSIS\FLM\Analysis_LoraFanda\01_FBM_Analysis\outputs\04_ersp_LM_RAWONLY\PAT_3975\LM\ERSP_matrix\reading\PAT_3975_reading_WM_ERSP_TPD4_TN.npy,0.0022222222222222,0.2913695090439276,True,1382,4,0.28671274,4
PAT_3975,reading,LM,TPD5,\\nasac-m2.unige.ch\m-HumanNeuronLab\ANALYSIS\FLM\Analysis_LoraFanda\01_FBM_Analysis\outputs\04_ersp_LM_RAWONLY\PAT_3975\LM\ERSP_matrix\reading\PAT_3975_reading_WM_ERSP_TPD5_TN.npy,0.0020155038759689,0.3094056847545219,True,1383,4,0.29335156,4
PAT_3975,reading,LM,TPG2,\\nasac-m2.unige.ch\m-HumanNeuronLab\ANALYSIS\FLM\Analysis_LoraFanda\01_FBM_Analysis\outputs\04_ersp_LM_RAWONLY\PAT_3975\LM\ERSP_matrix\reading\PAT_3975_reading_WM_ERSP_TPG2_TN.npy,0.0029457364341085,0.3008785529715762,True,1384,4,0.29625767,4
PAT_3975,reading,LM,TPG3,\\nasac-m2.unige.ch\m-HumanNeuronLab\ANALYSIS\FLM\Analysis_LoraFanda\01_FBM_Analysis\outputs\04_ersp_LM_RAWONLY\PAT_3975\LM\ERSP_matrix\reading\PAT_3975_reading_WM_ERSP_TPG3_TN.npy,0.0031007751937984,0.3470542635658915,True,1385,4,0.31894812,4
PAT_3975,reading,LM,TPG4,\\nasac-m2.unige.ch\m-HumanNeuronLab\ANALYSIS\FLM\Analysis_LoraFanda\01_FBM_Analysis\outputs\04_ersp_LM_RAWONLY\PAT_3975\LM\ERSP_matrix\reading\PAT_3975_reading_WM_ERSP_TPG4_TN.npy,0.0035400516795865,0.3837209302325581,True,1386,4,0.33204862,4
PAT_3975,reading,LM,TPG5,\\nasac-m2.unige.ch\m-HumanNeuronLab\ANALYSIS\FLM\Analysis_LoraFanda\01_FBM_Analysis\outputs\04_ersp_LM_RAWONLY\PAT_3975\LM\ERSP_matrix\reading\PAT_3975_reading_WM_ERSP_TPG5_TN.npy,0.0036950904392764,0.3809819121447028,True,1387,4,0.32908055,4
PAT_5515,audio,LM,HAD1,\\nasac-m2.unige.ch\m-HumanNeuronLab\ANALYSIS\FLM\Analysis_LoraFanda\01_FBM_Analysis\outputs\04_ersp_LM_RAWONLY\PAT_5515\LM\ERSP_matrix\audio\PAT_5515_audio_WM_ERSP_HAD1_TN.npy,0.022532299741602,0.0001550387596899,True,1388,6,0.1415719,6
PAT_5515,picture,LM,HAD1,\\nasac-m2.unige.ch\m-HumanNeuronLab\ANALYSIS\FLM\Analysis_LoraFanda\01_FBM_Analysis\outputs\04_ersp_LM_RAWONLY\PAT_5515\LM\ERSP_matrix\picture\PAT_5515_picture_WM_ERSP_HAD1_TN.npy,0.0220155038759689,0.0009043927648578,True,1389,6,0.07418442,6
PAT_5515,picture,LM,IAD5,\\nasac-m2.unige.ch\m-HumanNeuronLab\ANALYSIS\FLM\Analysis_LoraFanda\01_FBM_Analysis\outputs\04_ersp_LM_RAWONLY\PAT_5515\LM\ERSP_matrix\picture\PAT_5515_picture_WM_ERSP_IAD5_TN.npy,0.0227131782945736,0.0013178294573643,True,1390,18,0.07109041,18
PAT_5515,picture,LM,TPD4,\\nasac-m2.unige.ch\m-HumanNeuronLab\ANALYSIS\FLM\Analysis_LoraFanda\01_FBM_Analysis\outputs\04_ersp_LM_RAWONLY\PAT_5515\LM\ERSP_matrix\picture\PAT_5515_picture_WM_ERSP_TPD4_TN.npy,0.0270284237726098,0.0004134366925064,True,1391,16,0.10602936,16
PAT_5515,picture,LM,TPD5,\\nasac-m2.unige.ch\m-HumanNeuronLab\ANALYSIS\FLM\Analysis_LoraFanda\01_FBM_Analysis\outputs\04_ersp_LM_RAWONLY\PAT_5515\LM\ERSP_matrix\picture\PAT_5515_picture_WM_ERSP_TPD5_TN.npy,0.0254005167958656,0.0003875968992248,True,1392,16,0.1277457,16
PAT_5515,picture,LM,TPD6,\\nasac-m2.unige.ch\m-HumanNeuronLab\ANALYSIS\FLM\Analysis_LoraFanda\01_FBM_Analysis\outputs\04_ersp_LM_RAWONLY\PAT_5515\LM\ERSP_matrix\picture\PAT_5515_picture_WM_ERSP_TPD6_TN.npy,0.0204909560723514,0.0003359173126614,True,1393,16,0.13917342,16
PAT_5515,reading,LM,AD2,\\nasac-m2.unige.ch\m-HumanNeuronLab\ANALYSIS\FLM\Analysis_LoraFanda\01_FBM_Analysis\outputs\04_ersp_LM_RAWONLY\PAT_5515\LM\ERSP_matrix\reading\PAT_5515_reading_WM_ERSP_AD2_TN.npy,0.0206976744186046,0.0002583979328165,True,1394,6,0.09142646,6
PAT_5515,reading,LM,HAG2,\\nasac-m2.unige.ch\m-HumanNeuronLab\ANALYSIS\FLM\Analysis_LoraFanda\01_FBM_Analysis\outputs\04_ersp_LM_RAWONLY\PAT_5515\LM\ERSP_matrix\reading\PAT_5515_reading_WM_ERSP_HAG2_TN.npy,0.0262273901808785,0.0002325581395348,True,1395,6,0.09781349,6
PAT_5515,reading,LM,IAD5,\\nasac-m2.unige.ch\m-HumanNeuronLab\ANALYSIS\FLM\Analysis_LoraFanda\01_FBM_Analysis\outputs\04_ersp_LM_RAWONLY\PAT_5515\LM\ERSP_matrix\reading\PAT_5515_reading_WM_ERSP_IAD5_TN.npy,0.0205684754521963,0.0049612403100775,True,1396,5,0.032980423,5
PAT_5533,audio,LM,HAG6,\\nasac-m2.unige.ch\m-HumanNeuronLab\ANALYSIS\FLM\Analysis_LoraFanda\01_FBM_Analysis\outputs\04_ersp_LM_RAWONLY\PAT_5533\LM\ERSP_matrix\audio\PAT_5533_audio_WM_ERSP_HAG6_TN.npy,0.0996124031007752,0.0040051679586563,True,1397,3,-0.009671573,3
PAT_5533,audio,LM,IAD4,\\nasac-m2.unige.ch\m-HumanNeuronLab\ANALYSIS\FLM\Analysis_LoraFanda\01_FBM_Analysis\outputs\04_ersp_LM_RAWONLY\PAT_5533\LM\ERSP_matrix\audio\PAT_5533_audio_WM_ERSP_IAD4_TN.npy,0.0202842377260981,0.0204392764857881,True,1398,14,0.14684214,14
PAT_5533,audio,LM,IMD11,\\nasac-m2.unige.ch\m-HumanNeuronLab\ANALYSIS\FLM\Analysis_LoraFanda\01_FBM_Analysis\outputs\04_ersp_LM_RAWONLY\PAT_5533\LM\ERSP_matrix\audio\PAT_5533_audio_WM_ERSP_IMD11_TN.npy,0.0202583979328165,0.000594315245478,True,1399,6,0.06385112,6
PAT_5533,audio,LM,IPD2,\\nasac-m2.unige.ch\m-HumanNeuronLab\ANALYSIS\FLM\Analysis_LoraFanda\01_FBM_Analysis\outputs\04_ersp_LM_RAWONLY\PAT_5533\LM\ERSP_matrix\audio\PAT_5533_audio_WM_ERSP_IPD2_TN.npy,0.0309043927648578,0.0016020671834625,True,1400,14,-0.05877445,14
PAT_5533,audio,LM,IPD3,\\nasac-m2.unige.ch\m-HumanNeuronLab\ANALYSIS\FLM\Analysis_LoraFanda\01_FBM_Analysis\outputs\04_ersp_LM_RAWONLY\PAT_5533\LM\ERSP_matrix\audio\PAT_5533_audio_WM_ERSP_IPD3_TN.npy,0.0811369509043927,0.0160206718346253,True,1401,14,0.005512142,14
PAT_5533,audio,LM,IPD4,\\nasac-m2.unige.ch\m-HumanNeuronLab\ANALYSIS\FLM\Analysis_LoraFanda\01_FBM_Analysis\outputs\04_ersp_LM_RAWONLY\PAT_5533\LM\ERSP_matrix\audio\PAT_5533_audio_WM_ERSP_IPD4_TN.npy,0.1101808785529715,0.0013695090439276,True,1402,18,0.09566595,18
PAT_5533,audio,LM,IPD5,\\nasac-m2.unige.ch\m-HumanNeuronLab\ANALYSIS\FLM\Analysis_LoraFanda\01_FBM_Analysis\outputs\04_ersp_LM_RAWONLY\PAT_5533\LM\ERSP_matrix\audio\PAT_5533_audio_WM_ERSP_IPD5_TN.npy,0.0410594315245478,0.0004134366925064,True,1403,18,0.056803983,18
PAT_5533,audio,LM,IPD6,\\nasac-m2.unige.ch\m-HumanNeuronLab\ANALYSIS\FLM\Analysis_LoraFanda\01_FBM_Analysis\outputs\04_ersp_LM_RAWONLY\PAT_5533\LM\ERSP_matrix\audio\PAT_5533_audio_WM_ERSP_IPD6_TN.npy,0.0226873385012919,0.0005684754521963,True,1404,3,0.0893817,3
PAT_5533,audio,LM,OFD5,\\nasac-m2.unige.ch\m-HumanNeuronLab\ANALYSIS\FLM\Analysis_LoraFanda\01_FBM_Analysis\outputs\04_ersp_LM_RAWONLY\PAT_5533\LM\ERSP_matrix\audio\PAT_5533_audio_WM_ERSP_OFD5_TN.npy,0.0028165374677002,0.0461757105943152,True,1405,10,0.2235123,10
PAT_5533,audio,LM,TPD10,\\nasac-m2.unige.ch\m-HumanNeuronLab\ANALYSIS\FLM\Analysis_LoraFanda\01_FBM_Analysis\outputs\04_ersp_LM_RAWONLY\PAT_5533\LM\ERSP_matrix\audio\PAT_5533_audio_WM_ERSP_TPD10_TN.npy,0.0202067183462532,0.0075710594315245,True,1406,3,0.011660261,3
PAT_5533,picture,LM,AD3,\\nasac-m2.unige.ch\m-HumanNeuronLab\ANALYSIS\FLM\Analysis_LoraFanda\01_FBM_Analysis\outputs\04_ersp_LM_RAWONLY\PAT_5533\LM\ERSP_matrix\picture\PAT_5533_picture_WM_ERSP_AD3_TN.npy,0.0228423772609819,0.0017054263565891,True,1407,3,0.08668384,3
PAT_5533,picture,LM,HAG6,\\nasac-m2.unige.ch\m-HumanNeuronLab\ANALYSIS\FLM\Analysis_LoraFanda\01_FBM_Analysis\outputs\04_ersp_LM_RAWONLY\PAT_5533\LM\ERSP_matrix\picture\PAT_5533_picture_WM_ERSP_HAG6_TN.npy,0.029173126614987,0.0019896640826873,True,1408,5,0.05122629,5
PAT_5533,picture,LM,IAD3,\\nasac-m2.unige.ch\m-HumanNeuronLab\ANALYSIS\FLM\Analysis_LoraFanda\01_FBM_Analysis\outputs\04_ersp_LM_RAWONLY\PAT_5533\LM\ERSP_matrix\picture\PAT_5533_picture_WM_ERSP_IAD3_TN.npy,0.0226873385012919,0.0201291989664082,True,1409,14,0.07454392,14
PAT_5533,picture,LM,IPD2,\\nasac-m2.unige.ch\m-HumanNeuronLab\ANALYSIS\FLM\Analysis_LoraFanda\01_FBM_Analysis\outputs\04_ersp_LM_RAWONLY\PAT_5533\LM\ERSP_matrix\picture\PAT_5533_picture_WM_ERSP_IPD2_TN.npy,0.0488113695090439,0.0003617571059431,True,1410,5,0.05633759,5
PAT_5533,picture,LM,IPD3,\\nasac-m2.unige.ch\m-HumanNeuronLab\ANALYSIS\FLM\Analysis_LoraFanda\01_FBM_Analysis\outputs\04_ersp_LM_RAWONLY\PAT_5533\LM\ERSP_matrix\picture\PAT_5533_picture_WM_ERSP_IPD3_TN.npy,0.0754780361757106,0.0024806201550387,True,1411,3,0.045839015,3
PAT_5533,picture,LM,IPD4,\\nasac-m2.unige.ch\m-HumanNeuronLab\ANALYSIS\FLM\Analysis_LoraFanda\01_FBM_Analysis\outputs\04_ersp_LM_RAWONLY\PAT_5533\LM\ERSP_matrix\picture\PAT_5533_picture_WM_ERSP_IPD4_TN.npy,0.0920413436692506,0.0054263565891472,True,1412,18,0.008886282,18
PAT_5533,picture,LM,IPD5,\\nasac-m2.unige.ch\m-HumanNeuronLab\ANALYSIS\FLM\Analysis_LoraFanda\01_FBM_Analysis\outputs\04_ersp_LM_RAWONLY\PAT_5533\LM\ERSP_matrix\picture\PAT_5533_picture_WM_ERSP_IPD5_TN.npy,0.0376744186046511,0.0004909560723514,True,1413,5,-0.039050378,5
PAT_5533,picture,LM,IPD6,\\nasac-m2.unige.ch\m-HumanNeuronLab\ANALYSIS\FLM\Analysis_LoraFanda\01_FBM_Analysis\outputs\04_ersp_LM_RAWONLY\PAT_5533\LM\ERSP_matrix\picture\PAT_5533_picture_WM_ERSP_IPD6_TN.npy,0.0256847545219638,0.0030232558139534,True,1414,3,-0.009264415,3
PAT_5533,picture,LM,OFD3,\\nasac-m2.unige.ch\m-HumanNeuronLab\ANALYSIS\FLM\Analysis_LoraFanda\01_FBM_Analysis\outputs\04_ersp_LM_RAWONLY\PAT_5533\LM\ERSP_matrix\picture\PAT_5533_picture_WM_ERSP_OFD3_TN.npy,0.0016020671834625,0.048501291989664,True,1415,10,0.3904365,10
PAT_5533,picture,LM,OFD5,\\nasac-m2.unige.ch\m-HumanNeuronLab\ANALYSIS\FLM\Analysis_LoraFanda\01_FBM_Analysis\outputs\04_ersp_LM_RAWONLY\PAT_5533\LM\ERSP_matrix\picture\PAT_5533_picture_WM_ERSP_OFD5_TN.npy,0.0020413436692506,0.0623255813953488,True,1416,10,0.4264591,10
PAT_5533,picture,LM,PCD6,\\nasac-m2.unige.ch\m-HumanNeuronLab\ANALYSIS\FLM\Analysis_LoraFanda\01_FBM_Analysis\outputs\04_ersp_LM_RAWONLY\PAT_5533\LM\ERSP_matrix\picture\PAT_5533_picture_WM_ERSP_PCD6_TN.npy,0.0213436692506459,0.020594315245478,True,1417,14,0.12675981,14
PAT_5533,picture,LM,TPD1,\\nasac-m2.unige.ch\m-HumanNeuronLab\ANALYSIS\FLM\Analysis_LoraFanda\01_FBM_Analysis\outputs\04_ersp_LM_RAWONLY\PAT_5533\LM\ERSP_matrix\picture\PAT_5533_picture_WM_ERSP_TPD1_TN.npy,0.028501291989664,0.0005426356589147,True,1418,3,0.0021813442,3
PAT_5533,picture,LM,TPD2,\\nasac-m2.unige.ch\m-HumanNeuronLab\ANALYSIS\FLM\Analysis_LoraFanda\01_FBM_Analysis\outputs\04_ersp_LM_RAWONLY\PAT_5533\LM\ERSP_matrix\picture\PAT_5533_picture_WM_ERSP_TPD2_TN.npy,0.0222997416020671,0.000594315245478,True,1419,6,0.019208916,6
PAT_5533,picture,LM,TPD4,\\nasac-m2.unige.ch\m-HumanNeuronLab\ANALYSIS\FLM\Analysis_LoraFanda\01_FBM_Analysis\outputs\04_ersp_LM_RAWONLY\PAT_5533\LM\ERSP_matrix\picture\PAT_5533_picture_WM_ERSP_TPD4_TN.npy,0.0219121447028423,0.0005426356589147,True,1420,17,0.00028277817,17
PAT_5533,reading,LM,HAG6,\\nasac-m2.unige.ch\m-HumanNeuronLab\ANALYSIS\FLM\Analysis_LoraFanda\01_FBM_Analysis\outputs\04_ersp_LM_RAWONLY\PAT_5533\LM\ERSP_matrix\reading\PAT_5533_reading_WM_ERSP_HAG6_TN.npy,0.0716020671834625,0.011266149870801,True,1421,3,-0.01079225,3
PAT_5533,reading,LM,IPD13,\\nasac-m2.unige.ch\m-HumanNeuronLab\ANALYSIS\FLM\Analysis_LoraFanda\01_FBM_Analysis\outputs\04_ersp_LM_RAWONLY\PAT_5533\LM\ERSP_matrix\reading\PAT_5533_reading_WM_ERSP_IPD13_TN.npy,0.0033074935400516,0.0545736434108527,True,1422,10,0.35682306,10
PAT_5533,reading,LM,IPD2,\\nasac-m2.unige.ch\m-HumanNeuronLab\ANALYSIS\FLM\Analysis_LoraFanda\01_FBM_Analysis\outputs\04_ersp_LM_RAWONLY\PAT_5533\LM\ERSP_matrix\reading\PAT_5533_reading_WM_ERSP_IPD2_TN.npy,0.0302325581395348,0.0029198966408268,True,1423,5,0.12625167,5
PAT_5533,reading,LM,IPD3,\\nasac-m2.unige.ch\m-HumanNeuronLab\ANALYSIS\FLM\Analysis_LoraFanda\01_FBM_Analysis\outputs\04_ersp_LM_RAWONLY\PAT_5533\LM\ERSP_matrix\reading\PAT_5533_reading_WM_ERSP_IPD3_TN.npy,0.0591989664082687,0.0055038759689922,True,1424,3,0.056172278,3
PAT_5533,reading,LM,IPD4,\\nasac-m2.unige.ch\m-HumanNeuronLab\ANALYSIS\FLM\Analysis_LoraFanda\01_FBM_Analysis\outputs\04_ersp_LM_RAWONLY\PAT_5533\LM\ERSP_matrix\reading\PAT_5533_reading_WM_ERSP_IPD4_TN.npy,0.0694573643410852,0.0040568475452196,True,1425,5,-0.056218803,5
PAT_5533,reading,LM,IPD5,\\nasac-m2.unige.ch\m-HumanNeuronLab\ANALYSIS\FLM\Analysis_LoraFanda\01_FBM_Analysis\outputs\04_ersp_LM_RAWONLY\PAT_5533\LM\ERSP_matrix\reading\PAT_5533_reading_WM_ERSP_IPD5_TN.npy,0.0368217054263565,0.0012144702842377,True,1426,5,-0.05154322,5
PAT_5533,reading,LM,IPD6,\\nasac-m2.unige.ch\m-HumanNeuronLab\ANALYSIS\FLM\Analysis_LoraFanda\01_FBM_Analysis\outputs\04_ersp_LM_RAWONLY\PAT_5533\LM\ERSP_matrix\reading\PAT_5533_reading_WM_ERSP_IPD6_TN.npy,0.0322222222222222,0.0009043927648578,True,1427,3,0.08376157,3
PAT_5533,reading,LM,OFD5,\\nasac-m2.unige.ch\m-HumanNeuronLab\ANALYSIS\FLM\Analysis_LoraFanda\01_FBM_Analysis\outputs\04_ersp_LM_RAWONLY\PAT_5533\LM\ERSP_matrix\reading\PAT_5533_reading_WM_ERSP_OFD5_TN.npy,0.0086046511627906,0.0416795865633074,True,1428,10,0.16756073,10
PAT_5533,reading,LM,SMD3,\\nasac-m2.unige.ch\m-HumanNeuronLab\ANALYSIS\FLM\Analysis_LoraFanda\01_FBM_Analysis\outputs\04_ersp_LM_RAWONLY\PAT_5533\LM\ERSP_matrix\reading\PAT_5533_reading_WM_ERSP_SMD3_TN.npy,0.0304134366925064,0.0056072351421188,True,1429,14,-0.043909322,14
PAT_5533,reading,LM,TPD1,\\nasac-m2.unige.ch\m-HumanNeuronLab\ANALYSIS\FLM\Analysis_LoraFanda\01_FBM_Analysis\outputs\04_ersp_LM_RAWONLY\PAT_5533\LM\ERSP_matrix\reading\PAT_5533_reading_WM_ERSP_TPD1_TN.npy,0.029250645994832,0.0006976744186046,True,1430,3,0.04821524,3
PAT_6684,audio,LM,AG6,\\nasac-m2.unige.ch\m-HumanNeuronLab\ANALYSIS\FLM\Analysis_LoraFanda\01_FBM_Analysis\outputs\04_ersp_LM_RAWONLY\PAT_6684\LM\ERSP_matrix\audio\PAT_6684_audio_WM_ERSP_AG6_TN.npy,0.00984496124031,0.1219896640826873,True,1431,15,0.08384982,15
PAT_6684,audio,LM,FMG1,\\nasac-m2.unige.ch\m-HumanNeuronLab\ANALYSIS\FLM\Analysis_LoraFanda\01_FBM_Analysis\outputs\04_ersp_LM_RAWONLY\PAT_6684\LM\ERSP_matrix\audio\PAT_6684_audio_WM_ERSP_FMG1_TN.npy,0.0312403100775193,0.0017312661498708,True,1432,17,0.104268804,17
PAT_6684,audio,LM,TPG6,\\nasac-m2.unige.ch\m-HumanNeuronLab\ANALYSIS\FLM\Analysis_LoraFanda\01_FBM_Analysis\outputs\04_ersp_LM_RAWONLY\PAT_6684\LM\ERSP_matrix\audio\PAT_6684_audio_WM_ERSP_TPG6_TN.npy,0.005142118863049,0.0447803617571059,True,1433,15,0.08771366,15
PAT_6684,audio,LM,TPG7,\\nasac-m2.unige.ch\m-HumanNeuronLab\ANALYSIS\FLM\Analysis_LoraFanda\01_FBM_Analysis\outputs\04_ersp_LM_RAWONLY\PAT_6684\LM\ERSP_matrix\audio\PAT_6684_audio_WM_ERSP_TPG7_TN.npy,0.0068992248062015,0.0797932816537467,True,1434,15,-0.036726892,15
PAT_6684,audio,LM,TPG8,\\nasac-m2.unige.ch\m-HumanNeuronLab\ANALYSIS\FLM\Analysis_LoraFanda\01_FBM_Analysis\outputs\04_ersp_LM_RAWONLY\PAT_6684\LM\ERSP_matrix\audio\PAT_6684_audio_WM_ERSP_TPG8_TN.npy,0.0087855297157622,0.1394315245478036,True,1435,4,0.12046806,4
PAT_6684,audio,LM,TSP3,\\nasac-m2.unige.ch\m-HumanNeuronLab\ANALYSIS\FLM\Analysis_LoraFanda\01_FBM_Analysis\outputs\04_ersp_LM_RAWONLY\PAT_6684\LM\ERSP_matrix\audio\PAT_6684_audio_WM_ERSP_TSP3_TN.npy,0.0215762273901808,0.0081136950904392,True,1436,7,0.036644932,7
PAT_6684,picture,LM,AG3,\\nasac-m2.unige.ch\m-HumanNeuronLab\ANALYSIS\FLM\Analysis_LoraFanda\01_FBM_Analysis\outputs\04_ersp_LM_RAWONLY\PAT_6684\LM\ERSP_matrix\picture\PAT_6684_picture_WM_ERSP_AG3_TN.npy,0.0204134366925064,0.0019896640826873,True,1437,5,0.021586217,5
PAT_6684,picture,LM,AG6,\\nasac-m2.unige.ch\m-HumanNeuronLab\ANALYSIS\FLM\Analysis_LoraFanda\01_FBM_Analysis\outputs\04_ersp_LM_RAWONLY\PAT_6684\LM\ERSP_matrix\picture\PAT_6684_picture_WM_ERSP_AG6_TN.npy,0.0662532299741602,0.0065891472868217,True,1438,8,-0.028177274,8
PAT_6684,picture,LM,FOL1,\\nasac-m2.unige.ch\m-HumanNeuronLab\ANALYSIS\FLM\Analysis_LoraFanda\01_FBM_Analysis\outputs\04_ersp_LM_RAWONLY\PAT_6684\LM\ERSP_matrix\picture\PAT_6684_picture_WM_ERSP_FOL1_TN.npy,0.0235142118863049,0.0008268733850129,True,1439,5,-0.014613385,5
PAT_6684,picture,LM,FOL4,\\nasac-m2.unige.ch\m-HumanNeuronLab\ANALYSIS\FLM\Analysis_LoraFanda\01_FBM_Analysis\outputs\04_ersp_LM_RAWONLY\PAT_6684\LM\ERSP_matrix\picture\PAT_6684_picture_WM_ERSP_FOL4_TN.npy,0.0201291989664082,0.0004651162790697,True,1440,3,0.010168563,3
PAT_6684,picture,LM,FPG3,\\nasac-m2.unige.ch\m-HumanNeuronLab\ANALYSIS\FLM\Analysis_LoraFanda\01_FBM_Analysis\outputs\04_ersp_LM_RAWONLY\PAT_6684\LM\ERSP_matrix\picture\PAT_6684_picture_WM_ERSP_FPG3_TN.npy,0.0206459948320413,0.0010077519379844,True,1441,5,-0.031096539,5
PAT_6684,picture,LM,FPG4,\\nasac-m2.unige.ch\m-HumanNeuronLab\ANALYSIS\FLM\Analysis_LoraFanda\01_FBM_Analysis\outputs\04_ersp_LM_RAWONLY\PAT_6684\LM\ERSP_matrix\picture\PAT_6684_picture_WM_ERSP_FPG4_TN.npy,0.02328165374677,0.0007235142118863,True,1442,5,-0.012004196,5
PAT_6684,picture,LM,HAG3,\\nasac-m2.unige.ch\m-HumanNeuronLab\ANALYSIS\FLM\Analysis_LoraFanda\01_FBM_Analysis\outputs\04_ersp_LM_RAWONLY\PAT_6684\LM\ERSP_matrix\picture\PAT_6684_picture_WM_ERSP_HAG3_TN.npy,0.0241085271317829,0.001860465116279,True,1443,5,0.09849145,5
PAT_6684,picture,LM,HAG4,\\nasac-m2.unige.ch\m-HumanNeuronLab\ANALYSIS\FLM\Analysis_LoraFanda\01_FBM_Analysis\outputs\04_ersp_LM_RAWONLY\PAT_6684\LM\ERSP_matrix\picture\PAT_6684_picture_WM_ERSP_HAG4_TN.npy,0.0288630490956072,0.0028682170542635,True,1444,5,0.11853636,5
PAT_6684,picture,LM,HAG7,\\nasac-m2.unige.ch\m-HumanNeuronLab\ANALYSIS\FLM\Analysis_LoraFanda\01_FBM_Analysis\outputs\04_ersp_LM_RAWONLY\PAT_6684\LM\ERSP_matrix\picture\PAT_6684_picture_WM_ERSP_HAG7_TN.npy,0.0341085271317829,0.005297157622739,True,1445,5,0.1609349,5
PAT_6684,picture,LM,HAG8,\\nasac-m2.unige.ch\m-HumanNeuronLab\ANALYSIS\FLM\Analysis_LoraFanda\01_FBM_Analysis\outputs\04_ersp_LM_RAWONLY\PAT_6684\LM\ERSP_matrix\picture\PAT_6684_picture_WM_ERSP_HAG8_TN.npy,0.0503617571059431,0.0055297157622739,True,1446,5,0.176314,5
PAT_6684,picture,LM,HPG5,\\nasac-m2.unige.ch\m-HumanNeuronLab\ANALYSIS\FLM\Analysis_LoraFanda\01_FBM_Analysis\outputs\04_ersp_LM_RAWONLY\PAT_6684\LM\ERSP_matrix\picture\PAT_6684_picture_WM_ERSP_HPG5_TN.npy,0.0204134366925064,0.0017312661498708,True,1447,5,0.10090031,5
PAT_6684,picture,LM,HPG6,\\nasac-m2.unige.ch\m-HumanNeuronLab\ANALYSIS\FLM\Analysis_LoraFanda\01_FBM_Analysis\outputs\04_ersp_LM_RAWONLY\PAT_6684\LM\ERSP_matrix\picture\PAT_6684_picture_WM_ERSP_HPG6_TN.npy,0.0288630490956072,0.0017829457364341,True,1448,5,0.12057158,5
PAT_6684,picture,LM,HPG7,\\nasac-m2.unige.ch\m-HumanNeuronLab\ANALYSIS\FLM\Analysis_LoraFanda\01_FBM_Analysis\outputs\04_ersp_LM_RAWONLY\PAT_6684\LM\ERSP_matrix\picture\PAT_6684_picture_WM_ERSP_HPG7_TN.npy,0.0268475452196382,0.0017829457364341,True,1449,5,0.11673411,5
PAT_6684,picture,LM,HPG8,\\nasac-m2.unige.ch\m-HumanNeuronLab\ANALYSIS\FLM\Analysis_LoraFanda\01_FBM_Analysis\outputs\04_ersp_LM_RAWONLY\PAT_6684\LM\ERSP_matrix\picture\PAT_6684_picture_WM_ERSP_HPG8_TN.npy,0.0327648578811369,0.0019896640826873,True,1450,5,0.09379987,5
PAT_6684,picture,LM,HPG9,\\nasac-m2.unige.ch\m-HumanNeuronLab\ANALYSIS\FLM\Analysis_LoraFanda\01_FBM_Analysis\outputs\04_ersp_LM_RAWONLY\PAT_6684\LM\ERSP_matrix\picture\PAT_6684_picture_WM_ERSP_HPG9_TN.npy,0.0378811369509043,0.0040826873385012,True,1451,5,0.12687506,5
PAT_6684,picture,LM,IMG18,\\nasac-m2.unige.ch\m-HumanNeuronLab\ANALYSIS\FLM\Analysis_LoraFanda\01_FBM_Analysis\outputs\04_ersp_LM_RAWONLY\PAT_6684\LM\ERSP_matrix\picture\PAT_6684_picture_WM_ERSP_IMG18_TN.npy,0.0283204134366925,0.0075193798449612,True,1452,5,0.019719139,5
PAT_6684,picture,LM,OFG5,\\nasac-m2.unige.ch\m-HumanNeuronLab\ANALYSIS\FLM\Analysis_LoraFanda\01_FBM_Analysis\outputs\04_ersp_LM_RAWONLY\PAT_6684\LM\ERSP_matrix\picture\PAT_6684_picture_WM_ERSP_OFG5_TN.npy,0.0212403100775193,0.008656330749354,True,1453,14,-0.044036034,14
PAT_6684,picture,LM,TPG1,\\nasac-m2.unige.ch\m-HumanNeuronLab\ANALYSIS\FLM\Analysis_LoraFanda\01_FBM_Analysis\outputs\04_ersp_LM_RAWONLY\PAT_6684\LM\ERSP_matrix\picture\PAT_6684_picture_WM_ERSP_TPG1_TN.npy,0.0386821705426356,0.0018087855297157,True,1454,18,-0.0062246253,18
PAT_6684,picture,LM,TPG2,\\nasac-m2.unige.ch\m-HumanNeuronLab\ANALYSIS\FLM\Analysis_LoraFanda\01_FBM_Analysis\outputs\04_ersp_LM_RAWONLY\PAT_6684\LM\ERSP_matrix\picture\PAT_6684_picture_WM_ERSP_TPG2_TN.npy,0.0301808785529715,0.0021963824289405,True,1455,7,0.03854174,7
PAT_6684,picture,LM,TPG4,\\nasac-m2.unige.ch\m-HumanNeuronLab\ANALYSIS\FLM\Analysis_LoraFanda\01_FBM_Analysis\outputs\04_ersp_LM_RAWONLY\PAT_6684\LM\ERSP_matrix\picture\PAT_6684_picture_WM_ERSP_TPG4_TN.npy,0.0244961240310077,0.0023255813953488,True,1456,7,0.027455296,7
PAT_6684,picture,LM,TPG8,\\nasac-m2.unige.ch\m-HumanNeuronLab\ANALYSIS\FLM\Analysis_LoraFanda\01_FBM_Analysis\outputs\04_ersp_LM_RAWONLY\PAT_6684\LM\ERSP_matrix\picture\PAT_6684_picture_WM_ERSP_TPG8_TN.npy,0.0205426356589147,0.0042377260981912,True,1457,9,0.046936683,9
PAT_6684,picture,LM,TSP2,\\nasac-m2.unige.ch\m-HumanNeuronLab\ANALYSIS\FLM\Analysis_LoraFanda\01_FBM_Analysis\outputs\04_ersp_LM_RAWONLY\PAT_6684\LM\ERSP_matrix\picture\PAT_6684_picture_WM_ERSP_TSP2_TN.npy,0.0328423772609819,0.0036175710594315,True,1458,5,0.13492428,5
PAT_6684,picture,LM,TSP5,\\nasac-m2.unige.ch\m-HumanNeuronLab\ANALYSIS\FLM\Analysis_LoraFanda\01_FBM_Analysis\outputs\04_ersp_LM_RAWONLY\PAT_6684\LM\ERSP_matrix\picture\PAT_6684_picture_WM_ERSP_TSP5_TN.npy,0.0207235142118863,0.0134366925064599,True,1459,5,0.10995971,5
PAT_6684,reading,LM,AG6,\\nasac-m2.unige.ch\m-HumanNeuronLab\ANALYSIS\FLM\Analysis_LoraFanda\01_FBM_Analysis\outputs\04_ersp_LM_RAWONLY\PAT_6684\LM\ERSP_matrix\reading\PAT_6684_reading_WM_ERSP_AG6_TN.npy,0.0015762273901808,0.0468217054263565,True,1460,15,0.026918784,15
PAT_6684,reading,LM,TPG1,\\nasac-m2.unige.ch\m-HumanNeuronLab\ANALYSIS\FLM\Analysis_LoraFanda\01_FBM_Analysis\outputs\04_ersp_LM_RAWONLY\PAT_6684\LM\ERSP_matrix\reading\PAT_6684_reading_WM_ERSP_TPG1_TN.npy,0.0285529715762273,0.0294056847545219,True,1461,7,0.090682484,7
PAT_6684,reading,LM,TPG2,\\nasac-m2.unige.ch\m-HumanNeuronLab\ANALYSIS\FLM\Analysis_LoraFanda\01_FBM_Analysis\outputs\04_ersp_LM_RAWONLY\PAT_6684\LM\ERSP_matrix\reading\PAT_6684_reading_WM_ERSP_TPG2_TN.npy,0.0227131782945736,0.0215503875968992,True,1462,7,0.08815022,7
PAT_6684,reading,LM,TPG5,\\nasac-m2.unige.ch\m-HumanNeuronLab\ANALYSIS\FLM\Analysis_LoraFanda\01_FBM_Analysis\outputs\04_ersp_LM_RAWONLY\PAT_6684\LM\ERSP_matrix\reading\PAT_6684_reading_WM_ERSP_TPG5_TN.npy,0.0086304909560723,0.0441343669250646,True,1463,1,0.0043193796,1
PAT_6684,reading,LM,TPG6,\\nasac-m2.unige.ch\m-HumanNeuronLab\ANALYSIS\FLM\Analysis_LoraFanda\01_FBM_Analysis\outputs\04_ersp_LM_RAWONLY\PAT_6684\LM\ERSP_matrix\reading\PAT_6684_reading_WM_ERSP_TPG6_TN.npy,0.0041860465116279,0.0528682170542635,True,1464,1,0.043618333,1
PAT_6684,reading,LM,TPG7,\\nasac-m2.unige.ch\m-HumanNeuronLab\ANALYSIS\FLM\Analysis_LoraFanda\01_FBM_Analysis\outputs\04_ersp_LM_RAWONLY\PAT_6684\LM\ERSP_matrix\reading\PAT_6684_reading_WM_ERSP_TPG7_TN.npy,0.0036434108527131,0.0714470284237726,True,1465,1,0.12564886,1
PAT_6684,reading,LM,TPG8,\\nasac-m2.unige.ch\m-HumanNeuronLab\ANALYSIS\FLM\Analysis_LoraFanda\01_FBM_Analysis\outputs\04_ersp_LM_RAWONLY\PAT_6684\LM\ERSP_matrix\reading\PAT_6684_reading_WM_ERSP_TPG8_TN.npy,0.002532299741602,0.0890180878552971,True,1466,1,0.0867461,1
PAT_6704,audio,LM,AD12,\\nasac-m2.unige.ch\m-HumanNeuronLab\ANALYSIS\FLM\Analysis_LoraFanda\01_FBM_Analysis\outputs\04_ersp_LM_RAWONLY\PAT_6704\LM\ERSP_matrix\audio\PAT_6704_audio_WM_ERSP_AD12_TN.npy,0.029250645994832,0.065219638242894,True,1467,8,-0.056714084,8
PAT_6704,audio,LM,IPD5,\\nasac-m2.unige.ch\m-HumanNeuronLab\ANALYSIS\FLM\Analysis_LoraFanda\01_FBM_Analysis\outputs\04_ersp_LM_RAWONLY\PAT_6704\LM\ERSP_matrix\audio\PAT_6704_audio_WM_ERSP_IPD5_TN.npy,0.0242118863049095,0.0016537467700258,True,1468,18,0.025387857,18
PAT_6704,audio,LM,POD3,\\nasac-m2.unige.ch\m-HumanNeuronLab\ANALYSIS\FLM\Analysis_LoraFanda\01_FBM_Analysis\outputs\04_ersp_LM_RAWONLY\PAT_6704\LM\ERSP_matrix\audio\PAT_6704_audio_WM_ERSP_POD3_TN.npy,0.0202325581395348,0.0012919896640826,True,1469,7,0.044711005,7
PAT_6704,audio,LM,THD2,\\nasac-m2.unige.ch\m-HumanNeuronLab\ANALYSIS\FLM\Analysis_LoraFanda\01_FBM_Analysis\outputs\04_ersp_LM_RAWONLY\PAT_6704\LM\ERSP_matrix\audio\PAT_6704_audio_WM_ERSP_THD2_TN.npy,0.0336692506459948,0.0010594315245478,True,1470,18,0.05242972,18
PAT_6704,picture,LM,AD12,\\nasac-m2.unige.ch\m-HumanNeuronLab\ANALYSIS\FLM\Analysis_LoraFanda\01_FBM_Analysis\outputs\04_ersp_LM_RAWONLY\PAT_6704\LM\ERSP_matrix\picture\PAT_6704_picture_WM_ERSP_AD12_TN.npy,0.0462532299741602,0.02984496124031,True,1471,8,0.0115200775,8
PAT_6704,reading,LM,AD10,\\nasac-m2.unige.ch\m-HumanNeuronLab\ANALYSIS\FLM\Analysis_LoraFanda\01_FBM_Analysis\outputs\04_ersp_LM_RAWONLY\PAT_6704\LM\ERSP_matrix\reading\PAT_6704_reading_WM_ERSP_AD10_TN.npy,0.0550129198966408,0.0006201550387596,True,1472,12,0.15357043,12
PAT_6704,reading,LM,AD11,\\nasac-m2.unige.ch\m-HumanNeuronLab\ANALYSIS\FLM\Analysis_LoraFanda\01_FBM_Analysis\outputs\04_ersp_LM_RAWONLY\PAT_6704\LM\ERSP_matrix\reading\PAT_6704_reading_WM_ERSP_AD11_TN.npy,0.0880103359173126,0.0011627906976744,True,1473,12,0.11597887,12
PAT_6704,reading,LM,AD12,\\nasac-m2.unige.ch\m-HumanNeuronLab\ANALYSIS\FLM\Analysis_LoraFanda\01_FBM_Analysis\outputs\04_ersp_LM_RAWONLY\PAT_6704\LM\ERSP_matrix\reading\PAT_6704_reading_WM_ERSP_AD12_TN.npy,0.1631782945736434,0.0040826873385012,True,1474,19,0.012859449,19
PAT_6704,reading,LM,AD4,\\nasac-m2.unige.ch\m-HumanNeuronLab\ANALYSIS\FLM\Analysis_LoraFanda\01_FBM_Analysis\outputs\04_ersp_LM_RAWONLY\PAT_6704\LM\ERSP_matrix\reading\PAT_6704_reading_WM_ERSP_AD4_TN.npy,0.0245994832041343,0.0006459948320413,True,1475,17,0.11597423,17
PAT_6704,reading,LM,AD5,\\nasac-m2.unige.ch\m-HumanNeuronLab\ANALYSIS\FLM\Analysis_LoraFanda\01_FBM_Analysis\outputs\04_ersp_LM_RAWONLY\PAT_6704\LM\ERSP_matrix\reading\PAT_6704_reading_WM_ERSP_AD5_TN.npy,0.0301808785529715,0.0004909560723514,True,1476,17,0.024474904,17
PAT_6704,reading,LM,AD6,\\nasac-m2.unige.ch\m-HumanNeuronLab\ANALYSIS\FLM\Analysis_LoraFanda\01_FBM_Analysis\outputs\04_ersp_LM_RAWONLY\PAT_6704\LM\ERSP_matrix\reading\PAT_6704_reading_WM_ERSP_AD6_TN.npy,0.025142118863049,0.0005684754521963,True,1477,6,0.057538085,6
PAT_6704,reading,LM,AD7,\\nasac-m2.unige.ch\m-HumanNeuronLab\ANALYSIS\FLM\Analysis_LoraFanda\01_FBM_Analysis\outputs\04_ersp_LM_RAWONLY\PAT_6704\LM\ERSP_matrix\reading\PAT_6704_reading_WM_ERSP_AD7_TN.npy,0.024470284237726,0.0008527131782945,True,1478,6,-0.048725344,6
PAT_6704,reading,LM,AD9,\\nasac-m2.unige.ch\m-HumanNeuronLab\ANALYSIS\FLM\Analysis_LoraFanda\01_FBM_Analysis\outputs\04_ersp_LM_RAWONLY\PAT_6704\LM\ERSP_matrix\reading\PAT_6704_reading_WM_ERSP_AD9_TN.npy,0.0359173126614987,0.0003617571059431,True,1479,12,0.1667991,12
PAT_6704,reading,LM,HAD3,\\nasac-m2.unige.ch\m-HumanNeuronLab\ANALYSIS\FLM\Analysis_LoraFanda\01_FBM_Analysis\outputs\04_ersp_LM_RAWONLY\PAT_6704\LM\ERSP_matrix\reading\PAT_6704_reading_WM_ERSP_HAD3_TN.npy,0.0264341085271317,0.0003875968992248,True,1480,17,0.01063378,17
PAT_6704,reading,LM,HAD5,\\nasac-m2.unige.ch\m-HumanNeuronLab\ANALYSIS\FLM\Analysis_LoraFanda\01_FBM_Analysis\outputs\04_ersp_LM_RAWONLY\PAT_6704\LM\ERSP_matrix\reading\PAT_6704_reading_WM_ERSP_HAD5_TN.npy,0.0214470284237726,0.0003875968992248,True,1481,5,-0.0019547024,5
PAT_6704,reading,LM,HAD6,\\nasac-m2.unige.ch\m-HumanNeuronLab\ANALYSIS\FLM\Analysis_LoraFanda\01_FBM_Analysis\outputs\04_ersp_LM_RAWONLY\PAT_6704\LM\ERSP_matrix\reading\PAT_6704_reading_WM_ERSP_HAD6_TN.npy,0.0231007751937984,0.0013436692506459,True,1482,5,-0.028791478,5
PAT_6704,reading,LM,HAD8,\\nasac-m2.unige.ch\m-HumanNeuronLab\ANALYSIS\FLM\Analysis_LoraFanda\01_FBM_Analysis\outputs\04_ersp_LM_RAWONLY\PAT_6704\LM\ERSP_matrix\reading\PAT_6704_reading_WM_ERSP_HAD8_TN.npy,0.0253229974160206,0.0008010335917312,True,1483,12,0.09891284,12
PAT_6704,reading,LM,HAD9,\\nasac-m2.unige.ch\m-HumanNeuronLab\ANALYSIS\FLM\Analysis_LoraFanda\01_FBM_Analysis\outputs\04_ersp_LM_RAWONLY\PAT_6704\LM\ERSP_matrix\reading\PAT_6704_reading_WM_ERSP_HAD9_TN.npy,0.0200516795865633,0.0115503875968992,True,1484,16,0.08352828,16
PAT_6704,reading,LM,IMD10,\\nasac-m2.unige.ch\m-HumanNeuronLab\ANALYSIS\FLM\Analysis_LoraFanda\01_FBM_Analysis\outputs\04_ersp_LM_RAWONLY\PAT_6704\LM\ERSP_matrix\reading\PAT_6704_reading_WM_ERSP_IMD10_TN.npy,0.0271059431524547,0.0001550387596899,True,1485,6,-0.011084067,6
PAT_6704,reading,LM,IMD9,\\nasac-m2.unige.ch\m-HumanNeuronLab\ANALYSIS\FLM\Analysis_LoraFanda\01_FBM_Analysis\outputs\04_ersp_LM_RAWONLY\PAT_6704\LM\ERSP_matrix\reading\PAT_6704_reading_WM_ERSP_IMD9_TN.npy,0.0211111111111111,0.0003100775193798,True,1486,6,0.038647626,6
PAT_6704,reading,LM,POD3,\\nasac-m2.unige.ch\m-HumanNeuronLab\ANALYSIS\FLM\Analysis_LoraFanda\01_FBM_Analysis\outputs\04_ersp_LM_RAWONLY\PAT_6704\LM\ERSP_matrix\reading\PAT_6704_reading_WM_ERSP_POD3_TN.npy,0.0326614987080103,0.0002583979328165,True,1487,3,-0.029880045,3
PAT_6704,reading,LM,POD8,\\nasac-m2.unige.ch\m-HumanNeuronLab\ANALYSIS\FLM\Analysis_LoraFanda\01_FBM_Analysis\outputs\04_ersp_LM_RAWONLY\PAT_6704\LM\ERSP_matrix\reading\PAT_6704_reading_WM_ERSP_POD8_TN.npy,0.0410594315245478,0.0019638242894056,True,1488,14,-0.07809133,14
PAT_6704,reading,LM,SMD15,\\nasac-m2.unige.ch\m-HumanNeuronLab\ANALYSIS\FLM\Analysis_LoraFanda\01_FBM_Analysis\outputs\04_ersp_LM_RAWONLY\PAT_6704\LM\ERSP_matrix\reading\PAT_6704_reading_WM_ERSP_SMD15_TN.npy,0.070594315245478,0.0029457364341085,True,1489,9,-0.014801886,9
PAT_6704,reading,LM,THD2,\\nasac-m2.unige.ch\m-HumanNeuronLab\ANALYSIS\FLM\Analysis_LoraFanda\01_FBM_Analysis\outputs\04_ersp_LM_RAWONLY\PAT_6704\LM\ERSP_matrix\reading\PAT_6704_reading_WM_ERSP_THD2_TN.npy,0.0237467700258397,0.0002325581395348,True,1490,3,-0.040756736,3
PAT_6704,reading,LM,THD8,\\nasac-m2.unige.ch\m-HumanNeuronLab\ANALYSIS\FLM\Analysis_LoraFanda\01_FBM_Analysis\outputs\04_ersp_LM_RAWONLY\PAT_6704\LM\ERSP_matrix\reading\PAT_6704_reading_WM_ERSP_THD8_TN.npy,0.0428423772609819,0.0087080103359173,True,1491,9,0.06100392,9
PAT_6704,reading,LM,TPD1,\\nasac-m2.unige.ch\m-HumanNeuronLab\ANALYSIS\FLM\Analysis_LoraFanda\01_FBM_Analysis\outputs\04_ersp_LM_RAWONLY\PAT_6704\LM\ERSP_matrix\reading\PAT_6704_reading_WM_ERSP_TPD1_TN.npy,0.0303875968992248,0.0012919896640826,True,1492,6,0.044734873,6
PAT_6704,reading,LM,TPD3,\\nasac-m2.unige.ch\m-HumanNeuronLab\ANALYSIS\FLM\Analysis_LoraFanda\01_FBM_Analysis\outputs\04_ersp_LM_RAWONLY\PAT_6704\LM\ERSP_matrix\reading\PAT_6704_reading_WM_ERSP_TPD3_TN.npy,0.0269767441860465,0.001266149870801,True,1493,7,-0.045288447,7
PAT_6704,reading,LM,TPD4,\\nasac-m2.unige.ch\m-HumanNeuronLab\ANALYSIS\FLM\Analysis_LoraFanda\01_FBM_Analysis\outputs\04_ersp_LM_RAWONLY\PAT_6704\LM\ERSP_matrix\reading\PAT_6704_reading_WM_ERSP_TPD4_TN.npy,0.0265116279069767,0.0005684754521963,True,1494,6,-0.02195865,6
PAT_6704,reading,LM,TPD5,\\nasac-m2.unige.ch\m-HumanNeuronLab\ANALYSIS\FLM\Analysis_LoraFanda\01_FBM_Analysis\outputs\04_ersp_LM_RAWONLY\PAT_6704\LM\ERSP_matrix\reading\PAT_6704_reading_WM_ERSP_TPD5_TN.npy,0.0272093023255813,0.0011369509043927,True,1495,6,-0.022723418,6
PAT_6704,reading,LM,TPD6,\\nasac-m2.unige.ch\m-HumanNeuronLab\ANALYSIS\FLM\Analysis_LoraFanda\01_FBM_Analysis\outputs\04_ersp_LM_RAWONLY\PAT_6704\LM\ERSP_matrix\reading\PAT_6704_reading_WM_ERSP_TPD6_TN.npy,0.0311111111111111,0.0007235142118863,True,1496,12,0.08588823,12
PAT_6704,reading,LM,TPD7,\\nasac-m2.unige.ch\m-HumanNeuronLab\ANALYSIS\FLM\Analysis_LoraFanda\01_FBM_Analysis\outputs\04_ersp_LM_RAWONLY\PAT_6704\LM\ERSP_matrix\reading\PAT_6704_reading_WM_ERSP_TPD7_TN.npy,0.0380103359173126,0.0010594315245478,True,1497,12,0.09052755,12
PAT_6704,reading,LM,TPD8,\\nasac-m2.unige.ch\m-HumanNeuronLab\ANALYSIS\FLM\Analysis_LoraFanda\01_FBM_Analysis\outputs\04_ersp_LM_RAWONLY\PAT_6704\LM\ERSP_matrix\reading\PAT_6704_reading_WM_ERSP_TPD8_TN.npy,0.0448578811369509,0.0006976744186046,True,1498,12,0.08804872,12
PAT_6704,reading,LM,TPD9,\\nasac-m2.unige.ch\m-HumanNeuronLab\ANALYSIS\FLM\Analysis_LoraFanda\01_FBM_Analysis\outputs\04_ersp_LM_RAWONLY\PAT_6704\LM\ERSP_matrix\reading\PAT_6704_reading_WM_ERSP_TPD9_TN.npy,0.0888630490956072,0.0010852713178294,True,1499,19,-0.02941913,19
PAT_6704,reading,LM,TSD2,\\nasac-m2.unige.ch\m-HumanNeuronLab\ANALYSIS\FLM\Analysis_LoraFanda\01_FBM_Analysis\outputs\04_ersp_LM_RAWONLY\PAT_6704\LM\ERSP_matrix\reading\PAT_6704_reading_WM_ERSP_TSD2_TN.npy,0.020671834625323,0.0005684754521963,True,1500,18,-0.05733753,18
PAT_6854,audio,LM,AD4,\\nasac-m2.unige.ch\m-HumanNeuronLab\ANALYSIS\FLM\Analysis_LoraFanda\01_FBM_Analysis\outputs\04_ersp_LM_RAWONLY\PAT_6854\LM\ERSP_matrix\audio\PAT_6854_audio_WM_ERSP_AD4_TN.npy,0.0274418604651162,0.0017571059431524,True,1501,3,0.13012417,3
PAT_6854,audio,LM,AD5,\\nasac-m2.unige.ch\m-HumanNeuronLab\ANALYSIS\FLM\Analysis_LoraFanda\01_FBM_Analysis\outputs\04_ersp_LM_RAWONLY\PAT_6854\LM\ERSP_matrix\audio\PAT_6854_audio_WM_ERSP_AD5_TN.npy,0.0237984496124031,0.0014728682170542,True,1502,3,0.08350542,3
PAT_6854,audio,LM,AD6,\\nasac-m2.unige.ch\m-HumanNeuronLab\ANALYSIS\FLM\Analysis_LoraFanda\01_FBM_Analysis\outputs\04_ersp_LM_RAWONLY\PAT_6854\LM\ERSP_matrix\audio\PAT_6854_audio_WM_ERSP_AD6_TN.npy,0.0215245478036175,0.0005684754521963,True,1503,3,0.04577586,3
PAT_6854,audio,LM,HAD5,\\nasac-m2.unige.ch\m-HumanNeuronLab\ANALYSIS\FLM\Analysis_LoraFanda\01_FBM_Analysis\outputs\04_ersp_LM_RAWONLY\PAT_6854\LM\ERSP_matrix\audio\PAT_6854_audio_WM_ERSP_HAD5_TN.npy,0.0213178294573643,0.0008527131782945,True,1504,3,0.09806494,3
PAT_6854,audio,LM,HAD6,\\nasac-m2.unige.ch\m-HumanNeuronLab\ANALYSIS\FLM\Analysis_LoraFanda\01_FBM_Analysis\outputs\04_ersp_LM_RAWONLY\PAT_6854\LM\ERSP_matrix\audio\PAT_6854_audio_WM_ERSP_HAD6_TN.npy,0.02656330749354,0.000594315245478,True,1505,3,0.06848594,3
PAT_6854,audio,LM,HAD7,\\nasac-m2.unige.ch\m-HumanNeuronLab\ANALYSIS\FLM\Analysis_LoraFanda\01_FBM_Analysis\outputs\04_ersp_LM_RAWONLY\PAT_6854\LM\ERSP_matrix\audio\PAT_6854_audio_WM_ERSP_HAD7_TN.npy,0.0280103359173126,0.0008268733850129,True,1506,3,0.08348132,3
PAT_6854,audio,LM,HAD8,\\nasac-m2.unige.ch\m-HumanNeuronLab\ANALYSIS\FLM\Analysis_LoraFanda\01_FBM_Analysis\outputs\04_ersp_LM_RAWONLY\PAT_6854\LM\ERSP_matrix\audio\PAT_6854_audio_WM_ERSP_HAD8_TN.npy,0.0304909560723514,0.0005684754521963,True,1507,3,0.09281917,3
PAT_6854,audio,LM,HAD9,\\nasac-m2.unige.ch\m-HumanNeuronLab\ANALYSIS\FLM\Analysis_LoraFanda\01_FBM_Analysis\outputs\04_ersp_LM_RAWONLY\PAT_6854\LM\ERSP_matrix\audio\PAT_6854_audio_WM_ERSP_HAD9_TN.npy,0.02656330749354,0.0016795865633074,True,1508,3,0.060031984,3
PAT_6854,audio,LM,IAG6,\\nasac-m2.unige.ch\m-HumanNeuronLab\ANALYSIS\FLM\Analysis_LoraFanda\01_FBM_Analysis\outputs\04_ersp_LM_RAWONLY\PAT_6854\LM\ERSP_matrix\audio\PAT_6854_audio_WM_ERSP_IAG6_TN.npy,0.027157622739018,0.0075710594315245,True,1509,14,0.039501112,14
PAT_6854,audio,LM,IMG12,\\nasac-m2.unige.ch\m-HumanNeuronLab\ANALYSIS\FLM\Analysis_LoraFanda\01_FBM_Analysis\outputs\04_ersp_LM_RAWONLY\PAT_6854\LM\ERSP_matrix\audio\PAT_6854_audio_WM_ERSP_IMG12_TN.npy,0.0205684754521963,0.0085529715762273,True,1510,14,0.12089621,14
PAT_6854,picture,LM,AG9,\\nasac-m2.unige.ch\m-HumanNeuronLab\ANALYSIS\FLM\Analysis_LoraFanda\01_FBM_Analysis\outputs\04_ersp_LM_RAWONLY\PAT_6854\LM\ERSP_matrix\picture\PAT_6854_picture_WM_ERSP_AG9_TN.npy,0.0023514211886304,0.065813953488372,True,1511,7,0.057572935,7
PAT_6854,picture,LM,HAD2,\\nasac-m2.unige.ch\m-HumanNeuronLab\ANALYSIS\FLM\Analysis_LoraFanda\01_FBM_Analysis\outputs\04_ersp_LM_RAWONLY\PAT_6854\LM\ERSP_matrix\picture\PAT_6854_picture_WM_ERSP_HAD2_TN.npy,0.0216279069767441,0.000594315245478,True,1512,17,0.06958683,17
PAT_6854,picture,LM,HAD7,\\nasac-m2.unige.ch\m-HumanNeuronLab\ANALYSIS\FLM\Analysis_LoraFanda\01_FBM_Analysis\outputs\04_ersp_LM_RAWONLY\PAT_6854\LM\ERSP_matrix\picture\PAT_6854_picture_WM_ERSP_HAD7_TN.npy,0.0221705426356589,0.000594315245478,True,1513,3,-0.015142024,3
PAT_6854,picture,LM,HAG1,\\nasac-m2.unige.ch\m-HumanNeuronLab\ANALYSIS\FLM\Analysis_LoraFanda\01_FBM_Analysis\outputs\04_ersp_LM_RAWONLY\PAT_6854\LM\ERSP_matrix\picture\PAT_6854_picture_WM_ERSP_HAG1_TN.npy,0.029173126614987,0.0015503875968992,True,1514,18,0.051328585,18
PAT_6854,picture,LM,HAG9,\\nasac-m2.unige.ch\m-HumanNeuronLab\ANALYSIS\FLM\Analysis_LoraFanda\01_FBM_Analysis\outputs\04_ersp_LM_RAWONLY\PAT_6854\LM\ERSP_matrix\picture\PAT_6854_picture_WM_ERSP_HAG9_TN.npy,0.0017054263565891,0.0634108527131783,True,1515,7,0.06371363,7
PAT_6854,picture,LM,IMG12,\\nasac-m2.unige.ch\m-HumanNeuronLab\ANALYSIS\FLM\Analysis_LoraFanda\01_FBM_Analysis\outputs\04_ersp_LM_RAWONLY\PAT_6854\LM\ERSP_matrix\picture\PAT_6854_picture_WM_ERSP_IMG12_TN.npy,0.0345994832041343,0.0099483204134366,True,1516,14,0.07060672,14
PAT_6854,picture,LM,IMG3,\\nasac-m2.unige.ch\m-HumanNeuronLab\ANALYSIS\FLM\Analysis_LoraFanda\01_FBM_Analysis\outputs\04_ersp_LM_RAWONLY\PAT_6854\LM\ERSP_matrix\picture\PAT_6854_picture_WM_ERSP_IMG3_TN.npy,0.0250387596899224,0.0025581395348837,True,1517,5,0.03891566,5
PAT_6854,picture,LM,OPG3,\\nasac-m2.unige.ch\m-HumanNeuronLab\ANALYSIS\FLM\Analysis_LoraFanda\01_FBM_Analysis\outputs\04_ersp_LM_RAWONLY\PAT_6854\LM\ERSP_matrix\picture\PAT_6854_picture_WM_ERSP_OPG3_TN.npy,0.0325581395348837,0.0035142118863049,True,1518,14,-0.0574649,14
PAT_6854,picture,LM,OPG4,\\nasac-m2.unige.ch\m-HumanNeuronLab\ANALYSIS\FLM\Analysis_LoraFanda\01_FBM_Analysis\outputs\04_ersp_LM_RAWONLY\PAT_6854\LM\ERSP_matrix\picture\PAT_6854_picture_WM_ERSP_OPG4_TN.npy,0.0302067183462532,0.007829457364341,True,1519,14,-0.012687117,14
PAT_6854,picture,LM,TPG6,\\nasac-m2.unige.ch\m-HumanNeuronLab\ANALYSIS\FLM\Analysis_LoraFanda\01_FBM_Analysis\outputs\04_ersp_LM_RAWONLY\PAT_6854\LM\ERSP_matrix\picture\PAT_6854_picture_WM_ERSP_TPG6_TN.npy,0.0268992248062015,0.001860465116279,True,1520,17,0.08646688,17
PAT_6854,picture,LM,TPG7,\\nasac-m2.unige.ch\m-HumanNeuronLab\ANALYSIS\FLM\Analysis_LoraFanda\01_FBM_Analysis\outputs\04_ersp_LM_RAWONLY\PAT_6854\LM\ERSP_matrix\picture\PAT_6854_picture_WM_ERSP_TPG7_TN.npy,0.0343152454780361,0.0022739018087855,True,1521,17,0.1559377,17
PAT_6854,reading,LM,AG1,\\nasac-m2.unige.ch\m-HumanNeuronLab\ANALYSIS\FLM\Analysis_LoraFanda\01_FBM_Analysis\outputs\04_ersp_LM_RAWONLY\PAT_6854\LM\ERSP_matrix\reading\PAT_6854_reading_WM_ERSP_AG1_TN.npy,0.0366925064599483,0.0006201550387596,True,1522,6,0.098553814,6
PAT_6854,reading,LM,AG2,\\nasac-m2.unige.ch\m-HumanNeuronLab\ANALYSIS\FLM\Analysis_LoraFanda\01_FBM_Analysis\outputs\04_ersp_LM_RAWONLY\PAT_6854\LM\ERSP_matrix\reading\PAT_6854_reading_WM_ERSP_AG2_TN.npy,0.0390439276485788,0.0004651162790697,True,1523,6,0.10514687,6
PAT_6854,reading,LM,AG3,\\nasac-m2.unige.ch\m-HumanNeuronLab\ANALYSIS\FLM\Analysis_LoraFanda\01_FBM_Analysis\outputs\04_ersp_LM_RAWONLY\PAT_6854\LM\ERSP_matrix\reading\PAT_6854_reading_WM_ERSP_AG3_TN.npy,0.0282170542635658,0.001266149870801,True,1524,6,0.06132988,6
PAT_6854,reading,LM,HAD7,\\nasac-m2.unige.ch\m-HumanNeuronLab\ANALYSIS\FLM\Analysis_LoraFanda\01_FBM_Analysis\outputs\04_ersp_LM_RAWONLY\PAT_6854\LM\ERSP_matrix\reading\PAT_6854_reading_WM_ERSP_HAD7_TN.npy,0.0225839793281653,0.0005426356589147,True,1525,17,0.019505892,17
PAT_6854,reading,LM,HAD8,\\nasac-m2.unige.ch\m-HumanNeuronLab\ANALYSIS\FLM\Analysis_LoraFanda\01_FBM_Analysis\outputs\04_ersp_LM_RAWONLY\PAT_6854\LM\ERSP_matrix\reading\PAT_6854_reading_WM_ERSP_HAD8_TN.npy,0.0207235142118863,0.0009819121447028,True,1526,3,0.06339038,3
PAT_6854,reading,LM,HAG1,\\nasac-m2.unige.ch\m-HumanNeuronLab\ANALYSIS\FLM\Analysis_LoraFanda\01_FBM_Analysis\outputs\04_ersp_LM_RAWONLY\PAT_6854\LM\ERSP_matrix\reading\PAT_6854_reading_WM_ERSP_HAG1_TN.npy,0.0529974160206718,0.0003359173126614,True,1527,6,0.1271688,6
PAT_6854,reading,LM,HAG2,\\nasac-m2.unige.ch\m-HumanNeuronLab\ANALYSIS\FLM\Analysis_LoraFanda\01_FBM_Analysis\outputs\04_ersp_LM_RAWONLY\PAT_6854\LM\ERSP_matrix\reading\PAT_6854_reading_WM_ERSP_HAG2_TN.npy,0.0411111111111111,0.0001291989664082,True,1528,6,0.14285125,6
PAT_6854,reading,LM,IMG11,\\nasac-m2.unige.ch\m-HumanNeuronLab\ANALYSIS\FLM\Analysis_LoraFanda\01_FBM_Analysis\outputs\04_ersp_LM_RAWONLY\PAT_6854\LM\ERSP_matrix\reading\PAT_6854_reading_WM_ERSP_IMG11_TN.npy,0.0310594315245478,0.0154780361757105,True,1529,14,0.1788052,14
PAT_6854,reading,LM,IMG12,\\nasac-m2.unige.ch\m-HumanNeuronLab\ANALYSIS\FLM\Analysis_LoraFanda\01_FBM_Analysis\outputs\04_ersp_LM_RAWONLY\PAT_6854\LM\ERSP_matrix\reading\PAT_6854_reading_WM_ERSP_IMG12_TN.npy,0.0312144702842377,0.0165891472868217,True,1530,14,0.1653128,14
PAT_6854,reading,LM,TBG1,\\nasac-m2.unige.ch\m-HumanNeuronLab\ANALYSIS\FLM\Analysis_LoraFanda\01_FBM_Analysis\outputs\04_ersp_LM_RAWONLY\PAT_6854\LM\ERSP_matrix\reading\PAT_6854_reading_WM_ERSP_TBG1_TN.npy,0.0677002583979328,0.0001550387596899,True,1531,6,0.082713775,6
PAT_6854,reading,LM,TBG2,\\nasac-m2.unige.ch\m-HumanNeuronLab\ANALYSIS\FLM\Analysis_LoraFanda\01_FBM_Analysis\outputs\04_ersp_LM_RAWONLY\PAT_6854\LM\ERSP_matrix\reading\PAT_6854_reading_WM_ERSP_TBG2_TN.npy,0.0706459948320413,0.0001291989664082,True,1532,6,0.09191023,6
PAT_6854,reading,LM,TBG3,\\nasac-m2.unige.ch\m-HumanNeuronLab\ANALYSIS\FLM\Analysis_LoraFanda\01_FBM_Analysis\outputs\04_ersp_LM_RAWONLY\PAT_6854\LM\ERSP_matrix\reading\PAT_6854_reading_WM_ERSP_TBG3_TN.npy,0.0248837209302325,0.0007235142118863,True,1533,3,-0.003344832,3
PAT_6854,reading,LM,TPG1,\\nasac-m2.unige.ch\m-HumanNeuronLab\ANALYSIS\FLM\Analysis_LoraFanda\01_FBM_Analysis\outputs\04_ersp_LM_RAWONLY\PAT_6854\LM\ERSP_matrix\reading\PAT_6854_reading_WM_ERSP_TPG1_TN.npy,0.0351421188630491,0.0009302325581395,True,1534,6,0.041342154,6
PAT_6854,reading,LM,TPG2,\\nasac-m2.unige.ch\m-HumanNeuronLab\ANALYSIS\FLM\Analysis_LoraFanda\01_FBM_Analysis\outputs\04_ersp_LM_RAWONLY\PAT_6854\LM\ERSP_matrix\reading\PAT_6854_reading_WM_ERSP_TPG2_TN.npy,0.025813953488372,0.0018863049095607,True,1535,3,-0.014226159,3
PAT_6854,reading,LM,TPG6,\\nasac-m2.unige.ch\m-HumanNeuronLab\ANALYSIS\FLM\Analysis_LoraFanda\01_FBM_Analysis\outputs\04_ersp_LM_RAWONLY\PAT_6854\LM\ERSP_matrix\reading\PAT_6854_reading_WM_ERSP_TPG6_TN.npy,0.0245994832041343,0.0024031007751937,True,1536,17,0.09382243,17
PAT_6854,reading,LM,TPG7,\\nasac-m2.unige.ch\m-HumanNeuronLab\ANALYSIS\FLM\Analysis_LoraFanda\01_FBM_Analysis\outputs\04_ersp_LM_RAWONLY\PAT_6854\LM\ERSP_matrix\reading\PAT_6854_reading_WM_ERSP_TPG7_TN.npy,0.0305684754521963,0.0020155038759689,True,1537,17,0.1132368,17
